severity,name,last_occurred_st,occurrence_times,first_occurred_st,alarm_id,maintenance_status,clearance_status,acknowledgment_status,alarm_source_id,alarm_source_prefix,alarm_year,alarm_month,alarm_day_of_week,alarm_hour
CRITICAL,PHYSICAL PORT DOWN,2015-12-19 01:40:10,1,2015-12-19 01:40:10,2505274.0,NORMAL,MISSING,MISSING,ALARM_SRC_0040,AG,2015.0,12.0,5.0,1.0
CRITICAL,PHYSICAL PORT DOWN,2016-08-25 15:04:22,1,2016-08-25 15:04:22,2505274.0,NORMAL,MISSING,MISSING,ALARM_SRC_0109,AG,2016.0,8.0,3.0,15.0
CRITICAL,PHYSICAL PORT DOWN,2016-12-07 16:46:48,1,2016-12-07 16:46:48,2505274.0,NORMAL,MISSING,MISSING,ALARM_SRC_0040,AG,2016.0,12.0,2.0,16.0
CRITICAL,PHYSICAL PORT DOWN,2016-12-09 17:03:09,1,2016-12-09 17:03:09,2505274.0,NORMAL,MISSING,MISSING,ALARM_SRC_0005,AG,2016.0,12.0,4.0,17.0
CRITICAL,PHYSICAL PORT DOWN,2016-12-10 12:59:13,1,2016-12-10 12:59:13,2505274.0,NORMAL,MISSING,MISSING,ALARM_SRC_0005,AG,2016.0,12.0,5.0,12.0
CRITICAL,PHYSICAL PORT DOWN,2017-04-01 00:27:15,1,2017-04-01 00:27:15,2505274.0,NORMAL,MISSING,MISSING,ALARM_SRC_0124,AG,2017.0,4.0,5.0,0.0
CRITICAL,PHYSICAL PORT DOWN,2017-06-12 18:50:34,1,2017-06-12 18:50:34,2505274.0,NORMAL,MISSING,MISSING,ALARM_SRC_0112,AG,2017.0,6.0,0.0,18.0
CRITICAL,PHYSICAL PORT DOWN,2017-08-29 08:40:40,1,2017-08-29 08:40:40,3074752.0,NORMAL,MISSING,MISSING,ALARM_SRC_1167,CA,2017.0,8.0,1.0,8.0
CRITICAL,PHYSICAL PORT DOWN,2017-09-26 23:51:49,1,2017-09-26 23:51:49,2505274.0,NORMAL,MISSING,MISSING,ALARM_SRC_0124,AG,2017.0,9.0,1.0,23.0
CRITICAL,PHYSICAL PORT DOWN,2017-09-26 23:57:34,1,2017-09-26 23:57:34,2505274.0,NORMAL,MISSING,MISSING,ALARM_SRC_0124,AG,2017.0,9.0,1.0,23.0
CRITICAL,PHYSICAL PORT DOWN,2017-09-27 00:03:33,1,2017-09-27 00:03:33,2505274.0,NORMAL,MISSING,MISSING,ALARM_SRC_0123,AG,2017.0,9.0,2.0,0.0
CRITICAL,PHYSICAL PORT DOWN,2017-12-05 00:08:41,1,2017-12-05 00:08:41,3074752.0,NORMAL,MISSING,MISSING,ALARM_SRC_1168,CA,2017.0,12.0,1.0,0.0
CRITICAL,PHYSICAL PORT DOWN,2017-12-05 00:08:41,1,2017-12-05 00:08:41,3074752.0,NORMAL,MISSING,MISSING,ALARM_SRC_1168,CA,2017.0,12.0,1.0,0.0
CRITICAL,PHYSICAL PORT DOWN,2017-12-05 00:08:46,1,2017-12-05 00:08:46,3074752.0,NORMAL,MISSING,MISSING,ALARM_SRC_1168,CA,2017.0,12.0,1.0,0.0
CRITICAL,PHYSICAL PORT DOWN,2017-12-05 00:08:46,1,2017-12-05 00:08:46,3074752.0,NORMAL,MISSING,MISSING,ALARM_SRC_1168,CA,2017.0,12.0,1.0,0.0
CRITICAL,PHYSICAL PORT DOWN,2017-12-05 00:08:47,1,2017-12-05 00:08:47,3074752.0,NORMAL,MISSING,MISSING,ALARM_SRC_1168,CA,2017.0,12.0,1.0,0.0
CRITICAL,PHYSICAL PORT DOWN,2017-12-05 00:08:47,1,2017-12-05 00:08:47,3074752.0,NORMAL,MISSING,MISSING,ALARM_SRC_1168,CA,2017.0,12.0,1.0,0.0
CRITICAL,PHYSICAL PORT DOWN,2017-12-05 00:18:41,1,2017-12-05 00:18:41,3074752.0,NORMAL,MISSING,MISSING,ALARM_SRC_1167,CA,2017.0,12.0,1.0,0.0
CRITICAL,PHYSICAL PORT DOWN,2017-12-05 00:18:41,1,2017-12-05 00:18:41,3074752.0,NORMAL,MISSING,MISSING,ALARM_SRC_1167,CA,2017.0,12.0,1.0,0.0
CRITICAL,PHYSICAL PORT DOWN,2017-12-05 01:42:33,1,2017-12-05 01:42:33,3074752.0,NORMAL,MISSING,MISSING,ALARM_SRC_1167,CA,2017.0,12.0,1.0,1.0
CRITICAL,PHYSICAL PORT DOWN,2017-12-05 01:42:38,1,2017-12-05 01:42:38,3074752.0,NORMAL,MISSING,MISSING,ALARM_SRC_1167,CA,2017.0,12.0,1.0,1.0
CRITICAL,PHYSICAL PORT DOWN,2017-12-05 01:42:39,1,2017-12-05 01:42:39,3074752.0,NORMAL,MISSING,MISSING,ALARM_SRC_1167,CA,2017.0,12.0,1.0,1.0
CRITICAL,PHYSICAL PORT DOWN,2017-12-11 18:35:38,1,2017-12-11 18:35:38,2505274.0,NORMAL,MISSING,MISSING,ALARM_SRC_0091,AG,2017.0,12.0,0.0,18.0
CRITICAL,PHYSICAL PORT DOWN,2017-12-15 00:24:08,1,2017-12-15 00:24:08,3074752.0,NORMAL,MISSING,MISSING,ALARM_SRC_1167,CA,2017.0,12.0,4.0,0.0
CRITICAL,PHYSICAL PORT DOWN,2017-12-15 00:24:08,1,2017-12-15 00:24:08,3074752.0,NORMAL,MISSING,MISSING,ALARM_SRC_1167,CA,2017.0,12.0,4.0,0.0
CRITICAL,PHYSICAL PORT DOWN,2017-12-15 00:24:08,1,2017-12-15 00:24:08,3074752.0,NORMAL,MISSING,MISSING,ALARM_SRC_1167,CA,2017.0,12.0,4.0,0.0
CRITICAL,PHYSICAL PORT DOWN,2017-12-15 00:24:08,1,2017-12-15 00:24:08,3074752.0,NORMAL,MISSING,MISSING,ALARM_SRC_1167,CA,2017.0,12.0,4.0,0.0
CRITICAL,PHYSICAL PORT DOWN,2017-12-15 00:24:08,1,2017-12-15 00:24:08,3074752.0,NORMAL,MISSING,MISSING,ALARM_SRC_1167,CA,2017.0,12.0,4.0,0.0
CRITICAL,PHYSICAL PORT DOWN,2017-12-15 00:24:09,1,2017-12-15 00:24:09,3074752.0,NORMAL,MISSING,MISSING,ALARM_SRC_1168,CA,2017.0,12.0,4.0,0.0
CRITICAL,PHYSICAL PORT DOWN,2017-12-15 00:24:09,1,2017-12-15 00:24:09,3074752.0,NORMAL,MISSING,MISSING,ALARM_SRC_1168,CA,2017.0,12.0,4.0,0.0
CRITICAL,PHYSICAL PORT DOWN,2017-12-15 00:24:09,1,2017-12-15 00:24:09,3074752.0,NORMAL,MISSING,MISSING,ALARM_SRC_1168,CA,2017.0,12.0,4.0,0.0
CRITICAL,PHYSICAL PORT DOWN,2017-12-15 00:24:09,1,2017-12-15 00:24:09,3074752.0,NORMAL,MISSING,MISSING,ALARM_SRC_1168,CA,2017.0,12.0,4.0,0.0
CRITICAL,PHYSICAL PORT DOWN,2017-12-15 00:24:09,1,2017-12-15 00:24:09,3074752.0,NORMAL,MISSING,MISSING,ALARM_SRC_1168,CA,2017.0,12.0,4.0,0.0
CRITICAL,PHYSICAL PORT DOWN,2017-12-15 00:24:09,1,2017-12-15 00:24:09,3074752.0,NORMAL,MISSING,MISSING,ALARM_SRC_1168,CA,2017.0,12.0,4.0,0.0
CRITICAL,PHYSICAL PORT DOWN,2017-12-15 00:24:09,1,2017-12-15 00:24:09,3074752.0,NORMAL,MISSING,MISSING,ALARM_SRC_1168,CA,2017.0,12.0,4.0,0.0
CRITICAL,PHYSICAL PORT DOWN,2017-12-15 00:24:09,1,2017-12-15 00:24:09,3074752.0,NORMAL,MISSING,MISSING,ALARM_SRC_1168,CA,2017.0,12.0,4.0,0.0
CRITICAL,PHYSICAL PORT DOWN,2017-12-15 00:24:09,1,2017-12-15 00:24:09,3074752.0,NORMAL,MISSING,MISSING,ALARM_SRC_1168,CA,2017.0,12.0,4.0,0.0
CRITICAL,PHYSICAL PORT DOWN,2017-12-15 00:24:09,1,2017-12-15 00:24:09,3074752.0,NORMAL,MISSING,MISSING,ALARM_SRC_1168,CA,2017.0,12.0,4.0,0.0
CRITICAL,PHYSICAL PORT DOWN,2017-12-15 00:24:09,1,2017-12-15 00:24:09,3074752.0,NORMAL,MISSING,MISSING,ALARM_SRC_1168,CA,2017.0,12.0,4.0,0.0
CRITICAL,PHYSICAL PORT DOWN,2017-12-15 00:24:09,1,2017-12-15 00:24:09,3074752.0,NORMAL,MISSING,MISSING,ALARM_SRC_1168,CA,2017.0,12.0,4.0,0.0
CRITICAL,PHYSICAL PORT DOWN,2017-12-15 00:24:09,1,2017-12-15 00:24:09,3074752.0,NORMAL,MISSING,MISSING,ALARM_SRC_1168,CA,2017.0,12.0,4.0,0.0
CRITICAL,PHYSICAL PORT DOWN,2017-12-15 00:24:09,1,2017-12-15 00:24:09,3074752.0,NORMAL,MISSING,MISSING,ALARM_SRC_1168,CA,2017.0,12.0,4.0,0.0
CRITICAL,PHYSICAL PORT DOWN,2017-12-15 00:24:09,1,2017-12-15 00:24:09,3074752.0,NORMAL,MISSING,MISSING,ALARM_SRC_1168,CA,2017.0,12.0,4.0,0.0
CRITICAL,PHYSICAL PORT DOWN,2017-12-15 00:24:09,1,2017-12-15 00:24:09,3074752.0,NORMAL,MISSING,MISSING,ALARM_SRC_1168,CA,2017.0,12.0,4.0,0.0
CRITICAL,PHYSICAL PORT DOWN,2017-12-15 00:24:09,1,2017-12-15 00:24:09,3074752.0,NORMAL,MISSING,MISSING,ALARM_SRC_1168,CA,2017.0,12.0,4.0,0.0
CRITICAL,PHYSICAL PORT DOWN,2017-12-15 00:24:09,1,2017-12-15 00:24:09,3074752.0,NORMAL,MISSING,MISSING,ALARM_SRC_1167,CA,2017.0,12.0,4.0,0.0
CRITICAL,PHYSICAL PORT DOWN,2017-12-15 00:24:09,1,2017-12-15 00:24:09,3074752.0,NORMAL,MISSING,MISSING,ALARM_SRC_1167,CA,2017.0,12.0,4.0,0.0
CRITICAL,PHYSICAL PORT DOWN,2017-12-15 00:24:09,1,2017-12-15 00:24:09,3074752.0,NORMAL,MISSING,MISSING,ALARM_SRC_1167,CA,2017.0,12.0,4.0,0.0
CRITICAL,PHYSICAL PORT DOWN,2017-12-15 00:24:09,1,2017-12-15 00:24:09,3074752.0,NORMAL,MISSING,MISSING,ALARM_SRC_1167,CA,2017.0,12.0,4.0,0.0
CRITICAL,PHYSICAL PORT DOWN,2017-12-15 00:24:09,1,2017-12-15 00:24:09,3074752.0,NORMAL,MISSING,MISSING,ALARM_SRC_1167,CA,2017.0,12.0,4.0,0.0
CRITICAL,PHYSICAL PORT DOWN,2017-12-15 00:24:09,1,2017-12-15 00:24:09,3074752.0,NORMAL,MISSING,MISSING,ALARM_SRC_1167,CA,2017.0,12.0,4.0,0.0
CRITICAL,PHYSICAL PORT DOWN,2017-12-15 00:24:09,1,2017-12-15 00:24:09,3074752.0,NORMAL,MISSING,MISSING,ALARM_SRC_1167,CA,2017.0,12.0,4.0,0.0
CRITICAL,PHYSICAL PORT DOWN,2017-12-15 00:24:09,1,2017-12-15 00:24:09,3074752.0,NORMAL,MISSING,MISSING,ALARM_SRC_1167,CA,2017.0,12.0,4.0,0.0
CRITICAL,PHYSICAL PORT DOWN,2017-12-15 00:24:09,1,2017-12-15 00:24:09,3074752.0,NORMAL,MISSING,MISSING,ALARM_SRC_1167,CA,2017.0,12.0,4.0,0.0
CRITICAL,PHYSICAL PORT DOWN,2017-12-15 00:24:09,1,2017-12-15 00:24:09,3074752.0,NORMAL,MISSING,MISSING,ALARM_SRC_1167,CA,2017.0,12.0,4.0,0.0
CRITICAL,PHYSICAL PORT DOWN,2017-12-15 00:24:09,1,2017-12-15 00:24:09,3074752.0,NORMAL,MISSING,MISSING,ALARM_SRC_1167,CA,2017.0,12.0,4.0,0.0
CRITICAL,PHYSICAL PORT DOWN,2017-12-15 00:24:10,1,2017-12-15 00:24:10,3074752.0,NORMAL,MISSING,MISSING,ALARM_SRC_1168,CA,2017.0,12.0,4.0,0.0
CRITICAL,PHYSICAL PORT DOWN,2017-12-15 00:45:23,1,2017-12-15 00:45:23,3074752.0,NORMAL,MISSING,MISSING,ALARM_SRC_1168,CA,2017.0,12.0,4.0,0.0
CRITICAL,PHYSICAL PORT DOWN,2017-12-15 00:45:24,1,2017-12-15 00:45:24,3074752.0,NORMAL,MISSING,MISSING,ALARM_SRC_1168,CA,2017.0,12.0,4.0,0.0
CRITICAL,PHYSICAL PORT DOWN,2017-12-15 00:45:25,1,2017-12-15 00:45:25,3074752.0,NORMAL,MISSING,MISSING,ALARM_SRC_1168,CA,2017.0,12.0,4.0,0.0
CRITICAL,PHYSICAL PORT DOWN,2017-12-15 00:45:26,1,2017-12-15 00:45:26,3074752.0,NORMAL,MISSING,MISSING,ALARM_SRC_1168,CA,2017.0,12.0,4.0,0.0
CRITICAL,PHYSICAL PORT DOWN,2017-12-15 00:45:27,1,2017-12-15 00:45:27,3074752.0,NORMAL,MISSING,MISSING,ALARM_SRC_1168,CA,2017.0,12.0,4.0,0.0
CRITICAL,PHYSICAL PORT DOWN,2017-12-15 00:45:28,1,2017-12-15 00:45:28,3074752.0,NORMAL,MISSING,MISSING,ALARM_SRC_1168,CA,2017.0,12.0,4.0,0.0
CRITICAL,PHYSICAL PORT DOWN,2017-12-15 00:45:29,1,2017-12-15 00:45:29,3074752.0,NORMAL,MISSING,MISSING,ALARM_SRC_1168,CA,2017.0,12.0,4.0,0.0
CRITICAL,PHYSICAL PORT DOWN,2017-12-15 00:45:30,1,2017-12-15 00:45:30,3074752.0,NORMAL,MISSING,MISSING,ALARM_SRC_1168,CA,2017.0,12.0,4.0,0.0
CRITICAL,PHYSICAL PORT DOWN,2017-12-15 00:45:31,1,2017-12-15 00:45:31,3074752.0,NORMAL,MISSING,MISSING,ALARM_SRC_1168,CA,2017.0,12.0,4.0,0.0
CRITICAL,PHYSICAL PORT DOWN,2017-12-15 00:45:32,1,2017-12-15 00:45:32,3074752.0,NORMAL,MISSING,MISSING,ALARM_SRC_1168,CA,2017.0,12.0,4.0,0.0
CRITICAL,PHYSICAL PORT DOWN,2017-12-15 00:45:33,1,2017-12-15 00:45:33,3074752.0,NORMAL,MISSING,MISSING,ALARM_SRC_1168,CA,2017.0,12.0,4.0,0.0
CRITICAL,PHYSICAL PORT DOWN,2017-12-15 00:45:34,1,2017-12-15 00:45:34,3074752.0,NORMAL,MISSING,MISSING,ALARM_SRC_1168,CA,2017.0,12.0,4.0,0.0
CRITICAL,PHYSICAL PORT DOWN,2017-12-15 00:45:36,1,2017-12-15 00:45:36,3074752.0,NORMAL,MISSING,MISSING,ALARM_SRC_1168,CA,2017.0,12.0,4.0,0.0
CRITICAL,PHYSICAL PORT DOWN,2017-12-15 00:45:37,1,2017-12-15 00:45:37,3074752.0,NORMAL,MISSING,MISSING,ALARM_SRC_1168,CA,2017.0,12.0,4.0,0.0
CRITICAL,PHYSICAL PORT DOWN,2017-12-15 00:45:38,1,2017-12-15 00:45:38,3074752.0,NORMAL,MISSING,MISSING,ALARM_SRC_1168,CA,2017.0,12.0,4.0,0.0
CRITICAL,PHYSICAL PORT DOWN,2017-12-15 00:45:39,1,2017-12-15 00:45:39,3074752.0,NORMAL,MISSING,MISSING,ALARM_SRC_1168,CA,2017.0,12.0,4.0,0.0
CRITICAL,PHYSICAL PORT DOWN,2017-12-15 00:45:40,1,2017-12-15 00:45:40,3074752.0,NORMAL,MISSING,MISSING,ALARM_SRC_1168,CA,2017.0,12.0,4.0,0.0
CRITICAL,PHYSICAL PORT DOWN,2017-12-15 02:22:10,1,2017-12-15 02:22:10,3074752.0,NORMAL,MISSING,MISSING,ALARM_SRC_1167,CA,2017.0,12.0,4.0,2.0
CRITICAL,PHYSICAL PORT DOWN,2017-12-15 02:22:11,1,2017-12-15 02:22:11,3074752.0,NORMAL,MISSING,MISSING,ALARM_SRC_1167,CA,2017.0,12.0,4.0,2.0
CRITICAL,PHYSICAL PORT DOWN,2017-12-15 02:22:12,1,2017-12-15 02:22:12,3074752.0,NORMAL,MISSING,MISSING,ALARM_SRC_1167,CA,2017.0,12.0,4.0,2.0
CRITICAL,PHYSICAL PORT DOWN,2017-12-15 02:22:13,1,2017-12-15 02:22:13,3074752.0,NORMAL,MISSING,MISSING,ALARM_SRC_1167,CA,2017.0,12.0,4.0,2.0
CRITICAL,PHYSICAL PORT DOWN,2017-12-15 02:22:14,1,2017-12-15 02:22:14,3074752.0,NORMAL,MISSING,MISSING,ALARM_SRC_1167,CA,2017.0,12.0,4.0,2.0
CRITICAL,PHYSICAL PORT DOWN,2017-12-15 02:22:15,1,2017-12-15 02:22:15,3074752.0,NORMAL,MISSING,MISSING,ALARM_SRC_1167,CA,2017.0,12.0,4.0,2.0
CRITICAL,PHYSICAL PORT DOWN,2017-12-15 02:22:16,1,2017-12-15 02:22:16,3074752.0,NORMAL,MISSING,MISSING,ALARM_SRC_1167,CA,2017.0,12.0,4.0,2.0
CRITICAL,PHYSICAL PORT DOWN,2017-12-15 02:22:17,1,2017-12-15 02:22:17,3074752.0,NORMAL,MISSING,MISSING,ALARM_SRC_1167,CA,2017.0,12.0,4.0,2.0
CRITICAL,PHYSICAL PORT DOWN,2017-12-15 02:22:18,1,2017-12-15 02:22:18,3074752.0,NORMAL,MISSING,MISSING,ALARM_SRC_1167,CA,2017.0,12.0,4.0,2.0
CRITICAL,PHYSICAL PORT DOWN,2017-12-15 02:22:19,1,2017-12-15 02:22:19,3074752.0,NORMAL,MISSING,MISSING,ALARM_SRC_1167,CA,2017.0,12.0,4.0,2.0
CRITICAL,PHYSICAL PORT DOWN,2017-12-15 02:22:20,1,2017-12-15 02:22:20,3074752.0,NORMAL,MISSING,MISSING,ALARM_SRC_1167,CA,2017.0,12.0,4.0,2.0
CRITICAL,PHYSICAL PORT DOWN,2017-12-15 02:22:21,1,2017-12-15 02:22:21,3074752.0,NORMAL,MISSING,MISSING,ALARM_SRC_1167,CA,2017.0,12.0,4.0,2.0
CRITICAL,PHYSICAL PORT DOWN,2017-12-15 02:22:22,1,2017-12-15 02:22:22,3074752.0,NORMAL,MISSING,MISSING,ALARM_SRC_1167,CA,2017.0,12.0,4.0,2.0
CRITICAL,PHYSICAL PORT DOWN,2017-12-15 02:22:23,1,2017-12-15 02:22:23,3074752.0,NORMAL,MISSING,MISSING,ALARM_SRC_1167,CA,2017.0,12.0,4.0,2.0
CRITICAL,PHYSICAL PORT DOWN,2017-12-15 02:22:24,1,2017-12-15 02:22:24,3074752.0,NORMAL,MISSING,MISSING,ALARM_SRC_1167,CA,2017.0,12.0,4.0,2.0
CRITICAL,PHYSICAL PORT DOWN,2017-12-15 02:22:25,1,2017-12-15 02:22:25,3074752.0,NORMAL,MISSING,MISSING,ALARM_SRC_1167,CA,2017.0,12.0,4.0,2.0
CRITICAL,PHYSICAL PORT DOWN,2017-12-15 02:22:26,1,2017-12-15 02:22:26,3074752.0,NORMAL,MISSING,MISSING,ALARM_SRC_1167,CA,2017.0,12.0,4.0,2.0
CRITICAL,PHYSICAL PORT DOWN,2017-12-15 04:27:09,1,2017-12-15 04:27:09,2505274.0,NORMAL,MISSING,MISSING,ALARM_SRC_1171,CA,2017.0,12.0,4.0,4.0
CRITICAL,PHYSICAL PORT DOWN,2017-12-19 00:06:40,1,2017-12-19 00:06:40,3074752.0,NORMAL,MISSING,MISSING,ALARM_SRC_1168,CA,2017.0,12.0,1.0,0.0
CRITICAL,PHYSICAL PORT DOWN,2017-12-19 00:06:40,1,2017-12-19 00:06:40,3074752.0,NORMAL,MISSING,MISSING,ALARM_SRC_1168,CA,2017.0,12.0,1.0,0.0
CRITICAL,PHYSICAL PORT DOWN,2017-12-19 00:06:40,1,2017-12-19 00:06:40,3074752.0,NORMAL,MISSING,MISSING,ALARM_SRC_1168,CA,2017.0,12.0,1.0,0.0
CRITICAL,PHYSICAL PORT DOWN,2017-12-19 00:06:40,1,2017-12-19 00:06:40,3074752.0,NORMAL,MISSING,MISSING,ALARM_SRC_1168,CA,2017.0,12.0,1.0,0.0
CRITICAL,PHYSICAL PORT DOWN,2017-12-19 00:06:40,1,2017-12-19 00:06:40,3074752.0,NORMAL,MISSING,MISSING,ALARM_SRC_1168,CA,2017.0,12.0,1.0,0.0
CRITICAL,PHYSICAL PORT DOWN,2017-12-19 00:06:40,1,2017-12-19 00:06:40,3074752.0,NORMAL,MISSING,MISSING,ALARM_SRC_1168,CA,2017.0,12.0,1.0,0.0
CRITICAL,PHYSICAL PORT DOWN,2017-12-19 00:06:40,1,2017-12-19 00:06:40,3074752.0,NORMAL,MISSING,MISSING,ALARM_SRC_1168,CA,2017.0,12.0,1.0,0.0
CRITICAL,PHYSICAL PORT DOWN,2017-12-19 00:06:40,1,2017-12-19 00:06:40,3074752.0,NORMAL,MISSING,MISSING,ALARM_SRC_1168,CA,2017.0,12.0,1.0,0.0
CRITICAL,PHYSICAL PORT DOWN,2017-12-19 00:06:40,1,2017-12-19 00:06:40,3074752.0,NORMAL,MISSING,MISSING,ALARM_SRC_1168,CA,2017.0,12.0,1.0,0.0
CRITICAL,PHYSICAL PORT DOWN,2017-12-19 00:06:40,1,2017-12-19 00:06:40,3074752.0,NORMAL,MISSING,MISSING,ALARM_SRC_1168,CA,2017.0,12.0,1.0,0.0
CRITICAL,PHYSICAL PORT DOWN,2017-12-19 00:06:40,1,2017-12-19 00:06:40,3074752.0,NORMAL,MISSING,MISSING,ALARM_SRC_1168,CA,2017.0,12.0,1.0,0.0
CRITICAL,PHYSICAL PORT DOWN,2017-12-19 00:06:40,1,2017-12-19 00:06:40,3074752.0,NORMAL,MISSING,MISSING,ALARM_SRC_1168,CA,2017.0,12.0,1.0,0.0
CRITICAL,PHYSICAL PORT DOWN,2017-12-19 00:06:40,1,2017-12-19 00:06:40,3074752.0,NORMAL,MISSING,MISSING,ALARM_SRC_1168,CA,2017.0,12.0,1.0,0.0
CRITICAL,PHYSICAL PORT DOWN,2017-12-19 00:06:40,1,2017-12-19 00:06:40,3074752.0,NORMAL,MISSING,MISSING,ALARM_SRC_1168,CA,2017.0,12.0,1.0,0.0
CRITICAL,PHYSICAL PORT DOWN,2017-12-19 00:06:40,1,2017-12-19 00:06:40,3074752.0,NORMAL,MISSING,MISSING,ALARM_SRC_1168,CA,2017.0,12.0,1.0,0.0
CRITICAL,PHYSICAL PORT DOWN,2017-12-19 00:06:40,1,2017-12-19 00:06:40,3074752.0,NORMAL,MISSING,MISSING,ALARM_SRC_1167,CA,2017.0,12.0,1.0,0.0
CRITICAL,PHYSICAL PORT DOWN,2017-12-19 00:06:40,1,2017-12-19 00:06:40,3074752.0,NORMAL,MISSING,MISSING,ALARM_SRC_1167,CA,2017.0,12.0,1.0,0.0
CRITICAL,PHYSICAL PORT DOWN,2017-12-19 00:06:40,1,2017-12-19 00:06:40,3074752.0,NORMAL,MISSING,MISSING,ALARM_SRC_1167,CA,2017.0,12.0,1.0,0.0
CRITICAL,PHYSICAL PORT DOWN,2017-12-19 00:06:40,1,2017-12-19 00:06:40,3074752.0,NORMAL,MISSING,MISSING,ALARM_SRC_1167,CA,2017.0,12.0,1.0,0.0
CRITICAL,PHYSICAL PORT DOWN,2017-12-19 00:06:40,1,2017-12-19 00:06:40,3074752.0,NORMAL,MISSING,MISSING,ALARM_SRC_1167,CA,2017.0,12.0,1.0,0.0
CRITICAL,PHYSICAL PORT DOWN,2017-12-19 00:06:40,1,2017-12-19 00:06:40,3074752.0,NORMAL,MISSING,MISSING,ALARM_SRC_1167,CA,2017.0,12.0,1.0,0.0
CRITICAL,PHYSICAL PORT DOWN,2017-12-19 00:06:40,1,2017-12-19 00:06:40,3074752.0,NORMAL,MISSING,MISSING,ALARM_SRC_1167,CA,2017.0,12.0,1.0,0.0
CRITICAL,PHYSICAL PORT DOWN,2017-12-19 00:06:40,1,2017-12-19 00:06:40,3074752.0,NORMAL,MISSING,MISSING,ALARM_SRC_1167,CA,2017.0,12.0,1.0,0.0
CRITICAL,PHYSICAL PORT DOWN,2017-12-19 00:06:40,1,2017-12-19 00:06:40,3074752.0,NORMAL,MISSING,MISSING,ALARM_SRC_1167,CA,2017.0,12.0,1.0,0.0
CRITICAL,PHYSICAL PORT DOWN,2017-12-19 00:06:40,1,2017-12-19 00:06:40,3074752.0,NORMAL,MISSING,MISSING,ALARM_SRC_1167,CA,2017.0,12.0,1.0,0.0
CRITICAL,PHYSICAL PORT DOWN,2017-12-19 00:06:40,1,2017-12-19 00:06:40,3074752.0,NORMAL,MISSING,MISSING,ALARM_SRC_1167,CA,2017.0,12.0,1.0,0.0
CRITICAL,PHYSICAL PORT DOWN,2017-12-19 00:06:40,1,2017-12-19 00:06:40,3074752.0,NORMAL,MISSING,MISSING,ALARM_SRC_1167,CA,2017.0,12.0,1.0,0.0
CRITICAL,PHYSICAL PORT DOWN,2017-12-19 00:06:40,1,2017-12-19 00:06:40,3074752.0,NORMAL,MISSING,MISSING,ALARM_SRC_1167,CA,2017.0,12.0,1.0,0.0
CRITICAL,PHYSICAL PORT DOWN,2017-12-19 00:06:40,1,2017-12-19 00:06:40,3074752.0,NORMAL,MISSING,MISSING,ALARM_SRC_1167,CA,2017.0,12.0,1.0,0.0
CRITICAL,PHYSICAL PORT DOWN,2017-12-19 00:06:40,1,2017-12-19 00:06:40,3074752.0,NORMAL,MISSING,MISSING,ALARM_SRC_1167,CA,2017.0,12.0,1.0,0.0
CRITICAL,PHYSICAL PORT DOWN,2017-12-19 00:06:41,1,2017-12-19 00:06:41,3074752.0,NORMAL,MISSING,MISSING,ALARM_SRC_1168,CA,2017.0,12.0,1.0,0.0
CRITICAL,PHYSICAL PORT DOWN,2017-12-19 00:08:09,1,2017-12-19 00:08:09,3074752.0,NORMAL,MISSING,MISSING,ALARM_SRC_1168,CA,2017.0,12.0,1.0,0.0
CRITICAL,PHYSICAL PORT DOWN,2017-12-19 00:08:10,1,2017-12-19 00:08:10,3074752.0,NORMAL,MISSING,MISSING,ALARM_SRC_1168,CA,2017.0,12.0,1.0,0.0
CRITICAL,PHYSICAL PORT DOWN,2017-12-19 00:08:11,1,2017-12-19 00:08:11,3074752.0,NORMAL,MISSING,MISSING,ALARM_SRC_1168,CA,2017.0,12.0,1.0,0.0
CRITICAL,PHYSICAL PORT DOWN,2017-12-19 00:08:13,1,2017-12-19 00:08:13,3074752.0,NORMAL,MISSING,MISSING,ALARM_SRC_1168,CA,2017.0,12.0,1.0,0.0
CRITICAL,PHYSICAL PORT DOWN,2017-12-19 00:08:14,1,2017-12-19 00:08:14,3074752.0,NORMAL,MISSING,MISSING,ALARM_SRC_1168,CA,2017.0,12.0,1.0,0.0
CRITICAL,PHYSICAL PORT DOWN,2017-12-19 00:08:16,1,2017-12-19 00:08:16,3074752.0,NORMAL,MISSING,MISSING,ALARM_SRC_1168,CA,2017.0,12.0,1.0,0.0
CRITICAL,PHYSICAL PORT DOWN,2017-12-19 00:08:17,1,2017-12-19 00:08:17,3074752.0,NORMAL,MISSING,MISSING,ALARM_SRC_1168,CA,2017.0,12.0,1.0,0.0
CRITICAL,PHYSICAL PORT DOWN,2017-12-19 00:08:18,1,2017-12-19 00:08:18,3074752.0,NORMAL,MISSING,MISSING,ALARM_SRC_1168,CA,2017.0,12.0,1.0,0.0
CRITICAL,PHYSICAL PORT DOWN,2017-12-19 00:08:19,1,2017-12-19 00:08:19,3074752.0,NORMAL,MISSING,MISSING,ALARM_SRC_1168,CA,2017.0,12.0,1.0,0.0
CRITICAL,PHYSICAL PORT DOWN,2017-12-19 00:08:21,1,2017-12-19 00:08:21,3074752.0,NORMAL,MISSING,MISSING,ALARM_SRC_1168,CA,2017.0,12.0,1.0,0.0
CRITICAL,PHYSICAL PORT DOWN,2017-12-19 00:08:22,1,2017-12-19 00:08:22,3074752.0,NORMAL,MISSING,MISSING,ALARM_SRC_1168,CA,2017.0,12.0,1.0,0.0
CRITICAL,PHYSICAL PORT DOWN,2017-12-19 00:08:23,1,2017-12-19 00:08:23,3074752.0,NORMAL,MISSING,MISSING,ALARM_SRC_1168,CA,2017.0,12.0,1.0,0.0
CRITICAL,PHYSICAL PORT DOWN,2017-12-19 00:08:25,1,2017-12-19 00:08:25,3074752.0,NORMAL,MISSING,MISSING,ALARM_SRC_1168,CA,2017.0,12.0,1.0,0.0
CRITICAL,PHYSICAL PORT DOWN,2017-12-19 00:08:26,1,2017-12-19 00:08:26,3074752.0,NORMAL,MISSING,MISSING,ALARM_SRC_1168,CA,2017.0,12.0,1.0,0.0
CRITICAL,PHYSICAL PORT DOWN,2017-12-19 00:08:27,1,2017-12-19 00:08:27,3074752.0,NORMAL,MISSING,MISSING,ALARM_SRC_1168,CA,2017.0,12.0,1.0,0.0
CRITICAL,PHYSICAL PORT DOWN,2017-12-19 01:57:13,1,2017-12-19 01:57:13,3074752.0,NORMAL,MISSING,MISSING,ALARM_SRC_1167,CA,2017.0,12.0,1.0,1.0
CRITICAL,PHYSICAL PORT DOWN,2017-12-19 01:57:14,1,2017-12-19 01:57:14,3074752.0,NORMAL,MISSING,MISSING,ALARM_SRC_1167,CA,2017.0,12.0,1.0,1.0
CRITICAL,PHYSICAL PORT DOWN,2017-12-19 01:57:16,1,2017-12-19 01:57:16,3074752.0,NORMAL,MISSING,MISSING,ALARM_SRC_1167,CA,2017.0,12.0,1.0,1.0
CRITICAL,PHYSICAL PORT DOWN,2017-12-19 01:57:17,1,2017-12-19 01:57:17,3074752.0,NORMAL,MISSING,MISSING,ALARM_SRC_1167,CA,2017.0,12.0,1.0,1.0
CRITICAL,PHYSICAL PORT DOWN,2017-12-19 01:57:18,1,2017-12-19 01:57:18,3074752.0,NORMAL,MISSING,MISSING,ALARM_SRC_1167,CA,2017.0,12.0,1.0,1.0
CRITICAL,PHYSICAL PORT DOWN,2017-12-19 01:57:19,1,2017-12-19 01:57:19,3074752.0,NORMAL,MISSING,MISSING,ALARM_SRC_1167,CA,2017.0,12.0,1.0,1.0
CRITICAL,PHYSICAL PORT DOWN,2017-12-19 01:57:21,1,2017-12-19 01:57:21,3074752.0,NORMAL,MISSING,MISSING,ALARM_SRC_1167,CA,2017.0,12.0,1.0,1.0
CRITICAL,PHYSICAL PORT DOWN,2017-12-19 01:57:22,1,2017-12-19 01:57:22,3074752.0,NORMAL,MISSING,MISSING,ALARM_SRC_1167,CA,2017.0,12.0,1.0,1.0
CRITICAL,PHYSICAL PORT DOWN,2017-12-19 01:57:23,1,2017-12-19 01:57:23,3074752.0,NORMAL,MISSING,MISSING,ALARM_SRC_1167,CA,2017.0,12.0,1.0,1.0
CRITICAL,PHYSICAL PORT DOWN,2017-12-19 01:57:24,1,2017-12-19 01:57:24,3074752.0,NORMAL,MISSING,MISSING,ALARM_SRC_1167,CA,2017.0,12.0,1.0,1.0
CRITICAL,PHYSICAL PORT DOWN,2017-12-19 01:57:26,1,2017-12-19 01:57:26,3074752.0,NORMAL,MISSING,MISSING,ALARM_SRC_1167,CA,2017.0,12.0,1.0,1.0
CRITICAL,PHYSICAL PORT DOWN,2017-12-19 01:57:27,1,2017-12-19 01:57:27,3074752.0,NORMAL,MISSING,MISSING,ALARM_SRC_1167,CA,2017.0,12.0,1.0,1.0
CRITICAL,PHYSICAL PORT DOWN,2017-12-19 01:57:28,1,2017-12-19 01:57:28,3074752.0,NORMAL,MISSING,MISSING,ALARM_SRC_1167,CA,2017.0,12.0,1.0,1.0
CRITICAL,PHYSICAL PORT DOWN,2017-12-19 01:57:30,1,2017-12-19 01:57:30,3074752.0,NORMAL,MISSING,MISSING,ALARM_SRC_1167,CA,2017.0,12.0,1.0,1.0
CRITICAL,PHYSICAL PORT DOWN,2017-12-19 01:57:31,1,2017-12-19 01:57:31,3074752.0,NORMAL,MISSING,MISSING,ALARM_SRC_1167,CA,2017.0,12.0,1.0,1.0
CRITICAL,PHYSICAL PORT DOWN,2017-12-19 01:57:32,1,2017-12-19 01:57:32,3074752.0,NORMAL,MISSING,MISSING,ALARM_SRC_1167,CA,2017.0,12.0,1.0,1.0
CRITICAL,PHYSICAL PORT DOWN,2018-01-09 00:01:39,1,2018-01-09 00:01:39,2505274.0,NORMAL,MISSING,MISSING,ALARM_SRC_1172,CA,2018.0,1.0,1.0,0.0
CRITICAL,PHYSICAL PORT DOWN,2018-01-09 00:01:39,1,2018-01-09 00:01:39,2505274.0,NORMAL,MISSING,MISSING,ALARM_SRC_1172,CA,2018.0,1.0,1.0,0.0
CRITICAL,PHYSICAL PORT DOWN,2018-01-09 00:01:39,1,2018-01-09 00:01:39,2505274.0,NORMAL,MISSING,MISSING,ALARM_SRC_1172,CA,2018.0,1.0,1.0,0.0
CRITICAL,PHYSICAL PORT DOWN,2018-01-09 00:01:39,1,2018-01-09 00:01:39,2505274.0,NORMAL,MISSING,MISSING,ALARM_SRC_1172,CA,2018.0,1.0,1.0,0.0
CRITICAL,PHYSICAL PORT DOWN,2018-01-09 00:01:39,1,2018-01-09 00:01:39,2505274.0,NORMAL,MISSING,MISSING,ALARM_SRC_1172,CA,2018.0,1.0,1.0,0.0
CRITICAL,PHYSICAL PORT DOWN,2018-01-09 00:01:39,1,2018-01-09 00:01:39,2505274.0,NORMAL,MISSING,MISSING,ALARM_SRC_1171,CA,2018.0,1.0,1.0,0.0
CRITICAL,PHYSICAL PORT DOWN,2018-01-09 00:01:39,1,2018-01-09 00:01:39,2505274.0,NORMAL,MISSING,MISSING,ALARM_SRC_1171,CA,2018.0,1.0,1.0,0.0
CRITICAL,PHYSICAL PORT DOWN,2018-01-09 00:01:39,1,2018-01-09 00:01:39,2505274.0,NORMAL,MISSING,MISSING,ALARM_SRC_1171,CA,2018.0,1.0,1.0,0.0
CRITICAL,PHYSICAL PORT DOWN,2018-01-09 00:01:39,1,2018-01-09 00:01:39,2505274.0,NORMAL,MISSING,MISSING,ALARM_SRC_1171,CA,2018.0,1.0,1.0,0.0
CRITICAL,PHYSICAL PORT DOWN,2018-01-09 00:01:39,1,2018-01-09 00:01:39,2505274.0,NORMAL,MISSING,MISSING,ALARM_SRC_1171,CA,2018.0,1.0,1.0,0.0
CRITICAL,PHYSICAL PORT DOWN,2018-01-09 00:01:40,1,2018-01-09 00:01:40,2505274.0,NORMAL,MISSING,MISSING,ALARM_SRC_1172,CA,2018.0,1.0,1.0,0.0
CRITICAL,PHYSICAL PORT DOWN,2018-01-09 00:01:40,1,2018-01-09 00:01:40,2505274.0,NORMAL,MISSING,MISSING,ALARM_SRC_1172,CA,2018.0,1.0,1.0,0.0
CRITICAL,PHYSICAL PORT DOWN,2018-01-09 00:01:40,1,2018-01-09 00:01:40,2505274.0,NORMAL,MISSING,MISSING,ALARM_SRC_1171,CA,2018.0,1.0,1.0,0.0
CRITICAL,PHYSICAL PORT DOWN,2018-01-09 00:01:40,1,2018-01-09 00:01:40,2505274.0,NORMAL,MISSING,MISSING,ALARM_SRC_1171,CA,2018.0,1.0,1.0,0.0
CRITICAL,PHYSICAL PORT DOWN,2018-01-09 00:28:27,1,2018-01-09 00:28:27,2505274.0,NORMAL,MISSING,MISSING,ALARM_SRC_1172,CA,2018.0,1.0,1.0,0.0
CRITICAL,PHYSICAL PORT DOWN,2018-01-09 00:28:29,1,2018-01-09 00:28:29,2505274.0,NORMAL,MISSING,MISSING,ALARM_SRC_1172,CA,2018.0,1.0,1.0,0.0
CRITICAL,PHYSICAL PORT DOWN,2018-01-09 00:28:30,1,2018-01-09 00:28:30,2505274.0,NORMAL,MISSING,MISSING,ALARM_SRC_1172,CA,2018.0,1.0,1.0,0.0
CRITICAL,PHYSICAL PORT DOWN,2018-01-09 00:28:31,1,2018-01-09 00:28:31,2505274.0,NORMAL,MISSING,MISSING,ALARM_SRC_1172,CA,2018.0,1.0,1.0,0.0
CRITICAL,PHYSICAL PORT DOWN,2018-01-09 00:28:33,1,2018-01-09 00:28:33,2505274.0,NORMAL,MISSING,MISSING,ALARM_SRC_1172,CA,2018.0,1.0,1.0,0.0
CRITICAL,PHYSICAL PORT DOWN,2018-01-09 00:28:34,1,2018-01-09 00:28:34,2505274.0,NORMAL,MISSING,MISSING,ALARM_SRC_1172,CA,2018.0,1.0,1.0,0.0
CRITICAL,PHYSICAL PORT DOWN,2018-01-09 00:28:35,1,2018-01-09 00:28:35,2505274.0,NORMAL,MISSING,MISSING,ALARM_SRC_1172,CA,2018.0,1.0,1.0,0.0
CRITICAL,PHYSICAL PORT DOWN,2018-01-09 02:03:57,1,2018-01-09 02:03:57,2505274.0,NORMAL,MISSING,MISSING,ALARM_SRC_1171,CA,2018.0,1.0,1.0,2.0
CRITICAL,PHYSICAL PORT DOWN,2018-01-09 02:03:58,1,2018-01-09 02:03:58,2505274.0,NORMAL,MISSING,MISSING,ALARM_SRC_1171,CA,2018.0,1.0,1.0,2.0
CRITICAL,PHYSICAL PORT DOWN,2018-01-09 02:03:59,1,2018-01-09 02:03:59,2505274.0,NORMAL,MISSING,MISSING,ALARM_SRC_1171,CA,2018.0,1.0,1.0,2.0
CRITICAL,PHYSICAL PORT DOWN,2018-01-09 02:04:01,1,2018-01-09 02:04:01,2505274.0,NORMAL,MISSING,MISSING,ALARM_SRC_1171,CA,2018.0,1.0,1.0,2.0
CRITICAL,PHYSICAL PORT DOWN,2018-01-09 02:04:02,1,2018-01-09 02:04:02,2505274.0,NORMAL,MISSING,MISSING,ALARM_SRC_1171,CA,2018.0,1.0,1.0,2.0
CRITICAL,PHYSICAL PORT DOWN,2018-01-09 02:04:03,1,2018-01-09 02:04:03,2505274.0,NORMAL,MISSING,MISSING,ALARM_SRC_1171,CA,2018.0,1.0,1.0,2.0
CRITICAL,PHYSICAL PORT DOWN,2018-01-09 02:04:05,1,2018-01-09 02:04:05,2505274.0,NORMAL,MISSING,MISSING,ALARM_SRC_1171,CA,2018.0,1.0,1.0,2.0
CRITICAL,PHYSICAL PORT DOWN,2018-01-12 00:07:35,1,2018-01-12 00:07:35,2505274.0,NORMAL,MISSING,MISSING,ALARM_SRC_1172,CA,2018.0,1.0,4.0,0.0
CRITICAL,PHYSICAL PORT DOWN,2018-01-12 00:07:35,1,2018-01-12 00:07:35,2505274.0,NORMAL,MISSING,MISSING,ALARM_SRC_1172,CA,2018.0,1.0,4.0,0.0
CRITICAL,PHYSICAL PORT DOWN,2018-01-12 00:07:36,1,2018-01-12 00:07:36,2505274.0,NORMAL,MISSING,MISSING,ALARM_SRC_1172,CA,2018.0,1.0,4.0,0.0
CRITICAL,PHYSICAL PORT DOWN,2018-01-12 00:07:36,1,2018-01-12 00:07:36,2505274.0,NORMAL,MISSING,MISSING,ALARM_SRC_1171,CA,2018.0,1.0,4.0,0.0
CRITICAL,PHYSICAL PORT DOWN,2018-01-12 00:07:36,1,2018-01-12 00:07:36,2505274.0,NORMAL,MISSING,MISSING,ALARM_SRC_1171,CA,2018.0,1.0,4.0,0.0
CRITICAL,PHYSICAL PORT DOWN,2018-01-12 00:07:36,1,2018-01-12 00:07:36,2505274.0,NORMAL,MISSING,MISSING,ALARM_SRC_1171,CA,2018.0,1.0,4.0,0.0
CRITICAL,PHYSICAL PORT DOWN,2018-01-12 00:07:37,1,2018-01-12 00:07:37,2505274.0,NORMAL,MISSING,MISSING,ALARM_SRC_1172,CA,2018.0,1.0,4.0,0.0
CRITICAL,PHYSICAL PORT DOWN,2018-01-12 00:07:37,1,2018-01-12 00:07:37,2505274.0,NORMAL,MISSING,MISSING,ALARM_SRC_1171,CA,2018.0,1.0,4.0,0.0
CRITICAL,PHYSICAL PORT DOWN,2018-01-12 00:13:49,1,2018-01-12 00:13:49,2505274.0,NORMAL,MISSING,MISSING,ALARM_SRC_1172,CA,2018.0,1.0,4.0,0.0
CRITICAL,PHYSICAL PORT DOWN,2018-01-12 00:13:49,1,2018-01-12 00:13:49,2505274.0,NORMAL,MISSING,MISSING,ALARM_SRC_1172,CA,2018.0,1.0,4.0,0.0
CRITICAL,PHYSICAL PORT DOWN,2018-01-12 00:13:50,1,2018-01-12 00:13:50,2505274.0,NORMAL,MISSING,MISSING,ALARM_SRC_1172,CA,2018.0,1.0,4.0,0.0
CRITICAL,PHYSICAL PORT DOWN,2018-01-12 00:13:51,1,2018-01-12 00:13:51,2505274.0,NORMAL,MISSING,MISSING,ALARM_SRC_1172,CA,2018.0,1.0,4.0,0.0
CRITICAL,PHYSICAL PORT DOWN,2018-01-12 00:13:53,1,2018-01-12 00:13:53,2505274.0,NORMAL,MISSING,MISSING,ALARM_SRC_1172,CA,2018.0,1.0,4.0,0.0
CRITICAL,PHYSICAL PORT DOWN,2018-01-12 00:13:54,1,2018-01-12 00:13:54,2505274.0,NORMAL,MISSING,MISSING,ALARM_SRC_1172,CA,2018.0,1.0,4.0,0.0
CRITICAL,PHYSICAL PORT DOWN,2018-01-12 02:01:46,1,2018-01-12 02:01:46,2505274.0,NORMAL,MISSING,MISSING,ALARM_SRC_1171,CA,2018.0,1.0,4.0,2.0
CRITICAL,PHYSICAL PORT DOWN,2018-01-12 02:01:46,1,2018-01-12 02:01:46,2505274.0,NORMAL,MISSING,MISSING,ALARM_SRC_1171,CA,2018.0,1.0,4.0,2.0
CRITICAL,PHYSICAL PORT DOWN,2018-01-12 02:01:47,1,2018-01-12 02:01:47,2505274.0,NORMAL,MISSING,MISSING,ALARM_SRC_1171,CA,2018.0,1.0,4.0,2.0
CRITICAL,PHYSICAL PORT DOWN,2018-01-12 02:01:48,1,2018-01-12 02:01:48,2505274.0,NORMAL,MISSING,MISSING,ALARM_SRC_1171,CA,2018.0,1.0,4.0,2.0
CRITICAL,PHYSICAL PORT DOWN,2018-01-12 02:01:49,1,2018-01-12 02:01:49,2505274.0,NORMAL,MISSING,MISSING,ALARM_SRC_1171,CA,2018.0,1.0,4.0,2.0
CRITICAL,PHYSICAL PORT DOWN,2018-01-12 02:01:51,1,2018-01-12 02:01:51,2505274.0,NORMAL,MISSING,MISSING,ALARM_SRC_1171,CA,2018.0,1.0,4.0,2.0
CRITICAL,PHYSICAL PORT DOWN,2018-01-16 00:02:08,1,2018-01-16 00:02:08,3074752.0,NORMAL,MISSING,MISSING,ALARM_SRC_1168,CA,2018.0,1.0,1.0,0.0
CRITICAL,PHYSICAL PORT DOWN,2018-01-16 00:02:09,1,2018-01-16 00:02:09,3074752.0,NORMAL,MISSING,MISSING,ALARM_SRC_1167,CA,2018.0,1.0,1.0,0.0
CRITICAL,PHYSICAL PORT DOWN,2018-01-16 00:02:09,1,2018-01-16 00:02:09,3074752.0,NORMAL,MISSING,MISSING,ALARM_SRC_1167,CA,2018.0,1.0,1.0,0.0
CRITICAL,PHYSICAL PORT DOWN,2018-01-16 00:02:09,1,2018-01-16 00:02:09,3074752.0,NORMAL,MISSING,MISSING,ALARM_SRC_1167,CA,2018.0,1.0,1.0,0.0
CRITICAL,PHYSICAL PORT DOWN,2018-01-16 00:02:09,1,2018-01-16 00:02:09,3074752.0,NORMAL,MISSING,MISSING,ALARM_SRC_1167,CA,2018.0,1.0,1.0,0.0
CRITICAL,PHYSICAL PORT DOWN,2018-01-16 00:02:09,1,2018-01-16 00:02:09,3074752.0,NORMAL,MISSING,MISSING,ALARM_SRC_1167,CA,2018.0,1.0,1.0,0.0
CRITICAL,PHYSICAL PORT DOWN,2018-01-16 00:02:09,1,2018-01-16 00:02:09,3074752.0,NORMAL,MISSING,MISSING,ALARM_SRC_1168,CA,2018.0,1.0,1.0,0.0
CRITICAL,PHYSICAL PORT DOWN,2018-01-16 00:02:09,1,2018-01-16 00:02:09,3074752.0,NORMAL,MISSING,MISSING,ALARM_SRC_1168,CA,2018.0,1.0,1.0,0.0
CRITICAL,PHYSICAL PORT DOWN,2018-01-16 00:02:09,1,2018-01-16 00:02:09,3074752.0,NORMAL,MISSING,MISSING,ALARM_SRC_1168,CA,2018.0,1.0,1.0,0.0
CRITICAL,PHYSICAL PORT DOWN,2018-01-16 00:02:09,1,2018-01-16 00:02:09,3074752.0,NORMAL,MISSING,MISSING,ALARM_SRC_1168,CA,2018.0,1.0,1.0,0.0
CRITICAL,PHYSICAL PORT DOWN,2018-01-16 00:02:09,1,2018-01-16 00:02:09,3074752.0,NORMAL,MISSING,MISSING,ALARM_SRC_1168,CA,2018.0,1.0,1.0,0.0
CRITICAL,PHYSICAL PORT DOWN,2018-01-16 00:02:10,1,2018-01-16 00:02:10,3074752.0,NORMAL,MISSING,MISSING,ALARM_SRC_1167,CA,2018.0,1.0,1.0,0.0
CRITICAL,PHYSICAL PORT DOWN,2018-01-16 00:02:10,1,2018-01-16 00:02:10,3074752.0,NORMAL,MISSING,MISSING,ALARM_SRC_1167,CA,2018.0,1.0,1.0,0.0
CRITICAL,PHYSICAL PORT DOWN,2018-01-16 00:02:10,1,2018-01-16 00:02:10,3074752.0,NORMAL,MISSING,MISSING,ALARM_SRC_1167,CA,2018.0,1.0,1.0,0.0
CRITICAL,PHYSICAL PORT DOWN,2018-01-16 00:02:10,1,2018-01-16 00:02:10,3074752.0,NORMAL,MISSING,MISSING,ALARM_SRC_1168,CA,2018.0,1.0,1.0,0.0
CRITICAL,PHYSICAL PORT DOWN,2018-01-16 00:10:36,1,2018-01-16 00:10:36,3074752.0,NORMAL,MISSING,MISSING,ALARM_SRC_1168,CA,2018.0,1.0,1.0,0.0
CRITICAL,PHYSICAL PORT DOWN,2018-01-16 00:10:37,1,2018-01-16 00:10:37,3074752.0,NORMAL,MISSING,MISSING,ALARM_SRC_1168,CA,2018.0,1.0,1.0,0.0
CRITICAL,PHYSICAL PORT DOWN,2018-01-16 00:10:38,1,2018-01-16 00:10:38,3074752.0,NORMAL,MISSING,MISSING,ALARM_SRC_1168,CA,2018.0,1.0,1.0,0.0
CRITICAL,PHYSICAL PORT DOWN,2018-01-16 00:10:39,1,2018-01-16 00:10:39,3074752.0,NORMAL,MISSING,MISSING,ALARM_SRC_1168,CA,2018.0,1.0,1.0,0.0
CRITICAL,PHYSICAL PORT DOWN,2018-01-16 00:10:40,1,2018-01-16 00:10:40,3074752.0,NORMAL,MISSING,MISSING,ALARM_SRC_1168,CA,2018.0,1.0,1.0,0.0
CRITICAL,PHYSICAL PORT DOWN,2018-01-16 00:10:42,1,2018-01-16 00:10:42,3074752.0,NORMAL,MISSING,MISSING,ALARM_SRC_1168,CA,2018.0,1.0,1.0,0.0
CRITICAL,PHYSICAL PORT DOWN,2018-01-16 00:10:44,1,2018-01-16 00:10:44,3074752.0,NORMAL,MISSING,MISSING,ALARM_SRC_1168,CA,2018.0,1.0,1.0,0.0
CRITICAL,PHYSICAL PORT DOWN,2018-01-16 01:56:23,1,2018-01-16 01:56:23,3074752.0,NORMAL,MISSING,MISSING,ALARM_SRC_1167,CA,2018.0,1.0,1.0,1.0
CRITICAL,PHYSICAL PORT DOWN,2018-01-16 01:56:24,1,2018-01-16 01:56:24,3074752.0,NORMAL,MISSING,MISSING,ALARM_SRC_1167,CA,2018.0,1.0,1.0,1.0
CRITICAL,PHYSICAL PORT DOWN,2018-01-16 01:56:25,1,2018-01-16 01:56:25,3074752.0,NORMAL,MISSING,MISSING,ALARM_SRC_1167,CA,2018.0,1.0,1.0,1.0
CRITICAL,PHYSICAL PORT DOWN,2018-01-16 01:56:26,1,2018-01-16 01:56:26,3074752.0,NORMAL,MISSING,MISSING,ALARM_SRC_1167,CA,2018.0,1.0,1.0,1.0
CRITICAL,PHYSICAL PORT DOWN,2018-01-16 01:56:27,1,2018-01-16 01:56:27,3074752.0,NORMAL,MISSING,MISSING,ALARM_SRC_1167,CA,2018.0,1.0,1.0,1.0
CRITICAL,PHYSICAL PORT DOWN,2018-01-16 01:56:27,1,2018-01-16 01:56:27,3074752.0,NORMAL,MISSING,MISSING,ALARM_SRC_1167,CA,2018.0,1.0,1.0,1.0
CRITICAL,PHYSICAL PORT DOWN,2018-01-16 01:56:28,1,2018-01-16 01:56:28,3074752.0,NORMAL,MISSING,MISSING,ALARM_SRC_1167,CA,2018.0,1.0,1.0,1.0
CRITICAL,PHYSICAL PORT DOWN,2018-01-16 01:56:29,1,2018-01-16 01:56:29,3074752.0,NORMAL,MISSING,MISSING,ALARM_SRC_1167,CA,2018.0,1.0,1.0,1.0
CRITICAL,PHYSICAL PORT DOWN,2018-01-16 01:56:30,1,2018-01-16 01:56:30,3074752.0,NORMAL,MISSING,MISSING,ALARM_SRC_1167,CA,2018.0,1.0,1.0,1.0
CRITICAL,PHYSICAL PORT DOWN,2018-01-16 01:56:31,1,2018-01-16 01:56:31,3074752.0,NORMAL,MISSING,MISSING,ALARM_SRC_1167,CA,2018.0,1.0,1.0,1.0
CRITICAL,PHYSICAL PORT DOWN,2018-01-16 01:56:33,1,2018-01-16 01:56:33,3074752.0,NORMAL,MISSING,MISSING,ALARM_SRC_1167,CA,2018.0,1.0,1.0,1.0
CRITICAL,PHYSICAL PORT DOWN,2018-01-16 01:56:34,1,2018-01-16 01:56:34,3074752.0,NORMAL,MISSING,MISSING,ALARM_SRC_1167,CA,2018.0,1.0,1.0,1.0
CRITICAL,PHYSICAL PORT DOWN,2018-01-23 11:20:32,1,2018-01-23 11:20:32,2505274.0,NORMAL,MISSING,MISSING,ALARM_SRC_0005,AG,2018.0,1.0,1.0,11.0
CRITICAL,PHYSICAL PORT DOWN,2018-01-23 11:20:32,1,2018-01-23 11:20:32,2505274.0,NORMAL,MISSING,MISSING,ALARM_SRC_0005,AG,2018.0,1.0,1.0,11.0
CRITICAL,PHYSICAL PORT DOWN,2018-06-08 19:41:58,1,2018-06-08 19:41:58,2505274.0,NORMAL,MISSING,MISSING,ALARM_SRC_0091,AG,2018.0,6.0,4.0,19.0
CRITICAL,PHYSICAL PORT DOWN,2018-06-08 19:43:16,1,2018-06-08 19:43:16,2505274.0,NORMAL,MISSING,MISSING,ALARM_SRC_0091,AG,2018.0,6.0,4.0,19.0
CRITICAL,PHYSICAL PORT DOWN,2018-06-08 20:29:25,1,2018-06-08 20:29:25,2505274.0,NORMAL,MISSING,MISSING,ALARM_SRC_0091,AG,2018.0,6.0,4.0,20.0
CRITICAL,PHYSICAL PORT DOWN,2018-07-31 00:34:22,1,2018-07-31 00:34:22,3074752.0,NORMAL,MISSING,MISSING,ALARM_SRC_1167,CA,2018.0,7.0,1.0,0.0
CRITICAL,PHYSICAL PORT DOWN,2018-07-31 00:34:22,1,2018-07-31 00:34:22,3074752.0,NORMAL,MISSING,MISSING,ALARM_SRC_1167,CA,2018.0,7.0,1.0,0.0
CRITICAL,PHYSICAL PORT DOWN,2018-07-31 00:34:23,1,2018-07-31 00:34:23,3074752.0,NORMAL,MISSING,MISSING,ALARM_SRC_1167,CA,2018.0,7.0,1.0,0.0
CRITICAL,PHYSICAL PORT DOWN,2018-07-31 00:34:23,1,2018-07-31 00:34:23,3074752.0,NORMAL,MISSING,MISSING,ALARM_SRC_1167,CA,2018.0,7.0,1.0,0.0
CRITICAL,PHYSICAL PORT DOWN,2018-07-31 00:34:23,1,2018-07-31 00:34:23,3074752.0,NORMAL,MISSING,MISSING,ALARM_SRC_1167,CA,2018.0,7.0,1.0,0.0
CRITICAL,PHYSICAL PORT DOWN,2018-07-31 00:34:23,1,2018-07-31 00:34:23,3074752.0,NORMAL,MISSING,MISSING,ALARM_SRC_1167,CA,2018.0,7.0,1.0,0.0
CRITICAL,PHYSICAL PORT DOWN,2018-07-31 00:34:23,1,2018-07-31 00:34:23,3074752.0,NORMAL,MISSING,MISSING,ALARM_SRC_1167,CA,2018.0,7.0,1.0,0.0
CRITICAL,PHYSICAL PORT DOWN,2018-07-31 00:34:23,1,2018-07-31 00:34:23,3074752.0,NORMAL,MISSING,MISSING,ALARM_SRC_1167,CA,2018.0,7.0,1.0,0.0
CRITICAL,PHYSICAL PORT DOWN,2018-07-31 00:34:23,1,2018-07-31 00:34:23,3074752.0,NORMAL,MISSING,MISSING,ALARM_SRC_1167,CA,2018.0,7.0,1.0,0.0
CRITICAL,PHYSICAL PORT DOWN,2018-07-31 00:34:23,1,2018-07-31 00:34:23,3074752.0,NORMAL,MISSING,MISSING,ALARM_SRC_1167,CA,2018.0,7.0,1.0,0.0
CRITICAL,PHYSICAL PORT DOWN,2018-07-31 00:34:23,1,2018-07-31 00:34:23,3074752.0,NORMAL,MISSING,MISSING,ALARM_SRC_1167,CA,2018.0,7.0,1.0,0.0
CRITICAL,PHYSICAL PORT DOWN,2018-07-31 00:34:23,1,2018-07-31 00:34:23,3074752.0,NORMAL,MISSING,MISSING,ALARM_SRC_1167,CA,2018.0,7.0,1.0,0.0
CRITICAL,PHYSICAL PORT DOWN,2018-07-31 00:34:23,1,2018-07-31 00:34:23,3074752.0,NORMAL,MISSING,MISSING,ALARM_SRC_1167,CA,2018.0,7.0,1.0,0.0
CRITICAL,PHYSICAL PORT DOWN,2018-07-31 00:34:23,1,2018-07-31 00:34:23,3074752.0,NORMAL,MISSING,MISSING,ALARM_SRC_1167,CA,2018.0,7.0,1.0,0.0
CRITICAL,PHYSICAL PORT DOWN,2018-07-31 00:34:23,1,2018-07-31 00:34:23,3074752.0,NORMAL,MISSING,MISSING,ALARM_SRC_1167,CA,2018.0,7.0,1.0,0.0
CRITICAL,PHYSICAL PORT DOWN,2018-07-31 00:34:23,1,2018-07-31 00:34:23,3074752.0,NORMAL,MISSING,MISSING,ALARM_SRC_1167,CA,2018.0,7.0,1.0,0.0
CRITICAL,PHYSICAL PORT DOWN,2018-07-31 00:34:23,1,2018-07-31 00:34:23,3074752.0,NORMAL,MISSING,MISSING,ALARM_SRC_1167,CA,2018.0,7.0,1.0,0.0
CRITICAL,PHYSICAL PORT DOWN,2018-07-31 00:34:23,1,2018-07-31 00:34:23,3074752.0,NORMAL,MISSING,MISSING,ALARM_SRC_1167,CA,2018.0,7.0,1.0,0.0
CRITICAL,PHYSICAL PORT DOWN,2018-07-31 00:34:23,1,2018-07-31 00:34:23,3074752.0,NORMAL,MISSING,MISSING,ALARM_SRC_1168,CA,2018.0,7.0,1.0,0.0
CRITICAL,PHYSICAL PORT DOWN,2018-07-31 00:34:23,1,2018-07-31 00:34:23,3074752.0,NORMAL,MISSING,MISSING,ALARM_SRC_1168,CA,2018.0,7.0,1.0,0.0
CRITICAL,PHYSICAL PORT DOWN,2018-07-31 00:34:23,1,2018-07-31 00:34:23,3074752.0,NORMAL,MISSING,MISSING,ALARM_SRC_1168,CA,2018.0,7.0,1.0,0.0
CRITICAL,PHYSICAL PORT DOWN,2018-07-31 00:34:23,1,2018-07-31 00:34:23,3074752.0,NORMAL,MISSING,MISSING,ALARM_SRC_1168,CA,2018.0,7.0,1.0,0.0
CRITICAL,PHYSICAL PORT DOWN,2018-07-31 00:34:23,1,2018-07-31 00:34:23,3074752.0,NORMAL,MISSING,MISSING,ALARM_SRC_1168,CA,2018.0,7.0,1.0,0.0
CRITICAL,PHYSICAL PORT DOWN,2018-07-31 00:34:23,1,2018-07-31 00:34:23,3074752.0,NORMAL,MISSING,MISSING,ALARM_SRC_1168,CA,2018.0,7.0,1.0,0.0
CRITICAL,PHYSICAL PORT DOWN,2018-07-31 00:34:23,1,2018-07-31 00:34:23,3074752.0,NORMAL,MISSING,MISSING,ALARM_SRC_1168,CA,2018.0,7.0,1.0,0.0
CRITICAL,PHYSICAL PORT DOWN,2018-07-31 00:34:23,1,2018-07-31 00:34:23,3074752.0,NORMAL,MISSING,MISSING,ALARM_SRC_1168,CA,2018.0,7.0,1.0,0.0
CRITICAL,PHYSICAL PORT DOWN,2018-07-31 00:34:23,1,2018-07-31 00:34:23,3074752.0,NORMAL,MISSING,MISSING,ALARM_SRC_1168,CA,2018.0,7.0,1.0,0.0
CRITICAL,PHYSICAL PORT DOWN,2018-07-31 00:34:23,1,2018-07-31 00:34:23,3074752.0,NORMAL,MISSING,MISSING,ALARM_SRC_1168,CA,2018.0,7.0,1.0,0.0
CRITICAL,PHYSICAL PORT DOWN,2018-07-31 00:34:23,1,2018-07-31 00:34:23,3074752.0,NORMAL,MISSING,MISSING,ALARM_SRC_1168,CA,2018.0,7.0,1.0,0.0
CRITICAL,PHYSICAL PORT DOWN,2018-07-31 00:34:23,1,2018-07-31 00:34:23,3074752.0,NORMAL,MISSING,MISSING,ALARM_SRC_1168,CA,2018.0,7.0,1.0,0.0
CRITICAL,PHYSICAL PORT DOWN,2018-07-31 00:34:23,1,2018-07-31 00:34:23,3074752.0,NORMAL,MISSING,MISSING,ALARM_SRC_1168,CA,2018.0,7.0,1.0,0.0
CRITICAL,PHYSICAL PORT DOWN,2018-07-31 00:34:23,1,2018-07-31 00:34:23,3074752.0,NORMAL,MISSING,MISSING,ALARM_SRC_1168,CA,2018.0,7.0,1.0,0.0
CRITICAL,PHYSICAL PORT DOWN,2018-07-31 00:34:23,1,2018-07-31 00:34:23,3074752.0,NORMAL,MISSING,MISSING,ALARM_SRC_1168,CA,2018.0,7.0,1.0,0.0
CRITICAL,PHYSICAL PORT DOWN,2018-07-31 00:34:23,1,2018-07-31 00:34:23,3074752.0,NORMAL,MISSING,MISSING,ALARM_SRC_1168,CA,2018.0,7.0,1.0,0.0
CRITICAL,PHYSICAL PORT DOWN,2018-07-31 00:34:23,1,2018-07-31 00:34:23,3074752.0,NORMAL,MISSING,MISSING,ALARM_SRC_1168,CA,2018.0,7.0,1.0,0.0
CRITICAL,PHYSICAL PORT DOWN,2018-07-31 00:34:24,1,2018-07-31 00:34:24,3074752.0,NORMAL,MISSING,MISSING,ALARM_SRC_1168,CA,2018.0,7.0,1.0,0.0
CRITICAL,PHYSICAL PORT DOWN,2018-07-31 00:34:24,1,2018-07-31 00:34:24,3074752.0,NORMAL,MISSING,MISSING,ALARM_SRC_1168,CA,2018.0,7.0,1.0,0.0
CRITICAL,PHYSICAL PORT DOWN,2018-07-31 00:34:24,1,2018-07-31 00:34:24,3074752.0,NORMAL,MISSING,MISSING,ALARM_SRC_1168,CA,2018.0,7.0,1.0,0.0
CRITICAL,PHYSICAL PORT DOWN,2018-07-31 00:34:24,1,2018-07-31 00:34:24,3074752.0,NORMAL,MISSING,MISSING,ALARM_SRC_1168,CA,2018.0,7.0,1.0,0.0
CRITICAL,PHYSICAL PORT DOWN,2018-07-31 00:34:24,1,2018-07-31 00:34:24,3074752.0,NORMAL,MISSING,MISSING,ALARM_SRC_1168,CA,2018.0,7.0,1.0,0.0
CRITICAL,PHYSICAL PORT DOWN,2018-07-31 00:34:24,1,2018-07-31 00:34:24,3074752.0,NORMAL,MISSING,MISSING,ALARM_SRC_1168,CA,2018.0,7.0,1.0,0.0
CRITICAL,PHYSICAL PORT DOWN,2018-08-01 23:56:36,1,2018-08-01 23:56:36,3074752.0,NORMAL,MISSING,MISSING,ALARM_SRC_1167,CA,2018.0,8.0,2.0,23.0
CRITICAL,PHYSICAL PORT DOWN,2018-08-01 23:56:36,1,2018-08-01 23:56:36,3074752.0,NORMAL,MISSING,MISSING,ALARM_SRC_1167,CA,2018.0,8.0,2.0,23.0
CRITICAL,PHYSICAL PORT DOWN,2018-08-01 23:56:36,1,2018-08-01 23:56:36,3074752.0,NORMAL,MISSING,MISSING,ALARM_SRC_1167,CA,2018.0,8.0,2.0,23.0
CRITICAL,PHYSICAL PORT DOWN,2018-08-01 23:56:36,1,2018-08-01 23:56:36,3074752.0,NORMAL,MISSING,MISSING,ALARM_SRC_1167,CA,2018.0,8.0,2.0,23.0
CRITICAL,PHYSICAL PORT DOWN,2018-08-01 23:56:36,1,2018-08-01 23:56:36,3074752.0,NORMAL,MISSING,MISSING,ALARM_SRC_1168,CA,2018.0,8.0,2.0,23.0
CRITICAL,PHYSICAL PORT DOWN,2018-08-01 23:56:36,1,2018-08-01 23:56:36,3074752.0,NORMAL,MISSING,MISSING,ALARM_SRC_1168,CA,2018.0,8.0,2.0,23.0
CRITICAL,PHYSICAL PORT DOWN,2018-08-01 23:56:36,1,2018-08-01 23:56:36,3074752.0,NORMAL,MISSING,MISSING,ALARM_SRC_1168,CA,2018.0,8.0,2.0,23.0
CRITICAL,PHYSICAL PORT DOWN,2018-08-01 23:56:37,1,2018-08-01 23:56:37,3074752.0,NORMAL,MISSING,MISSING,ALARM_SRC_1168,CA,2018.0,8.0,2.0,23.0
CRITICAL,PHYSICAL PORT DOWN,2018-08-01 23:56:38,1,2018-08-01 23:56:38,3074752.0,NORMAL,MISSING,MISSING,ALARM_SRC_1167,CA,2018.0,8.0,2.0,23.0
CRITICAL,PHYSICAL PORT DOWN,2018-08-01 23:56:38,1,2018-08-01 23:56:38,3074752.0,NORMAL,MISSING,MISSING,ALARM_SRC_1167,CA,2018.0,8.0,2.0,23.0
CRITICAL,PHYSICAL PORT DOWN,2018-08-01 23:56:38,1,2018-08-01 23:56:38,3074752.0,NORMAL,MISSING,MISSING,ALARM_SRC_1167,CA,2018.0,8.0,2.0,23.0
CRITICAL,PHYSICAL PORT DOWN,2018-08-01 23:56:38,1,2018-08-01 23:56:38,3074752.0,NORMAL,MISSING,MISSING,ALARM_SRC_1167,CA,2018.0,8.0,2.0,23.0
CRITICAL,PHYSICAL PORT DOWN,2018-08-01 23:56:38,1,2018-08-01 23:56:38,3074752.0,NORMAL,MISSING,MISSING,ALARM_SRC_1168,CA,2018.0,8.0,2.0,23.0
CRITICAL,PHYSICAL PORT DOWN,2018-08-01 23:56:38,1,2018-08-01 23:56:38,3074752.0,NORMAL,MISSING,MISSING,ALARM_SRC_1168,CA,2018.0,8.0,2.0,23.0
CRITICAL,PHYSICAL PORT DOWN,2018-08-01 23:56:38,1,2018-08-01 23:56:38,3074752.0,NORMAL,MISSING,MISSING,ALARM_SRC_1168,CA,2018.0,8.0,2.0,23.0
CRITICAL,PHYSICAL PORT DOWN,2018-08-01 23:56:38,1,2018-08-01 23:56:38,3074752.0,NORMAL,MISSING,MISSING,ALARM_SRC_1168,CA,2018.0,8.0,2.0,23.0
CRITICAL,PHYSICAL PORT DOWN,2018-08-31 11:33:06,1,2018-08-31 11:33:06,3074752.0,NORMAL,MISSING,MISSING,ALARM_SRC_1167,CA,2018.0,8.0,4.0,11.0
CRITICAL,PHYSICAL PORT DOWN,2018-09-17 23:55:17,1,2018-09-17 23:55:17,2505274.0,NORMAL,MISSING,MISSING,ALARM_SRC_0040,AG,2018.0,9.0,0.0,23.0
CRITICAL,PHYSICAL PORT DOWN,2018-09-18 00:02:48,1,2018-09-18 00:02:48,2505274.0,NORMAL,MISSING,MISSING,ALARM_SRC_0040,AG,2018.0,9.0,1.0,0.0
CRITICAL,PHYSICAL PORT DOWN,2018-09-18 00:27:09,1,2018-09-18 00:27:09,2505274.0,NORMAL,MISSING,MISSING,ALARM_SRC_0040,AG,2018.0,9.0,1.0,0.0
CRITICAL,PHYSICAL PORT DOWN,2018-10-26 00:10:48,1,2018-10-26 00:10:48,2505274.0,NORMAL,MISSING,MISSING,ALARM_SRC_0047,AG,2018.0,10.0,4.0,0.0
CRITICAL,PHYSICAL PORT DOWN,2018-11-30 11:58:34,1,2018-11-30 11:58:34,2505274.0,NORMAL,MISSING,MISSING,ALARM_SRC_0019,AG,2018.0,11.0,4.0,11.0
CRITICAL,PHYSICAL PORT DOWN,2018-12-21 13:17:28,1,2018-12-21 13:17:28,2505274.0,NORMAL,MISSING,MISSING,ALARM_SRC_0126,AG,2018.0,12.0,4.0,13.0
CRITICAL,PHYSICAL PORT DOWN,2018-12-28 15:45:25,1,2018-12-28 15:45:25,2505274.0,NORMAL,MISSING,MISSING,ALARM_SRC_0126,AG,2018.0,12.0,4.0,15.0
CRITICAL,PHYSICAL PORT DOWN,2019-01-04 00:56:06,1,2019-01-04 00:56:06,2505274.0,NORMAL,MISSING,MISSING,ALARM_SRC_0019,AG,2019.0,1.0,4.0,0.0
CRITICAL,PHYSICAL PORT DOWN,2019-01-25 00:36:05,1,2019-01-25 00:36:05,2505274.0,NORMAL,MISSING,MISSING,ALARM_SRC_0123,AG,2019.0,1.0,4.0,0.0
CRITICAL,PHYSICAL PORT DOWN,2019-02-16 02:10:19,1,2019-02-16 02:10:19,2505274.0,NORMAL,MISSING,MISSING,ALARM_SRC_0047,AG,2019.0,2.0,5.0,2.0
CRITICAL,PHYSICAL PORT DOWN,2019-02-16 02:11:57,1,2019-02-16 02:11:57,2505274.0,NORMAL,MISSING,MISSING,ALARM_SRC_0047,AG,2019.0,2.0,5.0,2.0
CRITICAL,PHYSICAL PORT DOWN,2019-05-02 23:47:37,1,2019-05-02 23:47:37,2505274.0,NORMAL,MISSING,MISSING,ALARM_SRC_0091,AG,2019.0,5.0,3.0,23.0
CRITICAL,PHYSICAL PORT DOWN,2019-05-09 11:10:08,1,2019-05-09 11:10:08,2505274.0,NORMAL,MISSING,MISSING,ALARM_SRC_0047,AG,2019.0,5.0,3.0,11.0
CRITICAL,PHYSICAL PORT DOWN,2019-08-08 11:32:31,1,2019-08-08 11:32:31,2505274.0,NORMAL,MISSING,MISSING,ALARM_SRC_0123,AG,2019.0,8.0,3.0,11.0
CRITICAL,PHYSICAL PORT DOWN,2019-08-30 12:50:13,1,2019-08-30 12:50:13,2505274.0,NORMAL,MISSING,MISSING,ALARM_SRC_0017,AG,2019.0,8.0,4.0,12.0
CRITICAL,BOARD INVALID,2019-10-03 23:31:32,1,2019-10-03 23:31:32,2505210.0,NORMAL,MISSING,MISSING,ALARM_SRC_0084,AG,2019.0,10.0,3.0,23.0
CRITICAL,PHYSICAL PORT DOWN,2019-10-29 10:59:11,1,2019-10-29 10:59:11,3074752.0,NORMAL,MISSING,MISSING,ALARM_SRC_1167,CA,2019.0,10.0,1.0,10.0
CRITICAL,PHYSICAL PORT DOWN,2019-10-29 10:59:36,1,2019-10-29 10:59:36,3074752.0,NORMAL,MISSING,MISSING,ALARM_SRC_1167,CA,2019.0,10.0,1.0,10.0
CRITICAL,PHYSICAL PORT DOWN,2019-10-30 14:19:07,1,2019-10-30 14:19:07,2505274.0,NORMAL,MISSING,MISSING,ALARM_SRC_0058,AG,2019.0,10.0,2.0,14.0
CRITICAL,BOARD INVALID,2019-11-29 12:30:23,1,2019-11-29 12:30:23,2505210.0,NORMAL,MISSING,MISSING,ALARM_SRC_0077,AG,2019.0,11.0,4.0,12.0
CRITICAL,PHYSICAL PORT DOWN,2019-12-18 10:24:40,1,2019-12-18 10:24:40,2505274.0,NORMAL,MISSING,MISSING,ALARM_SRC_0051,AG,2019.0,12.0,2.0,10.0
CRITICAL,PHYSICAL PORT DOWN,2019-12-19 23:44:20,1,2019-12-19 23:44:20,2505274.0,NORMAL,MISSING,MISSING,ALARM_SRC_0093,AG,2019.0,12.0,3.0,23.0
CRITICAL,PHYSICAL PORT DOWN,2020-01-10 00:02:00,1,2020-01-10 00:02:00,2505274.0,NORMAL,MISSING,MISSING,ALARM_SRC_0051,AG,2020.0,1.0,4.0,0.0
CRITICAL,BOARD INVALID,2020-01-10 00:08:36,1,2020-01-10 00:08:36,2505210.0,NORMAL,MISSING,MISSING,ALARM_SRC_0051,AG,2020.0,1.0,4.0,0.0
CRITICAL,PHYSICAL PORT DOWN,2020-01-17 19:35:49,1,2020-01-17 19:35:49,2505274.0,NORMAL,MISSING,MISSING,ALARM_SRC_0052,AG,2020.0,1.0,4.0,19.0
CRITICAL,PHYSICAL PORT DOWN,2020-01-23 22:05:56,1,2020-01-23 22:05:56,2505274.0,NORMAL,MISSING,MISSING,ALARM_SRC_0117,AG,2020.0,1.0,3.0,22.0
CRITICAL,PHYSICAL PORT DOWN,2020-01-30 00:07:27,1,2020-01-30 00:07:27,2505274.0,NORMAL,MISSING,MISSING,ALARM_SRC_0117,AG,2020.0,1.0,3.0,0.0
CRITICAL,PHYSICAL PORT DOWN,2020-02-04 23:59:06,1,2020-02-04 23:59:06,2505274.0,NORMAL,MISSING,MISSING,ALARM_SRC_0118,AG,2020.0,2.0,1.0,23.0
CRITICAL,PHYSICAL PORT DOWN,2020-02-05 00:06:33,1,2020-02-05 00:06:33,2505274.0,NORMAL,MISSING,MISSING,ALARM_SRC_0118,AG,2020.0,2.0,2.0,0.0
CRITICAL,BOARD INVALID,2020-02-05 00:13:17,1,2020-02-05 00:13:17,2505210.0,NORMAL,MISSING,MISSING,ALARM_SRC_0118,AG,2020.0,2.0,2.0,0.0
CRITICAL,BOARD INVALID,2020-02-13 16:47:17,1,2020-02-13 16:47:17,2505210.0,NORMAL,MISSING,MISSING,ALARM_SRC_0007,AG,2020.0,2.0,3.0,16.0
CRITICAL,PHYSICAL PORT DOWN,2020-02-20 00:34:03,1,2020-02-20 00:34:03,3074752.0,NORMAL,MISSING,MISSING,ALARM_SRC_1167,CA,2020.0,2.0,3.0,0.0
CRITICAL,PHYSICAL PORT DOWN,2020-02-20 00:34:41,1,2020-02-20 00:34:41,3074752.0,NORMAL,MISSING,MISSING,ALARM_SRC_1168,CA,2020.0,2.0,3.0,0.0
CRITICAL,PHYSICAL PORT DOWN,2020-02-20 00:34:56,1,2020-02-20 00:34:56,3074752.0,NORMAL,MISSING,MISSING,ALARM_SRC_1167,CA,2020.0,2.0,3.0,0.0
CRITICAL,PHYSICAL PORT DOWN,2020-02-20 00:35:05,1,2020-02-20 00:35:05,3074752.0,NORMAL,MISSING,MISSING,ALARM_SRC_1168,CA,2020.0,2.0,3.0,0.0
CRITICAL,PHYSICAL PORT DOWN,2020-02-20 00:35:31,1,2020-02-20 00:35:31,3074752.0,NORMAL,MISSING,MISSING,ALARM_SRC_1167,CA,2020.0,2.0,3.0,0.0
CRITICAL,PHYSICAL PORT DOWN,2020-02-20 00:35:36,1,2020-02-20 00:35:36,3074752.0,NORMAL,MISSING,MISSING,ALARM_SRC_1168,CA,2020.0,2.0,3.0,0.0
CRITICAL,PHYSICAL PORT DOWN,2020-02-20 00:40:13,1,2020-02-20 00:40:13,3074752.0,NORMAL,MISSING,MISSING,ALARM_SRC_1167,CA,2020.0,2.0,3.0,0.0
CRITICAL,PHYSICAL PORT DOWN,2020-02-20 00:40:18,1,2020-02-20 00:40:18,3074752.0,NORMAL,MISSING,MISSING,ALARM_SRC_1168,CA,2020.0,2.0,3.0,0.0
CRITICAL,PHYSICAL PORT DOWN,2020-02-20 00:41:08,1,2020-02-20 00:41:08,3074752.0,NORMAL,MISSING,MISSING,ALARM_SRC_1167,CA,2020.0,2.0,3.0,0.0
CRITICAL,PHYSICAL PORT DOWN,2020-02-20 00:41:11,1,2020-02-20 00:41:11,3074752.0,NORMAL,MISSING,MISSING,ALARM_SRC_1168,CA,2020.0,2.0,3.0,0.0
CRITICAL,PHYSICAL PORT DOWN,2020-02-20 00:41:16,1,2020-02-20 00:41:16,3074752.0,NORMAL,MISSING,MISSING,ALARM_SRC_1167,CA,2020.0,2.0,3.0,0.0
CRITICAL,PHYSICAL PORT DOWN,2020-02-20 00:41:18,1,2020-02-20 00:41:18,3074752.0,NORMAL,MISSING,MISSING,ALARM_SRC_1168,CA,2020.0,2.0,3.0,0.0
CRITICAL,PHYSICAL PORT DOWN,2020-02-20 00:41:27,1,2020-02-20 00:41:27,3074752.0,NORMAL,MISSING,MISSING,ALARM_SRC_1167,CA,2020.0,2.0,3.0,0.0
CRITICAL,PHYSICAL PORT DOWN,2020-02-20 00:41:29,1,2020-02-20 00:41:29,3074752.0,NORMAL,MISSING,MISSING,ALARM_SRC_1168,CA,2020.0,2.0,3.0,0.0
CRITICAL,PHYSICAL PORT DOWN,2020-02-20 00:41:32,1,2020-02-20 00:41:32,3074752.0,NORMAL,MISSING,MISSING,ALARM_SRC_1167,CA,2020.0,2.0,3.0,0.0
CRITICAL,PHYSICAL PORT DOWN,2020-02-20 00:41:34,1,2020-02-20 00:41:34,3074752.0,NORMAL,MISSING,MISSING,ALARM_SRC_1168,CA,2020.0,2.0,3.0,0.0
CRITICAL,PHYSICAL PORT DOWN,2020-02-20 00:41:46,1,2020-02-20 00:41:46,3074752.0,NORMAL,MISSING,MISSING,ALARM_SRC_1167,CA,2020.0,2.0,3.0,0.0
CRITICAL,PHYSICAL PORT DOWN,2020-02-20 00:41:52,1,2020-02-20 00:41:52,3074752.0,NORMAL,MISSING,MISSING,ALARM_SRC_1168,CA,2020.0,2.0,3.0,0.0
CRITICAL,PHYSICAL PORT DOWN,2020-02-20 00:41:57,1,2020-02-20 00:41:57,3074752.0,NORMAL,MISSING,MISSING,ALARM_SRC_1167,CA,2020.0,2.0,3.0,0.0
CRITICAL,PHYSICAL PORT DOWN,2020-02-20 00:42:03,1,2020-02-20 00:42:03,3074752.0,NORMAL,MISSING,MISSING,ALARM_SRC_1168,CA,2020.0,2.0,3.0,0.0
CRITICAL,PHYSICAL PORT DOWN,2020-02-20 00:42:13,1,2020-02-20 00:42:13,3074752.0,NORMAL,MISSING,MISSING,ALARM_SRC_1167,CA,2020.0,2.0,3.0,0.0
CRITICAL,PHYSICAL PORT DOWN,2020-02-20 00:42:27,1,2020-02-20 00:42:27,3074752.0,NORMAL,MISSING,MISSING,ALARM_SRC_1168,CA,2020.0,2.0,3.0,0.0
CRITICAL,PHYSICAL PORT DOWN,2020-02-20 00:42:29,1,2020-02-20 00:42:29,3074752.0,NORMAL,MISSING,MISSING,ALARM_SRC_1167,CA,2020.0,2.0,3.0,0.0
CRITICAL,PHYSICAL PORT DOWN,2020-02-20 00:42:47,1,2020-02-20 00:42:47,3074752.0,NORMAL,MISSING,MISSING,ALARM_SRC_1168,CA,2020.0,2.0,3.0,0.0
CRITICAL,PHYSICAL PORT DOWN,2020-02-20 00:42:57,1,2020-02-20 00:42:57,3074752.0,NORMAL,MISSING,MISSING,ALARM_SRC_1167,CA,2020.0,2.0,3.0,0.0
CRITICAL,PHYSICAL PORT DOWN,2020-02-20 00:42:59,1,2020-02-20 00:42:59,3074752.0,NORMAL,MISSING,MISSING,ALARM_SRC_1167,CA,2020.0,2.0,3.0,0.0
CRITICAL,PHYSICAL PORT DOWN,2020-02-20 00:43:01,1,2020-02-20 00:43:01,3074752.0,NORMAL,MISSING,MISSING,ALARM_SRC_1167,CA,2020.0,2.0,3.0,0.0
CRITICAL,PHYSICAL PORT DOWN,2020-02-20 00:43:05,1,2020-02-20 00:43:05,3074752.0,NORMAL,MISSING,MISSING,ALARM_SRC_1168,CA,2020.0,2.0,3.0,0.0
CRITICAL,PHYSICAL PORT DOWN,2020-02-20 00:43:09,1,2020-02-20 00:43:09,3074752.0,NORMAL,MISSING,MISSING,ALARM_SRC_1168,CA,2020.0,2.0,3.0,0.0
CRITICAL,PHYSICAL PORT DOWN,2020-02-20 00:43:13,1,2020-02-20 00:43:13,3074752.0,NORMAL,MISSING,MISSING,ALARM_SRC_1167,CA,2020.0,2.0,3.0,0.0
CRITICAL,PHYSICAL PORT DOWN,2020-02-20 00:43:13,1,2020-02-20 00:43:13,3074752.0,NORMAL,MISSING,MISSING,ALARM_SRC_1167,CA,2020.0,2.0,3.0,0.0
CRITICAL,PHYSICAL PORT DOWN,2020-02-20 00:43:16,1,2020-02-20 00:43:16,3074752.0,NORMAL,MISSING,MISSING,ALARM_SRC_1168,CA,2020.0,2.0,3.0,0.0
CRITICAL,PHYSICAL PORT DOWN,2020-02-20 00:43:18,1,2020-02-20 00:43:18,3074752.0,NORMAL,MISSING,MISSING,ALARM_SRC_1168,CA,2020.0,2.0,3.0,0.0
CRITICAL,PHYSICAL PORT DOWN,2020-02-20 00:43:20,1,2020-02-20 00:43:20,3074752.0,NORMAL,MISSING,MISSING,ALARM_SRC_1168,CA,2020.0,2.0,3.0,0.0
CRITICAL,PHYSICAL PORT DOWN,2020-02-25 14:26:19,1,2020-02-25 14:26:19,2505274.0,NORMAL,MISSING,MISSING,ALARM_SRC_0052,AG,2020.0,2.0,1.0,14.0
CRITICAL,PHYSICAL PORT DOWN,2020-03-18 00:20:39,1,2020-03-18 00:20:39,2505274.0,NORMAL,MISSING,MISSING,ALARM_SRC_0093,AG,2020.0,3.0,2.0,0.0
CRITICAL,PHYSICAL PORT DOWN,2020-04-05 10:21:58,1,2020-04-05 10:21:58,3074752.0,NORMAL,MISSING,MISSING,ALARM_SRC_1167,CA,2020.0,4.0,6.0,10.0
CRITICAL,PHYSICAL PORT DOWN,2020-04-20 13:01:19,1,2020-04-20 13:01:19,2505274.0,NORMAL,MISSING,MISSING,ALARM_SRC_0047,AG,2020.0,4.0,0.0,13.0
CRITICAL,PHYSICAL PORT DOWN,2020-04-22 14:44:35,1,2020-04-22 14:44:35,2505274.0,NORMAL,MISSING,MISSING,ALARM_SRC_0005,AG,2020.0,4.0,2.0,14.0
CRITICAL,PHYSICAL PORT DOWN,2020-04-24 10:10:10,1,2020-04-24 10:10:10,2505274.0,NORMAL,MISSING,MISSING,ALARM_SRC_0043,AG,2020.0,4.0,4.0,10.0
CRITICAL,PHYSICAL PORT DOWN,2020-05-22 00:01:50,1,2020-05-22 00:01:50,2505274.0,NORMAL,MISSING,MISSING,ALARM_SRC_0123,AG,2020.0,5.0,4.0,0.0
CRITICAL,PHYSICAL PORT DOWN,2020-05-28 23:29:51,1,2020-05-28 23:29:51,2505274.0,NORMAL,MISSING,MISSING,ALARM_SRC_1171,CA,2020.0,5.0,3.0,23.0
CRITICAL,PHYSICAL PORT DOWN,2020-06-05 08:45:21,1,2020-06-05 08:45:21,2505274.0,NORMAL,MISSING,MISSING,ALARM_SRC_0051,AG,2020.0,6.0,4.0,8.0
CRITICAL,PHYSICAL PORT DOWN,2020-06-05 08:45:29,1,2020-06-05 08:45:29,2505274.0,NORMAL,MISSING,MISSING,ALARM_SRC_0051,AG,2020.0,6.0,4.0,8.0
CRITICAL,BOARD INVALID,2020-06-23 02:52:30,1,2020-06-23 02:52:30,2505210.0,NORMAL,MISSING,MISSING,ALARM_SRC_0077,AG,2020.0,6.0,1.0,2.0
CRITICAL,PHYSICAL PORT DOWN,2020-08-03 18:17:19,1,2020-08-03 18:17:19,2505274.0,NORMAL,MISSING,MISSING,ALARM_SRC_0098,AG,2020.0,8.0,0.0,18.0
CRITICAL,PHYSICAL PORT DOWN,2020-08-04 10:48:49,1,2020-08-04 10:48:49,2505274.0,NORMAL,MISSING,MISSING,ALARM_SRC_0063,AG,2020.0,8.0,1.0,10.0
CRITICAL,PHYSICAL PORT DOWN,2020-08-06 18:35:00,1,2020-08-06 18:35:00,2505274.0,NORMAL,MISSING,MISSING,ALARM_SRC_0892,AR,2020.0,8.0,3.0,18.0
CRITICAL,PHYSICAL PORT DOWN,2020-08-21 14:40:21,1,2020-08-21 14:40:21,2505274.0,NORMAL,MISSING,MISSING,ALARM_SRC_0110,AG,2020.0,8.0,4.0,14.0
CRITICAL,PHYSICAL PORT DOWN,2020-08-26 14:31:54,1,2020-08-26 14:31:54,2505274.0,NORMAL,MISSING,MISSING,ALARM_SRC_0125,AG,2020.0,8.0,2.0,14.0
CRITICAL,BOARD INVALID,2020-08-31 11:08:11,1,2020-08-31 11:08:11,2505210.0,NORMAL,MISSING,MISSING,ALARM_SRC_0892,AR,2020.0,8.0,0.0,11.0
CRITICAL,PHYSICAL PORT DOWN,2020-09-15 12:15:13,1,2020-09-15 12:15:13,2505274.0,NORMAL,MISSING,MISSING,ALARM_SRC_0038,AG,2020.0,9.0,1.0,12.0
CRITICAL,PHYSICAL PORT DOWN,2020-09-18 14:53:14,1,2020-09-18 14:53:14,2505274.0,NORMAL,MISSING,MISSING,ALARM_SRC_0019,AG,2020.0,9.0,4.0,14.0
CRITICAL,PHYSICAL PORT DOWN,2020-09-21 11:58:41,1,2020-09-21 11:58:41,2505274.0,NORMAL,MISSING,MISSING,ALARM_SRC_0005,AG,2020.0,9.0,0.0,11.0
CRITICAL,PHYSICAL PORT DOWN,2020-09-26 00:25:09,1,2020-09-26 00:25:09,3074752.0,NORMAL,MISSING,MISSING,ALARM_SRC_1167,CA,2020.0,9.0,5.0,0.0
CRITICAL,PHYSICAL PORT DOWN,2020-09-26 00:25:31,1,2020-09-26 00:25:31,3074752.0,NORMAL,MISSING,MISSING,ALARM_SRC_1168,CA,2020.0,9.0,5.0,0.0
CRITICAL,PHYSICAL PORT DOWN,2020-09-26 00:26:27,1,2020-09-26 00:26:27,3074752.0,NORMAL,MISSING,MISSING,ALARM_SRC_1167,CA,2020.0,9.0,5.0,0.0
CRITICAL,PHYSICAL PORT DOWN,2020-09-26 00:26:47,1,2020-09-26 00:26:47,3074752.0,NORMAL,MISSING,MISSING,ALARM_SRC_1168,CA,2020.0,9.0,5.0,0.0
CRITICAL,PHYSICAL PORT DOWN,2020-09-26 00:27:03,1,2020-09-26 00:27:03,3074752.0,NORMAL,MISSING,MISSING,ALARM_SRC_1167,CA,2020.0,9.0,5.0,0.0
CRITICAL,PHYSICAL PORT DOWN,2020-09-26 00:27:18,1,2020-09-26 00:27:18,3074752.0,NORMAL,MISSING,MISSING,ALARM_SRC_1168,CA,2020.0,9.0,5.0,0.0
CRITICAL,PHYSICAL PORT DOWN,2020-09-26 00:27:38,1,2020-09-26 00:27:38,3074752.0,NORMAL,MISSING,MISSING,ALARM_SRC_1167,CA,2020.0,9.0,5.0,0.0
CRITICAL,PHYSICAL PORT DOWN,2020-09-26 00:27:50,1,2020-09-26 00:27:50,3074752.0,NORMAL,MISSING,MISSING,ALARM_SRC_1168,CA,2020.0,9.0,5.0,0.0
CRITICAL,PHYSICAL PORT DOWN,2020-09-26 00:28:05,1,2020-09-26 00:28:05,3074752.0,NORMAL,MISSING,MISSING,ALARM_SRC_1167,CA,2020.0,9.0,5.0,0.0
CRITICAL,PHYSICAL PORT DOWN,2020-09-26 00:28:29,1,2020-09-26 00:28:29,3074752.0,NORMAL,MISSING,MISSING,ALARM_SRC_1168,CA,2020.0,9.0,5.0,0.0
CRITICAL,PHYSICAL PORT DOWN,2020-09-26 00:28:53,1,2020-09-26 00:28:53,3074752.0,NORMAL,MISSING,MISSING,ALARM_SRC_1167,CA,2020.0,9.0,5.0,0.0
CRITICAL,PHYSICAL PORT DOWN,2020-09-26 00:29:13,1,2020-09-26 00:29:13,3074752.0,NORMAL,MISSING,MISSING,ALARM_SRC_1168,CA,2020.0,9.0,5.0,0.0
CRITICAL,PHYSICAL PORT DOWN,2020-09-26 00:29:26,1,2020-09-26 00:29:26,3074752.0,NORMAL,MISSING,MISSING,ALARM_SRC_1167,CA,2020.0,9.0,5.0,0.0
CRITICAL,PHYSICAL PORT DOWN,2020-09-26 00:29:45,1,2020-09-26 00:29:45,3074752.0,NORMAL,MISSING,MISSING,ALARM_SRC_1168,CA,2020.0,9.0,5.0,0.0
CRITICAL,PHYSICAL PORT DOWN,2020-09-26 00:30:10,1,2020-09-26 00:30:10,3074752.0,NORMAL,MISSING,MISSING,ALARM_SRC_1167,CA,2020.0,9.0,5.0,0.0
CRITICAL,PHYSICAL PORT DOWN,2020-09-26 00:30:24,1,2020-09-26 00:30:24,3074752.0,NORMAL,MISSING,MISSING,ALARM_SRC_1168,CA,2020.0,9.0,5.0,0.0
CRITICAL,PHYSICAL PORT DOWN,2020-09-26 00:31:09,1,2020-09-26 00:31:09,3074752.0,NORMAL,MISSING,MISSING,ALARM_SRC_1167,CA,2020.0,9.0,5.0,0.0
CRITICAL,PHYSICAL PORT DOWN,2020-09-26 00:31:19,1,2020-09-26 00:31:19,3074752.0,NORMAL,MISSING,MISSING,ALARM_SRC_1167,CA,2020.0,9.0,5.0,0.0
CRITICAL,PHYSICAL PORT DOWN,2020-09-26 00:31:33,1,2020-09-26 00:31:33,3074752.0,NORMAL,MISSING,MISSING,ALARM_SRC_1168,CA,2020.0,9.0,5.0,0.0
CRITICAL,PHYSICAL PORT DOWN,2020-09-26 00:32:07,1,2020-09-26 00:32:07,3074752.0,NORMAL,MISSING,MISSING,ALARM_SRC_1168,CA,2020.0,9.0,5.0,0.0
CRITICAL,PHYSICAL PORT DOWN,2020-09-26 00:32:26,1,2020-09-26 00:32:26,3074752.0,NORMAL,MISSING,MISSING,ALARM_SRC_1167,CA,2020.0,9.0,5.0,0.0
CRITICAL,PHYSICAL PORT DOWN,2020-09-26 00:32:34,1,2020-09-26 00:32:34,3074752.0,NORMAL,MISSING,MISSING,ALARM_SRC_1167,CA,2020.0,9.0,5.0,0.0
CRITICAL,PHYSICAL PORT DOWN,2020-09-26 00:32:38,1,2020-09-26 00:32:38,3074752.0,NORMAL,MISSING,MISSING,ALARM_SRC_1168,CA,2020.0,9.0,5.0,0.0
CRITICAL,PHYSICAL PORT DOWN,2020-09-26 00:32:43,1,2020-09-26 00:32:43,3074752.0,NORMAL,MISSING,MISSING,ALARM_SRC_1168,CA,2020.0,9.0,5.0,0.0
CRITICAL,PHYSICAL PORT DOWN,2020-09-26 00:33:09,1,2020-09-26 00:33:09,3074752.0,NORMAL,MISSING,MISSING,ALARM_SRC_1167,CA,2020.0,9.0,5.0,0.0
CRITICAL,PHYSICAL PORT DOWN,2020-09-26 00:33:30,1,2020-09-26 00:33:30,3074752.0,NORMAL,MISSING,MISSING,ALARM_SRC_1168,CA,2020.0,9.0,5.0,0.0
CRITICAL,PHYSICAL PORT DOWN,2020-09-26 00:33:46,1,2020-09-26 00:33:46,3074752.0,NORMAL,MISSING,MISSING,ALARM_SRC_1167,CA,2020.0,9.0,5.0,0.0
CRITICAL,PHYSICAL PORT DOWN,2020-09-26 00:33:51,1,2020-09-26 00:33:51,3074752.0,NORMAL,MISSING,MISSING,ALARM_SRC_1168,CA,2020.0,9.0,5.0,0.0
CRITICAL,PHYSICAL PORT DOWN,2020-09-26 00:34:09,1,2020-09-26 00:34:09,3074752.0,NORMAL,MISSING,MISSING,ALARM_SRC_1167,CA,2020.0,9.0,5.0,0.0
CRITICAL,PHYSICAL PORT DOWN,2020-09-26 00:34:14,1,2020-09-26 00:34:14,3074752.0,NORMAL,MISSING,MISSING,ALARM_SRC_1168,CA,2020.0,9.0,5.0,0.0
CRITICAL,PHYSICAL PORT DOWN,2020-09-26 00:34:24,1,2020-09-26 00:34:24,3074752.0,NORMAL,MISSING,MISSING,ALARM_SRC_1167,CA,2020.0,9.0,5.0,0.0
CRITICAL,PHYSICAL PORT DOWN,2020-09-26 00:34:39,1,2020-09-26 00:34:39,3074752.0,NORMAL,MISSING,MISSING,ALARM_SRC_1168,CA,2020.0,9.0,5.0,0.0
CRITICAL,PHYSICAL PORT DOWN,2020-09-26 00:34:58,1,2020-09-26 00:34:58,3074752.0,NORMAL,MISSING,MISSING,ALARM_SRC_1167,CA,2020.0,9.0,5.0,0.0
CRITICAL,PHYSICAL PORT DOWN,2020-09-26 00:35:12,1,2020-09-26 00:35:12,3074752.0,NORMAL,MISSING,MISSING,ALARM_SRC_1167,CA,2020.0,9.0,5.0,0.0
CRITICAL,PHYSICAL PORT DOWN,2020-09-26 00:35:18,1,2020-09-26 00:35:18,3074752.0,NORMAL,MISSING,MISSING,ALARM_SRC_1168,CA,2020.0,9.0,5.0,0.0
CRITICAL,PHYSICAL PORT DOWN,2020-09-26 00:35:23,1,2020-09-26 00:35:23,3074752.0,NORMAL,MISSING,MISSING,ALARM_SRC_1168,CA,2020.0,9.0,5.0,0.0
CRITICAL,PHYSICAL PORT DOWN,2020-09-26 00:35:34,1,2020-09-26 00:35:34,3074752.0,NORMAL,MISSING,MISSING,ALARM_SRC_1167,CA,2020.0,9.0,5.0,0.0
CRITICAL,PHYSICAL PORT DOWN,2020-09-26 00:35:40,1,2020-09-26 00:35:40,3074752.0,NORMAL,MISSING,MISSING,ALARM_SRC_1167,CA,2020.0,9.0,5.0,0.0
CRITICAL,PHYSICAL PORT DOWN,2020-09-26 00:35:44,1,2020-09-26 00:35:44,3074752.0,NORMAL,MISSING,MISSING,ALARM_SRC_1168,CA,2020.0,9.0,5.0,0.0
CRITICAL,PHYSICAL PORT DOWN,2020-09-26 00:35:50,1,2020-09-26 00:35:50,3074752.0,NORMAL,MISSING,MISSING,ALARM_SRC_1168,CA,2020.0,9.0,5.0,0.0
CRITICAL,PHYSICAL PORT DOWN,2020-09-26 00:36:21,1,2020-09-26 00:36:21,3074752.0,NORMAL,MISSING,MISSING,ALARM_SRC_1167,CA,2020.0,9.0,5.0,0.0
CRITICAL,PHYSICAL PORT DOWN,2020-09-26 00:36:30,1,2020-09-26 00:36:30,3074752.0,NORMAL,MISSING,MISSING,ALARM_SRC_1168,CA,2020.0,9.0,5.0,0.0
CRITICAL,PHYSICAL PORT DOWN,2020-09-26 00:36:42,1,2020-09-26 00:36:42,3074752.0,NORMAL,MISSING,MISSING,ALARM_SRC_1167,CA,2020.0,9.0,5.0,0.0
CRITICAL,PHYSICAL PORT DOWN,2020-09-26 00:36:46,1,2020-09-26 00:36:46,3074752.0,NORMAL,MISSING,MISSING,ALARM_SRC_1168,CA,2020.0,9.0,5.0,0.0
CRITICAL,PHYSICAL PORT DOWN,2020-09-26 00:39:54,1,2020-09-26 00:39:54,3074752.0,NORMAL,MISSING,MISSING,ALARM_SRC_1167,CA,2020.0,9.0,5.0,0.0
CRITICAL,PHYSICAL PORT DOWN,2020-09-26 00:40:01,1,2020-09-26 00:40:01,3074752.0,NORMAL,MISSING,MISSING,ALARM_SRC_1168,CA,2020.0,9.0,5.0,0.0
CRITICAL,PHYSICAL PORT DOWN,2020-09-26 00:40:13,1,2020-09-26 00:40:13,3074752.0,NORMAL,MISSING,MISSING,ALARM_SRC_1167,CA,2020.0,9.0,5.0,0.0
CRITICAL,PHYSICAL PORT DOWN,2020-09-26 00:40:22,1,2020-09-26 00:40:22,3074752.0,NORMAL,MISSING,MISSING,ALARM_SRC_1168,CA,2020.0,9.0,5.0,0.0
CRITICAL,PHYSICAL PORT DOWN,2020-09-26 00:40:54,1,2020-09-26 00:40:54,3074752.0,NORMAL,MISSING,MISSING,ALARM_SRC_1167,CA,2020.0,9.0,5.0,0.0
CRITICAL,PHYSICAL PORT DOWN,2020-09-26 00:41:04,1,2020-09-26 00:41:04,3074752.0,NORMAL,MISSING,MISSING,ALARM_SRC_1167,CA,2020.0,9.0,5.0,0.0
CRITICAL,PHYSICAL PORT DOWN,2020-09-26 00:41:14,1,2020-09-26 00:41:14,3074752.0,NORMAL,MISSING,MISSING,ALARM_SRC_1168,CA,2020.0,9.0,5.0,0.0
CRITICAL,PHYSICAL PORT DOWN,2020-09-26 00:41:28,1,2020-09-26 00:41:28,3074752.0,NORMAL,MISSING,MISSING,ALARM_SRC_1167,CA,2020.0,9.0,5.0,0.0
CRITICAL,PHYSICAL PORT DOWN,2020-09-26 00:41:32,1,2020-09-26 00:41:32,3074752.0,NORMAL,MISSING,MISSING,ALARM_SRC_1167,CA,2020.0,9.0,5.0,0.0
CRITICAL,PHYSICAL PORT DOWN,2020-09-26 00:41:37,1,2020-09-26 00:41:37,3074752.0,NORMAL,MISSING,MISSING,ALARM_SRC_1168,CA,2020.0,9.0,5.0,0.0
CRITICAL,PHYSICAL PORT DOWN,2020-09-26 00:41:55,1,2020-09-26 00:41:55,3074752.0,NORMAL,MISSING,MISSING,ALARM_SRC_1167,CA,2020.0,9.0,5.0,0.0
CRITICAL,PHYSICAL PORT DOWN,2020-09-26 00:42:03,1,2020-09-26 00:42:03,3074752.0,NORMAL,MISSING,MISSING,ALARM_SRC_1168,CA,2020.0,9.0,5.0,0.0
CRITICAL,PHYSICAL PORT DOWN,2020-09-26 00:42:15,1,2020-09-26 00:42:15,3074752.0,NORMAL,MISSING,MISSING,ALARM_SRC_1167,CA,2020.0,9.0,5.0,0.0
CRITICAL,PHYSICAL PORT DOWN,2020-09-26 00:42:21,1,2020-09-26 00:42:21,3074752.0,NORMAL,MISSING,MISSING,ALARM_SRC_1168,CA,2020.0,9.0,5.0,0.0
CRITICAL,PHYSICAL PORT DOWN,2020-09-26 00:42:39,1,2020-09-26 00:42:39,3074752.0,NORMAL,MISSING,MISSING,ALARM_SRC_1167,CA,2020.0,9.0,5.0,0.0
CRITICAL,PHYSICAL PORT DOWN,2020-09-26 00:42:50,1,2020-09-26 00:42:50,3074752.0,NORMAL,MISSING,MISSING,ALARM_SRC_1168,CA,2020.0,9.0,5.0,0.0
CRITICAL,PHYSICAL PORT DOWN,2020-09-26 00:43:08,1,2020-09-26 00:43:08,3074752.0,NORMAL,MISSING,MISSING,ALARM_SRC_1167,CA,2020.0,9.0,5.0,0.0
CRITICAL,PHYSICAL PORT DOWN,2020-09-26 00:43:15,1,2020-09-26 00:43:15,3074752.0,NORMAL,MISSING,MISSING,ALARM_SRC_1168,CA,2020.0,9.0,5.0,0.0
CRITICAL,PHYSICAL PORT DOWN,2020-09-26 00:43:30,1,2020-09-26 00:43:30,3074752.0,NORMAL,MISSING,MISSING,ALARM_SRC_1167,CA,2020.0,9.0,5.0,0.0
CRITICAL,PHYSICAL PORT DOWN,2020-09-26 00:43:55,1,2020-09-26 00:43:55,3074752.0,NORMAL,MISSING,MISSING,ALARM_SRC_1167,CA,2020.0,9.0,5.0,0.0
CRITICAL,PHYSICAL PORT DOWN,2020-09-26 00:44:14,1,2020-09-26 00:44:14,3074752.0,NORMAL,MISSING,MISSING,ALARM_SRC_1167,CA,2020.0,9.0,5.0,0.0
CRITICAL,PHYSICAL PORT DOWN,2020-09-26 00:44:21,1,2020-09-26 00:44:21,3074752.0,NORMAL,MISSING,MISSING,ALARM_SRC_1168,CA,2020.0,9.0,5.0,0.0
CRITICAL,PHYSICAL PORT DOWN,2020-09-26 00:44:33,1,2020-09-26 00:44:33,3074752.0,NORMAL,MISSING,MISSING,ALARM_SRC_1167,CA,2020.0,9.0,5.0,0.0
CRITICAL,PHYSICAL PORT DOWN,2020-09-26 00:44:46,1,2020-09-26 00:44:46,3074752.0,NORMAL,MISSING,MISSING,ALARM_SRC_1168,CA,2020.0,9.0,5.0,0.0
CRITICAL,PHYSICAL PORT DOWN,2020-09-26 00:45:01,1,2020-09-26 00:45:01,3074752.0,NORMAL,MISSING,MISSING,ALARM_SRC_1167,CA,2020.0,9.0,5.0,0.0
CRITICAL,PHYSICAL PORT DOWN,2020-09-26 00:45:25,1,2020-09-26 00:45:25,3074752.0,NORMAL,MISSING,MISSING,ALARM_SRC_1167,CA,2020.0,9.0,5.0,0.0
CRITICAL,PHYSICAL PORT DOWN,2020-09-26 00:45:57,1,2020-09-26 00:45:57,3074752.0,NORMAL,MISSING,MISSING,ALARM_SRC_1167,CA,2020.0,9.0,5.0,0.0
CRITICAL,PHYSICAL PORT DOWN,2020-09-26 00:46:03,1,2020-09-26 00:46:03,3074752.0,NORMAL,MISSING,MISSING,ALARM_SRC_1167,CA,2020.0,9.0,5.0,0.0
CRITICAL,PHYSICAL PORT DOWN,2020-09-26 00:46:13,1,2020-09-26 00:46:13,3074752.0,NORMAL,MISSING,MISSING,ALARM_SRC_1168,CA,2020.0,9.0,5.0,0.0
CRITICAL,PHYSICAL PORT DOWN,2020-09-26 00:46:30,1,2020-09-26 00:46:30,3074752.0,NORMAL,MISSING,MISSING,ALARM_SRC_1167,CA,2020.0,9.0,5.0,0.0
CRITICAL,PHYSICAL PORT DOWN,2020-09-26 00:46:34,1,2020-09-26 00:46:34,3074752.0,NORMAL,MISSING,MISSING,ALARM_SRC_1167,CA,2020.0,9.0,5.0,0.0
CRITICAL,PHYSICAL PORT DOWN,2020-09-26 00:46:44,1,2020-09-26 00:46:44,3074752.0,NORMAL,MISSING,MISSING,ALARM_SRC_1168,CA,2020.0,9.0,5.0,0.0
CRITICAL,PHYSICAL PORT DOWN,2020-09-26 00:47:10,1,2020-09-26 00:47:10,3074752.0,NORMAL,MISSING,MISSING,ALARM_SRC_1167,CA,2020.0,9.0,5.0,0.0
CRITICAL,PHYSICAL PORT DOWN,2020-09-26 00:47:13,1,2020-09-26 00:47:13,3074752.0,NORMAL,MISSING,MISSING,ALARM_SRC_1168,CA,2020.0,9.0,5.0,0.0
CRITICAL,PHYSICAL PORT DOWN,2020-09-26 00:47:24,1,2020-09-26 00:47:24,3074752.0,NORMAL,MISSING,MISSING,ALARM_SRC_1167,CA,2020.0,9.0,5.0,0.0
CRITICAL,PHYSICAL PORT DOWN,2020-09-26 00:47:29,1,2020-09-26 00:47:29,3074752.0,NORMAL,MISSING,MISSING,ALARM_SRC_1168,CA,2020.0,9.0,5.0,0.0
CRITICAL,PHYSICAL PORT DOWN,2020-10-14 13:06:52,1,2020-10-14 13:06:52,2505274.0,NORMAL,MISSING,MISSING,ALARM_SRC_0051,AG,2020.0,10.0,2.0,13.0
CRITICAL,PHYSICAL PORT DOWN,2020-12-02 09:18:18,1,2020-12-02 09:18:18,2505274.0,NORMAL,MISSING,MISSING,ALARM_SRC_0113,AG,2020.0,12.0,2.0,9.0
CRITICAL,PHYSICAL PORT DOWN,2020-12-10 12:44:22,1,2020-12-10 12:44:22,2505274.0,NORMAL,MISSING,MISSING,ALARM_SRC_0122,AG,2020.0,12.0,3.0,12.0
CRITICAL,PHYSICAL PORT DOWN,2020-12-11 12:07:48,1,2020-12-11 12:07:48,2505274.0,NORMAL,MISSING,MISSING,ALARM_SRC_0110,AG,2020.0,12.0,4.0,12.0
CRITICAL,PHYSICAL PORT DOWN,2021-01-05 08:50:13,1,2021-01-05 08:50:13,2505274.0,NORMAL,MISSING,MISSING,ALARM_SRC_0019,AG,2021.0,1.0,1.0,8.0
CRITICAL,PHYSICAL PORT DOWN,2021-01-20 04:34:50,1,2021-01-20 04:34:50,2505274.0,NORMAL,MISSING,MISSING,ALARM_SRC_0123,AG,2021.0,1.0,2.0,4.0
CRITICAL,PHYSICAL PORT DOWN,2021-01-27 08:42:28,1,2021-01-27 08:42:28,2505274.0,NORMAL,MISSING,ACKNOWLEDGED,ALARM_SRC_0131,AR,2021.0,1.0,2.0,8.0
CRITICAL,PHYSICAL PORT DOWN,2021-01-30 01:13:27,1,2021-01-30 01:13:27,2505274.0,NORMAL,MISSING,MISSING,ALARM_SRC_0040,AG,2021.0,1.0,5.0,1.0
CRITICAL,PHYSICAL PORT DOWN,2021-02-05 11:37:14,1,2021-02-05 11:37:14,2505274.0,NORMAL,MISSING,MISSING,ALARM_SRC_0058,AG,2021.0,2.0,4.0,11.0
CRITICAL,PHYSICAL PORT DOWN,2021-02-06 00:21:04,1,2021-02-06 00:21:04,2505274.0,NORMAL,MISSING,MISSING,ALARM_SRC_0106,AG,2021.0,2.0,5.0,0.0
CRITICAL,PHYSICAL PORT DOWN,2021-02-06 06:38:59,1,2021-02-06 06:38:59,2505274.0,NORMAL,MISSING,MISSING,ALARM_SRC_0108,AG,2021.0,2.0,5.0,6.0
CRITICAL,BOARD INVALID,2021-02-06 06:43:25,1,2021-02-06 06:43:25,2505210.0,NORMAL,MISSING,MISSING,ALARM_SRC_0108,AG,2021.0,2.0,5.0,6.0
CRITICAL,PHYSICAL PORT DOWN,2021-02-18 10:41:32,1,2021-02-18 10:41:32,2505274.0,NORMAL,MISSING,MISSING,ALARM_SRC_0125,AG,2021.0,2.0,3.0,10.0
CRITICAL,PHYSICAL PORT DOWN,2021-02-18 18:25:39,1,2021-02-18 18:25:39,2505274.0,NORMAL,MISSING,MISSING,ALARM_SRC_0125,AG,2021.0,2.0,3.0,18.0
CRITICAL,PHYSICAL PORT DOWN,2021-02-19 11:24:52,1,2021-02-19 11:24:52,2505274.0,NORMAL,MISSING,MISSING,ALARM_SRC_0070,AG,2021.0,2.0,4.0,11.0
CRITICAL,PHYSICAL PORT DOWN,2021-02-20 14:17:51,1,2021-02-20 14:17:51,2505274.0,NORMAL,MISSING,MISSING,ALARM_SRC_0084,AG,2021.0,2.0,5.0,14.0
CRITICAL,PHYSICAL PORT DOWN,2021-02-20 14:21:07,1,2021-02-20 14:21:07,2505274.0,NORMAL,MISSING,MISSING,ALARM_SRC_0084,AG,2021.0,2.0,5.0,14.0
CRITICAL,BOARD INVALID,2021-02-20 14:26:38,1,2021-02-20 14:26:38,2505210.0,NORMAL,MISSING,MISSING,ALARM_SRC_0084,AG,2021.0,2.0,5.0,14.0
CRITICAL,PHYSICAL PORT DOWN,2021-02-23 16:05:08,1,2021-02-23 16:05:08,2505274.0,NORMAL,MISSING,MISSING,ALARM_SRC_0123,AG,2021.0,2.0,1.0,16.0
CRITICAL,PHYSICAL PORT DOWN,2021-03-08 16:02:11,1,2021-03-08 16:02:11,2505274.0,NORMAL,MISSING,MISSING,ALARM_SRC_0070,AG,2021.0,3.0,0.0,16.0
CRITICAL,PHYSICAL PORT DOWN,2021-03-19 16:30:08,1,2021-03-19 16:30:08,2505274.0,NORMAL,MISSING,MISSING,ALARM_SRC_0094,AG,2021.0,3.0,4.0,16.0
CRITICAL,PHYSICAL PORT DOWN,2021-03-24 14:08:43,1,2021-03-24 14:08:43,2505274.0,NORMAL,MISSING,MISSING,ALARM_SRC_0070,AG,2021.0,3.0,2.0,14.0
CRITICAL,PHYSICAL PORT DOWN,2021-03-25 01:21:16,1,2021-03-25 01:21:16,2505274.0,NORMAL,MISSING,MISSING,ALARM_SRC_1171,CA,2021.0,3.0,3.0,1.0
CRITICAL,PHYSICAL PORT DOWN,2021-03-25 01:21:30,1,2021-03-25 01:21:30,2505274.0,NORMAL,MISSING,MISSING,ALARM_SRC_1171,CA,2021.0,3.0,3.0,1.0
CRITICAL,PHYSICAL PORT DOWN,2021-03-25 01:27:20,1,2021-03-25 01:27:20,2505274.0,NORMAL,MISSING,MISSING,ALARM_SRC_1171,CA,2021.0,3.0,3.0,1.0
CRITICAL,PHYSICAL PORT DOWN,2021-03-25 01:28:33,1,2021-03-25 01:28:33,2505274.0,NORMAL,MISSING,MISSING,ALARM_SRC_1172,CA,2021.0,3.0,3.0,1.0
CRITICAL,PHYSICAL PORT DOWN,2021-03-25 01:28:37,1,2021-03-25 01:28:37,2505274.0,NORMAL,MISSING,MISSING,ALARM_SRC_1172,CA,2021.0,3.0,3.0,1.0
CRITICAL,PHYSICAL PORT DOWN,2021-03-25 01:28:44,1,2021-03-25 01:28:44,2505274.0,NORMAL,MISSING,MISSING,ALARM_SRC_1172,CA,2021.0,3.0,3.0,1.0
CRITICAL,PHYSICAL PORT DOWN,2021-03-25 01:28:59,1,2021-03-25 01:28:59,2505274.0,NORMAL,MISSING,MISSING,ALARM_SRC_1171,CA,2021.0,3.0,3.0,1.0
CRITICAL,PHYSICAL PORT DOWN,2021-03-25 01:29:11,1,2021-03-25 01:29:11,2505274.0,NORMAL,MISSING,MISSING,ALARM_SRC_1172,CA,2021.0,3.0,3.0,1.0
CRITICAL,PHYSICAL PORT DOWN,2021-03-25 01:49:47,1,2021-03-25 01:49:47,3074752.0,NORMAL,MISSING,MISSING,ALARM_SRC_1167,CA,2021.0,3.0,3.0,1.0
CRITICAL,PHYSICAL PORT DOWN,2021-03-25 01:49:52,1,2021-03-25 01:49:52,3074752.0,NORMAL,MISSING,MISSING,ALARM_SRC_1167,CA,2021.0,3.0,3.0,1.0
CRITICAL,PHYSICAL PORT DOWN,2021-03-25 01:50:01,1,2021-03-25 01:50:01,3074752.0,NORMAL,MISSING,MISSING,ALARM_SRC_1167,CA,2021.0,3.0,3.0,1.0
CRITICAL,PHYSICAL PORT DOWN,2021-03-25 01:50:15,1,2021-03-25 01:50:15,3074752.0,NORMAL,MISSING,MISSING,ALARM_SRC_1168,CA,2021.0,3.0,3.0,1.0
CRITICAL,PHYSICAL PORT DOWN,2021-03-25 01:50:18,1,2021-03-25 01:50:18,3074752.0,NORMAL,MISSING,MISSING,ALARM_SRC_1168,CA,2021.0,3.0,3.0,1.0
CRITICAL,PHYSICAL PORT DOWN,2021-03-25 01:50:26,1,2021-03-25 01:50:26,3074752.0,NORMAL,MISSING,MISSING,ALARM_SRC_1168,CA,2021.0,3.0,3.0,1.0
CRITICAL,PHYSICAL PORT DOWN,2021-03-25 01:50:42,1,2021-03-25 01:50:42,3074752.0,NORMAL,MISSING,MISSING,ALARM_SRC_1167,CA,2021.0,3.0,3.0,1.0
CRITICAL,PHYSICAL PORT DOWN,2021-03-25 01:51:02,1,2021-03-25 01:51:02,3074752.0,NORMAL,MISSING,MISSING,ALARM_SRC_1168,CA,2021.0,3.0,3.0,1.0
CRITICAL,PHYSICAL PORT DOWN,2021-03-31 00:46:04,1,2021-03-31 00:46:04,3074752.0,NORMAL,MISSING,MISSING,ALARM_SRC_1168,CA,2021.0,3.0,2.0,0.0
CRITICAL,PHYSICAL PORT DOWN,2021-03-31 00:46:04,1,2021-03-31 00:46:04,3074752.0,NORMAL,MISSING,MISSING,ALARM_SRC_1168,CA,2021.0,3.0,2.0,0.0
CRITICAL,PHYSICAL PORT DOWN,2021-03-31 00:46:04,1,2021-03-31 00:46:04,3074752.0,NORMAL,MISSING,MISSING,ALARM_SRC_1168,CA,2021.0,3.0,2.0,0.0
CRITICAL,PHYSICAL PORT DOWN,2021-03-31 00:46:04,1,2021-03-31 00:46:04,3074752.0,NORMAL,MISSING,MISSING,ALARM_SRC_1168,CA,2021.0,3.0,2.0,0.0
CRITICAL,PHYSICAL PORT DOWN,2021-03-31 00:46:04,1,2021-03-31 00:46:04,3074752.0,NORMAL,MISSING,MISSING,ALARM_SRC_1168,CA,2021.0,3.0,2.0,0.0
CRITICAL,PHYSICAL PORT DOWN,2021-03-31 00:46:04,1,2021-03-31 00:46:04,3074752.0,NORMAL,MISSING,MISSING,ALARM_SRC_1168,CA,2021.0,3.0,2.0,0.0
CRITICAL,PHYSICAL PORT DOWN,2021-03-31 00:46:04,1,2021-03-31 00:46:04,3074752.0,NORMAL,MISSING,MISSING,ALARM_SRC_1168,CA,2021.0,3.0,2.0,0.0
CRITICAL,PHYSICAL PORT DOWN,2021-03-31 00:46:04,1,2021-03-31 00:46:04,3074752.0,NORMAL,MISSING,MISSING,ALARM_SRC_1168,CA,2021.0,3.0,2.0,0.0
CRITICAL,PHYSICAL PORT DOWN,2021-03-31 00:46:04,1,2021-03-31 00:46:04,3074752.0,NORMAL,MISSING,MISSING,ALARM_SRC_1168,CA,2021.0,3.0,2.0,0.0
CRITICAL,PHYSICAL PORT DOWN,2021-03-31 00:46:04,1,2021-03-31 00:46:04,3074752.0,NORMAL,MISSING,MISSING,ALARM_SRC_1168,CA,2021.0,3.0,2.0,0.0
CRITICAL,PHYSICAL PORT DOWN,2021-03-31 00:46:04,1,2021-03-31 00:46:04,3074752.0,NORMAL,MISSING,MISSING,ALARM_SRC_1168,CA,2021.0,3.0,2.0,0.0
CRITICAL,PHYSICAL PORT DOWN,2021-03-31 00:46:04,1,2021-03-31 00:46:04,3074752.0,NORMAL,MISSING,MISSING,ALARM_SRC_1167,CA,2021.0,3.0,2.0,0.0
CRITICAL,PHYSICAL PORT DOWN,2021-03-31 00:46:04,1,2021-03-31 00:46:04,3074752.0,NORMAL,MISSING,MISSING,ALARM_SRC_1167,CA,2021.0,3.0,2.0,0.0
CRITICAL,PHYSICAL PORT DOWN,2021-03-31 00:46:04,1,2021-03-31 00:46:04,3074752.0,NORMAL,MISSING,MISSING,ALARM_SRC_1167,CA,2021.0,3.0,2.0,0.0
CRITICAL,PHYSICAL PORT DOWN,2021-03-31 00:46:04,1,2021-03-31 00:46:04,3074752.0,NORMAL,MISSING,MISSING,ALARM_SRC_1167,CA,2021.0,3.0,2.0,0.0
CRITICAL,PHYSICAL PORT DOWN,2021-03-31 00:46:04,1,2021-03-31 00:46:04,3074752.0,NORMAL,MISSING,MISSING,ALARM_SRC_1167,CA,2021.0,3.0,2.0,0.0
CRITICAL,PHYSICAL PORT DOWN,2021-03-31 00:46:04,1,2021-03-31 00:46:04,3074752.0,NORMAL,MISSING,MISSING,ALARM_SRC_1167,CA,2021.0,3.0,2.0,0.0
CRITICAL,PHYSICAL PORT DOWN,2021-03-31 00:46:05,1,2021-03-31 00:46:05,3074752.0,NORMAL,MISSING,MISSING,ALARM_SRC_1168,CA,2021.0,3.0,2.0,0.0
CRITICAL,PHYSICAL PORT DOWN,2021-03-31 00:46:05,1,2021-03-31 00:46:05,3074752.0,NORMAL,MISSING,MISSING,ALARM_SRC_1168,CA,2021.0,3.0,2.0,0.0
CRITICAL,PHYSICAL PORT DOWN,2021-03-31 00:46:05,1,2021-03-31 00:46:05,3074752.0,NORMAL,MISSING,MISSING,ALARM_SRC_1168,CA,2021.0,3.0,2.0,0.0
CRITICAL,PHYSICAL PORT DOWN,2021-03-31 00:46:05,1,2021-03-31 00:46:05,3074752.0,NORMAL,MISSING,MISSING,ALARM_SRC_1167,CA,2021.0,3.0,2.0,0.0
CRITICAL,PHYSICAL PORT DOWN,2021-03-31 00:46:05,1,2021-03-31 00:46:05,3074752.0,NORMAL,MISSING,MISSING,ALARM_SRC_1167,CA,2021.0,3.0,2.0,0.0
CRITICAL,PHYSICAL PORT DOWN,2021-03-31 00:46:05,1,2021-03-31 00:46:05,3074752.0,NORMAL,MISSING,MISSING,ALARM_SRC_1167,CA,2021.0,3.0,2.0,0.0
CRITICAL,PHYSICAL PORT DOWN,2021-03-31 00:46:05,1,2021-03-31 00:46:05,3074752.0,NORMAL,MISSING,MISSING,ALARM_SRC_1167,CA,2021.0,3.0,2.0,0.0
CRITICAL,PHYSICAL PORT DOWN,2021-03-31 00:46:05,1,2021-03-31 00:46:05,3074752.0,NORMAL,MISSING,MISSING,ALARM_SRC_1167,CA,2021.0,3.0,2.0,0.0
CRITICAL,PHYSICAL PORT DOWN,2021-03-31 00:46:05,1,2021-03-31 00:46:05,3074752.0,NORMAL,MISSING,MISSING,ALARM_SRC_1167,CA,2021.0,3.0,2.0,0.0
CRITICAL,PHYSICAL PORT DOWN,2021-03-31 00:46:05,1,2021-03-31 00:46:05,3074752.0,NORMAL,MISSING,MISSING,ALARM_SRC_1167,CA,2021.0,3.0,2.0,0.0
CRITICAL,PHYSICAL PORT DOWN,2021-03-31 00:46:05,1,2021-03-31 00:46:05,3074752.0,NORMAL,MISSING,MISSING,ALARM_SRC_1167,CA,2021.0,3.0,2.0,0.0
CRITICAL,PHYSICAL PORT DOWN,2021-03-31 01:09:05,1,2021-03-31 01:09:05,2505274.0,NORMAL,MISSING,MISSING,ALARM_SRC_1172,CA,2021.0,3.0,2.0,1.0
CRITICAL,PHYSICAL PORT DOWN,2021-03-31 01:09:05,1,2021-03-31 01:09:05,2505274.0,NORMAL,MISSING,MISSING,ALARM_SRC_1172,CA,2021.0,3.0,2.0,1.0
CRITICAL,PHYSICAL PORT DOWN,2021-03-31 01:09:05,1,2021-03-31 01:09:05,2505274.0,NORMAL,MISSING,MISSING,ALARM_SRC_1172,CA,2021.0,3.0,2.0,1.0
CRITICAL,PHYSICAL PORT DOWN,2021-03-31 01:09:05,1,2021-03-31 01:09:05,2505274.0,NORMAL,MISSING,MISSING,ALARM_SRC_1172,CA,2021.0,3.0,2.0,1.0
CRITICAL,PHYSICAL PORT DOWN,2021-03-31 01:09:05,1,2021-03-31 01:09:05,2505274.0,NORMAL,MISSING,MISSING,ALARM_SRC_1172,CA,2021.0,3.0,2.0,1.0
CRITICAL,PHYSICAL PORT DOWN,2021-03-31 01:09:05,1,2021-03-31 01:09:05,2505274.0,NORMAL,MISSING,MISSING,ALARM_SRC_1172,CA,2021.0,3.0,2.0,1.0
CRITICAL,PHYSICAL PORT DOWN,2021-03-31 01:09:05,1,2021-03-31 01:09:05,2505274.0,NORMAL,MISSING,MISSING,ALARM_SRC_1172,CA,2021.0,3.0,2.0,1.0
CRITICAL,PHYSICAL PORT DOWN,2021-03-31 01:09:05,1,2021-03-31 01:09:05,2505274.0,NORMAL,MISSING,MISSING,ALARM_SRC_1172,CA,2021.0,3.0,2.0,1.0
CRITICAL,PHYSICAL PORT DOWN,2021-03-31 01:09:05,1,2021-03-31 01:09:05,2505274.0,NORMAL,MISSING,MISSING,ALARM_SRC_1172,CA,2021.0,3.0,2.0,1.0
CRITICAL,PHYSICAL PORT DOWN,2021-03-31 01:09:05,1,2021-03-31 01:09:05,2505274.0,NORMAL,MISSING,MISSING,ALARM_SRC_1172,CA,2021.0,3.0,2.0,1.0
CRITICAL,PHYSICAL PORT DOWN,2021-03-31 01:09:05,1,2021-03-31 01:09:05,2505274.0,NORMAL,MISSING,MISSING,ALARM_SRC_1172,CA,2021.0,3.0,2.0,1.0
CRITICAL,PHYSICAL PORT DOWN,2021-03-31 01:09:05,1,2021-03-31 01:09:05,2505274.0,NORMAL,MISSING,MISSING,ALARM_SRC_1172,CA,2021.0,3.0,2.0,1.0
CRITICAL,PHYSICAL PORT DOWN,2021-03-31 01:09:05,1,2021-03-31 01:09:05,2505274.0,NORMAL,MISSING,MISSING,ALARM_SRC_1172,CA,2021.0,3.0,2.0,1.0
CRITICAL,PHYSICAL PORT DOWN,2021-03-31 01:09:05,1,2021-03-31 01:09:05,2505274.0,NORMAL,MISSING,MISSING,ALARM_SRC_1172,CA,2021.0,3.0,2.0,1.0
CRITICAL,PHYSICAL PORT DOWN,2021-03-31 01:09:05,1,2021-03-31 01:09:05,2505274.0,NORMAL,MISSING,MISSING,ALARM_SRC_1171,CA,2021.0,3.0,2.0,1.0
CRITICAL,PHYSICAL PORT DOWN,2021-03-31 01:09:05,1,2021-03-31 01:09:05,2505274.0,NORMAL,MISSING,MISSING,ALARM_SRC_1171,CA,2021.0,3.0,2.0,1.0
CRITICAL,PHYSICAL PORT DOWN,2021-03-31 01:09:05,1,2021-03-31 01:09:05,2505274.0,NORMAL,MISSING,MISSING,ALARM_SRC_1171,CA,2021.0,3.0,2.0,1.0
CRITICAL,PHYSICAL PORT DOWN,2021-03-31 01:09:05,1,2021-03-31 01:09:05,2505274.0,NORMAL,MISSING,MISSING,ALARM_SRC_1171,CA,2021.0,3.0,2.0,1.0
CRITICAL,PHYSICAL PORT DOWN,2021-03-31 01:09:05,1,2021-03-31 01:09:05,2505274.0,NORMAL,MISSING,MISSING,ALARM_SRC_1171,CA,2021.0,3.0,2.0,1.0
CRITICAL,PHYSICAL PORT DOWN,2021-03-31 01:09:05,1,2021-03-31 01:09:05,2505274.0,NORMAL,MISSING,MISSING,ALARM_SRC_1171,CA,2021.0,3.0,2.0,1.0
CRITICAL,PHYSICAL PORT DOWN,2021-03-31 01:09:05,1,2021-03-31 01:09:05,2505274.0,NORMAL,MISSING,MISSING,ALARM_SRC_1171,CA,2021.0,3.0,2.0,1.0
CRITICAL,PHYSICAL PORT DOWN,2021-03-31 01:09:05,1,2021-03-31 01:09:05,2505274.0,NORMAL,MISSING,MISSING,ALARM_SRC_1171,CA,2021.0,3.0,2.0,1.0
CRITICAL,PHYSICAL PORT DOWN,2021-03-31 01:09:05,1,2021-03-31 01:09:05,2505274.0,NORMAL,MISSING,MISSING,ALARM_SRC_1171,CA,2021.0,3.0,2.0,1.0
CRITICAL,PHYSICAL PORT DOWN,2021-03-31 01:09:05,1,2021-03-31 01:09:05,2505274.0,NORMAL,MISSING,MISSING,ALARM_SRC_1171,CA,2021.0,3.0,2.0,1.0
CRITICAL,PHYSICAL PORT DOWN,2021-03-31 01:09:05,1,2021-03-31 01:09:05,2505274.0,NORMAL,MISSING,MISSING,ALARM_SRC_1171,CA,2021.0,3.0,2.0,1.0
CRITICAL,PHYSICAL PORT DOWN,2021-03-31 01:09:05,1,2021-03-31 01:09:05,2505274.0,NORMAL,MISSING,MISSING,ALARM_SRC_1171,CA,2021.0,3.0,2.0,1.0
CRITICAL,PHYSICAL PORT DOWN,2021-03-31 01:09:05,1,2021-03-31 01:09:05,2505274.0,NORMAL,MISSING,MISSING,ALARM_SRC_1171,CA,2021.0,3.0,2.0,1.0
CRITICAL,PHYSICAL PORT DOWN,2021-03-31 01:09:05,1,2021-03-31 01:09:05,2505274.0,NORMAL,MISSING,MISSING,ALARM_SRC_1171,CA,2021.0,3.0,2.0,1.0
CRITICAL,PHYSICAL PORT DOWN,2021-04-21 17:26:56,1,2021-04-21 17:26:56,2505274.0,NORMAL,MISSING,MISSING,ALARM_SRC_0094,AG,2021.0,4.0,2.0,17.0
CRITICAL,PHYSICAL PORT DOWN,2021-05-14 10:01:08,1,2021-05-14 10:01:08,2505274.0,NORMAL,MISSING,MISSING,ALARM_SRC_0057,AG,2021.0,5.0,4.0,10.0
CRITICAL,PHYSICAL PORT DOWN,2021-06-11 11:17:44,1,2021-06-11 11:17:44,2505274.0,NORMAL,MISSING,MISSING,ALARM_SRC_0094,AG,2021.0,6.0,4.0,11.0
CRITICAL,PHYSICAL PORT DOWN,2021-06-15 05:25:54,1,2021-06-15 05:25:54,2505274.0,NORMAL,MISSING,MISSING,ALARM_SRC_0125,AG,2021.0,6.0,1.0,5.0
CRITICAL,PHYSICAL PORT DOWN,2021-06-24 16:42:49,1,2021-06-24 16:42:49,2505274.0,NORMAL,MISSING,MISSING,ALARM_SRC_0058,AG,2021.0,6.0,3.0,16.0
CRITICAL,PHYSICAL PORT DOWN,2021-06-30 06:45:30,1,2021-06-30 06:45:30,2505274.0,NORMAL,MISSING,ACKNOWLEDGED,ALARM_SRC_0002,AG,2021.0,6.0,2.0,6.0
CRITICAL,PHYSICAL PORT DOWN,2021-07-01 09:40:39,1,2021-07-01 09:40:39,2505274.0,NORMAL,MISSING,MISSING,ALARM_SRC_0058,AG,2021.0,7.0,3.0,9.0
CRITICAL,PHYSICAL PORT DOWN,2021-07-12 12:30:29,1,2021-07-12 12:30:29,2505274.0,NORMAL,MISSING,MISSING,ALARM_SRC_0084,AG,2021.0,7.0,0.0,12.0
CRITICAL,PHYSICAL PORT DOWN,2021-07-13 23:04:57,1,2021-07-13 23:04:57,2505274.0,NORMAL,MISSING,MISSING,ALARM_SRC_0108,AG,2021.0,7.0,1.0,23.0
CRITICAL,PHYSICAL PORT DOWN,2021-08-16 17:45:15,1,2021-08-16 17:45:15,2505274.0,NORMAL,MISSING,MISSING,ALARM_SRC_0047,AG,2021.0,8.0,0.0,17.0
CRITICAL,PHYSICAL PORT DOWN,2021-08-18 10:43:25,1,2021-08-18 10:43:25,2505274.0,NORMAL,MISSING,MISSING,ALARM_SRC_0091,AG,2021.0,8.0,2.0,10.0
CRITICAL,PHYSICAL PORT DOWN,2021-08-19 13:05:25,1,2021-08-19 13:05:25,2505274.0,NORMAL,MISSING,MISSING,ALARM_SRC_0019,AG,2021.0,8.0,3.0,13.0
CRITICAL,PHYSICAL PORT DOWN,2021-08-22 19:46:38,1,2021-08-22 19:46:38,2505274.0,NORMAL,MISSING,MISSING,ALARM_SRC_0084,AG,2021.0,8.0,6.0,19.0
CRITICAL,PHYSICAL PORT DOWN,2021-08-23 18:54:27,1,2021-08-23 18:54:27,2505274.0,NORMAL,MISSING,MISSING,ALARM_SRC_0053,AG,2021.0,8.0,0.0,18.0
CRITICAL,PHYSICAL PORT DOWN,2021-10-06 23:31:25,1,2021-10-06 23:31:25,2505274.0,NORMAL,MISSING,MISSING,ALARM_SRC_0112,AG,2021.0,10.0,2.0,23.0
CRITICAL,PHYSICAL PORT DOWN,2021-10-10 00:26:20,1,2021-10-10 00:26:20,2505274.0,NORMAL,MISSING,MISSING,ALARM_SRC_0124,AG,2021.0,10.0,6.0,0.0
CRITICAL,PHYSICAL PORT DOWN,2021-10-27 00:40:20,1,2021-10-27 00:40:20,2505274.0,NORMAL,MISSING,MISSING,ALARM_SRC_0094,AG,2021.0,10.0,2.0,0.0
CRITICAL,PHYSICAL PORT DOWN,2021-11-10 16:24:45,1,2021-11-10 16:24:45,2505274.0,NORMAL,MISSING,MISSING,ALARM_SRC_0019,AG,2021.0,11.0,2.0,16.0
CRITICAL,PHYSICAL PORT DOWN,2021-11-17 10:42:57,1,2021-11-17 10:42:57,2505274.0,NORMAL,MISSING,MISSING,ALARM_SRC_0070,AG,2021.0,11.0,2.0,10.0
CRITICAL,PHYSICAL PORT DOWN,2021-12-02 09:57:54,1,2021-12-02 09:57:54,2505274.0,NORMAL,MISSING,MISSING,ALARM_SRC_0058,AG,2021.0,12.0,3.0,9.0
CRITICAL,PHYSICAL PORT DOWN,2022-01-03 16:12:12,1,2022-01-03 16:12:12,2505274.0,NORMAL,MISSING,MISSING,ALARM_SRC_0078,AG,2022.0,1.0,0.0,16.0
CRITICAL,PHYSICAL PORT DOWN,2022-02-07 14:34:42,1,2022-02-07 14:34:42,2505274.0,NORMAL,MISSING,MISSING,ALARM_SRC_0686,AR,2022.0,2.0,0.0,14.0
CRITICAL,PHYSICAL PORT DOWN,2022-04-03 12:56:33,1,2022-04-03 12:56:33,2505274.0,NORMAL,MISSING,MISSING,ALARM_SRC_0932,AR,2022.0,4.0,6.0,12.0
CRITICAL,PHYSICAL PORT DOWN,2022-04-08 11:01:51,1,2022-04-08 11:01:51,2505274.0,NORMAL,MISSING,MISSING,ALARM_SRC_0300,AR,2022.0,4.0,4.0,11.0
CRITICAL,PHYSICAL PORT DOWN,2022-04-08 11:01:57,1,2022-04-08 11:01:57,2505274.0,NORMAL,MISSING,MISSING,ALARM_SRC_0300,AR,2022.0,4.0,4.0,11.0
CRITICAL,PHYSICAL PORT DOWN,2022-04-14 21:45:11,1,2022-04-14 21:45:11,2505274.0,NORMAL,MISSING,MISSING,ALARM_SRC_0093,AG,2022.0,4.0,3.0,21.0
CRITICAL,PHYSICAL PORT DOWN,2022-04-29 16:25:24,1,2022-04-29 16:25:24,2505274.0,NORMAL,MISSING,MISSING,ALARM_SRC_0058,AG,2022.0,4.0,4.0,16.0
CRITICAL,PHYSICAL PORT DOWN,2022-05-01 13:11:37,1,2022-05-01 13:11:37,2505274.0,NORMAL,MISSING,MISSING,ALARM_SRC_0033,AG,2022.0,5.0,6.0,13.0
CRITICAL,PHYSICAL PORT DOWN,2022-05-24 06:57:37,1,2022-05-24 06:57:37,2505274.0,NORMAL,MISSING,MISSING,ALARM_SRC_0125,AG,2022.0,5.0,1.0,6.0
CRITICAL,PHYSICAL PORT DOWN,2022-06-13 10:43:44,1,2022-06-13 10:43:44,2505274.0,NORMAL,MISSING,MISSING,ALARM_SRC_0037,AG,2022.0,6.0,0.0,10.0
CRITICAL,PHYSICAL PORT DOWN,2022-06-22 12:20:49,1,2022-06-22 12:20:49,2505274.0,NORMAL,MISSING,MISSING,ALARM_SRC_0098,AG,2022.0,6.0,2.0,12.0
CRITICAL,PHYSICAL PORT DOWN,2022-06-24 23:56:17,1,2022-06-24 23:56:17,2505274.0,NORMAL,MISSING,MISSING,ALARM_SRC_0763,AR,2022.0,6.0,4.0,23.0
CRITICAL,PHYSICAL PORT DOWN,2022-07-07 11:41:20,1,2022-07-07 11:41:20,2505274.0,NORMAL,MISSING,MISSING,ALARM_SRC_0117,AG,2022.0,7.0,3.0,11.0
CRITICAL,PHYSICAL PORT DOWN,2022-07-14 01:51:07,1,2022-07-14 01:51:07,3074752.0,NORMAL,MISSING,MISSING,ALARM_SRC_1168,CA,2022.0,7.0,3.0,1.0
CRITICAL,PHYSICAL PORT DOWN,2022-07-20 13:07:21,1,2022-07-20 13:07:21,2505274.0,NORMAL,MISSING,MISSING,ALARM_SRC_0686,AR,2022.0,7.0,2.0,13.0
CRITICAL,PHYSICAL PORT DOWN,2022-07-21 15:56:27,1,2022-07-21 15:56:27,2505274.0,NORMAL,MISSING,MISSING,ALARM_SRC_0050,AG,2022.0,7.0,3.0,15.0
CRITICAL,PHYSICAL PORT DOWN,2022-07-21 15:56:27,1,2022-07-21 15:56:27,2505274.0,NORMAL,MISSING,MISSING,ALARM_SRC_0050,AG,2022.0,7.0,3.0,15.0
CRITICAL,PHYSICAL PORT DOWN,2022-07-26 17:12:35,1,2022-07-26 17:12:35,2505274.0,NORMAL,MISSING,MISSING,ALARM_SRC_0033,AG,2022.0,7.0,1.0,17.0
CRITICAL,PHYSICAL PORT DOWN,2022-08-12 09:48:10,1,2022-08-12 09:48:10,3074752.0,NORMAL,MISSING,MISSING,ALARM_SRC_1167,CA,2022.0,8.0,4.0,9.0
CRITICAL,PHYSICAL PORT DOWN,2022-08-15 11:35:02,1,2022-08-15 11:35:02,2505274.0,NORMAL,MISSING,MISSING,ALARM_SRC_0041,AG,2022.0,8.0,0.0,11.0
CRITICAL,PHYSICAL PORT DOWN,2022-08-15 12:39:00,1,2022-08-15 12:39:00,2505274.0,NORMAL,MISSING,MISSING,ALARM_SRC_0041,AG,2022.0,8.0,0.0,12.0
CRITICAL,PHYSICAL PORT DOWN,2022-08-17 15:51:47,1,2022-08-17 15:51:47,2505274.0,NORMAL,MISSING,MISSING,ALARM_SRC_0455,AR,2022.0,8.0,2.0,15.0
CRITICAL,PHYSICAL PORT DOWN,2022-08-17 15:59:26,1,2022-08-17 15:59:26,2505274.0,NORMAL,MISSING,MISSING,ALARM_SRC_0455,AR,2022.0,8.0,2.0,15.0
CRITICAL,PHYSICAL PORT DOWN,2022-08-22 15:27:57,1,2022-08-22 15:27:57,2505274.0,NORMAL,MISSING,MISSING,ALARM_SRC_0037,AG,2022.0,8.0,0.0,15.0
CRITICAL,PHYSICAL PORT DOWN,2022-08-23 12:00:40,1,2022-08-23 12:00:40,2505274.0,NORMAL,MISSING,MISSING,ALARM_SRC_0052,AG,2022.0,8.0,1.0,12.0
CRITICAL,PHYSICAL PORT DOWN,2022-08-23 12:00:46,1,2022-08-23 12:00:46,2505274.0,NORMAL,MISSING,MISSING,ALARM_SRC_0052,AG,2022.0,8.0,1.0,12.0
CRITICAL,PHYSICAL PORT DOWN,2022-08-25 12:20:46,1,2022-08-25 12:20:46,2505274.0,NORMAL,MISSING,MISSING,ALARM_SRC_0062,AG,2022.0,8.0,3.0,12.0
CRITICAL,PHYSICAL PORT DOWN,2022-08-31 16:40:49,1,2022-08-31 16:40:49,2505274.0,NORMAL,MISSING,MISSING,ALARM_SRC_0098,AG,2022.0,8.0,2.0,16.0
CRITICAL,PHYSICAL PORT DOWN,2022-09-13 12:55:58,1,2022-09-13 12:55:58,2505274.0,NORMAL,MISSING,MISSING,ALARM_SRC_0113,AG,2022.0,9.0,1.0,12.0
CRITICAL,PHYSICAL PORT DOWN,2022-09-22 10:29:30,1,2022-09-22 10:29:30,2505274.0,NORMAL,MISSING,MISSING,ALARM_SRC_0062,AG,2022.0,9.0,3.0,10.0
CRITICAL,PHYSICAL PORT DOWN,2022-09-26 23:29:46,1,2022-09-26 23:29:46,2505274.0,NORMAL,MISSING,MISSING,ALARM_SRC_0094,AG,2022.0,9.0,0.0,23.0
CRITICAL,PHYSICAL PORT DOWN,2022-09-27 17:13:53,1,2022-09-27 17:13:53,2505274.0,NORMAL,MISSING,MISSING,ALARM_SRC_0047,AG,2022.0,9.0,1.0,17.0
CRITICAL,PHYSICAL PORT DOWN,2022-10-01 16:17:56,1,2022-10-01 16:17:56,2505274.0,NORMAL,MISSING,MISSING,ALARM_SRC_0888,AR,2022.0,10.0,5.0,16.0
CRITICAL,PHYSICAL PORT DOWN,2022-10-01 16:17:56,1,2022-10-01 16:17:56,2505274.0,NORMAL,MISSING,MISSING,ALARM_SRC_0888,AR,2022.0,10.0,5.0,16.0
CRITICAL,PHYSICAL PORT DOWN,2022-10-15 16:08:45,1,2022-10-15 16:08:45,2505274.0,NORMAL,MISSING,MISSING,ALARM_SRC_0054,AG,2022.0,10.0,5.0,16.0
CRITICAL,PHYSICAL PORT DOWN,2022-10-17 10:55:35,1,2022-10-17 10:55:35,2505274.0,NORMAL,MISSING,MISSING,ALARM_SRC_0053,AG,2022.0,10.0,0.0,10.0
CRITICAL,PHYSICAL PORT DOWN,2022-10-20 15:34:28,1,2022-10-20 15:34:28,2505274.0,NORMAL,MISSING,MISSING,ALARM_SRC_0053,AG,2022.0,10.0,3.0,15.0
CRITICAL,PHYSICAL PORT DOWN,2022-10-20 15:39:50,1,2022-10-20 15:39:50,2505274.0,NORMAL,MISSING,MISSING,ALARM_SRC_0053,AG,2022.0,10.0,3.0,15.0
CRITICAL,PHYSICAL PORT DOWN,2022-10-25 09:44:54,1,2022-10-25 09:44:54,2505274.0,NORMAL,MISSING,MISSING,ALARM_SRC_0053,AG,2022.0,10.0,1.0,9.0
CRITICAL,PHYSICAL PORT DOWN,2022-10-25 10:03:41,1,2022-10-25 10:03:41,2505274.0,NORMAL,MISSING,MISSING,ALARM_SRC_0053,AG,2022.0,10.0,1.0,10.0
CRITICAL,PHYSICAL PORT DOWN,2022-10-28 05:40:48,1,2022-10-28 05:40:48,2505274.0,NORMAL,MISSING,MISSING,ALARM_SRC_0106,AG,2022.0,10.0,4.0,5.0
CRITICAL,PHYSICAL PORT DOWN,2022-11-09 10:59:16,1,2022-11-09 10:59:16,2505274.0,NORMAL,MISSING,MISSING,ALARM_SRC_0019,AG,2022.0,11.0,2.0,10.0
CRITICAL,PHYSICAL PORT DOWN,2022-11-09 12:17:35,1,2022-11-09 12:17:35,2505274.0,NORMAL,MISSING,MISSING,ALARM_SRC_0056,AG,2022.0,11.0,2.0,12.0
CRITICAL,PHYSICAL PORT DOWN,2022-11-11 10:40:09,1,2022-11-11 10:40:09,2505274.0,NORMAL,MISSING,MISSING,ALARM_SRC_0056,AG,2022.0,11.0,4.0,10.0
CRITICAL,PHYSICAL PORT DOWN,2022-11-11 16:37:49,1,2022-11-11 16:37:49,2505274.0,NORMAL,MISSING,MISSING,ALARM_SRC_0932,AR,2022.0,11.0,4.0,16.0
CRITICAL,PHYSICAL PORT DOWN,2022-11-16 15:30:35,1,2022-11-16 15:30:35,2505274.0,NORMAL,MISSING,MISSING,ALARM_SRC_0113,AG,2022.0,11.0,2.0,15.0
CRITICAL,PHYSICAL PORT DOWN,2022-11-19 12:28:45,1,2022-11-19 12:28:45,2505274.0,NORMAL,MISSING,MISSING,ALARM_SRC_0300,AR,2022.0,11.0,5.0,12.0
CRITICAL,PHYSICAL PORT DOWN,2022-11-25 12:20:49,1,2022-11-25 12:20:49,2505274.0,NORMAL,MISSING,MISSING,ALARM_SRC_0888,AR,2022.0,11.0,4.0,12.0
CRITICAL,PHYSICAL PORT DOWN,2022-12-06 15:03:48,1,2022-12-06 15:03:48,2505274.0,NORMAL,MISSING,MISSING,ALARM_SRC_0070,AG,2022.0,12.0,1.0,15.0
CRITICAL,PHYSICAL PORT DOWN,2022-12-10 13:25:46,1,2022-12-10 13:25:46,2505274.0,NORMAL,MISSING,MISSING,ALARM_SRC_0652,AR,2022.0,12.0,5.0,13.0
CRITICAL,PHYSICAL PORT DOWN,2022-12-10 13:52:17,1,2022-12-10 13:52:17,2505274.0,NORMAL,MISSING,MISSING,ALARM_SRC_0652,AR,2022.0,12.0,5.0,13.0
CRITICAL,PHYSICAL PORT DOWN,2022-12-10 13:53:15,1,2022-12-10 13:53:15,2505274.0,NORMAL,MISSING,MISSING,ALARM_SRC_0652,AR,2022.0,12.0,5.0,13.0
CRITICAL,PHYSICAL PORT DOWN,2022-12-29 00:23:38,1,2022-12-29 00:23:38,2505274.0,NORMAL,MISSING,MISSING,ALARM_SRC_1171,CA,2022.0,12.0,3.0,0.0
CRITICAL,PHYSICAL PORT DOWN,2022-12-29 00:23:59,1,2022-12-29 00:23:59,2505274.0,NORMAL,MISSING,MISSING,ALARM_SRC_1171,CA,2022.0,12.0,3.0,0.0
CRITICAL,PHYSICAL PORT DOWN,2022-12-29 00:24:16,1,2022-12-29 00:24:16,2505274.0,NORMAL,MISSING,MISSING,ALARM_SRC_1171,CA,2022.0,12.0,3.0,0.0
CRITICAL,PHYSICAL PORT DOWN,2022-12-29 00:24:33,1,2022-12-29 00:24:33,2505274.0,NORMAL,MISSING,MISSING,ALARM_SRC_1171,CA,2022.0,12.0,3.0,0.0
CRITICAL,PHYSICAL PORT DOWN,2022-12-29 00:46:46,1,2022-12-29 00:46:46,2505274.0,NORMAL,MISSING,MISSING,ALARM_SRC_1172,CA,2022.0,12.0,3.0,0.0
CRITICAL,PHYSICAL PORT DOWN,2022-12-29 00:47:05,1,2022-12-29 00:47:05,2505274.0,NORMAL,MISSING,MISSING,ALARM_SRC_1172,CA,2022.0,12.0,3.0,0.0
CRITICAL,PHYSICAL PORT DOWN,2022-12-29 00:47:23,1,2022-12-29 00:47:23,2505274.0,NORMAL,MISSING,MISSING,ALARM_SRC_1172,CA,2022.0,12.0,3.0,0.0
CRITICAL,PHYSICAL PORT DOWN,2022-12-29 00:47:37,1,2022-12-29 00:47:37,2505274.0,NORMAL,MISSING,MISSING,ALARM_SRC_1172,CA,2022.0,12.0,3.0,0.0
CRITICAL,PHYSICAL PORT DOWN,2023-01-24 16:45:50,1,2023-01-24 16:45:50,2505274.0,NORMAL,MISSING,MISSING,ALARM_SRC_0106,AG,2023.0,1.0,1.0,16.0
CRITICAL,PHYSICAL PORT DOWN,2023-01-31 11:37:22,1,2023-01-31 11:37:22,2505274.0,NORMAL,MISSING,MISSING,ALARM_SRC_0113,AG,2023.0,1.0,1.0,11.0
CRITICAL,PHYSICAL PORT DOWN,2023-02-01 10:48:46,1,2023-02-01 10:48:46,2505274.0,NORMAL,MISSING,MISSING,ALARM_SRC_0106,AG,2023.0,2.0,2.0,10.0
CRITICAL,PHYSICAL PORT DOWN,2023-02-10 00:19:18,1,2023-02-10 00:19:18,2505274.0,NORMAL,MISSING,MISSING,ALARM_SRC_0040,AG,2023.0,2.0,4.0,0.0
CRITICAL,PHYSICAL PORT DOWN,2023-02-10 11:22:18,1,2023-02-10 11:22:18,2505274.0,NORMAL,MISSING,MISSING,ALARM_SRC_0038,AG,2023.0,2.0,4.0,11.0
CRITICAL,PHYSICAL PORT DOWN,2023-02-10 15:46:33,1,2023-02-10 15:46:33,2505274.0,NORMAL,MISSING,MISSING,ALARM_SRC_0038,AG,2023.0,2.0,4.0,15.0
CRITICAL,PHYSICAL PORT DOWN,2023-02-14 18:27:47,1,2023-02-14 18:27:47,2505274.0,NORMAL,MISSING,MISSING,ALARM_SRC_0017,AG,2023.0,2.0,1.0,18.0
CRITICAL,PHYSICAL PORT DOWN,2023-02-20 10:28:16,1,2023-02-20 10:28:16,2505274.0,NORMAL,MISSING,MISSING,ALARM_SRC_0122,AG,2023.0,2.0,0.0,10.0
CRITICAL,PHYSICAL PORT DOWN,2023-02-21 10:32:34,1,2023-02-21 10:32:34,2505274.0,NORMAL,MISSING,MISSING,ALARM_SRC_0106,AG,2023.0,2.0,1.0,10.0
CRITICAL,PHYSICAL PORT DOWN,2023-02-21 10:33:08,1,2023-02-21 10:33:08,2505274.0,NORMAL,MISSING,MISSING,ALARM_SRC_0106,AG,2023.0,2.0,1.0,10.0
CRITICAL,PHYSICAL PORT DOWN,2023-02-24 11:23:34,1,2023-02-24 11:23:34,2505274.0,NORMAL,MISSING,MISSING,ALARM_SRC_0058,AG,2023.0,2.0,4.0,11.0
CRITICAL,PHYSICAL PORT DOWN,2023-02-28 15:47:09,1,2023-02-28 15:47:09,2505274.0,NORMAL,MISSING,MISSING,ALARM_SRC_0054,AG,2023.0,2.0,1.0,15.0
CRITICAL,PHYSICAL PORT DOWN,2023-03-01 00:18:17,1,2023-03-01 00:18:17,3074752.0,NORMAL,MISSING,MISSING,ALARM_SRC_1167,CA,2023.0,3.0,2.0,0.0
CRITICAL,PHYSICAL PORT DOWN,2023-03-01 00:42:38,1,2023-03-01 00:42:38,3074752.0,NORMAL,MISSING,MISSING,ALARM_SRC_1167,CA,2023.0,3.0,2.0,0.0
CRITICAL,PHYSICAL PORT DOWN,2023-03-01 00:48:56,1,2023-03-01 00:48:56,3074752.0,NORMAL,MISSING,MISSING,ALARM_SRC_1167,CA,2023.0,3.0,2.0,0.0
CRITICAL,PHYSICAL PORT DOWN,2023-03-01 10:32:58,1,2023-03-01 10:32:58,2505274.0,NORMAL,MISSING,MISSING,ALARM_SRC_0058,AG,2023.0,3.0,2.0,10.0
CRITICAL,PHYSICAL PORT DOWN,2023-03-09 10:23:40,1,2023-03-09 10:23:40,2505274.0,NORMAL,MISSING,MISSING,ALARM_SRC_0312,AR,2023.0,3.0,3.0,10.0
CRITICAL,PHYSICAL PORT DOWN,2023-03-09 20:16:41,1,2023-03-09 20:16:41,2505274.0,NORMAL,MISSING,MISSING,ALARM_SRC_0320,AR,2023.0,3.0,3.0,20.0
CRITICAL,PHYSICAL PORT DOWN,2023-03-16 16:24:17,1,2023-03-16 16:24:17,3074752.0,NORMAL,MISSING,MISSING,ALARM_SRC_1167,CA,2023.0,3.0,3.0,16.0
CRITICAL,PHYSICAL PORT DOWN,2023-03-16 16:24:17,1,2023-03-16 16:24:17,3074752.0,NORMAL,MISSING,MISSING,ALARM_SRC_1167,CA,2023.0,3.0,3.0,16.0
CRITICAL,PHYSICAL PORT DOWN,2023-03-16 16:40:40,1,2023-03-16 16:40:40,2505274.0,NORMAL,MISSING,MISSING,ALARM_SRC_0323,AR,2023.0,3.0,3.0,16.0
CRITICAL,PHYSICAL PORT DOWN,2023-03-17 00:50:31,1,2023-03-17 00:50:31,3074752.0,NORMAL,MISSING,MISSING,ALARM_SRC_1167,CA,2023.0,3.0,4.0,0.0
CRITICAL,PHYSICAL PORT DOWN,2023-03-17 01:08:50,1,2023-03-17 01:08:50,3074752.0,NORMAL,MISSING,MISSING,ALARM_SRC_1167,CA,2023.0,3.0,4.0,1.0
CRITICAL,PHYSICAL PORT DOWN,2023-03-17 01:50:00,1,2023-03-17 01:50:00,3074752.0,NORMAL,MISSING,MISSING,ALARM_SRC_1168,CA,2023.0,3.0,4.0,1.0
CRITICAL,PHYSICAL PORT DOWN,2023-03-17 01:54:52,1,2023-03-17 01:54:52,3074752.0,NORMAL,MISSING,MISSING,ALARM_SRC_1168,CA,2023.0,3.0,4.0,1.0
CRITICAL,PHYSICAL PORT DOWN,2023-03-25 01:31:00,1,2023-03-25 01:31:00,2505274.0,NORMAL,MISSING,MISSING,ALARM_SRC_0126,AG,2023.0,3.0,5.0,1.0
CRITICAL,PHYSICAL PORT DOWN,2023-04-05 01:58:06,1,2023-04-05 01:58:06,3074752.0,NORMAL,MISSING,MISSING,ALARM_SRC_1168,CA,2023.0,4.0,2.0,1.0
CRITICAL,PHYSICAL PORT DOWN,2023-04-05 02:10:31,1,2023-04-05 02:10:31,3074752.0,NORMAL,MISSING,MISSING,ALARM_SRC_1168,CA,2023.0,4.0,2.0,2.0
CRITICAL,PHYSICAL PORT DOWN,2023-04-05 02:13:24,1,2023-04-05 02:13:24,3074752.0,NORMAL,MISSING,MISSING,ALARM_SRC_1168,CA,2023.0,4.0,2.0,2.0
CRITICAL,PHYSICAL PORT DOWN,2023-04-05 12:01:31,1,2023-04-05 12:01:31,2505274.0,NORMAL,MISSING,MISSING,ALARM_SRC_0117,AG,2023.0,4.0,2.0,12.0
CRITICAL,PHYSICAL PORT DOWN,2023-04-10 01:51:31,1,2023-04-10 01:51:31,2505274.0,NORMAL,MISSING,MISSING,ALARM_SRC_1172,CA,2023.0,4.0,0.0,1.0
CRITICAL,PHYSICAL PORT DOWN,2023-04-10 01:58:32,1,2023-04-10 01:58:32,2505274.0,NORMAL,MISSING,MISSING,ALARM_SRC_1172,CA,2023.0,4.0,0.0,1.0
CRITICAL,PHYSICAL PORT DOWN,2023-04-18 13:24:54,1,2023-04-18 13:24:54,2505274.0,NORMAL,MISSING,MISSING,ALARM_SRC_0300,AR,2023.0,4.0,1.0,13.0
CRITICAL,PHYSICAL PORT DOWN,2023-04-28 15:28:06,1,2023-04-28 15:28:06,2505274.0,NORMAL,MISSING,MISSING,ALARM_SRC_0900,AR,2023.0,4.0,4.0,15.0
CRITICAL,PHYSICAL PORT DOWN,2023-05-12 14:46:39,1,2023-05-12 14:46:39,2505274.0,NORMAL,MISSING,MISSING,ALARM_SRC_0312,AR,2023.0,5.0,4.0,14.0
CRITICAL,PHYSICAL PORT DOWN,2023-05-16 20:38:12,1,2023-05-16 20:38:12,2505274.0,NORMAL,MISSING,MISSING,ALARM_SRC_0053,AG,2023.0,5.0,1.0,20.0
CRITICAL,PHYSICAL PORT DOWN,2023-05-17 12:13:36,1,2023-05-17 12:13:36,2505274.0,NORMAL,MISSING,MISSING,ALARM_SRC_1014,AR,2023.0,5.0,2.0,12.0
CRITICAL,PHYSICAL PORT DOWN,2023-05-23 16:28:13,1,2023-05-23 16:28:13,2505274.0,NORMAL,MISSING,MISSING,ALARM_SRC_0621,AR,2023.0,5.0,1.0,16.0
CRITICAL,PHYSICAL PORT DOWN,2023-05-26 00:51:06,1,2023-05-26 00:51:06,2505274.0,NORMAL,MISSING,MISSING,ALARM_SRC_1172,CA,2023.0,5.0,4.0,0.0
CRITICAL,PHYSICAL PORT DOWN,2023-05-26 01:25:36,1,2023-05-26 01:25:36,2505274.0,NORMAL,MISSING,MISSING,ALARM_SRC_1172,CA,2023.0,5.0,4.0,1.0
CRITICAL,PHYSICAL PORT DOWN,2023-05-26 01:45:47,1,2023-05-26 01:45:47,2505274.0,NORMAL,MISSING,MISSING,ALARM_SRC_1172,CA,2023.0,5.0,4.0,1.0
CRITICAL,PHYSICAL PORT DOWN,2023-05-26 02:05:27,1,2023-05-26 02:05:27,2505274.0,NORMAL,MISSING,MISSING,ALARM_SRC_1172,CA,2023.0,5.0,4.0,2.0
CRITICAL,PHYSICAL PORT DOWN,2023-05-31 11:59:07,1,2023-05-31 11:59:07,2505274.0,NORMAL,MISSING,MISSING,ALARM_SRC_0019,AG,2023.0,5.0,2.0,11.0
CRITICAL,PHYSICAL PORT DOWN,2023-06-09 14:41:45,1,2023-06-09 14:41:45,2505274.0,NORMAL,MISSING,MISSING,ALARM_SRC_0835,AR,2023.0,6.0,4.0,14.0
CRITICAL,PHYSICAL PORT DOWN,2023-06-13 00:06:39,1,2023-06-13 00:06:39,2505274.0,NORMAL,MISSING,MISSING,ALARM_SRC_0763,AR,2023.0,6.0,1.0,0.0
CRITICAL,PHYSICAL PORT DOWN,2023-06-13 00:32:36,1,2023-06-13 00:32:36,2505274.0,NORMAL,MISSING,MISSING,ALARM_SRC_0763,AR,2023.0,6.0,1.0,0.0
CRITICAL,PHYSICAL PORT DOWN,2023-06-15 17:13:59,1,2023-06-15 17:13:59,2505274.0,NORMAL,MISSING,MISSING,ALARM_SRC_0058,AG,2023.0,6.0,3.0,17.0
CRITICAL,PHYSICAL PORT DOWN,2023-06-20 00:25:26,1,2023-06-20 00:25:26,2505274.0,NORMAL,MISSING,MISSING,ALARM_SRC_1171,CA,2023.0,6.0,1.0,0.0
CRITICAL,PHYSICAL PORT DOWN,2023-06-20 00:29:43,1,2023-06-20 00:29:43,2505274.0,NORMAL,MISSING,MISSING,ALARM_SRC_1171,CA,2023.0,6.0,1.0,0.0
CRITICAL,PHYSICAL PORT DOWN,2023-06-22 01:02:39,1,2023-06-22 01:02:39,2505274.0,NORMAL,MISSING,MISSING,ALARM_SRC_1171,CA,2023.0,6.0,3.0,1.0
CRITICAL,PHYSICAL PORT DOWN,2023-06-22 01:08:41,1,2023-06-22 01:08:41,2505274.0,NORMAL,MISSING,MISSING,ALARM_SRC_1171,CA,2023.0,6.0,3.0,1.0
CRITICAL,PHYSICAL PORT DOWN,2023-06-24 12:26:30,1,2023-06-24 12:26:30,2505274.0,NORMAL,MISSING,MISSING,ALARM_SRC_0070,AG,2023.0,6.0,5.0,12.0
CRITICAL,PHYSICAL PORT DOWN,2023-06-26 12:10:09,1,2023-06-26 12:10:09,2505274.0,NORMAL,MISSING,MISSING,ALARM_SRC_0084,AG,2023.0,6.0,0.0,12.0
CRITICAL,PHYSICAL PORT DOWN,2023-06-26 12:18:34,1,2023-06-26 12:18:34,2505274.0,NORMAL,MISSING,MISSING,ALARM_SRC_0835,AR,2023.0,6.0,0.0,12.0
CRITICAL,PHYSICAL PORT DOWN,2023-06-26 22:15:24,1,2023-06-26 22:15:24,2505274.0,NORMAL,MISSING,MISSING,ALARM_SRC_0123,AG,2023.0,6.0,0.0,22.0
CRITICAL,PHYSICAL PORT DOWN,2023-06-28 00:31:57,1,2023-06-28 00:31:57,2505274.0,NORMAL,MISSING,MISSING,ALARM_SRC_1171,CA,2023.0,6.0,2.0,0.0
CRITICAL,PHYSICAL PORT DOWN,2023-06-28 00:35:54,1,2023-06-28 00:35:54,2505274.0,NORMAL,MISSING,MISSING,ALARM_SRC_1171,CA,2023.0,6.0,2.0,0.0
CRITICAL,PHYSICAL PORT DOWN,2023-06-28 00:38:59,1,2023-06-28 00:38:59,2505274.0,NORMAL,MISSING,MISSING,ALARM_SRC_1171,CA,2023.0,6.0,2.0,0.0
CRITICAL,PHYSICAL PORT DOWN,2023-06-28 01:02:53,1,2023-06-28 01:02:53,2505274.0,NORMAL,MISSING,MISSING,ALARM_SRC_1171,CA,2023.0,6.0,2.0,1.0
CRITICAL,PHYSICAL PORT DOWN,2023-06-28 01:06:35,1,2023-06-28 01:06:35,2505274.0,NORMAL,MISSING,MISSING,ALARM_SRC_1171,CA,2023.0,6.0,2.0,1.0
CRITICAL,PHYSICAL PORT DOWN,2023-07-19 16:39:37,1,2023-07-19 16:39:37,2505274.0,NORMAL,MISSING,MISSING,ALARM_SRC_0109,AG,2023.0,7.0,2.0,16.0
CRITICAL,PHYSICAL PORT DOWN,2023-07-25 17:25:46,1,2023-07-25 17:25:46,2505274.0,NORMAL,MISSING,MISSING,ALARM_SRC_0323,AR,2023.0,7.0,1.0,17.0
CRITICAL,PHYSICAL PORT DOWN,2023-08-08 18:21:09,1,2023-08-08 18:21:09,2505274.0,NORMAL,MISSING,MISSING,ALARM_SRC_0007,AG,2023.0,8.0,1.0,18.0
CRITICAL,PHYSICAL PORT DOWN,2023-08-19 12:08:58,1,2023-08-19 12:08:58,2505274.0,NORMAL,MISSING,MISSING,ALARM_SRC_0123,AG,2023.0,8.0,5.0,12.0
CRITICAL,PHYSICAL PORT DOWN,2023-09-29 14:52:50,1,2023-09-29 14:52:50,2505274.0,NORMAL,MISSING,MISSING,ALARM_SRC_0077,AG,2023.0,9.0,4.0,14.0
CRITICAL,PHYSICAL PORT DOWN,2023-09-29 19:33:20,1,2023-09-29 19:33:20,2505274.0,NORMAL,MISSING,MISSING,ALARM_SRC_0005,AG,2023.0,9.0,4.0,19.0
CRITICAL,PHYSICAL PORT DOWN,2023-10-02 15:31:49,1,2023-10-02 15:31:49,2505274.0,NORMAL,MISSING,MISSING,ALARM_SRC_0107,AG,2023.0,10.0,0.0,15.0
CRITICAL,PHYSICAL PORT DOWN,2023-10-12 16:26:46,1,2023-10-12 16:26:46,2505274.0,NORMAL,MISSING,MISSING,ALARM_SRC_0317,AR,2023.0,10.0,3.0,16.0
CRITICAL,PHYSICAL PORT DOWN,2023-10-12 17:00:29,1,2023-10-12 17:00:29,2505274.0,NORMAL,MISSING,MISSING,ALARM_SRC_0125,AG,2023.0,10.0,3.0,17.0
CRITICAL,PHYSICAL PORT DOWN,2023-10-13 08:27:25,1,2023-10-13 08:27:25,2505274.0,NORMAL,MISSING,MISSING,ALARM_SRC_0917,AR,2023.0,10.0,4.0,8.0
CRITICAL,PHYSICAL PORT DOWN,2023-10-21 08:32:49,1,2023-10-21 08:32:49,2505274.0,NORMAL,MISSING,MISSING,ALARM_SRC_0054,AG,2023.0,10.0,5.0,8.0
CRITICAL,PHYSICAL PORT DOWN,2023-10-23 17:27:02,1,2023-10-23 17:27:02,2505274.0,NORMAL,MISSING,MISSING,ALARM_SRC_0609,AR,2023.0,10.0,0.0,17.0
CRITICAL,PHYSICAL PORT DOWN,2023-10-26 15:12:45,1,2023-10-26 15:12:45,2505274.0,NORMAL,MISSING,MISSING,ALARM_SRC_0126,AG,2023.0,10.0,3.0,15.0
CRITICAL,PHYSICAL PORT DOWN,2023-10-26 15:50:27,1,2023-10-26 15:50:27,2505274.0,NORMAL,MISSING,MISSING,ALARM_SRC_0123,AG,2023.0,10.0,3.0,15.0
CRITICAL,PHYSICAL PORT DOWN,2023-11-02 13:55:07,1,2023-11-02 13:55:07,2505274.0,NORMAL,MISSING,MISSING,ALARM_SRC_0094,AG,2023.0,11.0,3.0,13.0
CRITICAL,PHYSICAL PORT DOWN,2023-11-02 13:55:10,1,2023-11-02 13:55:10,2505274.0,NORMAL,MISSING,MISSING,ALARM_SRC_0932,AR,2023.0,11.0,3.0,13.0
CRITICAL,PHYSICAL PORT DOWN,2023-11-02 17:37:59,1,2023-11-02 17:37:59,2505274.0,NORMAL,MISSING,MISSING,ALARM_SRC_0071,AG,2023.0,11.0,3.0,17.0
CRITICAL,PHYSICAL PORT DOWN,2023-11-02 17:57:06,1,2023-11-02 17:57:06,2505274.0,NORMAL,MISSING,MISSING,ALARM_SRC_0070,AG,2023.0,11.0,3.0,17.0
CRITICAL,PHYSICAL PORT DOWN,2023-11-02 23:33:17,1,2023-11-02 23:33:17,2505274.0,NORMAL,MISSING,MISSING,ALARM_SRC_1172,CA,2023.0,11.0,3.0,23.0
CRITICAL,PHYSICAL PORT DOWN,2023-11-13 20:16:09,1,2023-11-13 20:16:09,2505274.0,NORMAL,MISSING,MISSING,ALARM_SRC_0126,AG,2023.0,11.0,0.0,20.0
CRITICAL,PHYSICAL PORT DOWN,2023-11-16 11:13:55,1,2023-11-16 11:13:55,2505274.0,NORMAL,MISSING,MISSING,ALARM_SRC_0041,AG,2023.0,11.0,3.0,11.0
CRITICAL,PHYSICAL PORT DOWN,2023-11-16 11:13:59,1,2023-11-16 11:13:59,2505274.0,NORMAL,MISSING,MISSING,ALARM_SRC_0041,AG,2023.0,11.0,3.0,11.0
CRITICAL,PHYSICAL PORT DOWN,2023-11-16 18:25:45,1,2023-11-16 18:25:45,2505274.0,NORMAL,MISSING,MISSING,ALARM_SRC_0037,AG,2023.0,11.0,3.0,18.0
CRITICAL,BOARD INVALID,2023-11-17 10:11:20,1,2023-11-17 10:11:20,2505210.0,NORMAL,MISSING,MISSING,ALARM_SRC_0048,AG,2023.0,11.0,4.0,10.0
CRITICAL,PHYSICAL PORT DOWN,2023-11-17 10:58:57,1,2023-11-17 10:58:57,2505274.0,NORMAL,MISSING,MISSING,ALARM_SRC_0048,AG,2023.0,11.0,4.0,10.0
CRITICAL,PHYSICAL PORT DOWN,2023-11-17 10:58:57,1,2023-11-17 10:58:57,2505274.0,NORMAL,MISSING,MISSING,ALARM_SRC_0048,AG,2023.0,11.0,4.0,10.0
CRITICAL,PHYSICAL PORT DOWN,2023-11-20 16:04:21,1,2023-11-20 16:04:21,2505274.0,NORMAL,MISSING,MISSING,ALARM_SRC_0108,AG,2023.0,11.0,0.0,16.0
CRITICAL,PHYSICAL PORT DOWN,2023-11-23 11:43:42,1,2023-11-23 11:43:42,2505274.0,NORMAL,MISSING,MISSING,ALARM_SRC_0037,AG,2023.0,11.0,3.0,11.0
CRITICAL,PHYSICAL PORT DOWN,2023-11-23 11:43:47,1,2023-11-23 11:43:47,2505274.0,NORMAL,MISSING,MISSING,ALARM_SRC_0037,AG,2023.0,11.0,3.0,11.0
CRITICAL,PHYSICAL PORT DOWN,2023-11-23 15:44:02,1,2023-11-23 15:44:02,2505274.0,NORMAL,MISSING,MISSING,ALARM_SRC_0041,AG,2023.0,11.0,3.0,15.0
CRITICAL,PHYSICAL PORT DOWN,2023-11-23 15:44:19,1,2023-11-23 15:44:19,2505274.0,NORMAL,MISSING,MISSING,ALARM_SRC_0041,AG,2023.0,11.0,3.0,15.0
CRITICAL,PHYSICAL PORT DOWN,2023-11-27 14:16:33,1,2023-11-27 14:16:33,2505274.0,NORMAL,MISSING,MISSING,ALARM_SRC_0048,AG,2023.0,11.0,0.0,14.0
CRITICAL,PHYSICAL PORT DOWN,2023-11-27 15:52:28,1,2023-11-27 15:52:28,2505274.0,NORMAL,MISSING,MISSING,ALARM_SRC_0084,AG,2023.0,11.0,0.0,15.0
CRITICAL,PHYSICAL PORT DOWN,2023-11-28 15:28:42,1,2023-11-28 15:28:42,2505274.0,NORMAL,MISSING,MISSING,ALARM_SRC_0695,AR,2023.0,11.0,1.0,15.0
CRITICAL,PHYSICAL PORT DOWN,2023-11-28 19:12:25,1,2023-11-28 19:12:25,2505274.0,NORMAL,MISSING,MISSING,ALARM_SRC_0695,AR,2023.0,11.0,1.0,19.0
CRITICAL,PHYSICAL PORT DOWN,2023-11-29 11:11:46,1,2023-11-29 11:11:46,2505274.0,NORMAL,MISSING,MISSING,ALARM_SRC_0069,AG,2023.0,11.0,2.0,11.0
CRITICAL,PHYSICAL PORT DOWN,2023-11-29 12:28:39,1,2023-11-29 12:28:39,2505274.0,NORMAL,MISSING,MISSING,ALARM_SRC_0069,AG,2023.0,11.0,2.0,12.0
CRITICAL,PHYSICAL PORT DOWN,2023-11-29 18:12:41,1,2023-11-29 18:12:41,2505274.0,NORMAL,MISSING,MISSING,ALARM_SRC_0048,AG,2023.0,11.0,2.0,18.0
CRITICAL,PHYSICAL PORT DOWN,2023-12-01 10:32:24,1,2023-12-01 10:32:24,2505274.0,NORMAL,MISSING,MISSING,ALARM_SRC_0053,AG,2023.0,12.0,4.0,10.0
CRITICAL,PHYSICAL PORT DOWN,2023-12-05 10:04:13,1,2023-12-05 10:04:13,2505274.0,NORMAL,MISSING,MISSING,ALARM_SRC_0048,AG,2023.0,12.0,1.0,10.0
CRITICAL,PHYSICAL PORT DOWN,2023-12-05 10:04:24,1,2023-12-05 10:04:24,2505274.0,NORMAL,MISSING,MISSING,ALARM_SRC_0048,AG,2023.0,12.0,1.0,10.0
CRITICAL,PHYSICAL PORT DOWN,2023-12-05 16:56:14,1,2023-12-05 16:56:14,2505274.0,NORMAL,MISSING,MISSING,ALARM_SRC_0053,AG,2023.0,12.0,1.0,16.0
CRITICAL,PHYSICAL PORT DOWN,2023-12-06 17:25:49,1,2023-12-06 17:25:49,2505274.0,NORMAL,MISSING,MISSING,ALARM_SRC_0058,AG,2023.0,12.0,2.0,17.0
CRITICAL,PHYSICAL PORT DOWN,2023-12-06 17:51:46,1,2023-12-06 17:51:46,2505274.0,NORMAL,MISSING,MISSING,ALARM_SRC_0058,AG,2023.0,12.0,2.0,17.0
CRITICAL,PHYSICAL PORT DOWN,2023-12-06 18:37:04,1,2023-12-06 18:37:04,2505274.0,NORMAL,MISSING,MISSING,ALARM_SRC_0888,AR,2023.0,12.0,2.0,18.0
CRITICAL,PHYSICAL PORT DOWN,2023-12-12 17:05:46,1,2023-12-12 17:05:46,2505274.0,NORMAL,MISSING,MISSING,ALARM_SRC_0013,AG,2023.0,12.0,1.0,17.0
CRITICAL,PHYSICAL PORT DOWN,2023-12-12 17:05:59,1,2023-12-12 17:05:59,2505274.0,NORMAL,MISSING,MISSING,ALARM_SRC_0013,AG,2023.0,12.0,1.0,17.0
CRITICAL,PHYSICAL PORT DOWN,2023-12-14 11:47:59,1,2023-12-14 11:47:59,2505274.0,NORMAL,MISSING,MISSING,ALARM_SRC_0123,AG,2023.0,12.0,3.0,11.0
CRITICAL,PHYSICAL PORT DOWN,2023-12-14 16:38:19,1,2023-12-14 16:38:19,2505274.0,NORMAL,MISSING,MISSING,ALARM_SRC_0124,AG,2023.0,12.0,3.0,16.0
CRITICAL,PHYSICAL PORT DOWN,2023-12-14 17:09:14,1,2023-12-14 17:09:14,2505274.0,NORMAL,MISSING,MISSING,ALARM_SRC_0124,AG,2023.0,12.0,3.0,17.0
CRITICAL,PHYSICAL PORT DOWN,2023-12-15 10:25:30,1,2023-12-15 10:25:30,2505274.0,NORMAL,MISSING,MISSING,ALARM_SRC_0048,AG,2023.0,12.0,4.0,10.0
CRITICAL,PHYSICAL PORT DOWN,2023-12-15 10:25:37,1,2023-12-15 10:25:37,2505274.0,NORMAL,MISSING,MISSING,ALARM_SRC_0048,AG,2023.0,12.0,4.0,10.0
CRITICAL,PHYSICAL PORT DOWN,2023-12-16 10:17:43,1,2023-12-16 10:17:43,2505274.0,NORMAL,MISSING,MISSING,ALARM_SRC_0078,AG,2023.0,12.0,5.0,10.0
CRITICAL,PHYSICAL PORT DOWN,2023-12-19 11:48:24,1,2023-12-19 11:48:24,2505274.0,NORMAL,MISSING,MISSING,ALARM_SRC_0755,AR,2023.0,12.0,1.0,11.0
CRITICAL,PHYSICAL PORT DOWN,2023-12-20 10:51:25,1,2023-12-20 10:51:25,2505274.0,NORMAL,MISSING,MISSING,ALARM_SRC_0084,AG,2023.0,12.0,2.0,10.0
CRITICAL,PHYSICAL PORT DOWN,2023-12-20 15:48:25,1,2023-12-20 15:48:25,2505274.0,NORMAL,MISSING,MISSING,ALARM_SRC_0054,AG,2023.0,12.0,2.0,15.0
CRITICAL,PHYSICAL PORT DOWN,2023-12-26 14:16:41,1,2023-12-26 14:16:41,2505274.0,NORMAL,MISSING,MISSING,ALARM_SRC_0070,AG,2023.0,12.0,1.0,14.0
CRITICAL,PHYSICAL PORT DOWN,2024-01-02 10:48:41,1,2024-01-02 10:48:41,2505274.0,NORMAL,MISSING,MISSING,ALARM_SRC_0053,AG,2024.0,1.0,1.0,10.0
CRITICAL,PHYSICAL PORT DOWN,2024-01-06 12:21:13,1,2024-01-06 12:21:13,2505274.0,NORMAL,MISSING,MISSING,ALARM_SRC_0405,AR,2024.0,1.0,5.0,12.0
CRITICAL,PHYSICAL PORT DOWN,2024-01-08 12:17:14,1,2024-01-08 12:17:14,2505274.0,NORMAL,MISSING,MISSING,ALARM_SRC_0123,AG,2024.0,1.0,0.0,12.0
CRITICAL,PHYSICAL PORT DOWN,2024-01-08 14:23:12,1,2024-01-08 14:23:12,2505274.0,NORMAL,MISSING,MISSING,ALARM_SRC_0071,AG,2024.0,1.0,0.0,14.0
CRITICAL,PHYSICAL PORT DOWN,2024-01-09 14:34:45,1,2024-01-09 14:34:45,2505274.0,NORMAL,MISSING,MISSING,ALARM_SRC_0083,AG,2024.0,1.0,1.0,14.0
CRITICAL,PHYSICAL PORT DOWN,2024-01-09 14:34:48,1,2024-01-09 14:34:48,2505274.0,NORMAL,MISSING,MISSING,ALARM_SRC_0083,AG,2024.0,1.0,1.0,14.0
CRITICAL,PHYSICAL PORT DOWN,2024-01-10 09:30:08,1,2024-01-10 09:30:08,2505274.0,NORMAL,MISSING,MISSING,ALARM_SRC_0905,AR,2024.0,1.0,2.0,9.0
CRITICAL,PHYSICAL PORT DOWN,2024-01-11 17:58:18,1,2024-01-11 17:58:18,2505274.0,NORMAL,MISSING,MISSING,ALARM_SRC_0397,AR,2024.0,1.0,3.0,17.0
CRITICAL,PHYSICAL PORT DOWN,2024-01-12 14:47:25,1,2024-01-12 14:47:25,2505274.0,NORMAL,MISSING,MISSING,ALARM_SRC_0138,AR,2024.0,1.0,4.0,14.0
CRITICAL,PHYSICAL PORT DOWN,2024-01-12 15:27:31,1,2024-01-12 15:27:31,2505274.0,NORMAL,MISSING,MISSING,ALARM_SRC_0138,AR,2024.0,1.0,4.0,15.0
CRITICAL,PHYSICAL PORT DOWN,2024-01-12 15:27:42,1,2024-01-12 15:27:42,2505274.0,NORMAL,MISSING,MISSING,ALARM_SRC_0138,AR,2024.0,1.0,4.0,15.0
CRITICAL,PHYSICAL PORT DOWN,2024-01-12 18:18:16,1,2024-01-12 18:18:16,2505274.0,NORMAL,MISSING,MISSING,ALARM_SRC_0123,AG,2024.0,1.0,4.0,18.0
CRITICAL,PHYSICAL PORT DOWN,2024-01-17 00:57:16,1,2024-01-17 00:57:16,2505274.0,NORMAL,MISSING,MISSING,ALARM_SRC_1180,CP,2024.0,1.0,2.0,0.0
CRITICAL,PHYSICAL PORT DOWN,2024-01-17 00:57:16,1,2024-01-17 00:57:16,2505274.0,NORMAL,MISSING,MISSING,ALARM_SRC_1180,CP,2024.0,1.0,2.0,0.0
CRITICAL,PHYSICAL PORT DOWN,2024-01-17 00:57:16,1,2024-01-17 00:57:16,2505274.0,NORMAL,MISSING,MISSING,ALARM_SRC_1180,CP,2024.0,1.0,2.0,0.0
CRITICAL,PHYSICAL PORT DOWN,2024-01-24 11:20:01,1,2024-01-24 11:20:01,2505274.0,NORMAL,MISSING,MISSING,ALARM_SRC_0124,AG,2024.0,1.0,2.0,11.0
CRITICAL,PHYSICAL PORT DOWN,2024-01-24 11:21:49,1,2024-01-24 11:21:49,2505274.0,NORMAL,MISSING,MISSING,ALARM_SRC_0124,AG,2024.0,1.0,2.0,11.0
CRITICAL,PHYSICAL PORT DOWN,2024-01-24 11:45:44,1,2024-01-24 11:45:44,2505274.0,NORMAL,MISSING,MISSING,ALARM_SRC_0123,AG,2024.0,1.0,2.0,11.0
CRITICAL,PHYSICAL PORT DOWN,2024-01-24 11:45:45,1,2024-01-24 11:45:45,2505274.0,NORMAL,MISSING,MISSING,ALARM_SRC_0125,AG,2024.0,1.0,2.0,11.0
CRITICAL,PHYSICAL PORT DOWN,2024-01-24 11:50:38,1,2024-01-24 11:50:38,2505274.0,NORMAL,MISSING,MISSING,ALARM_SRC_0123,AG,2024.0,1.0,2.0,11.0
CRITICAL,PHYSICAL PORT DOWN,2024-01-25 09:29:17,1,2024-01-25 09:29:17,2505274.0,NORMAL,MISSING,MISSING,ALARM_SRC_0113,AG,2024.0,1.0,3.0,9.0
CRITICAL,PHYSICAL PORT DOWN,2024-01-25 09:29:36,1,2024-01-25 09:29:36,2505274.0,NORMAL,MISSING,MISSING,ALARM_SRC_0113,AG,2024.0,1.0,3.0,9.0
CRITICAL,PHYSICAL PORT DOWN,2024-01-25 14:53:18,1,2024-01-25 14:53:18,2505274.0,NORMAL,MISSING,MISSING,ALARM_SRC_0109,AG,2024.0,1.0,3.0,14.0
CRITICAL,PHYSICAL PORT DOWN,2024-01-25 14:56:26,1,2024-01-25 14:56:26,2505274.0,NORMAL,MISSING,MISSING,ALARM_SRC_0109,AG,2024.0,1.0,3.0,14.0
CRITICAL,PHYSICAL PORT DOWN,2024-01-26 00:12:32,1,2024-01-26 00:12:32,2505274.0,NORMAL,MISSING,MISSING,ALARM_SRC_1178,CP,2024.0,1.0,4.0,0.0
CRITICAL,PHYSICAL PORT DOWN,2024-01-26 00:12:36,1,2024-01-26 00:12:36,2505274.0,NORMAL,MISSING,MISSING,ALARM_SRC_1178,CP,2024.0,1.0,4.0,0.0
CRITICAL,PHYSICAL PORT DOWN,2024-01-26 00:12:36,1,2024-01-26 00:12:36,2505274.0,NORMAL,MISSING,MISSING,ALARM_SRC_1178,CP,2024.0,1.0,4.0,0.0
CRITICAL,PHYSICAL PORT DOWN,2024-02-03 00:18:57,1,2024-02-03 00:18:57,2505274.0,NORMAL,MISSING,MISSING,ALARM_SRC_1190,CP,2024.0,2.0,5.0,0.0
CRITICAL,PHYSICAL PORT DOWN,2024-02-03 20:54:11,1,2024-02-03 20:54:11,2505274.0,NORMAL,MISSING,ACKNOWLEDGED,ALARM_SRC_0067,AG,2024.0,2.0,5.0,20.0
CRITICAL,PHYSICAL PORT DOWN,2024-02-03 21:37:55,1,2024-02-03 21:37:55,2505274.0,NORMAL,MISSING,ACKNOWLEDGED,ALARM_SRC_0067,AG,2024.0,2.0,5.0,21.0
CRITICAL,PHYSICAL PORT DOWN,2024-02-03 21:38:36,1,2024-02-03 21:38:36,2505274.0,NORMAL,MISSING,ACKNOWLEDGED,ALARM_SRC_0067,AG,2024.0,2.0,5.0,21.0
CRITICAL,PHYSICAL PORT DOWN,2024-02-06 09:40:45,1,2024-02-06 09:40:45,2505274.0,NORMAL,MISSING,MISSING,ALARM_SRC_0780,AR,2024.0,2.0,1.0,9.0
CRITICAL,PHYSICAL PORT DOWN,2024-02-06 09:56:32,1,2024-02-06 09:56:32,2505274.0,NORMAL,MISSING,MISSING,ALARM_SRC_0084,AG,2024.0,2.0,1.0,9.0
CRITICAL,PHYSICAL PORT DOWN,2024-02-12 15:50:08,1,2024-02-12 15:50:08,2505274.0,NORMAL,MISSING,MISSING,ALARM_SRC_0122,AG,2024.0,2.0,0.0,15.0
CRITICAL,PHYSICAL PORT DOWN,2024-02-12 15:50:08,1,2024-02-12 15:50:08,2505274.0,NORMAL,MISSING,MISSING,ALARM_SRC_0122,AG,2024.0,2.0,0.0,15.0
CRITICAL,PHYSICAL PORT DOWN,2024-02-14 12:32:26,1,2024-02-14 12:32:26,2505274.0,NORMAL,MISSING,MISSING,ALARM_SRC_0244,AR,2024.0,2.0,2.0,12.0
CRITICAL,BOARD INVALID,2024-02-15 08:14:09,1,2024-02-15 08:14:09,2505210.0,NORMAL,MISSING,MISSING,ALARM_SRC_0057,AG,2024.0,2.0,3.0,8.0
CRITICAL,BOARD INVALID,2024-02-15 08:14:37,1,2024-02-15 08:14:37,2505210.0,NORMAL,MISSING,MISSING,ALARM_SRC_0057,AG,2024.0,2.0,3.0,8.0
CRITICAL,BOARD INVALID,2024-02-15 08:14:44,1,2024-02-15 08:14:44,2505210.0,NORMAL,MISSING,MISSING,ALARM_SRC_0057,AG,2024.0,2.0,3.0,8.0
CRITICAL,BOARD INVALID,2024-02-15 08:15:08,1,2024-02-15 08:15:08,2505210.0,NORMAL,MISSING,MISSING,ALARM_SRC_0057,AG,2024.0,2.0,3.0,8.0
CRITICAL,BOARD INVALID,2024-02-15 08:19:50,1,2024-02-15 08:19:50,2505210.0,NORMAL,MISSING,MISSING,ALARM_SRC_0057,AG,2024.0,2.0,3.0,8.0
CRITICAL,PHYSICAL PORT DOWN,2024-02-21 15:36:06,1,2024-02-21 15:36:06,2505274.0,NORMAL,MISSING,MISSING,ALARM_SRC_0050,AG,2024.0,2.0,2.0,15.0
CRITICAL,PHYSICAL PORT DOWN,2024-02-21 15:36:07,1,2024-02-21 15:36:07,2505274.0,NORMAL,MISSING,MISSING,ALARM_SRC_0050,AG,2024.0,2.0,2.0,15.0
CRITICAL,PHYSICAL PORT DOWN,2024-03-04 09:55:28,1,2024-03-04 09:55:28,2505274.0,NORMAL,MISSING,MISSING,ALARM_SRC_0917,AR,2024.0,3.0,0.0,9.0
CRITICAL,PHYSICAL PORT DOWN,2024-03-08 00:05:41,1,2024-03-08 00:05:41,3074752.0,NORMAL,MISSING,MISSING,ALARM_SRC_0039,AG,2024.0,3.0,4.0,0.0
CRITICAL,PHYSICAL PORT DOWN,2024-03-09 06:46:32,1,2024-03-09 06:46:32,2505274.0,NORMAL,MISSING,MISSING,ALARM_SRC_0932,AR,2024.0,3.0,5.0,6.0
CRITICAL,PHYSICAL PORT DOWN,2024-03-18 14:38:28,1,2024-03-18 14:38:28,2505274.0,NORMAL,MISSING,MISSING,ALARM_SRC_1014,AR,2024.0,3.0,0.0,14.0
CRITICAL,PHYSICAL PORT DOWN,2024-03-18 17:12:12,1,2024-03-18 17:12:12,2505274.0,NORMAL,MISSING,MISSING,ALARM_SRC_0007,AG,2024.0,3.0,0.0,17.0
CRITICAL,PHYSICAL PORT DOWN,2024-03-21 15:46:03,1,2024-03-21 15:46:03,2505274.0,NORMAL,MISSING,MISSING,ALARM_SRC_0088,AG,2024.0,3.0,3.0,15.0
CRITICAL,PHYSICAL PORT DOWN,2024-03-21 15:58:27,1,2024-03-21 15:58:27,2505274.0,NORMAL,MISSING,MISSING,ALARM_SRC_0094,AG,2024.0,3.0,3.0,15.0
CRITICAL,PHYSICAL PORT DOWN,2024-03-21 15:58:27,1,2024-03-21 15:58:27,2505274.0,NORMAL,MISSING,MISSING,ALARM_SRC_0094,AG,2024.0,3.0,3.0,15.0
CRITICAL,PHYSICAL PORT DOWN,2024-03-22 16:44:38,1,2024-03-22 16:44:38,2505274.0,NORMAL,MISSING,MISSING,ALARM_SRC_0063,AG,2024.0,3.0,4.0,16.0
CRITICAL,BOARD INVALID,2024-03-25 15:13:44,1,2024-03-25 15:13:44,2505210.0,NORMAL,MISSING,MISSING,ALARM_SRC_0019,AG,2024.0,3.0,0.0,15.0
CRITICAL,PHYSICAL PORT DOWN,2024-03-26 13:10:23,1,2024-03-26 13:10:23,2505274.0,NORMAL,MISSING,MISSING,ALARM_SRC_0019,AG,2024.0,3.0,1.0,13.0
CRITICAL,PHYSICAL PORT DOWN,2024-04-04 17:23:08,1,2024-04-04 17:23:08,2505274.0,NORMAL,MISSING,MISSING,ALARM_SRC_0082,AG,2024.0,4.0,3.0,17.0
CRITICAL,PHYSICAL PORT DOWN,2024-04-15 11:48:09,1,2024-04-15 11:48:09,2505274.0,NORMAL,MISSING,MISSING,ALARM_SRC_0683,AR,2024.0,4.0,0.0,11.0
CRITICAL,PHYSICAL PORT DOWN,2024-04-15 13:49:34,1,2024-04-15 13:49:34,2505274.0,NORMAL,MISSING,MISSING,ALARM_SRC_0066,AG,2024.0,4.0,0.0,13.0
CRITICAL,PHYSICAL PORT DOWN,2024-04-18 15:17:40,1,2024-04-18 15:17:40,2505274.0,NORMAL,MISSING,MISSING,ALARM_SRC_0313,AR,2024.0,4.0,3.0,15.0
CRITICAL,PHYSICAL PORT DOWN,2024-04-21 10:41:15,1,2024-04-21 10:41:15,2505274.0,NORMAL,MISSING,MISSING,ALARM_SRC_0053,AG,2024.0,4.0,6.0,10.0
CRITICAL,PHYSICAL PORT DOWN,2024-05-11 14:13:31,1,2024-05-11 14:13:31,2505274.0,NORMAL,MISSING,MISSING,ALARM_SRC_0904,AR,2024.0,5.0,5.0,14.0
CRITICAL,PHYSICAL PORT DOWN,2024-05-13 16:46:21,1,2024-05-13 16:46:21,2505274.0,NORMAL,MISSING,MISSING,ALARM_SRC_0267,AR,2024.0,5.0,0.0,16.0
CRITICAL,PHYSICAL PORT DOWN,2024-05-14 08:35:42,1,2024-05-14 08:35:42,2505274.0,NORMAL,MISSING,MISSING,ALARM_SRC_0888,AR,2024.0,5.0,1.0,8.0
CRITICAL,PHYSICAL PORT DOWN,2024-05-15 12:50:26,1,2024-05-15 12:50:26,2505274.0,NORMAL,MISSING,MISSING,ALARM_SRC_0077,AG,2024.0,5.0,2.0,12.0
CRITICAL,PHYSICAL PORT DOWN,2024-05-15 15:18:58,1,2024-05-15 15:18:58,2505274.0,NORMAL,MISSING,MISSING,ALARM_SRC_0066,AG,2024.0,5.0,2.0,15.0
CRITICAL,PHYSICAL PORT DOWN,2024-05-22 15:20:02,1,2024-05-22 15:20:02,2505274.0,NORMAL,MISSING,MISSING,ALARM_SRC_0050,AG,2024.0,5.0,2.0,15.0
CRITICAL,PHYSICAL PORT DOWN,2024-05-22 15:20:34,1,2024-05-22 15:20:34,2505274.0,NORMAL,MISSING,MISSING,ALARM_SRC_0050,AG,2024.0,5.0,2.0,15.0
CRITICAL,PHYSICAL PORT DOWN,2024-05-23 11:24:47,1,2024-05-23 11:24:47,2505274.0,NORMAL,MISSING,MISSING,ALARM_SRC_0062,AG,2024.0,5.0,3.0,11.0
CRITICAL,PHYSICAL PORT DOWN,2024-05-23 19:01:07,1,2024-05-23 19:01:07,2505274.0,NORMAL,MISSING,MISSING,ALARM_SRC_0052,AG,2024.0,5.0,3.0,19.0
CRITICAL,PHYSICAL PORT DOWN,2024-05-23 19:01:08,1,2024-05-23 19:01:08,2505274.0,NORMAL,MISSING,MISSING,ALARM_SRC_0052,AG,2024.0,5.0,3.0,19.0
CRITICAL,PHYSICAL PORT DOWN,2024-05-25 18:37:27,1,2024-05-25 18:37:27,2505274.0,NORMAL,MISSING,MISSING,ALARM_SRC_0312,AR,2024.0,5.0,5.0,18.0
CRITICAL,PHYSICAL PORT DOWN,2024-05-29 10:55:57,1,2024-05-29 10:55:57,2505274.0,NORMAL,MISSING,MISSING,ALARM_SRC_0088,AG,2024.0,5.0,2.0,10.0
CRITICAL,PHYSICAL PORT DOWN,2024-05-29 10:57:01,1,2024-05-29 10:57:01,2505274.0,NORMAL,MISSING,MISSING,ALARM_SRC_0088,AG,2024.0,5.0,2.0,10.0
CRITICAL,PHYSICAL PORT DOWN,2024-06-04 09:49:03,1,2024-06-04 09:49:03,2505274.0,NORMAL,MISSING,MISSING,ALARM_SRC_0896,AR,2024.0,6.0,1.0,9.0
CRITICAL,PHYSICAL PORT DOWN,2024-06-06 10:54:19,1,2024-06-06 10:54:19,2505274.0,NORMAL,MISSING,MISSING,ALARM_SRC_1181,CP,2024.0,6.0,3.0,10.0
CRITICAL,PHYSICAL PORT DOWN,2024-06-06 17:38:11,1,2024-06-06 17:38:11,2505274.0,NORMAL,MISSING,MISSING,ALARM_SRC_0823,AR,2024.0,6.0,3.0,17.0
CRITICAL,PHYSICAL PORT DOWN,2024-06-10 10:59:37,1,2024-06-10 10:59:37,2505274.0,NORMAL,MISSING,MISSING,ALARM_SRC_0048,AG,2024.0,6.0,0.0,10.0
CRITICAL,PHYSICAL PORT DOWN,2024-06-10 10:59:37,1,2024-06-10 10:59:37,2505274.0,NORMAL,MISSING,MISSING,ALARM_SRC_0048,AG,2024.0,6.0,0.0,10.0
CRITICAL,PHYSICAL PORT DOWN,2024-06-10 10:59:37,1,2024-06-10 10:59:37,2505274.0,NORMAL,MISSING,MISSING,ALARM_SRC_0048,AG,2024.0,6.0,0.0,10.0
CRITICAL,PHYSICAL PORT DOWN,2024-06-10 12:58:22,1,2024-06-10 12:58:22,2505274.0,NORMAL,MISSING,MISSING,ALARM_SRC_0048,AG,2024.0,6.0,0.0,12.0
CRITICAL,PHYSICAL PORT DOWN,2024-06-13 13:54:34,1,2024-06-13 13:54:34,2505274.0,NORMAL,MISSING,MISSING,ALARM_SRC_0065,AG,2024.0,6.0,3.0,13.0
CRITICAL,PHYSICAL PORT DOWN,2024-06-13 23:00:41,1,2024-06-13 23:00:41,2505274.0,NORMAL,MISSING,MISSING,ALARM_SRC_0649,AR,2024.0,6.0,3.0,23.0
CRITICAL,PHYSICAL PORT DOWN,2024-06-14 00:14:04,1,2024-06-14 00:14:04,2505274.0,NORMAL,MISSING,MISSING,ALARM_SRC_0649,AR,2024.0,6.0,4.0,0.0
CRITICAL,PHYSICAL PORT DOWN,2024-06-21 12:32:49,1,2024-06-21 12:32:49,2505274.0,NORMAL,MISSING,MISSING,ALARM_SRC_0267,AR,2024.0,6.0,4.0,12.0
CRITICAL,PHYSICAL PORT DOWN,2024-06-21 18:23:48,1,2024-06-21 18:23:48,3074752.0,NORMAL,MISSING,MISSING,ALARM_SRC_1167,CA,2024.0,6.0,4.0,18.0
CRITICAL,PHYSICAL PORT DOWN,2024-06-27 00:07:55,1,2024-06-27 00:07:55,2505274.0,NORMAL,MISSING,MISSING,ALARM_SRC_1171,CA,2024.0,6.0,3.0,0.0
CRITICAL,PHYSICAL PORT DOWN,2024-06-28 16:13:37,1,2024-06-28 16:13:37,3074752.0,NORMAL,MISSING,MISSING,ALARM_SRC_1167,CA,2024.0,6.0,4.0,16.0
CRITICAL,BOARD INVALID,2024-07-01 09:53:24,1,2024-07-01 09:53:24,2505210.0,NORMAL,MISSING,MISSING,ALARM_SRC_0071,AG,2024.0,7.0,0.0,9.0
CRITICAL,PHYSICAL PORT DOWN,2024-07-11 09:54:21,1,2024-07-11 09:54:21,2505274.0,NORMAL,MISSING,MISSING,ALARM_SRC_0011,AG,2024.0,7.0,3.0,9.0
CRITICAL,PHYSICAL PORT DOWN,2024-07-13 14:45:23,1,2024-07-13 14:45:23,2505274.0,NORMAL,MISSING,MISSING,ALARM_SRC_0575,AR,2024.0,7.0,5.0,14.0
CRITICAL,BOARD INVALID,2024-07-16 09:56:02,1,2024-07-16 09:56:02,2505210.0,NORMAL,MISSING,MISSING,ALARM_SRC_0048,AG,2024.0,7.0,1.0,9.0
CRITICAL,PHYSICAL PORT DOWN,2024-07-16 11:29:52,1,2024-07-16 11:29:52,2505274.0,NORMAL,MISSING,MISSING,ALARM_SRC_0096,AG,2024.0,7.0,1.0,11.0
CRITICAL,PHYSICAL PORT DOWN,2024-07-18 09:20:19,1,2024-07-18 09:20:19,2505274.0,NORMAL,MISSING,MISSING,ALARM_SRC_0124,AG,2024.0,7.0,3.0,9.0
CRITICAL,PHYSICAL PORT DOWN,2024-07-19 11:40:41,1,2024-07-19 11:40:41,2505274.0,NORMAL,MISSING,MISSING,ALARM_SRC_0071,AG,2024.0,7.0,4.0,11.0
CRITICAL,PHYSICAL PORT DOWN,2024-07-20 11:41:34,1,2024-07-20 11:41:34,2505274.0,NORMAL,MISSING,MISSING,ALARM_SRC_0452,AR,2024.0,7.0,5.0,11.0
CRITICAL,PHYSICAL PORT DOWN,2024-07-20 11:42:01,1,2024-07-20 11:42:01,2505274.0,NORMAL,MISSING,MISSING,ALARM_SRC_0452,AR,2024.0,7.0,5.0,11.0
CRITICAL,PHYSICAL PORT DOWN,2024-07-20 11:42:20,1,2024-07-20 11:42:20,2505274.0,NORMAL,MISSING,MISSING,ALARM_SRC_0452,AR,2024.0,7.0,5.0,11.0
CRITICAL,PHYSICAL PORT DOWN,2024-07-24 23:59:02,1,2024-07-24 23:59:02,3074752.0,NORMAL,MISSING,MISSING,ALARM_SRC_1167,CA,2024.0,7.0,2.0,23.0
CRITICAL,PHYSICAL PORT DOWN,2024-07-26 13:23:04,1,2024-07-26 13:23:04,2505274.0,NORMAL,MISSING,MISSING,ALARM_SRC_0129,AR,2024.0,7.0,4.0,13.0
CRITICAL,PHYSICAL PORT DOWN,2024-08-02 11:26:25,1,2024-08-02 11:26:25,2505274.0,NORMAL,MISSING,MISSING,ALARM_SRC_0123,AG,2024.0,8.0,4.0,11.0
CRITICAL,PHYSICAL PORT DOWN,2024-08-02 13:28:34,1,2024-08-02 13:28:34,2505274.0,NORMAL,MISSING,MISSING,ALARM_SRC_0033,AG,2024.0,8.0,4.0,13.0
CRITICAL,PHYSICAL PORT DOWN,2024-08-05 09:32:34,1,2024-08-05 09:32:34,2505274.0,NORMAL,MISSING,MISSING,ALARM_SRC_0655,AR,2024.0,8.0,0.0,9.0
CRITICAL,PHYSICAL PORT DOWN,2024-08-07 18:18:28,1,2024-08-07 18:18:28,3074752.0,NORMAL,MISSING,MISSING,ALARM_SRC_1167,CA,2024.0,8.0,2.0,18.0
CRITICAL,PHYSICAL PORT DOWN,2024-08-08 01:56:48,1,2024-08-08 01:56:48,2505274.0,NORMAL,MISSING,MISSING,ALARM_SRC_0126,AG,2024.0,8.0,3.0,1.0
CRITICAL,PHYSICAL PORT DOWN,2024-08-20 15:27:40,1,2024-08-20 15:27:40,2505274.0,NORMAL,MISSING,MISSING,ALARM_SRC_0888,AR,2024.0,8.0,1.0,15.0
CRITICAL,PHYSICAL PORT DOWN,2024-08-26 19:03:51,1,2024-08-26 19:03:51,2505274.0,NORMAL,MISSING,MISSING,ALARM_SRC_0888,AR,2024.0,8.0,0.0,19.0
CRITICAL,PHYSICAL PORT DOWN,2024-08-28 10:28:14,1,2024-08-28 10:28:14,2505274.0,NORMAL,MISSING,MISSING,ALARM_SRC_0005,AG,2024.0,8.0,2.0,10.0
CRITICAL,PHYSICAL PORT DOWN,2024-08-28 10:28:55,1,2024-08-28 10:28:55,2505274.0,NORMAL,MISSING,MISSING,ALARM_SRC_0005,AG,2024.0,8.0,2.0,10.0
CRITICAL,PHYSICAL PORT DOWN,2024-08-29 11:49:42,1,2024-08-29 11:49:42,2505274.0,NORMAL,MISSING,MISSING,ALARM_SRC_0053,AG,2024.0,8.0,3.0,11.0
CRITICAL,PHYSICAL PORT DOWN,2024-08-29 11:49:46,1,2024-08-29 11:49:46,2505274.0,NORMAL,MISSING,MISSING,ALARM_SRC_0053,AG,2024.0,8.0,3.0,11.0
CRITICAL,PHYSICAL PORT DOWN,2024-09-09 18:04:39,1,2024-09-09 18:04:39,2505274.0,NORMAL,MISSING,MISSING,ALARM_SRC_0126,AG,2024.0,9.0,0.0,18.0
CRITICAL,PHYSICAL PORT DOWN,2024-09-10 09:47:54,1,2024-09-10 09:47:54,2505274.0,NORMAL,MISSING,MISSING,ALARM_SRC_0034,AG,2024.0,9.0,1.0,9.0
CRITICAL,PHYSICAL PORT DOWN,2024-09-10 10:57:35,1,2024-09-10 10:57:35,2505274.0,NORMAL,MISSING,MISSING,ALARM_SRC_0034,AG,2024.0,9.0,1.0,10.0
CRITICAL,PHYSICAL PORT DOWN,2024-09-10 11:39:39,1,2024-09-10 11:39:39,2505274.0,NORMAL,MISSING,MISSING,ALARM_SRC_0034,AG,2024.0,9.0,1.0,11.0
CRITICAL,PHYSICAL PORT DOWN,2024-09-10 19:51:57,1,2024-09-10 19:51:57,2505274.0,NORMAL,MISSING,MISSING,ALARM_SRC_0905,AR,2024.0,9.0,1.0,19.0
CRITICAL,PHYSICAL PORT DOWN,2024-09-11 02:43:44,1,2024-09-11 02:43:44,3074752.0,NORMAL,MISSING,MISSING,ALARM_SRC_1167,CA,2024.0,9.0,2.0,2.0
CRITICAL,PHYSICAL PORT DOWN,2024-09-11 18:43:14,1,2024-09-11 18:43:14,2505274.0,NORMAL,MISSING,MISSING,ALARM_SRC_0035,AG,2024.0,9.0,2.0,18.0
CRITICAL,PHYSICAL PORT DOWN,2024-09-11 18:47:51,1,2024-09-11 18:47:51,2505274.0,NORMAL,MISSING,MISSING,ALARM_SRC_0035,AG,2024.0,9.0,2.0,18.0
CRITICAL,PHYSICAL PORT DOWN,2024-09-12 14:04:53,1,2024-09-12 14:04:53,2505274.0,NORMAL,MISSING,MISSING,ALARM_SRC_0126,AG,2024.0,9.0,3.0,14.0
CRITICAL,BOARD INVALID,2024-09-19 16:39:16,1,2024-09-19 16:39:16,2505210.0,NORMAL,MISSING,MISSING,ALARM_SRC_0069,AG,2024.0,9.0,3.0,16.0
CRITICAL,BOARD INVALID,2024-09-20 02:30:39,1,2024-09-20 02:30:39,2505210.0,NORMAL,MISSING,MISSING,ALARM_SRC_0126,AG,2024.0,9.0,4.0,2.0
CRITICAL,PHYSICAL PORT DOWN,2024-09-20 12:34:48,1,2024-09-20 12:34:48,2505274.0,NORMAL,MISSING,MISSING,ALARM_SRC_0056,AG,2024.0,9.0,4.0,12.0
CRITICAL,PHYSICAL PORT DOWN,2024-09-23 17:02:17,1,2024-09-23 17:02:17,2505274.0,NORMAL,MISSING,MISSING,ALARM_SRC_0125,AG,2024.0,9.0,0.0,17.0
CRITICAL,PHYSICAL PORT DOWN,2024-09-24 17:02:10,1,2024-09-24 17:02:10,2505274.0,NORMAL,MISSING,MISSING,ALARM_SRC_0056,AG,2024.0,9.0,1.0,17.0
CRITICAL,PHYSICAL PORT DOWN,2024-09-25 09:26:56,1,2024-09-25 09:26:56,2505274.0,NORMAL,MISSING,MISSING,ALARM_SRC_0043,AG,2024.0,9.0,2.0,9.0
CRITICAL,PHYSICAL PORT DOWN,2024-09-25 12:47:43,1,2024-09-25 12:47:43,2505274.0,NORMAL,MISSING,MISSING,ALARM_SRC_0071,AG,2024.0,9.0,2.0,12.0
CRITICAL,PHYSICAL PORT DOWN,2024-09-25 12:58:15,1,2024-09-25 12:58:15,2505274.0,NORMAL,MISSING,MISSING,ALARM_SRC_0071,AG,2024.0,9.0,2.0,12.0
CRITICAL,PHYSICAL PORT DOWN,2024-10-03 00:48:15,1,2024-10-03 00:48:15,2505274.0,NORMAL,MISSING,MISSING,ALARM_SRC_0082,AG,2024.0,10.0,3.0,0.0
CRITICAL,BOARD INVALID,2024-10-09 11:05:20,1,2024-10-09 11:05:20,2505210.0,NORMAL,MISSING,MISSING,ALARM_SRC_0051,AG,2024.0,10.0,2.0,11.0
CRITICAL,PHYSICAL PORT DOWN,2024-10-16 12:58:24,1,2024-10-16 12:58:24,2505274.0,NORMAL,MISSING,MISSING,ALARM_SRC_0312,AR,2024.0,10.0,2.0,12.0
CRITICAL,PHYSICAL PORT DOWN,2024-10-22 09:29:07,1,2024-10-22 09:29:07,2505274.0,NORMAL,MISSING,MISSING,ALARM_SRC_0065,AG,2024.0,10.0,1.0,9.0
CRITICAL,PHYSICAL PORT DOWN,2024-10-22 09:55:18,1,2024-10-22 09:55:18,2505274.0,NORMAL,MISSING,MISSING,ALARM_SRC_0065,AG,2024.0,10.0,1.0,9.0
CRITICAL,PHYSICAL PORT DOWN,2024-10-24 08:50:33,1,2024-10-24 08:50:33,2505274.0,NORMAL,MISSING,MISSING,ALARM_SRC_0129,AR,2024.0,10.0,3.0,8.0
CRITICAL,PHYSICAL PORT DOWN,2024-10-25 00:16:57,1,2024-10-25 00:16:57,2505274.0,NORMAL,MISSING,MISSING,ALARM_SRC_0908,AR,2024.0,10.0,4.0,0.0
CRITICAL,PHYSICAL PORT DOWN,2024-10-28 08:18:08,1,2024-10-28 08:18:08,2505274.0,NORMAL,MISSING,MISSING,ALARM_SRC_0932,AR,2024.0,10.0,0.0,8.0
CRITICAL,PHYSICAL PORT DOWN,2024-11-10 17:24:29,1,2024-11-10 17:24:29,2505274.0,NORMAL,MISSING,MISSING,ALARM_SRC_0267,AR,2024.0,11.0,6.0,17.0
CRITICAL,BOARD INVALID,2024-11-11 09:28:52,1,2024-11-11 09:28:52,2505210.0,NORMAL,MISSING,MISSING,ALARM_SRC_0101,AG,2024.0,11.0,0.0,9.0
CRITICAL,PHYSICAL PORT DOWN,2024-11-11 14:50:43,1,2024-11-11 14:50:43,2505274.0,NORMAL,MISSING,MISSING,ALARM_SRC_0094,AG,2024.0,11.0,0.0,14.0
CRITICAL,PHYSICAL PORT DOWN,2024-11-15 10:56:49,1,2024-11-15 10:56:49,2505274.0,NORMAL,MISSING,MISSING,ALARM_SRC_0463,AR,2024.0,11.0,4.0,10.0
CRITICAL,PHYSICAL PORT DOWN,2024-11-18 10:23:24,1,2024-11-18 10:23:24,2505274.0,NORMAL,MISSING,MISSING,ALARM_SRC_0312,AR,2024.0,11.0,0.0,10.0
CRITICAL,PHYSICAL PORT DOWN,2024-11-18 14:26:06,1,2024-11-18 14:26:06,2505274.0,NORMAL,MISSING,MISSING,ALARM_SRC_0903,AR,2024.0,11.0,0.0,14.0
CRITICAL,PHYSICAL PORT DOWN,2024-11-19 11:10:28,1,2024-11-19 11:10:28,2505274.0,NORMAL,MISSING,MISSING,ALARM_SRC_0048,AG,2024.0,11.0,1.0,11.0
CRITICAL,PHYSICAL PORT DOWN,2024-11-19 20:24:31,1,2024-11-19 20:24:31,2505274.0,NORMAL,MISSING,ACKNOWLEDGED,ALARM_SRC_1064,AR,2024.0,11.0,1.0,20.0
CRITICAL,PHYSICAL PORT DOWN,2024-11-23 15:58:20,1,2024-11-23 15:58:20,2505274.0,NORMAL,MISSING,MISSING,ALARM_SRC_0896,AR,2024.0,11.0,5.0,15.0
CRITICAL,PHYSICAL PORT DOWN,2024-11-25 13:05:21,1,2024-11-25 13:05:21,2505274.0,NORMAL,MISSING,MISSING,ALARM_SRC_0051,AG,2024.0,11.0,0.0,13.0
CRITICAL,PHYSICAL PORT DOWN,2024-11-25 13:05:21,1,2024-11-25 13:05:21,2505274.0,NORMAL,MISSING,MISSING,ALARM_SRC_0050,AG,2024.0,11.0,0.0,13.0
CRITICAL,PHYSICAL PORT DOWN,2024-11-25 13:05:22,1,2024-11-25 13:05:22,2505274.0,NORMAL,MISSING,MISSING,ALARM_SRC_0050,AG,2024.0,11.0,0.0,13.0
CRITICAL,PHYSICAL PORT DOWN,2024-11-28 16:05:13,1,2024-11-28 16:05:13,2505274.0,NORMAL,MISSING,MISSING,ALARM_SRC_0323,AR,2024.0,11.0,3.0,16.0
CRITICAL,PHYSICAL PORT DOWN,2024-12-10 10:59:34,1,2024-12-10 10:59:34,2505274.0,NORMAL,MISSING,MISSING,ALARM_SRC_0019,AG,2024.0,12.0,1.0,10.0
CRITICAL,PHYSICAL PORT DOWN,2024-12-18 10:55:00,1,2024-12-18 10:55:00,2505274.0,NORMAL,MISSING,MISSING,ALARM_SRC_0083,AG,2024.0,12.0,2.0,10.0
CRITICAL,PHYSICAL PORT DOWN,2024-12-18 10:55:05,1,2024-12-18 10:55:05,2505274.0,NORMAL,MISSING,MISSING,ALARM_SRC_0083,AG,2024.0,12.0,2.0,10.0
CRITICAL,PHYSICAL PORT DOWN,2024-12-18 10:59:37,1,2024-12-18 10:59:37,2505274.0,NORMAL,MISSING,MISSING,ALARM_SRC_0016,AG,2024.0,12.0,2.0,10.0
CRITICAL,PHYSICAL PORT DOWN,2024-12-18 10:59:44,1,2024-12-18 10:59:44,2505274.0,NORMAL,MISSING,MISSING,ALARM_SRC_0016,AG,2024.0,12.0,2.0,10.0
CRITICAL,PHYSICAL PORT DOWN,2024-12-19 12:16:14,1,2024-12-19 12:16:14,2505274.0,NORMAL,MISSING,MISSING,ALARM_SRC_0107,AG,2024.0,12.0,3.0,12.0
CRITICAL,PHYSICAL PORT DOWN,2024-12-26 16:31:51,1,2024-12-26 16:31:51,2505274.0,NORMAL,MISSING,MISSING,ALARM_SRC_0932,AR,2024.0,12.0,3.0,16.0
CRITICAL,PHYSICAL PORT DOWN,2024-12-31 12:45:49,1,2024-12-31 12:45:49,2505274.0,NORMAL,MISSING,MISSING,ALARM_SRC_0083,AG,2024.0,12.0,1.0,12.0
CRITICAL,PHYSICAL PORT DOWN,2025-01-02 17:33:52,1,2025-01-02 17:33:52,2505274.0,NORMAL,MISSING,MISSING,ALARM_SRC_0043,AG,2025.0,1.0,3.0,17.0
CRITICAL,PHYSICAL PORT DOWN,2025-01-04 17:56:25,1,2025-01-04 17:56:25,2505274.0,NORMAL,MISSING,MISSING,ALARM_SRC_0267,AR,2025.0,1.0,5.0,17.0
CRITICAL,PHYSICAL PORT DOWN,2025-01-06 15:09:12,1,2025-01-06 15:09:12,2505274.0,NORMAL,MISSING,MISSING,ALARM_SRC_0059,AG,2025.0,1.0,0.0,15.0
CRITICAL,PHYSICAL PORT DOWN,2025-01-06 15:09:21,1,2025-01-06 15:09:21,2505274.0,NORMAL,MISSING,MISSING,ALARM_SRC_0059,AG,2025.0,1.0,0.0,15.0
CRITICAL,BOARD INVALID,2025-01-07 02:23:31,1,2025-01-07 02:23:31,2505210.0,NORMAL,MISSING,MISSING,ALARM_SRC_1171,CA,2025.0,1.0,1.0,2.0
CRITICAL,PHYSICAL PORT DOWN,2025-01-07 09:09:23,1,2025-01-07 09:09:23,2505274.0,NORMAL,MISSING,MISSING,ALARM_SRC_0908,AR,2025.0,1.0,1.0,9.0
CRITICAL,PHYSICAL PORT DOWN,2025-01-07 09:10:07,1,2025-01-07 09:10:07,2505274.0,NORMAL,MISSING,MISSING,ALARM_SRC_0908,AR,2025.0,1.0,1.0,9.0
CRITICAL,PHYSICAL PORT DOWN,2025-01-07 10:07:02,1,2025-01-07 10:07:02,2505274.0,NORMAL,MISSING,MISSING,ALARM_SRC_0083,AG,2025.0,1.0,1.0,10.0
CRITICAL,PHYSICAL PORT DOWN,2025-01-07 10:07:03,1,2025-01-07 10:07:03,2505274.0,NORMAL,MISSING,MISSING,ALARM_SRC_0083,AG,2025.0,1.0,1.0,10.0
CRITICAL,PHYSICAL PORT DOWN,2025-01-08 10:46:42,1,2025-01-08 10:46:42,2505274.0,NORMAL,MISSING,MISSING,ALARM_SRC_0267,AR,2025.0,1.0,2.0,10.0
CRITICAL,PHYSICAL PORT DOWN,2025-01-20 08:00:10,1,2025-01-20 08:00:10,2505274.0,NORMAL,MISSING,MISSING,ALARM_SRC_0041,AG,2025.0,1.0,0.0,8.0
CRITICAL,PHYSICAL PORT DOWN,2025-01-20 08:00:34,1,2025-01-20 08:00:34,2505274.0,NORMAL,MISSING,MISSING,ALARM_SRC_0041,AG,2025.0,1.0,0.0,8.0
CRITICAL,PHYSICAL PORT DOWN,2025-02-02 12:04:59,1,2025-02-02 12:04:59,2505274.0,NORMAL,MISSING,MISSING,ALARM_SRC_1170,CA,2025.0,2.0,6.0,12.0
CRITICAL,BOARD INVALID,2025-02-05 00:12:24,1,2025-02-05 00:12:24,2505210.0,NORMAL,MISSING,ACKNOWLEDGED,ALARM_SRC_0377,AR,2025.0,2.0,2.0,0.0
CRITICAL,BOARD INVALID,2025-02-05 00:12:24,1,2025-02-05 00:12:24,2505210.0,NORMAL,MISSING,ACKNOWLEDGED,ALARM_SRC_0377,AR,2025.0,2.0,2.0,0.0
CRITICAL,PHYSICAL PORT DOWN,2025-02-05 00:12:24,1,2025-02-05 00:12:24,2505274.0,NORMAL,MISSING,ACKNOWLEDGED,ALARM_SRC_0377,AR,2025.0,2.0,2.0,0.0
CRITICAL,THE DEVICE IS OFFLINE,2025-02-05 00:12:42,1,2025-02-05 00:12:42,7.0,NORMAL,MISSING,ACKNOWLEDGED,ALARM_SRC_0377,AR,2025.0,2.0,2.0,0.0
CRITICAL,PHYSICAL PORT DOWN,2025-02-11 11:08:04,1,2025-02-11 11:08:04,2505274.0,NORMAL,MISSING,MISSING,ALARM_SRC_0312,AR,2025.0,2.0,1.0,11.0
CRITICAL,PHYSICAL PORT DOWN,2025-02-12 14:57:14,1,2025-02-12 14:57:14,2505274.0,NORMAL,MISSING,MISSING,ALARM_SRC_0125,AG,2025.0,2.0,2.0,14.0
CRITICAL,PHYSICAL PORT DOWN,2025-02-18 09:54:54,1,2025-02-18 09:54:54,2505274.0,NORMAL,MISSING,MISSING,ALARM_SRC_0102,AG,2025.0,2.0,1.0,9.0
CRITICAL,PHYSICAL PORT DOWN,2025-02-19 12:33:36,1,2025-02-19 12:33:36,3074752.0,NORMAL,MISSING,MISSING,ALARM_SRC_1167,CA,2025.0,2.0,2.0,12.0
CRITICAL,PHYSICAL PORT DOWN,2025-02-28 02:36:44,1,2025-02-28 02:36:44,2505274.0,NORMAL,MISSING,MISSING,ALARM_SRC_1169,CA,2025.0,2.0,4.0,2.0
CRITICAL,PHYSICAL PORT DOWN,2025-03-03 20:21:19,1,2025-03-03 20:21:19,2505274.0,NORMAL,MISSING,MISSING,ALARM_SRC_0090,AG,2025.0,3.0,0.0,20.0
CRITICAL,PHYSICAL PORT DOWN,2025-03-06 15:24:23,1,2025-03-06 15:24:23,2505274.0,NORMAL,MISSING,ACKNOWLEDGED,ALARM_SRC_1131,AR,2025.0,3.0,3.0,15.0
CRITICAL,THE DEVICE IS OFFLINE,2025-03-06 15:40:46,1,2025-03-06 15:40:46,7.0,NORMAL,MISSING,ACKNOWLEDGED,ALARM_SRC_1131,AR,2025.0,3.0,3.0,15.0
CRITICAL,PHYSICAL PORT DOWN,2025-03-07 18:49:43,1,2025-03-07 18:49:43,2505274.0,NORMAL,MISSING,MISSING,ALARM_SRC_0107,AG,2025.0,3.0,4.0,18.0
CRITICAL,PHYSICAL PORT DOWN,2025-03-08 11:05:59,1,2025-03-08 11:05:59,2505274.0,NORMAL,MISSING,MISSING,ALARM_SRC_0709,AR,2025.0,3.0,5.0,11.0
CRITICAL,PHYSICAL PORT DOWN,2025-03-12 01:45:53,1,2025-03-12 01:45:53,2505274.0,NORMAL,MISSING,MISSING,ALARM_SRC_1166,CA,2025.0,3.0,2.0,1.0
CRITICAL,PHYSICAL PORT DOWN,2025-03-12 01:45:53,1,2025-03-12 01:45:53,2505274.0,NORMAL,MISSING,MISSING,ALARM_SRC_1166,CA,2025.0,3.0,2.0,1.0
CRITICAL,PHYSICAL PORT DOWN,2025-03-12 01:45:53,1,2025-03-12 01:45:53,2505274.0,NORMAL,MISSING,MISSING,ALARM_SRC_1166,CA,2025.0,3.0,2.0,1.0
CRITICAL,PHYSICAL PORT DOWN,2025-03-12 01:45:53,1,2025-03-12 01:45:53,2505274.0,NORMAL,MISSING,MISSING,ALARM_SRC_1166,CA,2025.0,3.0,2.0,1.0
CRITICAL,PHYSICAL PORT DOWN,2025-03-12 01:45:53,1,2025-03-12 01:45:53,2505274.0,NORMAL,MISSING,MISSING,ALARM_SRC_1166,CA,2025.0,3.0,2.0,1.0
CRITICAL,PHYSICAL PORT DOWN,2025-03-12 01:45:53,1,2025-03-12 01:45:53,2505274.0,NORMAL,MISSING,MISSING,ALARM_SRC_1166,CA,2025.0,3.0,2.0,1.0
CRITICAL,PHYSICAL PORT DOWN,2025-03-12 01:45:53,1,2025-03-12 01:45:53,2505274.0,NORMAL,MISSING,MISSING,ALARM_SRC_1166,CA,2025.0,3.0,2.0,1.0
CRITICAL,PHYSICAL PORT DOWN,2025-03-12 01:45:53,1,2025-03-12 01:45:53,2505274.0,NORMAL,MISSING,MISSING,ALARM_SRC_1166,CA,2025.0,3.0,2.0,1.0
CRITICAL,PHYSICAL PORT DOWN,2025-03-12 01:45:53,1,2025-03-12 01:45:53,2505274.0,NORMAL,MISSING,MISSING,ALARM_SRC_1166,CA,2025.0,3.0,2.0,1.0
CRITICAL,PHYSICAL PORT DOWN,2025-03-12 01:45:53,1,2025-03-12 01:45:53,2505274.0,NORMAL,MISSING,MISSING,ALARM_SRC_1166,CA,2025.0,3.0,2.0,1.0
CRITICAL,PHYSICAL PORT DOWN,2025-03-12 01:45:53,1,2025-03-12 01:45:53,2505274.0,NORMAL,MISSING,MISSING,ALARM_SRC_1166,CA,2025.0,3.0,2.0,1.0
CRITICAL,PHYSICAL PORT DOWN,2025-03-12 01:45:53,1,2025-03-12 01:45:53,2505274.0,NORMAL,MISSING,MISSING,ALARM_SRC_1166,CA,2025.0,3.0,2.0,1.0
CRITICAL,PHYSICAL PORT DOWN,2025-03-12 01:45:53,1,2025-03-12 01:45:53,2505274.0,NORMAL,MISSING,MISSING,ALARM_SRC_1166,CA,2025.0,3.0,2.0,1.0
CRITICAL,PHYSICAL PORT DOWN,2025-03-12 01:45:53,1,2025-03-12 01:45:53,2505274.0,NORMAL,MISSING,MISSING,ALARM_SRC_1166,CA,2025.0,3.0,2.0,1.0
CRITICAL,PHYSICAL PORT DOWN,2025-03-12 01:45:53,1,2025-03-12 01:45:53,2505274.0,NORMAL,MISSING,MISSING,ALARM_SRC_1166,CA,2025.0,3.0,2.0,1.0
CRITICAL,PHYSICAL PORT DOWN,2025-03-12 01:45:53,1,2025-03-12 01:45:53,2505274.0,NORMAL,MISSING,MISSING,ALARM_SRC_1166,CA,2025.0,3.0,2.0,1.0
CRITICAL,PHYSICAL PORT DOWN,2025-03-12 01:45:53,1,2025-03-12 01:45:53,2505274.0,NORMAL,MISSING,MISSING,ALARM_SRC_1166,CA,2025.0,3.0,2.0,1.0
CRITICAL,PHYSICAL PORT DOWN,2025-03-12 01:45:53,1,2025-03-12 01:45:53,2505274.0,NORMAL,MISSING,MISSING,ALARM_SRC_1166,CA,2025.0,3.0,2.0,1.0
CRITICAL,PHYSICAL PORT DOWN,2025-03-12 01:45:53,1,2025-03-12 01:45:53,2505274.0,NORMAL,MISSING,MISSING,ALARM_SRC_1166,CA,2025.0,3.0,2.0,1.0
CRITICAL,PHYSICAL PORT DOWN,2025-03-12 01:45:53,1,2025-03-12 01:45:53,2505274.0,NORMAL,MISSING,MISSING,ALARM_SRC_1166,CA,2025.0,3.0,2.0,1.0
CRITICAL,PHYSICAL PORT DOWN,2025-03-12 01:45:53,1,2025-03-12 01:45:53,2505274.0,NORMAL,MISSING,MISSING,ALARM_SRC_1166,CA,2025.0,3.0,2.0,1.0
CRITICAL,PHYSICAL PORT DOWN,2025-03-12 01:45:53,1,2025-03-12 01:45:53,2505274.0,NORMAL,MISSING,MISSING,ALARM_SRC_1166,CA,2025.0,3.0,2.0,1.0
CRITICAL,PHYSICAL PORT DOWN,2025-03-12 01:45:53,1,2025-03-12 01:45:53,2505274.0,NORMAL,MISSING,MISSING,ALARM_SRC_1166,CA,2025.0,3.0,2.0,1.0
CRITICAL,PHYSICAL PORT DOWN,2025-03-12 01:45:53,1,2025-03-12 01:45:53,2505274.0,NORMAL,MISSING,MISSING,ALARM_SRC_1166,CA,2025.0,3.0,2.0,1.0
CRITICAL,PHYSICAL PORT DOWN,2025-03-12 01:45:53,1,2025-03-12 01:45:53,2505274.0,NORMAL,MISSING,MISSING,ALARM_SRC_1166,CA,2025.0,3.0,2.0,1.0
CRITICAL,PHYSICAL PORT DOWN,2025-03-12 01:45:53,1,2025-03-12 01:45:53,2505274.0,NORMAL,MISSING,MISSING,ALARM_SRC_1166,CA,2025.0,3.0,2.0,1.0
CRITICAL,PHYSICAL PORT DOWN,2025-03-12 01:45:53,1,2025-03-12 01:45:53,2505274.0,NORMAL,MISSING,MISSING,ALARM_SRC_1166,CA,2025.0,3.0,2.0,1.0
CRITICAL,PHYSICAL PORT DOWN,2025-03-12 01:45:53,1,2025-03-12 01:45:53,2505274.0,NORMAL,MISSING,MISSING,ALARM_SRC_1166,CA,2025.0,3.0,2.0,1.0
CRITICAL,PHYSICAL PORT DOWN,2025-03-12 01:45:53,1,2025-03-12 01:45:53,2505274.0,NORMAL,MISSING,MISSING,ALARM_SRC_1166,CA,2025.0,3.0,2.0,1.0
CRITICAL,PHYSICAL PORT DOWN,2025-03-12 01:45:53,1,2025-03-12 01:45:53,2505274.0,NORMAL,MISSING,MISSING,ALARM_SRC_1166,CA,2025.0,3.0,2.0,1.0
CRITICAL,PHYSICAL PORT DOWN,2025-03-12 01:45:53,1,2025-03-12 01:45:53,2505274.0,NORMAL,MISSING,MISSING,ALARM_SRC_1166,CA,2025.0,3.0,2.0,1.0
CRITICAL,PHYSICAL PORT DOWN,2025-03-12 01:45:53,1,2025-03-12 01:45:53,2505274.0,NORMAL,MISSING,MISSING,ALARM_SRC_1166,CA,2025.0,3.0,2.0,1.0
CRITICAL,PHYSICAL PORT DOWN,2025-03-12 01:45:53,1,2025-03-12 01:45:53,2505274.0,NORMAL,MISSING,MISSING,ALARM_SRC_1166,CA,2025.0,3.0,2.0,1.0
CRITICAL,PHYSICAL PORT DOWN,2025-03-12 01:45:53,1,2025-03-12 01:45:53,2505274.0,NORMAL,MISSING,MISSING,ALARM_SRC_1166,CA,2025.0,3.0,2.0,1.0
CRITICAL,PHYSICAL PORT DOWN,2025-03-12 01:45:53,1,2025-03-12 01:45:53,2505274.0,NORMAL,MISSING,MISSING,ALARM_SRC_1166,CA,2025.0,3.0,2.0,1.0
CRITICAL,PHYSICAL PORT DOWN,2025-03-12 01:45:53,1,2025-03-12 01:45:53,2505274.0,NORMAL,MISSING,MISSING,ALARM_SRC_1166,CA,2025.0,3.0,2.0,1.0
CRITICAL,PHYSICAL PORT DOWN,2025-03-12 01:45:53,1,2025-03-12 01:45:53,2505274.0,NORMAL,MISSING,MISSING,ALARM_SRC_1166,CA,2025.0,3.0,2.0,1.0
CRITICAL,PHYSICAL PORT DOWN,2025-03-12 01:45:53,1,2025-03-12 01:45:53,2505274.0,NORMAL,MISSING,MISSING,ALARM_SRC_1166,CA,2025.0,3.0,2.0,1.0
CRITICAL,PHYSICAL PORT DOWN,2025-03-12 01:45:53,1,2025-03-12 01:45:53,2505274.0,NORMAL,MISSING,MISSING,ALARM_SRC_1166,CA,2025.0,3.0,2.0,1.0
CRITICAL,PHYSICAL PORT DOWN,2025-03-12 01:45:53,1,2025-03-12 01:45:53,2505274.0,NORMAL,MISSING,MISSING,ALARM_SRC_1166,CA,2025.0,3.0,2.0,1.0
CRITICAL,PHYSICAL PORT DOWN,2025-03-12 01:45:53,1,2025-03-12 01:45:53,2505274.0,NORMAL,MISSING,MISSING,ALARM_SRC_1166,CA,2025.0,3.0,2.0,1.0
CRITICAL,PHYSICAL PORT DOWN,2025-03-12 01:45:53,1,2025-03-12 01:45:53,2505274.0,NORMAL,MISSING,MISSING,ALARM_SRC_1166,CA,2025.0,3.0,2.0,1.0
CRITICAL,PHYSICAL PORT DOWN,2025-03-12 01:45:53,1,2025-03-12 01:45:53,2505274.0,NORMAL,MISSING,MISSING,ALARM_SRC_1166,CA,2025.0,3.0,2.0,1.0
CRITICAL,PHYSICAL PORT DOWN,2025-03-12 01:45:56,1,2025-03-12 01:45:56,2505274.0,NORMAL,MISSING,MISSING,ALARM_SRC_1166,CA,2025.0,3.0,2.0,1.0
CRITICAL,PHYSICAL PORT DOWN,2025-03-12 01:45:56,1,2025-03-12 01:45:56,2505274.0,NORMAL,MISSING,MISSING,ALARM_SRC_1166,CA,2025.0,3.0,2.0,1.0
CRITICAL,PHYSICAL PORT DOWN,2025-03-12 01:45:56,1,2025-03-12 01:45:56,2505274.0,NORMAL,MISSING,MISSING,ALARM_SRC_1166,CA,2025.0,3.0,2.0,1.0
CRITICAL,PHYSICAL PORT DOWN,2025-03-12 01:45:56,1,2025-03-12 01:45:56,2505274.0,NORMAL,MISSING,MISSING,ALARM_SRC_1166,CA,2025.0,3.0,2.0,1.0
CRITICAL,PHYSICAL PORT DOWN,2025-03-12 01:45:56,1,2025-03-12 01:45:56,2505274.0,NORMAL,MISSING,MISSING,ALARM_SRC_1166,CA,2025.0,3.0,2.0,1.0
CRITICAL,PHYSICAL PORT DOWN,2025-03-12 01:45:56,1,2025-03-12 01:45:56,2505274.0,NORMAL,MISSING,MISSING,ALARM_SRC_1166,CA,2025.0,3.0,2.0,1.0
CRITICAL,PHYSICAL PORT DOWN,2025-03-12 01:46:02,1,2025-03-12 01:46:02,2505274.0,NORMAL,MISSING,MISSING,ALARM_SRC_1166,CA,2025.0,3.0,2.0,1.0
CRITICAL,PHYSICAL PORT DOWN,2025-03-12 01:46:02,1,2025-03-12 01:46:02,2505274.0,NORMAL,MISSING,MISSING,ALARM_SRC_1166,CA,2025.0,3.0,2.0,1.0
CRITICAL,PHYSICAL PORT DOWN,2025-03-12 01:46:02,1,2025-03-12 01:46:02,2505274.0,NORMAL,MISSING,MISSING,ALARM_SRC_1166,CA,2025.0,3.0,2.0,1.0
CRITICAL,PHYSICAL PORT DOWN,2025-03-12 01:46:02,1,2025-03-12 01:46:02,2505274.0,NORMAL,MISSING,MISSING,ALARM_SRC_1166,CA,2025.0,3.0,2.0,1.0
CRITICAL,PHYSICAL PORT DOWN,2025-03-12 01:46:02,1,2025-03-12 01:46:02,2505274.0,NORMAL,MISSING,MISSING,ALARM_SRC_1166,CA,2025.0,3.0,2.0,1.0
CRITICAL,PHYSICAL PORT DOWN,2025-03-12 01:46:02,1,2025-03-12 01:46:02,2505274.0,NORMAL,MISSING,MISSING,ALARM_SRC_1166,CA,2025.0,3.0,2.0,1.0
CRITICAL,PHYSICAL PORT DOWN,2025-03-12 01:46:02,1,2025-03-12 01:46:02,2505274.0,NORMAL,MISSING,MISSING,ALARM_SRC_1166,CA,2025.0,3.0,2.0,1.0
CRITICAL,PHYSICAL PORT DOWN,2025-03-12 01:46:02,1,2025-03-12 01:46:02,2505274.0,NORMAL,MISSING,MISSING,ALARM_SRC_1166,CA,2025.0,3.0,2.0,1.0
CRITICAL,PHYSICAL PORT DOWN,2025-03-12 01:46:02,1,2025-03-12 01:46:02,2505274.0,NORMAL,MISSING,MISSING,ALARM_SRC_1166,CA,2025.0,3.0,2.0,1.0
CRITICAL,PHYSICAL PORT DOWN,2025-03-12 01:46:02,1,2025-03-12 01:46:02,2505274.0,NORMAL,MISSING,MISSING,ALARM_SRC_1166,CA,2025.0,3.0,2.0,1.0
CRITICAL,PHYSICAL PORT DOWN,2025-03-12 01:46:02,1,2025-03-12 01:46:02,2505274.0,NORMAL,MISSING,MISSING,ALARM_SRC_1166,CA,2025.0,3.0,2.0,1.0
CRITICAL,PHYSICAL PORT DOWN,2025-03-12 01:46:02,1,2025-03-12 01:46:02,2505274.0,NORMAL,MISSING,MISSING,ALARM_SRC_1166,CA,2025.0,3.0,2.0,1.0
CRITICAL,PHYSICAL PORT DOWN,2025-03-12 01:46:02,1,2025-03-12 01:46:02,2505274.0,NORMAL,MISSING,MISSING,ALARM_SRC_1166,CA,2025.0,3.0,2.0,1.0
CRITICAL,PHYSICAL PORT DOWN,2025-03-12 01:46:02,1,2025-03-12 01:46:02,2505274.0,NORMAL,MISSING,MISSING,ALARM_SRC_1166,CA,2025.0,3.0,2.0,1.0
CRITICAL,PHYSICAL PORT DOWN,2025-03-12 01:46:02,1,2025-03-12 01:46:02,2505274.0,NORMAL,MISSING,MISSING,ALARM_SRC_1166,CA,2025.0,3.0,2.0,1.0
CRITICAL,PHYSICAL PORT DOWN,2025-03-12 01:46:02,1,2025-03-12 01:46:02,2505274.0,NORMAL,MISSING,MISSING,ALARM_SRC_1166,CA,2025.0,3.0,2.0,1.0
CRITICAL,PHYSICAL PORT DOWN,2025-03-12 01:46:02,1,2025-03-12 01:46:02,2505274.0,NORMAL,MISSING,MISSING,ALARM_SRC_1166,CA,2025.0,3.0,2.0,1.0
CRITICAL,PHYSICAL PORT DOWN,2025-03-12 01:46:02,1,2025-03-12 01:46:02,2505274.0,NORMAL,MISSING,MISSING,ALARM_SRC_1166,CA,2025.0,3.0,2.0,1.0
CRITICAL,PHYSICAL PORT DOWN,2025-03-12 01:46:02,1,2025-03-12 01:46:02,2505274.0,NORMAL,MISSING,MISSING,ALARM_SRC_1166,CA,2025.0,3.0,2.0,1.0
CRITICAL,PHYSICAL PORT DOWN,2025-03-12 01:46:02,1,2025-03-12 01:46:02,2505274.0,NORMAL,MISSING,MISSING,ALARM_SRC_1166,CA,2025.0,3.0,2.0,1.0
CRITICAL,PHYSICAL PORT DOWN,2025-03-12 01:46:02,1,2025-03-12 01:46:02,2505274.0,NORMAL,MISSING,MISSING,ALARM_SRC_1166,CA,2025.0,3.0,2.0,1.0
CRITICAL,PHYSICAL PORT DOWN,2025-03-12 01:46:02,1,2025-03-12 01:46:02,2505274.0,NORMAL,MISSING,MISSING,ALARM_SRC_1166,CA,2025.0,3.0,2.0,1.0
CRITICAL,PHYSICAL PORT DOWN,2025-03-12 01:46:02,1,2025-03-12 01:46:02,2505274.0,NORMAL,MISSING,MISSING,ALARM_SRC_1166,CA,2025.0,3.0,2.0,1.0
CRITICAL,PHYSICAL PORT DOWN,2025-03-12 01:46:02,1,2025-03-12 01:46:02,2505274.0,NORMAL,MISSING,MISSING,ALARM_SRC_1166,CA,2025.0,3.0,2.0,1.0
CRITICAL,PHYSICAL PORT DOWN,2025-03-12 01:46:02,1,2025-03-12 01:46:02,2505274.0,NORMAL,MISSING,MISSING,ALARM_SRC_1166,CA,2025.0,3.0,2.0,1.0
CRITICAL,PHYSICAL PORT DOWN,2025-03-13 02:46:52,1,2025-03-13 02:46:52,2505274.0,NORMAL,MISSING,MISSING,ALARM_SRC_0055,AG,2025.0,3.0,3.0,2.0
CRITICAL,BOARD INVALID,2025-03-18 10:50:09,1,2025-03-18 10:50:09,2505210.0,NORMAL,MISSING,MISSING,ALARM_SRC_0074,AG,2025.0,3.0,1.0,10.0
CRITICAL,PHYSICAL PORT DOWN,2025-03-18 17:13:13,1,2025-03-18 17:13:13,2505274.0,NORMAL,MISSING,MISSING,ALARM_SRC_0043,AG,2025.0,3.0,1.0,17.0
CRITICAL,PHYSICAL PORT DOWN,2025-03-18 17:55:32,1,2025-03-18 17:55:32,2505274.0,NORMAL,MISSING,MISSING,ALARM_SRC_0043,AG,2025.0,3.0,1.0,17.0
CRITICAL,PHYSICAL PORT DOWN,2025-03-19 11:27:52,1,2025-03-19 11:27:52,2505274.0,NORMAL,MISSING,MISSING,ALARM_SRC_0108,AG,2025.0,3.0,2.0,11.0
CRITICAL,PHYSICAL PORT DOWN,2025-03-19 11:28:00,1,2025-03-19 11:28:00,2505274.0,NORMAL,MISSING,MISSING,ALARM_SRC_0107,AG,2025.0,3.0,2.0,11.0
CRITICAL,PHYSICAL PORT DOWN,2025-03-19 11:30:32,1,2025-03-19 11:30:32,2505274.0,NORMAL,MISSING,MISSING,ALARM_SRC_0108,AG,2025.0,3.0,2.0,11.0
CRITICAL,PHYSICAL PORT DOWN,2025-03-19 11:30:32,1,2025-03-19 11:30:32,2505274.0,NORMAL,MISSING,MISSING,ALARM_SRC_0107,AG,2025.0,3.0,2.0,11.0
CRITICAL,PHYSICAL PORT DOWN,2025-03-20 14:52:29,1,2025-03-20 14:52:29,2505274.0,NORMAL,MISSING,MISSING,ALARM_SRC_0043,AG,2025.0,3.0,3.0,14.0
CRITICAL,PHYSICAL PORT DOWN,2025-03-24 01:26:11,1,2025-03-24 01:26:11,2505274.0,NORMAL,MISSING,MISSING,ALARM_SRC_1165,CA,2025.0,3.0,0.0,1.0
CRITICAL,PHYSICAL PORT DOWN,2025-03-24 01:26:34,1,2025-03-24 01:26:34,2505274.0,NORMAL,MISSING,MISSING,ALARM_SRC_1165,CA,2025.0,3.0,0.0,1.0
CRITICAL,PHYSICAL PORT DOWN,2025-03-24 01:26:34,1,2025-03-24 01:26:34,2505274.0,NORMAL,MISSING,MISSING,ALARM_SRC_1165,CA,2025.0,3.0,0.0,1.0
CRITICAL,PHYSICAL PORT DOWN,2025-03-24 01:26:34,1,2025-03-24 01:26:34,2505274.0,NORMAL,MISSING,MISSING,ALARM_SRC_1165,CA,2025.0,3.0,0.0,1.0
CRITICAL,PHYSICAL PORT DOWN,2025-03-24 01:26:34,1,2025-03-24 01:26:34,2505274.0,NORMAL,MISSING,MISSING,ALARM_SRC_1165,CA,2025.0,3.0,0.0,1.0
CRITICAL,PHYSICAL PORT DOWN,2025-03-24 01:26:34,1,2025-03-24 01:26:34,2505274.0,NORMAL,MISSING,MISSING,ALARM_SRC_1165,CA,2025.0,3.0,0.0,1.0
CRITICAL,PHYSICAL PORT DOWN,2025-03-24 01:26:34,1,2025-03-24 01:26:34,2505274.0,NORMAL,MISSING,MISSING,ALARM_SRC_1165,CA,2025.0,3.0,0.0,1.0
CRITICAL,PHYSICAL PORT DOWN,2025-03-24 01:26:34,1,2025-03-24 01:26:34,2505274.0,NORMAL,MISSING,MISSING,ALARM_SRC_1165,CA,2025.0,3.0,0.0,1.0
CRITICAL,PHYSICAL PORT DOWN,2025-03-24 01:26:34,1,2025-03-24 01:26:34,2505274.0,NORMAL,MISSING,MISSING,ALARM_SRC_1165,CA,2025.0,3.0,0.0,1.0
CRITICAL,PHYSICAL PORT DOWN,2025-03-24 01:26:34,1,2025-03-24 01:26:34,2505274.0,NORMAL,MISSING,MISSING,ALARM_SRC_1165,CA,2025.0,3.0,0.0,1.0
CRITICAL,PHYSICAL PORT DOWN,2025-03-24 01:26:34,1,2025-03-24 01:26:34,2505274.0,NORMAL,MISSING,MISSING,ALARM_SRC_1165,CA,2025.0,3.0,0.0,1.0
CRITICAL,PHYSICAL PORT DOWN,2025-03-24 01:26:34,1,2025-03-24 01:26:34,2505274.0,NORMAL,MISSING,MISSING,ALARM_SRC_1165,CA,2025.0,3.0,0.0,1.0
CRITICAL,PHYSICAL PORT DOWN,2025-03-24 01:26:34,1,2025-03-24 01:26:34,2505274.0,NORMAL,MISSING,MISSING,ALARM_SRC_1165,CA,2025.0,3.0,0.0,1.0
CRITICAL,PHYSICAL PORT DOWN,2025-03-24 01:26:34,1,2025-03-24 01:26:34,2505274.0,NORMAL,MISSING,MISSING,ALARM_SRC_1165,CA,2025.0,3.0,0.0,1.0
CRITICAL,PHYSICAL PORT DOWN,2025-03-24 01:26:34,1,2025-03-24 01:26:34,2505274.0,NORMAL,MISSING,MISSING,ALARM_SRC_1165,CA,2025.0,3.0,0.0,1.0
CRITICAL,PHYSICAL PORT DOWN,2025-03-24 01:26:34,1,2025-03-24 01:26:34,2505274.0,NORMAL,MISSING,MISSING,ALARM_SRC_1165,CA,2025.0,3.0,0.0,1.0
CRITICAL,PHYSICAL PORT DOWN,2025-03-24 01:26:34,1,2025-03-24 01:26:34,2505274.0,NORMAL,MISSING,MISSING,ALARM_SRC_1165,CA,2025.0,3.0,0.0,1.0
CRITICAL,PHYSICAL PORT DOWN,2025-03-24 01:26:34,1,2025-03-24 01:26:34,2505274.0,NORMAL,MISSING,MISSING,ALARM_SRC_1165,CA,2025.0,3.0,0.0,1.0
CRITICAL,PHYSICAL PORT DOWN,2025-03-24 01:26:34,1,2025-03-24 01:26:34,2505274.0,NORMAL,MISSING,MISSING,ALARM_SRC_1165,CA,2025.0,3.0,0.0,1.0
CRITICAL,PHYSICAL PORT DOWN,2025-03-24 01:26:34,1,2025-03-24 01:26:34,2505274.0,NORMAL,MISSING,MISSING,ALARM_SRC_1165,CA,2025.0,3.0,0.0,1.0
CRITICAL,PHYSICAL PORT DOWN,2025-03-24 01:26:34,1,2025-03-24 01:26:34,2505274.0,NORMAL,MISSING,MISSING,ALARM_SRC_1165,CA,2025.0,3.0,0.0,1.0
CRITICAL,PHYSICAL PORT DOWN,2025-03-24 01:26:34,1,2025-03-24 01:26:34,2505274.0,NORMAL,MISSING,MISSING,ALARM_SRC_1165,CA,2025.0,3.0,0.0,1.0
CRITICAL,PHYSICAL PORT DOWN,2025-03-24 01:26:34,1,2025-03-24 01:26:34,2505274.0,NORMAL,MISSING,MISSING,ALARM_SRC_1165,CA,2025.0,3.0,0.0,1.0
CRITICAL,PHYSICAL PORT DOWN,2025-03-24 01:26:34,1,2025-03-24 01:26:34,2505274.0,NORMAL,MISSING,MISSING,ALARM_SRC_1165,CA,2025.0,3.0,0.0,1.0
CRITICAL,PHYSICAL PORT DOWN,2025-03-24 01:26:34,1,2025-03-24 01:26:34,2505274.0,NORMAL,MISSING,MISSING,ALARM_SRC_1165,CA,2025.0,3.0,0.0,1.0
CRITICAL,PHYSICAL PORT DOWN,2025-03-24 01:26:34,1,2025-03-24 01:26:34,2505274.0,NORMAL,MISSING,MISSING,ALARM_SRC_1165,CA,2025.0,3.0,0.0,1.0
CRITICAL,PHYSICAL PORT DOWN,2025-03-24 01:26:34,1,2025-03-24 01:26:34,2505274.0,NORMAL,MISSING,MISSING,ALARM_SRC_1165,CA,2025.0,3.0,0.0,1.0
CRITICAL,PHYSICAL PORT DOWN,2025-03-24 01:26:34,1,2025-03-24 01:26:34,2505274.0,NORMAL,MISSING,MISSING,ALARM_SRC_1165,CA,2025.0,3.0,0.0,1.0
CRITICAL,PHYSICAL PORT DOWN,2025-03-24 01:27:04,1,2025-03-24 01:27:04,2505274.0,NORMAL,MISSING,MISSING,ALARM_SRC_1165,CA,2025.0,3.0,0.0,1.0
CRITICAL,PHYSICAL PORT DOWN,2025-03-24 01:27:04,1,2025-03-24 01:27:04,2505274.0,NORMAL,MISSING,MISSING,ALARM_SRC_1165,CA,2025.0,3.0,0.0,1.0
CRITICAL,PHYSICAL PORT DOWN,2025-03-24 01:27:04,1,2025-03-24 01:27:04,2505274.0,NORMAL,MISSING,MISSING,ALARM_SRC_1165,CA,2025.0,3.0,0.0,1.0
CRITICAL,PHYSICAL PORT DOWN,2025-03-24 01:27:04,1,2025-03-24 01:27:04,2505274.0,NORMAL,MISSING,MISSING,ALARM_SRC_1165,CA,2025.0,3.0,0.0,1.0
CRITICAL,PHYSICAL PORT DOWN,2025-03-24 01:27:04,1,2025-03-24 01:27:04,2505274.0,NORMAL,MISSING,MISSING,ALARM_SRC_1165,CA,2025.0,3.0,0.0,1.0
CRITICAL,PHYSICAL PORT DOWN,2025-03-24 01:27:04,1,2025-03-24 01:27:04,2505274.0,NORMAL,MISSING,MISSING,ALARM_SRC_1165,CA,2025.0,3.0,0.0,1.0
CRITICAL,PHYSICAL PORT DOWN,2025-03-24 01:27:04,1,2025-03-24 01:27:04,2505274.0,NORMAL,MISSING,MISSING,ALARM_SRC_1165,CA,2025.0,3.0,0.0,1.0
CRITICAL,PHYSICAL PORT DOWN,2025-03-24 01:27:04,1,2025-03-24 01:27:04,2505274.0,NORMAL,MISSING,MISSING,ALARM_SRC_1165,CA,2025.0,3.0,0.0,1.0
CRITICAL,PHYSICAL PORT DOWN,2025-03-24 01:27:04,1,2025-03-24 01:27:04,2505274.0,NORMAL,MISSING,MISSING,ALARM_SRC_1165,CA,2025.0,3.0,0.0,1.0
CRITICAL,PHYSICAL PORT DOWN,2025-03-24 01:27:04,1,2025-03-24 01:27:04,2505274.0,NORMAL,MISSING,MISSING,ALARM_SRC_1165,CA,2025.0,3.0,0.0,1.0
CRITICAL,PHYSICAL PORT DOWN,2025-03-24 01:27:04,1,2025-03-24 01:27:04,2505274.0,NORMAL,MISSING,MISSING,ALARM_SRC_1165,CA,2025.0,3.0,0.0,1.0
CRITICAL,PHYSICAL PORT DOWN,2025-03-24 01:27:04,1,2025-03-24 01:27:04,2505274.0,NORMAL,MISSING,MISSING,ALARM_SRC_1165,CA,2025.0,3.0,0.0,1.0
CRITICAL,PHYSICAL PORT DOWN,2025-03-24 01:27:04,1,2025-03-24 01:27:04,2505274.0,NORMAL,MISSING,MISSING,ALARM_SRC_1165,CA,2025.0,3.0,0.0,1.0
CRITICAL,PHYSICAL PORT DOWN,2025-03-24 01:27:04,1,2025-03-24 01:27:04,2505274.0,NORMAL,MISSING,MISSING,ALARM_SRC_1165,CA,2025.0,3.0,0.0,1.0
CRITICAL,PHYSICAL PORT DOWN,2025-03-24 01:27:04,1,2025-03-24 01:27:04,2505274.0,NORMAL,MISSING,MISSING,ALARM_SRC_1165,CA,2025.0,3.0,0.0,1.0
CRITICAL,PHYSICAL PORT DOWN,2025-03-24 01:27:04,1,2025-03-24 01:27:04,2505274.0,NORMAL,MISSING,MISSING,ALARM_SRC_1165,CA,2025.0,3.0,0.0,1.0
CRITICAL,PHYSICAL PORT DOWN,2025-03-24 01:27:04,1,2025-03-24 01:27:04,2505274.0,NORMAL,MISSING,MISSING,ALARM_SRC_1165,CA,2025.0,3.0,0.0,1.0
CRITICAL,PHYSICAL PORT DOWN,2025-03-24 01:27:04,1,2025-03-24 01:27:04,2505274.0,NORMAL,MISSING,MISSING,ALARM_SRC_1165,CA,2025.0,3.0,0.0,1.0
CRITICAL,PHYSICAL PORT DOWN,2025-03-24 01:27:04,1,2025-03-24 01:27:04,2505274.0,NORMAL,MISSING,MISSING,ALARM_SRC_1165,CA,2025.0,3.0,0.0,1.0
CRITICAL,PHYSICAL PORT DOWN,2025-03-24 01:27:04,1,2025-03-24 01:27:04,2505274.0,NORMAL,MISSING,MISSING,ALARM_SRC_1165,CA,2025.0,3.0,0.0,1.0
CRITICAL,PHYSICAL PORT DOWN,2025-03-24 01:27:04,1,2025-03-24 01:27:04,2505274.0,NORMAL,MISSING,MISSING,ALARM_SRC_1165,CA,2025.0,3.0,0.0,1.0
CRITICAL,BOARD INVALID,2025-03-25 09:24:52,1,2025-03-25 09:24:52,2505210.0,NORMAL,MISSING,MISSING,ALARM_SRC_0074,AG,2025.0,3.0,1.0,9.0
CRITICAL,PHYSICAL PORT DOWN,2025-03-25 10:27:17,1,2025-03-25 10:27:17,2505274.0,NORMAL,MISSING,MISSING,ALARM_SRC_0037,AG,2025.0,3.0,1.0,10.0
CRITICAL,PHYSICAL PORT DOWN,2025-03-27 09:21:16,1,2025-03-27 09:21:16,2505274.0,NORMAL,MISSING,MISSING,ALARM_SRC_0057,AG,2025.0,3.0,3.0,9.0
CRITICAL,PHYSICAL PORT DOWN,2025-03-27 09:38:08,1,2025-03-27 09:38:08,2505274.0,NORMAL,MISSING,MISSING,ALARM_SRC_0057,AG,2025.0,3.0,3.0,9.0
CRITICAL,PHYSICAL PORT DOWN,2025-03-27 19:25:28,1,2025-03-27 19:25:28,2505274.0,NORMAL,MISSING,MISSING,ALARM_SRC_0115,AG,2025.0,3.0,3.0,19.0
CRITICAL,PHYSICAL PORT DOWN,2025-03-27 19:26:09,1,2025-03-27 19:26:09,2505274.0,NORMAL,MISSING,MISSING,ALARM_SRC_0115,AG,2025.0,3.0,3.0,19.0
CRITICAL,PHYSICAL PORT DOWN,2025-03-28 00:35:54,1,2025-03-28 00:35:54,2505274.0,NORMAL,MISSING,MISSING,ALARM_SRC_1165,CA,2025.0,3.0,4.0,0.0
CRITICAL,PHYSICAL PORT DOWN,2025-03-28 12:10:42,1,2025-03-28 12:10:42,2505274.0,NORMAL,MISSING,MISSING,ALARM_SRC_1188,CP,2025.0,3.0,4.0,12.0
CRITICAL,BOARD INVALID,2025-03-29 10:50:05,1,2025-03-29 10:50:05,2505210.0,NORMAL,MISSING,MISSING,ALARM_SRC_0003,AG,2025.0,3.0,5.0,10.0
CRITICAL,PHYSICAL PORT DOWN,2025-04-03 17:17:57,1,2025-04-03 17:17:57,2505274.0,NORMAL,MISSING,MISSING,ALARM_SRC_0320,AR,2025.0,4.0,3.0,17.0
CRITICAL,PHYSICAL PORT DOWN,2025-04-03 17:34:25,1,2025-04-03 17:34:25,2505274.0,NORMAL,MISSING,MISSING,ALARM_SRC_0928,AR,2025.0,4.0,3.0,17.0
CRITICAL,PHYSICAL PORT DOWN,2025-04-10 16:15:55,1,2025-04-10 16:15:55,2505274.0,NORMAL,MISSING,MISSING,ALARM_SRC_0031,AG,2025.0,4.0,3.0,16.0
CRITICAL,PHYSICAL PORT DOWN,2025-04-11 16:05:28,1,2025-04-11 16:05:28,2505274.0,NORMAL,MISSING,MISSING,ALARM_SRC_0037,AG,2025.0,4.0,4.0,16.0
CRITICAL,PHYSICAL PORT DOWN,2025-04-11 17:48:27,1,2025-04-11 17:48:27,2505274.0,NORMAL,MISSING,MISSING,ALARM_SRC_0117,AG,2025.0,4.0,4.0,17.0
CRITICAL,PHYSICAL PORT DOWN,2025-04-11 17:58:22,1,2025-04-11 17:58:22,2505274.0,NORMAL,MISSING,MISSING,ALARM_SRC_0117,AG,2025.0,4.0,4.0,17.0
CRITICAL,PHYSICAL PORT DOWN,2025-04-24 13:49:24,1,2025-04-24 13:49:24,2505274.0,NORMAL,MISSING,MISSING,ALARM_SRC_0211,AR,2025.0,4.0,3.0,13.0
CRITICAL,PHYSICAL PORT DOWN,2025-04-24 13:49:24,1,2025-04-24 13:49:24,2505274.0,NORMAL,MISSING,MISSING,ALARM_SRC_0211,AR,2025.0,4.0,3.0,13.0
CRITICAL,PHYSICAL PORT DOWN,2025-04-25 12:32:24,1,2025-04-25 12:32:24,2505274.0,NORMAL,MISSING,MISSING,ALARM_SRC_0196,AR,2025.0,4.0,4.0,12.0
CRITICAL,PHYSICAL PORT DOWN,2025-04-29 00:03:17,1,2025-04-29 00:03:17,2505274.0,NORMAL,MISSING,MISSING,ALARM_SRC_1171,CA,2025.0,4.0,1.0,0.0
CRITICAL,PHYSICAL PORT DOWN,2025-04-29 00:03:21,1,2025-04-29 00:03:21,2505274.0,NORMAL,MISSING,MISSING,ALARM_SRC_1171,CA,2025.0,4.0,1.0,0.0
CRITICAL,PHYSICAL PORT DOWN,2025-04-29 00:03:25,1,2025-04-29 00:03:25,2505274.0,NORMAL,MISSING,MISSING,ALARM_SRC_1171,CA,2025.0,4.0,1.0,0.0
CRITICAL,PHYSICAL PORT DOWN,2025-04-29 00:03:29,1,2025-04-29 00:03:29,2505274.0,NORMAL,MISSING,MISSING,ALARM_SRC_1171,CA,2025.0,4.0,1.0,0.0
CRITICAL,PHYSICAL PORT DOWN,2025-04-29 00:03:33,1,2025-04-29 00:03:33,2505274.0,NORMAL,MISSING,MISSING,ALARM_SRC_1171,CA,2025.0,4.0,1.0,0.0
CRITICAL,PHYSICAL PORT DOWN,2025-04-29 00:03:38,1,2025-04-29 00:03:38,2505274.0,NORMAL,MISSING,MISSING,ALARM_SRC_1171,CA,2025.0,4.0,1.0,0.0
CRITICAL,PHYSICAL PORT DOWN,2025-04-29 00:03:42,1,2025-04-29 00:03:42,2505274.0,NORMAL,MISSING,MISSING,ALARM_SRC_1171,CA,2025.0,4.0,1.0,0.0
CRITICAL,PHYSICAL PORT DOWN,2025-04-29 00:03:45,1,2025-04-29 00:03:45,2505274.0,NORMAL,MISSING,MISSING,ALARM_SRC_1171,CA,2025.0,4.0,1.0,0.0
CRITICAL,PHYSICAL PORT DOWN,2025-04-29 00:03:49,1,2025-04-29 00:03:49,2505274.0,NORMAL,MISSING,MISSING,ALARM_SRC_1171,CA,2025.0,4.0,1.0,0.0
CRITICAL,PHYSICAL PORT DOWN,2025-04-29 00:03:53,1,2025-04-29 00:03:53,2505274.0,NORMAL,MISSING,MISSING,ALARM_SRC_1171,CA,2025.0,4.0,1.0,0.0
CRITICAL,PHYSICAL PORT DOWN,2025-04-29 00:03:57,1,2025-04-29 00:03:57,2505274.0,NORMAL,MISSING,MISSING,ALARM_SRC_1171,CA,2025.0,4.0,1.0,0.0
CRITICAL,PHYSICAL PORT DOWN,2025-04-29 00:04:00,1,2025-04-29 00:04:00,2505274.0,NORMAL,MISSING,MISSING,ALARM_SRC_1171,CA,2025.0,4.0,1.0,0.0
CRITICAL,PHYSICAL PORT DOWN,2025-04-29 00:04:04,1,2025-04-29 00:04:04,2505274.0,NORMAL,MISSING,MISSING,ALARM_SRC_1171,CA,2025.0,4.0,1.0,0.0
CRITICAL,PHYSICAL PORT DOWN,2025-04-29 00:04:08,1,2025-04-29 00:04:08,2505274.0,NORMAL,MISSING,MISSING,ALARM_SRC_1171,CA,2025.0,4.0,1.0,0.0
CRITICAL,PHYSICAL PORT DOWN,2025-04-29 01:22:30,1,2025-04-29 01:22:30,2505274.0,NORMAL,MISSING,MISSING,ALARM_SRC_1171,CA,2025.0,4.0,1.0,1.0
CRITICAL,PHYSICAL PORT DOWN,2025-04-29 01:22:34,1,2025-04-29 01:22:34,2505274.0,NORMAL,MISSING,MISSING,ALARM_SRC_1171,CA,2025.0,4.0,1.0,1.0
CRITICAL,PHYSICAL PORT DOWN,2025-04-29 01:22:37,1,2025-04-29 01:22:37,2505274.0,NORMAL,MISSING,MISSING,ALARM_SRC_1171,CA,2025.0,4.0,1.0,1.0
CRITICAL,PHYSICAL PORT DOWN,2025-04-29 01:22:41,1,2025-04-29 01:22:41,2505274.0,NORMAL,MISSING,MISSING,ALARM_SRC_1171,CA,2025.0,4.0,1.0,1.0
CRITICAL,PHYSICAL PORT DOWN,2025-04-29 01:22:45,1,2025-04-29 01:22:45,2505274.0,NORMAL,MISSING,MISSING,ALARM_SRC_1171,CA,2025.0,4.0,1.0,1.0
CRITICAL,PHYSICAL PORT DOWN,2025-04-29 01:22:48,1,2025-04-29 01:22:48,2505274.0,NORMAL,MISSING,MISSING,ALARM_SRC_1171,CA,2025.0,4.0,1.0,1.0
CRITICAL,PHYSICAL PORT DOWN,2025-04-29 01:22:52,1,2025-04-29 01:22:52,2505274.0,NORMAL,MISSING,MISSING,ALARM_SRC_1171,CA,2025.0,4.0,1.0,1.0
CRITICAL,PHYSICAL PORT DOWN,2025-04-29 01:22:55,1,2025-04-29 01:22:55,2505274.0,NORMAL,MISSING,MISSING,ALARM_SRC_1171,CA,2025.0,4.0,1.0,1.0
CRITICAL,PHYSICAL PORT DOWN,2025-04-29 01:22:59,1,2025-04-29 01:22:59,2505274.0,NORMAL,MISSING,MISSING,ALARM_SRC_1171,CA,2025.0,4.0,1.0,1.0
CRITICAL,PHYSICAL PORT DOWN,2025-04-29 01:23:02,1,2025-04-29 01:23:02,2505274.0,NORMAL,MISSING,MISSING,ALARM_SRC_1171,CA,2025.0,4.0,1.0,1.0
CRITICAL,PHYSICAL PORT DOWN,2025-04-29 01:23:06,1,2025-04-29 01:23:06,2505274.0,NORMAL,MISSING,MISSING,ALARM_SRC_1171,CA,2025.0,4.0,1.0,1.0
CRITICAL,PHYSICAL PORT DOWN,2025-04-29 01:23:10,1,2025-04-29 01:23:10,2505274.0,NORMAL,MISSING,MISSING,ALARM_SRC_1171,CA,2025.0,4.0,1.0,1.0
CRITICAL,PHYSICAL PORT DOWN,2025-04-29 01:23:13,1,2025-04-29 01:23:13,2505274.0,NORMAL,MISSING,MISSING,ALARM_SRC_1171,CA,2025.0,4.0,1.0,1.0
CRITICAL,PHYSICAL PORT DOWN,2025-04-29 01:23:17,1,2025-04-29 01:23:17,2505274.0,NORMAL,MISSING,MISSING,ALARM_SRC_1171,CA,2025.0,4.0,1.0,1.0
CRITICAL,PHYSICAL PORT DOWN,2025-04-29 01:23:21,1,2025-04-29 01:23:21,2505274.0,NORMAL,MISSING,MISSING,ALARM_SRC_1171,CA,2025.0,4.0,1.0,1.0
CRITICAL,PHYSICAL PORT DOWN,2025-04-29 01:23:24,1,2025-04-29 01:23:24,2505274.0,NORMAL,MISSING,MISSING,ALARM_SRC_1171,CA,2025.0,4.0,1.0,1.0
CRITICAL,BOARD INVALID,2025-04-29 06:20:24,1,2025-04-29 06:20:24,2505210.0,NORMAL,MISSING,MISSING,ALARM_SRC_0070,AG,2025.0,4.0,1.0,6.0
CRITICAL,BOARD INVALID,2025-04-29 06:20:46,1,2025-04-29 06:20:46,2505210.0,NORMAL,MISSING,MISSING,ALARM_SRC_0070,AG,2025.0,4.0,1.0,6.0
CRITICAL,PHYSICAL PORT DOWN,2025-04-29 14:03:49,1,2025-04-29 14:03:49,2505274.0,NORMAL,MISSING,MISSING,ALARM_SRC_1169,CA,2025.0,4.0,1.0,14.0
CRITICAL,PHYSICAL PORT DOWN,2025-05-02 15:59:38,1,2025-05-02 15:59:38,2505274.0,NORMAL,MISSING,MISSING,ALARM_SRC_0010,AG,2025.0,5.0,4.0,15.0
CRITICAL,PHYSICAL PORT DOWN,2025-05-05 00:46:17,1,2025-05-05 00:46:17,2505274.0,NORMAL,MISSING,MISSING,ALARM_SRC_0405,AR,2025.0,5.0,0.0,0.0
CRITICAL,PHYSICAL PORT DOWN,2025-05-05 19:52:47,1,2025-05-05 19:52:47,2505274.0,NORMAL,MISSING,MISSING,ALARM_SRC_0005,AG,2025.0,5.0,0.0,19.0
CRITICAL,PHYSICAL PORT DOWN,2025-05-05 21:51:06,1,2025-05-05 21:51:06,2505274.0,NORMAL,MISSING,MISSING,ALARM_SRC_0932,AR,2025.0,5.0,0.0,21.0
CRITICAL,PHYSICAL PORT DOWN,2025-05-06 00:04:48,1,2025-05-06 00:04:48,2505274.0,NORMAL,MISSING,MISSING,ALARM_SRC_1172,CA,2025.0,5.0,1.0,0.0
CRITICAL,PHYSICAL PORT DOWN,2025-05-06 00:04:48,1,2025-05-06 00:04:48,2505274.0,NORMAL,MISSING,MISSING,ALARM_SRC_1172,CA,2025.0,5.0,1.0,0.0
CRITICAL,PHYSICAL PORT DOWN,2025-05-06 00:04:48,1,2025-05-06 00:04:48,2505274.0,NORMAL,MISSING,MISSING,ALARM_SRC_1172,CA,2025.0,5.0,1.0,0.0
CRITICAL,PHYSICAL PORT DOWN,2025-05-06 00:04:49,1,2025-05-06 00:04:49,2505274.0,NORMAL,MISSING,MISSING,ALARM_SRC_1172,CA,2025.0,5.0,1.0,0.0
CRITICAL,PHYSICAL PORT DOWN,2025-05-06 00:04:49,1,2025-05-06 00:04:49,2505274.0,NORMAL,MISSING,MISSING,ALARM_SRC_1172,CA,2025.0,5.0,1.0,0.0
CRITICAL,PHYSICAL PORT DOWN,2025-05-06 00:04:49,1,2025-05-06 00:04:49,2505274.0,NORMAL,MISSING,MISSING,ALARM_SRC_1172,CA,2025.0,5.0,1.0,0.0
CRITICAL,PHYSICAL PORT DOWN,2025-05-06 00:04:50,1,2025-05-06 00:04:50,2505274.0,NORMAL,MISSING,MISSING,ALARM_SRC_1172,CA,2025.0,5.0,1.0,0.0
CRITICAL,PHYSICAL PORT DOWN,2025-05-06 00:04:50,1,2025-05-06 00:04:50,2505274.0,NORMAL,MISSING,MISSING,ALARM_SRC_1172,CA,2025.0,5.0,1.0,0.0
CRITICAL,PHYSICAL PORT DOWN,2025-05-06 00:04:50,1,2025-05-06 00:04:50,2505274.0,NORMAL,MISSING,MISSING,ALARM_SRC_1172,CA,2025.0,5.0,1.0,0.0
CRITICAL,PHYSICAL PORT DOWN,2025-05-06 00:04:50,1,2025-05-06 00:04:50,2505274.0,NORMAL,MISSING,MISSING,ALARM_SRC_1172,CA,2025.0,5.0,1.0,0.0
CRITICAL,PHYSICAL PORT DOWN,2025-05-06 00:04:50,1,2025-05-06 00:04:50,2505274.0,NORMAL,MISSING,MISSING,ALARM_SRC_1172,CA,2025.0,5.0,1.0,0.0
CRITICAL,PHYSICAL PORT DOWN,2025-05-06 00:04:50,1,2025-05-06 00:04:50,2505274.0,NORMAL,MISSING,MISSING,ALARM_SRC_1172,CA,2025.0,5.0,1.0,0.0
CRITICAL,PHYSICAL PORT DOWN,2025-05-06 00:04:50,1,2025-05-06 00:04:50,2505274.0,NORMAL,MISSING,MISSING,ALARM_SRC_1172,CA,2025.0,5.0,1.0,0.0
CRITICAL,PHYSICAL PORT DOWN,2025-05-06 00:04:50,1,2025-05-06 00:04:50,2505274.0,NORMAL,MISSING,MISSING,ALARM_SRC_1172,CA,2025.0,5.0,1.0,0.0
CRITICAL,PHYSICAL PORT DOWN,2025-05-06 00:04:50,1,2025-05-06 00:04:50,2505274.0,NORMAL,MISSING,MISSING,ALARM_SRC_1172,CA,2025.0,5.0,1.0,0.0
CRITICAL,PHYSICAL PORT DOWN,2025-05-06 00:04:51,1,2025-05-06 00:04:51,2505274.0,NORMAL,MISSING,MISSING,ALARM_SRC_1172,CA,2025.0,5.0,1.0,0.0
CRITICAL,PHYSICAL PORT DOWN,2025-05-06 01:34:06,1,2025-05-06 01:34:06,2505274.0,NORMAL,MISSING,MISSING,ALARM_SRC_1172,CA,2025.0,5.0,1.0,1.0
CRITICAL,PHYSICAL PORT DOWN,2025-05-06 01:34:06,1,2025-05-06 01:34:06,2505274.0,NORMAL,MISSING,MISSING,ALARM_SRC_1172,CA,2025.0,5.0,1.0,1.0
CRITICAL,PHYSICAL PORT DOWN,2025-05-06 01:34:06,1,2025-05-06 01:34:06,2505274.0,NORMAL,MISSING,MISSING,ALARM_SRC_1172,CA,2025.0,5.0,1.0,1.0
CRITICAL,PHYSICAL PORT DOWN,2025-05-06 01:34:06,1,2025-05-06 01:34:06,2505274.0,NORMAL,MISSING,MISSING,ALARM_SRC_1172,CA,2025.0,5.0,1.0,1.0
CRITICAL,PHYSICAL PORT DOWN,2025-05-06 01:34:07,1,2025-05-06 01:34:07,2505274.0,NORMAL,MISSING,MISSING,ALARM_SRC_1172,CA,2025.0,5.0,1.0,1.0
CRITICAL,PHYSICAL PORT DOWN,2025-05-06 01:34:07,1,2025-05-06 01:34:07,2505274.0,NORMAL,MISSING,MISSING,ALARM_SRC_1172,CA,2025.0,5.0,1.0,1.0
CRITICAL,PHYSICAL PORT DOWN,2025-05-06 01:34:07,1,2025-05-06 01:34:07,2505274.0,NORMAL,MISSING,MISSING,ALARM_SRC_1172,CA,2025.0,5.0,1.0,1.0
CRITICAL,PHYSICAL PORT DOWN,2025-05-06 01:34:08,1,2025-05-06 01:34:08,2505274.0,NORMAL,MISSING,MISSING,ALARM_SRC_1172,CA,2025.0,5.0,1.0,1.0
CRITICAL,PHYSICAL PORT DOWN,2025-05-06 01:34:08,1,2025-05-06 01:34:08,2505274.0,NORMAL,MISSING,MISSING,ALARM_SRC_1172,CA,2025.0,5.0,1.0,1.0
CRITICAL,PHYSICAL PORT DOWN,2025-05-06 01:34:08,1,2025-05-06 01:34:08,2505274.0,NORMAL,MISSING,MISSING,ALARM_SRC_1172,CA,2025.0,5.0,1.0,1.0
CRITICAL,PHYSICAL PORT DOWN,2025-05-06 01:34:08,1,2025-05-06 01:34:08,2505274.0,NORMAL,MISSING,MISSING,ALARM_SRC_1172,CA,2025.0,5.0,1.0,1.0
CRITICAL,PHYSICAL PORT DOWN,2025-05-06 01:34:08,1,2025-05-06 01:34:08,2505274.0,NORMAL,MISSING,MISSING,ALARM_SRC_1172,CA,2025.0,5.0,1.0,1.0
CRITICAL,PHYSICAL PORT DOWN,2025-05-06 01:34:08,1,2025-05-06 01:34:08,2505274.0,NORMAL,MISSING,MISSING,ALARM_SRC_1172,CA,2025.0,5.0,1.0,1.0
CRITICAL,PHYSICAL PORT DOWN,2025-05-06 01:34:08,1,2025-05-06 01:34:08,2505274.0,NORMAL,MISSING,MISSING,ALARM_SRC_1172,CA,2025.0,5.0,1.0,1.0
CRITICAL,PHYSICAL PORT DOWN,2025-05-07 14:10:55,1,2025-05-07 14:10:55,2505274.0,NORMAL,MISSING,MISSING,ALARM_SRC_0882,AR,2025.0,5.0,2.0,14.0
CRITICAL,PHYSICAL PORT DOWN,2025-05-09 13:16:48,1,2025-05-09 13:16:48,2505274.0,NORMAL,MISSING,MISSING,ALARM_SRC_0109,AG,2025.0,5.0,4.0,13.0
CRITICAL,PHYSICAL PORT DOWN,2025-05-10 09:23:54,1,2025-05-10 09:23:54,2505274.0,NORMAL,MISSING,MISSING,ALARM_SRC_0780,AR,2025.0,5.0,5.0,9.0
CRITICAL,PHYSICAL PORT DOWN,2025-05-10 09:59:13,1,2025-05-10 09:59:13,2505274.0,NORMAL,MISSING,MISSING,ALARM_SRC_0384,AR,2025.0,5.0,5.0,9.0
CRITICAL,PHYSICAL PORT DOWN,2025-05-13 00:51:34,1,2025-05-13 00:51:34,2505274.0,NORMAL,MISSING,MISSING,ALARM_SRC_0043,AG,2025.0,5.0,1.0,0.0
CRITICAL,PHYSICAL PORT DOWN,2025-05-13 00:51:38,1,2025-05-13 00:51:38,2505274.0,NORMAL,MISSING,MISSING,ALARM_SRC_0043,AG,2025.0,5.0,1.0,0.0
CRITICAL,PHYSICAL PORT DOWN,2025-05-13 01:18:20,1,2025-05-13 01:18:20,2505274.0,NORMAL,MISSING,MISSING,ALARM_SRC_0043,AG,2025.0,5.0,1.0,1.0
CRITICAL,PHYSICAL PORT DOWN,2025-05-13 01:23:59,1,2025-05-13 01:23:59,2505274.0,NORMAL,MISSING,MISSING,ALARM_SRC_0043,AG,2025.0,5.0,1.0,1.0
CRITICAL,PHYSICAL PORT DOWN,2025-05-13 01:45:52,1,2025-05-13 01:45:52,2505274.0,NORMAL,MISSING,MISSING,ALARM_SRC_0043,AG,2025.0,5.0,1.0,1.0
CRITICAL,PHYSICAL PORT DOWN,2025-05-14 00:03:06,1,2025-05-14 00:03:06,2505274.0,NORMAL,MISSING,MISSING,ALARM_SRC_1171,CA,2025.0,5.0,2.0,0.0
CRITICAL,PHYSICAL PORT DOWN,2025-05-15 00:01:02,1,2025-05-15 00:01:02,2505274.0,NORMAL,MISSING,MISSING,ALARM_SRC_1171,CA,2025.0,5.0,3.0,0.0
CRITICAL,PHYSICAL PORT DOWN,2025-05-15 00:01:02,1,2025-05-15 00:01:02,2505274.0,NORMAL,MISSING,MISSING,ALARM_SRC_1171,CA,2025.0,5.0,3.0,0.0
CRITICAL,PHYSICAL PORT DOWN,2025-05-15 00:01:02,1,2025-05-15 00:01:02,2505274.0,NORMAL,MISSING,MISSING,ALARM_SRC_1171,CA,2025.0,5.0,3.0,0.0
CRITICAL,PHYSICAL PORT DOWN,2025-05-15 00:01:02,1,2025-05-15 00:01:02,2505274.0,NORMAL,MISSING,MISSING,ALARM_SRC_1171,CA,2025.0,5.0,3.0,0.0
CRITICAL,PHYSICAL PORT DOWN,2025-05-15 00:01:03,1,2025-05-15 00:01:03,2505274.0,NORMAL,MISSING,MISSING,ALARM_SRC_1171,CA,2025.0,5.0,3.0,0.0
CRITICAL,PHYSICAL PORT DOWN,2025-05-15 00:01:03,1,2025-05-15 00:01:03,2505274.0,NORMAL,MISSING,MISSING,ALARM_SRC_1171,CA,2025.0,5.0,3.0,0.0
CRITICAL,PHYSICAL PORT DOWN,2025-05-15 00:15:38,1,2025-05-15 00:15:38,2505274.0,NORMAL,MISSING,MISSING,ALARM_SRC_1172,CA,2025.0,5.0,3.0,0.0
CRITICAL,PHYSICAL PORT DOWN,2025-05-15 00:15:38,1,2025-05-15 00:15:38,2505274.0,NORMAL,MISSING,MISSING,ALARM_SRC_1172,CA,2025.0,5.0,3.0,0.0
CRITICAL,PHYSICAL PORT DOWN,2025-05-15 00:15:38,1,2025-05-15 00:15:38,2505274.0,NORMAL,MISSING,MISSING,ALARM_SRC_1172,CA,2025.0,5.0,3.0,0.0
CRITICAL,PHYSICAL PORT DOWN,2025-05-15 00:15:38,1,2025-05-15 00:15:38,2505274.0,NORMAL,MISSING,MISSING,ALARM_SRC_1172,CA,2025.0,5.0,3.0,0.0
CRITICAL,PHYSICAL PORT DOWN,2025-05-15 00:15:38,1,2025-05-15 00:15:38,2505274.0,NORMAL,MISSING,MISSING,ALARM_SRC_1172,CA,2025.0,5.0,3.0,0.0
CRITICAL,PHYSICAL PORT DOWN,2025-05-15 00:15:39,1,2025-05-15 00:15:39,2505274.0,NORMAL,MISSING,MISSING,ALARM_SRC_1172,CA,2025.0,5.0,3.0,0.0
CRITICAL,PHYSICAL PORT DOWN,2025-05-15 01:01:10,1,2025-05-15 01:01:10,2505274.0,NORMAL,MISSING,MISSING,ALARM_SRC_1171,CA,2025.0,5.0,3.0,1.0
CRITICAL,PHYSICAL PORT DOWN,2025-05-15 01:01:10,1,2025-05-15 01:01:10,2505274.0,NORMAL,MISSING,MISSING,ALARM_SRC_1171,CA,2025.0,5.0,3.0,1.0
CRITICAL,PHYSICAL PORT DOWN,2025-05-15 01:01:10,1,2025-05-15 01:01:10,2505274.0,NORMAL,MISSING,MISSING,ALARM_SRC_1171,CA,2025.0,5.0,3.0,1.0
CRITICAL,PHYSICAL PORT DOWN,2025-05-15 01:01:11,1,2025-05-15 01:01:11,2505274.0,NORMAL,MISSING,MISSING,ALARM_SRC_1171,CA,2025.0,5.0,3.0,1.0
CRITICAL,PHYSICAL PORT DOWN,2025-05-15 01:25:20,1,2025-05-15 01:25:20,2505274.0,NORMAL,MISSING,MISSING,ALARM_SRC_1172,CA,2025.0,5.0,3.0,1.0
CRITICAL,PHYSICAL PORT DOWN,2025-05-15 01:25:20,1,2025-05-15 01:25:20,2505274.0,NORMAL,MISSING,MISSING,ALARM_SRC_1172,CA,2025.0,5.0,3.0,1.0
CRITICAL,PHYSICAL PORT DOWN,2025-05-15 01:25:20,1,2025-05-15 01:25:20,2505274.0,NORMAL,MISSING,MISSING,ALARM_SRC_1172,CA,2025.0,5.0,3.0,1.0
CRITICAL,PHYSICAL PORT DOWN,2025-05-15 01:25:20,1,2025-05-15 01:25:20,2505274.0,NORMAL,MISSING,MISSING,ALARM_SRC_1172,CA,2025.0,5.0,3.0,1.0
CRITICAL,PHYSICAL PORT DOWN,2025-05-16 03:35:01,1,2025-05-16 03:35:01,2505274.0,NORMAL,MISSING,MISSING,ALARM_SRC_0897,AR,2025.0,5.0,4.0,3.0
CRITICAL,PHYSICAL PORT DOWN,2025-05-16 05:25:25,1,2025-05-16 05:25:25,2505274.0,NORMAL,MISSING,MISSING,ALARM_SRC_1171,CA,2025.0,5.0,4.0,5.0
CRITICAL,PHYSICAL PORT DOWN,2025-05-16 05:25:42,1,2025-05-16 05:25:42,2505274.0,NORMAL,MISSING,MISSING,ALARM_SRC_1171,CA,2025.0,5.0,4.0,5.0
CRITICAL,PHYSICAL PORT DOWN,2025-05-16 16:42:48,1,2025-05-16 16:42:48,2505274.0,NORMAL,MISSING,MISSING,ALARM_SRC_0048,AG,2025.0,5.0,4.0,16.0
CRITICAL,PHYSICAL PORT DOWN,2025-05-18 10:55:58,1,2025-05-18 10:55:58,2505274.0,NORMAL,MISSING,MISSING,ALARM_SRC_0586,AR,2025.0,5.0,6.0,10.0
CRITICAL,PHYSICAL PORT DOWN,2025-05-18 10:55:58,1,2025-05-18 10:55:58,2505274.0,NORMAL,MISSING,MISSING,ALARM_SRC_0586,AR,2025.0,5.0,6.0,10.0
CRITICAL,BOARD INVALID,2025-05-18 11:32:23,1,2025-05-18 11:32:23,2505210.0,NORMAL,MISSING,MISSING,ALARM_SRC_0060,AG,2025.0,5.0,6.0,11.0
CRITICAL,PHYSICAL PORT DOWN,2025-05-19 11:57:47,1,2025-05-19 11:57:47,2505274.0,NORMAL,MISSING,MISSING,ALARM_SRC_0107,AG,2025.0,5.0,0.0,11.0
CRITICAL,PHYSICAL PORT DOWN,2025-05-19 11:57:47,1,2025-05-19 11:57:47,2505274.0,NORMAL,MISSING,MISSING,ALARM_SRC_0107,AG,2025.0,5.0,0.0,11.0
CRITICAL,PHYSICAL PORT DOWN,2025-05-19 12:06:18,1,2025-05-19 12:06:18,2505274.0,NORMAL,MISSING,MISSING,ALARM_SRC_0031,AG,2025.0,5.0,0.0,12.0
CRITICAL,PHYSICAL PORT DOWN,2025-05-19 12:39:02,1,2025-05-19 12:39:02,2505274.0,NORMAL,MISSING,MISSING,ALARM_SRC_0570,AR,2025.0,5.0,0.0,12.0
CRITICAL,PHYSICAL PORT DOWN,2025-05-19 15:30:45,1,2025-05-19 15:30:45,2505274.0,NORMAL,MISSING,MISSING,ALARM_SRC_0575,AR,2025.0,5.0,0.0,15.0
CRITICAL,BOARD INVALID,2025-05-21 11:55:08,1,2025-05-21 11:55:08,2505210.0,NORMAL,MISSING,MISSING,ALARM_SRC_0084,AG,2025.0,5.0,2.0,11.0
CRITICAL,PHYSICAL PORT DOWN,2025-05-21 18:22:20,1,2025-05-21 18:22:20,2505274.0,NORMAL,MISSING,MISSING,ALARM_SRC_0033,AG,2025.0,5.0,2.0,18.0
CRITICAL,PHYSICAL PORT DOWN,2025-05-21 20:33:24,1,2025-05-21 20:33:24,2505274.0,NORMAL,MISSING,MISSING,ALARM_SRC_1087,AR,2025.0,5.0,2.0,20.0
CRITICAL,PHYSICAL PORT DOWN,2025-05-22 12:31:46,1,2025-05-22 12:31:46,2505274.0,NORMAL,MISSING,MISSING,ALARM_SRC_0032,AG,2025.0,5.0,3.0,12.0
CRITICAL,PHYSICAL PORT DOWN,2025-05-22 12:31:53,1,2025-05-22 12:31:53,2505274.0,NORMAL,MISSING,MISSING,ALARM_SRC_0032,AG,2025.0,5.0,3.0,12.0
CRITICAL,PHYSICAL PORT DOWN,2025-05-25 09:55:50,1,2025-05-25 09:55:50,2505274.0,NORMAL,MISSING,MISSING,ALARM_SRC_1054,AR,2025.0,5.0,6.0,9.0
CRITICAL,PHYSICAL PORT DOWN,2025-05-26 15:02:17,1,2025-05-26 15:02:17,2505274.0,NORMAL,MISSING,MISSING,ALARM_SRC_0091,AG,2025.0,5.0,0.0,15.0
CRITICAL,PHYSICAL PORT DOWN,2025-05-27 14:24:45,1,2025-05-27 14:24:45,2505274.0,NORMAL,MISSING,MISSING,ALARM_SRC_0031,AG,2025.0,5.0,1.0,14.0
CRITICAL,PHYSICAL PORT DOWN,2025-05-30 11:59:56,1,2025-05-30 11:59:56,2505274.0,NORMAL,MISSING,MISSING,ALARM_SRC_0059,AG,2025.0,5.0,4.0,11.0
CRITICAL,PHYSICAL PORT DOWN,2025-06-02 10:51:36,1,2025-06-02 10:51:36,2505274.0,NORMAL,MISSING,MISSING,ALARM_SRC_0057,AG,2025.0,6.0,0.0,10.0
CRITICAL,PHYSICAL PORT DOWN,2025-06-02 10:51:36,1,2025-06-02 10:51:36,2505274.0,NORMAL,MISSING,MISSING,ALARM_SRC_0057,AG,2025.0,6.0,0.0,10.0
CRITICAL,PHYSICAL PORT DOWN,2025-06-02 14:15:48,1,2025-06-02 14:15:48,2505274.0,NORMAL,MISSING,MISSING,ALARM_SRC_0010,AG,2025.0,6.0,0.0,14.0
CRITICAL,PHYSICAL PORT DOWN,2025-06-02 14:16:23,1,2025-06-02 14:16:23,2505274.0,NORMAL,MISSING,MISSING,ALARM_SRC_0010,AG,2025.0,6.0,0.0,14.0
CRITICAL,BOARD INVALID,2025-06-03 00:14:46,1,2025-06-03 00:14:46,2505210.0,NORMAL,MISSING,MISSING,ALARM_SRC_1171,CA,2025.0,6.0,1.0,0.0
CRITICAL,BOARD INVALID,2025-06-03 00:18:39,1,2025-06-03 00:18:39,2505210.0,NORMAL,MISSING,MISSING,ALARM_SRC_1172,CA,2025.0,6.0,1.0,0.0
CRITICAL,BOARD INVALID,2025-06-03 00:20:25,1,2025-06-03 00:20:25,2505210.0,NORMAL,MISSING,MISSING,ALARM_SRC_1172,CA,2025.0,6.0,1.0,0.0
CRITICAL,PHYSICAL PORT DOWN,2025-06-03 16:20:47,1,2025-06-03 16:20:47,2505274.0,NORMAL,MISSING,MISSING,ALARM_SRC_0007,AG,2025.0,6.0,1.0,16.0
CRITICAL,PHYSICAL PORT DOWN,2025-06-03 16:20:51,1,2025-06-03 16:20:51,2505274.0,NORMAL,MISSING,MISSING,ALARM_SRC_0007,AG,2025.0,6.0,1.0,16.0
CRITICAL,PHYSICAL PORT DOWN,2025-06-04 14:09:23,1,2025-06-04 14:09:23,2505274.0,NORMAL,MISSING,MISSING,ALARM_SRC_0060,AG,2025.0,6.0,2.0,14.0
CRITICAL,PHYSICAL PORT DOWN,2025-06-04 14:09:23,1,2025-06-04 14:09:23,2505274.0,NORMAL,MISSING,MISSING,ALARM_SRC_0060,AG,2025.0,6.0,2.0,14.0
CRITICAL,PHYSICAL PORT DOWN,2025-06-04 21:09:03,1,2025-06-04 21:09:03,2505274.0,NORMAL,MISSING,MISSING,ALARM_SRC_0043,AG,2025.0,6.0,2.0,21.0
CRITICAL,PHYSICAL PORT DOWN,2025-06-05 02:32:08,1,2025-06-05 02:32:08,2505274.0,NORMAL,MISSING,MISSING,ALARM_SRC_1166,CA,2025.0,6.0,3.0,2.0
CRITICAL,PHYSICAL PORT DOWN,2025-06-05 02:32:09,1,2025-06-05 02:32:09,3074752.0,NORMAL,MISSING,MISSING,ALARM_SRC_1167,CA,2025.0,6.0,3.0,2.0
CRITICAL,PHYSICAL PORT DOWN,2025-06-05 02:32:11,1,2025-06-05 02:32:11,2505274.0,NORMAL,MISSING,MISSING,ALARM_SRC_1172,CA,2025.0,6.0,3.0,2.0
CRITICAL,PHYSICAL PORT DOWN,2025-06-05 02:32:11,1,2025-06-05 02:32:11,2505274.0,NORMAL,MISSING,MISSING,ALARM_SRC_1165,CA,2025.0,6.0,3.0,2.0
CRITICAL,PHYSICAL PORT DOWN,2025-06-05 02:32:13,1,2025-06-05 02:32:13,3074752.0,NORMAL,MISSING,MISSING,ALARM_SRC_1167,CA,2025.0,6.0,3.0,2.0
CRITICAL,PHYSICAL PORT DOWN,2025-06-05 02:32:14,1,2025-06-05 02:32:14,2505274.0,NORMAL,MISSING,MISSING,ALARM_SRC_1171,CA,2025.0,6.0,3.0,2.0
CRITICAL,PHYSICAL PORT DOWN,2025-06-05 02:32:16,1,2025-06-05 02:32:16,2505274.0,NORMAL,MISSING,MISSING,ALARM_SRC_1172,CA,2025.0,6.0,3.0,2.0
CRITICAL,PHYSICAL PORT DOWN,2025-06-05 02:32:18,1,2025-06-05 02:32:18,2505274.0,NORMAL,MISSING,MISSING,ALARM_SRC_1171,CA,2025.0,6.0,3.0,2.0
CRITICAL,PHYSICAL PORT DOWN,2025-06-05 02:32:31,1,2025-06-05 02:32:31,3074752.0,NORMAL,MISSING,MISSING,ALARM_SRC_1168,CA,2025.0,6.0,3.0,2.0
CRITICAL,PHYSICAL PORT DOWN,2025-06-05 02:32:35,1,2025-06-05 02:32:35,3074752.0,NORMAL,MISSING,MISSING,ALARM_SRC_1168,CA,2025.0,6.0,3.0,2.0
CRITICAL,PHYSICAL PORT DOWN,2025-06-05 10:43:19,1,2025-06-05 10:43:19,2505274.0,NORMAL,MISSING,MISSING,ALARM_SRC_1054,AR,2025.0,6.0,3.0,10.0
CRITICAL,PHYSICAL PORT DOWN,2025-06-05 11:31:01,1,2025-06-05 11:31:01,2505274.0,NORMAL,MISSING,MISSING,ALARM_SRC_0100,AG,2025.0,6.0,3.0,11.0
CRITICAL,PHYSICAL PORT DOWN,2025-06-05 11:34:46,1,2025-06-05 11:34:46,2505274.0,NORMAL,MISSING,MISSING,ALARM_SRC_0100,AG,2025.0,6.0,3.0,11.0
CRITICAL,PHYSICAL PORT DOWN,2025-06-05 11:50:25,1,2025-06-05 11:50:25,2505274.0,NORMAL,MISSING,MISSING,ALARM_SRC_0032,AG,2025.0,6.0,3.0,11.0
CRITICAL,PHYSICAL PORT DOWN,2025-06-05 11:50:30,1,2025-06-05 11:50:30,2505274.0,NORMAL,MISSING,MISSING,ALARM_SRC_0032,AG,2025.0,6.0,3.0,11.0
CRITICAL,PHYSICAL PORT DOWN,2025-06-05 11:56:23,1,2025-06-05 11:56:23,2505274.0,NORMAL,MISSING,MISSING,ALARM_SRC_0005,AG,2025.0,6.0,3.0,11.0
CRITICAL,PHYSICAL PORT DOWN,2025-06-05 11:56:23,1,2025-06-05 11:56:23,2505274.0,NORMAL,MISSING,MISSING,ALARM_SRC_0005,AG,2025.0,6.0,3.0,11.0
CRITICAL,PHYSICAL PORT DOWN,2025-06-05 12:27:01,1,2025-06-05 12:27:01,2505274.0,NORMAL,MISSING,MISSING,ALARM_SRC_0115,AG,2025.0,6.0,3.0,12.0
CRITICAL,PHYSICAL PORT DOWN,2025-06-05 12:27:01,1,2025-06-05 12:27:01,2505274.0,NORMAL,MISSING,MISSING,ALARM_SRC_0115,AG,2025.0,6.0,3.0,12.0
CRITICAL,PHYSICAL PORT DOWN,2025-06-05 14:26:39,1,2025-06-05 14:26:39,2505274.0,NORMAL,MISSING,MISSING,ALARM_SRC_0059,AG,2025.0,6.0,3.0,14.0
CRITICAL,PHYSICAL PORT DOWN,2025-06-05 14:26:56,1,2025-06-05 14:26:56,2505274.0,NORMAL,MISSING,MISSING,ALARM_SRC_0059,AG,2025.0,6.0,3.0,14.0
CRITICAL,PHYSICAL PORT DOWN,2025-06-06 09:33:22,1,2025-06-06 09:33:22,2505274.0,NORMAL,MISSING,MISSING,ALARM_SRC_0062,AG,2025.0,6.0,4.0,9.0
CRITICAL,PHYSICAL PORT DOWN,2025-06-06 12:10:23,1,2025-06-06 12:10:23,2505274.0,NORMAL,MISSING,MISSING,ALARM_SRC_0005,AG,2025.0,6.0,4.0,12.0
CRITICAL,PHYSICAL PORT DOWN,2025-06-07 16:55:22,1,2025-06-07 16:55:22,2505274.0,NORMAL,MISSING,MISSING,ALARM_SRC_0112,AG,2025.0,6.0,5.0,16.0
CRITICAL,PHYSICAL PORT DOWN,2025-06-07 16:55:24,1,2025-06-07 16:55:24,2505274.0,NORMAL,MISSING,MISSING,ALARM_SRC_0112,AG,2025.0,6.0,5.0,16.0
CRITICAL,PHYSICAL PORT DOWN,2025-06-09 10:38:31,1,2025-06-09 10:38:31,2505274.0,NORMAL,MISSING,MISSING,ALARM_SRC_0032,AG,2025.0,6.0,0.0,10.0
CRITICAL,PHYSICAL PORT DOWN,2025-06-09 10:38:43,1,2025-06-09 10:38:43,2505274.0,NORMAL,MISSING,MISSING,ALARM_SRC_0032,AG,2025.0,6.0,0.0,10.0
CRITICAL,PHYSICAL PORT DOWN,2025-06-09 11:59:37,1,2025-06-09 11:59:37,2505274.0,NORMAL,MISSING,MISSING,ALARM_SRC_0047,AG,2025.0,6.0,0.0,11.0
CRITICAL,PHYSICAL PORT DOWN,2025-06-09 11:59:37,1,2025-06-09 11:59:37,2505274.0,NORMAL,MISSING,MISSING,ALARM_SRC_0047,AG,2025.0,6.0,0.0,11.0
CRITICAL,PHYSICAL PORT DOWN,2025-06-09 20:28:50,1,2025-06-09 20:28:50,2505274.0,NORMAL,MISSING,MISSING,ALARM_SRC_0019,AG,2025.0,6.0,0.0,20.0
CRITICAL,PHYSICAL PORT DOWN,2025-06-09 20:28:50,1,2025-06-09 20:28:50,2505274.0,NORMAL,MISSING,MISSING,ALARM_SRC_0019,AG,2025.0,6.0,0.0,20.0
CRITICAL,PHYSICAL PORT DOWN,2025-06-09 20:28:50,1,2025-06-09 20:28:50,2505274.0,NORMAL,MISSING,MISSING,ALARM_SRC_0019,AG,2025.0,6.0,0.0,20.0
CRITICAL,PHYSICAL PORT DOWN,2025-06-10 09:03:43,1,2025-06-10 09:03:43,2505274.0,NORMAL,MISSING,MISSING,ALARM_SRC_0896,AR,2025.0,6.0,1.0,9.0
CRITICAL,PHYSICAL PORT DOWN,2025-06-10 10:28:32,1,2025-06-10 10:28:32,2505274.0,NORMAL,MISSING,MISSING,ALARM_SRC_0005,AG,2025.0,6.0,1.0,10.0
CRITICAL,PHYSICAL PORT DOWN,2025-06-11 01:49:16,1,2025-06-11 01:49:16,2505274.0,NORMAL,MISSING,MISSING,ALARM_SRC_1171,CA,2025.0,6.0,2.0,1.0
CRITICAL,PHYSICAL PORT DOWN,2025-06-11 01:49:20,1,2025-06-11 01:49:20,2505274.0,NORMAL,MISSING,MISSING,ALARM_SRC_1171,CA,2025.0,6.0,2.0,1.0
CRITICAL,PHYSICAL PORT DOWN,2025-06-11 01:49:23,1,2025-06-11 01:49:23,2505274.0,NORMAL,MISSING,MISSING,ALARM_SRC_1171,CA,2025.0,6.0,2.0,1.0
CRITICAL,PHYSICAL PORT DOWN,2025-06-11 14:43:57,1,2025-06-11 14:43:57,2505274.0,NORMAL,MISSING,MISSING,ALARM_SRC_0019,AG,2025.0,6.0,2.0,14.0
CRITICAL,PHYSICAL PORT DOWN,2025-06-13 11:23:36,1,2025-06-13 11:23:36,2505274.0,NORMAL,MISSING,MISSING,ALARM_SRC_0032,AG,2025.0,6.0,4.0,11.0
CRITICAL,PHYSICAL PORT DOWN,2025-06-13 11:24:06,1,2025-06-13 11:24:06,2505274.0,NORMAL,MISSING,MISSING,ALARM_SRC_0032,AG,2025.0,6.0,4.0,11.0
CRITICAL,PHYSICAL PORT DOWN,2025-06-13 11:56:00,1,2025-06-13 11:56:00,2505274.0,NORMAL,MISSING,MISSING,ALARM_SRC_0608,AR,2025.0,6.0,4.0,11.0
CRITICAL,PHYSICAL PORT DOWN,2025-06-14 20:01:26,1,2025-06-14 20:01:26,2505274.0,NORMAL,MISSING,MISSING,ALARM_SRC_0392,AR,2025.0,6.0,5.0,20.0
CRITICAL,BOARD INVALID,2025-06-15 07:43:58,1,2025-06-15 07:43:58,2505210.0,NORMAL,MISSING,MISSING,ALARM_SRC_0074,AG,2025.0,6.0,6.0,7.0
CRITICAL,PHYSICAL PORT DOWN,2025-06-16 12:52:09,1,2025-06-16 12:52:09,2505274.0,NORMAL,MISSING,ACKNOWLEDGED,ALARM_SRC_0448,AR,2025.0,6.0,0.0,12.0
CRITICAL,PHYSICAL PORT DOWN,2025-06-16 14:15:00,1,2025-06-16 14:15:00,2505274.0,NORMAL,MISSING,MISSING,ALARM_SRC_1070,AR,2025.0,6.0,0.0,14.0
CRITICAL,PHYSICAL PORT DOWN,2025-06-17 01:48:02,1,2025-06-17 01:48:02,2505274.0,NORMAL,MISSING,MISSING,ALARM_SRC_1171,CA,2025.0,6.0,1.0,1.0
CRITICAL,PHYSICAL PORT DOWN,2025-06-18 18:44:15,1,2025-06-18 18:44:15,2505274.0,NORMAL,MISSING,MISSING,ALARM_SRC_0057,AG,2025.0,6.0,2.0,18.0
CRITICAL,PHYSICAL PORT DOWN,2025-06-19 00:20:53,1,2025-06-19 00:20:53,2505274.0,NORMAL,MISSING,MISSING,ALARM_SRC_1172,CA,2025.0,6.0,3.0,0.0
CRITICAL,PHYSICAL PORT DOWN,2025-06-19 00:43:20,1,2025-06-19 00:43:20,2505274.0,NORMAL,MISSING,MISSING,ALARM_SRC_1172,CA,2025.0,6.0,3.0,0.0
CRITICAL,PHYSICAL PORT DOWN,2025-06-19 14:40:22,1,2025-06-19 14:40:22,2505274.0,NORMAL,MISSING,MISSING,ALARM_SRC_0109,AG,2025.0,6.0,3.0,14.0
CRITICAL,PHYSICAL PORT DOWN,2025-06-19 16:48:35,1,2025-06-19 16:48:35,2505274.0,NORMAL,MISSING,MISSING,ALARM_SRC_0702,AR,2025.0,6.0,3.0,16.0
CRITICAL,PHYSICAL PORT DOWN,2025-06-20 13:40:24,1,2025-06-20 13:40:24,2505274.0,NORMAL,MISSING,MISSING,ALARM_SRC_0109,AG,2025.0,6.0,4.0,13.0
CRITICAL,PHYSICAL PORT DOWN,2025-06-20 16:38:46,1,2025-06-20 16:38:46,2505274.0,NORMAL,MISSING,MISSING,ALARM_SRC_0111,AG,2025.0,6.0,4.0,16.0
CRITICAL,PHYSICAL PORT DOWN,2025-06-20 16:39:09,1,2025-06-20 16:39:09,2505274.0,NORMAL,MISSING,MISSING,ALARM_SRC_1052,AR,2025.0,6.0,4.0,16.0
CRITICAL,PHYSICAL PORT DOWN,2025-06-21 13:36:57,1,2025-06-21 13:36:57,2505274.0,NORMAL,MISSING,MISSING,ALARM_SRC_0076,AG,2025.0,6.0,5.0,13.0
CRITICAL,PHYSICAL PORT DOWN,2025-06-21 14:17:45,1,2025-06-21 14:17:45,2505274.0,NORMAL,MISSING,MISSING,ALARM_SRC_0108,AG,2025.0,6.0,5.0,14.0
CRITICAL,PHYSICAL PORT DOWN,2025-06-21 14:27:07,1,2025-06-21 14:27:07,2505274.0,NORMAL,MISSING,MISSING,ALARM_SRC_0108,AG,2025.0,6.0,5.0,14.0
CRITICAL,PHYSICAL PORT DOWN,2025-06-23 00:19:31,1,2025-06-23 00:19:31,2505274.0,NORMAL,MISSING,MISSING,ALARM_SRC_1172,CA,2025.0,6.0,0.0,0.0
CRITICAL,PHYSICAL PORT DOWN,2025-06-23 00:19:31,1,2025-06-23 00:19:31,2505274.0,NORMAL,MISSING,MISSING,ALARM_SRC_1172,CA,2025.0,6.0,0.0,0.0
CRITICAL,PHYSICAL PORT DOWN,2025-06-23 00:36:29,1,2025-06-23 00:36:29,2505274.0,NORMAL,MISSING,MISSING,ALARM_SRC_1172,CA,2025.0,6.0,0.0,0.0
CRITICAL,PHYSICAL PORT DOWN,2025-06-23 00:36:29,1,2025-06-23 00:36:29,2505274.0,NORMAL,MISSING,MISSING,ALARM_SRC_1172,CA,2025.0,6.0,0.0,0.0
CRITICAL,PHYSICAL PORT DOWN,2025-06-23 00:38:03,1,2025-06-23 00:38:03,2505274.0,NORMAL,MISSING,MISSING,ALARM_SRC_1172,CA,2025.0,6.0,0.0,0.0
CRITICAL,PHYSICAL PORT DOWN,2025-06-23 00:38:03,1,2025-06-23 00:38:03,2505274.0,NORMAL,MISSING,MISSING,ALARM_SRC_1172,CA,2025.0,6.0,0.0,0.0
CRITICAL,PHYSICAL PORT DOWN,2025-06-23 11:32:57,1,2025-06-23 11:32:57,2505274.0,NORMAL,MISSING,MISSING,ALARM_SRC_0066,AG,2025.0,6.0,0.0,11.0
CRITICAL,PHYSICAL PORT DOWN,2025-06-23 13:54:23,1,2025-06-23 13:54:23,2505274.0,NORMAL,MISSING,MISSING,ALARM_SRC_0069,AG,2025.0,6.0,0.0,13.0
CRITICAL,PHYSICAL PORT DOWN,2025-06-23 16:01:14,1,2025-06-23 16:01:14,2505274.0,NORMAL,MISSING,MISSING,ALARM_SRC_0123,AG,2025.0,6.0,0.0,16.0
CRITICAL,PHYSICAL PORT DOWN,2025-06-23 17:29:03,1,2025-06-23 17:29:03,2505274.0,NORMAL,MISSING,MISSING,ALARM_SRC_0078,AG,2025.0,6.0,0.0,17.0
CRITICAL,PHYSICAL PORT DOWN,2025-06-23 17:43:38,1,2025-06-23 17:43:38,2505274.0,NORMAL,MISSING,MISSING,ALARM_SRC_0107,AG,2025.0,6.0,0.0,17.0
CRITICAL,PHYSICAL PORT DOWN,2025-06-23 17:43:38,1,2025-06-23 17:43:38,2505274.0,NORMAL,MISSING,MISSING,ALARM_SRC_0107,AG,2025.0,6.0,0.0,17.0
CRITICAL,PHYSICAL PORT DOWN,2025-06-23 18:52:27,1,2025-06-23 18:52:27,2505274.0,NORMAL,MISSING,MISSING,ALARM_SRC_0080,AG,2025.0,6.0,0.0,18.0
CRITICAL,PHYSICAL PORT DOWN,2025-06-24 00:09:12,1,2025-06-24 00:09:12,2505274.0,NORMAL,MISSING,MISSING,ALARM_SRC_1172,CA,2025.0,6.0,1.0,0.0
CRITICAL,PHYSICAL PORT DOWN,2025-06-24 00:10:53,1,2025-06-24 00:10:53,2505274.0,NORMAL,MISSING,MISSING,ALARM_SRC_1172,CA,2025.0,6.0,1.0,0.0
CRITICAL,PHYSICAL PORT DOWN,2025-06-24 00:51:17,1,2025-06-24 00:51:17,2505274.0,NORMAL,MISSING,MISSING,ALARM_SRC_1171,CA,2025.0,6.0,1.0,0.0
CRITICAL,PHYSICAL PORT DOWN,2025-06-24 00:51:20,1,2025-06-24 00:51:20,2505274.0,NORMAL,MISSING,MISSING,ALARM_SRC_1171,CA,2025.0,6.0,1.0,0.0
CRITICAL,PHYSICAL PORT DOWN,2025-06-24 00:56:11,1,2025-06-24 00:56:11,2505274.0,NORMAL,MISSING,MISSING,ALARM_SRC_1171,CA,2025.0,6.0,1.0,0.0
CRITICAL,PHYSICAL PORT DOWN,2025-06-24 00:57:51,1,2025-06-24 00:57:51,2505274.0,NORMAL,MISSING,MISSING,ALARM_SRC_1171,CA,2025.0,6.0,1.0,0.0
CRITICAL,PHYSICAL PORT DOWN,2025-06-24 00:57:58,1,2025-06-24 00:57:58,2505274.0,NORMAL,MISSING,MISSING,ALARM_SRC_1171,CA,2025.0,6.0,1.0,0.0
CRITICAL,PHYSICAL PORT DOWN,2025-06-24 00:58:05,1,2025-06-24 00:58:05,2505274.0,NORMAL,MISSING,MISSING,ALARM_SRC_1171,CA,2025.0,6.0,1.0,0.0
CRITICAL,PHYSICAL PORT DOWN,2025-06-24 00:58:19,1,2025-06-24 00:58:19,2505274.0,NORMAL,MISSING,MISSING,ALARM_SRC_1171,CA,2025.0,6.0,1.0,0.0
CRITICAL,PHYSICAL PORT DOWN,2025-06-24 00:58:27,1,2025-06-24 00:58:27,2505274.0,NORMAL,MISSING,MISSING,ALARM_SRC_1171,CA,2025.0,6.0,1.0,0.0
CRITICAL,PHYSICAL PORT DOWN,2025-06-24 00:59:34,1,2025-06-24 00:59:34,2505274.0,NORMAL,MISSING,MISSING,ALARM_SRC_1171,CA,2025.0,6.0,1.0,0.0
CRITICAL,PHYSICAL PORT DOWN,2025-06-24 00:59:43,1,2025-06-24 00:59:43,2505274.0,NORMAL,MISSING,MISSING,ALARM_SRC_1171,CA,2025.0,6.0,1.0,0.0
CRITICAL,PHYSICAL PORT DOWN,2025-06-24 00:59:52,1,2025-06-24 00:59:52,2505274.0,NORMAL,MISSING,MISSING,ALARM_SRC_1171,CA,2025.0,6.0,1.0,0.0
CRITICAL,PHYSICAL PORT DOWN,2025-06-24 00:59:57,1,2025-06-24 00:59:57,2505274.0,NORMAL,MISSING,MISSING,ALARM_SRC_1171,CA,2025.0,6.0,1.0,0.0
CRITICAL,PHYSICAL PORT DOWN,2025-06-24 01:00:04,1,2025-06-24 01:00:04,2505274.0,NORMAL,MISSING,MISSING,ALARM_SRC_1171,CA,2025.0,6.0,1.0,1.0
CRITICAL,PHYSICAL PORT DOWN,2025-06-24 01:00:10,1,2025-06-24 01:00:10,2505274.0,NORMAL,MISSING,MISSING,ALARM_SRC_1171,CA,2025.0,6.0,1.0,1.0
CRITICAL,PHYSICAL PORT DOWN,2025-06-24 01:00:17,1,2025-06-24 01:00:17,2505274.0,NORMAL,MISSING,MISSING,ALARM_SRC_1171,CA,2025.0,6.0,1.0,1.0
CRITICAL,PHYSICAL PORT DOWN,2025-06-24 01:00:22,1,2025-06-24 01:00:22,2505274.0,NORMAL,MISSING,MISSING,ALARM_SRC_1171,CA,2025.0,6.0,1.0,1.0
CRITICAL,PHYSICAL PORT DOWN,2025-06-24 01:00:31,1,2025-06-24 01:00:31,2505274.0,NORMAL,MISSING,MISSING,ALARM_SRC_1171,CA,2025.0,6.0,1.0,1.0
CRITICAL,PHYSICAL PORT DOWN,2025-06-24 01:00:39,1,2025-06-24 01:00:39,2505274.0,NORMAL,MISSING,MISSING,ALARM_SRC_1171,CA,2025.0,6.0,1.0,1.0
CRITICAL,PHYSICAL PORT DOWN,2025-06-24 01:01:50,1,2025-06-24 01:01:50,2505274.0,NORMAL,MISSING,MISSING,ALARM_SRC_1171,CA,2025.0,6.0,1.0,1.0
CRITICAL,PHYSICAL PORT DOWN,2025-06-24 01:01:56,1,2025-06-24 01:01:56,2505274.0,NORMAL,MISSING,MISSING,ALARM_SRC_1171,CA,2025.0,6.0,1.0,1.0
CRITICAL,PHYSICAL PORT DOWN,2025-06-24 01:02:11,1,2025-06-24 01:02:11,2505274.0,NORMAL,MISSING,MISSING,ALARM_SRC_1171,CA,2025.0,6.0,1.0,1.0
CRITICAL,PHYSICAL PORT DOWN,2025-06-24 01:02:22,1,2025-06-24 01:02:22,2505274.0,NORMAL,MISSING,MISSING,ALARM_SRC_1171,CA,2025.0,6.0,1.0,1.0
CRITICAL,PHYSICAL PORT DOWN,2025-06-24 01:56:43,1,2025-06-24 01:56:43,2505274.0,NORMAL,MISSING,MISSING,ALARM_SRC_1172,CA,2025.0,6.0,1.0,1.0
CRITICAL,PHYSICAL PORT DOWN,2025-06-24 01:57:52,1,2025-06-24 01:57:52,2505274.0,NORMAL,MISSING,MISSING,ALARM_SRC_1172,CA,2025.0,6.0,1.0,1.0
CRITICAL,PHYSICAL PORT DOWN,2025-06-24 01:57:56,1,2025-06-24 01:57:56,2505274.0,NORMAL,MISSING,MISSING,ALARM_SRC_1172,CA,2025.0,6.0,1.0,1.0
CRITICAL,PHYSICAL PORT DOWN,2025-06-24 01:58:02,1,2025-06-24 01:58:02,2505274.0,NORMAL,MISSING,MISSING,ALARM_SRC_1172,CA,2025.0,6.0,1.0,1.0
CRITICAL,PHYSICAL PORT DOWN,2025-06-24 01:58:03,1,2025-06-24 01:58:03,2505274.0,NORMAL,MISSING,MISSING,ALARM_SRC_1172,CA,2025.0,6.0,1.0,1.0
CRITICAL,PHYSICAL PORT DOWN,2025-06-24 01:58:10,1,2025-06-24 01:58:10,2505274.0,NORMAL,MISSING,MISSING,ALARM_SRC_1172,CA,2025.0,6.0,1.0,1.0
CRITICAL,PHYSICAL PORT DOWN,2025-06-24 01:58:19,1,2025-06-24 01:58:19,2505274.0,NORMAL,MISSING,MISSING,ALARM_SRC_1172,CA,2025.0,6.0,1.0,1.0
CRITICAL,PHYSICAL PORT DOWN,2025-06-24 01:58:25,1,2025-06-24 01:58:25,2505274.0,NORMAL,MISSING,MISSING,ALARM_SRC_1172,CA,2025.0,6.0,1.0,1.0
CRITICAL,PHYSICAL PORT DOWN,2025-06-24 01:58:32,1,2025-06-24 01:58:32,2505274.0,NORMAL,MISSING,MISSING,ALARM_SRC_1172,CA,2025.0,6.0,1.0,1.0
CRITICAL,PHYSICAL PORT DOWN,2025-06-24 01:58:48,1,2025-06-24 01:58:48,2505274.0,NORMAL,MISSING,MISSING,ALARM_SRC_1172,CA,2025.0,6.0,1.0,1.0
CRITICAL,PHYSICAL PORT DOWN,2025-06-24 01:59:16,1,2025-06-24 01:59:16,2505274.0,NORMAL,MISSING,MISSING,ALARM_SRC_1172,CA,2025.0,6.0,1.0,1.0
CRITICAL,PHYSICAL PORT DOWN,2025-06-24 01:59:21,1,2025-06-24 01:59:21,2505274.0,NORMAL,MISSING,MISSING,ALARM_SRC_1172,CA,2025.0,6.0,1.0,1.0
CRITICAL,PHYSICAL PORT DOWN,2025-06-24 01:59:27,1,2025-06-24 01:59:27,2505274.0,NORMAL,MISSING,MISSING,ALARM_SRC_1172,CA,2025.0,6.0,1.0,1.0
CRITICAL,PHYSICAL PORT DOWN,2025-06-24 01:59:32,1,2025-06-24 01:59:32,2505274.0,NORMAL,MISSING,MISSING,ALARM_SRC_1172,CA,2025.0,6.0,1.0,1.0
CRITICAL,PHYSICAL PORT DOWN,2025-06-24 01:59:38,1,2025-06-24 01:59:38,2505274.0,NORMAL,MISSING,MISSING,ALARM_SRC_1172,CA,2025.0,6.0,1.0,1.0
CRITICAL,PHYSICAL PORT DOWN,2025-06-24 01:59:43,1,2025-06-24 01:59:43,2505274.0,NORMAL,MISSING,MISSING,ALARM_SRC_1172,CA,2025.0,6.0,1.0,1.0
CRITICAL,PHYSICAL PORT DOWN,2025-06-24 01:59:47,1,2025-06-24 01:59:47,2505274.0,NORMAL,MISSING,MISSING,ALARM_SRC_1172,CA,2025.0,6.0,1.0,1.0
CRITICAL,PHYSICAL PORT DOWN,2025-06-24 01:59:52,1,2025-06-24 01:59:52,2505274.0,NORMAL,MISSING,MISSING,ALARM_SRC_1172,CA,2025.0,6.0,1.0,1.0
CRITICAL,PHYSICAL PORT DOWN,2025-06-24 02:00:38,1,2025-06-24 02:00:38,2505274.0,NORMAL,MISSING,MISSING,ALARM_SRC_1172,CA,2025.0,6.0,1.0,2.0
CRITICAL,PHYSICAL PORT DOWN,2025-06-24 02:00:42,1,2025-06-24 02:00:42,2505274.0,NORMAL,MISSING,MISSING,ALARM_SRC_1172,CA,2025.0,6.0,1.0,2.0
CRITICAL,PHYSICAL PORT DOWN,2025-06-24 02:00:50,1,2025-06-24 02:00:50,2505274.0,NORMAL,MISSING,MISSING,ALARM_SRC_1172,CA,2025.0,6.0,1.0,2.0
CRITICAL,PHYSICAL PORT DOWN,2025-06-24 02:01:13,1,2025-06-24 02:01:13,2505274.0,NORMAL,MISSING,MISSING,ALARM_SRC_1172,CA,2025.0,6.0,1.0,2.0
CRITICAL,PHYSICAL PORT DOWN,2025-06-24 08:23:53,1,2025-06-24 08:23:53,2505274.0,NORMAL,MISSING,MISSING,ALARM_SRC_0530,AR,2025.0,6.0,1.0,8.0
CRITICAL,PHYSICAL PORT DOWN,2025-06-24 13:00:34,1,2025-06-24 13:00:34,2505274.0,NORMAL,MISSING,MISSING,ALARM_SRC_0040,AG,2025.0,6.0,1.0,13.0
CRITICAL,PHYSICAL PORT DOWN,2025-06-24 14:32:50,1,2025-06-24 14:32:50,2505274.0,NORMAL,MISSING,MISSING,ALARM_SRC_0106,AG,2025.0,6.0,1.0,14.0
CRITICAL,PHYSICAL PORT DOWN,2025-06-24 14:33:02,1,2025-06-24 14:33:02,2505274.0,NORMAL,MISSING,MISSING,ALARM_SRC_0106,AG,2025.0,6.0,1.0,14.0
CRITICAL,PHYSICAL PORT DOWN,2025-06-25 01:16:37,1,2025-06-25 01:16:37,2505274.0,NORMAL,MISSING,MISSING,ALARM_SRC_1165,CA,2025.0,6.0,2.0,1.0
CRITICAL,PHYSICAL PORT DOWN,2025-06-25 09:54:07,1,2025-06-25 09:54:07,2505274.0,NORMAL,MISSING,MISSING,ALARM_SRC_0027,AG,2025.0,6.0,2.0,9.0
CRITICAL,PHYSICAL PORT DOWN,2025-06-25 09:54:07,1,2025-06-25 09:54:07,2505274.0,NORMAL,MISSING,MISSING,ALARM_SRC_0027,AG,2025.0,6.0,2.0,9.0
CRITICAL,PHYSICAL PORT DOWN,2025-06-25 11:51:34,1,2025-06-25 11:51:34,2505274.0,NORMAL,MISSING,MISSING,ALARM_SRC_0733,AR,2025.0,6.0,2.0,11.0
CRITICAL,PHYSICAL PORT DOWN,2025-06-25 11:52:18,1,2025-06-25 11:52:18,2505274.0,NORMAL,MISSING,MISSING,ALARM_SRC_0733,AR,2025.0,6.0,2.0,11.0
CRITICAL,PHYSICAL PORT DOWN,2025-06-25 15:06:00,1,2025-06-25 15:06:00,2505274.0,NORMAL,MISSING,MISSING,ALARM_SRC_0058,AG,2025.0,6.0,2.0,15.0
CRITICAL,PHYSICAL PORT DOWN,2025-06-25 15:06:07,1,2025-06-25 15:06:07,2505274.0,NORMAL,MISSING,MISSING,ALARM_SRC_0058,AG,2025.0,6.0,2.0,15.0
CRITICAL,PHYSICAL PORT DOWN,2025-06-25 21:52:33,1,2025-06-25 21:52:33,2505274.0,NORMAL,MISSING,ACKNOWLEDGED,ALARM_SRC_0067,AG,2025.0,6.0,2.0,21.0
CRITICAL,PHYSICAL PORT DOWN,2025-06-26 02:25:43,1,2025-06-26 02:25:43,2505274.0,NORMAL,MISSING,MISSING,ALARM_SRC_1171,CA,2025.0,6.0,3.0,2.0
CRITICAL,PHYSICAL PORT DOWN,2025-06-26 02:25:46,1,2025-06-26 02:25:46,2505274.0,NORMAL,MISSING,MISSING,ALARM_SRC_1171,CA,2025.0,6.0,3.0,2.0
CRITICAL,PHYSICAL PORT DOWN,2025-06-26 02:25:50,1,2025-06-26 02:25:50,2505274.0,NORMAL,MISSING,MISSING,ALARM_SRC_1172,CA,2025.0,6.0,3.0,2.0
CRITICAL,PHYSICAL PORT DOWN,2025-06-26 02:25:50,1,2025-06-26 02:25:50,2505274.0,NORMAL,MISSING,MISSING,ALARM_SRC_1171,CA,2025.0,6.0,3.0,2.0
CRITICAL,PHYSICAL PORT DOWN,2025-06-26 02:25:53,1,2025-06-26 02:25:53,2505274.0,NORMAL,MISSING,MISSING,ALARM_SRC_1172,CA,2025.0,6.0,3.0,2.0
CRITICAL,PHYSICAL PORT DOWN,2025-06-26 02:25:53,1,2025-06-26 02:25:53,2505274.0,NORMAL,MISSING,MISSING,ALARM_SRC_1172,CA,2025.0,6.0,3.0,2.0
CRITICAL,PHYSICAL PORT DOWN,2025-06-26 02:25:54,1,2025-06-26 02:25:54,2505274.0,NORMAL,MISSING,MISSING,ALARM_SRC_1171,CA,2025.0,6.0,3.0,2.0
CRITICAL,PHYSICAL PORT DOWN,2025-06-26 02:25:57,1,2025-06-26 02:25:57,2505274.0,NORMAL,MISSING,MISSING,ALARM_SRC_1172,CA,2025.0,6.0,3.0,2.0
CRITICAL,PHYSICAL PORT DOWN,2025-06-26 02:25:57,1,2025-06-26 02:25:57,2505274.0,NORMAL,MISSING,MISSING,ALARM_SRC_1171,CA,2025.0,6.0,3.0,2.0
CRITICAL,PHYSICAL PORT DOWN,2025-06-26 02:26:01,1,2025-06-26 02:26:01,2505274.0,NORMAL,MISSING,MISSING,ALARM_SRC_1172,CA,2025.0,6.0,3.0,2.0
CRITICAL,PHYSICAL PORT DOWN,2025-06-26 02:26:01,1,2025-06-26 02:26:01,2505274.0,NORMAL,MISSING,MISSING,ALARM_SRC_1171,CA,2025.0,6.0,3.0,2.0
CRITICAL,PHYSICAL PORT DOWN,2025-06-26 02:26:04,1,2025-06-26 02:26:04,2505274.0,NORMAL,MISSING,MISSING,ALARM_SRC_1171,CA,2025.0,6.0,3.0,2.0
CRITICAL,PHYSICAL PORT DOWN,2025-06-26 02:26:05,1,2025-06-26 02:26:05,2505274.0,NORMAL,MISSING,MISSING,ALARM_SRC_1172,CA,2025.0,6.0,3.0,2.0
CRITICAL,PHYSICAL PORT DOWN,2025-06-26 02:26:08,1,2025-06-26 02:26:08,2505274.0,NORMAL,MISSING,MISSING,ALARM_SRC_1172,CA,2025.0,6.0,3.0,2.0
CRITICAL,PHYSICAL PORT DOWN,2025-06-26 02:26:08,1,2025-06-26 02:26:08,2505274.0,NORMAL,MISSING,MISSING,ALARM_SRC_1172,CA,2025.0,6.0,3.0,2.0
CRITICAL,PHYSICAL PORT DOWN,2025-06-26 02:26:08,1,2025-06-26 02:26:08,2505274.0,NORMAL,MISSING,MISSING,ALARM_SRC_1171,CA,2025.0,6.0,3.0,2.0
CRITICAL,PHYSICAL PORT DOWN,2025-06-26 02:26:11,1,2025-06-26 02:26:11,2505274.0,NORMAL,MISSING,MISSING,ALARM_SRC_1172,CA,2025.0,6.0,3.0,2.0
CRITICAL,PHYSICAL PORT DOWN,2025-06-26 02:26:12,1,2025-06-26 02:26:12,2505274.0,NORMAL,MISSING,MISSING,ALARM_SRC_1172,CA,2025.0,6.0,3.0,2.0
CRITICAL,PHYSICAL PORT DOWN,2025-06-26 02:26:12,1,2025-06-26 02:26:12,2505274.0,NORMAL,MISSING,MISSING,ALARM_SRC_1171,CA,2025.0,6.0,3.0,2.0
CRITICAL,PHYSICAL PORT DOWN,2025-06-26 02:26:15,1,2025-06-26 02:26:15,2505274.0,NORMAL,MISSING,MISSING,ALARM_SRC_1172,CA,2025.0,6.0,3.0,2.0
CRITICAL,PHYSICAL PORT DOWN,2025-06-26 02:26:15,1,2025-06-26 02:26:15,2505274.0,NORMAL,MISSING,MISSING,ALARM_SRC_1171,CA,2025.0,6.0,3.0,2.0
CRITICAL,PHYSICAL PORT DOWN,2025-06-26 02:26:19,1,2025-06-26 02:26:19,2505274.0,NORMAL,MISSING,MISSING,ALARM_SRC_1172,CA,2025.0,6.0,3.0,2.0
CRITICAL,PHYSICAL PORT DOWN,2025-06-26 02:26:19,1,2025-06-26 02:26:19,2505274.0,NORMAL,MISSING,MISSING,ALARM_SRC_1171,CA,2025.0,6.0,3.0,2.0
CRITICAL,PHYSICAL PORT DOWN,2025-06-26 02:26:23,1,2025-06-26 02:26:23,2505274.0,NORMAL,MISSING,MISSING,ALARM_SRC_1172,CA,2025.0,6.0,3.0,2.0
CRITICAL,PHYSICAL PORT DOWN,2025-06-26 02:26:27,1,2025-06-26 02:26:27,2505274.0,NORMAL,MISSING,MISSING,ALARM_SRC_1172,CA,2025.0,6.0,3.0,2.0
CRITICAL,PHYSICAL PORT DOWN,2025-06-26 02:26:30,1,2025-06-26 02:26:30,2505274.0,NORMAL,MISSING,MISSING,ALARM_SRC_1172,CA,2025.0,6.0,3.0,2.0
CRITICAL,PHYSICAL PORT DOWN,2025-06-26 02:26:34,1,2025-06-26 02:26:34,2505274.0,NORMAL,MISSING,MISSING,ALARM_SRC_1172,CA,2025.0,6.0,3.0,2.0
CRITICAL,PHYSICAL PORT DOWN,2025-06-26 02:26:38,1,2025-06-26 02:26:38,2505274.0,NORMAL,MISSING,MISSING,ALARM_SRC_1172,CA,2025.0,6.0,3.0,2.0
CRITICAL,PHYSICAL PORT DOWN,2025-06-26 02:26:41,1,2025-06-26 02:26:41,2505274.0,NORMAL,MISSING,MISSING,ALARM_SRC_1172,CA,2025.0,6.0,3.0,2.0
CRITICAL,PHYSICAL PORT DOWN,2025-06-26 02:26:53,1,2025-06-26 02:26:53,2505274.0,NORMAL,MISSING,MISSING,ALARM_SRC_1172,CA,2025.0,6.0,3.0,2.0
CRITICAL,PHYSICAL PORT DOWN,2025-06-26 23:45:39,1,2025-06-26 23:45:39,2505274.0,NORMAL,MISSING,MISSING,ALARM_SRC_0082,AG,2025.0,6.0,3.0,23.0
CRITICAL,PHYSICAL PORT DOWN,2025-06-27 00:14:51,1,2025-06-27 00:14:51,2505274.0,NORMAL,MISSING,MISSING,ALARM_SRC_0082,AG,2025.0,6.0,4.0,0.0
CRITICAL,PHYSICAL PORT DOWN,2025-06-27 01:14:37,1,2025-06-27 01:14:37,2505274.0,NORMAL,MISSING,MISSING,ALARM_SRC_0082,AG,2025.0,6.0,4.0,1.0
CRITICAL,PHYSICAL PORT DOWN,2025-06-27 10:49:59,1,2025-06-27 10:49:59,2505274.0,NORMAL,MISSING,MISSING,ALARM_SRC_0077,AG,2025.0,6.0,4.0,10.0
CRITICAL,PHYSICAL PORT DOWN,2025-06-27 12:01:30,1,2025-06-27 12:01:30,2505274.0,NORMAL,MISSING,MISSING,ALARM_SRC_0077,AG,2025.0,6.0,4.0,12.0
CRITICAL,PHYSICAL PORT DOWN,2025-06-27 17:03:37,1,2025-06-27 17:03:37,2505274.0,NORMAL,MISSING,MISSING,ALARM_SRC_0120,AG,2025.0,6.0,4.0,17.0
CRITICAL,PHYSICAL PORT DOWN,2025-06-27 18:32:26,1,2025-06-27 18:32:26,2505274.0,NORMAL,MISSING,MISSING,ALARM_SRC_0034,AG,2025.0,6.0,4.0,18.0
CRITICAL,PHYSICAL PORT DOWN,2025-06-27 21:11:52,1,2025-06-27 21:11:52,2505274.0,NORMAL,MISSING,MISSING,ALARM_SRC_0118,AG,2025.0,6.0,4.0,21.0
CRITICAL,PHYSICAL PORT DOWN,2025-06-28 11:34:31,1,2025-06-28 11:34:31,2505274.0,NORMAL,MISSING,MISSING,ALARM_SRC_0043,AG,2025.0,6.0,5.0,11.0
CRITICAL,BOARD INVALID,2025-06-30 00:04:27,1,2025-06-30 00:04:27,2505210.0,NORMAL,MISSING,MISSING,ALARM_SRC_1172,CA,2025.0,6.0,0.0,0.0
CRITICAL,BOARD INVALID,2025-06-30 00:04:29,1,2025-06-30 00:04:29,2505210.0,NORMAL,MISSING,MISSING,ALARM_SRC_1171,CA,2025.0,6.0,0.0,0.0
CRITICAL,BOARD INVALID,2025-06-30 00:04:34,1,2025-06-30 00:04:34,2505210.0,NORMAL,MISSING,MISSING,ALARM_SRC_1172,CA,2025.0,6.0,0.0,0.0
CRITICAL,BOARD INVALID,2025-06-30 00:04:36,1,2025-06-30 00:04:36,2505210.0,NORMAL,MISSING,MISSING,ALARM_SRC_1171,CA,2025.0,6.0,0.0,0.0
CRITICAL,BOARD INVALID,2025-06-30 00:04:40,1,2025-06-30 00:04:40,2505210.0,NORMAL,MISSING,MISSING,ALARM_SRC_1172,CA,2025.0,6.0,0.0,0.0
CRITICAL,BOARD INVALID,2025-06-30 00:04:42,1,2025-06-30 00:04:42,2505210.0,NORMAL,MISSING,MISSING,ALARM_SRC_1171,CA,2025.0,6.0,0.0,0.0
CRITICAL,BOARD INVALID,2025-06-30 00:04:47,1,2025-06-30 00:04:47,2505210.0,NORMAL,MISSING,MISSING,ALARM_SRC_1172,CA,2025.0,6.0,0.0,0.0
CRITICAL,BOARD INVALID,2025-06-30 00:04:48,1,2025-06-30 00:04:48,2505210.0,NORMAL,MISSING,MISSING,ALARM_SRC_1171,CA,2025.0,6.0,0.0,0.0
CRITICAL,BOARD INVALID,2025-06-30 00:04:53,1,2025-06-30 00:04:53,2505210.0,NORMAL,MISSING,MISSING,ALARM_SRC_1172,CA,2025.0,6.0,0.0,0.0
CRITICAL,BOARD INVALID,2025-06-30 00:04:54,1,2025-06-30 00:04:54,2505210.0,NORMAL,MISSING,MISSING,ALARM_SRC_1171,CA,2025.0,6.0,0.0,0.0
CRITICAL,PHYSICAL PORT DOWN,2025-06-30 11:11:51,1,2025-06-30 11:11:51,2505274.0,NORMAL,MISSING,MISSING,ALARM_SRC_0362,AR,2025.0,6.0,0.0,11.0
CRITICAL,PHYSICAL PORT DOWN,2025-06-30 22:33:44,1,2025-06-30 22:33:44,2505274.0,NORMAL,MISSING,MISSING,ALARM_SRC_0082,AG,2025.0,6.0,0.0,22.0
CRITICAL,PHYSICAL PORT DOWN,2025-07-01 00:03:32,1,2025-07-01 00:03:32,2505274.0,NORMAL,MISSING,MISSING,ALARM_SRC_1171,CA,2025.0,7.0,1.0,0.0
CRITICAL,PHYSICAL PORT DOWN,2025-07-01 00:03:36,1,2025-07-01 00:03:36,2505274.0,NORMAL,MISSING,MISSING,ALARM_SRC_1171,CA,2025.0,7.0,1.0,0.0
CRITICAL,PHYSICAL PORT DOWN,2025-07-01 00:03:39,1,2025-07-01 00:03:39,2505274.0,NORMAL,MISSING,MISSING,ALARM_SRC_1171,CA,2025.0,7.0,1.0,0.0
CRITICAL,PHYSICAL PORT DOWN,2025-07-01 00:03:43,1,2025-07-01 00:03:43,2505274.0,NORMAL,MISSING,MISSING,ALARM_SRC_1171,CA,2025.0,7.0,1.0,0.0
CRITICAL,PHYSICAL PORT DOWN,2025-07-01 00:03:46,1,2025-07-01 00:03:46,2505274.0,NORMAL,MISSING,MISSING,ALARM_SRC_1171,CA,2025.0,7.0,1.0,0.0
CRITICAL,PHYSICAL PORT DOWN,2025-07-01 00:03:51,1,2025-07-01 00:03:51,2505274.0,NORMAL,MISSING,MISSING,ALARM_SRC_1171,CA,2025.0,7.0,1.0,0.0
CRITICAL,PHYSICAL PORT DOWN,2025-07-01 00:03:55,1,2025-07-01 00:03:55,2505274.0,NORMAL,MISSING,MISSING,ALARM_SRC_1171,CA,2025.0,7.0,1.0,0.0
CRITICAL,PHYSICAL PORT DOWN,2025-07-01 00:03:58,1,2025-07-01 00:03:58,2505274.0,NORMAL,MISSING,MISSING,ALARM_SRC_1171,CA,2025.0,7.0,1.0,0.0
CRITICAL,PHYSICAL PORT DOWN,2025-07-01 00:04:02,1,2025-07-01 00:04:02,2505274.0,NORMAL,MISSING,MISSING,ALARM_SRC_1171,CA,2025.0,7.0,1.0,0.0
CRITICAL,PHYSICAL PORT DOWN,2025-07-01 00:04:07,1,2025-07-01 00:04:07,2505274.0,NORMAL,MISSING,MISSING,ALARM_SRC_1171,CA,2025.0,7.0,1.0,0.0
CRITICAL,PHYSICAL PORT DOWN,2025-07-01 00:04:10,1,2025-07-01 00:04:10,2505274.0,NORMAL,MISSING,MISSING,ALARM_SRC_1171,CA,2025.0,7.0,1.0,0.0
CRITICAL,PHYSICAL PORT DOWN,2025-07-01 00:04:14,1,2025-07-01 00:04:14,2505274.0,NORMAL,MISSING,MISSING,ALARM_SRC_1171,CA,2025.0,7.0,1.0,0.0
CRITICAL,PHYSICAL PORT DOWN,2025-07-01 00:04:17,1,2025-07-01 00:04:17,2505274.0,NORMAL,MISSING,MISSING,ALARM_SRC_1171,CA,2025.0,7.0,1.0,0.0
CRITICAL,PHYSICAL PORT DOWN,2025-07-01 00:04:21,1,2025-07-01 00:04:21,2505274.0,NORMAL,MISSING,MISSING,ALARM_SRC_1171,CA,2025.0,7.0,1.0,0.0
CRITICAL,PHYSICAL PORT DOWN,2025-07-01 00:04:25,1,2025-07-01 00:04:25,2505274.0,NORMAL,MISSING,MISSING,ALARM_SRC_1171,CA,2025.0,7.0,1.0,0.0
CRITICAL,PHYSICAL PORT DOWN,2025-07-01 00:04:28,1,2025-07-01 00:04:28,2505274.0,NORMAL,MISSING,MISSING,ALARM_SRC_1171,CA,2025.0,7.0,1.0,0.0
CRITICAL,PHYSICAL PORT DOWN,2025-07-01 00:04:32,1,2025-07-01 00:04:32,2505274.0,NORMAL,MISSING,MISSING,ALARM_SRC_1171,CA,2025.0,7.0,1.0,0.0
CRITICAL,PHYSICAL PORT DOWN,2025-07-01 00:04:36,1,2025-07-01 00:04:36,2505274.0,NORMAL,MISSING,MISSING,ALARM_SRC_1171,CA,2025.0,7.0,1.0,0.0
CRITICAL,PHYSICAL PORT DOWN,2025-07-01 00:04:40,1,2025-07-01 00:04:40,2505274.0,NORMAL,MISSING,MISSING,ALARM_SRC_1171,CA,2025.0,7.0,1.0,0.0
CRITICAL,PHYSICAL PORT DOWN,2025-07-01 00:04:43,1,2025-07-01 00:04:43,2505274.0,NORMAL,MISSING,MISSING,ALARM_SRC_1171,CA,2025.0,7.0,1.0,0.0
CRITICAL,PHYSICAL PORT DOWN,2025-07-01 00:04:47,1,2025-07-01 00:04:47,2505274.0,NORMAL,MISSING,MISSING,ALARM_SRC_1171,CA,2025.0,7.0,1.0,0.0
CRITICAL,PHYSICAL PORT DOWN,2025-07-01 00:04:50,1,2025-07-01 00:04:50,2505274.0,NORMAL,MISSING,MISSING,ALARM_SRC_1171,CA,2025.0,7.0,1.0,0.0
CRITICAL,PHYSICAL PORT DOWN,2025-07-01 00:18:17,1,2025-07-01 00:18:17,2505274.0,NORMAL,MISSING,MISSING,ALARM_SRC_1172,CA,2025.0,7.0,1.0,0.0
CRITICAL,PHYSICAL PORT DOWN,2025-07-01 00:19:00,1,2025-07-01 00:19:00,2505274.0,NORMAL,MISSING,MISSING,ALARM_SRC_1172,CA,2025.0,7.0,1.0,0.0
CRITICAL,PHYSICAL PORT DOWN,2025-07-01 00:19:34,1,2025-07-01 00:19:34,2505274.0,NORMAL,MISSING,MISSING,ALARM_SRC_1172,CA,2025.0,7.0,1.0,0.0
CRITICAL,PHYSICAL PORT DOWN,2025-07-01 00:20:09,1,2025-07-01 00:20:09,2505274.0,NORMAL,MISSING,MISSING,ALARM_SRC_1172,CA,2025.0,7.0,1.0,0.0
CRITICAL,PHYSICAL PORT DOWN,2025-07-01 00:20:56,1,2025-07-01 00:20:56,2505274.0,NORMAL,MISSING,MISSING,ALARM_SRC_1172,CA,2025.0,7.0,1.0,0.0
CRITICAL,PHYSICAL PORT DOWN,2025-07-01 00:21:25,1,2025-07-01 00:21:25,2505274.0,NORMAL,MISSING,MISSING,ALARM_SRC_1172,CA,2025.0,7.0,1.0,0.0
CRITICAL,PHYSICAL PORT DOWN,2025-07-01 00:21:55,1,2025-07-01 00:21:55,2505274.0,NORMAL,MISSING,MISSING,ALARM_SRC_1172,CA,2025.0,7.0,1.0,0.0
CRITICAL,PHYSICAL PORT DOWN,2025-07-01 00:47:38,1,2025-07-01 00:47:38,2505274.0,NORMAL,MISSING,MISSING,ALARM_SRC_1172,CA,2025.0,7.0,1.0,0.0
CRITICAL,PHYSICAL PORT DOWN,2025-07-01 00:47:41,1,2025-07-01 00:47:41,2505274.0,NORMAL,MISSING,MISSING,ALARM_SRC_1172,CA,2025.0,7.0,1.0,0.0
CRITICAL,PHYSICAL PORT DOWN,2025-07-01 00:48:15,1,2025-07-01 00:48:15,2505274.0,NORMAL,MISSING,MISSING,ALARM_SRC_1172,CA,2025.0,7.0,1.0,0.0
CRITICAL,PHYSICAL PORT DOWN,2025-07-01 00:48:37,1,2025-07-01 00:48:37,2505274.0,NORMAL,MISSING,MISSING,ALARM_SRC_1172,CA,2025.0,7.0,1.0,0.0
CRITICAL,PHYSICAL PORT DOWN,2025-07-01 00:48:57,1,2025-07-01 00:48:57,2505274.0,NORMAL,MISSING,MISSING,ALARM_SRC_1172,CA,2025.0,7.0,1.0,0.0
CRITICAL,PHYSICAL PORT DOWN,2025-07-01 00:49:30,1,2025-07-01 00:49:30,2505274.0,NORMAL,MISSING,MISSING,ALARM_SRC_1172,CA,2025.0,7.0,1.0,0.0
CRITICAL,PHYSICAL PORT DOWN,2025-07-01 00:50:17,1,2025-07-01 00:50:17,2505274.0,NORMAL,MISSING,MISSING,ALARM_SRC_1172,CA,2025.0,7.0,1.0,0.0
CRITICAL,PHYSICAL PORT DOWN,2025-07-01 00:50:51,1,2025-07-01 00:50:51,2505274.0,NORMAL,MISSING,MISSING,ALARM_SRC_1172,CA,2025.0,7.0,1.0,0.0
CRITICAL,PHYSICAL PORT DOWN,2025-07-01 00:52:19,1,2025-07-01 00:52:19,2505274.0,NORMAL,MISSING,MISSING,ALARM_SRC_1172,CA,2025.0,7.0,1.0,0.0
CRITICAL,PHYSICAL PORT DOWN,2025-07-01 01:08:44,1,2025-07-01 01:08:44,2505274.0,NORMAL,MISSING,MISSING,ALARM_SRC_1172,CA,2025.0,7.0,1.0,1.0
CRITICAL,PHYSICAL PORT DOWN,2025-07-01 01:08:48,1,2025-07-01 01:08:48,2505274.0,NORMAL,MISSING,MISSING,ALARM_SRC_1172,CA,2025.0,7.0,1.0,1.0
CRITICAL,PHYSICAL PORT DOWN,2025-07-01 01:08:51,1,2025-07-01 01:08:51,2505274.0,NORMAL,MISSING,MISSING,ALARM_SRC_1172,CA,2025.0,7.0,1.0,1.0
CRITICAL,PHYSICAL PORT DOWN,2025-07-01 01:08:55,1,2025-07-01 01:08:55,2505274.0,NORMAL,MISSING,MISSING,ALARM_SRC_1172,CA,2025.0,7.0,1.0,1.0
CRITICAL,PHYSICAL PORT DOWN,2025-07-01 01:09:05,1,2025-07-01 01:09:05,2505274.0,NORMAL,MISSING,MISSING,ALARM_SRC_1172,CA,2025.0,7.0,1.0,1.0
CRITICAL,PHYSICAL PORT DOWN,2025-07-01 01:09:09,1,2025-07-01 01:09:09,2505274.0,NORMAL,MISSING,MISSING,ALARM_SRC_1172,CA,2025.0,7.0,1.0,1.0
CRITICAL,PHYSICAL PORT DOWN,2025-07-01 01:44:48,1,2025-07-01 01:44:48,3074752.0,NORMAL,MISSING,MISSING,ALARM_SRC_1191,IPBN,2025.0,7.0,1.0,1.0
CRITICAL,PHYSICAL PORT DOWN,2025-07-01 01:44:48,1,2025-07-01 01:44:48,3074752.0,NORMAL,MISSING,MISSING,ALARM_SRC_1191,IPBN,2025.0,7.0,1.0,1.0
CRITICAL,PHYSICAL PORT DOWN,2025-07-01 01:45:04,1,2025-07-01 01:45:04,3074752.0,NORMAL,MISSING,MISSING,ALARM_SRC_1191,IPBN,2025.0,7.0,1.0,1.0
CRITICAL,PHYSICAL PORT DOWN,2025-07-01 11:41:50,1,2025-07-01 11:41:50,2505274.0,NORMAL,MISSING,MISSING,ALARM_SRC_0078,AG,2025.0,7.0,1.0,11.0
CRITICAL,PHYSICAL PORT DOWN,2025-07-01 12:32:39,1,2025-07-01 12:32:39,2505274.0,NORMAL,MISSING,MISSING,ALARM_SRC_0107,AG,2025.0,7.0,1.0,12.0
CRITICAL,PHYSICAL PORT DOWN,2025-07-01 12:32:39,1,2025-07-01 12:32:39,2505274.0,NORMAL,MISSING,MISSING,ALARM_SRC_0107,AG,2025.0,7.0,1.0,12.0
CRITICAL,PHYSICAL PORT DOWN,2025-07-02 11:13:38,1,2025-07-02 11:13:38,2505274.0,NORMAL,MISSING,MISSING,ALARM_SRC_0120,AG,2025.0,7.0,2.0,11.0
CRITICAL,PHYSICAL PORT DOWN,2025-07-02 11:13:38,1,2025-07-02 11:13:38,2505274.0,NORMAL,MISSING,MISSING,ALARM_SRC_0120,AG,2025.0,7.0,2.0,11.0
CRITICAL,PHYSICAL PORT DOWN,2025-07-02 13:23:42,1,2025-07-02 13:23:42,2505274.0,NORMAL,MISSING,MISSING,ALARM_SRC_0065,AG,2025.0,7.0,2.0,13.0
CRITICAL,PHYSICAL PORT DOWN,2025-07-02 13:23:49,1,2025-07-02 13:23:49,2505274.0,NORMAL,MISSING,MISSING,ALARM_SRC_0065,AG,2025.0,7.0,2.0,13.0
CRITICAL,PHYSICAL PORT DOWN,2025-07-02 13:23:57,1,2025-07-02 13:23:57,2505274.0,NORMAL,MISSING,MISSING,ALARM_SRC_0065,AG,2025.0,7.0,2.0,13.0
CRITICAL,PHYSICAL PORT DOWN,2025-07-02 13:24:05,1,2025-07-02 13:24:05,2505274.0,NORMAL,MISSING,MISSING,ALARM_SRC_0065,AG,2025.0,7.0,2.0,13.0
CRITICAL,PHYSICAL PORT DOWN,2025-07-02 15:34:35,1,2025-07-02 15:34:35,2505274.0,NORMAL,MISSING,MISSING,ALARM_SRC_0066,AG,2025.0,7.0,2.0,15.0
CRITICAL,PHYSICAL PORT DOWN,2025-07-02 15:34:42,1,2025-07-02 15:34:42,2505274.0,NORMAL,MISSING,MISSING,ALARM_SRC_0066,AG,2025.0,7.0,2.0,15.0
CRITICAL,PHYSICAL PORT DOWN,2025-07-02 15:34:50,1,2025-07-02 15:34:50,2505274.0,NORMAL,MISSING,MISSING,ALARM_SRC_0066,AG,2025.0,7.0,2.0,15.0
CRITICAL,PHYSICAL PORT DOWN,2025-07-02 15:34:58,1,2025-07-02 15:34:58,2505274.0,NORMAL,MISSING,MISSING,ALARM_SRC_0066,AG,2025.0,7.0,2.0,15.0
CRITICAL,PHYSICAL PORT DOWN,2025-07-02 17:23:19,1,2025-07-02 17:23:19,2505274.0,NORMAL,MISSING,MISSING,ALARM_SRC_0106,AG,2025.0,7.0,2.0,17.0
CRITICAL,PHYSICAL PORT DOWN,2025-07-02 17:23:34,1,2025-07-02 17:23:34,2505274.0,NORMAL,MISSING,MISSING,ALARM_SRC_0106,AG,2025.0,7.0,2.0,17.0
CRITICAL,PHYSICAL PORT DOWN,2025-07-02 17:27:01,1,2025-07-02 17:27:01,2505274.0,NORMAL,MISSING,MISSING,ALARM_SRC_0667,AR,2025.0,7.0,2.0,17.0
CRITICAL,PHYSICAL PORT DOWN,2025-07-02 21:23:16,1,2025-07-02 21:23:16,2505274.0,NORMAL,MISSING,MISSING,ALARM_SRC_0119,AG,2025.0,7.0,2.0,21.0
CRITICAL,PHYSICAL PORT DOWN,2025-07-02 21:23:19,1,2025-07-02 21:23:19,2505274.0,NORMAL,MISSING,MISSING,ALARM_SRC_0119,AG,2025.0,7.0,2.0,21.0
CRITICAL,PHYSICAL PORT DOWN,2025-07-07 08:00:15,1,2025-07-07 08:00:15,2505274.0,NORMAL,MISSING,MISSING,ALARM_SRC_0320,AR,2025.0,7.0,0.0,8.0
CRITICAL,PHYSICAL PORT DOWN,2025-07-07 11:14:13,1,2025-07-07 11:14:13,2505274.0,NORMAL,MISSING,MISSING,ALARM_SRC_0058,AG,2025.0,7.0,0.0,11.0
CRITICAL,PHYSICAL PORT DOWN,2025-07-07 11:14:13,1,2025-07-07 11:14:13,2505274.0,NORMAL,MISSING,MISSING,ALARM_SRC_0058,AG,2025.0,7.0,0.0,11.0
CRITICAL,PHYSICAL PORT DOWN,2025-07-07 18:43:52,1,2025-07-07 18:43:52,2505274.0,NORMAL,MISSING,MISSING,ALARM_SRC_0026,AG,2025.0,7.0,0.0,18.0
CRITICAL,PHYSICAL PORT DOWN,2025-07-07 18:44:07,1,2025-07-07 18:44:07,2505274.0,NORMAL,MISSING,MISSING,ALARM_SRC_0026,AG,2025.0,7.0,0.0,18.0
CRITICAL,PHYSICAL PORT DOWN,2025-07-08 00:02:18,1,2025-07-08 00:02:18,2505274.0,NORMAL,MISSING,MISSING,ALARM_SRC_1171,CA,2025.0,7.0,1.0,0.0
CRITICAL,PHYSICAL PORT DOWN,2025-07-08 00:02:21,1,2025-07-08 00:02:21,2505274.0,NORMAL,MISSING,MISSING,ALARM_SRC_1171,CA,2025.0,7.0,1.0,0.0
CRITICAL,PHYSICAL PORT DOWN,2025-07-08 00:02:25,1,2025-07-08 00:02:25,2505274.0,NORMAL,MISSING,MISSING,ALARM_SRC_1171,CA,2025.0,7.0,1.0,0.0
CRITICAL,PHYSICAL PORT DOWN,2025-07-08 00:02:28,1,2025-07-08 00:02:28,2505274.0,NORMAL,MISSING,MISSING,ALARM_SRC_1171,CA,2025.0,7.0,1.0,0.0
CRITICAL,PHYSICAL PORT DOWN,2025-07-08 00:02:32,1,2025-07-08 00:02:32,2505274.0,NORMAL,MISSING,MISSING,ALARM_SRC_1171,CA,2025.0,7.0,1.0,0.0
CRITICAL,PHYSICAL PORT DOWN,2025-07-08 00:02:37,1,2025-07-08 00:02:37,2505274.0,NORMAL,MISSING,MISSING,ALARM_SRC_1171,CA,2025.0,7.0,1.0,0.0
CRITICAL,PHYSICAL PORT DOWN,2025-07-08 00:02:41,1,2025-07-08 00:02:41,2505274.0,NORMAL,MISSING,MISSING,ALARM_SRC_1171,CA,2025.0,7.0,1.0,0.0
CRITICAL,PHYSICAL PORT DOWN,2025-07-08 00:02:44,1,2025-07-08 00:02:44,2505274.0,NORMAL,MISSING,MISSING,ALARM_SRC_1171,CA,2025.0,7.0,1.0,0.0
CRITICAL,PHYSICAL PORT DOWN,2025-07-08 00:02:48,1,2025-07-08 00:02:48,2505274.0,NORMAL,MISSING,MISSING,ALARM_SRC_1171,CA,2025.0,7.0,1.0,0.0
CRITICAL,PHYSICAL PORT DOWN,2025-07-08 00:02:51,1,2025-07-08 00:02:51,2505274.0,NORMAL,MISSING,MISSING,ALARM_SRC_1171,CA,2025.0,7.0,1.0,0.0
CRITICAL,PHYSICAL PORT DOWN,2025-07-08 00:02:55,1,2025-07-08 00:02:55,2505274.0,NORMAL,MISSING,MISSING,ALARM_SRC_1171,CA,2025.0,7.0,1.0,0.0
CRITICAL,PHYSICAL PORT DOWN,2025-07-08 00:02:58,1,2025-07-08 00:02:58,2505274.0,NORMAL,MISSING,MISSING,ALARM_SRC_1171,CA,2025.0,7.0,1.0,0.0
CRITICAL,PHYSICAL PORT DOWN,2025-07-08 00:03:01,1,2025-07-08 00:03:01,2505274.0,NORMAL,MISSING,MISSING,ALARM_SRC_1171,CA,2025.0,7.0,1.0,0.0
CRITICAL,PHYSICAL PORT DOWN,2025-07-08 00:03:05,1,2025-07-08 00:03:05,2505274.0,NORMAL,MISSING,MISSING,ALARM_SRC_1171,CA,2025.0,7.0,1.0,0.0
CRITICAL,PHYSICAL PORT DOWN,2025-07-08 00:03:08,1,2025-07-08 00:03:08,2505274.0,NORMAL,MISSING,MISSING,ALARM_SRC_1171,CA,2025.0,7.0,1.0,0.0
CRITICAL,PHYSICAL PORT DOWN,2025-07-08 00:03:12,1,2025-07-08 00:03:12,2505274.0,NORMAL,MISSING,MISSING,ALARM_SRC_1171,CA,2025.0,7.0,1.0,0.0
CRITICAL,PHYSICAL PORT DOWN,2025-07-08 00:03:15,1,2025-07-08 00:03:15,2505274.0,NORMAL,MISSING,MISSING,ALARM_SRC_1171,CA,2025.0,7.0,1.0,0.0
CRITICAL,PHYSICAL PORT DOWN,2025-07-08 00:03:19,1,2025-07-08 00:03:19,2505274.0,NORMAL,MISSING,MISSING,ALARM_SRC_1171,CA,2025.0,7.0,1.0,0.0
CRITICAL,PHYSICAL PORT DOWN,2025-07-08 00:03:22,1,2025-07-08 00:03:22,2505274.0,NORMAL,MISSING,MISSING,ALARM_SRC_1171,CA,2025.0,7.0,1.0,0.0
CRITICAL,PHYSICAL PORT DOWN,2025-07-08 00:03:26,1,2025-07-08 00:03:26,2505274.0,NORMAL,MISSING,MISSING,ALARM_SRC_1171,CA,2025.0,7.0,1.0,0.0
CRITICAL,PHYSICAL PORT DOWN,2025-07-08 00:03:29,1,2025-07-08 00:03:29,2505274.0,NORMAL,MISSING,MISSING,ALARM_SRC_1171,CA,2025.0,7.0,1.0,0.0
CRITICAL,PHYSICAL PORT DOWN,2025-07-08 00:03:32,1,2025-07-08 00:03:32,2505274.0,NORMAL,MISSING,MISSING,ALARM_SRC_1171,CA,2025.0,7.0,1.0,0.0
CRITICAL,PHYSICAL PORT DOWN,2025-07-08 00:34:57,1,2025-07-08 00:34:57,2505274.0,NORMAL,MISSING,MISSING,ALARM_SRC_1172,CA,2025.0,7.0,1.0,0.0
CRITICAL,PHYSICAL PORT DOWN,2025-07-08 00:35:01,1,2025-07-08 00:35:01,2505274.0,NORMAL,MISSING,MISSING,ALARM_SRC_1172,CA,2025.0,7.0,1.0,0.0
CRITICAL,PHYSICAL PORT DOWN,2025-07-08 00:35:04,1,2025-07-08 00:35:04,2505274.0,NORMAL,MISSING,MISSING,ALARM_SRC_1172,CA,2025.0,7.0,1.0,0.0
CRITICAL,PHYSICAL PORT DOWN,2025-07-08 00:35:08,1,2025-07-08 00:35:08,2505274.0,NORMAL,MISSING,MISSING,ALARM_SRC_1172,CA,2025.0,7.0,1.0,0.0
CRITICAL,PHYSICAL PORT DOWN,2025-07-08 00:35:11,1,2025-07-08 00:35:11,2505274.0,NORMAL,MISSING,MISSING,ALARM_SRC_1172,CA,2025.0,7.0,1.0,0.0
CRITICAL,PHYSICAL PORT DOWN,2025-07-08 00:35:14,1,2025-07-08 00:35:14,2505274.0,NORMAL,MISSING,MISSING,ALARM_SRC_1172,CA,2025.0,7.0,1.0,0.0
CRITICAL,PHYSICAL PORT DOWN,2025-07-08 00:35:18,1,2025-07-08 00:35:18,2505274.0,NORMAL,MISSING,MISSING,ALARM_SRC_1172,CA,2025.0,7.0,1.0,0.0
CRITICAL,PHYSICAL PORT DOWN,2025-07-08 00:35:21,1,2025-07-08 00:35:21,2505274.0,NORMAL,MISSING,MISSING,ALARM_SRC_1172,CA,2025.0,7.0,1.0,0.0
CRITICAL,PHYSICAL PORT DOWN,2025-07-08 00:35:25,1,2025-07-08 00:35:25,2505274.0,NORMAL,MISSING,MISSING,ALARM_SRC_1172,CA,2025.0,7.0,1.0,0.0
CRITICAL,PHYSICAL PORT DOWN,2025-07-08 00:35:28,1,2025-07-08 00:35:28,2505274.0,NORMAL,MISSING,MISSING,ALARM_SRC_1172,CA,2025.0,7.0,1.0,0.0
CRITICAL,PHYSICAL PORT DOWN,2025-07-08 00:35:31,1,2025-07-08 00:35:31,2505274.0,NORMAL,MISSING,MISSING,ALARM_SRC_1172,CA,2025.0,7.0,1.0,0.0
CRITICAL,PHYSICAL PORT DOWN,2025-07-08 00:35:35,1,2025-07-08 00:35:35,2505274.0,NORMAL,MISSING,MISSING,ALARM_SRC_1172,CA,2025.0,7.0,1.0,0.0
CRITICAL,PHYSICAL PORT DOWN,2025-07-08 00:35:38,1,2025-07-08 00:35:38,2505274.0,NORMAL,MISSING,MISSING,ALARM_SRC_1172,CA,2025.0,7.0,1.0,0.0
CRITICAL,PHYSICAL PORT DOWN,2025-07-08 00:35:42,1,2025-07-08 00:35:42,2505274.0,NORMAL,MISSING,MISSING,ALARM_SRC_1172,CA,2025.0,7.0,1.0,0.0
CRITICAL,PHYSICAL PORT DOWN,2025-07-08 00:35:45,1,2025-07-08 00:35:45,2505274.0,NORMAL,MISSING,MISSING,ALARM_SRC_1172,CA,2025.0,7.0,1.0,0.0
CRITICAL,PHYSICAL PORT DOWN,2025-07-08 00:35:49,1,2025-07-08 00:35:49,2505274.0,NORMAL,MISSING,MISSING,ALARM_SRC_1172,CA,2025.0,7.0,1.0,0.0
CRITICAL,PHYSICAL PORT DOWN,2025-07-08 00:35:52,1,2025-07-08 00:35:52,2505274.0,NORMAL,MISSING,MISSING,ALARM_SRC_1172,CA,2025.0,7.0,1.0,0.0
CRITICAL,PHYSICAL PORT DOWN,2025-07-08 00:35:56,1,2025-07-08 00:35:56,2505274.0,NORMAL,MISSING,MISSING,ALARM_SRC_1172,CA,2025.0,7.0,1.0,0.0
CRITICAL,PHYSICAL PORT DOWN,2025-07-08 00:35:59,1,2025-07-08 00:35:59,2505274.0,NORMAL,MISSING,MISSING,ALARM_SRC_1172,CA,2025.0,7.0,1.0,0.0
CRITICAL,PHYSICAL PORT DOWN,2025-07-08 00:36:02,1,2025-07-08 00:36:02,2505274.0,NORMAL,MISSING,MISSING,ALARM_SRC_1172,CA,2025.0,7.0,1.0,0.0
CRITICAL,PHYSICAL PORT DOWN,2025-07-08 00:36:06,1,2025-07-08 00:36:06,2505274.0,NORMAL,MISSING,MISSING,ALARM_SRC_1172,CA,2025.0,7.0,1.0,0.0
CRITICAL,PHYSICAL PORT DOWN,2025-07-08 00:36:09,1,2025-07-08 00:36:09,2505274.0,NORMAL,MISSING,MISSING,ALARM_SRC_1172,CA,2025.0,7.0,1.0,0.0
CRITICAL,PHYSICAL PORT DOWN,2025-07-08 10:10:49,1,2025-07-08 10:10:49,2505274.0,NORMAL,MISSING,MISSING,ALARM_SRC_0932,AR,2025.0,7.0,1.0,10.0
CRITICAL,PHYSICAL PORT DOWN,2025-07-08 10:15:44,1,2025-07-08 10:15:44,2505274.0,NORMAL,MISSING,MISSING,ALARM_SRC_0313,AR,2025.0,7.0,1.0,10.0
CRITICAL,PHYSICAL PORT DOWN,2025-07-08 10:55:23,1,2025-07-08 10:55:23,2505274.0,NORMAL,MISSING,MISSING,ALARM_SRC_0931,AR,2025.0,7.0,1.0,10.0
CRITICAL,PHYSICAL PORT DOWN,2025-07-08 12:44:02,1,2025-07-08 12:44:02,2505274.0,NORMAL,MISSING,MISSING,ALARM_SRC_1054,AR,2025.0,7.0,1.0,12.0
CRITICAL,PHYSICAL PORT DOWN,2025-07-08 13:44:34,1,2025-07-08 13:44:34,2505274.0,NORMAL,MISSING,MISSING,ALARM_SRC_0528,AR,2025.0,7.0,1.0,13.0
CRITICAL,PHYSICAL PORT DOWN,2025-07-09 09:39:14,1,2025-07-09 09:39:14,2505274.0,NORMAL,MISSING,MISSING,ALARM_SRC_0005,AG,2025.0,7.0,2.0,9.0
CRITICAL,PHYSICAL PORT DOWN,2025-07-09 11:20:07,1,2025-07-09 11:20:07,2505274.0,NORMAL,MISSING,MISSING,ALARM_SRC_0740,AR,2025.0,7.0,2.0,11.0
CRITICAL,PHYSICAL PORT DOWN,2025-07-10 12:26:30,1,2025-07-10 12:26:30,2505274.0,NORMAL,MISSING,MISSING,ALARM_SRC_1002,AR,2025.0,7.0,3.0,12.0
CRITICAL,PHYSICAL PORT DOWN,2025-07-10 12:57:32,1,2025-07-10 12:57:32,2505274.0,NORMAL,MISSING,MISSING,ALARM_SRC_0981,AR,2025.0,7.0,3.0,12.0
CRITICAL,PHYSICAL PORT DOWN,2025-07-10 16:24:19,1,2025-07-10 16:24:19,2505274.0,NORMAL,MISSING,MISSING,ALARM_SRC_0045,AG,2025.0,7.0,3.0,16.0
CRITICAL,PHYSICAL PORT DOWN,2025-07-10 17:00:14,1,2025-07-10 17:00:14,2505274.0,NORMAL,MISSING,MISSING,ALARM_SRC_0045,AG,2025.0,7.0,3.0,17.0
CRITICAL,BOARD INVALID,2025-07-10 17:43:41,1,2025-07-10 17:43:41,2505210.0,NORMAL,MISSING,MISSING,ALARM_SRC_0018,AG,2025.0,7.0,3.0,17.0
CRITICAL,PHYSICAL PORT DOWN,2025-07-11 13:38:41,1,2025-07-11 13:38:41,2505274.0,NORMAL,MISSING,MISSING,ALARM_SRC_0528,AR,2025.0,7.0,4.0,13.0
CRITICAL,PHYSICAL PORT DOWN,2025-07-12 13:11:33,1,2025-07-12 13:11:33,2505274.0,NORMAL,MISSING,MISSING,ALARM_SRC_0060,AG,2025.0,7.0,5.0,13.0
CRITICAL,PHYSICAL PORT DOWN,2025-07-12 13:11:47,1,2025-07-12 13:11:47,2505274.0,NORMAL,MISSING,MISSING,ALARM_SRC_0060,AG,2025.0,7.0,5.0,13.0
CRITICAL,PHYSICAL PORT DOWN,2025-07-12 23:36:27,1,2025-07-12 23:36:27,2505274.0,NORMAL,MISSING,MISSING,ALARM_SRC_1014,AR,2025.0,7.0,5.0,23.0
CRITICAL,PHYSICAL PORT DOWN,2025-07-13 08:01:53,1,2025-07-13 08:01:53,2505274.0,NORMAL,MISSING,MISSING,ALARM_SRC_0324,AR,2025.0,7.0,6.0,8.0
CRITICAL,PHYSICAL PORT DOWN,2025-07-13 14:02:06,1,2025-07-13 14:02:06,2505274.0,NORMAL,MISSING,MISSING,ALARM_SRC_0937,AR,2025.0,7.0,6.0,14.0
CRITICAL,PHYSICAL PORT DOWN,2025-07-13 16:44:39,1,2025-07-13 16:44:39,2505274.0,NORMAL,MISSING,MISSING,ALARM_SRC_0426,AR,2025.0,7.0,6.0,16.0
CRITICAL,PHYSICAL PORT DOWN,2025-07-14 12:07:09,1,2025-07-14 12:07:09,2505274.0,NORMAL,MISSING,MISSING,ALARM_SRC_0962,AR,2025.0,7.0,0.0,12.0
CRITICAL,PHYSICAL PORT DOWN,2025-07-14 15:03:55,1,2025-07-14 15:03:55,2505274.0,NORMAL,MISSING,MISSING,ALARM_SRC_1058,AR,2025.0,7.0,0.0,15.0
CRITICAL,PHYSICAL PORT DOWN,2025-07-14 22:38:31,1,2025-07-14 22:38:31,2505274.0,NORMAL,MISSING,MISSING,ALARM_SRC_0677,AR,2025.0,7.0,0.0,22.0
CRITICAL,PHYSICAL PORT DOWN,2025-07-15 07:29:17,1,2025-07-15 07:29:17,2505274.0,NORMAL,MISSING,MISSING,ALARM_SRC_0876,AR,2025.0,7.0,1.0,7.0
CRITICAL,PHYSICAL PORT DOWN,2025-07-15 10:33:42,1,2025-07-15 10:33:42,2505274.0,NORMAL,MISSING,MISSING,ALARM_SRC_0937,AR,2025.0,7.0,1.0,10.0
CRITICAL,PHYSICAL PORT DOWN,2025-07-15 12:30:37,1,2025-07-15 12:30:37,2505274.0,NORMAL,MISSING,MISSING,ALARM_SRC_0464,AR,2025.0,7.0,1.0,12.0
CRITICAL,PHYSICAL PORT DOWN,2025-07-15 12:30:59,1,2025-07-15 12:30:59,2505274.0,NORMAL,MISSING,MISSING,ALARM_SRC_0464,AR,2025.0,7.0,1.0,12.0
CRITICAL,PHYSICAL PORT DOWN,2025-07-15 16:22:20,1,2025-07-15 16:22:20,2505274.0,NORMAL,MISSING,MISSING,ALARM_SRC_0464,AR,2025.0,7.0,1.0,16.0
CRITICAL,PHYSICAL PORT DOWN,2025-07-15 16:46:13,1,2025-07-15 16:46:13,2505274.0,NORMAL,MISSING,MISSING,ALARM_SRC_0047,AG,2025.0,7.0,1.0,16.0
CRITICAL,PHYSICAL PORT DOWN,2025-07-15 16:46:14,1,2025-07-15 16:46:14,2505274.0,NORMAL,MISSING,MISSING,ALARM_SRC_0047,AG,2025.0,7.0,1.0,16.0
CRITICAL,PHYSICAL PORT DOWN,2025-07-16 01:23:03,1,2025-07-16 01:23:03,2505274.0,NORMAL,MISSING,MISSING,ALARM_SRC_0691,AR,2025.0,7.0,2.0,1.0
CRITICAL,PHYSICAL PORT DOWN,2025-07-16 12:35:14,1,2025-07-16 12:35:14,2505274.0,NORMAL,MISSING,MISSING,ALARM_SRC_0062,AG,2025.0,7.0,2.0,12.0
CRITICAL,THE DEVICE IS OFFLINE,2025-07-16 15:11:28,1,2025-07-16 15:11:28,7.0,NORMAL,MISSING,MISSING,ALARM_SRC_1195,SW,2025.0,7.0,2.0,15.0
CRITICAL,BOARD INVALID,2025-07-16 15:13:34,1,2025-07-16 15:13:34,2505210.0,NORMAL,MISSING,MISSING,ALARM_SRC_0515,AR,2025.0,7.0,2.0,15.0
CRITICAL,PHYSICAL PORT DOWN,2025-07-16 17:17:25,1,2025-07-16 17:17:25,2505274.0,NORMAL,MISSING,MISSING,ALARM_SRC_0849,AR,2025.0,7.0,2.0,17.0
CRITICAL,PHYSICAL PORT DOWN,2025-07-16 18:40:23,1,2025-07-16 18:40:23,2505274.0,NORMAL,MISSING,MISSING,ALARM_SRC_0241,AR,2025.0,7.0,2.0,18.0
CRITICAL,PHYSICAL PORT DOWN,2025-07-17 10:56:21,1,2025-07-17 10:56:21,2505274.0,NORMAL,MISSING,MISSING,ALARM_SRC_0113,AG,2025.0,7.0,3.0,10.0
CRITICAL,PHYSICAL PORT DOWN,2025-07-17 10:56:21,1,2025-07-17 10:56:21,2505274.0,NORMAL,MISSING,MISSING,ALARM_SRC_0113,AG,2025.0,7.0,3.0,10.0
CRITICAL,PHYSICAL PORT DOWN,2025-07-17 14:24:44,1,2025-07-17 14:24:44,2505274.0,NORMAL,MISSING,MISSING,ALARM_SRC_0842,AR,2025.0,7.0,3.0,14.0
CRITICAL,PHYSICAL PORT DOWN,2025-07-17 18:26:50,1,2025-07-17 18:26:50,2505274.0,NORMAL,MISSING,MISSING,ALARM_SRC_1084,AR,2025.0,7.0,3.0,18.0
CRITICAL,PHYSICAL PORT DOWN,2025-07-18 11:23:05,1,2025-07-18 11:23:05,2505274.0,NORMAL,MISSING,MISSING,ALARM_SRC_0001,AG,2025.0,7.0,4.0,11.0
CRITICAL,PHYSICAL PORT DOWN,2025-07-18 15:55:46,1,2025-07-18 15:55:46,2505274.0,NORMAL,MISSING,MISSING,ALARM_SRC_0775,AR,2025.0,7.0,4.0,15.0
CRITICAL,PHYSICAL PORT DOWN,2025-07-18 18:04:40,1,2025-07-18 18:04:40,2505274.0,NORMAL,MISSING,MISSING,ALARM_SRC_0106,AG,2025.0,7.0,4.0,18.0
CRITICAL,PHYSICAL PORT DOWN,2025-07-18 18:06:02,1,2025-07-18 18:06:02,2505274.0,NORMAL,MISSING,MISSING,ALARM_SRC_0106,AG,2025.0,7.0,4.0,18.0
CRITICAL,PHYSICAL PORT DOWN,2025-07-19 09:02:02,1,2025-07-19 09:02:02,2505274.0,NORMAL,MISSING,MISSING,ALARM_SRC_0968,AR,2025.0,7.0,5.0,9.0
CRITICAL,PHYSICAL PORT DOWN,2025-07-19 09:44:24,1,2025-07-19 09:44:24,2505274.0,NORMAL,MISSING,MISSING,ALARM_SRC_0968,AR,2025.0,7.0,5.0,9.0
CRITICAL,BOARD INVALID,2025-07-21 08:50:09,1,2025-07-21 08:50:09,2505210.0,NORMAL,MISSING,MISSING,ALARM_SRC_0028,AG,2025.0,7.0,0.0,8.0
CRITICAL,PHYSICAL PORT DOWN,2025-07-21 11:33:59,1,2025-07-21 11:33:59,2505274.0,NORMAL,MISSING,MISSING,ALARM_SRC_0019,AG,2025.0,7.0,0.0,11.0
CRITICAL,PHYSICAL PORT DOWN,2025-07-21 13:18:53,1,2025-07-21 13:18:53,2505274.0,NORMAL,MISSING,MISSING,ALARM_SRC_0561,AR,2025.0,7.0,0.0,13.0
CRITICAL,PHYSICAL PORT DOWN,2025-07-21 13:18:53,1,2025-07-21 13:18:53,2505274.0,NORMAL,MISSING,MISSING,ALARM_SRC_0561,AR,2025.0,7.0,0.0,13.0
CRITICAL,PHYSICAL PORT DOWN,2025-07-21 14:30:16,1,2025-07-21 14:30:16,2505274.0,NORMAL,MISSING,MISSING,ALARM_SRC_0421,AR,2025.0,7.0,0.0,14.0
CRITICAL,PHYSICAL PORT DOWN,2025-07-21 16:03:43,1,2025-07-21 16:03:43,2505274.0,NORMAL,MISSING,MISSING,ALARM_SRC_0598,AR,2025.0,7.0,0.0,16.0
CRITICAL,PHYSICAL PORT DOWN,2025-07-21 17:02:29,1,2025-07-21 17:02:29,2505274.0,NORMAL,MISSING,MISSING,ALARM_SRC_0928,AR,2025.0,7.0,0.0,17.0
CRITICAL,PHYSICAL PORT DOWN,2025-07-21 17:31:00,1,2025-07-21 17:31:00,2505274.0,NORMAL,MISSING,MISSING,ALARM_SRC_0110,AG,2025.0,7.0,0.0,17.0
CRITICAL,PHYSICAL PORT DOWN,2025-07-22 12:09:27,1,2025-07-22 12:09:27,2505274.0,NORMAL,MISSING,MISSING,ALARM_SRC_0110,AG,2025.0,7.0,1.0,12.0
CRITICAL,PHYSICAL PORT DOWN,2025-07-22 12:09:28,1,2025-07-22 12:09:28,2505274.0,NORMAL,MISSING,MISSING,ALARM_SRC_0110,AG,2025.0,7.0,1.0,12.0
CRITICAL,PHYSICAL PORT DOWN,2025-07-22 15:41:59,1,2025-07-22 15:41:59,2505274.0,NORMAL,MISSING,MISSING,ALARM_SRC_0058,AG,2025.0,7.0,1.0,15.0
CRITICAL,PHYSICAL PORT DOWN,2025-07-22 17:18:58,1,2025-07-22 17:18:58,2505274.0,NORMAL,MISSING,MISSING,ALARM_SRC_0703,AR,2025.0,7.0,1.0,17.0
CRITICAL,PHYSICAL PORT DOWN,2025-07-24 13:06:30,1,2025-07-24 13:06:30,2505274.0,NORMAL,MISSING,MISSING,ALARM_SRC_0267,AR,2025.0,7.0,3.0,13.0
CRITICAL,PHYSICAL PORT DOWN,2025-07-25 17:36:52,1,2025-07-25 17:36:52,2505274.0,NORMAL,MISSING,MISSING,ALARM_SRC_0258,AR,2025.0,7.0,4.0,17.0
CRITICAL,PHYSICAL PORT DOWN,2025-07-25 17:36:52,1,2025-07-25 17:36:52,2505274.0,NORMAL,MISSING,MISSING,ALARM_SRC_0258,AR,2025.0,7.0,4.0,17.0
CRITICAL,PHYSICAL PORT DOWN,2025-07-26 17:17:07,1,2025-07-26 17:17:07,2505274.0,NORMAL,MISSING,MISSING,ALARM_SRC_0943,AR,2025.0,7.0,5.0,17.0
CRITICAL,BOARD INVALID,2025-07-27 09:06:06,1,2025-07-27 09:06:06,2505210.0,NORMAL,MISSING,MISSING,ALARM_SRC_0067,AG,2025.0,7.0,6.0,9.0
CRITICAL,PHYSICAL PORT DOWN,2025-07-27 17:48:35,1,2025-07-27 17:48:35,2505274.0,NORMAL,MISSING,MISSING,ALARM_SRC_0267,AR,2025.0,7.0,6.0,17.0
CRITICAL,PHYSICAL PORT DOWN,2025-07-27 21:23:23,1,2025-07-27 21:23:23,2505274.0,NORMAL,MISSING,MISSING,ALARM_SRC_0295,AR,2025.0,7.0,6.0,21.0
CRITICAL,BOARD INVALID,2025-07-30 15:33:26,1,2025-07-30 15:33:26,2505210.0,NORMAL,MISSING,MISSING,ALARM_SRC_0433,AR,2025.0,7.0,2.0,15.0
CRITICAL,BOARD INVALID,2025-07-30 15:33:42,1,2025-07-30 15:33:42,2505210.0,NORMAL,MISSING,MISSING,ALARM_SRC_0433,AR,2025.0,7.0,2.0,15.0
CRITICAL,PHYSICAL PORT DOWN,2025-07-30 16:43:39,1,2025-07-30 16:43:39,2505274.0,NORMAL,MISSING,MISSING,ALARM_SRC_0056,AG,2025.0,7.0,2.0,16.0
CRITICAL,PHYSICAL PORT DOWN,2025-07-30 17:30:51,1,2025-07-30 17:30:51,2505274.0,NORMAL,MISSING,MISSING,ALARM_SRC_0808,AR,2025.0,7.0,2.0,17.0
CRITICAL,PHYSICAL PORT DOWN,2025-07-30 19:47:51,1,2025-07-30 19:47:51,2505274.0,NORMAL,MISSING,MISSING,ALARM_SRC_0057,AG,2025.0,7.0,2.0,19.0
CRITICAL,PHYSICAL PORT DOWN,2025-07-30 19:47:56,1,2025-07-30 19:47:56,2505274.0,NORMAL,MISSING,MISSING,ALARM_SRC_0057,AG,2025.0,7.0,2.0,19.0
CRITICAL,PHYSICAL PORT DOWN,2025-07-30 22:57:16,1,2025-07-30 22:57:16,2505274.0,NORMAL,MISSING,MISSING,ALARM_SRC_0729,AR,2025.0,7.0,2.0,22.0
CRITICAL,PHYSICAL PORT DOWN,2025-07-31 11:29:03,1,2025-07-31 11:29:03,2505274.0,NORMAL,MISSING,MISSING,ALARM_SRC_0034,AG,2025.0,7.0,3.0,11.0
CRITICAL,PHYSICAL PORT DOWN,2025-07-31 11:29:05,1,2025-07-31 11:29:05,2505274.0,NORMAL,MISSING,MISSING,ALARM_SRC_0463,AR,2025.0,7.0,3.0,11.0
CRITICAL,PHYSICAL PORT DOWN,2025-07-31 11:31:57,1,2025-07-31 11:31:57,2505274.0,NORMAL,MISSING,MISSING,ALARM_SRC_0034,AG,2025.0,7.0,3.0,11.0
CRITICAL,PHYSICAL PORT DOWN,2025-07-31 11:31:58,1,2025-07-31 11:31:58,2505274.0,NORMAL,MISSING,MISSING,ALARM_SRC_0463,AR,2025.0,7.0,3.0,11.0
CRITICAL,PHYSICAL PORT DOWN,2025-07-31 15:44:32,1,2025-07-31 15:44:32,2505274.0,NORMAL,MISSING,MISSING,ALARM_SRC_0073,AG,2025.0,7.0,3.0,15.0
CRITICAL,PHYSICAL PORT DOWN,2025-07-31 15:44:32,1,2025-07-31 15:44:32,2505274.0,NORMAL,MISSING,MISSING,ALARM_SRC_0723,AR,2025.0,7.0,3.0,15.0
CRITICAL,PHYSICAL PORT DOWN,2025-07-31 16:26:46,1,2025-07-31 16:26:46,2505274.0,NORMAL,MISSING,MISSING,ALARM_SRC_0463,AR,2025.0,7.0,3.0,16.0
CRITICAL,PHYSICAL PORT DOWN,2025-07-31 16:27:22,1,2025-07-31 16:27:22,2505274.0,NORMAL,MISSING,MISSING,ALARM_SRC_0463,AR,2025.0,7.0,3.0,16.0
CRITICAL,PHYSICAL PORT DOWN,2025-07-31 17:22:56,1,2025-07-31 17:22:56,2505274.0,NORMAL,MISSING,MISSING,ALARM_SRC_0723,AR,2025.0,7.0,3.0,17.0
CRITICAL,PHYSICAL PORT DOWN,2025-07-31 19:38:35,1,2025-07-31 19:38:35,2505274.0,NORMAL,MISSING,MISSING,ALARM_SRC_0307,AR,2025.0,7.0,3.0,19.0
CRITICAL,PHYSICAL PORT DOWN,2025-08-01 16:02:43,1,2025-08-01 16:02:43,2505274.0,NORMAL,MISSING,MISSING,ALARM_SRC_0946,AR,2025.0,8.0,4.0,16.0
CRITICAL,PHYSICAL PORT DOWN,2025-08-01 16:06:49,1,2025-08-01 16:06:49,2505274.0,NORMAL,MISSING,MISSING,ALARM_SRC_0946,AR,2025.0,8.0,4.0,16.0
CRITICAL,PHYSICAL PORT DOWN,2025-08-01 17:51:32,1,2025-08-01 17:51:32,2505274.0,NORMAL,MISSING,MISSING,ALARM_SRC_0034,AG,2025.0,8.0,4.0,17.0
CRITICAL,PHYSICAL PORT DOWN,2025-08-01 17:53:45,1,2025-08-01 17:53:45,2505274.0,NORMAL,MISSING,MISSING,ALARM_SRC_0034,AG,2025.0,8.0,4.0,17.0
CRITICAL,PHYSICAL PORT DOWN,2025-08-02 11:56:14,1,2025-08-02 11:56:14,2505274.0,NORMAL,MISSING,MISSING,ALARM_SRC_0788,AR,2025.0,8.0,5.0,11.0
CRITICAL,PHYSICAL PORT DOWN,2025-08-03 18:53:07,1,2025-08-03 18:53:07,2505274.0,NORMAL,MISSING,MISSING,ALARM_SRC_0069,AG,2025.0,8.0,6.0,18.0
CRITICAL,PHYSICAL PORT DOWN,2025-08-04 11:00:14,1,2025-08-04 11:00:14,2505274.0,NORMAL,MISSING,MISSING,ALARM_SRC_0042,AG,2025.0,8.0,0.0,11.0
CRITICAL,BOARD INVALID,2025-08-04 13:17:55,1,2025-08-04 13:17:55,2505210.0,NORMAL,MISSING,MISSING,ALARM_SRC_0466,AR,2025.0,8.0,0.0,13.0
CRITICAL,PHYSICAL PORT DOWN,2025-08-04 16:56:18,1,2025-08-04 16:56:18,2505274.0,NORMAL,MISSING,MISSING,ALARM_SRC_0319,AR,2025.0,8.0,0.0,16.0
CRITICAL,PHYSICAL PORT DOWN,2025-08-05 10:15:03,1,2025-08-05 10:15:03,2505274.0,NORMAL,MISSING,MISSING,ALARM_SRC_0435,AR,2025.0,8.0,1.0,10.0
CRITICAL,PHYSICAL PORT DOWN,2025-08-05 11:26:12,1,2025-08-05 11:26:12,2505274.0,NORMAL,MISSING,MISSING,ALARM_SRC_0067,AG,2025.0,8.0,1.0,11.0
CRITICAL,PHYSICAL PORT DOWN,2025-08-05 18:17:51,1,2025-08-05 18:17:51,2505274.0,NORMAL,MISSING,MISSING,ALARM_SRC_0043,AG,2025.0,8.0,1.0,18.0
CRITICAL,BOARD INVALID,2025-08-05 20:15:20,1,2025-08-05 20:15:20,2505210.0,NORMAL,MISSING,MISSING,ALARM_SRC_0067,AG,2025.0,8.0,1.0,20.0
CRITICAL,PHYSICAL PORT DOWN,2025-08-06 11:56:59,1,2025-08-06 11:56:59,2505274.0,NORMAL,MISSING,MISSING,ALARM_SRC_0106,AG,2025.0,8.0,2.0,11.0
CRITICAL,PHYSICAL PORT DOWN,2025-08-06 11:59:11,1,2025-08-06 11:59:11,2505274.0,NORMAL,MISSING,MISSING,ALARM_SRC_0450,AR,2025.0,8.0,2.0,11.0
CRITICAL,PHYSICAL PORT DOWN,2025-08-06 12:23:14,1,2025-08-06 12:23:14,2505274.0,NORMAL,MISSING,MISSING,ALARM_SRC_0106,AG,2025.0,8.0,2.0,12.0
CRITICAL,PHYSICAL PORT DOWN,2025-08-06 13:17:57,1,2025-08-06 13:17:57,2505274.0,NORMAL,MISSING,MISSING,ALARM_SRC_1038,AR,2025.0,8.0,2.0,13.0
CRITICAL,PHYSICAL PORT DOWN,2025-08-06 14:22:14,1,2025-08-06 14:22:14,2505274.0,NORMAL,MISSING,MISSING,ALARM_SRC_0404,AR,2025.0,8.0,2.0,14.0
CRITICAL,PHYSICAL PORT DOWN,2025-08-06 23:21:50,1,2025-08-06 23:21:50,2505274.0,NORMAL,MISSING,MISSING,ALARM_SRC_0562,AR,2025.0,8.0,2.0,23.0
CRITICAL,PHYSICAL PORT DOWN,2025-08-06 23:21:50,1,2025-08-06 23:21:50,2505274.0,NORMAL,MISSING,MISSING,ALARM_SRC_0562,AR,2025.0,8.0,2.0,23.0
CRITICAL,PHYSICAL PORT DOWN,2025-08-07 10:00:27,1,2025-08-07 10:00:27,2505274.0,NORMAL,MISSING,MISSING,ALARM_SRC_0431,AR,2025.0,8.0,3.0,10.0
CRITICAL,PHYSICAL PORT DOWN,2025-08-07 10:17:45,1,2025-08-07 10:17:45,2505274.0,NORMAL,MISSING,MISSING,ALARM_SRC_0317,AR,2025.0,8.0,3.0,10.0
CRITICAL,PHYSICAL PORT DOWN,2025-08-07 13:03:46,1,2025-08-07 13:03:46,2505274.0,NORMAL,MISSING,MISSING,ALARM_SRC_0359,AR,2025.0,8.0,3.0,13.0
CRITICAL,PHYSICAL PORT DOWN,2025-08-07 15:29:52,1,2025-08-07 15:29:52,2505274.0,NORMAL,MISSING,MISSING,ALARM_SRC_0279,AR,2025.0,8.0,3.0,15.0
CRITICAL,PHYSICAL PORT DOWN,2025-08-07 16:46:42,1,2025-08-07 16:46:42,2505274.0,NORMAL,MISSING,MISSING,ALARM_SRC_0201,AR,2025.0,8.0,3.0,16.0
CRITICAL,PHYSICAL PORT DOWN,2025-08-07 17:44:15,1,2025-08-07 17:44:15,2505274.0,NORMAL,MISSING,MISSING,ALARM_SRC_0038,AG,2025.0,8.0,3.0,17.0
CRITICAL,PHYSICAL PORT DOWN,2025-08-07 18:14:46,1,2025-08-07 18:14:46,2505274.0,NORMAL,MISSING,MISSING,ALARM_SRC_0038,AG,2025.0,8.0,3.0,18.0
CRITICAL,PHYSICAL PORT DOWN,2025-08-07 22:09:54,1,2025-08-07 22:09:54,2505274.0,NORMAL,MISSING,MISSING,ALARM_SRC_1017,AR,2025.0,8.0,3.0,22.0
CRITICAL,PHYSICAL PORT DOWN,2025-08-07 22:09:54,1,2025-08-07 22:09:54,2505274.0,NORMAL,MISSING,MISSING,ALARM_SRC_1017,AR,2025.0,8.0,3.0,22.0
CRITICAL,PHYSICAL PORT DOWN,2025-08-08 16:00:49,1,2025-08-08 16:00:49,2505274.0,NORMAL,MISSING,MISSING,ALARM_SRC_0119,AG,2025.0,8.0,4.0,16.0
CRITICAL,PHYSICAL PORT DOWN,2025-08-08 16:18:19,1,2025-08-08 16:18:19,2505274.0,NORMAL,MISSING,MISSING,ALARM_SRC_0113,AG,2025.0,8.0,4.0,16.0
CRITICAL,PHYSICAL PORT DOWN,2025-08-08 16:18:19,1,2025-08-08 16:18:19,2505274.0,NORMAL,MISSING,MISSING,ALARM_SRC_0113,AG,2025.0,8.0,4.0,16.0
CRITICAL,PHYSICAL PORT DOWN,2025-08-08 16:28:07,1,2025-08-08 16:28:07,2505274.0,NORMAL,MISSING,MISSING,ALARM_SRC_0267,AR,2025.0,8.0,4.0,16.0
CRITICAL,PHYSICAL PORT DOWN,2025-08-09 12:24:53,1,2025-08-09 12:24:53,2505274.0,NORMAL,MISSING,MISSING,ALARM_SRC_0106,AG,2025.0,8.0,5.0,12.0
CRITICAL,PHYSICAL PORT DOWN,2025-08-09 14:27:32,1,2025-08-09 14:27:32,2505274.0,NORMAL,MISSING,MISSING,ALARM_SRC_0965,AR,2025.0,8.0,5.0,14.0
CRITICAL,PHYSICAL PORT DOWN,2025-08-09 17:05:11,1,2025-08-09 17:05:11,2505274.0,NORMAL,MISSING,MISSING,ALARM_SRC_1038,AR,2025.0,8.0,5.0,17.0
CRITICAL,PHYSICAL PORT DOWN,2025-08-11 06:19:09,1,2025-08-11 06:19:09,2505274.0,NORMAL,MISSING,MISSING,ALARM_SRC_0990,AR,2025.0,8.0,0.0,6.0
CRITICAL,PHYSICAL PORT DOWN,2025-08-11 11:30:25,1,2025-08-11 11:30:25,2505274.0,NORMAL,MISSING,MISSING,ALARM_SRC_0542,AR,2025.0,8.0,0.0,11.0
CRITICAL,BOARD INVALID,2025-08-11 11:57:30,1,2025-08-11 11:57:30,2505210.0,NORMAL,MISSING,MISSING,ALARM_SRC_0006,AG,2025.0,8.0,0.0,11.0
CRITICAL,PHYSICAL PORT DOWN,2025-08-11 13:33:40,1,2025-08-11 13:33:40,2505274.0,NORMAL,MISSING,MISSING,ALARM_SRC_0924,AR,2025.0,8.0,0.0,13.0
CRITICAL,PHYSICAL PORT DOWN,2025-08-11 14:58:02,1,2025-08-11 14:58:02,2505274.0,NORMAL,MISSING,MISSING,ALARM_SRC_1038,AR,2025.0,8.0,0.0,14.0
CRITICAL,PHYSICAL PORT DOWN,2025-08-11 14:58:02,1,2025-08-11 14:58:02,2505274.0,NORMAL,MISSING,MISSING,ALARM_SRC_1038,AR,2025.0,8.0,0.0,14.0
CRITICAL,PHYSICAL PORT DOWN,2025-08-11 19:16:18,1,2025-08-11 19:16:18,2505274.0,NORMAL,MISSING,MISSING,ALARM_SRC_1038,AR,2025.0,8.0,0.0,19.0
CRITICAL,PHYSICAL PORT DOWN,2025-08-12 05:56:57,1,2025-08-12 05:56:57,2505274.0,NORMAL,MISSING,MISSING,ALARM_SRC_0924,AR,2025.0,8.0,1.0,5.0
CRITICAL,PHYSICAL PORT DOWN,2025-08-12 11:40:04,1,2025-08-12 11:40:04,2505274.0,NORMAL,MISSING,MISSING,ALARM_SRC_0808,AR,2025.0,8.0,1.0,11.0
CRITICAL,PHYSICAL PORT DOWN,2025-08-12 12:18:55,1,2025-08-12 12:18:55,2505274.0,NORMAL,MISSING,MISSING,ALARM_SRC_0217,AR,2025.0,8.0,1.0,12.0
CRITICAL,PHYSICAL PORT DOWN,2025-08-12 12:20:41,1,2025-08-12 12:20:41,2505274.0,NORMAL,MISSING,MISSING,ALARM_SRC_0217,AR,2025.0,8.0,1.0,12.0
CRITICAL,PHYSICAL PORT DOWN,2025-08-12 14:39:52,1,2025-08-12 14:39:52,2505274.0,NORMAL,MISSING,MISSING,ALARM_SRC_0808,AR,2025.0,8.0,1.0,14.0
CRITICAL,PHYSICAL PORT DOWN,2025-08-12 14:39:53,1,2025-08-12 14:39:53,2505274.0,NORMAL,MISSING,MISSING,ALARM_SRC_0852,AR,2025.0,8.0,1.0,14.0
CRITICAL,PHYSICAL PORT DOWN,2025-08-12 15:04:56,1,2025-08-12 15:04:56,2505274.0,NORMAL,MISSING,MISSING,ALARM_SRC_1062,AR,2025.0,8.0,1.0,15.0
CRITICAL,PHYSICAL PORT DOWN,2025-08-12 15:26:46,1,2025-08-12 15:26:46,2505274.0,NORMAL,MISSING,MISSING,ALARM_SRC_1062,AR,2025.0,8.0,1.0,15.0
CRITICAL,PHYSICAL PORT DOWN,2025-08-13 01:33:58,1,2025-08-13 01:33:58,2505274.0,NORMAL,MISSING,MISSING,ALARM_SRC_1171,CA,2025.0,8.0,2.0,1.0
CRITICAL,PHYSICAL PORT DOWN,2025-08-13 01:33:58,1,2025-08-13 01:33:58,2505274.0,NORMAL,MISSING,MISSING,ALARM_SRC_1172,CA,2025.0,8.0,2.0,1.0
CRITICAL,PHYSICAL PORT DOWN,2025-08-13 01:34:02,1,2025-08-13 01:34:02,2505274.0,NORMAL,MISSING,MISSING,ALARM_SRC_1172,CA,2025.0,8.0,2.0,1.0
CRITICAL,PHYSICAL PORT DOWN,2025-08-13 01:34:05,1,2025-08-13 01:34:05,2505274.0,NORMAL,MISSING,MISSING,ALARM_SRC_1171,CA,2025.0,8.0,2.0,1.0
CRITICAL,PHYSICAL PORT DOWN,2025-08-13 01:34:05,1,2025-08-13 01:34:05,2505274.0,NORMAL,MISSING,MISSING,ALARM_SRC_1172,CA,2025.0,8.0,2.0,1.0
CRITICAL,PHYSICAL PORT DOWN,2025-08-13 01:34:07,1,2025-08-13 01:34:07,2505274.0,NORMAL,MISSING,MISSING,ALARM_SRC_1171,CA,2025.0,8.0,2.0,1.0
CRITICAL,PHYSICAL PORT DOWN,2025-08-13 01:34:07,1,2025-08-13 01:34:07,2505274.0,NORMAL,MISSING,MISSING,ALARM_SRC_1172,CA,2025.0,8.0,2.0,1.0
CRITICAL,PHYSICAL PORT DOWN,2025-08-13 01:34:09,1,2025-08-13 01:34:09,2505274.0,NORMAL,MISSING,MISSING,ALARM_SRC_1171,CA,2025.0,8.0,2.0,1.0
CRITICAL,PHYSICAL PORT DOWN,2025-08-13 01:34:09,1,2025-08-13 01:34:09,2505274.0,NORMAL,MISSING,MISSING,ALARM_SRC_1172,CA,2025.0,8.0,2.0,1.0
CRITICAL,PHYSICAL PORT DOWN,2025-08-13 01:34:11,1,2025-08-13 01:34:11,2505274.0,NORMAL,MISSING,MISSING,ALARM_SRC_1172,CA,2025.0,8.0,2.0,1.0
CRITICAL,PHYSICAL PORT DOWN,2025-08-13 01:34:11,1,2025-08-13 01:34:11,2505274.0,NORMAL,MISSING,MISSING,ALARM_SRC_1171,CA,2025.0,8.0,2.0,1.0
CRITICAL,PHYSICAL PORT DOWN,2025-08-13 01:34:14,1,2025-08-13 01:34:14,2505274.0,NORMAL,MISSING,MISSING,ALARM_SRC_1172,CA,2025.0,8.0,2.0,1.0
CRITICAL,PHYSICAL PORT DOWN,2025-08-13 01:34:14,1,2025-08-13 01:34:14,2505274.0,NORMAL,MISSING,MISSING,ALARM_SRC_1172,CA,2025.0,8.0,2.0,1.0
CRITICAL,PHYSICAL PORT DOWN,2025-08-13 01:34:14,1,2025-08-13 01:34:14,2505274.0,NORMAL,MISSING,MISSING,ALARM_SRC_1171,CA,2025.0,8.0,2.0,1.0
CRITICAL,PHYSICAL PORT DOWN,2025-08-13 01:34:18,1,2025-08-13 01:34:18,2505274.0,NORMAL,MISSING,MISSING,ALARM_SRC_1172,CA,2025.0,8.0,2.0,1.0
CRITICAL,PHYSICAL PORT DOWN,2025-08-13 01:34:18,1,2025-08-13 01:34:18,2505274.0,NORMAL,MISSING,MISSING,ALARM_SRC_1172,CA,2025.0,8.0,2.0,1.0
CRITICAL,PHYSICAL PORT DOWN,2025-08-13 01:34:18,1,2025-08-13 01:34:18,2505274.0,NORMAL,MISSING,MISSING,ALARM_SRC_1171,CA,2025.0,8.0,2.0,1.0
CRITICAL,PHYSICAL PORT DOWN,2025-08-13 01:34:22,1,2025-08-13 01:34:22,2505274.0,NORMAL,MISSING,MISSING,ALARM_SRC_1172,CA,2025.0,8.0,2.0,1.0
CRITICAL,PHYSICAL PORT DOWN,2025-08-13 01:34:22,1,2025-08-13 01:34:22,2505274.0,NORMAL,MISSING,MISSING,ALARM_SRC_1172,CA,2025.0,8.0,2.0,1.0
CRITICAL,PHYSICAL PORT DOWN,2025-08-13 01:34:22,1,2025-08-13 01:34:22,2505274.0,NORMAL,MISSING,MISSING,ALARM_SRC_1171,CA,2025.0,8.0,2.0,1.0
CRITICAL,PHYSICAL PORT DOWN,2025-08-13 01:34:26,1,2025-08-13 01:34:26,2505274.0,NORMAL,MISSING,MISSING,ALARM_SRC_1172,CA,2025.0,8.0,2.0,1.0
CRITICAL,PHYSICAL PORT DOWN,2025-08-13 01:34:26,1,2025-08-13 01:34:26,2505274.0,NORMAL,MISSING,MISSING,ALARM_SRC_1172,CA,2025.0,8.0,2.0,1.0
CRITICAL,PHYSICAL PORT DOWN,2025-08-13 01:34:27,1,2025-08-13 01:34:27,2505274.0,NORMAL,MISSING,MISSING,ALARM_SRC_1171,CA,2025.0,8.0,2.0,1.0
CRITICAL,PHYSICAL PORT DOWN,2025-08-13 01:34:30,1,2025-08-13 01:34:30,2505274.0,NORMAL,MISSING,MISSING,ALARM_SRC_1172,CA,2025.0,8.0,2.0,1.0
CRITICAL,PHYSICAL PORT DOWN,2025-08-13 01:34:30,1,2025-08-13 01:34:30,2505274.0,NORMAL,MISSING,MISSING,ALARM_SRC_1171,CA,2025.0,8.0,2.0,1.0
CRITICAL,PHYSICAL PORT DOWN,2025-08-13 01:34:34,1,2025-08-13 01:34:34,2505274.0,NORMAL,MISSING,MISSING,ALARM_SRC_1171,CA,2025.0,8.0,2.0,1.0
CRITICAL,PHYSICAL PORT DOWN,2025-08-13 01:34:37,1,2025-08-13 01:34:37,2505274.0,NORMAL,MISSING,MISSING,ALARM_SRC_1171,CA,2025.0,8.0,2.0,1.0
CRITICAL,PHYSICAL PORT DOWN,2025-08-13 01:34:41,1,2025-08-13 01:34:41,2505274.0,NORMAL,MISSING,MISSING,ALARM_SRC_1171,CA,2025.0,8.0,2.0,1.0
CRITICAL,PHYSICAL PORT DOWN,2025-08-13 01:34:44,1,2025-08-13 01:34:44,2505274.0,NORMAL,MISSING,MISSING,ALARM_SRC_1171,CA,2025.0,8.0,2.0,1.0
CRITICAL,PHYSICAL PORT DOWN,2025-08-13 01:34:48,1,2025-08-13 01:34:48,2505274.0,NORMAL,MISSING,MISSING,ALARM_SRC_1171,CA,2025.0,8.0,2.0,1.0
CRITICAL,PHYSICAL PORT DOWN,2025-08-13 01:34:51,1,2025-08-13 01:34:51,2505274.0,NORMAL,MISSING,MISSING,ALARM_SRC_1171,CA,2025.0,8.0,2.0,1.0
CRITICAL,PHYSICAL PORT DOWN,2025-08-13 01:34:52,1,2025-08-13 01:34:52,2505274.0,NORMAL,MISSING,MISSING,ALARM_SRC_1172,CA,2025.0,8.0,2.0,1.0
CRITICAL,PHYSICAL PORT DOWN,2025-08-13 01:34:52,1,2025-08-13 01:34:52,3074752.0,NORMAL,MISSING,MISSING,ALARM_SRC_1191,IPBN,2025.0,8.0,2.0,1.0
CRITICAL,PHYSICAL PORT DOWN,2025-08-13 01:34:55,1,2025-08-13 01:34:55,2505274.0,NORMAL,MISSING,MISSING,ALARM_SRC_1171,CA,2025.0,8.0,2.0,1.0
CRITICAL,PHYSICAL PORT DOWN,2025-08-13 01:34:56,1,2025-08-13 01:34:56,2505274.0,NORMAL,MISSING,MISSING,ALARM_SRC_1172,CA,2025.0,8.0,2.0,1.0
CRITICAL,PHYSICAL PORT DOWN,2025-08-13 01:34:59,1,2025-08-13 01:34:59,2505274.0,NORMAL,MISSING,MISSING,ALARM_SRC_1172,CA,2025.0,8.0,2.0,1.0
CRITICAL,PHYSICAL PORT DOWN,2025-08-13 01:34:59,1,2025-08-13 01:34:59,2505274.0,NORMAL,MISSING,MISSING,ALARM_SRC_1171,CA,2025.0,8.0,2.0,1.0
CRITICAL,PHYSICAL PORT DOWN,2025-08-13 01:35:02,1,2025-08-13 01:35:02,2505274.0,NORMAL,MISSING,MISSING,ALARM_SRC_1171,CA,2025.0,8.0,2.0,1.0
CRITICAL,PHYSICAL PORT DOWN,2025-08-13 01:35:03,1,2025-08-13 01:35:03,2505274.0,NORMAL,MISSING,MISSING,ALARM_SRC_1172,CA,2025.0,8.0,2.0,1.0
CRITICAL,PHYSICAL PORT DOWN,2025-08-13 01:35:06,1,2025-08-13 01:35:06,2505274.0,NORMAL,MISSING,MISSING,ALARM_SRC_1172,CA,2025.0,8.0,2.0,1.0
CRITICAL,PHYSICAL PORT DOWN,2025-08-13 01:35:06,1,2025-08-13 01:35:06,2505274.0,NORMAL,MISSING,MISSING,ALARM_SRC_1171,CA,2025.0,8.0,2.0,1.0
CRITICAL,PHYSICAL PORT DOWN,2025-08-13 01:35:10,1,2025-08-13 01:35:10,2505274.0,NORMAL,MISSING,MISSING,ALARM_SRC_1171,CA,2025.0,8.0,2.0,1.0
CRITICAL,PHYSICAL PORT DOWN,2025-08-13 01:35:10,1,2025-08-13 01:35:10,2505274.0,NORMAL,MISSING,MISSING,ALARM_SRC_1172,CA,2025.0,8.0,2.0,1.0
CRITICAL,PHYSICAL PORT DOWN,2025-08-13 01:35:13,1,2025-08-13 01:35:13,2505274.0,NORMAL,MISSING,MISSING,ALARM_SRC_1171,CA,2025.0,8.0,2.0,1.0
CRITICAL,PHYSICAL PORT DOWN,2025-08-13 01:35:17,1,2025-08-13 01:35:17,2505274.0,NORMAL,MISSING,MISSING,ALARM_SRC_1171,CA,2025.0,8.0,2.0,1.0
CRITICAL,PHYSICAL PORT DOWN,2025-08-13 01:35:17,1,2025-08-13 01:35:17,2505274.0,NORMAL,MISSING,MISSING,ALARM_SRC_1172,CA,2025.0,8.0,2.0,1.0
CRITICAL,PHYSICAL PORT DOWN,2025-08-13 01:35:20,1,2025-08-13 01:35:20,2505274.0,NORMAL,MISSING,MISSING,ALARM_SRC_1171,CA,2025.0,8.0,2.0,1.0
CRITICAL,PHYSICAL PORT DOWN,2025-08-13 01:35:20,1,2025-08-13 01:35:20,2505274.0,NORMAL,MISSING,MISSING,ALARM_SRC_1172,CA,2025.0,8.0,2.0,1.0
CRITICAL,PHYSICAL PORT DOWN,2025-08-13 01:35:24,1,2025-08-13 01:35:24,2505274.0,NORMAL,MISSING,MISSING,ALARM_SRC_1171,CA,2025.0,8.0,2.0,1.0
CRITICAL,PHYSICAL PORT DOWN,2025-08-13 01:35:24,1,2025-08-13 01:35:24,2505274.0,NORMAL,MISSING,MISSING,ALARM_SRC_1172,CA,2025.0,8.0,2.0,1.0
CRITICAL,PHYSICAL PORT DOWN,2025-08-13 01:35:27,1,2025-08-13 01:35:27,2505274.0,NORMAL,MISSING,MISSING,ALARM_SRC_1171,CA,2025.0,8.0,2.0,1.0
CRITICAL,PHYSICAL PORT DOWN,2025-08-13 01:35:27,1,2025-08-13 01:35:27,2505274.0,NORMAL,MISSING,MISSING,ALARM_SRC_1172,CA,2025.0,8.0,2.0,1.0
CRITICAL,PHYSICAL PORT DOWN,2025-08-13 01:35:31,1,2025-08-13 01:35:31,2505274.0,NORMAL,MISSING,MISSING,ALARM_SRC_1171,CA,2025.0,8.0,2.0,1.0
CRITICAL,PHYSICAL PORT DOWN,2025-08-13 01:36:00,1,2025-08-13 01:36:00,2505274.0,NORMAL,MISSING,MISSING,ALARM_SRC_1171,CA,2025.0,8.0,2.0,1.0
CRITICAL,PHYSICAL PORT DOWN,2025-08-13 01:36:04,1,2025-08-13 01:36:04,2505274.0,NORMAL,MISSING,MISSING,ALARM_SRC_1171,CA,2025.0,8.0,2.0,1.0
CRITICAL,PHYSICAL PORT DOWN,2025-08-13 01:36:13,1,2025-08-13 01:36:13,2505274.0,NORMAL,MISSING,MISSING,ALARM_SRC_1172,CA,2025.0,8.0,2.0,1.0
CRITICAL,PHYSICAL PORT DOWN,2025-08-13 01:36:17,1,2025-08-13 01:36:17,2505274.0,NORMAL,MISSING,MISSING,ALARM_SRC_1172,CA,2025.0,8.0,2.0,1.0
CRITICAL,PHYSICAL PORT DOWN,2025-08-13 01:36:21,1,2025-08-13 01:36:21,2505274.0,NORMAL,MISSING,MISSING,ALARM_SRC_1172,CA,2025.0,8.0,2.0,1.0
CRITICAL,PHYSICAL PORT DOWN,2025-08-13 01:36:23,1,2025-08-13 01:36:23,2505274.0,NORMAL,MISSING,MISSING,ALARM_SRC_1171,CA,2025.0,8.0,2.0,1.0
CRITICAL,PHYSICAL PORT DOWN,2025-08-13 01:36:24,1,2025-08-13 01:36:24,2505274.0,NORMAL,MISSING,MISSING,ALARM_SRC_1172,CA,2025.0,8.0,2.0,1.0
CRITICAL,PHYSICAL PORT DOWN,2025-08-13 01:36:26,1,2025-08-13 01:36:26,2505274.0,NORMAL,MISSING,MISSING,ALARM_SRC_1171,CA,2025.0,8.0,2.0,1.0
CRITICAL,PHYSICAL PORT DOWN,2025-08-13 01:36:27,1,2025-08-13 01:36:27,2505274.0,NORMAL,MISSING,MISSING,ALARM_SRC_1171,CA,2025.0,8.0,2.0,1.0
CRITICAL,PHYSICAL PORT DOWN,2025-08-13 01:36:28,1,2025-08-13 01:36:28,2505274.0,NORMAL,MISSING,MISSING,ALARM_SRC_1172,CA,2025.0,8.0,2.0,1.0
CRITICAL,PHYSICAL PORT DOWN,2025-08-13 01:36:34,1,2025-08-13 01:36:34,2505274.0,NORMAL,MISSING,MISSING,ALARM_SRC_1171,CA,2025.0,8.0,2.0,1.0
CRITICAL,PHYSICAL PORT DOWN,2025-08-13 01:36:37,1,2025-08-13 01:36:37,2505274.0,NORMAL,MISSING,MISSING,ALARM_SRC_1171,CA,2025.0,8.0,2.0,1.0
CRITICAL,PHYSICAL PORT DOWN,2025-08-13 01:36:39,1,2025-08-13 01:36:39,2505274.0,NORMAL,MISSING,MISSING,ALARM_SRC_1171,CA,2025.0,8.0,2.0,1.0
CRITICAL,PHYSICAL PORT DOWN,2025-08-13 02:08:46,1,2025-08-13 02:08:46,2505274.0,NORMAL,MISSING,MISSING,ALARM_SRC_1172,CA,2025.0,8.0,2.0,2.0
CRITICAL,PHYSICAL PORT DOWN,2025-08-13 02:08:47,1,2025-08-13 02:08:47,2505274.0,NORMAL,MISSING,MISSING,ALARM_SRC_1171,CA,2025.0,8.0,2.0,2.0
CRITICAL,PHYSICAL PORT DOWN,2025-08-13 11:08:39,1,2025-08-13 11:08:39,2505274.0,NORMAL,MISSING,MISSING,ALARM_SRC_1094,AR,2025.0,8.0,2.0,11.0
CRITICAL,PHYSICAL PORT DOWN,2025-08-14 00:50:29,1,2025-08-14 00:50:29,2505274.0,NORMAL,MISSING,MISSING,ALARM_SRC_0469,AR,2025.0,8.0,3.0,0.0
CRITICAL,PHYSICAL PORT DOWN,2025-08-14 15:59:15,1,2025-08-14 15:59:15,2505274.0,NORMAL,MISSING,MISSING,ALARM_SRC_0122,AG,2025.0,8.0,3.0,15.0
CRITICAL,PHYSICAL PORT DOWN,2025-08-14 22:18:21,1,2025-08-14 22:18:21,2505274.0,NORMAL,MISSING,MISSING,ALARM_SRC_0401,AR,2025.0,8.0,3.0,22.0
CRITICAL,BOARD INVALID,2025-08-15 01:32:15,1,2025-08-15 01:32:15,2505210.0,NORMAL,MISSING,MISSING,ALARM_SRC_1171,CA,2025.0,8.0,4.0,1.0
CRITICAL,BOARD INVALID,2025-08-15 01:32:22,1,2025-08-15 01:32:22,2505210.0,NORMAL,MISSING,MISSING,ALARM_SRC_1171,CA,2025.0,8.0,4.0,1.0
CRITICAL,BOARD INVALID,2025-08-15 01:32:27,1,2025-08-15 01:32:27,2505210.0,NORMAL,MISSING,MISSING,ALARM_SRC_1171,CA,2025.0,8.0,4.0,1.0
CRITICAL,BOARD INVALID,2025-08-15 01:32:31,1,2025-08-15 01:32:31,2505210.0,NORMAL,MISSING,MISSING,ALARM_SRC_1171,CA,2025.0,8.0,4.0,1.0
CRITICAL,BOARD INVALID,2025-08-15 02:01:35,1,2025-08-15 02:01:35,2505210.0,NORMAL,MISSING,MISSING,ALARM_SRC_1172,CA,2025.0,8.0,4.0,2.0
CRITICAL,BOARD INVALID,2025-08-15 02:01:38,1,2025-08-15 02:01:38,2505210.0,NORMAL,MISSING,MISSING,ALARM_SRC_1172,CA,2025.0,8.0,4.0,2.0
CRITICAL,BOARD INVALID,2025-08-15 02:01:48,1,2025-08-15 02:01:48,2505210.0,NORMAL,MISSING,MISSING,ALARM_SRC_1172,CA,2025.0,8.0,4.0,2.0
CRITICAL,BOARD INVALID,2025-08-15 02:01:50,1,2025-08-15 02:01:50,2505210.0,NORMAL,MISSING,MISSING,ALARM_SRC_1172,CA,2025.0,8.0,4.0,2.0
CRITICAL,BOARD INVALID,2025-08-15 02:01:58,1,2025-08-15 02:01:58,2505210.0,NORMAL,MISSING,MISSING,ALARM_SRC_1172,CA,2025.0,8.0,4.0,2.0
CRITICAL,PHYSICAL PORT DOWN,2025-08-15 08:50:53,1,2025-08-15 08:50:53,2505274.0,NORMAL,MISSING,MISSING,ALARM_SRC_0963,AR,2025.0,8.0,4.0,8.0
CRITICAL,PHYSICAL PORT DOWN,2025-08-15 09:00:23,1,2025-08-15 09:00:23,2505274.0,NORMAL,MISSING,MISSING,ALARM_SRC_0435,AR,2025.0,8.0,4.0,9.0
CRITICAL,PHYSICAL PORT DOWN,2025-08-15 10:04:44,1,2025-08-15 10:04:44,2505274.0,NORMAL,MISSING,MISSING,ALARM_SRC_1005,AR,2025.0,8.0,4.0,10.0
CRITICAL,PHYSICAL PORT DOWN,2025-08-16 17:39:49,1,2025-08-16 17:39:49,2505274.0,NORMAL,MISSING,MISSING,ALARM_SRC_0791,AR,2025.0,8.0,5.0,17.0
CRITICAL,PHYSICAL PORT DOWN,2025-08-16 18:12:50,1,2025-08-16 18:12:50,3074752.0,NORMAL,MISSING,MISSING,ALARM_SRC_1189,CP,2025.0,8.0,5.0,18.0
CRITICAL,PHYSICAL PORT DOWN,2025-08-16 18:12:50,1,2025-08-16 18:12:50,3074752.0,NORMAL,MISSING,MISSING,ALARM_SRC_1189,CP,2025.0,8.0,5.0,18.0
CRITICAL,PHYSICAL PORT DOWN,2025-08-16 18:12:50,1,2025-08-16 18:12:50,3074752.0,NORMAL,MISSING,MISSING,ALARM_SRC_1189,CP,2025.0,8.0,5.0,18.0
CRITICAL,PHYSICAL PORT DOWN,2025-08-16 18:12:50,1,2025-08-16 18:12:50,3074752.0,NORMAL,MISSING,MISSING,ALARM_SRC_1189,CP,2025.0,8.0,5.0,18.0
CRITICAL,PHYSICAL PORT DOWN,2025-08-16 18:12:53,1,2025-08-16 18:12:53,3074752.0,NORMAL,MISSING,MISSING,ALARM_SRC_1189,CP,2025.0,8.0,5.0,18.0
CRITICAL,PHYSICAL PORT DOWN,2025-08-16 18:12:53,1,2025-08-16 18:12:53,3074752.0,NORMAL,MISSING,MISSING,ALARM_SRC_1189,CP,2025.0,8.0,5.0,18.0
CRITICAL,PHYSICAL PORT DOWN,2025-08-16 18:12:53,1,2025-08-16 18:12:53,3074752.0,NORMAL,MISSING,MISSING,ALARM_SRC_1189,CP,2025.0,8.0,5.0,18.0
CRITICAL,BOARD INVALID,2025-08-17 02:40:42,1,2025-08-17 02:40:42,2505210.0,NORMAL,MISSING,MISSING,ALARM_SRC_0045,AG,2025.0,8.0,6.0,2.0
CRITICAL,PHYSICAL PORT DOWN,2025-08-17 10:34:28,1,2025-08-17 10:34:28,2505274.0,NORMAL,MISSING,MISSING,ALARM_SRC_0697,AR,2025.0,8.0,6.0,10.0
CRITICAL,PHYSICAL PORT DOWN,2025-08-17 14:48:01,1,2025-08-17 14:48:01,2505274.0,NORMAL,MISSING,MISSING,ALARM_SRC_0938,AR,2025.0,8.0,6.0,14.0
CRITICAL,PHYSICAL PORT DOWN,2025-08-17 14:48:01,1,2025-08-17 14:48:01,2505274.0,NORMAL,MISSING,MISSING,ALARM_SRC_0938,AR,2025.0,8.0,6.0,14.0
CRITICAL,PHYSICAL PORT DOWN,2025-08-17 14:48:01,1,2025-08-17 14:48:01,2505274.0,NORMAL,MISSING,MISSING,ALARM_SRC_0938,AR,2025.0,8.0,6.0,14.0
CRITICAL,PHYSICAL PORT DOWN,2025-08-17 14:48:01,1,2025-08-17 14:48:01,2505274.0,NORMAL,MISSING,MISSING,ALARM_SRC_0938,AR,2025.0,8.0,6.0,14.0
CRITICAL,PHYSICAL PORT DOWN,2025-08-17 17:33:47,1,2025-08-17 17:33:47,2505274.0,NORMAL,MISSING,MISSING,ALARM_SRC_0286,AR,2025.0,8.0,6.0,17.0
CRITICAL,PHYSICAL PORT DOWN,2025-08-18 07:41:36,1,2025-08-18 07:41:36,2505274.0,NORMAL,MISSING,MISSING,ALARM_SRC_0974,AR,2025.0,8.0,0.0,7.0
CRITICAL,PHYSICAL PORT DOWN,2025-08-18 15:41:39,1,2025-08-18 15:41:39,2505274.0,NORMAL,MISSING,MISSING,ALARM_SRC_0940,AR,2025.0,8.0,0.0,15.0
CRITICAL,PHYSICAL PORT DOWN,2025-08-18 18:02:19,1,2025-08-18 18:02:19,2505274.0,NORMAL,MISSING,MISSING,ALARM_SRC_0703,AR,2025.0,8.0,0.0,18.0
CRITICAL,PHYSICAL PORT DOWN,2025-08-18 22:14:17,1,2025-08-18 22:14:17,2505274.0,NORMAL,MISSING,MISSING,ALARM_SRC_0125,AG,2025.0,8.0,0.0,22.0
CRITICAL,PHYSICAL PORT DOWN,2025-08-19 08:25:51,1,2025-08-19 08:25:51,2505274.0,NORMAL,MISSING,MISSING,ALARM_SRC_0001,AG,2025.0,8.0,1.0,8.0
CRITICAL,PHYSICAL PORT DOWN,2025-08-19 10:39:24,1,2025-08-19 10:39:24,2505274.0,NORMAL,MISSING,MISSING,ALARM_SRC_0450,AR,2025.0,8.0,1.0,10.0
CRITICAL,PHYSICAL PORT DOWN,2025-08-20 00:18:32,1,2025-08-20 00:18:32,2505274.0,NORMAL,MISSING,MISSING,ALARM_SRC_0043,AG,2025.0,8.0,2.0,0.0
CRITICAL,PHYSICAL PORT DOWN,2025-08-20 07:28:02,1,2025-08-20 07:28:02,2505274.0,NORMAL,MISSING,MISSING,ALARM_SRC_0001,AG,2025.0,8.0,2.0,7.0
CRITICAL,PHYSICAL PORT DOWN,2025-08-20 09:33:41,1,2025-08-20 09:33:41,2505274.0,NORMAL,MISSING,MISSING,ALARM_SRC_0042,AG,2025.0,8.0,2.0,9.0
CRITICAL,PHYSICAL PORT DOWN,2025-08-20 10:27:16,1,2025-08-20 10:27:16,2505274.0,NORMAL,MISSING,MISSING,ALARM_SRC_1062,AR,2025.0,8.0,2.0,10.0
CRITICAL,PHYSICAL PORT DOWN,2025-08-20 12:30:37,1,2025-08-20 12:30:37,2505274.0,NORMAL,MISSING,MISSING,ALARM_SRC_0316,AR,2025.0,8.0,2.0,12.0
CRITICAL,PHYSICAL PORT DOWN,2025-08-20 12:36:05,1,2025-08-20 12:36:05,2505274.0,NORMAL,MISSING,MISSING,ALARM_SRC_0514,AR,2025.0,8.0,2.0,12.0
CRITICAL,PHYSICAL PORT DOWN,2025-08-20 12:36:06,1,2025-08-20 12:36:06,2505274.0,NORMAL,MISSING,MISSING,ALARM_SRC_0513,AR,2025.0,8.0,2.0,12.0
CRITICAL,PHYSICAL PORT DOWN,2025-08-20 14:01:49,1,2025-08-20 14:01:49,2505274.0,NORMAL,MISSING,MISSING,ALARM_SRC_0043,AG,2025.0,8.0,2.0,14.0
CRITICAL,PHYSICAL PORT DOWN,2025-08-20 14:02:05,1,2025-08-20 14:02:05,2505274.0,NORMAL,MISSING,MISSING,ALARM_SRC_0043,AG,2025.0,8.0,2.0,14.0
CRITICAL,PHYSICAL PORT DOWN,2025-08-20 16:31:23,1,2025-08-20 16:31:23,2505274.0,NORMAL,MISSING,MISSING,ALARM_SRC_0512,AR,2025.0,8.0,2.0,16.0
CRITICAL,PHYSICAL PORT DOWN,2025-08-20 16:39:41,1,2025-08-20 16:39:41,2505274.0,NORMAL,MISSING,MISSING,ALARM_SRC_0430,AR,2025.0,8.0,2.0,16.0
CRITICAL,PHYSICAL PORT DOWN,2025-08-21 01:14:42,1,2025-08-21 01:14:42,3074752.0,NORMAL,MISSING,MISSING,ALARM_SRC_1174,CP,2025.0,8.0,3.0,1.0
CRITICAL,PHYSICAL PORT DOWN,2025-08-21 10:56:25,1,2025-08-21 10:56:25,2505274.0,NORMAL,MISSING,MISSING,ALARM_SRC_1094,AR,2025.0,8.0,3.0,10.0
CRITICAL,PHYSICAL PORT DOWN,2025-08-21 11:41:50,1,2025-08-21 11:41:50,2505274.0,NORMAL,MISSING,MISSING,ALARM_SRC_0213,AR,2025.0,8.0,3.0,11.0
CRITICAL,PHYSICAL PORT DOWN,2025-08-21 22:37:13,1,2025-08-21 22:37:13,2505274.0,NORMAL,MISSING,MISSING,ALARM_SRC_0672,AR,2025.0,8.0,3.0,22.0
CRITICAL,PHYSICAL PORT DOWN,2025-08-22 01:57:07,1,2025-08-22 01:57:07,2505274.0,NORMAL,MISSING,MISSING,ALARM_SRC_1165,CA,2025.0,8.0,4.0,1.0
CRITICAL,PHYSICAL PORT DOWN,2025-08-22 01:57:07,1,2025-08-22 01:57:07,2505274.0,NORMAL,MISSING,MISSING,ALARM_SRC_1165,CA,2025.0,8.0,4.0,1.0
CRITICAL,PHYSICAL PORT DOWN,2025-08-22 02:40:34,1,2025-08-22 02:40:34,2505274.0,NORMAL,MISSING,MISSING,ALARM_SRC_1166,CA,2025.0,8.0,4.0,2.0
CRITICAL,PHYSICAL PORT DOWN,2025-08-22 14:09:24,1,2025-08-22 14:09:24,2505274.0,NORMAL,MISSING,MISSING,ALARM_SRC_0915,AR,2025.0,8.0,4.0,14.0
CRITICAL,PHYSICAL PORT DOWN,2025-08-22 17:49:50,1,2025-08-22 17:49:50,2505274.0,NORMAL,MISSING,MISSING,ALARM_SRC_1006,AR,2025.0,8.0,4.0,17.0
CRITICAL,PHYSICAL PORT DOWN,2025-08-22 18:03:28,1,2025-08-22 18:03:28,2505274.0,NORMAL,MISSING,MISSING,ALARM_SRC_0671,AR,2025.0,8.0,4.0,18.0
CRITICAL,PHYSICAL PORT DOWN,2025-08-23 10:00:45,1,2025-08-23 10:00:45,2505274.0,NORMAL,MISSING,MISSING,ALARM_SRC_0387,AR,2025.0,8.0,5.0,10.0
CRITICAL,PHYSICAL PORT DOWN,2025-08-23 14:06:32,1,2025-08-23 14:06:32,2505274.0,NORMAL,MISSING,MISSING,ALARM_SRC_0018,AG,2025.0,8.0,5.0,14.0
CRITICAL,PHYSICAL PORT DOWN,2025-08-23 14:14:49,1,2025-08-23 14:14:49,2505274.0,NORMAL,MISSING,MISSING,ALARM_SRC_0351,AR,2025.0,8.0,5.0,14.0
CRITICAL,PHYSICAL PORT DOWN,2025-08-23 14:14:49,1,2025-08-23 14:14:49,2505274.0,NORMAL,MISSING,MISSING,ALARM_SRC_0351,AR,2025.0,8.0,5.0,14.0
CRITICAL,PHYSICAL PORT DOWN,2025-08-23 14:47:17,1,2025-08-23 14:47:17,2505274.0,NORMAL,MISSING,MISSING,ALARM_SRC_0351,AR,2025.0,8.0,5.0,14.0
CRITICAL,PHYSICAL PORT DOWN,2025-08-23 20:33:49,1,2025-08-23 20:33:49,2505274.0,NORMAL,MISSING,MISSING,ALARM_SRC_0214,AR,2025.0,8.0,5.0,20.0
CRITICAL,PHYSICAL PORT DOWN,2025-08-23 21:04:08,1,2025-08-23 21:04:08,2505274.0,NORMAL,MISSING,MISSING,ALARM_SRC_0215,AR,2025.0,8.0,5.0,21.0
CRITICAL,PHYSICAL PORT DOWN,2025-08-24 13:42:30,1,2025-08-24 13:42:30,2505274.0,NORMAL,MISSING,MISSING,ALARM_SRC_0312,AR,2025.0,8.0,6.0,13.0
CRITICAL,PHYSICAL PORT DOWN,2025-08-24 13:53:58,1,2025-08-24 13:53:58,2505274.0,NORMAL,MISSING,MISSING,ALARM_SRC_1111,AR,2025.0,8.0,6.0,13.0
CRITICAL,PHYSICAL PORT DOWN,2025-08-24 15:57:55,1,2025-08-24 15:57:55,2505274.0,NORMAL,MISSING,MISSING,ALARM_SRC_1018,AR,2025.0,8.0,6.0,15.0
CRITICAL,PHYSICAL PORT DOWN,2025-08-25 13:46:32,1,2025-08-25 13:46:32,2505274.0,NORMAL,MISSING,MISSING,ALARM_SRC_1099,AR,2025.0,8.0,0.0,13.0
CRITICAL,PHYSICAL PORT DOWN,2025-08-25 16:57:13,1,2025-08-25 16:57:13,2505274.0,NORMAL,MISSING,MISSING,ALARM_SRC_0042,AG,2025.0,8.0,0.0,16.0
CRITICAL,PHYSICAL PORT DOWN,2025-08-25 18:23:48,1,2025-08-25 18:23:48,2505274.0,NORMAL,MISSING,MISSING,ALARM_SRC_0515,AR,2025.0,8.0,0.0,18.0
CRITICAL,PHYSICAL PORT DOWN,2025-08-25 19:37:40,1,2025-08-25 19:37:40,2505274.0,NORMAL,MISSING,MISSING,ALARM_SRC_0430,AR,2025.0,8.0,0.0,19.0
CRITICAL,PHYSICAL PORT DOWN,2025-08-25 19:48:55,1,2025-08-25 19:48:55,2505274.0,NORMAL,MISSING,MISSING,ALARM_SRC_0324,AR,2025.0,8.0,0.0,19.0
CRITICAL,PHYSICAL PORT DOWN,2025-08-25 20:19:20,1,2025-08-25 20:19:20,2505274.0,NORMAL,MISSING,MISSING,ALARM_SRC_0125,AG,2025.0,8.0,0.0,20.0
CRITICAL,PHYSICAL PORT DOWN,2025-08-26 01:26:58,1,2025-08-26 01:26:58,2505274.0,NORMAL,MISSING,MISSING,ALARM_SRC_0406,AR,2025.0,8.0,1.0,1.0
CRITICAL,PHYSICAL PORT DOWN,2025-08-26 01:30:25,1,2025-08-26 01:30:25,2505274.0,NORMAL,MISSING,MISSING,ALARM_SRC_0406,AR,2025.0,8.0,1.0,1.0
CRITICAL,PHYSICAL PORT DOWN,2025-08-26 06:20:19,1,2025-08-26 06:20:19,2505274.0,NORMAL,MISSING,MISSING,ALARM_SRC_0292,AR,2025.0,8.0,1.0,6.0
CRITICAL,PHYSICAL PORT DOWN,2025-08-26 09:30:56,1,2025-08-26 09:30:56,2505274.0,NORMAL,MISSING,MISSING,ALARM_SRC_1005,AR,2025.0,8.0,1.0,9.0
CRITICAL,PHYSICAL PORT DOWN,2025-08-26 13:30:30,1,2025-08-26 13:30:30,2505274.0,NORMAL,MISSING,MISSING,ALARM_SRC_0775,AR,2025.0,8.0,1.0,13.0
CRITICAL,PHYSICAL PORT DOWN,2025-08-26 18:02:24,1,2025-08-26 18:02:24,2505274.0,NORMAL,MISSING,MISSING,ALARM_SRC_0117,AG,2025.0,8.0,1.0,18.0
CRITICAL,PHYSICAL PORT DOWN,2025-08-27 08:50:51,1,2025-08-27 08:50:51,2505274.0,NORMAL,MISSING,MISSING,ALARM_SRC_1018,AR,2025.0,8.0,2.0,8.0
CRITICAL,PHYSICAL PORT DOWN,2025-08-27 11:32:52,1,2025-08-27 11:32:52,2505274.0,NORMAL,MISSING,MISSING,ALARM_SRC_0212,AR,2025.0,8.0,2.0,11.0
CRITICAL,PHYSICAL PORT DOWN,2025-08-27 15:00:53,1,2025-08-27 15:00:53,2505274.0,NORMAL,MISSING,MISSING,ALARM_SRC_0890,AR,2025.0,8.0,2.0,15.0
CRITICAL,PHYSICAL PORT DOWN,2025-08-28 01:03:01,1,2025-08-28 01:03:01,2505274.0,NORMAL,MISSING,MISSING,ALARM_SRC_0401,AR,2025.0,8.0,3.0,1.0
CRITICAL,PHYSICAL PORT DOWN,2025-08-28 11:13:16,1,2025-08-28 11:13:16,2505274.0,NORMAL,MISSING,MISSING,ALARM_SRC_0215,AR,2025.0,8.0,3.0,11.0
CRITICAL,PHYSICAL PORT DOWN,2025-08-28 11:48:41,1,2025-08-28 11:48:41,2505274.0,NORMAL,MISSING,MISSING,ALARM_SRC_0967,AR,2025.0,8.0,3.0,11.0
CRITICAL,PHYSICAL PORT DOWN,2025-08-28 13:54:49,1,2025-08-28 13:54:49,2505274.0,NORMAL,MISSING,MISSING,ALARM_SRC_1029,AR,2025.0,8.0,3.0,13.0
CRITICAL,PHYSICAL PORT DOWN,2025-08-29 09:41:09,1,2025-08-29 09:41:09,2505274.0,NORMAL,MISSING,MISSING,ALARM_SRC_0215,AR,2025.0,8.0,4.0,9.0
CRITICAL,PHYSICAL PORT DOWN,2025-08-29 12:07:34,1,2025-08-29 12:07:34,2505274.0,NORMAL,MISSING,MISSING,ALARM_SRC_0217,AR,2025.0,8.0,4.0,12.0
CRITICAL,PHYSICAL PORT DOWN,2025-08-29 15:24:44,1,2025-08-29 15:24:44,2505274.0,NORMAL,MISSING,MISSING,ALARM_SRC_0974,AR,2025.0,8.0,4.0,15.0
CRITICAL,PHYSICAL PORT DOWN,2025-08-29 18:20:22,1,2025-08-29 18:20:22,2505274.0,NORMAL,MISSING,MISSING,ALARM_SRC_0108,AG,2025.0,8.0,4.0,18.0
CRITICAL,PHYSICAL PORT DOWN,2025-08-30 11:24:17,1,2025-08-30 11:24:17,2505274.0,NORMAL,MISSING,MISSING,ALARM_SRC_0632,AR,2025.0,8.0,5.0,11.0
CRITICAL,PHYSICAL PORT DOWN,2025-08-30 11:51:42,1,2025-08-30 11:51:42,2505274.0,NORMAL,MISSING,MISSING,ALARM_SRC_0965,AR,2025.0,8.0,5.0,11.0
CRITICAL,PHYSICAL PORT DOWN,2025-08-31 07:05:17,1,2025-08-31 07:05:17,2505274.0,NORMAL,MISSING,MISSING,ALARM_SRC_0486,AR,2025.0,8.0,6.0,7.0
CRITICAL,PHYSICAL PORT DOWN,2025-08-31 07:47:08,1,2025-08-31 07:47:08,2505274.0,NORMAL,MISSING,MISSING,ALARM_SRC_0470,AR,2025.0,8.0,6.0,7.0
CRITICAL,PHYSICAL PORT DOWN,2025-08-31 07:49:16,1,2025-08-31 07:49:16,2505274.0,NORMAL,MISSING,MISSING,ALARM_SRC_0469,AR,2025.0,8.0,6.0,7.0
CRITICAL,PHYSICAL PORT DOWN,2025-08-31 07:49:16,1,2025-08-31 07:49:16,2505274.0,NORMAL,MISSING,MISSING,ALARM_SRC_0469,AR,2025.0,8.0,6.0,7.0
CRITICAL,PHYSICAL PORT DOWN,2025-08-31 07:49:16,1,2025-08-31 07:49:16,2505274.0,NORMAL,MISSING,MISSING,ALARM_SRC_0469,AR,2025.0,8.0,6.0,7.0
CRITICAL,PHYSICAL PORT DOWN,2025-08-31 07:49:16,1,2025-08-31 07:49:16,2505274.0,NORMAL,MISSING,MISSING,ALARM_SRC_0469,AR,2025.0,8.0,6.0,7.0
CRITICAL,PHYSICAL PORT DOWN,2025-08-31 07:49:16,1,2025-08-31 07:49:16,2505274.0,NORMAL,MISSING,MISSING,ALARM_SRC_0469,AR,2025.0,8.0,6.0,7.0
CRITICAL,PHYSICAL PORT DOWN,2025-08-31 07:49:16,1,2025-08-31 07:49:16,2505274.0,NORMAL,MISSING,MISSING,ALARM_SRC_0469,AR,2025.0,8.0,6.0,7.0
CRITICAL,PHYSICAL PORT DOWN,2025-08-31 08:00:35,1,2025-08-31 08:00:35,2505274.0,NORMAL,MISSING,MISSING,ALARM_SRC_0485,AR,2025.0,8.0,6.0,8.0
CRITICAL,PHYSICAL PORT DOWN,2025-08-31 10:08:10,1,2025-08-31 10:08:10,2505274.0,NORMAL,MISSING,MISSING,ALARM_SRC_0474,AR,2025.0,8.0,6.0,10.0
CRITICAL,PHYSICAL PORT DOWN,2025-08-31 10:26:06,1,2025-08-31 10:26:06,2505274.0,NORMAL,MISSING,MISSING,ALARM_SRC_0471,AR,2025.0,8.0,6.0,10.0
CRITICAL,PHYSICAL PORT DOWN,2025-08-31 10:43:19,1,2025-08-31 10:43:19,2505274.0,NORMAL,MISSING,MISSING,ALARM_SRC_1030,AR,2025.0,8.0,6.0,10.0
CRITICAL,PHYSICAL PORT DOWN,2025-08-31 11:47:20,1,2025-08-31 11:47:20,2505274.0,NORMAL,MISSING,MISSING,ALARM_SRC_0473,AR,2025.0,8.0,6.0,11.0
CRITICAL,PHYSICAL PORT DOWN,2025-08-31 12:23:49,1,2025-08-31 12:23:49,2505274.0,NORMAL,MISSING,MISSING,ALARM_SRC_0416,AR,2025.0,8.0,6.0,12.0
CRITICAL,PHYSICAL PORT DOWN,2025-08-31 12:23:49,1,2025-08-31 12:23:49,2505274.0,NORMAL,MISSING,MISSING,ALARM_SRC_0416,AR,2025.0,8.0,6.0,12.0
CRITICAL,PHYSICAL PORT DOWN,2025-08-31 12:31:00,1,2025-08-31 12:31:00,2505274.0,NORMAL,MISSING,MISSING,ALARM_SRC_0482,AR,2025.0,8.0,6.0,12.0
CRITICAL,PHYSICAL PORT DOWN,2025-08-31 13:06:27,1,2025-08-31 13:06:27,2505274.0,NORMAL,MISSING,MISSING,ALARM_SRC_1030,AR,2025.0,8.0,6.0,13.0
CRITICAL,PHYSICAL PORT DOWN,2025-08-31 13:19:46,1,2025-08-31 13:19:46,2505274.0,NORMAL,MISSING,MISSING,ALARM_SRC_0473,AR,2025.0,8.0,6.0,13.0
CRITICAL,PHYSICAL PORT DOWN,2025-08-31 13:19:46,1,2025-08-31 13:19:46,2505274.0,NORMAL,MISSING,MISSING,ALARM_SRC_0473,AR,2025.0,8.0,6.0,13.0
CRITICAL,PHYSICAL PORT DOWN,2025-08-31 14:19:32,1,2025-08-31 14:19:32,2505274.0,NORMAL,MISSING,MISSING,ALARM_SRC_0473,AR,2025.0,8.0,6.0,14.0
CRITICAL,PHYSICAL PORT DOWN,2025-08-31 14:50:38,1,2025-08-31 14:50:38,2505274.0,NORMAL,MISSING,MISSING,ALARM_SRC_0331,AR,2025.0,8.0,6.0,14.0
CRITICAL,PHYSICAL PORT DOWN,2025-08-31 17:05:57,1,2025-08-31 17:05:57,2505274.0,NORMAL,MISSING,MISSING,ALARM_SRC_0330,AR,2025.0,8.0,6.0,17.0
CRITICAL,PHYSICAL PORT DOWN,2025-08-31 21:10:38,1,2025-08-31 21:10:38,2505274.0,NORMAL,MISSING,MISSING,ALARM_SRC_0942,AR,2025.0,8.0,6.0,21.0
CRITICAL,PHYSICAL PORT DOWN,2025-09-01 09:41:11,1,2025-09-01 09:41:11,2505274.0,NORMAL,MISSING,MISSING,ALARM_SRC_0421,AR,2025.0,9.0,0.0,9.0
CRITICAL,PHYSICAL PORT DOWN,2025-09-01 10:40:47,1,2025-09-01 10:40:47,2505274.0,NORMAL,MISSING,MISSING,ALARM_SRC_0477,AR,2025.0,9.0,0.0,10.0
CRITICAL,PHYSICAL PORT DOWN,2025-09-01 10:40:47,1,2025-09-01 10:40:47,2505274.0,NORMAL,MISSING,MISSING,ALARM_SRC_0477,AR,2025.0,9.0,0.0,10.0
CRITICAL,PHYSICAL PORT DOWN,2025-09-01 11:56:43,1,2025-09-01 11:56:43,2505274.0,NORMAL,MISSING,MISSING,ALARM_SRC_0410,AR,2025.0,9.0,0.0,11.0
CRITICAL,PHYSICAL PORT DOWN,2025-09-01 12:05:20,1,2025-09-01 12:05:20,2505274.0,NORMAL,MISSING,MISSING,ALARM_SRC_0791,AR,2025.0,9.0,0.0,12.0
CRITICAL,PHYSICAL PORT DOWN,2025-09-01 15:02:26,1,2025-09-01 15:02:26,2505274.0,NORMAL,MISSING,MISSING,ALARM_SRC_0093,AG,2025.0,9.0,0.0,15.0
CRITICAL,PHYSICAL PORT DOWN,2025-09-01 15:02:26,1,2025-09-01 15:02:26,2505274.0,NORMAL,MISSING,MISSING,ALARM_SRC_0093,AG,2025.0,9.0,0.0,15.0
CRITICAL,PHYSICAL PORT DOWN,2025-09-01 20:16:16,1,2025-09-01 20:16:16,2505274.0,NORMAL,MISSING,MISSING,ALARM_SRC_0207,AR,2025.0,9.0,0.0,20.0
CRITICAL,PHYSICAL PORT DOWN,2025-09-01 20:37:46,1,2025-09-01 20:37:46,2505274.0,NORMAL,MISSING,MISSING,ALARM_SRC_0407,AR,2025.0,9.0,0.0,20.0
CRITICAL,PHYSICAL PORT DOWN,2025-09-01 20:37:47,1,2025-09-01 20:37:47,2505274.0,NORMAL,MISSING,MISSING,ALARM_SRC_0407,AR,2025.0,9.0,0.0,20.0
CRITICAL,PHYSICAL PORT DOWN,2025-09-02 10:44:02,1,2025-09-02 10:44:02,2505274.0,NORMAL,MISSING,MISSING,ALARM_SRC_0685,AR,2025.0,9.0,1.0,10.0
CRITICAL,PHYSICAL PORT DOWN,2025-09-02 12:22:17,1,2025-09-02 12:22:17,2505274.0,NORMAL,MISSING,MISSING,ALARM_SRC_1035,AR,2025.0,9.0,1.0,12.0
CRITICAL,PHYSICAL PORT DOWN,2025-09-02 13:57:28,1,2025-09-02 13:57:28,2505274.0,NORMAL,MISSING,MISSING,ALARM_SRC_0074,AG,2025.0,9.0,1.0,13.0
CRITICAL,PHYSICAL PORT DOWN,2025-09-02 15:34:42,1,2025-09-02 15:34:42,2505274.0,NORMAL,MISSING,MISSING,ALARM_SRC_0503,AR,2025.0,9.0,1.0,15.0
CRITICAL,THE DEVICE IS OFFLINE,2025-09-02 15:58:50,1,2025-09-02 15:58:50,7.0,NORMAL,MISSING,MISSING,ALARM_SRC_1203,SW,2025.0,9.0,1.0,15.0
CRITICAL,PHYSICAL PORT DOWN,2025-09-02 16:04:53,1,2025-09-02 16:04:53,3074752.0,NORMAL,MISSING,MISSING,ALARM_SRC_0039,AG,2025.0,9.0,1.0,16.0
CRITICAL,BOARD INVALID,2025-09-03 11:49:03,1,2025-09-03 11:49:03,2505210.0,NORMAL,MISSING,MISSING,ALARM_SRC_0604,AR,2025.0,9.0,2.0,11.0
CRITICAL,PHYSICAL PORT DOWN,2025-09-03 12:37:40,1,2025-09-03 12:37:40,2505274.0,NORMAL,MISSING,MISSING,ALARM_SRC_1005,AR,2025.0,9.0,2.0,12.0
CRITICAL,PHYSICAL PORT DOWN,2025-09-03 14:37:15,1,2025-09-03 14:37:15,2505274.0,NORMAL,MISSING,MISSING,ALARM_SRC_0503,AR,2025.0,9.0,2.0,14.0
CRITICAL,PHYSICAL PORT DOWN,2025-09-03 14:40:31,1,2025-09-03 14:40:31,2505274.0,NORMAL,MISSING,MISSING,ALARM_SRC_0704,AR,2025.0,9.0,2.0,14.0
CRITICAL,PHYSICAL PORT DOWN,2025-09-03 15:06:36,1,2025-09-03 15:06:36,2505274.0,NORMAL,MISSING,MISSING,ALARM_SRC_0938,AR,2025.0,9.0,2.0,15.0
CRITICAL,PHYSICAL PORT DOWN,2025-09-03 15:09:50,1,2025-09-03 15:09:50,2505274.0,NORMAL,MISSING,MISSING,ALARM_SRC_0974,AR,2025.0,9.0,2.0,15.0
CRITICAL,PHYSICAL PORT DOWN,2025-09-03 15:10:14,1,2025-09-03 15:10:14,2505274.0,NORMAL,MISSING,MISSING,ALARM_SRC_0503,AR,2025.0,9.0,2.0,15.0
CRITICAL,PHYSICAL PORT DOWN,2025-09-03 17:18:41,1,2025-09-03 17:18:41,2505274.0,NORMAL,MISSING,MISSING,ALARM_SRC_0966,AR,2025.0,9.0,2.0,17.0
CRITICAL,PHYSICAL PORT DOWN,2025-09-03 19:08:09,1,2025-09-03 19:08:09,2505274.0,NORMAL,MISSING,MISSING,ALARM_SRC_0291,AR,2025.0,9.0,2.0,19.0
CRITICAL,PHYSICAL PORT DOWN,2025-09-04 09:21:37,1,2025-09-04 09:21:37,2505274.0,NORMAL,MISSING,MISSING,ALARM_SRC_1066,AR,2025.0,9.0,3.0,9.0
CRITICAL,PHYSICAL PORT DOWN,2025-09-04 12:10:51,1,2025-09-04 12:10:51,2505274.0,NORMAL,MISSING,MISSING,ALARM_SRC_0027,AG,2025.0,9.0,3.0,12.0
CRITICAL,PHYSICAL PORT DOWN,2025-09-04 15:01:59,1,2025-09-04 15:01:59,2505274.0,NORMAL,MISSING,MISSING,ALARM_SRC_0559,AR,2025.0,9.0,3.0,15.0
CRITICAL,PHYSICAL PORT DOWN,2025-09-04 16:47:41,1,2025-09-04 16:47:41,2505274.0,NORMAL,MISSING,MISSING,ALARM_SRC_0462,AR,2025.0,9.0,3.0,16.0
CRITICAL,PHYSICAL PORT DOWN,2025-09-05 12:20:39,1,2025-09-05 12:20:39,2505274.0,NORMAL,MISSING,MISSING,ALARM_SRC_0894,AR,2025.0,9.0,4.0,12.0
CRITICAL,PHYSICAL PORT DOWN,2025-09-05 15:57:44,1,2025-09-05 15:57:44,2505274.0,NORMAL,MISSING,MISSING,ALARM_SRC_1094,AR,2025.0,9.0,4.0,15.0
CRITICAL,PHYSICAL PORT DOWN,2025-09-06 00:23:39,1,2025-09-06 00:23:39,2505274.0,NORMAL,MISSING,MISSING,ALARM_SRC_0241,AR,2025.0,9.0,5.0,0.0
CRITICAL,PHYSICAL PORT DOWN,2025-09-06 09:30:12,1,2025-09-06 09:30:12,2505274.0,NORMAL,MISSING,MISSING,ALARM_SRC_0336,AR,2025.0,9.0,5.0,9.0
CRITICAL,PHYSICAL PORT DOWN,2025-09-06 10:15:48,1,2025-09-06 10:15:48,2505274.0,NORMAL,MISSING,MISSING,ALARM_SRC_1054,AR,2025.0,9.0,5.0,10.0
CRITICAL,PHYSICAL PORT DOWN,2025-09-06 14:35:55,1,2025-09-06 14:35:55,2505274.0,NORMAL,MISSING,MISSING,ALARM_SRC_0237,AR,2025.0,9.0,5.0,14.0
CRITICAL,PHYSICAL PORT DOWN,2025-09-06 18:31:26,1,2025-09-06 18:31:26,2505274.0,NORMAL,MISSING,MISSING,ALARM_SRC_0241,AR,2025.0,9.0,5.0,18.0
CRITICAL,PHYSICAL PORT DOWN,2025-09-08 14:49:14,1,2025-09-08 14:49:14,2505274.0,NORMAL,MISSING,MISSING,ALARM_SRC_0981,AR,2025.0,9.0,0.0,14.0
CRITICAL,PHYSICAL PORT DOWN,2025-09-08 14:49:14,1,2025-09-08 14:49:14,2505274.0,NORMAL,MISSING,MISSING,ALARM_SRC_0981,AR,2025.0,9.0,0.0,14.0
CRITICAL,PHYSICAL PORT DOWN,2025-09-08 19:05:06,1,2025-09-08 19:05:06,2505274.0,NORMAL,MISSING,MISSING,ALARM_SRC_0677,AR,2025.0,9.0,0.0,19.0
CRITICAL,PHYSICAL PORT DOWN,2025-09-09 02:01:11,1,2025-09-09 02:01:11,2505274.0,NORMAL,MISSING,MISSING,ALARM_SRC_0389,AR,2025.0,9.0,1.0,2.0
CRITICAL,PHYSICAL PORT DOWN,2025-09-09 02:07:48,1,2025-09-09 02:07:48,2505274.0,NORMAL,MISSING,MISSING,ALARM_SRC_0389,AR,2025.0,9.0,1.0,2.0
CRITICAL,PHYSICAL PORT DOWN,2025-09-09 08:31:26,1,2025-09-09 08:31:26,2505274.0,NORMAL,MISSING,MISSING,ALARM_SRC_0008,AG,2025.0,9.0,1.0,8.0
CRITICAL,PHYSICAL PORT DOWN,2025-09-09 12:20:41,1,2025-09-09 12:20:41,2505274.0,NORMAL,MISSING,MISSING,ALARM_SRC_0354,AR,2025.0,9.0,1.0,12.0
CRITICAL,PHYSICAL PORT DOWN,2025-09-10 09:03:02,1,2025-09-10 09:03:02,2505274.0,NORMAL,MISSING,MISSING,ALARM_SRC_1139,AR,2025.0,9.0,2.0,9.0
CRITICAL,PHYSICAL PORT DOWN,2025-09-10 09:03:02,1,2025-09-10 09:03:02,2505274.0,NORMAL,MISSING,MISSING,ALARM_SRC_1139,AR,2025.0,9.0,2.0,9.0
CRITICAL,PHYSICAL PORT DOWN,2025-09-10 09:30:35,1,2025-09-10 09:30:35,2505274.0,NORMAL,MISSING,MISSING,ALARM_SRC_0235,AR,2025.0,9.0,2.0,9.0
CRITICAL,PHYSICAL PORT DOWN,2025-09-10 10:44:38,1,2025-09-10 10:44:38,2505274.0,NORMAL,MISSING,MISSING,ALARM_SRC_1139,AR,2025.0,9.0,2.0,10.0
CRITICAL,PHYSICAL PORT DOWN,2025-09-10 14:51:13,1,2025-09-10 14:51:13,2505274.0,NORMAL,MISSING,MISSING,ALARM_SRC_0646,AR,2025.0,9.0,2.0,14.0
CRITICAL,PHYSICAL PORT DOWN,2025-09-10 16:15:05,1,2025-09-10 16:15:05,2505274.0,NORMAL,MISSING,MISSING,ALARM_SRC_0142,AR,2025.0,9.0,2.0,16.0
CRITICAL,PHYSICAL PORT DOWN,2025-09-10 21:09:09,1,2025-09-10 21:09:09,2505274.0,NORMAL,MISSING,MISSING,ALARM_SRC_0359,AR,2025.0,9.0,2.0,21.0
CRITICAL,PHYSICAL PORT DOWN,2025-09-11 11:13:23,1,2025-09-11 11:13:23,2505274.0,NORMAL,MISSING,MISSING,ALARM_SRC_1112,AR,2025.0,9.0,3.0,11.0
CRITICAL,PHYSICAL PORT DOWN,2025-09-11 11:23:53,1,2025-09-11 11:23:53,2505274.0,NORMAL,MISSING,MISSING,ALARM_SRC_0359,AR,2025.0,9.0,3.0,11.0
CRITICAL,PHYSICAL PORT DOWN,2025-09-11 18:26:53,1,2025-09-11 18:26:53,2505274.0,NORMAL,MISSING,MISSING,ALARM_SRC_0331,AR,2025.0,9.0,3.0,18.0
CRITICAL,PHYSICAL PORT DOWN,2025-09-12 12:26:03,1,2025-09-12 12:26:03,2505274.0,NORMAL,MISSING,MISSING,ALARM_SRC_0355,AR,2025.0,9.0,4.0,12.0
CRITICAL,PHYSICAL PORT DOWN,2025-09-12 12:27:17,1,2025-09-12 12:27:17,2505274.0,NORMAL,MISSING,MISSING,ALARM_SRC_1016,AR,2025.0,9.0,4.0,12.0
CRITICAL,PHYSICAL PORT DOWN,2025-09-12 12:34:45,1,2025-09-12 12:34:45,2505274.0,NORMAL,MISSING,MISSING,ALARM_SRC_0331,AR,2025.0,9.0,4.0,12.0
CRITICAL,PHYSICAL PORT DOWN,2025-09-12 13:22:32,1,2025-09-12 13:22:32,2505274.0,NORMAL,MISSING,MISSING,ALARM_SRC_0421,AR,2025.0,9.0,4.0,13.0
CRITICAL,PHYSICAL PORT DOWN,2025-09-13 09:34:44,1,2025-09-13 09:34:44,2505274.0,NORMAL,MISSING,MISSING,ALARM_SRC_0605,AR,2025.0,9.0,5.0,9.0
CRITICAL,PHYSICAL PORT DOWN,2025-09-13 09:34:44,1,2025-09-13 09:34:44,2505274.0,NORMAL,MISSING,MISSING,ALARM_SRC_0605,AR,2025.0,9.0,5.0,9.0
CRITICAL,PHYSICAL PORT DOWN,2025-09-13 09:34:44,1,2025-09-13 09:34:44,2505274.0,NORMAL,MISSING,MISSING,ALARM_SRC_0605,AR,2025.0,9.0,5.0,9.0
CRITICAL,PHYSICAL PORT DOWN,2025-09-13 09:34:44,1,2025-09-13 09:34:44,2505274.0,NORMAL,MISSING,MISSING,ALARM_SRC_0605,AR,2025.0,9.0,5.0,9.0
CRITICAL,PHYSICAL PORT DOWN,2025-09-13 09:34:44,1,2025-09-13 09:34:44,2505274.0,NORMAL,MISSING,MISSING,ALARM_SRC_0605,AR,2025.0,9.0,5.0,9.0
CRITICAL,PHYSICAL PORT DOWN,2025-09-13 10:52:19,1,2025-09-13 10:52:19,2505274.0,NORMAL,MISSING,MISSING,ALARM_SRC_0354,AR,2025.0,9.0,5.0,10.0
CRITICAL,PHYSICAL PORT DOWN,2025-09-14 13:09:26,1,2025-09-14 13:09:26,2505274.0,NORMAL,MISSING,MISSING,ALARM_SRC_0964,AR,2025.0,9.0,6.0,13.0
CRITICAL,PHYSICAL PORT DOWN,2025-09-14 13:09:26,1,2025-09-14 13:09:26,2505274.0,NORMAL,MISSING,MISSING,ALARM_SRC_0964,AR,2025.0,9.0,6.0,13.0
CRITICAL,THE DEVICE IS OFFLINE,2025-09-15 10:06:55,1,2025-09-15 10:06:55,7.0,NORMAL,MISSING,MISSING,ALARM_SRC_0425,AR,2025.0,9.0,0.0,10.0
CRITICAL,PHYSICAL PORT DOWN,2025-09-16 15:24:30,1,2025-09-16 15:24:30,2505274.0,NORMAL,MISSING,MISSING,ALARM_SRC_1111,AR,2025.0,9.0,1.0,15.0
CRITICAL,PHYSICAL PORT DOWN,2025-09-17 06:48:03,1,2025-09-17 06:48:03,2505274.0,NORMAL,MISSING,MISSING,ALARM_SRC_0474,AR,2025.0,9.0,2.0,6.0
CRITICAL,THE DEVICE IS OFFLINE,2025-09-17 14:19:43,1,2025-09-17 14:19:43,7.0,NORMAL,MISSING,MISSING,ALARM_SRC_0874,AR,2025.0,9.0,2.0,14.0
CRITICAL,PHYSICAL PORT DOWN,2025-09-17 14:50:23,1,2025-09-17 14:50:23,2505274.0,NORMAL,MISSING,MISSING,ALARM_SRC_0027,AG,2025.0,9.0,2.0,14.0
CRITICAL,PHYSICAL PORT DOWN,2025-09-17 16:06:25,1,2025-09-17 16:06:25,2505274.0,NORMAL,MISSING,MISSING,ALARM_SRC_1083,AR,2025.0,9.0,2.0,16.0
CRITICAL,PHYSICAL PORT DOWN,2025-09-17 16:45:45,1,2025-09-17 16:45:45,2505274.0,NORMAL,MISSING,MISSING,ALARM_SRC_1037,AR,2025.0,9.0,2.0,16.0
CRITICAL,PHYSICAL PORT DOWN,2025-09-17 16:45:45,1,2025-09-17 16:45:45,2505274.0,NORMAL,MISSING,MISSING,ALARM_SRC_1037,AR,2025.0,9.0,2.0,16.0
CRITICAL,PHYSICAL PORT DOWN,2025-09-18 13:28:42,1,2025-09-18 13:28:42,2505274.0,NORMAL,MISSING,MISSING,ALARM_SRC_1058,AR,2025.0,9.0,3.0,13.0
CRITICAL,PHYSICAL PORT DOWN,2025-09-18 13:43:08,1,2025-09-18 13:43:08,2505274.0,NORMAL,MISSING,MISSING,ALARM_SRC_1058,AR,2025.0,9.0,3.0,13.0
CRITICAL,PHYSICAL PORT DOWN,2025-09-18 16:30:29,1,2025-09-18 16:30:29,2505274.0,NORMAL,MISSING,MISSING,ALARM_SRC_0105,AG,2025.0,9.0,3.0,16.0
CRITICAL,PHYSICAL PORT DOWN,2025-09-19 02:55:56,1,2025-09-19 02:55:56,2505274.0,NORMAL,MISSING,MISSING,ALARM_SRC_0306,AR,2025.0,9.0,4.0,2.0
CRITICAL,PHYSICAL PORT DOWN,2025-09-19 02:55:56,1,2025-09-19 02:55:56,2505274.0,NORMAL,MISSING,MISSING,ALARM_SRC_0306,AR,2025.0,9.0,4.0,2.0
CRITICAL,PHYSICAL PORT DOWN,2025-09-19 02:55:56,1,2025-09-19 02:55:56,2505274.0,NORMAL,MISSING,MISSING,ALARM_SRC_0306,AR,2025.0,9.0,4.0,2.0
CRITICAL,PHYSICAL PORT DOWN,2025-09-19 13:13:08,1,2025-09-19 13:13:08,2505274.0,NORMAL,MISSING,MISSING,ALARM_SRC_0854,AR,2025.0,9.0,4.0,13.0
CRITICAL,PHYSICAL PORT DOWN,2025-09-19 13:29:51,1,2025-09-19 13:29:51,2505274.0,NORMAL,MISSING,MISSING,ALARM_SRC_1006,AR,2025.0,9.0,4.0,13.0
CRITICAL,PHYSICAL PORT DOWN,2025-09-21 07:07:29,1,2025-09-21 07:07:29,2505274.0,NORMAL,MISSING,MISSING,ALARM_SRC_0450,AR,2025.0,9.0,6.0,7.0
CRITICAL,PHYSICAL PORT DOWN,2025-09-21 15:50:06,1,2025-09-21 15:50:06,2505274.0,NORMAL,MISSING,MISSING,ALARM_SRC_0543,AR,2025.0,9.0,6.0,15.0
CRITICAL,PHYSICAL PORT DOWN,2025-09-21 15:50:06,1,2025-09-21 15:50:06,2505274.0,NORMAL,MISSING,MISSING,ALARM_SRC_0543,AR,2025.0,9.0,6.0,15.0
CRITICAL,PHYSICAL PORT DOWN,2025-09-22 12:20:25,1,2025-09-22 12:20:25,2505274.0,NORMAL,MISSING,MISSING,ALARM_SRC_0990,AR,2025.0,9.0,0.0,12.0
CRITICAL,PHYSICAL PORT DOWN,2025-09-22 12:37:30,1,2025-09-22 12:37:30,2505274.0,NORMAL,MISSING,MISSING,ALARM_SRC_0990,AR,2025.0,9.0,0.0,12.0
CRITICAL,PHYSICAL PORT DOWN,2025-09-22 15:13:40,1,2025-09-22 15:13:40,2505274.0,NORMAL,MISSING,MISSING,ALARM_SRC_0028,AG,2025.0,9.0,0.0,15.0
CRITICAL,PHYSICAL PORT DOWN,2025-09-22 19:16:18,1,2025-09-22 19:16:18,2505274.0,NORMAL,MISSING,MISSING,ALARM_SRC_0060,AG,2025.0,9.0,0.0,19.0
CRITICAL,PHYSICAL PORT DOWN,2025-09-22 19:24:02,1,2025-09-22 19:24:02,2505274.0,NORMAL,MISSING,MISSING,ALARM_SRC_0060,AG,2025.0,9.0,0.0,19.0
CRITICAL,PHYSICAL PORT DOWN,2025-09-23 09:25:16,1,2025-09-23 09:25:16,2505274.0,NORMAL,MISSING,MISSING,ALARM_SRC_0990,AR,2025.0,9.0,1.0,9.0
CRITICAL,PHYSICAL PORT DOWN,2025-09-23 10:56:11,1,2025-09-23 10:56:11,2505274.0,NORMAL,MISSING,MISSING,ALARM_SRC_0464,AR,2025.0,9.0,1.0,10.0
CRITICAL,PHYSICAL PORT DOWN,2025-09-23 11:55:10,1,2025-09-23 11:55:10,2505274.0,NORMAL,MISSING,MISSING,ALARM_SRC_0564,AR,2025.0,9.0,1.0,11.0
CRITICAL,PHYSICAL PORT DOWN,2025-09-23 14:50:17,1,2025-09-23 14:50:17,2505274.0,NORMAL,MISSING,MISSING,ALARM_SRC_0434,AR,2025.0,9.0,1.0,14.0
CRITICAL,PHYSICAL PORT DOWN,2025-09-23 15:49:37,1,2025-09-23 15:49:37,2505274.0,NORMAL,MISSING,MISSING,ALARM_SRC_0567,AR,2025.0,9.0,1.0,15.0
CRITICAL,PHYSICAL PORT DOWN,2025-09-23 15:50:25,1,2025-09-23 15:50:25,2505274.0,NORMAL,MISSING,MISSING,ALARM_SRC_0590,AR,2025.0,9.0,1.0,15.0
CRITICAL,PHYSICAL PORT DOWN,2025-09-23 15:50:25,1,2025-09-23 15:50:25,2505274.0,NORMAL,MISSING,MISSING,ALARM_SRC_0590,AR,2025.0,9.0,1.0,15.0
CRITICAL,PHYSICAL PORT DOWN,2025-09-24 15:51:57,1,2025-09-24 15:51:57,2505274.0,NORMAL,MISSING,MISSING,ALARM_SRC_0104,AG,2025.0,9.0,2.0,15.0
CRITICAL,PHYSICAL PORT DOWN,2025-09-24 18:09:59,1,2025-09-24 18:09:59,2505274.0,NORMAL,MISSING,MISSING,ALARM_SRC_0215,AR,2025.0,9.0,2.0,18.0
CRITICAL,PHYSICAL PORT DOWN,2025-09-25 01:31:08,1,2025-09-25 01:31:08,2505274.0,NORMAL,MISSING,MISSING,ALARM_SRC_1172,CA,2025.0,9.0,3.0,1.0
CRITICAL,PHYSICAL PORT DOWN,2025-09-25 01:31:08,1,2025-09-25 01:31:08,2505274.0,NORMAL,MISSING,MISSING,ALARM_SRC_1172,CA,2025.0,9.0,3.0,1.0
CRITICAL,PHYSICAL PORT DOWN,2025-09-25 01:31:11,1,2025-09-25 01:31:11,2505274.0,NORMAL,MISSING,MISSING,ALARM_SRC_1171,CA,2025.0,9.0,3.0,1.0
CRITICAL,PHYSICAL PORT DOWN,2025-09-25 01:31:12,1,2025-09-25 01:31:12,2505274.0,NORMAL,MISSING,MISSING,ALARM_SRC_1172,CA,2025.0,9.0,3.0,1.0
CRITICAL,PHYSICAL PORT DOWN,2025-09-25 01:31:12,1,2025-09-25 01:31:12,2505274.0,NORMAL,MISSING,MISSING,ALARM_SRC_1172,CA,2025.0,9.0,3.0,1.0
CRITICAL,PHYSICAL PORT DOWN,2025-09-25 01:31:18,1,2025-09-25 01:31:18,2505274.0,NORMAL,MISSING,MISSING,ALARM_SRC_1171,CA,2025.0,9.0,3.0,1.0
CRITICAL,PHYSICAL PORT DOWN,2025-09-25 01:31:18,1,2025-09-25 01:31:18,2505274.0,NORMAL,MISSING,MISSING,ALARM_SRC_1171,CA,2025.0,9.0,3.0,1.0
CRITICAL,PHYSICAL PORT DOWN,2025-09-25 01:31:18,1,2025-09-25 01:31:18,2505274.0,NORMAL,MISSING,MISSING,ALARM_SRC_1171,CA,2025.0,9.0,3.0,1.0
CRITICAL,PHYSICAL PORT DOWN,2025-09-25 01:31:24,1,2025-09-25 01:31:24,3074752.0,NORMAL,MISSING,MISSING,ALARM_SRC_1191,IPBN,2025.0,9.0,3.0,1.0
CRITICAL,PHYSICAL PORT DOWN,2025-09-25 07:20:45,1,2025-09-25 07:20:45,2505274.0,NORMAL,MISSING,MISSING,ALARM_SRC_0511,AR,2025.0,9.0,3.0,7.0
CRITICAL,PHYSICAL PORT DOWN,2025-09-25 10:29:03,1,2025-09-25 10:29:03,2505274.0,NORMAL,MISSING,MISSING,ALARM_SRC_0614,AR,2025.0,9.0,3.0,10.0
CRITICAL,PHYSICAL PORT DOWN,2025-09-25 12:22:07,1,2025-09-25 12:22:07,2505274.0,NORMAL,MISSING,MISSING,ALARM_SRC_0061,AG,2025.0,9.0,3.0,12.0
CRITICAL,PHYSICAL PORT DOWN,2025-09-25 16:41:51,1,2025-09-25 16:41:51,2505274.0,NORMAL,MISSING,MISSING,ALARM_SRC_0540,AR,2025.0,9.0,3.0,16.0
CRITICAL,PHYSICAL PORT DOWN,2025-09-25 19:52:49,1,2025-09-25 19:52:49,2505274.0,NORMAL,MISSING,MISSING,ALARM_SRC_0010,AG,2025.0,9.0,3.0,19.0
CRITICAL,PHYSICAL PORT DOWN,2025-09-26 14:58:03,1,2025-09-26 14:58:03,2505274.0,NORMAL,MISSING,MISSING,ALARM_SRC_0491,AR,2025.0,9.0,4.0,14.0
CRITICAL,THE DEVICE IS OFFLINE,2025-09-27 03:44:19,1,2025-09-27 03:44:19,7.0,NORMAL,MISSING,MISSING,ALARM_SRC_0164,AR,2025.0,9.0,5.0,3.0
CRITICAL,PHYSICAL PORT DOWN,2025-09-27 10:56:04,1,2025-09-27 10:56:04,2505274.0,NORMAL,MISSING,MISSING,ALARM_SRC_0006,AG,2025.0,9.0,5.0,10.0
CRITICAL,PHYSICAL PORT DOWN,2025-09-27 10:56:21,1,2025-09-27 10:56:21,2505274.0,NORMAL,MISSING,MISSING,ALARM_SRC_0006,AG,2025.0,9.0,5.0,10.0
CRITICAL,PHYSICAL PORT DOWN,2025-09-28 01:19:32,1,2025-09-28 01:19:32,2505274.0,NORMAL,MISSING,MISSING,ALARM_SRC_0413,AR,2025.0,9.0,6.0,1.0
CRITICAL,PHYSICAL PORT DOWN,2025-09-28 07:47:37,1,2025-09-28 07:47:37,2505274.0,NORMAL,MISSING,MISSING,ALARM_SRC_0414,AR,2025.0,9.0,6.0,7.0
CRITICAL,PHYSICAL PORT DOWN,2025-09-28 08:45:02,1,2025-09-28 08:45:02,2505274.0,NORMAL,MISSING,MISSING,ALARM_SRC_0411,AR,2025.0,9.0,6.0,8.0
CRITICAL,PHYSICAL PORT DOWN,2025-09-28 08:46:16,1,2025-09-28 08:46:16,2505274.0,NORMAL,MISSING,MISSING,ALARM_SRC_0413,AR,2025.0,9.0,6.0,8.0
CRITICAL,PHYSICAL PORT DOWN,2025-09-28 08:46:16,1,2025-09-28 08:46:16,2505274.0,NORMAL,MISSING,MISSING,ALARM_SRC_0413,AR,2025.0,9.0,6.0,8.0
CRITICAL,PHYSICAL PORT DOWN,2025-09-28 08:46:16,1,2025-09-28 08:46:16,2505274.0,NORMAL,MISSING,MISSING,ALARM_SRC_0413,AR,2025.0,9.0,6.0,8.0
CRITICAL,PHYSICAL PORT DOWN,2025-09-29 08:20:48,1,2025-09-29 08:20:48,2505274.0,NORMAL,MISSING,MISSING,ALARM_SRC_0549,AR,2025.0,9.0,0.0,8.0
CRITICAL,PHYSICAL PORT DOWN,2025-09-29 10:11:59,1,2025-09-29 10:11:59,2505274.0,NORMAL,MISSING,MISSING,ALARM_SRC_0286,AR,2025.0,9.0,0.0,10.0
CRITICAL,PHYSICAL PORT DOWN,2025-09-29 10:49:11,1,2025-09-29 10:49:11,2505274.0,NORMAL,MISSING,MISSING,ALARM_SRC_0316,AR,2025.0,9.0,0.0,10.0
CRITICAL,PHYSICAL PORT DOWN,2025-09-29 10:49:11,1,2025-09-29 10:49:11,2505274.0,NORMAL,MISSING,MISSING,ALARM_SRC_0316,AR,2025.0,9.0,0.0,10.0
CRITICAL,PHYSICAL PORT DOWN,2025-09-29 10:57:27,1,2025-09-29 10:57:27,2505274.0,NORMAL,MISSING,MISSING,ALARM_SRC_0062,AG,2025.0,9.0,0.0,10.0
CRITICAL,PHYSICAL PORT DOWN,2025-09-29 17:13:10,1,2025-09-29 17:13:10,2505274.0,NORMAL,MISSING,MISSING,ALARM_SRC_0779,AR,2025.0,9.0,0.0,17.0
CRITICAL,PHYSICAL PORT DOWN,2025-09-30 11:51:05,1,2025-09-30 11:51:05,2505274.0,NORMAL,MISSING,MISSING,ALARM_SRC_1066,AR,2025.0,9.0,1.0,11.0
CRITICAL,PHYSICAL PORT DOWN,2025-09-30 15:09:54,1,2025-09-30 15:09:54,2505274.0,NORMAL,MISSING,MISSING,ALARM_SRC_0462,AR,2025.0,9.0,1.0,15.0
CRITICAL,PHYSICAL PORT DOWN,2025-09-30 17:12:10,1,2025-09-30 17:12:10,2505274.0,NORMAL,MISSING,MISSING,ALARM_SRC_0042,AG,2025.0,9.0,1.0,17.0
CRITICAL,PHYSICAL PORT DOWN,2025-09-30 17:12:24,1,2025-09-30 17:12:24,2505274.0,NORMAL,MISSING,MISSING,ALARM_SRC_0042,AG,2025.0,9.0,1.0,17.0
CRITICAL,PHYSICAL PORT DOWN,2025-09-30 17:36:19,1,2025-09-30 17:36:19,2505274.0,NORMAL,MISSING,MISSING,ALARM_SRC_0241,AR,2025.0,9.0,1.0,17.0
CRITICAL,PHYSICAL PORT DOWN,2025-09-30 19:27:27,1,2025-09-30 19:27:27,2505274.0,NORMAL,MISSING,MISSING,ALARM_SRC_1107,AR,2025.0,9.0,1.0,19.0
CRITICAL,PHYSICAL PORT DOWN,2025-10-01 00:12:09,1,2025-10-01 00:12:09,2505274.0,NORMAL,MISSING,MISSING,ALARM_SRC_0970,AR,2025.0,10.0,2.0,0.0
CRITICAL,THE DEVICE IS OFFLINE,2025-10-01 08:57:18,1,2025-10-01 08:57:18,7.0,NORMAL,MISSING,MISSING,ALARM_SRC_0179,AR,2025.0,10.0,2.0,8.0
CRITICAL,PHYSICAL PORT DOWN,2025-10-01 12:00:19,1,2025-10-01 12:00:19,2505274.0,NORMAL,MISSING,MISSING,ALARM_SRC_1124,AR,2025.0,10.0,2.0,12.0
CRITICAL,PHYSICAL PORT DOWN,2025-10-01 14:22:13,1,2025-10-01 14:22:13,2505274.0,NORMAL,MISSING,MISSING,ALARM_SRC_0324,AR,2025.0,10.0,2.0,14.0
CRITICAL,PHYSICAL PORT DOWN,2025-10-01 14:22:13,1,2025-10-01 14:22:13,2505274.0,NORMAL,MISSING,MISSING,ALARM_SRC_0324,AR,2025.0,10.0,2.0,14.0
CRITICAL,PHYSICAL PORT DOWN,2025-10-01 14:22:13,1,2025-10-01 14:22:13,2505274.0,NORMAL,MISSING,MISSING,ALARM_SRC_0324,AR,2025.0,10.0,2.0,14.0
CRITICAL,PHYSICAL PORT DOWN,2025-10-01 15:45:52,1,2025-10-01 15:45:52,2505274.0,NORMAL,MISSING,MISSING,ALARM_SRC_1084,AR,2025.0,10.0,2.0,15.0
CRITICAL,PHYSICAL PORT DOWN,2025-10-01 19:57:19,1,2025-10-01 19:57:19,2505274.0,NORMAL,MISSING,MISSING,ALARM_SRC_0822,AR,2025.0,10.0,2.0,19.0
CRITICAL,PHYSICAL PORT DOWN,2025-10-02 10:37:48,1,2025-10-02 10:37:48,2505274.0,NORMAL,MISSING,MISSING,ALARM_SRC_0421,AR,2025.0,10.0,3.0,10.0
CRITICAL,PHYSICAL PORT DOWN,2025-10-02 15:14:04,1,2025-10-02 15:14:04,2505274.0,NORMAL,MISSING,MISSING,ALARM_SRC_0335,AR,2025.0,10.0,3.0,15.0
CRITICAL,PHYSICAL PORT DOWN,2025-10-02 18:36:15,1,2025-10-02 18:36:15,2505274.0,NORMAL,MISSING,MISSING,ALARM_SRC_0046,AG,2025.0,10.0,3.0,18.0
CRITICAL,PHYSICAL PORT DOWN,2025-10-02 18:36:55,1,2025-10-02 18:36:55,2505274.0,NORMAL,MISSING,MISSING,ALARM_SRC_0046,AG,2025.0,10.0,3.0,18.0
CRITICAL,PHYSICAL PORT DOWN,2025-10-03 04:32:32,1,2025-10-03 04:32:32,2505274.0,NORMAL,MISSING,MISSING,ALARM_SRC_0875,AR,2025.0,10.0,4.0,4.0
CRITICAL,PHYSICAL PORT DOWN,2025-10-03 11:04:29,1,2025-10-03 11:04:29,2505274.0,NORMAL,MISSING,MISSING,ALARM_SRC_1126,AR,2025.0,10.0,4.0,11.0
CRITICAL,PHYSICAL PORT DOWN,2025-10-03 11:04:29,1,2025-10-03 11:04:29,2505274.0,NORMAL,MISSING,MISSING,ALARM_SRC_1126,AR,2025.0,10.0,4.0,11.0
CRITICAL,PHYSICAL PORT DOWN,2025-10-03 14:50:45,1,2025-10-03 14:50:45,2505274.0,NORMAL,MISSING,MISSING,ALARM_SRC_0534,AR,2025.0,10.0,4.0,14.0
CRITICAL,PHYSICAL PORT DOWN,2025-10-03 16:05:18,1,2025-10-03 16:05:18,2505274.0,NORMAL,MISSING,MISSING,ALARM_SRC_0548,AR,2025.0,10.0,4.0,16.0
CRITICAL,PHYSICAL PORT DOWN,2025-10-03 18:00:59,1,2025-10-03 18:00:59,2505274.0,NORMAL,MISSING,MISSING,ALARM_SRC_0955,AR,2025.0,10.0,4.0,18.0
CRITICAL,PHYSICAL PORT DOWN,2025-10-04 12:44:14,1,2025-10-04 12:44:14,2505274.0,NORMAL,MISSING,MISSING,ALARM_SRC_0330,AR,2025.0,10.0,5.0,12.0
CRITICAL,PHYSICAL PORT DOWN,2025-10-04 14:10:33,1,2025-10-04 14:10:33,2505274.0,NORMAL,MISSING,MISSING,ALARM_SRC_0484,AR,2025.0,10.0,5.0,14.0
CRITICAL,PHYSICAL PORT DOWN,2025-10-04 20:55:03,1,2025-10-04 20:55:03,2505274.0,NORMAL,MISSING,MISSING,ALARM_SRC_0140,AR,2025.0,10.0,5.0,20.0
CRITICAL,PHYSICAL PORT DOWN,2025-10-05 04:07:28,1,2025-10-05 04:07:28,2505274.0,NORMAL,MISSING,MISSING,ALARM_SRC_0048,AG,2025.0,10.0,6.0,4.0
CRITICAL,PHYSICAL PORT DOWN,2025-10-05 04:07:29,1,2025-10-05 04:07:29,2505274.0,NORMAL,MISSING,MISSING,ALARM_SRC_0523,AR,2025.0,10.0,6.0,4.0
CRITICAL,BOARD INVALID,2025-10-05 05:06:00,1,2025-10-05 05:06:00,2505210.0,NORMAL,MISSING,MISSING,ALARM_SRC_0049,AG,2025.0,10.0,6.0,5.0
CRITICAL,BOARD INVALID,2025-10-05 05:06:00,1,2025-10-05 05:06:00,2505210.0,NORMAL,MISSING,MISSING,ALARM_SRC_0049,AG,2025.0,10.0,6.0,5.0
CRITICAL,BOARD INVALID,2025-10-05 05:17:48,1,2025-10-05 05:17:48,2505210.0,NORMAL,MISSING,MISSING,ALARM_SRC_0049,AG,2025.0,10.0,6.0,5.0
CRITICAL,PHYSICAL PORT DOWN,2025-10-05 06:28:35,1,2025-10-05 06:28:35,2505274.0,NORMAL,MISSING,MISSING,ALARM_SRC_0576,AR,2025.0,10.0,6.0,6.0
CRITICAL,PHYSICAL PORT DOWN,2025-10-05 20:48:02,1,2025-10-05 20:48:02,2505274.0,NORMAL,MISSING,MISSING,ALARM_SRC_0693,AR,2025.0,10.0,6.0,20.0
CRITICAL,PHYSICAL PORT DOWN,2025-10-05 20:48:02,1,2025-10-05 20:48:02,2505274.0,NORMAL,MISSING,MISSING,ALARM_SRC_0693,AR,2025.0,10.0,6.0,20.0
CRITICAL,PHYSICAL PORT DOWN,2025-10-05 22:22:00,1,2025-10-05 22:22:00,2505274.0,NORMAL,MISSING,MISSING,ALARM_SRC_0935,AR,2025.0,10.0,6.0,22.0
CRITICAL,PHYSICAL PORT DOWN,2025-10-06 09:54:32,1,2025-10-06 09:54:32,2505274.0,NORMAL,MISSING,MISSING,ALARM_SRC_0241,AR,2025.0,10.0,0.0,9.0
CRITICAL,PHYSICAL PORT DOWN,2025-10-06 09:54:32,1,2025-10-06 09:54:32,2505274.0,NORMAL,MISSING,MISSING,ALARM_SRC_0237,AR,2025.0,10.0,0.0,9.0
CRITICAL,PHYSICAL PORT DOWN,2025-10-06 10:15:00,1,2025-10-06 10:15:00,2505274.0,NORMAL,MISSING,MISSING,ALARM_SRC_0488,AR,2025.0,10.0,0.0,10.0
CRITICAL,PHYSICAL PORT DOWN,2025-10-06 12:12:35,1,2025-10-06 12:12:35,2505274.0,NORMAL,MISSING,MISSING,ALARM_SRC_0701,AR,2025.0,10.0,0.0,12.0
CRITICAL,PHYSICAL PORT DOWN,2025-10-06 12:42:01,1,2025-10-06 12:42:01,2505274.0,NORMAL,MISSING,MISSING,ALARM_SRC_0920,AR,2025.0,10.0,0.0,12.0
CRITICAL,PHYSICAL PORT DOWN,2025-10-06 16:58:29,1,2025-10-06 16:58:29,2505274.0,NORMAL,MISSING,MISSING,ALARM_SRC_0100,AG,2025.0,10.0,0.0,16.0
CRITICAL,PHYSICAL PORT DOWN,2025-10-06 22:15:03,1,2025-10-06 22:15:03,2505274.0,NORMAL,MISSING,MISSING,ALARM_SRC_0478,AR,2025.0,10.0,0.0,22.0
CRITICAL,PHYSICAL PORT DOWN,2025-10-07 04:39:02,1,2025-10-07 04:39:02,2505274.0,NORMAL,MISSING,MISSING,ALARM_SRC_1111,AR,2025.0,10.0,1.0,4.0
CRITICAL,PHYSICAL PORT DOWN,2025-10-07 11:25:22,1,2025-10-07 11:25:22,2505274.0,NORMAL,MISSING,MISSING,ALARM_SRC_1068,AR,2025.0,10.0,1.0,11.0
CRITICAL,PHYSICAL PORT DOWN,2025-10-07 13:41:55,1,2025-10-07 13:41:55,2505274.0,NORMAL,MISSING,MISSING,ALARM_SRC_0286,AR,2025.0,10.0,1.0,13.0
CRITICAL,PHYSICAL PORT DOWN,2025-10-07 15:39:49,1,2025-10-07 15:39:49,2505274.0,NORMAL,MISSING,MISSING,ALARM_SRC_1122,AR,2025.0,10.0,1.0,15.0
CRITICAL,PHYSICAL PORT DOWN,2025-10-07 17:53:13,1,2025-10-07 17:53:13,2505274.0,NORMAL,MISSING,MISSING,ALARM_SRC_0916,AR,2025.0,10.0,1.0,17.0
CRITICAL,PHYSICAL PORT DOWN,2025-10-08 04:24:14,1,2025-10-08 04:24:14,2505274.0,NORMAL,MISSING,MISSING,ALARM_SRC_0217,AR,2025.0,10.0,2.0,4.0
CRITICAL,PHYSICAL PORT DOWN,2025-10-08 06:50:36,1,2025-10-08 06:50:36,2505274.0,NORMAL,MISSING,MISSING,ALARM_SRC_1111,AR,2025.0,10.0,2.0,6.0
CRITICAL,BOARD INVALID,2025-10-08 10:47:38,1,2025-10-08 10:47:38,2505210.0,NORMAL,MISSING,MISSING,ALARM_SRC_0016,AG,2025.0,10.0,2.0,10.0
CRITICAL,PHYSICAL PORT DOWN,2025-10-08 15:41:27,1,2025-10-08 15:41:27,2505274.0,NORMAL,MISSING,MISSING,ALARM_SRC_0324,AR,2025.0,10.0,2.0,15.0
CRITICAL,PHYSICAL PORT DOWN,2025-10-09 14:32:21,1,2025-10-09 14:32:21,2505274.0,NORMAL,MISSING,MISSING,ALARM_SRC_0251,AR,2025.0,10.0,3.0,14.0
CRITICAL,PHYSICAL PORT DOWN,2025-10-09 16:27:31,1,2025-10-09 16:27:31,2505274.0,NORMAL,MISSING,MISSING,ALARM_SRC_1118,AR,2025.0,10.0,3.0,16.0
CRITICAL,PHYSICAL PORT DOWN,2025-10-09 17:27:13,1,2025-10-09 17:27:13,2505274.0,NORMAL,MISSING,MISSING,ALARM_SRC_1118,AR,2025.0,10.0,3.0,17.0
CRITICAL,PHYSICAL PORT DOWN,2025-10-09 17:27:14,1,2025-10-09 17:27:14,2505274.0,NORMAL,MISSING,MISSING,ALARM_SRC_1118,AR,2025.0,10.0,3.0,17.0
CRITICAL,PHYSICAL PORT DOWN,2025-10-09 20:00:21,1,2025-10-09 20:00:21,2505274.0,NORMAL,MISSING,MISSING,ALARM_SRC_1019,AR,2025.0,10.0,3.0,20.0
CRITICAL,PHYSICAL PORT DOWN,2025-10-09 20:00:27,1,2025-10-09 20:00:27,2505274.0,NORMAL,MISSING,MISSING,ALARM_SRC_1019,AR,2025.0,10.0,3.0,20.0
CRITICAL,PHYSICAL PORT DOWN,2025-10-10 02:00:23,1,2025-10-10 02:00:23,2505274.0,NORMAL,MISSING,MISSING,ALARM_SRC_0776,AR,2025.0,10.0,4.0,2.0
CRITICAL,PHYSICAL PORT DOWN,2025-10-10 09:03:26,1,2025-10-10 09:03:26,3074752.0,NORMAL,MISSING,MISSING,ALARM_SRC_0044,AG,2025.0,10.0,4.0,9.0
CRITICAL,PHYSICAL PORT DOWN,2025-10-10 10:59:54,1,2025-10-10 10:59:54,2505274.0,NORMAL,MISSING,MISSING,ALARM_SRC_0698,AR,2025.0,10.0,4.0,10.0
CRITICAL,THE DEVICE IS OFFLINE,2025-10-11 09:36:45,1,2025-10-11 09:36:45,7.0,NORMAL,MISSING,MISSING,ALARM_SRC_1196,SW,2025.0,10.0,5.0,9.0
CRITICAL,PHYSICAL PORT DOWN,2025-10-11 11:33:57,1,2025-10-11 11:33:57,2505274.0,NORMAL,MISSING,MISSING,ALARM_SRC_0332,AR,2025.0,10.0,5.0,11.0
CRITICAL,PHYSICAL PORT DOWN,2025-10-11 14:54:56,1,2025-10-11 14:54:56,2505274.0,NORMAL,MISSING,MISSING,ALARM_SRC_1177,CP,2025.0,10.0,5.0,14.0
CRITICAL,PHYSICAL PORT DOWN,2025-10-12 12:31:56,1,2025-10-12 12:31:56,2505274.0,NORMAL,MISSING,MISSING,ALARM_SRC_0544,AR,2025.0,10.0,6.0,12.0
CRITICAL,PHYSICAL PORT DOWN,2025-10-12 12:31:56,1,2025-10-12 12:31:56,2505274.0,NORMAL,MISSING,MISSING,ALARM_SRC_0544,AR,2025.0,10.0,6.0,12.0
CRITICAL,PHYSICAL PORT DOWN,2025-10-12 12:31:56,1,2025-10-12 12:31:56,2505274.0,NORMAL,MISSING,MISSING,ALARM_SRC_0544,AR,2025.0,10.0,6.0,12.0
CRITICAL,PHYSICAL PORT DOWN,2025-10-12 12:31:56,1,2025-10-12 12:31:56,2505274.0,NORMAL,MISSING,MISSING,ALARM_SRC_0544,AR,2025.0,10.0,6.0,12.0
CRITICAL,PHYSICAL PORT DOWN,2025-10-12 12:31:56,1,2025-10-12 12:31:56,2505274.0,NORMAL,MISSING,MISSING,ALARM_SRC_0544,AR,2025.0,10.0,6.0,12.0
CRITICAL,PHYSICAL PORT DOWN,2025-10-12 12:31:56,1,2025-10-12 12:31:56,2505274.0,NORMAL,MISSING,MISSING,ALARM_SRC_0544,AR,2025.0,10.0,6.0,12.0
CRITICAL,PHYSICAL PORT DOWN,2025-10-12 12:31:56,1,2025-10-12 12:31:56,2505274.0,NORMAL,MISSING,MISSING,ALARM_SRC_0544,AR,2025.0,10.0,6.0,12.0
CRITICAL,PHYSICAL PORT DOWN,2025-10-12 18:32:13,1,2025-10-12 18:32:13,2505274.0,NORMAL,MISSING,MISSING,ALARM_SRC_0472,AR,2025.0,10.0,6.0,18.0
CRITICAL,PHYSICAL PORT DOWN,2025-10-13 11:09:41,1,2025-10-13 11:09:41,2505274.0,NORMAL,MISSING,MISSING,ALARM_SRC_0565,AR,2025.0,10.0,0.0,11.0
CRITICAL,PHYSICAL PORT DOWN,2025-10-13 11:47:05,1,2025-10-13 11:47:05,2505274.0,NORMAL,MISSING,MISSING,ALARM_SRC_0571,AR,2025.0,10.0,0.0,11.0
CRITICAL,PHYSICAL PORT DOWN,2025-10-13 12:07:21,1,2025-10-13 12:07:21,2505274.0,NORMAL,MISSING,MISSING,ALARM_SRC_0963,AR,2025.0,10.0,0.0,12.0
CRITICAL,PHYSICAL PORT DOWN,2025-10-13 13:07:40,1,2025-10-13 13:07:40,2505274.0,NORMAL,MISSING,MISSING,ALARM_SRC_0551,AR,2025.0,10.0,0.0,13.0
CRITICAL,PHYSICAL PORT DOWN,2025-10-13 14:43:05,1,2025-10-13 14:43:05,2505274.0,NORMAL,MISSING,MISSING,ALARM_SRC_0581,AR,2025.0,10.0,0.0,14.0
CRITICAL,PHYSICAL PORT DOWN,2025-10-13 15:12:37,1,2025-10-13 15:12:37,2505274.0,NORMAL,MISSING,MISSING,ALARM_SRC_0437,AR,2025.0,10.0,0.0,15.0
CRITICAL,PHYSICAL PORT DOWN,2025-10-14 01:38:34,1,2025-10-14 01:38:34,2505274.0,NORMAL,MISSING,MISSING,ALARM_SRC_0898,AR,2025.0,10.0,1.0,1.0
CRITICAL,PHYSICAL PORT DOWN,2025-10-14 04:22:08,1,2025-10-14 04:22:08,2505274.0,NORMAL,MISSING,MISSING,ALARM_SRC_0569,AR,2025.0,10.0,1.0,4.0
CRITICAL,PHYSICAL PORT DOWN,2025-10-14 10:39:06,1,2025-10-14 10:39:06,2505274.0,NORMAL,MISSING,MISSING,ALARM_SRC_0596,AR,2025.0,10.0,1.0,10.0
CRITICAL,PHYSICAL PORT DOWN,2025-10-14 17:03:28,1,2025-10-14 17:03:28,2505274.0,NORMAL,MISSING,MISSING,ALARM_SRC_0888,AR,2025.0,10.0,1.0,17.0
CRITICAL,PHYSICAL PORT DOWN,2025-10-14 17:05:22,1,2025-10-14 17:05:22,2505274.0,NORMAL,MISSING,MISSING,ALARM_SRC_0565,AR,2025.0,10.0,1.0,17.0
CRITICAL,PHYSICAL PORT DOWN,2025-10-14 18:20:35,1,2025-10-14 18:20:35,2505274.0,NORMAL,MISSING,MISSING,ALARM_SRC_0123,AG,2025.0,10.0,1.0,18.0
CRITICAL,PHYSICAL PORT DOWN,2025-10-14 21:50:41,1,2025-10-14 21:50:41,2505274.0,NORMAL,MISSING,MISSING,ALARM_SRC_0802,AR,2025.0,10.0,1.0,21.0
CRITICAL,PHYSICAL PORT DOWN,2025-10-14 21:50:41,1,2025-10-14 21:50:41,2505274.0,NORMAL,MISSING,MISSING,ALARM_SRC_0802,AR,2025.0,10.0,1.0,21.0
CRITICAL,PHYSICAL PORT DOWN,2025-10-15 11:54:42,1,2025-10-15 11:54:42,2505274.0,NORMAL,MISSING,MISSING,ALARM_SRC_0406,AR,2025.0,10.0,2.0,11.0
CRITICAL,PHYSICAL PORT DOWN,2025-10-15 12:11:31,1,2025-10-15 12:11:31,2505274.0,NORMAL,MISSING,MISSING,ALARM_SRC_0477,AR,2025.0,10.0,2.0,12.0
CRITICAL,PHYSICAL PORT DOWN,2025-10-15 16:28:42,1,2025-10-15 16:28:42,2505274.0,NORMAL,MISSING,MISSING,ALARM_SRC_0848,AR,2025.0,10.0,2.0,16.0
CRITICAL,PHYSICAL PORT DOWN,2025-10-16 08:57:02,1,2025-10-16 08:57:02,2505274.0,NORMAL,MISSING,MISSING,ALARM_SRC_0477,AR,2025.0,10.0,3.0,8.0
CRITICAL,PHYSICAL PORT DOWN,2025-10-16 10:45:18,1,2025-10-16 10:45:18,2505274.0,NORMAL,MISSING,MISSING,ALARM_SRC_0043,AG,2025.0,10.0,3.0,10.0
CRITICAL,PHYSICAL PORT DOWN,2025-10-16 11:19:21,1,2025-10-16 11:19:21,2505274.0,NORMAL,MISSING,MISSING,ALARM_SRC_0964,AR,2025.0,10.0,3.0,11.0
CRITICAL,PHYSICAL PORT DOWN,2025-10-16 11:38:37,1,2025-10-16 11:38:37,2505274.0,NORMAL,MISSING,MISSING,ALARM_SRC_1008,AR,2025.0,10.0,3.0,11.0
CRITICAL,PHYSICAL PORT DOWN,2025-10-16 12:37:38,1,2025-10-16 12:37:38,2505274.0,NORMAL,MISSING,MISSING,ALARM_SRC_0575,AR,2025.0,10.0,3.0,12.0
CRITICAL,PHYSICAL PORT DOWN,2025-10-16 13:37:55,1,2025-10-16 13:37:55,2505274.0,NORMAL,MISSING,MISSING,ALARM_SRC_0399,AR,2025.0,10.0,3.0,13.0
CRITICAL,PHYSICAL PORT DOWN,2025-10-16 13:43:45,1,2025-10-16 13:43:45,2505274.0,NORMAL,MISSING,MISSING,ALARM_SRC_1137,AR,2025.0,10.0,3.0,13.0
CRITICAL,PHYSICAL PORT DOWN,2025-10-16 15:06:09,1,2025-10-16 15:06:09,2505274.0,NORMAL,MISSING,MISSING,ALARM_SRC_1003,AR,2025.0,10.0,3.0,15.0
CRITICAL,PHYSICAL PORT DOWN,2025-10-16 16:19:33,1,2025-10-16 16:19:33,2505274.0,NORMAL,MISSING,MISSING,ALARM_SRC_0795,AR,2025.0,10.0,3.0,16.0
CRITICAL,BOARD INVALID,2025-10-16 16:20:42,1,2025-10-16 16:20:42,2505210.0,NORMAL,MISSING,MISSING,ALARM_SRC_0902,AR,2025.0,10.0,3.0,16.0
CRITICAL,PHYSICAL PORT DOWN,2025-10-16 22:10:49,1,2025-10-16 22:10:49,2505274.0,NORMAL,MISSING,MISSING,ALARM_SRC_0381,AR,2025.0,10.0,3.0,22.0
CRITICAL,PHYSICAL PORT DOWN,2025-10-16 22:10:49,1,2025-10-16 22:10:49,2505274.0,NORMAL,MISSING,MISSING,ALARM_SRC_0381,AR,2025.0,10.0,3.0,22.0
CRITICAL,PHYSICAL PORT DOWN,2025-10-16 22:10:49,1,2025-10-16 22:10:49,2505274.0,NORMAL,MISSING,MISSING,ALARM_SRC_0381,AR,2025.0,10.0,3.0,22.0
CRITICAL,PHYSICAL PORT DOWN,2025-10-16 22:10:49,1,2025-10-16 22:10:49,2505274.0,NORMAL,MISSING,MISSING,ALARM_SRC_0381,AR,2025.0,10.0,3.0,22.0
CRITICAL,PHYSICAL PORT DOWN,2025-10-16 22:51:17,1,2025-10-16 22:51:17,2505274.0,NORMAL,MISSING,MISSING,ALARM_SRC_1169,CA,2025.0,10.0,3.0,22.0
CRITICAL,PHYSICAL PORT DOWN,2025-10-17 09:05:43,1,2025-10-17 09:05:43,2505274.0,NORMAL,MISSING,MISSING,ALARM_SRC_1125,AR,2025.0,10.0,4.0,9.0
CRITICAL,PHYSICAL PORT DOWN,2025-10-17 09:05:43,1,2025-10-17 09:05:43,2505274.0,NORMAL,MISSING,MISSING,ALARM_SRC_1125,AR,2025.0,10.0,4.0,9.0
CRITICAL,PHYSICAL PORT DOWN,2025-10-17 09:05:43,1,2025-10-17 09:05:43,2505274.0,NORMAL,MISSING,MISSING,ALARM_SRC_1125,AR,2025.0,10.0,4.0,9.0
CRITICAL,PHYSICAL PORT DOWN,2025-10-17 09:05:43,1,2025-10-17 09:05:43,2505274.0,NORMAL,MISSING,MISSING,ALARM_SRC_1125,AR,2025.0,10.0,4.0,9.0
CRITICAL,PHYSICAL PORT DOWN,2025-10-17 09:46:12,1,2025-10-17 09:46:12,2505274.0,NORMAL,MISSING,MISSING,ALARM_SRC_0522,AR,2025.0,10.0,4.0,9.0
CRITICAL,PHYSICAL PORT DOWN,2025-10-17 10:22:09,1,2025-10-17 10:22:09,2505274.0,NORMAL,MISSING,MISSING,ALARM_SRC_1108,AR,2025.0,10.0,4.0,10.0
CRITICAL,PHYSICAL PORT DOWN,2025-10-17 11:38:47,1,2025-10-17 11:38:47,2505274.0,NORMAL,MISSING,MISSING,ALARM_SRC_0795,AR,2025.0,10.0,4.0,11.0
CRITICAL,PHYSICAL PORT DOWN,2025-10-17 12:26:23,1,2025-10-17 12:26:23,2505274.0,NORMAL,MISSING,MISSING,ALARM_SRC_1019,AR,2025.0,10.0,4.0,12.0
CRITICAL,PHYSICAL PORT DOWN,2025-10-17 13:49:13,1,2025-10-17 13:49:13,2505274.0,NORMAL,MISSING,MISSING,ALARM_SRC_0974,AR,2025.0,10.0,4.0,13.0
CRITICAL,PHYSICAL PORT DOWN,2025-10-17 13:49:13,1,2025-10-17 13:49:13,2505274.0,NORMAL,MISSING,MISSING,ALARM_SRC_0974,AR,2025.0,10.0,4.0,13.0
CRITICAL,PHYSICAL PORT DOWN,2025-10-17 13:49:13,1,2025-10-17 13:49:13,2505274.0,NORMAL,MISSING,MISSING,ALARM_SRC_0974,AR,2025.0,10.0,4.0,13.0
CRITICAL,PHYSICAL PORT DOWN,2025-10-17 13:49:13,1,2025-10-17 13:49:13,2505274.0,NORMAL,MISSING,MISSING,ALARM_SRC_0974,AR,2025.0,10.0,4.0,13.0
CRITICAL,PHYSICAL PORT DOWN,2025-10-17 13:49:13,1,2025-10-17 13:49:13,2505274.0,NORMAL,MISSING,MISSING,ALARM_SRC_0974,AR,2025.0,10.0,4.0,13.0
CRITICAL,PHYSICAL PORT DOWN,2025-10-17 13:49:13,1,2025-10-17 13:49:13,2505274.0,NORMAL,MISSING,MISSING,ALARM_SRC_0974,AR,2025.0,10.0,4.0,13.0
CRITICAL,THE DEVICE IS OFFLINE,2025-10-17 14:19:05,1,2025-10-17 14:19:05,7.0,NORMAL,MISSING,MISSING,ALARM_SRC_0350,AR,2025.0,10.0,4.0,14.0
CRITICAL,PHYSICAL PORT DOWN,2025-10-17 17:58:19,1,2025-10-17 17:58:19,2505274.0,NORMAL,MISSING,MISSING,ALARM_SRC_0516,AR,2025.0,10.0,4.0,17.0
CRITICAL,THE DEVICE IS OFFLINE,2025-10-17 18:22:27,1,2025-10-17 18:22:27,7.0,NORMAL,MISSING,MISSING,ALARM_SRC_0997,AR,2025.0,10.0,4.0,18.0
CRITICAL,PHYSICAL PORT DOWN,2025-10-18 09:25:07,1,2025-10-18 09:25:07,2505274.0,NORMAL,MISSING,MISSING,ALARM_SRC_1017,AR,2025.0,10.0,5.0,9.0
CRITICAL,PHYSICAL PORT DOWN,2025-10-18 10:44:13,1,2025-10-18 10:44:13,2505274.0,NORMAL,MISSING,MISSING,ALARM_SRC_0751,AR,2025.0,10.0,5.0,10.0
CRITICAL,PHYSICAL PORT DOWN,2025-10-18 11:01:20,1,2025-10-18 11:01:20,2505274.0,NORMAL,MISSING,MISSING,ALARM_SRC_0005,AG,2025.0,10.0,5.0,11.0
CRITICAL,PHYSICAL PORT DOWN,2025-10-18 13:53:50,1,2025-10-18 13:53:50,2505274.0,NORMAL,MISSING,MISSING,ALARM_SRC_0110,AG,2025.0,10.0,5.0,13.0
CRITICAL,PHYSICAL PORT DOWN,2025-10-18 17:05:24,1,2025-10-18 17:05:24,2505274.0,NORMAL,MISSING,MISSING,ALARM_SRC_0606,AR,2025.0,10.0,5.0,17.0
CRITICAL,PHYSICAL PORT DOWN,2025-10-19 11:46:22,1,2025-10-19 11:46:22,2505274.0,NORMAL,MISSING,MISSING,ALARM_SRC_0538,AR,2025.0,10.0,6.0,11.0
CRITICAL,PHYSICAL PORT DOWN,2025-10-19 11:46:22,1,2025-10-19 11:46:22,2505274.0,NORMAL,MISSING,MISSING,ALARM_SRC_0538,AR,2025.0,10.0,6.0,11.0
CRITICAL,PHYSICAL PORT DOWN,2025-10-19 11:46:22,1,2025-10-19 11:46:22,2505274.0,NORMAL,MISSING,MISSING,ALARM_SRC_0538,AR,2025.0,10.0,6.0,11.0
CRITICAL,PHYSICAL PORT DOWN,2025-10-19 14:32:56,1,2025-10-19 14:32:56,2505274.0,NORMAL,MISSING,MISSING,ALARM_SRC_0202,AR,2025.0,10.0,6.0,14.0
CRITICAL,PHYSICAL PORT DOWN,2025-10-19 15:45:03,1,2025-10-19 15:45:03,2505274.0,NORMAL,MISSING,MISSING,ALARM_SRC_0293,AR,2025.0,10.0,6.0,15.0
CRITICAL,PHYSICAL PORT DOWN,2025-10-19 15:45:03,1,2025-10-19 15:45:03,2505274.0,NORMAL,MISSING,MISSING,ALARM_SRC_0293,AR,2025.0,10.0,6.0,15.0
CRITICAL,PHYSICAL PORT DOWN,2025-10-20 13:58:11,1,2025-10-20 13:58:11,2505274.0,NORMAL,MISSING,MISSING,ALARM_SRC_0580,AR,2025.0,10.0,0.0,13.0
CRITICAL,PHYSICAL PORT DOWN,2025-10-20 13:58:11,1,2025-10-20 13:58:11,2505274.0,NORMAL,MISSING,MISSING,ALARM_SRC_0580,AR,2025.0,10.0,0.0,13.0
CRITICAL,PHYSICAL PORT DOWN,2025-10-21 03:24:31,1,2025-10-21 03:24:31,2505274.0,NORMAL,MISSING,MISSING,ALARM_SRC_1137,AR,2025.0,10.0,1.0,3.0
CRITICAL,PHYSICAL PORT DOWN,2025-10-21 12:18:16,1,2025-10-21 12:18:16,2505274.0,NORMAL,MISSING,MISSING,ALARM_SRC_0213,AR,2025.0,10.0,1.0,12.0
CRITICAL,PHYSICAL PORT DOWN,2025-10-21 14:27:55,1,2025-10-21 14:27:55,2505274.0,NORMAL,MISSING,MISSING,ALARM_SRC_0216,AR,2025.0,10.0,1.0,14.0
CRITICAL,PHYSICAL PORT DOWN,2025-10-21 19:22:26,1,2025-10-21 19:22:26,2505274.0,NORMAL,MISSING,MISSING,ALARM_SRC_0940,AR,2025.0,10.0,1.0,19.0
CRITICAL,PHYSICAL PORT DOWN,2025-10-22 00:17:39,1,2025-10-22 00:17:39,2505274.0,NORMAL,MISSING,MISSING,ALARM_SRC_0053,AG,2025.0,10.0,2.0,0.0
CRITICAL,PHYSICAL PORT DOWN,2025-10-22 00:17:54,1,2025-10-22 00:17:54,2505274.0,NORMAL,MISSING,MISSING,ALARM_SRC_0053,AG,2025.0,10.0,2.0,0.0
CRITICAL,PHYSICAL PORT DOWN,2025-10-22 00:17:54,1,2025-10-22 00:17:54,2505274.0,NORMAL,MISSING,MISSING,ALARM_SRC_0053,AG,2025.0,10.0,2.0,0.0
CRITICAL,PHYSICAL PORT DOWN,2025-10-22 00:18:02,1,2025-10-22 00:18:02,2505274.0,NORMAL,MISSING,MISSING,ALARM_SRC_0053,AG,2025.0,10.0,2.0,0.0
CRITICAL,PHYSICAL PORT DOWN,2025-10-22 00:18:03,1,2025-10-22 00:18:03,2505274.0,NORMAL,MISSING,MISSING,ALARM_SRC_0053,AG,2025.0,10.0,2.0,0.0
CRITICAL,PHYSICAL PORT DOWN,2025-10-22 00:18:04,1,2025-10-22 00:18:04,2505274.0,NORMAL,MISSING,MISSING,ALARM_SRC_0053,AG,2025.0,10.0,2.0,0.0
CRITICAL,PHYSICAL PORT DOWN,2025-10-22 00:18:11,1,2025-10-22 00:18:11,2505274.0,NORMAL,MISSING,MISSING,ALARM_SRC_0053,AG,2025.0,10.0,2.0,0.0
CRITICAL,PHYSICAL PORT DOWN,2025-10-22 00:18:11,1,2025-10-22 00:18:11,2505274.0,NORMAL,MISSING,MISSING,ALARM_SRC_0053,AG,2025.0,10.0,2.0,0.0
CRITICAL,PHYSICAL PORT DOWN,2025-10-22 00:18:27,1,2025-10-22 00:18:27,2505274.0,NORMAL,MISSING,MISSING,ALARM_SRC_0053,AG,2025.0,10.0,2.0,0.0
CRITICAL,PHYSICAL PORT DOWN,2025-10-22 00:18:27,1,2025-10-22 00:18:27,2505274.0,NORMAL,MISSING,MISSING,ALARM_SRC_0053,AG,2025.0,10.0,2.0,0.0
CRITICAL,PHYSICAL PORT DOWN,2025-10-22 02:24:48,1,2025-10-22 02:24:48,2505274.0,NORMAL,MISSING,MISSING,ALARM_SRC_0936,AR,2025.0,10.0,2.0,2.0
CRITICAL,PHYSICAL PORT DOWN,2025-10-22 09:09:03,1,2025-10-22 09:09:03,2505274.0,NORMAL,MISSING,MISSING,ALARM_SRC_0216,AR,2025.0,10.0,2.0,9.0
CRITICAL,PHYSICAL PORT DOWN,2025-10-22 11:48:25,1,2025-10-22 11:48:25,2505274.0,NORMAL,MISSING,MISSING,ALARM_SRC_0833,AR,2025.0,10.0,2.0,11.0
CRITICAL,THE DEVICE IS OFFLINE,2025-10-22 12:26:24,1,2025-10-22 12:26:24,7.0,NORMAL,MISSING,MISSING,ALARM_SRC_1204,SW,2025.0,10.0,2.0,12.0
CRITICAL,PHYSICAL PORT DOWN,2025-10-22 14:37:23,1,2025-10-22 14:37:23,2505274.0,NORMAL,MISSING,MISSING,ALARM_SRC_1100,AR,2025.0,10.0,2.0,14.0
CRITICAL,PHYSICAL PORT DOWN,2025-10-22 14:37:23,1,2025-10-22 14:37:23,2505274.0,NORMAL,MISSING,MISSING,ALARM_SRC_1100,AR,2025.0,10.0,2.0,14.0
CRITICAL,PHYSICAL PORT DOWN,2025-10-22 15:10:15,1,2025-10-22 15:10:15,2505274.0,NORMAL,MISSING,MISSING,ALARM_SRC_0423,AR,2025.0,10.0,2.0,15.0
CRITICAL,PHYSICAL PORT DOWN,2025-10-23 02:12:39,1,2025-10-23 02:12:39,2505274.0,NORMAL,MISSING,MISSING,ALARM_SRC_1133,AR,2025.0,10.0,3.0,2.0
CRITICAL,PHYSICAL PORT DOWN,2025-10-23 05:32:19,1,2025-10-23 05:32:19,2505274.0,NORMAL,MISSING,MISSING,ALARM_SRC_0876,AR,2025.0,10.0,3.0,5.0
CRITICAL,PHYSICAL PORT DOWN,2025-10-23 05:32:19,1,2025-10-23 05:32:19,2505274.0,NORMAL,MISSING,MISSING,ALARM_SRC_0876,AR,2025.0,10.0,3.0,5.0
CRITICAL,PHYSICAL PORT DOWN,2025-10-23 07:49:23,1,2025-10-23 07:49:23,2505274.0,NORMAL,MISSING,MISSING,ALARM_SRC_0962,AR,2025.0,10.0,3.0,7.0
CRITICAL,PHYSICAL PORT DOWN,2025-10-23 09:41:23,1,2025-10-23 09:41:23,2505274.0,NORMAL,MISSING,MISSING,ALARM_SRC_1003,AR,2025.0,10.0,3.0,9.0
CRITICAL,PHYSICAL PORT DOWN,2025-10-23 10:09:11,1,2025-10-23 10:09:11,2505274.0,NORMAL,MISSING,MISSING,ALARM_SRC_0510,AR,2025.0,10.0,3.0,10.0
CRITICAL,PHYSICAL PORT DOWN,2025-10-23 10:09:11,1,2025-10-23 10:09:11,2505274.0,NORMAL,MISSING,MISSING,ALARM_SRC_0510,AR,2025.0,10.0,3.0,10.0
CRITICAL,PHYSICAL PORT DOWN,2025-10-23 10:19:46,1,2025-10-23 10:19:46,2505274.0,NORMAL,MISSING,MISSING,ALARM_SRC_0409,AR,2025.0,10.0,3.0,10.0
CRITICAL,PHYSICAL PORT DOWN,2025-10-23 12:33:25,1,2025-10-23 12:33:25,2505274.0,NORMAL,MISSING,MISSING,ALARM_SRC_0946,AR,2025.0,10.0,3.0,12.0
CRITICAL,PHYSICAL PORT DOWN,2025-10-23 12:35:27,1,2025-10-23 12:35:27,2505274.0,NORMAL,MISSING,MISSING,ALARM_SRC_0403,AR,2025.0,10.0,3.0,12.0
CRITICAL,PHYSICAL PORT DOWN,2025-10-23 13:01:13,1,2025-10-23 13:01:13,2505274.0,NORMAL,MISSING,MISSING,ALARM_SRC_0543,AR,2025.0,10.0,3.0,13.0
CRITICAL,PHYSICAL PORT DOWN,2025-10-23 13:46:51,1,2025-10-23 13:46:51,2505274.0,NORMAL,MISSING,MISSING,ALARM_SRC_0543,AR,2025.0,10.0,3.0,13.0
CRITICAL,PHYSICAL PORT DOWN,2025-10-23 16:14:19,1,2025-10-23 16:14:19,2505274.0,NORMAL,MISSING,MISSING,ALARM_SRC_1076,AR,2025.0,10.0,3.0,16.0
CRITICAL,PHYSICAL PORT DOWN,2025-10-23 16:15:35,1,2025-10-23 16:15:35,2505274.0,NORMAL,MISSING,MISSING,ALARM_SRC_0606,AR,2025.0,10.0,3.0,16.0
CRITICAL,PHYSICAL PORT DOWN,2025-10-23 16:53:08,1,2025-10-23 16:53:08,2505274.0,NORMAL,MISSING,MISSING,ALARM_SRC_0521,AR,2025.0,10.0,3.0,16.0
CRITICAL,PHYSICAL PORT DOWN,2025-10-23 17:25:56,1,2025-10-23 17:25:56,2505274.0,NORMAL,MISSING,MISSING,ALARM_SRC_0746,AR,2025.0,10.0,3.0,17.0
CRITICAL,PHYSICAL PORT DOWN,2025-10-23 17:50:03,1,2025-10-23 17:50:03,2505274.0,NORMAL,MISSING,MISSING,ALARM_SRC_1006,AR,2025.0,10.0,3.0,17.0
CRITICAL,PHYSICAL PORT DOWN,2025-10-23 18:48:19,1,2025-10-23 18:48:19,2505274.0,NORMAL,MISSING,MISSING,ALARM_SRC_0990,AR,2025.0,10.0,3.0,18.0
CRITICAL,PHYSICAL PORT DOWN,2025-10-23 23:17:37,1,2025-10-23 23:17:37,2505274.0,NORMAL,MISSING,MISSING,ALARM_SRC_0822,AR,2025.0,10.0,3.0,23.0
CRITICAL,PHYSICAL PORT DOWN,2025-10-24 01:29:42,1,2025-10-24 01:29:42,2505274.0,NORMAL,MISSING,MISSING,ALARM_SRC_1123,AR,2025.0,10.0,4.0,1.0
CRITICAL,PHYSICAL PORT DOWN,2025-10-24 05:26:33,1,2025-10-24 05:26:33,2505274.0,NORMAL,MISSING,MISSING,ALARM_SRC_1062,AR,2025.0,10.0,4.0,5.0
CRITICAL,PHYSICAL PORT DOWN,2025-10-24 08:14:48,1,2025-10-24 08:14:48,2505274.0,NORMAL,MISSING,MISSING,ALARM_SRC_0286,AR,2025.0,10.0,4.0,8.0
CRITICAL,PHYSICAL PORT DOWN,2025-10-24 10:08:19,1,2025-10-24 10:08:19,2505274.0,NORMAL,MISSING,MISSING,ALARM_SRC_0384,AR,2025.0,10.0,4.0,10.0
CRITICAL,PHYSICAL PORT DOWN,2025-10-24 10:37:57,1,2025-10-24 10:37:57,2505274.0,NORMAL,MISSING,MISSING,ALARM_SRC_0990,AR,2025.0,10.0,4.0,10.0
CRITICAL,PHYSICAL PORT DOWN,2025-10-24 10:51:27,1,2025-10-24 10:51:27,2505274.0,NORMAL,MISSING,MISSING,ALARM_SRC_0990,AR,2025.0,10.0,4.0,10.0
CRITICAL,PHYSICAL PORT DOWN,2025-10-24 11:43:27,1,2025-10-24 11:43:27,2505274.0,NORMAL,MISSING,MISSING,ALARM_SRC_1100,AR,2025.0,10.0,4.0,11.0
CRITICAL,PHYSICAL PORT DOWN,2025-10-24 11:43:27,1,2025-10-24 11:43:27,2505274.0,NORMAL,MISSING,MISSING,ALARM_SRC_1100,AR,2025.0,10.0,4.0,11.0
CRITICAL,PHYSICAL PORT DOWN,2025-10-24 12:04:39,1,2025-10-24 12:04:39,2505274.0,NORMAL,MISSING,MISSING,ALARM_SRC_0991,AR,2025.0,10.0,4.0,12.0
CRITICAL,PHYSICAL PORT DOWN,2025-10-24 12:28:12,1,2025-10-24 12:28:12,2505274.0,NORMAL,MISSING,MISSING,ALARM_SRC_0527,AR,2025.0,10.0,4.0,12.0
CRITICAL,PHYSICAL PORT DOWN,2025-10-24 13:08:37,1,2025-10-24 13:08:37,2505274.0,NORMAL,MISSING,MISSING,ALARM_SRC_0331,AR,2025.0,10.0,4.0,13.0
CRITICAL,PHYSICAL PORT DOWN,2025-10-24 13:17:02,1,2025-10-24 13:17:02,2505274.0,NORMAL,MISSING,MISSING,ALARM_SRC_0791,AR,2025.0,10.0,4.0,13.0
CRITICAL,PHYSICAL PORT DOWN,2025-10-24 13:17:58,1,2025-10-24 13:17:58,2505274.0,NORMAL,MISSING,MISSING,ALARM_SRC_0971,AR,2025.0,10.0,4.0,13.0
CRITICAL,PHYSICAL PORT DOWN,2025-10-24 13:24:22,1,2025-10-24 13:24:22,2505274.0,NORMAL,MISSING,MISSING,ALARM_SRC_0607,AR,2025.0,10.0,4.0,13.0
CRITICAL,PHYSICAL PORT DOWN,2025-10-24 13:30:18,1,2025-10-24 13:30:18,2505274.0,NORMAL,MISSING,MISSING,ALARM_SRC_0524,AR,2025.0,10.0,4.0,13.0
CRITICAL,PHYSICAL PORT DOWN,2025-10-24 13:35:22,1,2025-10-24 13:35:22,2505274.0,NORMAL,MISSING,MISSING,ALARM_SRC_0540,AR,2025.0,10.0,4.0,13.0
CRITICAL,PHYSICAL PORT DOWN,2025-10-24 13:50:55,1,2025-10-24 13:50:55,2505274.0,NORMAL,MISSING,MISSING,ALARM_SRC_0430,AR,2025.0,10.0,4.0,13.0
CRITICAL,PHYSICAL PORT DOWN,2025-10-24 13:59:12,1,2025-10-24 13:59:12,2505274.0,NORMAL,MISSING,MISSING,ALARM_SRC_1041,AR,2025.0,10.0,4.0,13.0
CRITICAL,PHYSICAL PORT DOWN,2025-10-24 14:02:32,1,2025-10-24 14:02:32,2505274.0,NORMAL,MISSING,MISSING,ALARM_SRC_0548,AR,2025.0,10.0,4.0,14.0
CRITICAL,PHYSICAL PORT DOWN,2025-10-24 14:18:45,1,2025-10-24 14:18:45,2505274.0,NORMAL,MISSING,MISSING,ALARM_SRC_0485,AR,2025.0,10.0,4.0,14.0
CRITICAL,PHYSICAL PORT DOWN,2025-10-24 15:01:41,1,2025-10-24 15:01:41,2505274.0,NORMAL,MISSING,MISSING,ALARM_SRC_0544,AR,2025.0,10.0,4.0,15.0
CRITICAL,PHYSICAL PORT DOWN,2025-10-24 15:04:27,1,2025-10-24 15:04:27,2505274.0,NORMAL,MISSING,MISSING,ALARM_SRC_0847,AR,2025.0,10.0,4.0,15.0
CRITICAL,PHYSICAL PORT DOWN,2025-10-24 15:50:49,1,2025-10-24 15:50:49,2505274.0,NORMAL,MISSING,MISSING,ALARM_SRC_1038,AR,2025.0,10.0,4.0,15.0
CRITICAL,PHYSICAL PORT DOWN,2025-10-24 15:54:42,1,2025-10-24 15:54:42,2505274.0,NORMAL,MISSING,MISSING,ALARM_SRC_0518,AR,2025.0,10.0,4.0,15.0
CRITICAL,PHYSICAL PORT DOWN,2025-10-24 16:24:12,1,2025-10-24 16:24:12,2505274.0,NORMAL,MISSING,MISSING,ALARM_SRC_0870,AR,2025.0,10.0,4.0,16.0
CRITICAL,PHYSICAL PORT DOWN,2025-10-24 16:42:27,1,2025-10-24 16:42:27,2505274.0,NORMAL,MISSING,MISSING,ALARM_SRC_0544,AR,2025.0,10.0,4.0,16.0
CRITICAL,PHYSICAL PORT DOWN,2025-10-24 16:57:14,1,2025-10-24 16:57:14,2505274.0,NORMAL,MISSING,MISSING,ALARM_SRC_0403,AR,2025.0,10.0,4.0,16.0
CRITICAL,PHYSICAL PORT DOWN,2025-10-24 17:01:35,1,2025-10-24 17:01:35,2505274.0,NORMAL,MISSING,MISSING,ALARM_SRC_0915,AR,2025.0,10.0,4.0,17.0
CRITICAL,PHYSICAL PORT DOWN,2025-10-24 17:01:35,1,2025-10-24 17:01:35,2505274.0,NORMAL,MISSING,MISSING,ALARM_SRC_0915,AR,2025.0,10.0,4.0,17.0
CRITICAL,PHYSICAL PORT DOWN,2025-10-24 17:11:15,1,2025-10-24 17:11:15,2505274.0,NORMAL,MISSING,MISSING,ALARM_SRC_0537,AR,2025.0,10.0,4.0,17.0
CRITICAL,PHYSICAL PORT DOWN,2025-10-24 17:14:37,1,2025-10-24 17:14:37,2505274.0,NORMAL,MISSING,MISSING,ALARM_SRC_1094,AR,2025.0,10.0,4.0,17.0
CRITICAL,PHYSICAL PORT DOWN,2025-10-24 17:24:14,1,2025-10-24 17:24:14,2505274.0,NORMAL,MISSING,MISSING,ALARM_SRC_0483,AR,2025.0,10.0,4.0,17.0
CRITICAL,PHYSICAL PORT DOWN,2025-10-24 17:26:17,1,2025-10-24 17:26:17,2505274.0,NORMAL,MISSING,MISSING,ALARM_SRC_0519,AR,2025.0,10.0,4.0,17.0
CRITICAL,PHYSICAL PORT DOWN,2025-10-24 17:26:17,1,2025-10-24 17:26:17,2505274.0,NORMAL,MISSING,MISSING,ALARM_SRC_0519,AR,2025.0,10.0,4.0,17.0
CRITICAL,PHYSICAL PORT DOWN,2025-10-24 17:58:17,1,2025-10-24 17:58:17,2505274.0,NORMAL,MISSING,MISSING,ALARM_SRC_0967,AR,2025.0,10.0,4.0,17.0
CRITICAL,PHYSICAL PORT DOWN,2025-10-24 18:08:34,1,2025-10-24 18:08:34,2505274.0,NORMAL,MISSING,MISSING,ALARM_SRC_0968,AR,2025.0,10.0,4.0,18.0
CRITICAL,PHYSICAL PORT DOWN,2025-10-24 19:01:12,1,2025-10-24 19:01:12,2505274.0,NORMAL,MISSING,MISSING,ALARM_SRC_1084,AR,2025.0,10.0,4.0,19.0
CRITICAL,PHYSICAL PORT DOWN,2025-10-24 19:08:55,1,2025-10-24 19:08:55,2505274.0,NORMAL,MISSING,MISSING,ALARM_SRC_0537,AR,2025.0,10.0,4.0,19.0
CRITICAL,PHYSICAL PORT DOWN,2025-10-25 05:51:13,1,2025-10-25 05:51:13,2505274.0,NORMAL,MISSING,MISSING,ALARM_SRC_0538,AR,2025.0,10.0,5.0,5.0
CRITICAL,PHYSICAL PORT DOWN,2025-10-25 05:56:56,1,2025-10-25 05:56:56,2505274.0,NORMAL,MISSING,MISSING,ALARM_SRC_0404,AR,2025.0,10.0,5.0,5.0
CRITICAL,PHYSICAL PORT DOWN,2025-10-25 06:38:21,1,2025-10-25 06:38:21,2505274.0,NORMAL,MISSING,MISSING,ALARM_SRC_0524,AR,2025.0,10.0,5.0,6.0
CRITICAL,PHYSICAL PORT DOWN,2025-10-25 06:38:21,1,2025-10-25 06:38:21,2505274.0,NORMAL,MISSING,MISSING,ALARM_SRC_0524,AR,2025.0,10.0,5.0,6.0
CRITICAL,PHYSICAL PORT DOWN,2025-10-25 06:38:21,1,2025-10-25 06:38:21,2505274.0,NORMAL,MISSING,MISSING,ALARM_SRC_0524,AR,2025.0,10.0,5.0,6.0
CRITICAL,PHYSICAL PORT DOWN,2025-10-25 06:38:21,1,2025-10-25 06:38:21,2505274.0,NORMAL,MISSING,MISSING,ALARM_SRC_0524,AR,2025.0,10.0,5.0,6.0
CRITICAL,PHYSICAL PORT DOWN,2025-10-25 07:34:32,1,2025-10-25 07:34:32,2505274.0,NORMAL,MISSING,MISSING,ALARM_SRC_1018,AR,2025.0,10.0,5.0,7.0
CRITICAL,PHYSICAL PORT DOWN,2025-10-25 08:17:58,1,2025-10-25 08:17:58,2505274.0,NORMAL,MISSING,MISSING,ALARM_SRC_1076,AR,2025.0,10.0,5.0,8.0
CRITICAL,PHYSICAL PORT DOWN,2025-10-25 08:17:58,1,2025-10-25 08:17:58,2505274.0,NORMAL,MISSING,MISSING,ALARM_SRC_1076,AR,2025.0,10.0,5.0,8.0
CRITICAL,PHYSICAL PORT DOWN,2025-10-25 09:37:52,1,2025-10-25 09:37:52,2505274.0,NORMAL,MISSING,MISSING,ALARM_SRC_1018,AR,2025.0,10.0,5.0,9.0
CRITICAL,PHYSICAL PORT DOWN,2025-10-25 11:13:57,1,2025-10-25 11:13:57,2505274.0,NORMAL,MISSING,MISSING,ALARM_SRC_0329,AR,2025.0,10.0,5.0,11.0
CRITICAL,PHYSICAL PORT DOWN,2025-10-25 11:32:59,1,2025-10-25 11:32:59,2505274.0,NORMAL,MISSING,MISSING,ALARM_SRC_0213,AR,2025.0,10.0,5.0,11.0
CRITICAL,PHYSICAL PORT DOWN,2025-10-25 11:39:49,1,2025-10-25 11:39:49,2505274.0,NORMAL,MISSING,MISSING,ALARM_SRC_0535,AR,2025.0,10.0,5.0,11.0
CRITICAL,PHYSICAL PORT DOWN,2025-10-25 11:47:43,1,2025-10-25 11:47:43,2505274.0,NORMAL,MISSING,MISSING,ALARM_SRC_0578,AR,2025.0,10.0,5.0,11.0
CRITICAL,PHYSICAL PORT DOWN,2025-10-25 11:51:11,1,2025-10-25 11:51:11,2505274.0,NORMAL,MISSING,MISSING,ALARM_SRC_0614,AR,2025.0,10.0,5.0,11.0
CRITICAL,THE DEVICE IS OFFLINE,2025-10-27 03:47:29,1,2025-10-27 03:47:29,7.0,NORMAL,MISSING,MISSING,ALARM_SRC_0618,AR,2025.0,10.0,0.0,3.0
CRITICAL,PHYSICAL PORT DOWN,2025-10-28 04:42:55,1,2025-10-28 04:42:55,2505274.0,NORMAL,MISSING,MISSING,ALARM_SRC_0094,AG,2025.0,10.0,1.0,4.0
CRITICAL,PHYSICAL PORT DOWN,2025-10-28 04:42:58,1,2025-10-28 04:42:58,2505274.0,NORMAL,MISSING,MISSING,ALARM_SRC_0932,AR,2025.0,10.0,1.0,4.0
CRITICAL,PHYSICAL PORT DOWN,2025-10-28 10:37:36,1,2025-10-28 10:37:36,2505274.0,NORMAL,MISSING,MISSING,ALARM_SRC_0061,AG,2025.0,10.0,1.0,10.0
CRITICAL,PHYSICAL PORT DOWN,2025-10-28 12:54:50,1,2025-10-28 12:54:50,2505274.0,NORMAL,MISSING,MISSING,ALARM_SRC_0625,AR,2025.0,10.0,1.0,12.0
CRITICAL,PHYSICAL PORT DOWN,2025-10-28 14:12:04,1,2025-10-28 14:12:04,2505274.0,NORMAL,MISSING,MISSING,ALARM_SRC_1031,AR,2025.0,10.0,1.0,14.0
CRITICAL,PHYSICAL PORT DOWN,2025-10-28 18:38:33,1,2025-10-28 18:38:33,2505274.0,NORMAL,MISSING,MISSING,ALARM_SRC_0092,AG,2025.0,10.0,1.0,18.0
CRITICAL,PHYSICAL PORT DOWN,2025-10-28 18:39:11,1,2025-10-28 18:39:11,2505274.0,NORMAL,MISSING,MISSING,ALARM_SRC_0092,AG,2025.0,10.0,1.0,18.0
CRITICAL,PHYSICAL PORT DOWN,2025-10-28 19:26:49,1,2025-10-28 19:26:49,2505274.0,NORMAL,MISSING,MISSING,ALARM_SRC_0306,AR,2025.0,10.0,1.0,19.0
CRITICAL,PHYSICAL PORT DOWN,2025-10-29 16:01:02,1,2025-10-29 16:01:02,2505274.0,NORMAL,MISSING,MISSING,ALARM_SRC_0062,AG,2025.0,10.0,2.0,16.0
CRITICAL,PHYSICAL PORT DOWN,2025-10-29 18:46:05,1,2025-10-29 18:46:05,2505274.0,NORMAL,MISSING,MISSING,ALARM_SRC_0153,AR,2025.0,10.0,2.0,18.0
CRITICAL,PHYSICAL PORT DOWN,2025-10-29 19:39:53,1,2025-10-29 19:39:53,2505274.0,NORMAL,MISSING,MISSING,ALARM_SRC_0153,AR,2025.0,10.0,2.0,19.0
CRITICAL,PHYSICAL PORT DOWN,2025-10-29 20:39:49,1,2025-10-29 20:39:49,2505274.0,NORMAL,MISSING,MISSING,ALARM_SRC_0153,AR,2025.0,10.0,2.0,20.0
CRITICAL,PHYSICAL PORT DOWN,2025-10-30 01:44:25,1,2025-10-30 01:44:25,2505274.0,NORMAL,MISSING,MISSING,ALARM_SRC_1171,CA,2025.0,10.0,3.0,1.0
CRITICAL,PHYSICAL PORT DOWN,2025-10-30 01:44:25,1,2025-10-30 01:44:25,2505274.0,NORMAL,MISSING,MISSING,ALARM_SRC_1171,CA,2025.0,10.0,3.0,1.0
CRITICAL,PHYSICAL PORT DOWN,2025-10-30 01:44:30,1,2025-10-30 01:44:30,2505274.0,NORMAL,MISSING,MISSING,ALARM_SRC_1171,CA,2025.0,10.0,3.0,1.0
CRITICAL,PHYSICAL PORT DOWN,2025-10-30 01:44:30,1,2025-10-30 01:44:30,2505274.0,NORMAL,MISSING,MISSING,ALARM_SRC_1171,CA,2025.0,10.0,3.0,1.0
CRITICAL,PHYSICAL PORT DOWN,2025-10-30 01:44:33,1,2025-10-30 01:44:33,2505274.0,NORMAL,MISSING,MISSING,ALARM_SRC_1171,CA,2025.0,10.0,3.0,1.0
CRITICAL,PHYSICAL PORT DOWN,2025-10-30 01:44:33,1,2025-10-30 01:44:33,2505274.0,NORMAL,MISSING,MISSING,ALARM_SRC_1171,CA,2025.0,10.0,3.0,1.0
CRITICAL,PHYSICAL PORT DOWN,2025-10-30 01:44:36,1,2025-10-30 01:44:36,2505274.0,NORMAL,MISSING,MISSING,ALARM_SRC_1171,CA,2025.0,10.0,3.0,1.0
CRITICAL,PHYSICAL PORT DOWN,2025-10-30 01:44:36,1,2025-10-30 01:44:36,2505274.0,NORMAL,MISSING,MISSING,ALARM_SRC_1171,CA,2025.0,10.0,3.0,1.0
CRITICAL,THE DEVICE IS OFFLINE,2025-10-30 01:44:58,1,2025-10-30 01:44:58,7.0,NORMAL,MISSING,MISSING,ALARM_SRC_1172,CA,2025.0,10.0,3.0,1.0
CRITICAL,THE DEVICE IS OFFLINE,2025-10-30 01:51:31,1,2025-10-30 01:51:31,7.0,NORMAL,MISSING,MISSING,ALARM_SRC_1171,CA,2025.0,10.0,3.0,1.0
CRITICAL,PHYSICAL PORT DOWN,2025-10-30 12:36:45,1,2025-10-30 12:36:45,2505274.0,NORMAL,MISSING,MISSING,ALARM_SRC_0896,AR,2025.0,10.0,3.0,12.0
CRITICAL,PHYSICAL PORT DOWN,2025-10-30 12:40:40,1,2025-10-30 12:40:40,2505274.0,NORMAL,MISSING,MISSING,ALARM_SRC_0896,AR,2025.0,10.0,3.0,12.0
CRITICAL,PHYSICAL PORT DOWN,2025-10-30 17:43:30,1,2025-10-30 17:43:30,2505274.0,NORMAL,MISSING,MISSING,ALARM_SRC_0638,AR,2025.0,10.0,3.0,17.0
CRITICAL,PHYSICAL PORT DOWN,2025-10-31 12:01:33,1,2025-10-31 12:01:33,2505274.0,NORMAL,MISSING,MISSING,ALARM_SRC_0153,AR,2025.0,10.0,4.0,12.0
CRITICAL,PHYSICAL PORT DOWN,2025-10-31 14:00:12,1,2025-10-31 14:00:12,2505274.0,NORMAL,MISSING,MISSING,ALARM_SRC_0782,AR,2025.0,10.0,4.0,14.0
CRITICAL,PHYSICAL PORT DOWN,2025-10-31 14:21:08,1,2025-10-31 14:21:08,2505274.0,NORMAL,MISSING,MISSING,ALARM_SRC_0121,AG,2025.0,10.0,4.0,14.0
CRITICAL,PHYSICAL PORT DOWN,2025-11-01 01:18:51,1,2025-11-01 01:18:51,2505274.0,NORMAL,MISSING,MISSING,ALARM_SRC_1173,CP,2025.0,11.0,5.0,1.0
CRITICAL,PHYSICAL PORT DOWN,2025-11-01 01:18:51,1,2025-11-01 01:18:51,2505274.0,NORMAL,MISSING,MISSING,ALARM_SRC_1173,CP,2025.0,11.0,5.0,1.0
CRITICAL,PHYSICAL PORT DOWN,2025-11-03 10:33:19,1,2025-11-03 10:33:19,2505274.0,NORMAL,MISSING,MISSING,ALARM_SRC_0898,AR,2025.0,11.0,0.0,10.0
CRITICAL,PHYSICAL PORT DOWN,2025-11-03 12:15:19,1,2025-11-03 12:15:19,2505274.0,NORMAL,MISSING,MISSING,ALARM_SRC_0448,AR,2025.0,11.0,0.0,12.0
CRITICAL,PHYSICAL PORT DOWN,2025-11-03 12:48:41,1,2025-11-03 12:48:41,2505274.0,NORMAL,MISSING,MISSING,ALARM_SRC_0335,AR,2025.0,11.0,0.0,12.0
CRITICAL,PHYSICAL PORT DOWN,2025-11-04 11:12:59,1,2025-11-04 11:12:59,2505274.0,NORMAL,MISSING,MISSING,ALARM_SRC_0101,AG,2025.0,11.0,1.0,11.0
CRITICAL,PHYSICAL PORT DOWN,2025-11-04 16:50:14,1,2025-11-04 16:50:14,2505274.0,NORMAL,MISSING,MISSING,ALARM_SRC_0703,AR,2025.0,11.0,1.0,16.0
CRITICAL,PHYSICAL PORT DOWN,2025-11-04 18:18:20,1,2025-11-04 18:18:20,2505274.0,NORMAL,MISSING,MISSING,ALARM_SRC_0361,AR,2025.0,11.0,1.0,18.0
CRITICAL,PHYSICAL PORT DOWN,2025-11-05 00:40:25,1,2025-11-05 00:40:25,2505274.0,NORMAL,MISSING,MISSING,ALARM_SRC_0053,AG,2025.0,11.0,2.0,0.0
CRITICAL,PHYSICAL PORT DOWN,2025-11-05 00:40:33,1,2025-11-05 00:40:33,2505274.0,NORMAL,MISSING,MISSING,ALARM_SRC_0053,AG,2025.0,11.0,2.0,0.0
CRITICAL,PHYSICAL PORT DOWN,2025-11-06 12:43:51,1,2025-11-06 12:43:51,2505274.0,NORMAL,MISSING,MISSING,ALARM_SRC_0419,AR,2025.0,11.0,3.0,12.0
CRITICAL,PHYSICAL PORT DOWN,2025-11-06 14:02:41,1,2025-11-06 14:02:41,2505274.0,NORMAL,MISSING,MISSING,ALARM_SRC_0074,AG,2025.0,11.0,3.0,14.0
CRITICAL,PHYSICAL PORT DOWN,2025-11-07 13:39:00,1,2025-11-07 13:39:00,2505274.0,NORMAL,MISSING,MISSING,ALARM_SRC_0154,AR,2025.0,11.0,4.0,13.0
CRITICAL,PHYSICAL PORT DOWN,2025-11-07 13:39:00,1,2025-11-07 13:39:00,2505274.0,NORMAL,MISSING,MISSING,ALARM_SRC_0154,AR,2025.0,11.0,4.0,13.0
CRITICAL,PHYSICAL PORT DOWN,2025-11-07 15:14:42,1,2025-11-07 15:14:42,2505274.0,NORMAL,MISSING,MISSING,ALARM_SRC_0957,AR,2025.0,11.0,4.0,15.0
CRITICAL,PHYSICAL PORT DOWN,2025-11-07 17:51:25,1,2025-11-07 17:51:25,2505274.0,NORMAL,MISSING,MISSING,ALARM_SRC_0398,AR,2025.0,11.0,4.0,17.0
CRITICAL,PHYSICAL PORT DOWN,2025-11-07 18:03:23,1,2025-11-07 18:03:23,2505274.0,NORMAL,MISSING,MISSING,ALARM_SRC_0820,AR,2025.0,11.0,4.0,18.0
CRITICAL,PHYSICAL PORT DOWN,2025-11-07 18:14:30,1,2025-11-07 18:14:30,2505274.0,NORMAL,MISSING,MISSING,ALARM_SRC_0611,AR,2025.0,11.0,4.0,18.0
CRITICAL,PHYSICAL PORT DOWN,2025-11-08 12:38:50,1,2025-11-08 12:38:50,2505274.0,NORMAL,MISSING,MISSING,ALARM_SRC_0006,AG,2025.0,11.0,5.0,12.0
CRITICAL,PHYSICAL PORT DOWN,2025-11-10 10:36:52,1,2025-11-10 10:36:52,2505274.0,NORMAL,MISSING,MISSING,ALARM_SRC_0840,AR,2025.0,11.0,0.0,10.0
CRITICAL,PHYSICAL PORT DOWN,2025-11-10 16:05:17,1,2025-11-10 16:05:17,2505274.0,NORMAL,MISSING,MISSING,ALARM_SRC_0051,AG,2025.0,11.0,0.0,16.0
CRITICAL,PHYSICAL PORT DOWN,2025-11-10 16:05:17,1,2025-11-10 16:05:17,2505274.0,NORMAL,MISSING,MISSING,ALARM_SRC_0051,AG,2025.0,11.0,0.0,16.0
CRITICAL,BOARD INVALID,2025-11-10 20:15:28,1,2025-11-10 20:15:28,2505210.0,NORMAL,MISSING,MISSING,ALARM_SRC_0050,AG,2025.0,11.0,0.0,20.0
CRITICAL,BOARD INVALID,2025-11-10 20:33:33,1,2025-11-10 20:33:33,2505210.0,NORMAL,MISSING,MISSING,ALARM_SRC_0049,AG,2025.0,11.0,0.0,20.0
CRITICAL,PHYSICAL PORT DOWN,2025-11-11 15:18:13,1,2025-11-11 15:18:13,2505274.0,NORMAL,MISSING,MISSING,ALARM_SRC_0621,AR,2025.0,11.0,1.0,15.0
CRITICAL,PHYSICAL PORT DOWN,2025-11-12 00:38:12,1,2025-11-12 00:38:12,3074752.0,NORMAL,MISSING,MISSING,ALARM_SRC_1168,CA,2025.0,11.0,2.0,0.0
CRITICAL,PHYSICAL PORT DOWN,2025-11-12 08:54:50,1,2025-11-12 08:54:50,2505274.0,NORMAL,MISSING,MISSING,ALARM_SRC_0037,AG,2025.0,11.0,2.0,8.0
CRITICAL,PHYSICAL PORT DOWN,2025-11-13 08:29:36,1,2025-11-13 08:29:36,2505274.0,NORMAL,MISSING,MISSING,ALARM_SRC_1014,AR,2025.0,11.0,3.0,8.0
CRITICAL,PHYSICAL PORT DOWN,2025-11-13 08:48:41,1,2025-11-13 08:48:41,2505274.0,NORMAL,MISSING,MISSING,ALARM_SRC_0065,AG,2025.0,11.0,3.0,8.0
CRITICAL,PHYSICAL PORT DOWN,2025-11-13 12:23:44,1,2025-11-13 12:23:44,2505274.0,NORMAL,MISSING,MISSING,ALARM_SRC_1043,AR,2025.0,11.0,3.0,12.0
CRITICAL,PHYSICAL PORT DOWN,2025-11-13 12:28:10,1,2025-11-13 12:28:10,2505274.0,NORMAL,MISSING,MISSING,ALARM_SRC_1043,AR,2025.0,11.0,3.0,12.0
CRITICAL,PHYSICAL PORT DOWN,2025-11-13 18:26:06,1,2025-11-13 18:26:06,2505274.0,NORMAL,MISSING,MISSING,ALARM_SRC_0711,AR,2025.0,11.0,3.0,18.0
CRITICAL,PHYSICAL PORT DOWN,2025-11-13 18:47:20,1,2025-11-13 18:47:20,2505274.0,NORMAL,MISSING,MISSING,ALARM_SRC_0888,AR,2025.0,11.0,3.0,18.0
CRITICAL,PHYSICAL PORT DOWN,2025-11-13 18:48:44,1,2025-11-13 18:48:44,2505274.0,NORMAL,MISSING,MISSING,ALARM_SRC_0890,AR,2025.0,11.0,3.0,18.0
CRITICAL,PHYSICAL PORT DOWN,2025-11-14 02:40:44,1,2025-11-14 02:40:44,2505274.0,NORMAL,MISSING,MISSING,ALARM_SRC_0931,AR,2025.0,11.0,4.0,2.0
CRITICAL,PHYSICAL PORT DOWN,2025-11-14 10:30:07,1,2025-11-14 10:30:07,2505274.0,NORMAL,MISSING,MISSING,ALARM_SRC_0926,AR,2025.0,11.0,4.0,10.0
CRITICAL,PHYSICAL PORT DOWN,2025-11-15 17:28:27,1,2025-11-15 17:28:27,2505274.0,NORMAL,MISSING,MISSING,ALARM_SRC_0766,AR,2025.0,11.0,5.0,17.0
CRITICAL,PHYSICAL PORT DOWN,2025-11-17 17:31:12,1,2025-11-17 17:31:12,2505274.0,NORMAL,MISSING,MISSING,ALARM_SRC_0143,AR,2025.0,11.0,0.0,17.0
CRITICAL,PHYSICAL PORT DOWN,2025-11-17 17:57:15,1,2025-11-17 17:57:15,2505274.0,NORMAL,MISSING,MISSING,ALARM_SRC_0872,AR,2025.0,11.0,0.0,17.0
CRITICAL,PHYSICAL PORT DOWN,2025-11-18 10:26:50,1,2025-11-18 10:26:50,2505274.0,NORMAL,MISSING,MISSING,ALARM_SRC_0123,AG,2025.0,11.0,1.0,10.0
CRITICAL,PHYSICAL PORT DOWN,2025-11-18 14:49:08,1,2025-11-18 14:49:08,2505274.0,NORMAL,MISSING,MISSING,ALARM_SRC_0556,AR,2025.0,11.0,1.0,14.0
CRITICAL,PHYSICAL PORT DOWN,2025-11-18 17:15:07,1,2025-11-18 17:15:07,2505274.0,NORMAL,MISSING,MISSING,ALARM_SRC_0206,AR,2025.0,11.0,1.0,17.0
CRITICAL,PHYSICAL PORT DOWN,2025-11-18 17:38:38,1,2025-11-18 17:38:38,2505274.0,NORMAL,MISSING,MISSING,ALARM_SRC_1043,AR,2025.0,11.0,1.0,17.0
CRITICAL,PHYSICAL PORT DOWN,2025-11-19 12:43:09,1,2025-11-19 12:43:09,2505274.0,NORMAL,MISSING,MISSING,ALARM_SRC_0122,AG,2025.0,11.0,2.0,12.0
CRITICAL,PHYSICAL PORT DOWN,2025-11-19 12:43:32,1,2025-11-19 12:43:32,2505274.0,NORMAL,MISSING,MISSING,ALARM_SRC_0122,AG,2025.0,11.0,2.0,12.0
CRITICAL,PHYSICAL PORT DOWN,2025-11-19 13:10:41,1,2025-11-19 13:10:41,2505274.0,NORMAL,MISSING,MISSING,ALARM_SRC_0122,AG,2025.0,11.0,2.0,13.0
CRITICAL,PHYSICAL PORT DOWN,2025-11-19 13:10:46,1,2025-11-19 13:10:46,2505274.0,NORMAL,MISSING,MISSING,ALARM_SRC_0122,AG,2025.0,11.0,2.0,13.0
CRITICAL,PHYSICAL PORT DOWN,2025-11-19 16:34:50,1,2025-11-19 16:34:50,2505274.0,NORMAL,MISSING,MISSING,ALARM_SRC_0944,AR,2025.0,11.0,2.0,16.0
CRITICAL,PHYSICAL PORT DOWN,2025-11-19 17:10:23,1,2025-11-19 17:10:23,2505274.0,NORMAL,MISSING,MISSING,ALARM_SRC_0034,AG,2025.0,11.0,2.0,17.0
CRITICAL,PHYSICAL PORT DOWN,2025-11-19 18:34:16,1,2025-11-19 18:34:16,2505274.0,NORMAL,MISSING,MISSING,ALARM_SRC_0121,AG,2025.0,11.0,2.0,18.0
CRITICAL,PHYSICAL PORT DOWN,2025-11-19 18:39:25,1,2025-11-19 18:39:25,2505274.0,NORMAL,MISSING,MISSING,ALARM_SRC_0122,AG,2025.0,11.0,2.0,18.0
CRITICAL,PHYSICAL PORT DOWN,2025-11-19 18:53:36,1,2025-11-19 18:53:36,2505274.0,NORMAL,MISSING,MISSING,ALARM_SRC_0468,AR,2025.0,11.0,2.0,18.0
CRITICAL,PHYSICAL PORT DOWN,2025-11-19 19:24:57,1,2025-11-19 19:24:57,2505274.0,NORMAL,MISSING,MISSING,ALARM_SRC_0048,AG,2025.0,11.0,2.0,19.0
CRITICAL,PHYSICAL PORT DOWN,2025-11-20 03:11:16,1,2025-11-20 03:11:16,2505274.0,NORMAL,MISSING,MISSING,ALARM_SRC_1169,CA,2025.0,11.0,3.0,3.0
CRITICAL,PHYSICAL PORT DOWN,2025-11-20 13:54:39,1,2025-11-20 13:54:39,2505274.0,NORMAL,MISSING,MISSING,ALARM_SRC_0549,AR,2025.0,11.0,3.0,13.0
CRITICAL,PHYSICAL PORT DOWN,2025-11-20 19:13:02,1,2025-11-20 19:13:02,2505274.0,NORMAL,MISSING,MISSING,ALARM_SRC_0057,AG,2025.0,11.0,3.0,19.0
CRITICAL,PHYSICAL PORT DOWN,2025-11-20 23:01:55,1,2025-11-20 23:01:55,2505274.0,NORMAL,MISSING,MISSING,ALARM_SRC_0090,AG,2025.0,11.0,3.0,23.0
CRITICAL,PHYSICAL PORT DOWN,2025-11-20 23:02:06,1,2025-11-20 23:02:06,2505274.0,NORMAL,MISSING,MISSING,ALARM_SRC_0090,AG,2025.0,11.0,3.0,23.0
CRITICAL,PHYSICAL PORT DOWN,2025-11-21 11:11:43,1,2025-11-21 11:11:43,2505274.0,NORMAL,MISSING,MISSING,ALARM_SRC_0811,AR,2025.0,11.0,4.0,11.0
CRITICAL,PHYSICAL PORT DOWN,2025-11-21 11:28:40,1,2025-11-21 11:28:40,2505274.0,NORMAL,MISSING,MISSING,ALARM_SRC_0811,AR,2025.0,11.0,4.0,11.0
CRITICAL,PHYSICAL PORT DOWN,2025-11-21 15:39:59,1,2025-11-21 15:39:59,2505274.0,NORMAL,MISSING,MISSING,ALARM_SRC_0525,AR,2025.0,11.0,4.0,15.0
CRITICAL,PHYSICAL PORT DOWN,2025-11-21 17:18:55,1,2025-11-21 17:18:55,2505274.0,NORMAL,MISSING,MISSING,ALARM_SRC_0638,AR,2025.0,11.0,4.0,17.0
CRITICAL,PHYSICAL PORT DOWN,2025-11-21 19:10:28,1,2025-11-21 19:10:28,2505274.0,NORMAL,MISSING,MISSING,ALARM_SRC_0601,AR,2025.0,11.0,4.0,19.0
CRITICAL,PHYSICAL PORT DOWN,2025-11-24 11:38:08,1,2025-11-24 11:38:08,2505274.0,NORMAL,MISSING,MISSING,ALARM_SRC_0622,AR,2025.0,11.0,0.0,11.0
CRITICAL,PHYSICAL PORT DOWN,2025-11-25 15:53:30,1,2025-11-25 15:53:30,2505274.0,NORMAL,MISSING,MISSING,ALARM_SRC_0630,AR,2025.0,11.0,1.0,15.0
CRITICAL,PHYSICAL PORT DOWN,2025-11-25 16:54:12,1,2025-11-25 16:54:12,2505274.0,NORMAL,MISSING,MISSING,ALARM_SRC_1180,CP,2025.0,11.0,1.0,16.0
CRITICAL,PHYSICAL PORT DOWN,2025-11-26 05:00:45,1,2025-11-26 05:00:45,2505274.0,NORMAL,MISSING,MISSING,ALARM_SRC_0028,AG,2025.0,11.0,2.0,5.0
CRITICAL,PHYSICAL PORT DOWN,2025-11-26 08:57:44,1,2025-11-26 08:57:44,2505274.0,NORMAL,MISSING,MISSING,ALARM_SRC_0119,AG,2025.0,11.0,2.0,8.0
CRITICAL,PHYSICAL PORT DOWN,2025-11-26 08:57:44,1,2025-11-26 08:57:44,2505274.0,NORMAL,MISSING,MISSING,ALARM_SRC_0119,AG,2025.0,11.0,2.0,8.0
CRITICAL,PHYSICAL PORT DOWN,2025-11-26 12:14:36,1,2025-11-26 12:14:36,2505274.0,NORMAL,MISSING,MISSING,ALARM_SRC_0845,AR,2025.0,11.0,2.0,12.0
CRITICAL,PHYSICAL PORT DOWN,2025-11-26 16:01:25,1,2025-11-26 16:01:25,2505274.0,NORMAL,MISSING,MISSING,ALARM_SRC_0319,AR,2025.0,11.0,2.0,16.0
CRITICAL,PHYSICAL PORT DOWN,2025-11-26 18:18:07,1,2025-11-26 18:18:07,2505274.0,NORMAL,MISSING,MISSING,ALARM_SRC_0114,AG,2025.0,11.0,2.0,18.0
CRITICAL,PHYSICAL PORT DOWN,2025-11-27 08:23:26,1,2025-11-27 08:23:26,2505274.0,NORMAL,MISSING,MISSING,ALARM_SRC_0311,AR,2025.0,11.0,3.0,8.0
CRITICAL,PHYSICAL PORT DOWN,2025-11-27 08:23:26,1,2025-11-27 08:23:26,2505274.0,NORMAL,MISSING,MISSING,ALARM_SRC_0311,AR,2025.0,11.0,3.0,8.0
CRITICAL,THE DEVICE IS OFFLINE,2025-11-27 14:39:29,1,2025-11-27 14:39:29,7.0,NORMAL,MISSING,MISSING,ALARM_SRC_0134,AR,2025.0,11.0,3.0,14.0
CRITICAL,PHYSICAL PORT DOWN,2025-11-27 16:37:27,1,2025-11-27 16:37:27,2505274.0,NORMAL,MISSING,MISSING,ALARM_SRC_0043,AG,2025.0,11.0,3.0,16.0
CRITICAL,PHYSICAL PORT DOWN,2025-11-27 16:37:27,1,2025-11-27 16:37:27,2505274.0,NORMAL,MISSING,MISSING,ALARM_SRC_0043,AG,2025.0,11.0,3.0,16.0
CRITICAL,PHYSICAL PORT DOWN,2025-11-27 19:32:22,1,2025-11-27 19:32:22,2505274.0,NORMAL,MISSING,MISSING,ALARM_SRC_0114,AG,2025.0,11.0,3.0,19.0
CRITICAL,PHYSICAL PORT DOWN,2025-11-28 10:52:47,1,2025-11-28 10:52:47,2505274.0,NORMAL,MISSING,MISSING,ALARM_SRC_0501,AR,2025.0,11.0,4.0,10.0
CRITICAL,PHYSICAL PORT DOWN,2025-11-28 12:02:18,1,2025-11-28 12:02:18,2505274.0,NORMAL,MISSING,MISSING,ALARM_SRC_0047,AG,2025.0,11.0,4.0,12.0
CRITICAL,PHYSICAL PORT DOWN,2025-11-28 13:38:23,1,2025-11-28 13:38:23,2505274.0,NORMAL,MISSING,MISSING,ALARM_SRC_0423,AR,2025.0,11.0,4.0,13.0
CRITICAL,PHYSICAL PORT DOWN,2025-11-28 14:13:50,1,2025-11-28 14:13:50,2505274.0,NORMAL,MISSING,MISSING,ALARM_SRC_0766,AR,2025.0,11.0,4.0,14.0
CRITICAL,PHYSICAL PORT DOWN,2025-11-28 16:02:05,1,2025-11-28 16:02:05,2505274.0,NORMAL,MISSING,ACKNOWLEDGED,ALARM_SRC_0467,AR,2025.0,11.0,4.0,16.0
CRITICAL,PHYSICAL PORT DOWN,2025-11-29 18:08:22,1,2025-11-29 18:08:22,2505274.0,NORMAL,MISSING,MISSING,ALARM_SRC_0896,AR,2025.0,11.0,5.0,18.0
CRITICAL,PHYSICAL PORT DOWN,2025-11-30 11:36:56,1,2025-11-30 11:36:56,2505274.0,NORMAL,MISSING,MISSING,ALARM_SRC_0898,AR,2025.0,11.0,6.0,11.0
CRITICAL,PHYSICAL PORT DOWN,2025-12-01 09:38:13,1,2025-12-01 09:38:13,2505274.0,NORMAL,MISSING,MISSING,ALARM_SRC_1180,CP,2025.0,12.0,0.0,9.0
CRITICAL,PHYSICAL PORT DOWN,2025-12-01 10:19:41,1,2025-12-01 10:19:41,2505274.0,NORMAL,MISSING,MISSING,ALARM_SRC_0061,AG,2025.0,12.0,0.0,10.0
CRITICAL,PHYSICAL PORT DOWN,2025-12-01 13:07:34,1,2025-12-01 13:07:34,2505274.0,NORMAL,MISSING,MISSING,ALARM_SRC_0629,AR,2025.0,12.0,0.0,13.0
CRITICAL,PHYSICAL PORT DOWN,2025-12-01 16:18:13,1,2025-12-01 16:18:13,2505274.0,NORMAL,MISSING,MISSING,ALARM_SRC_0062,AG,2025.0,12.0,0.0,16.0
CRITICAL,PHYSICAL PORT DOWN,2025-12-01 16:38:32,1,2025-12-01 16:38:32,2505274.0,NORMAL,MISSING,MISSING,ALARM_SRC_0620,AR,2025.0,12.0,0.0,16.0
CRITICAL,PHYSICAL PORT DOWN,2025-12-01 16:39:51,1,2025-12-01 16:39:51,2505274.0,NORMAL,MISSING,MISSING,ALARM_SRC_0062,AG,2025.0,12.0,0.0,16.0
CRITICAL,PHYSICAL PORT DOWN,2025-12-02 12:23:32,1,2025-12-02 12:23:32,2505274.0,NORMAL,MISSING,MISSING,ALARM_SRC_0010,AG,2025.0,12.0,1.0,12.0
CRITICAL,PHYSICAL PORT DOWN,2025-12-02 12:44:09,1,2025-12-02 12:44:09,2505274.0,NORMAL,MISSING,MISSING,ALARM_SRC_0097,AG,2025.0,12.0,1.0,12.0
CRITICAL,PHYSICAL PORT DOWN,2025-12-02 13:21:01,1,2025-12-02 13:21:01,2505274.0,NORMAL,MISSING,MISSING,ALARM_SRC_0105,AG,2025.0,12.0,1.0,13.0
CRITICAL,BOARD INVALID,2025-12-02 13:23:26,1,2025-12-02 13:23:26,2505210.0,NORMAL,MISSING,MISSING,ALARM_SRC_0103,AG,2025.0,12.0,1.0,13.0
CRITICAL,BOARD INVALID,2025-12-02 13:23:26,1,2025-12-02 13:23:26,2505210.0,NORMAL,MISSING,MISSING,ALARM_SRC_0103,AG,2025.0,12.0,1.0,13.0
CRITICAL,PHYSICAL PORT DOWN,2025-12-02 17:49:46,1,2025-12-02 17:49:46,2505274.0,NORMAL,MISSING,MISSING,ALARM_SRC_0028,AG,2025.0,12.0,1.0,17.0
CRITICAL,PHYSICAL PORT DOWN,2025-12-03 08:14:45,1,2025-12-03 08:14:45,2505274.0,NORMAL,MISSING,MISSING,ALARM_SRC_0943,AR,2025.0,12.0,2.0,8.0
CRITICAL,PHYSICAL PORT DOWN,2025-12-03 10:59:08,1,2025-12-03 10:59:08,2505274.0,NORMAL,MISSING,MISSING,ALARM_SRC_0081,AG,2025.0,12.0,2.0,10.0
CRITICAL,PHYSICAL PORT DOWN,2025-12-03 23:19:40,1,2025-12-03 23:19:40,2505274.0,NORMAL,MISSING,MISSING,ALARM_SRC_0677,AR,2025.0,12.0,2.0,23.0
CRITICAL,PHYSICAL PORT DOWN,2025-12-04 10:17:54,1,2025-12-04 10:17:54,2505274.0,NORMAL,MISSING,MISSING,ALARM_SRC_0283,AR,2025.0,12.0,3.0,10.0
CRITICAL,PHYSICAL PORT DOWN,2025-12-04 10:19:14,1,2025-12-04 10:19:14,2505274.0,NORMAL,MISSING,MISSING,ALARM_SRC_0283,AR,2025.0,12.0,3.0,10.0
CRITICAL,PHYSICAL PORT DOWN,2025-12-04 12:14:54,1,2025-12-04 12:14:54,2505274.0,NORMAL,MISSING,MISSING,ALARM_SRC_0408,AR,2025.0,12.0,3.0,12.0
CRITICAL,PHYSICAL PORT DOWN,2025-12-04 15:11:25,1,2025-12-04 15:11:25,2505274.0,NORMAL,MISSING,MISSING,ALARM_SRC_0287,AR,2025.0,12.0,3.0,15.0
CRITICAL,PHYSICAL PORT DOWN,2025-12-04 16:33:50,1,2025-12-04 16:33:50,2505274.0,NORMAL,MISSING,MISSING,ALARM_SRC_0049,AG,2025.0,12.0,3.0,16.0
CRITICAL,PHYSICAL PORT DOWN,2025-12-04 16:46:30,1,2025-12-04 16:46:30,2505274.0,NORMAL,MISSING,MISSING,ALARM_SRC_1170,CA,2025.0,12.0,3.0,16.0
CRITICAL,PHYSICAL PORT DOWN,2025-12-05 17:36:13,1,2025-12-05 17:36:13,2505274.0,NORMAL,MISSING,MISSING,ALARM_SRC_0925,AR,2025.0,12.0,4.0,17.0
CRITICAL,PHYSICAL PORT DOWN,2025-12-05 18:07:14,1,2025-12-05 18:07:14,2505274.0,NORMAL,MISSING,MISSING,ALARM_SRC_0363,AR,2025.0,12.0,4.0,18.0
CRITICAL,PHYSICAL PORT DOWN,2025-12-05 19:30:07,1,2025-12-05 19:30:07,2505274.0,NORMAL,MISSING,MISSING,ALARM_SRC_0011,AG,2025.0,12.0,4.0,19.0
CRITICAL,PHYSICAL PORT DOWN,2025-12-05 19:30:18,1,2025-12-05 19:30:18,2505274.0,NORMAL,MISSING,MISSING,ALARM_SRC_0011,AG,2025.0,12.0,4.0,19.0
CRITICAL,PHYSICAL PORT DOWN,2025-12-08 16:35:27,1,2025-12-08 16:35:27,2505274.0,NORMAL,MISSING,MISSING,ALARM_SRC_0301,AR,2025.0,12.0,0.0,16.0
CRITICAL,PHYSICAL PORT DOWN,2025-12-10 07:37:37,1,2025-12-10 07:37:37,2505274.0,NORMAL,MISSING,MISSING,ALARM_SRC_1027,AR,2025.0,12.0,2.0,7.0
CRITICAL,PHYSICAL PORT DOWN,2025-12-10 15:59:26,1,2025-12-10 15:59:26,2505274.0,NORMAL,MISSING,MISSING,ALARM_SRC_0440,AR,2025.0,12.0,2.0,15.0
CRITICAL,PHYSICAL PORT DOWN,2025-12-10 15:59:52,1,2025-12-10 15:59:52,2505274.0,NORMAL,MISSING,MISSING,ALARM_SRC_0439,AR,2025.0,12.0,2.0,15.0
CRITICAL,PHYSICAL PORT DOWN,2025-12-10 17:19:30,1,2025-12-10 17:19:30,2505274.0,NORMAL,MISSING,MISSING,ALARM_SRC_1053,AR,2025.0,12.0,2.0,17.0
CRITICAL,PHYSICAL PORT DOWN,2025-12-11 18:19:50,1,2025-12-11 18:19:50,2505274.0,NORMAL,MISSING,MISSING,ALARM_SRC_0746,AR,2025.0,12.0,3.0,18.0
CRITICAL,PHYSICAL PORT DOWN,2025-12-12 15:16:59,1,2025-12-12 15:16:59,2505274.0,NORMAL,MISSING,MISSING,ALARM_SRC_1001,AR,2025.0,12.0,4.0,15.0
CRITICAL,PHYSICAL PORT DOWN,2025-12-12 16:49:54,1,2025-12-12 16:49:54,2505274.0,NORMAL,MISSING,MISSING,ALARM_SRC_1092,AR,2025.0,12.0,4.0,16.0
CRITICAL,PHYSICAL PORT DOWN,2025-12-13 00:33:46,1,2025-12-13 00:33:46,2505274.0,NORMAL,MISSING,MISSING,ALARM_SRC_0309,AR,2025.0,12.0,5.0,0.0
CRITICAL,PHYSICAL PORT DOWN,2025-12-13 00:36:23,1,2025-12-13 00:36:23,3074752.0,NORMAL,MISSING,MISSING,ALARM_SRC_1176,CP,2025.0,12.0,5.0,0.0
CRITICAL,PHYSICAL PORT DOWN,2025-12-13 13:40:17,1,2025-12-13 13:40:17,2505274.0,NORMAL,MISSING,MISSING,ALARM_SRC_0278,AR,2025.0,12.0,5.0,13.0
CRITICAL,THE DEVICE IS OFFLINE,2025-12-15 14:20:11,1,2025-12-15 14:20:11,7.0,NORMAL,MISSING,MISSING,ALARM_SRC_0995,AR,2025.0,12.0,0.0,14.0
CRITICAL,PHYSICAL PORT DOWN,2025-12-15 14:40:58,1,2025-12-15 14:40:58,2505274.0,NORMAL,MISSING,MISSING,ALARM_SRC_0435,AR,2025.0,12.0,0.0,14.0
CRITICAL,PHYSICAL PORT DOWN,2025-12-15 15:24:01,1,2025-12-15 15:24:01,2505274.0,NORMAL,MISSING,MISSING,ALARM_SRC_0641,AR,2025.0,12.0,0.0,15.0
CRITICAL,PHYSICAL PORT DOWN,2025-12-17 11:42:23,1,2025-12-17 11:42:23,2505274.0,NORMAL,MISSING,MISSING,ALARM_SRC_0011,AG,2025.0,12.0,2.0,11.0
CRITICAL,PHYSICAL PORT DOWN,2025-12-17 11:42:23,1,2025-12-17 11:42:23,2505274.0,NORMAL,MISSING,MISSING,ALARM_SRC_0011,AG,2025.0,12.0,2.0,11.0
CRITICAL,PHYSICAL PORT DOWN,2025-12-17 12:00:07,1,2025-12-17 12:00:07,2505274.0,NORMAL,MISSING,MISSING,ALARM_SRC_0118,AG,2025.0,12.0,2.0,12.0
CRITICAL,PHYSICAL PORT DOWN,2025-12-17 17:57:20,1,2025-12-17 17:57:20,2505274.0,NORMAL,MISSING,MISSING,ALARM_SRC_0887,AR,2025.0,12.0,2.0,17.0
CRITICAL,PHYSICAL PORT DOWN,2025-12-18 11:45:25,1,2025-12-18 11:45:25,2505274.0,NORMAL,MISSING,MISSING,ALARM_SRC_1010,AR,2025.0,12.0,3.0,11.0
CRITICAL,THE DEVICE IS OFFLINE,2025-12-18 12:12:45,1,2025-12-18 12:12:45,7.0,NORMAL,MISSING,MISSING,ALARM_SRC_0988,AR,2025.0,12.0,3.0,12.0
CRITICAL,BOARD INVALID,2025-12-18 15:13:42,1,2025-12-18 15:13:42,2505210.0,NORMAL,MISSING,MISSING,ALARM_SRC_0047,AG,2025.0,12.0,3.0,15.0
CRITICAL,BOARD INVALID,2025-12-18 15:27:41,1,2025-12-18 15:27:41,2505210.0,NORMAL,MISSING,MISSING,ALARM_SRC_0047,AG,2025.0,12.0,3.0,15.0
CRITICAL,PHYSICAL PORT DOWN,2025-12-18 15:35:55,1,2025-12-18 15:35:55,2505274.0,NORMAL,MISSING,MISSING,ALARM_SRC_1023,AR,2025.0,12.0,3.0,15.0
CRITICAL,PHYSICAL PORT DOWN,2025-12-18 16:06:31,1,2025-12-18 16:06:31,2505274.0,NORMAL,MISSING,MISSING,ALARM_SRC_0063,AG,2025.0,12.0,3.0,16.0
CRITICAL,PHYSICAL PORT DOWN,2025-12-18 17:16:49,1,2025-12-18 17:16:49,2505274.0,NORMAL,MISSING,MISSING,ALARM_SRC_0881,AR,2025.0,12.0,3.0,17.0
CRITICAL,PHYSICAL PORT DOWN,2025-12-19 11:42:38,1,2025-12-19 11:42:38,2505274.0,NORMAL,MISSING,MISSING,ALARM_SRC_0282,AR,2025.0,12.0,4.0,11.0
CRITICAL,PHYSICAL PORT DOWN,2025-12-19 12:18:03,1,2025-12-19 12:18:03,2505274.0,NORMAL,MISSING,MISSING,ALARM_SRC_0032,AG,2025.0,12.0,4.0,12.0
CRITICAL,PHYSICAL PORT DOWN,2025-12-19 12:22:08,1,2025-12-19 12:22:08,2505274.0,NORMAL,MISSING,MISSING,ALARM_SRC_0031,AG,2025.0,12.0,4.0,12.0
CRITICAL,PHYSICAL PORT DOWN,2025-12-19 13:23:14,1,2025-12-19 13:23:14,2505274.0,NORMAL,MISSING,MISSING,ALARM_SRC_0107,AG,2025.0,12.0,4.0,13.0
CRITICAL,PHYSICAL PORT DOWN,2025-12-19 19:48:06,1,2025-12-19 19:48:06,2505274.0,NORMAL,MISSING,MISSING,ALARM_SRC_0204,AR,2025.0,12.0,4.0,19.0
CRITICAL,THE DEVICE IS OFFLINE,2025-12-20 10:19:10,1,2025-12-20 10:19:10,7.0,NORMAL,MISSING,MISSING,ALARM_SRC_1201,SW,2025.0,12.0,5.0,10.0
CRITICAL,THE DEVICE IS OFFLINE,2025-12-20 10:19:10,1,2025-12-20 10:19:10,7.0,NORMAL,MISSING,MISSING,ALARM_SRC_1202,SW,2025.0,12.0,5.0,10.0
CRITICAL,PHYSICAL PORT DOWN,2025-12-20 11:02:53,1,2025-12-20 11:02:53,2505274.0,NORMAL,MISSING,MISSING,ALARM_SRC_0193,AR,2025.0,12.0,5.0,11.0
CRITICAL,PHYSICAL PORT DOWN,2025-12-20 19:47:44,1,2025-12-20 19:47:44,2505274.0,NORMAL,MISSING,MISSING,ALARM_SRC_0193,AR,2025.0,12.0,5.0,19.0
CRITICAL,PHYSICAL PORT DOWN,2025-12-22 15:02:24,1,2025-12-22 15:02:24,2505274.0,NORMAL,MISSING,MISSING,ALARM_SRC_0525,AR,2025.0,12.0,0.0,15.0
CRITICAL,PHYSICAL PORT DOWN,2025-12-22 16:54:00,1,2025-12-22 16:54:00,2505274.0,NORMAL,MISSING,MISSING,ALARM_SRC_0227,AR,2025.0,12.0,0.0,16.0
CRITICAL,PHYSICAL PORT DOWN,2025-12-22 17:07:07,1,2025-12-22 17:07:07,2505274.0,NORMAL,MISSING,MISSING,ALARM_SRC_0227,AR,2025.0,12.0,0.0,17.0
CRITICAL,PHYSICAL PORT DOWN,2025-12-22 18:03:35,1,2025-12-22 18:03:35,2505274.0,NORMAL,MISSING,MISSING,ALARM_SRC_0023,AG,2025.0,12.0,0.0,18.0
CRITICAL,PHYSICAL PORT DOWN,2025-12-22 18:03:35,1,2025-12-22 18:03:35,2505274.0,NORMAL,MISSING,MISSING,ALARM_SRC_0025,AG,2025.0,12.0,0.0,18.0
CRITICAL,PHYSICAL PORT DOWN,2025-12-22 18:11:52,1,2025-12-22 18:11:52,2505274.0,NORMAL,MISSING,MISSING,ALARM_SRC_0220,AR,2025.0,12.0,0.0,18.0
CRITICAL,PHYSICAL PORT DOWN,2025-12-22 18:36:07,1,2025-12-22 18:36:07,2505274.0,NORMAL,MISSING,MISSING,ALARM_SRC_0220,AR,2025.0,12.0,0.0,18.0
CRITICAL,PHYSICAL PORT DOWN,2025-12-22 19:21:50,1,2025-12-22 19:21:50,2505274.0,NORMAL,MISSING,MISSING,ALARM_SRC_0226,AR,2025.0,12.0,0.0,19.0
CRITICAL,THE DEVICE IS OFFLINE,2025-12-22 23:22:11,1,2025-12-22 23:22:11,7.0,NORMAL,MISSING,MISSING,ALARM_SRC_0315,AR,2025.0,12.0,0.0,23.0
CRITICAL,PHYSICAL PORT DOWN,2025-12-23 12:02:42,1,2025-12-23 12:02:42,2505274.0,NORMAL,MISSING,MISSING,ALARM_SRC_0226,AR,2025.0,12.0,1.0,12.0
CRITICAL,PHYSICAL PORT DOWN,2025-12-24 10:58:40,1,2025-12-24 10:58:40,2505274.0,NORMAL,MISSING,MISSING,ALARM_SRC_0720,AR,2025.0,12.0,2.0,10.0
CRITICAL,PHYSICAL PORT DOWN,2025-12-25 08:43:37,1,2025-12-25 08:43:37,2505274.0,NORMAL,MISSING,MISSING,ALARM_SRC_0334,AR,2025.0,12.0,3.0,8.0
CRITICAL,PHYSICAL PORT DOWN,2025-12-25 08:43:37,1,2025-12-25 08:43:37,2505274.0,NORMAL,MISSING,MISSING,ALARM_SRC_0334,AR,2025.0,12.0,3.0,8.0
CRITICAL,PHYSICAL PORT DOWN,2025-12-26 16:18:34,1,2025-12-26 16:18:34,2505274.0,NORMAL,MISSING,MISSING,ALARM_SRC_0235,AR,2025.0,12.0,4.0,16.0
CRITICAL,PHYSICAL PORT DOWN,2025-12-29 17:46:13,1,2025-12-29 17:46:13,2505274.0,NORMAL,MISSING,MISSING,ALARM_SRC_0033,AG,2025.0,12.0,0.0,17.0
CRITICAL,PHYSICAL PORT DOWN,2025-12-30 11:13:44,1,2025-12-30 11:13:44,2505274.0,NORMAL,MISSING,MISSING,ALARM_SRC_0889,AR,2025.0,12.0,1.0,11.0
CRITICAL,PHYSICAL PORT DOWN,2025-12-31 04:19:08,1,2025-12-31 04:19:08,2505274.0,NORMAL,MISSING,MISSING,ALARM_SRC_0799,AR,2025.0,12.0,2.0,4.0
CRITICAL,BOARD INVALID,2025-12-31 11:45:45,1,2025-12-31 11:45:45,2505210.0,NORMAL,MISSING,MISSING,ALARM_SRC_0103,AG,2025.0,12.0,2.0,11.0
CRITICAL,PHYSICAL PORT DOWN,2025-12-31 17:41:49,1,2025-12-31 17:41:49,2505274.0,NORMAL,MISSING,MISSING,ALARM_SRC_0950,AR,2025.0,12.0,2.0,17.0
CRITICAL,PHYSICAL PORT DOWN,2026-01-01 17:29:00,1,2026-01-01 17:29:00,2505274.0,NORMAL,MISSING,MISSING,ALARM_SRC_0266,AR,2026.0,1.0,3.0,17.0
CRITICAL,PHYSICAL PORT DOWN,2026-01-01 17:29:04,1,2026-01-01 17:29:04,2505274.0,NORMAL,MISSING,MISSING,ALARM_SRC_0018,AG,2026.0,1.0,3.0,17.0
CRITICAL,PHYSICAL PORT DOWN,2026-01-03 08:12:39,1,2026-01-03 08:12:39,2505274.0,NORMAL,MISSING,MISSING,ALARM_SRC_0846,AR,2026.0,1.0,5.0,8.0
CRITICAL,PHYSICAL PORT DOWN,2026-01-03 10:30:49,1,2026-01-03 10:30:49,2505274.0,NORMAL,MISSING,MISSING,ALARM_SRC_0860,AR,2026.0,1.0,5.0,10.0
CRITICAL,PHYSICAL PORT DOWN,2026-01-03 10:42:25,1,2026-01-03 10:42:25,2505274.0,NORMAL,MISSING,MISSING,ALARM_SRC_0743,AR,2026.0,1.0,5.0,10.0
CRITICAL,THE DEVICE IS OFFLINE,2026-01-03 12:24:02,1,2026-01-03 12:24:02,7.0,NORMAL,MISSING,MISSING,ALARM_SRC_0192,AR,2026.0,1.0,5.0,12.0
CRITICAL,THE DEVICE IS OFFLINE,2026-01-04 19:50:47,1,2026-01-04 19:50:47,7.0,NORMAL,MISSING,MISSING,ALARM_SRC_0984,AR,2026.0,1.0,6.0,19.0
CRITICAL,THE DEVICE IS OFFLINE,2026-01-05 00:48:33,1,2026-01-05 00:48:33,7.0,NORMAL,MISSING,MISSING,ALARM_SRC_0560,AR,2026.0,1.0,0.0,0.0
CRITICAL,PHYSICAL PORT DOWN,2026-01-05 11:03:38,1,2026-01-05 11:03:38,2505274.0,NORMAL,MISSING,MISSING,ALARM_SRC_0846,AR,2026.0,1.0,0.0,11.0
CRITICAL,PHYSICAL PORT DOWN,2026-01-05 11:28:25,1,2026-01-05 11:28:25,2505274.0,NORMAL,MISSING,MISSING,ALARM_SRC_1054,AR,2026.0,1.0,0.0,11.0
CRITICAL,PHYSICAL PORT DOWN,2026-01-05 20:54:07,1,2026-01-05 20:54:07,2505274.0,NORMAL,MISSING,MISSING,ALARM_SRC_1165,CA,2026.0,1.0,0.0,20.0
CRITICAL,PHYSICAL PORT DOWN,2026-01-06 10:48:22,1,2026-01-06 10:48:22,2505274.0,NORMAL,MISSING,MISSING,ALARM_SRC_0570,AR,2026.0,1.0,1.0,10.0
CRITICAL,PHYSICAL PORT DOWN,2026-01-06 14:10:39,1,2026-01-06 14:10:39,2505274.0,NORMAL,MISSING,MISSING,ALARM_SRC_1065,AR,2026.0,1.0,1.0,14.0
CRITICAL,PHYSICAL PORT DOWN,2026-01-07 11:27:31,1,2026-01-07 11:27:31,2505274.0,NORMAL,MISSING,MISSING,ALARM_SRC_0645,AR,2026.0,1.0,2.0,11.0
CRITICAL,PHYSICAL PORT DOWN,2026-01-07 11:36:09,1,2026-01-07 11:36:09,2505274.0,NORMAL,MISSING,MISSING,ALARM_SRC_0645,AR,2026.0,1.0,2.0,11.0
CRITICAL,PHYSICAL PORT DOWN,2026-01-07 13:39:05,1,2026-01-07 13:39:05,2505274.0,NORMAL,MISSING,MISSING,ALARM_SRC_0310,AR,2026.0,1.0,2.0,13.0
CRITICAL,PHYSICAL PORT DOWN,2026-01-07 14:12:28,1,2026-01-07 14:12:28,2505274.0,NORMAL,MISSING,MISSING,ALARM_SRC_0893,AR,2026.0,1.0,2.0,14.0
CRITICAL,PHYSICAL PORT DOWN,2026-01-08 03:58:16,1,2026-01-08 03:58:16,2505274.0,NORMAL,MISSING,MISSING,ALARM_SRC_0892,AR,2026.0,1.0,3.0,3.0
CRITICAL,PHYSICAL PORT DOWN,2026-01-08 03:58:16,1,2026-01-08 03:58:16,2505274.0,NORMAL,MISSING,MISSING,ALARM_SRC_0892,AR,2026.0,1.0,3.0,3.0
CRITICAL,PHYSICAL PORT DOWN,2026-01-08 03:58:26,1,2026-01-08 03:58:26,2505274.0,NORMAL,MISSING,MISSING,ALARM_SRC_0891,AR,2026.0,1.0,3.0,3.0
CRITICAL,PHYSICAL PORT DOWN,2026-01-08 12:11:27,1,2026-01-08 12:11:27,2505274.0,NORMAL,MISSING,MISSING,ALARM_SRC_0893,AR,2026.0,1.0,3.0,12.0
CRITICAL,PHYSICAL PORT DOWN,2026-01-08 12:42:14,1,2026-01-08 12:42:14,2505274.0,NORMAL,MISSING,MISSING,ALARM_SRC_0187,AR,2026.0,1.0,3.0,12.0
CRITICAL,PHYSICAL PORT DOWN,2026-01-09 02:22:25,1,2026-01-09 02:22:25,2505274.0,NORMAL,MISSING,MISSING,ALARM_SRC_0893,AR,2026.0,1.0,4.0,2.0
CRITICAL,PHYSICAL PORT DOWN,2026-01-09 04:39:19,1,2026-01-09 04:39:19,2505274.0,NORMAL,MISSING,MISSING,ALARM_SRC_0891,AR,2026.0,1.0,4.0,4.0
CRITICAL,PHYSICAL PORT DOWN,2026-01-09 13:13:40,1,2026-01-09 13:13:40,2505274.0,NORMAL,MISSING,MISSING,ALARM_SRC_0098,AG,2026.0,1.0,4.0,13.0
CRITICAL,PHYSICAL PORT DOWN,2026-01-09 15:21:05,1,2026-01-09 15:21:05,2505274.0,NORMAL,MISSING,MISSING,ALARM_SRC_0141,AR,2026.0,1.0,4.0,15.0
CRITICAL,BOARD INVALID,2026-01-10 04:26:27,1,2026-01-10 04:26:27,2505210.0,NORMAL,MISSING,MISSING,ALARM_SRC_0100,AG,2026.0,1.0,5.0,4.0
CRITICAL,PHYSICAL PORT DOWN,2026-01-10 18:43:20,1,2026-01-10 18:43:20,2505274.0,NORMAL,MISSING,MISSING,ALARM_SRC_0033,AG,2026.0,1.0,5.0,18.0
CRITICAL,BOARD INVALID,2026-01-11 13:20:13,1,2026-01-11 13:20:13,2505210.0,NORMAL,MISSING,MISSING,ALARM_SRC_0067,AG,2026.0,1.0,6.0,13.0
CRITICAL,PHYSICAL PORT DOWN,2026-01-11 16:14:14,1,2026-01-11 16:14:14,2505274.0,NORMAL,MISSING,MISSING,ALARM_SRC_0589,AR,2026.0,1.0,6.0,16.0
CRITICAL,THE DEVICE IS OFFLINE,2026-01-11 16:23:28,1,2026-01-11 16:23:28,7.0,NORMAL,MISSING,MISSING,ALARM_SRC_0481,AR,2026.0,1.0,6.0,16.0
CRITICAL,PHYSICAL PORT DOWN,2026-01-12 10:56:06,1,2026-01-12 10:56:06,2505274.0,NORMAL,MISSING,MISSING,ALARM_SRC_0298,AR,2026.0,1.0,0.0,10.0
CRITICAL,PHYSICAL PORT DOWN,2026-01-12 10:56:06,1,2026-01-12 10:56:06,2505274.0,NORMAL,MISSING,MISSING,ALARM_SRC_0298,AR,2026.0,1.0,0.0,10.0
CRITICAL,PHYSICAL PORT DOWN,2026-01-12 10:56:06,1,2026-01-12 10:56:06,2505274.0,NORMAL,MISSING,MISSING,ALARM_SRC_0298,AR,2026.0,1.0,0.0,10.0
CRITICAL,PHYSICAL PORT DOWN,2026-01-13 11:15:19,1,2026-01-13 11:15:19,2505274.0,NORMAL,MISSING,MISSING,ALARM_SRC_0328,AR,2026.0,1.0,1.0,11.0
CRITICAL,PHYSICAL PORT DOWN,2026-01-13 12:03:43,1,2026-01-13 12:03:43,2505274.0,NORMAL,MISSING,MISSING,ALARM_SRC_0502,AR,2026.0,1.0,1.0,12.0
CRITICAL,PHYSICAL PORT DOWN,2026-01-13 14:04:05,1,2026-01-13 14:04:05,2505274.0,NORMAL,MISSING,MISSING,ALARM_SRC_0777,AR,2026.0,1.0,1.0,14.0
CRITICAL,PHYSICAL PORT DOWN,2026-01-13 17:02:28,1,2026-01-13 17:02:28,2505274.0,NORMAL,MISSING,MISSING,ALARM_SRC_0645,AR,2026.0,1.0,1.0,17.0
CRITICAL,PHYSICAL PORT DOWN,2026-01-13 23:11:11,1,2026-01-13 23:11:11,2505274.0,NORMAL,MISSING,MISSING,ALARM_SRC_1085,AR,2026.0,1.0,1.0,23.0
CRITICAL,PHYSICAL PORT DOWN,2026-01-14 10:32:12,1,2026-01-14 10:32:12,2505274.0,NORMAL,MISSING,MISSING,ALARM_SRC_0356,AR,2026.0,1.0,2.0,10.0
CRITICAL,PHYSICAL PORT DOWN,2026-01-14 10:45:04,1,2026-01-14 10:45:04,2505274.0,NORMAL,MISSING,MISSING,ALARM_SRC_0101,AG,2026.0,1.0,2.0,10.0
CRITICAL,PHYSICAL PORT DOWN,2026-01-14 10:45:45,1,2026-01-14 10:45:45,2505274.0,NORMAL,MISSING,MISSING,ALARM_SRC_0101,AG,2026.0,1.0,2.0,10.0
CRITICAL,PHYSICAL PORT DOWN,2026-01-14 11:27:17,1,2026-01-14 11:27:17,2505274.0,NORMAL,MISSING,MISSING,ALARM_SRC_0119,AG,2026.0,1.0,2.0,11.0
CRITICAL,PHYSICAL PORT DOWN,2026-01-14 11:27:17,1,2026-01-14 11:27:17,2505274.0,NORMAL,MISSING,MISSING,ALARM_SRC_0119,AG,2026.0,1.0,2.0,11.0
CRITICAL,PHYSICAL PORT DOWN,2026-01-14 14:48:03,1,2026-01-14 14:48:03,2505274.0,NORMAL,MISSING,MISSING,ALARM_SRC_1093,AR,2026.0,1.0,2.0,14.0
CRITICAL,PHYSICAL PORT DOWN,2026-01-14 15:11:01,1,2026-01-14 15:11:01,2505274.0,NORMAL,MISSING,MISSING,ALARM_SRC_0673,AR,2026.0,1.0,2.0,15.0
CRITICAL,PHYSICAL PORT DOWN,2026-01-14 15:19:11,1,2026-01-14 15:19:11,2505274.0,NORMAL,MISSING,MISSING,ALARM_SRC_0673,AR,2026.0,1.0,2.0,15.0
CRITICAL,PHYSICAL PORT DOWN,2026-01-14 17:04:03,1,2026-01-14 17:04:03,2505274.0,NORMAL,MISSING,MISSING,ALARM_SRC_1078,AR,2026.0,1.0,2.0,17.0
CRITICAL,PHYSICAL PORT DOWN,2026-01-14 17:05:48,1,2026-01-14 17:05:48,2505274.0,NORMAL,MISSING,MISSING,ALARM_SRC_1077,AR,2026.0,1.0,2.0,17.0
CRITICAL,PHYSICAL PORT DOWN,2026-01-14 17:13:44,1,2026-01-14 17:13:44,2505274.0,NORMAL,MISSING,MISSING,ALARM_SRC_0673,AR,2026.0,1.0,2.0,17.0
CRITICAL,PHYSICAL PORT DOWN,2026-01-14 17:16:51,1,2026-01-14 17:16:51,2505274.0,NORMAL,MISSING,MISSING,ALARM_SRC_0029,AG,2026.0,1.0,2.0,17.0
CRITICAL,PHYSICAL PORT DOWN,2026-01-14 17:17:13,1,2026-01-14 17:17:13,2505274.0,NORMAL,MISSING,MISSING,ALARM_SRC_0029,AG,2026.0,1.0,2.0,17.0
CRITICAL,PHYSICAL PORT DOWN,2026-01-14 17:17:13,1,2026-01-14 17:17:13,2505274.0,NORMAL,MISSING,MISSING,ALARM_SRC_0029,AG,2026.0,1.0,2.0,17.0
CRITICAL,BOARD INVALID,2026-01-14 17:17:14,1,2026-01-14 17:17:14,2505210.0,NORMAL,MISSING,MISSING,ALARM_SRC_0029,AG,2026.0,1.0,2.0,17.0
CRITICAL,PHYSICAL PORT DOWN,2026-01-14 17:17:15,1,2026-01-14 17:17:15,2505274.0,NORMAL,MISSING,MISSING,ALARM_SRC_0029,AG,2026.0,1.0,2.0,17.0
CRITICAL,PHYSICAL PORT DOWN,2026-01-14 17:17:15,1,2026-01-14 17:17:15,2505274.0,NORMAL,MISSING,MISSING,ALARM_SRC_0029,AG,2026.0,1.0,2.0,17.0
CRITICAL,PHYSICAL PORT DOWN,2026-01-14 23:48:36,1,2026-01-14 23:48:36,2505274.0,NORMAL,MISSING,MISSING,ALARM_SRC_1085,AR,2026.0,1.0,2.0,23.0
CRITICAL,PHYSICAL PORT DOWN,2026-01-15 07:47:13,1,2026-01-15 07:47:13,2505274.0,NORMAL,MISSING,MISSING,ALARM_SRC_1148,AR,2026.0,1.0,3.0,7.0
CRITICAL,PHYSICAL PORT DOWN,2026-01-15 07:47:13,1,2026-01-15 07:47:13,2505274.0,NORMAL,MISSING,MISSING,ALARM_SRC_1148,AR,2026.0,1.0,3.0,7.0
CRITICAL,PHYSICAL PORT DOWN,2026-01-15 17:09:36,1,2026-01-15 17:09:36,2505274.0,NORMAL,MISSING,MISSING,ALARM_SRC_1183,CP,2026.0,1.0,3.0,17.0
CRITICAL,PHYSICAL PORT DOWN,2026-01-15 18:37:49,1,2026-01-15 18:37:49,2505274.0,NORMAL,MISSING,MISSING,ALARM_SRC_0121,AG,2026.0,1.0,3.0,18.0
CRITICAL,PHYSICAL PORT DOWN,2026-01-16 15:45:34,1,2026-01-16 15:45:34,2505274.0,NORMAL,MISSING,MISSING,ALARM_SRC_0027,AG,2026.0,1.0,4.0,15.0
CRITICAL,BOARD INVALID,2026-01-16 15:49:33,1,2026-01-16 15:49:33,2505210.0,NORMAL,MISSING,MISSING,ALARM_SRC_0027,AG,2026.0,1.0,4.0,15.0
CRITICAL,PHYSICAL PORT DOWN,2026-01-17 10:32:41,1,2026-01-17 10:32:41,2505274.0,NORMAL,MISSING,MISSING,ALARM_SRC_0122,AG,2026.0,1.0,5.0,10.0
CRITICAL,PHYSICAL PORT DOWN,2026-01-17 12:09:09,1,2026-01-17 12:09:09,2505274.0,NORMAL,MISSING,MISSING,ALARM_SRC_1092,AR,2026.0,1.0,5.0,12.0
CRITICAL,PHYSICAL PORT DOWN,2026-01-17 12:09:09,1,2026-01-17 12:09:09,2505274.0,NORMAL,MISSING,MISSING,ALARM_SRC_1092,AR,2026.0,1.0,5.0,12.0
CRITICAL,PHYSICAL PORT DOWN,2026-01-17 12:09:09,1,2026-01-17 12:09:09,2505274.0,NORMAL,MISSING,MISSING,ALARM_SRC_1092,AR,2026.0,1.0,5.0,12.0
CRITICAL,PHYSICAL PORT DOWN,2026-01-17 19:03:03,1,2026-01-17 19:03:03,2505274.0,NORMAL,MISSING,MISSING,ALARM_SRC_0204,AR,2026.0,1.0,5.0,19.0
CRITICAL,THE DEVICE IS OFFLINE,2026-01-18 00:56:38,1,2026-01-18 00:56:38,7.0,NORMAL,MISSING,MISSING,ALARM_SRC_0520,AR,2026.0,1.0,6.0,0.0
CRITICAL,PHYSICAL PORT DOWN,2026-01-18 15:22:23,1,2026-01-18 15:22:23,2505274.0,NORMAL,MISSING,MISSING,ALARM_SRC_0260,AR,2026.0,1.0,6.0,15.0
CRITICAL,PHYSICAL PORT DOWN,2026-01-18 15:22:23,1,2026-01-18 15:22:23,2505274.0,NORMAL,MISSING,MISSING,ALARM_SRC_0260,AR,2026.0,1.0,6.0,15.0
CRITICAL,PHYSICAL PORT DOWN,2026-01-18 15:22:23,1,2026-01-18 15:22:23,2505274.0,NORMAL,MISSING,MISSING,ALARM_SRC_0260,AR,2026.0,1.0,6.0,15.0
CRITICAL,PHYSICAL PORT DOWN,2026-01-18 15:22:23,1,2026-01-18 15:22:23,2505274.0,NORMAL,MISSING,MISSING,ALARM_SRC_0260,AR,2026.0,1.0,6.0,15.0
CRITICAL,PHYSICAL PORT DOWN,2026-01-19 02:44:56,1,2026-01-19 02:44:56,2505274.0,NORMAL,MISSING,MISSING,ALARM_SRC_0921,AR,2026.0,1.0,0.0,2.0
CRITICAL,THE DEVICE IS OFFLINE,2026-01-19 08:17:03,1,2026-01-19 08:17:03,7.0,NORMAL,MISSING,MISSING,ALARM_SRC_1024,AR,2026.0,1.0,0.0,8.0
CRITICAL,PHYSICAL PORT DOWN,2026-01-19 12:28:07,1,2026-01-19 12:28:07,2505274.0,NORMAL,MISSING,MISSING,ALARM_SRC_0706,AR,2026.0,1.0,0.0,12.0
CRITICAL,PHYSICAL PORT DOWN,2026-01-19 19:44:03,1,2026-01-19 19:44:03,2505274.0,NORMAL,MISSING,MISSING,ALARM_SRC_0296,AR,2026.0,1.0,0.0,19.0
CRITICAL,PHYSICAL PORT DOWN,2026-01-19 19:44:04,1,2026-01-19 19:44:04,2505274.0,NORMAL,MISSING,MISSING,ALARM_SRC_0296,AR,2026.0,1.0,0.0,19.0
CRITICAL,PHYSICAL PORT DOWN,2026-01-21 11:44:58,1,2026-01-21 11:44:58,2505274.0,NORMAL,MISSING,MISSING,ALARM_SRC_0016,AG,2026.0,1.0,2.0,11.0
CRITICAL,PHYSICAL PORT DOWN,2026-01-21 16:12:19,1,2026-01-21 16:12:19,2505274.0,NORMAL,MISSING,MISSING,ALARM_SRC_0239,AR,2026.0,1.0,2.0,16.0
CRITICAL,PHYSICAL PORT DOWN,2026-01-21 16:37:22,1,2026-01-21 16:37:22,2505274.0,NORMAL,MISSING,MISSING,ALARM_SRC_0203,AR,2026.0,1.0,2.0,16.0
CRITICAL,PHYSICAL PORT DOWN,2026-01-22 10:50:51,1,2026-01-22 10:50:51,2505274.0,NORMAL,MISSING,MISSING,ALARM_SRC_0687,AR,2026.0,1.0,3.0,10.0
CRITICAL,PHYSICAL PORT DOWN,2026-01-22 15:42:15,1,2026-01-22 15:42:15,2505274.0,NORMAL,MISSING,MISSING,ALARM_SRC_0735,AR,2026.0,1.0,3.0,15.0
CRITICAL,PHYSICAL PORT DOWN,2026-01-23 11:01:21,1,2026-01-23 11:01:21,2505274.0,NORMAL,MISSING,MISSING,ALARM_SRC_0071,AG,2026.0,1.0,4.0,11.0
CRITICAL,PHYSICAL PORT DOWN,2026-01-23 11:05:47,1,2026-01-23 11:05:47,2505274.0,NORMAL,MISSING,MISSING,ALARM_SRC_0071,AG,2026.0,1.0,4.0,11.0
CRITICAL,THE DEVICE IS OFFLINE,2026-01-24 10:30:46,1,2026-01-24 10:30:46,7.0,NORMAL,MISSING,MISSING,ALARM_SRC_1159,AR,2026.0,1.0,5.0,10.0
CRITICAL,PHYSICAL PORT DOWN,2026-01-24 20:22:17,1,2026-01-24 20:22:17,2505274.0,NORMAL,MISSING,MISSING,ALARM_SRC_0865,AR,2026.0,1.0,5.0,20.0
CRITICAL,PHYSICAL PORT DOWN,2026-01-25 21:17:17,1,2026-01-25 21:17:17,2505274.0,NORMAL,MISSING,MISSING,ALARM_SRC_0021,AG,2026.0,1.0,6.0,21.0
CRITICAL,PHYSICAL PORT DOWN,2026-01-25 21:17:17,1,2026-01-25 21:17:17,2505274.0,NORMAL,MISSING,MISSING,ALARM_SRC_0021,AG,2026.0,1.0,6.0,21.0
CRITICAL,PHYSICAL PORT DOWN,2026-01-25 21:17:17,1,2026-01-25 21:17:17,2505274.0,NORMAL,MISSING,MISSING,ALARM_SRC_0021,AG,2026.0,1.0,6.0,21.0
CRITICAL,PHYSICAL PORT DOWN,2026-01-25 21:17:17,1,2026-01-25 21:17:17,2505274.0,NORMAL,MISSING,MISSING,ALARM_SRC_0021,AG,2026.0,1.0,6.0,21.0
CRITICAL,PHYSICAL PORT DOWN,2026-01-25 21:17:17,1,2026-01-25 21:17:17,2505274.0,NORMAL,MISSING,MISSING,ALARM_SRC_0021,AG,2026.0,1.0,6.0,21.0
CRITICAL,PHYSICAL PORT DOWN,2026-01-25 21:17:17,1,2026-01-25 21:17:17,2505274.0,NORMAL,MISSING,MISSING,ALARM_SRC_0021,AG,2026.0,1.0,6.0,21.0
CRITICAL,PHYSICAL PORT DOWN,2026-01-25 21:17:17,1,2026-01-25 21:17:17,2505274.0,NORMAL,MISSING,MISSING,ALARM_SRC_0021,AG,2026.0,1.0,6.0,21.0
CRITICAL,PHYSICAL PORT DOWN,2026-01-25 21:17:17,1,2026-01-25 21:17:17,2505274.0,NORMAL,MISSING,MISSING,ALARM_SRC_0021,AG,2026.0,1.0,6.0,21.0
CRITICAL,PHYSICAL PORT DOWN,2026-01-25 21:17:29,1,2026-01-25 21:17:29,2505274.0,NORMAL,MISSING,MISSING,ALARM_SRC_0021,AG,2026.0,1.0,6.0,21.0
CRITICAL,PHYSICAL PORT DOWN,2026-01-25 21:17:29,1,2026-01-25 21:17:29,2505274.0,NORMAL,MISSING,MISSING,ALARM_SRC_0021,AG,2026.0,1.0,6.0,21.0
CRITICAL,PHYSICAL PORT DOWN,2026-01-25 21:17:29,1,2026-01-25 21:17:29,2505274.0,NORMAL,MISSING,MISSING,ALARM_SRC_0021,AG,2026.0,1.0,6.0,21.0
CRITICAL,PHYSICAL PORT DOWN,2026-01-25 21:17:29,1,2026-01-25 21:17:29,2505274.0,NORMAL,MISSING,MISSING,ALARM_SRC_0021,AG,2026.0,1.0,6.0,21.0
CRITICAL,THE DEVICE IS OFFLINE,2026-01-26 01:03:07,1,2026-01-26 01:03:07,7.0,NORMAL,MISSING,MISSING,ALARM_SRC_0718,AR,2026.0,1.0,0.0,1.0
CRITICAL,PHYSICAL PORT DOWN,2026-01-26 13:58:52,1,2026-01-26 13:58:52,2505274.0,NORMAL,MISSING,MISSING,ALARM_SRC_0170,AR,2026.0,1.0,0.0,13.0
CRITICAL,PHYSICAL PORT DOWN,2026-01-26 16:54:05,1,2026-01-26 16:54:05,2505274.0,NORMAL,MISSING,MISSING,ALARM_SRC_0054,AG,2026.0,1.0,0.0,16.0
CRITICAL,PHYSICAL PORT DOWN,2026-01-26 18:25:12,1,2026-01-26 18:25:12,2505274.0,NORMAL,MISSING,MISSING,ALARM_SRC_0591,AR,2026.0,1.0,0.0,18.0
CRITICAL,THE DEVICE IS OFFLINE,2026-01-26 20:25:01,1,2026-01-26 20:25:01,7.0,NORMAL,MISSING,MISSING,ALARM_SRC_0257,AR,2026.0,1.0,0.0,20.0
CRITICAL,PHYSICAL PORT DOWN,2026-01-27 03:19:06,1,2026-01-27 03:19:06,2505274.0,NORMAL,MISSING,MISSING,ALARM_SRC_1071,AR,2026.0,1.0,1.0,3.0
CRITICAL,PHYSICAL PORT DOWN,2026-01-27 14:34:40,1,2026-01-27 14:34:40,2505274.0,NORMAL,MISSING,MISSING,ALARM_SRC_0757,AR,2026.0,1.0,1.0,14.0
CRITICAL,PHYSICAL PORT DOWN,2026-01-27 16:26:03,1,2026-01-27 16:26:03,2505274.0,NORMAL,MISSING,MISSING,ALARM_SRC_0869,AR,2026.0,1.0,1.0,16.0
CRITICAL,PHYSICAL PORT DOWN,2026-01-27 16:36:14,1,2026-01-27 16:36:14,2505274.0,NORMAL,MISSING,MISSING,ALARM_SRC_0328,AR,2026.0,1.0,1.0,16.0
CRITICAL,PHYSICAL PORT DOWN,2026-01-27 16:42:01,1,2026-01-27 16:42:01,2505274.0,NORMAL,MISSING,MISSING,ALARM_SRC_0122,AG,2026.0,1.0,1.0,16.0
CRITICAL,PHYSICAL PORT DOWN,2026-01-27 16:42:03,1,2026-01-27 16:42:03,2505274.0,NORMAL,MISSING,MISSING,ALARM_SRC_0122,AG,2026.0,1.0,1.0,16.0
CRITICAL,PHYSICAL PORT DOWN,2026-01-27 16:52:10,1,2026-01-27 16:52:10,2505274.0,NORMAL,MISSING,MISSING,ALARM_SRC_0866,AR,2026.0,1.0,1.0,16.0
CRITICAL,PHYSICAL PORT DOWN,2026-01-27 18:29:21,1,2026-01-27 18:29:21,2505274.0,NORMAL,MISSING,MISSING,ALARM_SRC_0121,AG,2026.0,1.0,1.0,18.0
CRITICAL,PHYSICAL PORT DOWN,2026-01-27 18:29:27,1,2026-01-27 18:29:27,2505274.0,NORMAL,MISSING,MISSING,ALARM_SRC_0121,AG,2026.0,1.0,1.0,18.0
CRITICAL,PHYSICAL PORT DOWN,2026-01-28 10:53:03,1,2026-01-28 10:53:03,2505274.0,NORMAL,MISSING,MISSING,ALARM_SRC_0092,AG,2026.0,1.0,2.0,10.0
CRITICAL,PHYSICAL PORT DOWN,2026-01-28 10:53:11,1,2026-01-28 10:53:11,2505274.0,NORMAL,MISSING,MISSING,ALARM_SRC_0092,AG,2026.0,1.0,2.0,10.0
CRITICAL,PHYSICAL PORT DOWN,2026-01-28 11:54:48,1,2026-01-28 11:54:48,2505274.0,NORMAL,MISSING,MISSING,ALARM_SRC_0705,AR,2026.0,1.0,2.0,11.0
CRITICAL,PHYSICAL PORT DOWN,2026-01-28 13:50:14,1,2026-01-28 13:50:14,2505274.0,NORMAL,MISSING,MISSING,ALARM_SRC_0603,AR,2026.0,1.0,2.0,13.0
CRITICAL,PHYSICAL PORT DOWN,2026-01-28 13:50:30,1,2026-01-28 13:50:30,2505274.0,NORMAL,MISSING,MISSING,ALARM_SRC_0549,AR,2026.0,1.0,2.0,13.0
CRITICAL,PHYSICAL PORT DOWN,2026-01-28 14:26:12,1,2026-01-28 14:26:12,2505274.0,NORMAL,MISSING,MISSING,ALARM_SRC_0599,AR,2026.0,1.0,2.0,14.0
CRITICAL,BOARD INVALID,2026-01-28 14:34:18,1,2026-01-28 14:34:18,2505210.0,NORMAL,MISSING,MISSING,ALARM_SRC_0057,AG,2026.0,1.0,2.0,14.0
CRITICAL,PHYSICAL PORT DOWN,2026-01-28 18:42:50,1,2026-01-28 18:42:50,2505274.0,NORMAL,MISSING,MISSING,ALARM_SRC_0692,AR,2026.0,1.0,2.0,18.0
CRITICAL,THE DEVICE IS OFFLINE,2026-01-28 19:10:24,1,2026-01-28 19:10:24,7.0,NORMAL,MISSING,MISSING,ALARM_SRC_0436,AR,2026.0,1.0,2.0,19.0
CRITICAL,PHYSICAL PORT DOWN,2026-01-29 09:36:54,1,2026-01-29 09:36:54,2505274.0,NORMAL,MISSING,MISSING,ALARM_SRC_0423,AR,2026.0,1.0,3.0,9.0
CRITICAL,PHYSICAL PORT DOWN,2026-01-29 10:40:21,1,2026-01-29 10:40:21,2505274.0,NORMAL,MISSING,MISSING,ALARM_SRC_0435,AR,2026.0,1.0,3.0,10.0
CRITICAL,PHYSICAL PORT DOWN,2026-01-29 11:16:21,1,2026-01-29 11:16:21,2505274.0,NORMAL,MISSING,MISSING,ALARM_SRC_0149,AR,2026.0,1.0,3.0,11.0
CRITICAL,PHYSICAL PORT DOWN,2026-01-30 00:18:24,1,2026-01-30 00:18:24,2505274.0,NORMAL,MISSING,MISSING,ALARM_SRC_0001,AG,2026.0,1.0,4.0,0.0
CRITICAL,PHYSICAL PORT DOWN,2026-01-30 11:28:25,1,2026-01-30 11:28:25,2505274.0,NORMAL,MISSING,MISSING,ALARM_SRC_0188,AR,2026.0,1.0,4.0,11.0
CRITICAL,PHYSICAL PORT DOWN,2026-01-30 14:56:07,1,2026-01-30 14:56:07,2505274.0,NORMAL,MISSING,MISSING,ALARM_SRC_0771,AR,2026.0,1.0,4.0,14.0
CRITICAL,PHYSICAL PORT DOWN,2026-01-30 17:31:51,1,2026-01-30 17:31:51,2505274.0,NORMAL,MISSING,MISSING,ALARM_SRC_0771,AR,2026.0,1.0,4.0,17.0
CRITICAL,PHYSICAL PORT DOWN,2026-01-30 17:32:12,1,2026-01-30 17:32:12,2505274.0,NORMAL,MISSING,MISSING,ALARM_SRC_0771,AR,2026.0,1.0,4.0,17.0
CRITICAL,PHYSICAL PORT DOWN,2026-01-30 17:35:04,1,2026-01-30 17:35:04,2505274.0,NORMAL,MISSING,MISSING,ALARM_SRC_0771,AR,2026.0,1.0,4.0,17.0
CRITICAL,PHYSICAL PORT DOWN,2026-01-30 17:35:11,1,2026-01-30 17:35:11,2505274.0,NORMAL,MISSING,MISSING,ALARM_SRC_0773,AR,2026.0,1.0,4.0,17.0
CRITICAL,PHYSICAL PORT DOWN,2026-01-30 17:46:13,1,2026-01-30 17:46:13,2505274.0,NORMAL,MISSING,MISSING,ALARM_SRC_0773,AR,2026.0,1.0,4.0,17.0
CRITICAL,PHYSICAL PORT DOWN,2026-01-30 18:17:34,1,2026-01-30 18:17:34,2505274.0,NORMAL,MISSING,MISSING,ALARM_SRC_0773,AR,2026.0,1.0,4.0,18.0
CRITICAL,PHYSICAL PORT DOWN,2026-01-30 19:19:14,1,2026-01-30 19:19:14,2505274.0,NORMAL,MISSING,MISSING,ALARM_SRC_0082,AG,2026.0,1.0,4.0,19.0
CRITICAL,PHYSICAL PORT DOWN,2026-01-31 11:04:51,1,2026-01-31 11:04:51,2505274.0,NORMAL,MISSING,MISSING,ALARM_SRC_0999,AR,2026.0,1.0,5.0,11.0
CRITICAL,PHYSICAL PORT DOWN,2026-01-31 11:31:44,1,2026-01-31 11:31:44,2505274.0,NORMAL,MISSING,MISSING,ALARM_SRC_0395,AR,2026.0,1.0,5.0,11.0
CRITICAL,PHYSICAL PORT DOWN,2026-01-31 11:31:44,1,2026-01-31 11:31:44,2505274.0,NORMAL,MISSING,MISSING,ALARM_SRC_0395,AR,2026.0,1.0,5.0,11.0
CRITICAL,PHYSICAL PORT DOWN,2026-01-31 14:47:03,1,2026-01-31 14:47:03,2505274.0,NORMAL,MISSING,MISSING,ALARM_SRC_1054,AR,2026.0,1.0,5.0,14.0
CRITICAL,PHYSICAL PORT DOWN,2026-02-01 14:32:45,1,2026-02-01 14:32:45,2505274.0,NORMAL,MISSING,MISSING,ALARM_SRC_0572,AR,2026.0,2.0,6.0,14.0
CRITICAL,PHYSICAL PORT DOWN,2026-02-01 19:47:13,1,2026-02-01 19:47:13,2505274.0,NORMAL,MISSING,MISSING,ALARM_SRC_0631,AR,2026.0,2.0,6.0,19.0
CRITICAL,THE DEVICE IS OFFLINE,2026-02-02 14:48:34,1,2026-02-02 14:48:34,7.0,NORMAL,MISSING,MISSING,ALARM_SRC_0417,AR,2026.0,2.0,0.0,14.0
CRITICAL,THE DEVICE IS OFFLINE,2026-02-02 15:22:15,1,2026-02-02 15:22:15,7.0,NORMAL,MISSING,MISSING,ALARM_SRC_0989,AR,2026.0,2.0,0.0,15.0
CRITICAL,PHYSICAL PORT DOWN,2026-02-02 16:08:22,1,2026-02-02 16:08:22,2505274.0,NORMAL,MISSING,MISSING,ALARM_SRC_0163,AR,2026.0,2.0,0.0,16.0
CRITICAL,PHYSICAL PORT DOWN,2026-02-02 17:02:12,1,2026-02-02 17:02:12,2505274.0,NORMAL,MISSING,MISSING,ALARM_SRC_0083,AG,2026.0,2.0,0.0,17.0
CRITICAL,PHYSICAL PORT DOWN,2026-02-03 09:17:24,1,2026-02-03 09:17:24,2505274.0,NORMAL,MISSING,MISSING,ALARM_SRC_0638,AR,2026.0,2.0,1.0,9.0
CRITICAL,PHYSICAL PORT DOWN,2026-02-03 10:18:49,1,2026-02-03 10:18:49,2505274.0,NORMAL,MISSING,MISSING,ALARM_SRC_0122,AG,2026.0,2.0,1.0,10.0
CRITICAL,PHYSICAL PORT DOWN,2026-02-03 10:19:06,1,2026-02-03 10:19:06,2505274.0,NORMAL,MISSING,MISSING,ALARM_SRC_0122,AG,2026.0,2.0,1.0,10.0
CRITICAL,PHYSICAL PORT DOWN,2026-02-03 11:51:12,1,2026-02-03 11:51:12,2505274.0,NORMAL,MISSING,MISSING,ALARM_SRC_0494,AR,2026.0,2.0,1.0,11.0
CRITICAL,PHYSICAL PORT DOWN,2026-02-03 12:44:43,1,2026-02-03 12:44:43,2505274.0,NORMAL,MISSING,MISSING,ALARM_SRC_1115,AR,2026.0,2.0,1.0,12.0
CRITICAL,PHYSICAL PORT DOWN,2026-02-03 14:58:09,1,2026-02-03 14:58:09,2505274.0,NORMAL,MISSING,MISSING,ALARM_SRC_1116,AR,2026.0,2.0,1.0,14.0
CRITICAL,PHYSICAL PORT DOWN,2026-02-03 15:19:40,1,2026-02-03 15:19:40,2505274.0,NORMAL,MISSING,MISSING,ALARM_SRC_1121,AR,2026.0,2.0,1.0,15.0
CRITICAL,PHYSICAL PORT DOWN,2026-02-03 15:32:26,1,2026-02-03 15:32:26,2505274.0,NORMAL,MISSING,MISSING,ALARM_SRC_1121,AR,2026.0,2.0,1.0,15.0
CRITICAL,PHYSICAL PORT DOWN,2026-02-03 16:35:21,1,2026-02-03 16:35:21,2505274.0,NORMAL,MISSING,MISSING,ALARM_SRC_1119,AR,2026.0,2.0,1.0,16.0
CRITICAL,PHYSICAL PORT DOWN,2026-02-03 17:55:24,1,2026-02-03 17:55:24,2505274.0,NORMAL,MISSING,MISSING,ALARM_SRC_0128,AG,2026.0,2.0,1.0,17.0
CRITICAL,PHYSICAL PORT DOWN,2026-02-03 18:04:31,1,2026-02-03 18:04:31,2505274.0,NORMAL,MISSING,MISSING,ALARM_SRC_0356,AR,2026.0,2.0,1.0,18.0
CRITICAL,PHYSICAL PORT DOWN,2026-02-03 18:19:52,1,2026-02-03 18:19:52,2505274.0,NORMAL,MISSING,MISSING,ALARM_SRC_1117,AR,2026.0,2.0,1.0,18.0
CRITICAL,PHYSICAL PORT DOWN,2026-02-04 11:40:28,1,2026-02-04 11:40:28,2505274.0,NORMAL,MISSING,MISSING,ALARM_SRC_0819,AR,2026.0,2.0,2.0,11.0
CRITICAL,PHYSICAL PORT DOWN,2026-02-04 12:49:36,1,2026-02-04 12:49:36,2505274.0,NORMAL,MISSING,MISSING,ALARM_SRC_0819,AR,2026.0,2.0,2.0,12.0
CRITICAL,PHYSICAL PORT DOWN,2026-02-04 13:33:21,1,2026-02-04 13:33:21,2505274.0,NORMAL,MISSING,MISSING,ALARM_SRC_0819,AR,2026.0,2.0,2.0,13.0
CRITICAL,PHYSICAL PORT DOWN,2026-02-04 13:33:33,1,2026-02-04 13:33:33,2505274.0,NORMAL,MISSING,MISSING,ALARM_SRC_0819,AR,2026.0,2.0,2.0,13.0
CRITICAL,PHYSICAL PORT DOWN,2026-02-04 13:38:13,1,2026-02-04 13:38:13,2505274.0,NORMAL,MISSING,MISSING,ALARM_SRC_0819,AR,2026.0,2.0,2.0,13.0
CRITICAL,PHYSICAL PORT DOWN,2026-02-04 15:04:54,1,2026-02-04 15:04:54,2505274.0,NORMAL,MISSING,MISSING,ALARM_SRC_0869,AR,2026.0,2.0,2.0,15.0
CRITICAL,PHYSICAL PORT DOWN,2026-02-04 22:27:25,1,2026-02-04 22:27:25,2505274.0,NORMAL,MISSING,MISSING,ALARM_SRC_1185,CP,2026.0,2.0,2.0,22.0
CRITICAL,PHYSICAL PORT DOWN,2026-02-04 22:27:25,1,2026-02-04 22:27:25,2505274.0,NORMAL,MISSING,MISSING,ALARM_SRC_1185,CP,2026.0,2.0,2.0,22.0
CRITICAL,PHYSICAL PORT DOWN,2026-02-04 22:27:25,1,2026-02-04 22:27:25,2505274.0,NORMAL,MISSING,MISSING,ALARM_SRC_1185,CP,2026.0,2.0,2.0,22.0
CRITICAL,PHYSICAL PORT DOWN,2026-02-04 22:27:25,1,2026-02-04 22:27:25,2505274.0,NORMAL,MISSING,MISSING,ALARM_SRC_1185,CP,2026.0,2.0,2.0,22.0
CRITICAL,PHYSICAL PORT DOWN,2026-02-04 22:27:25,1,2026-02-04 22:27:25,2505274.0,NORMAL,MISSING,MISSING,ALARM_SRC_1185,CP,2026.0,2.0,2.0,22.0
CRITICAL,PHYSICAL PORT DOWN,2026-02-04 22:27:25,1,2026-02-04 22:27:25,2505274.0,NORMAL,MISSING,MISSING,ALARM_SRC_1185,CP,2026.0,2.0,2.0,22.0
CRITICAL,PHYSICAL PORT DOWN,2026-02-04 22:27:25,1,2026-02-04 22:27:25,2505274.0,NORMAL,MISSING,MISSING,ALARM_SRC_1185,CP,2026.0,2.0,2.0,22.0
CRITICAL,PHYSICAL PORT DOWN,2026-02-04 22:27:25,1,2026-02-04 22:27:25,2505274.0,NORMAL,MISSING,MISSING,ALARM_SRC_1185,CP,2026.0,2.0,2.0,22.0
CRITICAL,PHYSICAL PORT DOWN,2026-02-04 22:27:25,1,2026-02-04 22:27:25,2505274.0,NORMAL,MISSING,MISSING,ALARM_SRC_1185,CP,2026.0,2.0,2.0,22.0
CRITICAL,PHYSICAL PORT DOWN,2026-02-04 22:27:25,1,2026-02-04 22:27:25,2505274.0,NORMAL,MISSING,MISSING,ALARM_SRC_1185,CP,2026.0,2.0,2.0,22.0
CRITICAL,PHYSICAL PORT DOWN,2026-02-04 22:42:51,1,2026-02-04 22:42:51,2505274.0,NORMAL,MISSING,MISSING,ALARM_SRC_1185,CP,2026.0,2.0,2.0,22.0
CRITICAL,PHYSICAL PORT DOWN,2026-02-04 22:42:51,1,2026-02-04 22:42:51,2505274.0,NORMAL,MISSING,MISSING,ALARM_SRC_1185,CP,2026.0,2.0,2.0,22.0
CRITICAL,PHYSICAL PORT DOWN,2026-02-04 22:42:51,1,2026-02-04 22:42:51,2505274.0,NORMAL,MISSING,MISSING,ALARM_SRC_1185,CP,2026.0,2.0,2.0,22.0
CRITICAL,PHYSICAL PORT DOWN,2026-02-04 22:42:51,1,2026-02-04 22:42:51,2505274.0,NORMAL,MISSING,MISSING,ALARM_SRC_1185,CP,2026.0,2.0,2.0,22.0
CRITICAL,PHYSICAL PORT DOWN,2026-02-04 22:42:51,1,2026-02-04 22:42:51,2505274.0,NORMAL,MISSING,MISSING,ALARM_SRC_1185,CP,2026.0,2.0,2.0,22.0
CRITICAL,PHYSICAL PORT DOWN,2026-02-04 22:42:52,1,2026-02-04 22:42:52,2505274.0,NORMAL,MISSING,MISSING,ALARM_SRC_1185,CP,2026.0,2.0,2.0,22.0
CRITICAL,PHYSICAL PORT DOWN,2026-02-04 22:51:42,1,2026-02-04 22:51:42,2505274.0,NORMAL,MISSING,MISSING,ALARM_SRC_1185,CP,2026.0,2.0,2.0,22.0
CRITICAL,PHYSICAL PORT DOWN,2026-02-04 22:51:42,1,2026-02-04 22:51:42,2505274.0,NORMAL,MISSING,MISSING,ALARM_SRC_1185,CP,2026.0,2.0,2.0,22.0
CRITICAL,PHYSICAL PORT DOWN,2026-02-04 22:51:42,1,2026-02-04 22:51:42,2505274.0,NORMAL,MISSING,MISSING,ALARM_SRC_1185,CP,2026.0,2.0,2.0,22.0
CRITICAL,PHYSICAL PORT DOWN,2026-02-04 22:51:42,1,2026-02-04 22:51:42,2505274.0,NORMAL,MISSING,MISSING,ALARM_SRC_1185,CP,2026.0,2.0,2.0,22.0
CRITICAL,PHYSICAL PORT DOWN,2026-02-04 22:51:42,1,2026-02-04 22:51:42,2505274.0,NORMAL,MISSING,MISSING,ALARM_SRC_1185,CP,2026.0,2.0,2.0,22.0
CRITICAL,PHYSICAL PORT DOWN,2026-02-04 22:51:42,1,2026-02-04 22:51:42,2505274.0,NORMAL,MISSING,MISSING,ALARM_SRC_1185,CP,2026.0,2.0,2.0,22.0
CRITICAL,PHYSICAL PORT DOWN,2026-02-04 22:51:42,1,2026-02-04 22:51:42,2505274.0,NORMAL,MISSING,MISSING,ALARM_SRC_1185,CP,2026.0,2.0,2.0,22.0
CRITICAL,PHYSICAL PORT DOWN,2026-02-04 22:51:43,1,2026-02-04 22:51:43,2505274.0,NORMAL,MISSING,MISSING,ALARM_SRC_1185,CP,2026.0,2.0,2.0,22.0
CRITICAL,PHYSICAL PORT DOWN,2026-02-04 22:51:43,1,2026-02-04 22:51:43,2505274.0,NORMAL,MISSING,MISSING,ALARM_SRC_1185,CP,2026.0,2.0,2.0,22.0
CRITICAL,PHYSICAL PORT DOWN,2026-02-04 22:51:43,1,2026-02-04 22:51:43,2505274.0,NORMAL,MISSING,MISSING,ALARM_SRC_1185,CP,2026.0,2.0,2.0,22.0
CRITICAL,PHYSICAL PORT DOWN,2026-02-04 22:51:43,1,2026-02-04 22:51:43,2505274.0,NORMAL,MISSING,MISSING,ALARM_SRC_1184,CP,2026.0,2.0,2.0,22.0
CRITICAL,PHYSICAL PORT DOWN,2026-02-04 22:51:43,1,2026-02-04 22:51:43,2505274.0,NORMAL,MISSING,MISSING,ALARM_SRC_1184,CP,2026.0,2.0,2.0,22.0
CRITICAL,PHYSICAL PORT DOWN,2026-02-04 22:51:43,1,2026-02-04 22:51:43,2505274.0,NORMAL,MISSING,MISSING,ALARM_SRC_1184,CP,2026.0,2.0,2.0,22.0
CRITICAL,PHYSICAL PORT DOWN,2026-02-04 22:51:43,1,2026-02-04 22:51:43,2505274.0,NORMAL,MISSING,MISSING,ALARM_SRC_1184,CP,2026.0,2.0,2.0,22.0
CRITICAL,PHYSICAL PORT DOWN,2026-02-04 22:51:43,1,2026-02-04 22:51:43,2505274.0,NORMAL,MISSING,MISSING,ALARM_SRC_1184,CP,2026.0,2.0,2.0,22.0
CRITICAL,PHYSICAL PORT DOWN,2026-02-04 22:51:43,1,2026-02-04 22:51:43,2505274.0,NORMAL,MISSING,MISSING,ALARM_SRC_1184,CP,2026.0,2.0,2.0,22.0
CRITICAL,PHYSICAL PORT DOWN,2026-02-04 22:51:43,1,2026-02-04 22:51:43,2505274.0,NORMAL,MISSING,MISSING,ALARM_SRC_1184,CP,2026.0,2.0,2.0,22.0
CRITICAL,PHYSICAL PORT DOWN,2026-02-04 22:51:43,1,2026-02-04 22:51:43,2505274.0,NORMAL,MISSING,MISSING,ALARM_SRC_1184,CP,2026.0,2.0,2.0,22.0
CRITICAL,PHYSICAL PORT DOWN,2026-02-04 22:51:43,1,2026-02-04 22:51:43,2505274.0,NORMAL,MISSING,MISSING,ALARM_SRC_1184,CP,2026.0,2.0,2.0,22.0
CRITICAL,PHYSICAL PORT DOWN,2026-02-04 22:51:43,1,2026-02-04 22:51:43,2505274.0,NORMAL,MISSING,MISSING,ALARM_SRC_1184,CP,2026.0,2.0,2.0,22.0
CRITICAL,PHYSICAL PORT DOWN,2026-02-04 22:52:10,1,2026-02-04 22:52:10,2505274.0,NORMAL,MISSING,MISSING,ALARM_SRC_1185,CP,2026.0,2.0,2.0,22.0
CRITICAL,PHYSICAL PORT DOWN,2026-02-04 22:52:10,1,2026-02-04 22:52:10,2505274.0,NORMAL,MISSING,MISSING,ALARM_SRC_1185,CP,2026.0,2.0,2.0,22.0
CRITICAL,PHYSICAL PORT DOWN,2026-02-04 22:52:10,1,2026-02-04 22:52:10,2505274.0,NORMAL,MISSING,MISSING,ALARM_SRC_1185,CP,2026.0,2.0,2.0,22.0
CRITICAL,PHYSICAL PORT DOWN,2026-02-04 22:52:10,1,2026-02-04 22:52:10,2505274.0,NORMAL,MISSING,MISSING,ALARM_SRC_1185,CP,2026.0,2.0,2.0,22.0
CRITICAL,PHYSICAL PORT DOWN,2026-02-04 22:52:10,1,2026-02-04 22:52:10,2505274.0,NORMAL,MISSING,MISSING,ALARM_SRC_1185,CP,2026.0,2.0,2.0,22.0
CRITICAL,PHYSICAL PORT DOWN,2026-02-04 22:52:10,1,2026-02-04 22:52:10,2505274.0,NORMAL,MISSING,MISSING,ALARM_SRC_1185,CP,2026.0,2.0,2.0,22.0
CRITICAL,PHYSICAL PORT DOWN,2026-02-04 22:52:10,1,2026-02-04 22:52:10,2505274.0,NORMAL,MISSING,MISSING,ALARM_SRC_1185,CP,2026.0,2.0,2.0,22.0
CRITICAL,PHYSICAL PORT DOWN,2026-02-04 22:52:10,1,2026-02-04 22:52:10,2505274.0,NORMAL,MISSING,MISSING,ALARM_SRC_1185,CP,2026.0,2.0,2.0,22.0
CRITICAL,PHYSICAL PORT DOWN,2026-02-04 22:52:10,1,2026-02-04 22:52:10,2505274.0,NORMAL,MISSING,MISSING,ALARM_SRC_1185,CP,2026.0,2.0,2.0,22.0
CRITICAL,PHYSICAL PORT DOWN,2026-02-04 22:52:10,1,2026-02-04 22:52:10,2505274.0,NORMAL,MISSING,MISSING,ALARM_SRC_1184,CP,2026.0,2.0,2.0,22.0
CRITICAL,PHYSICAL PORT DOWN,2026-02-04 22:52:10,1,2026-02-04 22:52:10,2505274.0,NORMAL,MISSING,MISSING,ALARM_SRC_1184,CP,2026.0,2.0,2.0,22.0
CRITICAL,PHYSICAL PORT DOWN,2026-02-04 22:52:10,1,2026-02-04 22:52:10,2505274.0,NORMAL,MISSING,MISSING,ALARM_SRC_1184,CP,2026.0,2.0,2.0,22.0
CRITICAL,PHYSICAL PORT DOWN,2026-02-04 22:52:10,1,2026-02-04 22:52:10,2505274.0,NORMAL,MISSING,MISSING,ALARM_SRC_1184,CP,2026.0,2.0,2.0,22.0
CRITICAL,PHYSICAL PORT DOWN,2026-02-04 22:52:10,1,2026-02-04 22:52:10,2505274.0,NORMAL,MISSING,MISSING,ALARM_SRC_1184,CP,2026.0,2.0,2.0,22.0
CRITICAL,PHYSICAL PORT DOWN,2026-02-04 22:52:10,1,2026-02-04 22:52:10,2505274.0,NORMAL,MISSING,MISSING,ALARM_SRC_1184,CP,2026.0,2.0,2.0,22.0
CRITICAL,PHYSICAL PORT DOWN,2026-02-04 22:52:10,1,2026-02-04 22:52:10,2505274.0,NORMAL,MISSING,MISSING,ALARM_SRC_1184,CP,2026.0,2.0,2.0,22.0
CRITICAL,PHYSICAL PORT DOWN,2026-02-04 22:52:10,1,2026-02-04 22:52:10,2505274.0,NORMAL,MISSING,MISSING,ALARM_SRC_1184,CP,2026.0,2.0,2.0,22.0
CRITICAL,PHYSICAL PORT DOWN,2026-02-04 22:52:10,1,2026-02-04 22:52:10,2505274.0,NORMAL,MISSING,MISSING,ALARM_SRC_1184,CP,2026.0,2.0,2.0,22.0
CRITICAL,PHYSICAL PORT DOWN,2026-02-04 22:57:36,1,2026-02-04 22:57:36,2505274.0,NORMAL,MISSING,MISSING,ALARM_SRC_1184,CP,2026.0,2.0,2.0,22.0
CRITICAL,PHYSICAL PORT DOWN,2026-02-04 22:57:36,1,2026-02-04 22:57:36,2505274.0,NORMAL,MISSING,MISSING,ALARM_SRC_1184,CP,2026.0,2.0,2.0,22.0
CRITICAL,PHYSICAL PORT DOWN,2026-02-04 22:57:36,1,2026-02-04 22:57:36,2505274.0,NORMAL,MISSING,MISSING,ALARM_SRC_1184,CP,2026.0,2.0,2.0,22.0
CRITICAL,PHYSICAL PORT DOWN,2026-02-04 22:57:36,1,2026-02-04 22:57:36,2505274.0,NORMAL,MISSING,MISSING,ALARM_SRC_1184,CP,2026.0,2.0,2.0,22.0
CRITICAL,PHYSICAL PORT DOWN,2026-02-04 22:57:36,1,2026-02-04 22:57:36,2505274.0,NORMAL,MISSING,MISSING,ALARM_SRC_1184,CP,2026.0,2.0,2.0,22.0
CRITICAL,PHYSICAL PORT DOWN,2026-02-04 22:57:36,1,2026-02-04 22:57:36,2505274.0,NORMAL,MISSING,MISSING,ALARM_SRC_1184,CP,2026.0,2.0,2.0,22.0
CRITICAL,PHYSICAL PORT DOWN,2026-02-04 22:57:36,1,2026-02-04 22:57:36,2505274.0,NORMAL,MISSING,MISSING,ALARM_SRC_1184,CP,2026.0,2.0,2.0,22.0
CRITICAL,PHYSICAL PORT DOWN,2026-02-04 22:57:36,1,2026-02-04 22:57:36,2505274.0,NORMAL,MISSING,MISSING,ALARM_SRC_1184,CP,2026.0,2.0,2.0,22.0
CRITICAL,PHYSICAL PORT DOWN,2026-02-04 22:57:36,1,2026-02-04 22:57:36,2505274.0,NORMAL,MISSING,MISSING,ALARM_SRC_1184,CP,2026.0,2.0,2.0,22.0
CRITICAL,PHYSICAL PORT DOWN,2026-02-04 22:57:36,1,2026-02-04 22:57:36,2505274.0,NORMAL,MISSING,MISSING,ALARM_SRC_1184,CP,2026.0,2.0,2.0,22.0
CRITICAL,PHYSICAL PORT DOWN,2026-02-04 22:58:19,1,2026-02-04 22:58:19,2505274.0,NORMAL,MISSING,MISSING,ALARM_SRC_1184,CP,2026.0,2.0,2.0,22.0
CRITICAL,PHYSICAL PORT DOWN,2026-02-04 22:58:19,1,2026-02-04 22:58:19,2505274.0,NORMAL,MISSING,MISSING,ALARM_SRC_1184,CP,2026.0,2.0,2.0,22.0
CRITICAL,PHYSICAL PORT DOWN,2026-02-04 22:58:19,1,2026-02-04 22:58:19,2505274.0,NORMAL,MISSING,MISSING,ALARM_SRC_1184,CP,2026.0,2.0,2.0,22.0
CRITICAL,PHYSICAL PORT DOWN,2026-02-04 22:58:19,1,2026-02-04 22:58:19,2505274.0,NORMAL,MISSING,MISSING,ALARM_SRC_1184,CP,2026.0,2.0,2.0,22.0
CRITICAL,PHYSICAL PORT DOWN,2026-02-04 22:58:19,1,2026-02-04 22:58:19,2505274.0,NORMAL,MISSING,MISSING,ALARM_SRC_1184,CP,2026.0,2.0,2.0,22.0
CRITICAL,PHYSICAL PORT DOWN,2026-02-04 22:58:19,1,2026-02-04 22:58:19,2505274.0,NORMAL,MISSING,MISSING,ALARM_SRC_1184,CP,2026.0,2.0,2.0,22.0
CRITICAL,PHYSICAL PORT DOWN,2026-02-04 22:58:19,1,2026-02-04 22:58:19,2505274.0,NORMAL,MISSING,MISSING,ALARM_SRC_1184,CP,2026.0,2.0,2.0,22.0
CRITICAL,PHYSICAL PORT DOWN,2026-02-04 22:58:19,1,2026-02-04 22:58:19,2505274.0,NORMAL,MISSING,MISSING,ALARM_SRC_1184,CP,2026.0,2.0,2.0,22.0
CRITICAL,PHYSICAL PORT DOWN,2026-02-04 22:58:19,1,2026-02-04 22:58:19,2505274.0,NORMAL,MISSING,MISSING,ALARM_SRC_1184,CP,2026.0,2.0,2.0,22.0
CRITICAL,PHYSICAL PORT DOWN,2026-02-04 22:58:19,1,2026-02-04 22:58:19,2505274.0,NORMAL,MISSING,MISSING,ALARM_SRC_1184,CP,2026.0,2.0,2.0,22.0
CRITICAL,PHYSICAL PORT DOWN,2026-02-04 23:09:18,1,2026-02-04 23:09:18,2505274.0,NORMAL,MISSING,MISSING,ALARM_SRC_1183,CP,2026.0,2.0,2.0,23.0
CRITICAL,PHYSICAL PORT DOWN,2026-02-04 23:09:19,1,2026-02-04 23:09:19,2505274.0,NORMAL,MISSING,MISSING,ALARM_SRC_1183,CP,2026.0,2.0,2.0,23.0
CRITICAL,PHYSICAL PORT DOWN,2026-02-04 23:09:19,1,2026-02-04 23:09:19,2505274.0,NORMAL,MISSING,MISSING,ALARM_SRC_1183,CP,2026.0,2.0,2.0,23.0
CRITICAL,PHYSICAL PORT DOWN,2026-02-04 23:09:19,1,2026-02-04 23:09:19,2505274.0,NORMAL,MISSING,MISSING,ALARM_SRC_1183,CP,2026.0,2.0,2.0,23.0
CRITICAL,PHYSICAL PORT DOWN,2026-02-04 23:09:19,1,2026-02-04 23:09:19,2505274.0,NORMAL,MISSING,MISSING,ALARM_SRC_1183,CP,2026.0,2.0,2.0,23.0
CRITICAL,PHYSICAL PORT DOWN,2026-02-04 23:09:19,1,2026-02-04 23:09:19,2505274.0,NORMAL,MISSING,MISSING,ALARM_SRC_1183,CP,2026.0,2.0,2.0,23.0
CRITICAL,PHYSICAL PORT DOWN,2026-02-04 23:09:19,1,2026-02-04 23:09:19,2505274.0,NORMAL,MISSING,MISSING,ALARM_SRC_1183,CP,2026.0,2.0,2.0,23.0
CRITICAL,PHYSICAL PORT DOWN,2026-02-04 23:09:19,1,2026-02-04 23:09:19,2505274.0,NORMAL,MISSING,MISSING,ALARM_SRC_1183,CP,2026.0,2.0,2.0,23.0
CRITICAL,PHYSICAL PORT DOWN,2026-02-04 23:09:19,1,2026-02-04 23:09:19,2505274.0,NORMAL,MISSING,MISSING,ALARM_SRC_1183,CP,2026.0,2.0,2.0,23.0
CRITICAL,PHYSICAL PORT DOWN,2026-02-04 23:09:19,1,2026-02-04 23:09:19,2505274.0,NORMAL,MISSING,MISSING,ALARM_SRC_1183,CP,2026.0,2.0,2.0,23.0
CRITICAL,PHYSICAL PORT DOWN,2026-02-04 23:09:47,1,2026-02-04 23:09:47,2505274.0,NORMAL,MISSING,MISSING,ALARM_SRC_1183,CP,2026.0,2.0,2.0,23.0
CRITICAL,PHYSICAL PORT DOWN,2026-02-04 23:09:47,1,2026-02-04 23:09:47,2505274.0,NORMAL,MISSING,MISSING,ALARM_SRC_1183,CP,2026.0,2.0,2.0,23.0
CRITICAL,PHYSICAL PORT DOWN,2026-02-04 23:09:47,1,2026-02-04 23:09:47,2505274.0,NORMAL,MISSING,MISSING,ALARM_SRC_1183,CP,2026.0,2.0,2.0,23.0
CRITICAL,PHYSICAL PORT DOWN,2026-02-04 23:09:47,1,2026-02-04 23:09:47,2505274.0,NORMAL,MISSING,MISSING,ALARM_SRC_1183,CP,2026.0,2.0,2.0,23.0
CRITICAL,PHYSICAL PORT DOWN,2026-02-04 23:09:48,1,2026-02-04 23:09:48,2505274.0,NORMAL,MISSING,MISSING,ALARM_SRC_1183,CP,2026.0,2.0,2.0,23.0
CRITICAL,PHYSICAL PORT DOWN,2026-02-04 23:09:48,1,2026-02-04 23:09:48,2505274.0,NORMAL,MISSING,MISSING,ALARM_SRC_1183,CP,2026.0,2.0,2.0,23.0
CRITICAL,PHYSICAL PORT DOWN,2026-02-04 23:09:48,1,2026-02-04 23:09:48,2505274.0,NORMAL,MISSING,MISSING,ALARM_SRC_1183,CP,2026.0,2.0,2.0,23.0
CRITICAL,PHYSICAL PORT DOWN,2026-02-04 23:09:48,1,2026-02-04 23:09:48,2505274.0,NORMAL,MISSING,MISSING,ALARM_SRC_1183,CP,2026.0,2.0,2.0,23.0
CRITICAL,PHYSICAL PORT DOWN,2026-02-04 23:09:50,1,2026-02-04 23:09:50,2505274.0,NORMAL,MISSING,MISSING,ALARM_SRC_1183,CP,2026.0,2.0,2.0,23.0
CRITICAL,PHYSICAL PORT DOWN,2026-02-04 23:09:51,1,2026-02-04 23:09:51,2505274.0,NORMAL,MISSING,MISSING,ALARM_SRC_1183,CP,2026.0,2.0,2.0,23.0
CRITICAL,PHYSICAL PORT DOWN,2026-02-05 18:10:28,1,2026-02-05 18:10:28,2505274.0,NORMAL,MISSING,MISSING,ALARM_SRC_0019,AG,2026.0,2.0,3.0,18.0
CRITICAL,PHYSICAL PORT DOWN,2026-02-05 18:10:28,1,2026-02-05 18:10:28,2505274.0,NORMAL,MISSING,MISSING,ALARM_SRC_0019,AG,2026.0,2.0,3.0,18.0
CRITICAL,PHYSICAL PORT DOWN,2026-02-06 12:14:44,1,2026-02-06 12:14:44,2505274.0,NORMAL,MISSING,MISSING,ALARM_SRC_1163,AR,2026.0,2.0,4.0,12.0
CRITICAL,PHYSICAL PORT DOWN,2026-02-06 17:39:14,1,2026-02-06 17:39:14,2505274.0,NORMAL,MISSING,MISSING,ALARM_SRC_0156,AR,2026.0,2.0,4.0,17.0
CRITICAL,PHYSICAL PORT DOWN,2026-02-06 17:40:23,1,2026-02-06 17:40:23,2505274.0,NORMAL,MISSING,MISSING,ALARM_SRC_0858,AR,2026.0,2.0,4.0,17.0
CRITICAL,PHYSICAL PORT DOWN,2026-02-06 18:03:59,1,2026-02-06 18:03:59,2505274.0,NORMAL,MISSING,MISSING,ALARM_SRC_0189,AR,2026.0,2.0,4.0,18.0
CRITICAL,PHYSICAL PORT DOWN,2026-02-06 18:03:59,1,2026-02-06 18:03:59,2505274.0,NORMAL,MISSING,MISSING,ALARM_SRC_0189,AR,2026.0,2.0,4.0,18.0
CRITICAL,THE DEVICE IS OFFLINE,2026-02-08 12:03:23,1,2026-02-08 12:03:23,7.0,NORMAL,MISSING,MISSING,ALARM_SRC_0490,AR,2026.0,2.0,6.0,12.0
CRITICAL,PHYSICAL PORT DOWN,2026-02-08 16:16:18,1,2026-02-08 16:16:18,2505274.0,NORMAL,MISSING,MISSING,ALARM_SRC_1033,AR,2026.0,2.0,6.0,16.0
CRITICAL,PHYSICAL PORT DOWN,2026-02-08 20:32:40,1,2026-02-08 20:32:40,2505274.0,NORMAL,MISSING,MISSING,ALARM_SRC_0707,AR,2026.0,2.0,6.0,20.0
CRITICAL,PHYSICAL PORT DOWN,2026-02-09 14:36:28,1,2026-02-09 14:36:28,2505274.0,NORMAL,MISSING,MISSING,ALARM_SRC_1175,CP,2026.0,2.0,0.0,14.0
CRITICAL,PHYSICAL PORT DOWN,2026-02-09 14:36:28,1,2026-02-09 14:36:28,2505274.0,NORMAL,MISSING,MISSING,ALARM_SRC_1175,CP,2026.0,2.0,0.0,14.0
CRITICAL,PHYSICAL PORT DOWN,2026-02-09 14:36:28,1,2026-02-09 14:36:28,2505274.0,NORMAL,MISSING,MISSING,ALARM_SRC_1175,CP,2026.0,2.0,0.0,14.0
CRITICAL,PHYSICAL PORT DOWN,2026-02-09 14:36:28,1,2026-02-09 14:36:28,2505274.0,NORMAL,MISSING,MISSING,ALARM_SRC_1175,CP,2026.0,2.0,0.0,14.0
CRITICAL,PHYSICAL PORT DOWN,2026-02-09 14:36:28,1,2026-02-09 14:36:28,2505274.0,NORMAL,MISSING,MISSING,ALARM_SRC_1175,CP,2026.0,2.0,0.0,14.0
CRITICAL,PHYSICAL PORT DOWN,2026-02-09 14:36:28,1,2026-02-09 14:36:28,2505274.0,NORMAL,MISSING,MISSING,ALARM_SRC_1175,CP,2026.0,2.0,0.0,14.0
CRITICAL,PHYSICAL PORT DOWN,2026-02-09 14:36:28,1,2026-02-09 14:36:28,2505274.0,NORMAL,MISSING,MISSING,ALARM_SRC_1175,CP,2026.0,2.0,0.0,14.0
CRITICAL,PHYSICAL PORT DOWN,2026-02-09 14:36:28,1,2026-02-09 14:36:28,2505274.0,NORMAL,MISSING,MISSING,ALARM_SRC_1175,CP,2026.0,2.0,0.0,14.0
CRITICAL,PHYSICAL PORT DOWN,2026-02-09 14:36:28,1,2026-02-09 14:36:28,2505274.0,NORMAL,MISSING,MISSING,ALARM_SRC_1175,CP,2026.0,2.0,0.0,14.0
CRITICAL,PHYSICAL PORT DOWN,2026-02-09 14:36:28,1,2026-02-09 14:36:28,2505274.0,NORMAL,MISSING,MISSING,ALARM_SRC_1175,CP,2026.0,2.0,0.0,14.0
CRITICAL,PHYSICAL PORT DOWN,2026-02-09 14:36:28,1,2026-02-09 14:36:28,2505274.0,NORMAL,MISSING,MISSING,ALARM_SRC_1175,CP,2026.0,2.0,0.0,14.0
CRITICAL,PHYSICAL PORT DOWN,2026-02-09 14:36:28,1,2026-02-09 14:36:28,2505274.0,NORMAL,MISSING,MISSING,ALARM_SRC_1175,CP,2026.0,2.0,0.0,14.0
CRITICAL,PHYSICAL PORT DOWN,2026-02-09 14:36:28,1,2026-02-09 14:36:28,2505274.0,NORMAL,MISSING,MISSING,ALARM_SRC_1175,CP,2026.0,2.0,0.0,14.0
CRITICAL,PHYSICAL PORT DOWN,2026-02-09 14:36:28,1,2026-02-09 14:36:28,2505274.0,NORMAL,MISSING,MISSING,ALARM_SRC_1175,CP,2026.0,2.0,0.0,14.0
CRITICAL,PHYSICAL PORT DOWN,2026-02-09 14:36:29,1,2026-02-09 14:36:29,2505274.0,NORMAL,MISSING,MISSING,ALARM_SRC_1175,CP,2026.0,2.0,0.0,14.0
CRITICAL,PHYSICAL PORT DOWN,2026-02-09 14:36:29,1,2026-02-09 14:36:29,2505274.0,NORMAL,MISSING,MISSING,ALARM_SRC_1175,CP,2026.0,2.0,0.0,14.0
CRITICAL,PHYSICAL PORT DOWN,2026-02-09 14:36:29,1,2026-02-09 14:36:29,2505274.0,NORMAL,MISSING,MISSING,ALARM_SRC_1175,CP,2026.0,2.0,0.0,14.0
CRITICAL,PHYSICAL PORT DOWN,2026-02-09 14:36:29,1,2026-02-09 14:36:29,2505274.0,NORMAL,MISSING,MISSING,ALARM_SRC_1175,CP,2026.0,2.0,0.0,14.0
CRITICAL,PHYSICAL PORT DOWN,2026-02-09 14:37:00,1,2026-02-09 14:37:00,2505274.0,NORMAL,MISSING,MISSING,ALARM_SRC_1175,CP,2026.0,2.0,0.0,14.0
CRITICAL,PHYSICAL PORT DOWN,2026-02-09 14:37:00,1,2026-02-09 14:37:00,2505274.0,NORMAL,MISSING,MISSING,ALARM_SRC_1175,CP,2026.0,2.0,0.0,14.0
CRITICAL,PHYSICAL PORT DOWN,2026-02-09 14:37:00,1,2026-02-09 14:37:00,2505274.0,NORMAL,MISSING,MISSING,ALARM_SRC_1175,CP,2026.0,2.0,0.0,14.0
CRITICAL,PHYSICAL PORT DOWN,2026-02-09 14:37:00,1,2026-02-09 14:37:00,2505274.0,NORMAL,MISSING,MISSING,ALARM_SRC_1175,CP,2026.0,2.0,0.0,14.0
CRITICAL,PHYSICAL PORT DOWN,2026-02-09 14:37:00,1,2026-02-09 14:37:00,2505274.0,NORMAL,MISSING,MISSING,ALARM_SRC_1175,CP,2026.0,2.0,0.0,14.0
CRITICAL,PHYSICAL PORT DOWN,2026-02-09 14:37:00,1,2026-02-09 14:37:00,2505274.0,NORMAL,MISSING,MISSING,ALARM_SRC_1175,CP,2026.0,2.0,0.0,14.0
CRITICAL,PHYSICAL PORT DOWN,2026-02-09 14:37:00,1,2026-02-09 14:37:00,2505274.0,NORMAL,MISSING,MISSING,ALARM_SRC_1175,CP,2026.0,2.0,0.0,14.0
CRITICAL,PHYSICAL PORT DOWN,2026-02-09 14:37:00,1,2026-02-09 14:37:00,2505274.0,NORMAL,MISSING,MISSING,ALARM_SRC_1175,CP,2026.0,2.0,0.0,14.0
CRITICAL,PHYSICAL PORT DOWN,2026-02-09 14:37:01,1,2026-02-09 14:37:01,2505274.0,NORMAL,MISSING,MISSING,ALARM_SRC_1175,CP,2026.0,2.0,0.0,14.0
CRITICAL,PHYSICAL PORT DOWN,2026-02-09 14:37:01,1,2026-02-09 14:37:01,2505274.0,NORMAL,MISSING,MISSING,ALARM_SRC_1175,CP,2026.0,2.0,0.0,14.0
CRITICAL,PHYSICAL PORT DOWN,2026-02-09 14:37:01,1,2026-02-09 14:37:01,2505274.0,NORMAL,MISSING,MISSING,ALARM_SRC_1175,CP,2026.0,2.0,0.0,14.0
CRITICAL,PHYSICAL PORT DOWN,2026-02-09 14:37:19,1,2026-02-09 14:37:19,2505274.0,NORMAL,MISSING,MISSING,ALARM_SRC_1175,CP,2026.0,2.0,0.0,14.0
CRITICAL,PHYSICAL PORT DOWN,2026-02-09 14:37:19,1,2026-02-09 14:37:19,2505274.0,NORMAL,MISSING,MISSING,ALARM_SRC_1175,CP,2026.0,2.0,0.0,14.0
CRITICAL,PHYSICAL PORT DOWN,2026-02-09 14:37:19,1,2026-02-09 14:37:19,2505274.0,NORMAL,MISSING,MISSING,ALARM_SRC_1175,CP,2026.0,2.0,0.0,14.0
CRITICAL,PHYSICAL PORT DOWN,2026-02-09 14:37:19,1,2026-02-09 14:37:19,2505274.0,NORMAL,MISSING,MISSING,ALARM_SRC_1175,CP,2026.0,2.0,0.0,14.0
CRITICAL,PHYSICAL PORT DOWN,2026-02-09 14:37:19,1,2026-02-09 14:37:19,2505274.0,NORMAL,MISSING,MISSING,ALARM_SRC_1175,CP,2026.0,2.0,0.0,14.0
CRITICAL,PHYSICAL PORT DOWN,2026-02-09 14:37:19,1,2026-02-09 14:37:19,2505274.0,NORMAL,MISSING,MISSING,ALARM_SRC_1175,CP,2026.0,2.0,0.0,14.0
CRITICAL,PHYSICAL PORT DOWN,2026-02-09 14:38:26,1,2026-02-09 14:38:26,2505274.0,NORMAL,MISSING,MISSING,ALARM_SRC_1175,CP,2026.0,2.0,0.0,14.0
CRITICAL,PHYSICAL PORT DOWN,2026-02-09 14:38:26,1,2026-02-09 14:38:26,2505274.0,NORMAL,MISSING,MISSING,ALARM_SRC_1175,CP,2026.0,2.0,0.0,14.0
CRITICAL,PHYSICAL PORT DOWN,2026-02-10 00:15:07,1,2026-02-10 00:15:07,2505274.0,NORMAL,MISSING,MISSING,ALARM_SRC_0013,AG,2026.0,2.0,1.0,0.0
CRITICAL,PHYSICAL PORT DOWN,2026-02-10 00:15:08,1,2026-02-10 00:15:08,2505274.0,NORMAL,MISSING,MISSING,ALARM_SRC_0013,AG,2026.0,2.0,1.0,0.0
CRITICAL,PHYSICAL PORT DOWN,2026-02-10 00:15:08,1,2026-02-10 00:15:08,2505274.0,NORMAL,MISSING,MISSING,ALARM_SRC_0013,AG,2026.0,2.0,1.0,0.0
CRITICAL,PHYSICAL PORT DOWN,2026-02-10 00:15:08,1,2026-02-10 00:15:08,2505274.0,NORMAL,MISSING,MISSING,ALARM_SRC_0013,AG,2026.0,2.0,1.0,0.0
CRITICAL,PHYSICAL PORT DOWN,2026-02-10 00:15:09,1,2026-02-10 00:15:09,2505274.0,NORMAL,MISSING,MISSING,ALARM_SRC_0013,AG,2026.0,2.0,1.0,0.0
CRITICAL,PHYSICAL PORT DOWN,2026-02-10 00:15:09,1,2026-02-10 00:15:09,2505274.0,NORMAL,MISSING,MISSING,ALARM_SRC_0013,AG,2026.0,2.0,1.0,0.0
CRITICAL,PHYSICAL PORT DOWN,2026-02-10 09:29:03,1,2026-02-10 09:29:03,2505274.0,NORMAL,MISSING,MISSING,ALARM_SRC_1188,CP,2026.0,2.0,1.0,9.0
CRITICAL,PHYSICAL PORT DOWN,2026-02-10 11:19:13,1,2026-02-10 11:19:13,2505274.0,NORMAL,MISSING,MISSING,ALARM_SRC_0339,AR,2026.0,2.0,1.0,11.0
CRITICAL,PHYSICAL PORT DOWN,2026-02-10 14:48:55,1,2026-02-10 14:48:55,2505274.0,NORMAL,MISSING,MISSING,ALARM_SRC_0350,AR,2026.0,2.0,1.0,14.0
CRITICAL,PHYSICAL PORT DOWN,2026-02-11 19:24:11,1,2026-02-11 19:24:11,2505274.0,NORMAL,MISSING,MISSING,ALARM_SRC_0095,AG,2026.0,2.0,2.0,19.0
CRITICAL,BOARD INVALID,2026-02-11 22:52:32,1,2026-02-11 22:52:32,2505210.0,NORMAL,MISSING,MISSING,ALARM_SRC_0087,AG,2026.0,2.0,2.0,22.0
CRITICAL,PHYSICAL PORT DOWN,2026-02-11 23:10:52,1,2026-02-11 23:10:52,2505274.0,NORMAL,MISSING,MISSING,ALARM_SRC_0011,AG,2026.0,2.0,2.0,23.0
CRITICAL,PHYSICAL PORT DOWN,2026-02-11 23:10:52,1,2026-02-11 23:10:52,2505274.0,NORMAL,MISSING,MISSING,ALARM_SRC_0011,AG,2026.0,2.0,2.0,23.0
CRITICAL,PHYSICAL PORT DOWN,2026-02-11 23:10:52,1,2026-02-11 23:10:52,2505274.0,NORMAL,MISSING,MISSING,ALARM_SRC_0011,AG,2026.0,2.0,2.0,23.0
CRITICAL,PHYSICAL PORT DOWN,2026-02-11 23:10:52,1,2026-02-11 23:10:52,2505274.0,NORMAL,MISSING,MISSING,ALARM_SRC_0011,AG,2026.0,2.0,2.0,23.0
CRITICAL,PHYSICAL PORT DOWN,2026-02-11 23:10:52,1,2026-02-11 23:10:52,2505274.0,NORMAL,MISSING,MISSING,ALARM_SRC_0011,AG,2026.0,2.0,2.0,23.0
CRITICAL,PHYSICAL PORT DOWN,2026-02-11 23:10:53,1,2026-02-11 23:10:53,2505274.0,NORMAL,MISSING,MISSING,ALARM_SRC_0011,AG,2026.0,2.0,2.0,23.0
CRITICAL,PHYSICAL PORT DOWN,2026-02-11 23:21:25,1,2026-02-11 23:21:25,2505274.0,NORMAL,MISSING,MISSING,ALARM_SRC_0011,AG,2026.0,2.0,2.0,23.0
CRITICAL,PHYSICAL PORT DOWN,2026-02-11 23:25:19,1,2026-02-11 23:25:19,2505274.0,NORMAL,MISSING,MISSING,ALARM_SRC_0011,AG,2026.0,2.0,2.0,23.0
CRITICAL,PHYSICAL PORT DOWN,2026-02-12 11:01:09,1,2026-02-12 11:01:09,2505274.0,NORMAL,MISSING,MISSING,ALARM_SRC_0945,AR,2026.0,2.0,3.0,11.0
CRITICAL,PHYSICAL PORT DOWN,2026-02-12 17:10:26,1,2026-02-12 17:10:26,2505274.0,NORMAL,MISSING,MISSING,ALARM_SRC_0099,AG,2026.0,2.0,3.0,17.0
CRITICAL,PHYSICAL PORT DOWN,2026-02-12 18:01:04,1,2026-02-12 18:01:04,2505274.0,NORMAL,MISSING,MISSING,ALARM_SRC_1160,AR,2026.0,2.0,3.0,18.0
CRITICAL,PHYSICAL PORT DOWN,2026-02-12 18:37:18,1,2026-02-12 18:37:18,2505274.0,NORMAL,MISSING,MISSING,ALARM_SRC_0259,AR,2026.0,2.0,3.0,18.0
CRITICAL,PHYSICAL PORT DOWN,2026-02-13 11:15:24,1,2026-02-13 11:15:24,2505274.0,NORMAL,MISSING,MISSING,ALARM_SRC_0424,AR,2026.0,2.0,4.0,11.0
CRITICAL,PHYSICAL PORT DOWN,2026-02-13 11:15:24,1,2026-02-13 11:15:24,2505274.0,NORMAL,MISSING,MISSING,ALARM_SRC_0424,AR,2026.0,2.0,4.0,11.0
CRITICAL,PHYSICAL PORT DOWN,2026-02-13 11:15:24,1,2026-02-13 11:15:24,2505274.0,NORMAL,MISSING,MISSING,ALARM_SRC_0424,AR,2026.0,2.0,4.0,11.0
CRITICAL,PHYSICAL PORT DOWN,2026-02-13 23:43:23,1,2026-02-13 23:43:23,2505274.0,NORMAL,MISSING,MISSING,ALARM_SRC_0719,AR,2026.0,2.0,4.0,23.0
CRITICAL,PHYSICAL PORT DOWN,2026-02-14 10:09:35,1,2026-02-14 10:09:35,2505274.0,NORMAL,MISSING,MISSING,ALARM_SRC_0298,AR,2026.0,2.0,5.0,10.0
CRITICAL,PHYSICAL PORT DOWN,2026-02-14 20:38:48,1,2026-02-14 20:38:48,2505274.0,NORMAL,MISSING,MISSING,ALARM_SRC_1175,CP,2026.0,2.0,5.0,20.0
CRITICAL,PHYSICAL PORT DOWN,2026-02-15 06:28:39,1,2026-02-15 06:28:39,2505274.0,NORMAL,MISSING,MISSING,ALARM_SRC_0759,AR,2026.0,2.0,6.0,6.0
CRITICAL,PHYSICAL PORT DOWN,2026-02-15 06:28:39,1,2026-02-15 06:28:39,2505274.0,NORMAL,MISSING,MISSING,ALARM_SRC_0759,AR,2026.0,2.0,6.0,6.0
CRITICAL,PHYSICAL PORT DOWN,2026-02-15 07:42:49,1,2026-02-15 07:42:49,2505274.0,NORMAL,MISSING,MISSING,ALARM_SRC_0443,AR,2026.0,2.0,6.0,7.0
CRITICAL,PHYSICAL PORT DOWN,2026-02-15 11:41:57,1,2026-02-15 11:41:57,2505274.0,NORMAL,MISSING,MISSING,ALARM_SRC_0597,AR,2026.0,2.0,6.0,11.0
CRITICAL,PHYSICAL PORT DOWN,2026-02-15 11:41:57,1,2026-02-15 11:41:57,2505274.0,NORMAL,MISSING,MISSING,ALARM_SRC_0597,AR,2026.0,2.0,6.0,11.0
CRITICAL,PHYSICAL PORT DOWN,2026-02-15 12:16:08,1,2026-02-15 12:16:08,2505274.0,NORMAL,MISSING,MISSING,ALARM_SRC_0759,AR,2026.0,2.0,6.0,12.0
CRITICAL,PHYSICAL PORT DOWN,2026-02-15 14:27:38,1,2026-02-15 14:27:38,2505274.0,NORMAL,MISSING,MISSING,ALARM_SRC_0230,AR,2026.0,2.0,6.0,14.0
CRITICAL,PHYSICAL PORT DOWN,2026-02-16 14:51:11,1,2026-02-16 14:51:11,2505274.0,NORMAL,MISSING,MISSING,ALARM_SRC_1143,AR,2026.0,2.0,0.0,14.0
CRITICAL,THE DEVICE IS OFFLINE,2026-02-16 14:52:59,1,2026-02-16 14:52:59,7.0,NORMAL,MISSING,MISSING,ALARM_SRC_1142,AR,2026.0,2.0,0.0,14.0
CRITICAL,PHYSICAL PORT DOWN,2026-02-16 17:51:59,1,2026-02-16 17:51:59,2505274.0,NORMAL,MISSING,MISSING,ALARM_SRC_0428,AR,2026.0,2.0,0.0,17.0
CRITICAL,THE DEVICE IS OFFLINE,2026-02-16 17:52:07,1,2026-02-16 17:52:07,7.0,NORMAL,MISSING,MISSING,ALARM_SRC_0429,AR,2026.0,2.0,0.0,17.0
CRITICAL,PHYSICAL PORT DOWN,2026-02-17 10:55:29,1,2026-02-17 10:55:29,2505274.0,NORMAL,MISSING,MISSING,ALARM_SRC_0530,AR,2026.0,2.0,1.0,10.0
CRITICAL,PHYSICAL PORT DOWN,2026-02-18 12:28:29,1,2026-02-18 12:28:29,2505274.0,NORMAL,MISSING,MISSING,ALARM_SRC_1124,AR,2026.0,2.0,2.0,12.0
CRITICAL,PHYSICAL PORT DOWN,2026-02-18 13:07:14,1,2026-02-18 13:07:14,2505274.0,NORMAL,MISSING,MISSING,ALARM_SRC_0060,AG,2026.0,2.0,2.0,13.0
CRITICAL,PHYSICAL PORT DOWN,2026-02-18 14:58:51,1,2026-02-18 14:58:51,2505274.0,NORMAL,MISSING,MISSING,ALARM_SRC_0075,AG,2026.0,2.0,2.0,14.0
CRITICAL,BOARD INVALID,2026-02-19 10:10:39,1,2026-02-19 10:10:39,2505210.0,NORMAL,MISSING,MISSING,ALARM_SRC_0090,AG,2026.0,2.0,3.0,10.0
CRITICAL,BOARD INVALID,2026-02-19 10:10:47,1,2026-02-19 10:10:47,2505210.0,NORMAL,MISSING,MISSING,ALARM_SRC_0090,AG,2026.0,2.0,3.0,10.0
CRITICAL,PHYSICAL PORT DOWN,2026-02-19 11:30:06,1,2026-02-19 11:30:06,2505274.0,NORMAL,MISSING,MISSING,ALARM_SRC_0806,AR,2026.0,2.0,3.0,11.0
CRITICAL,PHYSICAL PORT DOWN,2026-02-19 21:14:51,1,2026-02-19 21:14:51,2505274.0,NORMAL,MISSING,MISSING,ALARM_SRC_1187,CP,2026.0,2.0,3.0,21.0
CRITICAL,PHYSICAL PORT DOWN,2026-02-19 21:14:51,1,2026-02-19 21:14:51,2505274.0,NORMAL,MISSING,MISSING,ALARM_SRC_1187,CP,2026.0,2.0,3.0,21.0
CRITICAL,PHYSICAL PORT DOWN,2026-02-19 21:14:51,1,2026-02-19 21:14:51,2505274.0,NORMAL,MISSING,MISSING,ALARM_SRC_1187,CP,2026.0,2.0,3.0,21.0
CRITICAL,PHYSICAL PORT DOWN,2026-02-19 21:14:55,1,2026-02-19 21:14:55,2505274.0,NORMAL,MISSING,MISSING,ALARM_SRC_1187,CP,2026.0,2.0,3.0,21.0
CRITICAL,PHYSICAL PORT DOWN,2026-02-19 21:14:55,1,2026-02-19 21:14:55,2505274.0,NORMAL,MISSING,MISSING,ALARM_SRC_1187,CP,2026.0,2.0,3.0,21.0
CRITICAL,PHYSICAL PORT DOWN,2026-02-19 21:14:55,1,2026-02-19 21:14:55,2505274.0,NORMAL,MISSING,MISSING,ALARM_SRC_1187,CP,2026.0,2.0,3.0,21.0
CRITICAL,PHYSICAL PORT DOWN,2026-02-19 21:14:55,1,2026-02-19 21:14:55,2505274.0,NORMAL,MISSING,MISSING,ALARM_SRC_1187,CP,2026.0,2.0,3.0,21.0
CRITICAL,PHYSICAL PORT DOWN,2026-02-20 09:29:56,1,2026-02-20 09:29:56,2505274.0,NORMAL,MISSING,MISSING,ALARM_SRC_1098,AR,2026.0,2.0,4.0,9.0
CRITICAL,PHYSICAL PORT DOWN,2026-02-20 11:29:34,1,2026-02-20 11:29:34,2505274.0,NORMAL,MISSING,MISSING,ALARM_SRC_0146,AR,2026.0,2.0,4.0,11.0
CRITICAL,PHYSICAL PORT DOWN,2026-02-20 14:23:18,1,2026-02-20 14:23:18,2505274.0,NORMAL,MISSING,MISSING,ALARM_SRC_0486,AR,2026.0,2.0,4.0,14.0
CRITICAL,THE DEVICE IS OFFLINE,2026-02-20 15:49:53,1,2026-02-20 15:49:53,7.0,NORMAL,MISSING,MISSING,ALARM_SRC_0139,AR,2026.0,2.0,4.0,15.0
CRITICAL,THE DEVICE IS OFFLINE,2026-02-20 15:50:13,1,2026-02-20 15:50:13,7.0,NORMAL,MISSING,MISSING,ALARM_SRC_0338,AR,2026.0,2.0,4.0,15.0
CRITICAL,THE DEVICE IS OFFLINE,2026-02-20 15:50:13,1,2026-02-20 15:50:13,7.0,NORMAL,MISSING,MISSING,ALARM_SRC_0348,AR,2026.0,2.0,4.0,15.0
CRITICAL,THE DEVICE IS OFFLINE,2026-02-20 15:51:20,1,2026-02-20 15:51:20,7.0,NORMAL,MISSING,MISSING,ALARM_SRC_0130,AR,2026.0,2.0,4.0,15.0
CRITICAL,PHYSICAL PORT DOWN,2026-02-20 18:22:59,1,2026-02-20 18:22:59,2505274.0,NORMAL,MISSING,MISSING,ALARM_SRC_0536,AR,2026.0,2.0,4.0,18.0
CRITICAL,PHYSICAL PORT DOWN,2026-02-20 18:23:07,1,2026-02-20 18:23:07,2505274.0,NORMAL,MISSING,MISSING,ALARM_SRC_0536,AR,2026.0,2.0,4.0,18.0
CRITICAL,PHYSICAL PORT DOWN,2026-02-20 20:07:51,1,2026-02-20 20:07:51,2505274.0,NORMAL,MISSING,MISSING,ALARM_SRC_0321,AR,2026.0,2.0,4.0,20.0
CRITICAL,PHYSICAL PORT DOWN,2026-02-20 23:35:55,1,2026-02-20 23:35:55,2505274.0,NORMAL,MISSING,MISSING,ALARM_SRC_1014,AR,2026.0,2.0,4.0,23.0
CRITICAL,PHYSICAL PORT DOWN,2026-02-22 10:45:17,1,2026-02-22 10:45:17,2505274.0,NORMAL,MISSING,MISSING,ALARM_SRC_0613,AR,2026.0,2.0,6.0,10.0
CRITICAL,PHYSICAL PORT DOWN,2026-02-22 10:45:18,1,2026-02-22 10:45:18,2505274.0,NORMAL,MISSING,MISSING,ALARM_SRC_0613,AR,2026.0,2.0,6.0,10.0
CRITICAL,PHYSICAL PORT DOWN,2026-02-22 15:00:21,1,2026-02-22 15:00:21,2505274.0,NORMAL,MISSING,MISSING,ALARM_SRC_0350,AR,2026.0,2.0,6.0,15.0
CRITICAL,PHYSICAL PORT DOWN,2026-02-22 15:00:21,1,2026-02-22 15:00:21,2505274.0,NORMAL,MISSING,MISSING,ALARM_SRC_0350,AR,2026.0,2.0,6.0,15.0
CRITICAL,PHYSICAL PORT DOWN,2026-02-22 15:15:27,1,2026-02-22 15:15:27,2505274.0,NORMAL,MISSING,MISSING,ALARM_SRC_0354,AR,2026.0,2.0,6.0,15.0
CRITICAL,PHYSICAL PORT DOWN,2026-02-22 18:41:03,1,2026-02-22 18:41:03,2505274.0,NORMAL,MISSING,MISSING,ALARM_SRC_0263,AR,2026.0,2.0,6.0,18.0
CRITICAL,PHYSICAL PORT DOWN,2026-02-23 09:59:25,1,2026-02-23 09:59:25,2505274.0,NORMAL,MISSING,MISSING,ALARM_SRC_0684,AR,2026.0,2.0,0.0,9.0
CRITICAL,PHYSICAL PORT DOWN,2026-02-23 14:04:19,1,2026-02-23 14:04:19,2505274.0,NORMAL,MISSING,MISSING,ALARM_SRC_0686,AR,2026.0,2.0,0.0,14.0
CRITICAL,PHYSICAL PORT DOWN,2026-02-23 16:16:12,1,2026-02-23 16:16:12,2505274.0,NORMAL,MISSING,MISSING,ALARM_SRC_0708,AR,2026.0,2.0,0.0,16.0
CRITICAL,PHYSICAL PORT DOWN,2026-02-23 16:20:20,1,2026-02-23 16:20:20,2505274.0,NORMAL,MISSING,MISSING,ALARM_SRC_0708,AR,2026.0,2.0,0.0,16.0
CRITICAL,PHYSICAL PORT DOWN,2026-02-23 17:09:13,1,2026-02-23 17:09:13,2505274.0,NORMAL,MISSING,MISSING,ALARM_SRC_0708,AR,2026.0,2.0,0.0,17.0
CRITICAL,PHYSICAL PORT DOWN,2026-02-23 17:34:26,1,2026-02-23 17:34:26,2505274.0,NORMAL,MISSING,MISSING,ALARM_SRC_1160,AR,2026.0,2.0,0.0,17.0
CRITICAL,PHYSICAL PORT DOWN,2026-02-24 14:08:16,1,2026-02-24 14:08:16,2505274.0,NORMAL,MISSING,MISSING,ALARM_SRC_0390,AR,2026.0,2.0,1.0,14.0
CRITICAL,PHYSICAL PORT DOWN,2026-02-24 15:20:01,1,2026-02-24 15:20:01,2505274.0,NORMAL,MISSING,MISSING,ALARM_SRC_0084,AG,2026.0,2.0,1.0,15.0
CRITICAL,PHYSICAL PORT DOWN,2026-02-24 16:24:22,1,2026-02-24 16:24:22,2505274.0,NORMAL,MISSING,MISSING,ALARM_SRC_0390,AR,2026.0,2.0,1.0,16.0
CRITICAL,PHYSICAL PORT DOWN,2026-02-24 16:57:43,1,2026-02-24 16:57:43,2505274.0,NORMAL,MISSING,MISSING,ALARM_SRC_1027,AR,2026.0,2.0,1.0,16.0
CRITICAL,PHYSICAL PORT DOWN,2026-02-24 17:04:59,1,2026-02-24 17:04:59,2505274.0,NORMAL,MISSING,MISSING,ALARM_SRC_0390,AR,2026.0,2.0,1.0,17.0
CRITICAL,PHYSICAL PORT DOWN,2026-02-24 17:12:12,1,2026-02-24 17:12:12,2505274.0,NORMAL,MISSING,MISSING,ALARM_SRC_0390,AR,2026.0,2.0,1.0,17.0
CRITICAL,PHYSICAL PORT DOWN,2026-02-24 17:28:17,1,2026-02-24 17:28:17,2505274.0,NORMAL,MISSING,MISSING,ALARM_SRC_0640,AR,2026.0,2.0,1.0,17.0
CRITICAL,PHYSICAL PORT DOWN,2026-02-24 19:18:40,1,2026-02-24 19:18:40,3074752.0,NORMAL,MISSING,MISSING,ALARM_SRC_1191,IPBN,2026.0,2.0,1.0,19.0
CRITICAL,PHYSICAL PORT DOWN,2026-02-24 19:18:40,1,2026-02-24 19:18:40,3074752.0,NORMAL,MISSING,MISSING,ALARM_SRC_1191,IPBN,2026.0,2.0,1.0,19.0
CRITICAL,PHYSICAL PORT DOWN,2026-02-24 19:18:40,1,2026-02-24 19:18:40,3074752.0,NORMAL,MISSING,MISSING,ALARM_SRC_1191,IPBN,2026.0,2.0,1.0,19.0
CRITICAL,PHYSICAL PORT DOWN,2026-02-24 19:18:40,1,2026-02-24 19:18:40,3074752.0,NORMAL,MISSING,MISSING,ALARM_SRC_1191,IPBN,2026.0,2.0,1.0,19.0
CRITICAL,PHYSICAL PORT DOWN,2026-02-24 19:18:40,1,2026-02-24 19:18:40,3074752.0,NORMAL,MISSING,MISSING,ALARM_SRC_1191,IPBN,2026.0,2.0,1.0,19.0
CRITICAL,PHYSICAL PORT DOWN,2026-02-24 19:18:40,1,2026-02-24 19:18:40,3074752.0,NORMAL,MISSING,MISSING,ALARM_SRC_1191,IPBN,2026.0,2.0,1.0,19.0
CRITICAL,PHYSICAL PORT DOWN,2026-02-24 19:18:40,1,2026-02-24 19:18:40,3074752.0,NORMAL,MISSING,MISSING,ALARM_SRC_1191,IPBN,2026.0,2.0,1.0,19.0
CRITICAL,PHYSICAL PORT DOWN,2026-02-24 19:18:40,1,2026-02-24 19:18:40,3074752.0,NORMAL,MISSING,MISSING,ALARM_SRC_1191,IPBN,2026.0,2.0,1.0,19.0
CRITICAL,PHYSICAL PORT DOWN,2026-02-24 19:18:41,1,2026-02-24 19:18:41,3074752.0,NORMAL,MISSING,MISSING,ALARM_SRC_1191,IPBN,2026.0,2.0,1.0,19.0
CRITICAL,PHYSICAL PORT DOWN,2026-02-24 19:18:41,1,2026-02-24 19:18:41,3074752.0,NORMAL,MISSING,MISSING,ALARM_SRC_1191,IPBN,2026.0,2.0,1.0,19.0
CRITICAL,PHYSICAL PORT DOWN,2026-02-25 15:04:08,1,2026-02-25 15:04:08,2505274.0,NORMAL,MISSING,MISSING,ALARM_SRC_0045,AG,2026.0,2.0,2.0,15.0
CRITICAL,PHYSICAL PORT DOWN,2026-02-25 17:36:51,1,2026-02-25 17:36:51,2505274.0,NORMAL,MISSING,MISSING,ALARM_SRC_0505,AR,2026.0,2.0,2.0,17.0
CRITICAL,THE DEVICE IS OFFLINE,2026-02-25 18:40:20,1,2026-02-25 18:40:20,7.0,NORMAL,MISSING,MISSING,ALARM_SRC_1198,SW,2026.0,2.0,2.0,18.0
CRITICAL,PHYSICAL PORT DOWN,2026-02-25 20:53:49,1,2026-02-25 20:53:49,2505274.0,NORMAL,MISSING,MISSING,ALARM_SRC_0748,AR,2026.0,2.0,2.0,20.0
CRITICAL,PHYSICAL PORT DOWN,2026-02-25 23:13:32,1,2026-02-25 23:13:32,2505274.0,NORMAL,MISSING,MISSING,ALARM_SRC_0635,AR,2026.0,2.0,2.0,23.0
CRITICAL,PHYSICAL PORT DOWN,2026-02-26 11:14:53,1,2026-02-26 11:14:53,2505274.0,NORMAL,MISSING,MISSING,ALARM_SRC_0592,AR,2026.0,2.0,3.0,11.0
CRITICAL,PHYSICAL PORT DOWN,2026-02-26 11:20:45,1,2026-02-26 11:20:45,2505274.0,NORMAL,MISSING,MISSING,ALARM_SRC_0615,AR,2026.0,2.0,3.0,11.0
CRITICAL,PHYSICAL PORT DOWN,2026-02-26 11:22:04,1,2026-02-26 11:22:04,2505274.0,NORMAL,MISSING,MISSING,ALARM_SRC_0869,AR,2026.0,2.0,3.0,11.0
CRITICAL,PHYSICAL PORT DOWN,2026-02-26 12:25:44,1,2026-02-26 12:25:44,2505274.0,NORMAL,MISSING,MISSING,ALARM_SRC_0088,AG,2026.0,2.0,3.0,12.0
CRITICAL,PHYSICAL PORT DOWN,2026-02-26 12:25:44,1,2026-02-26 12:25:44,2505274.0,NORMAL,MISSING,MISSING,ALARM_SRC_0739,AR,2026.0,2.0,3.0,12.0
CRITICAL,PHYSICAL PORT DOWN,2026-02-26 13:28:57,1,2026-02-26 13:28:57,2505274.0,NORMAL,MISSING,MISSING,ALARM_SRC_0086,AG,2026.0,2.0,3.0,13.0
CRITICAL,PHYSICAL PORT DOWN,2026-02-26 15:22:52,1,2026-02-26 15:22:52,2505274.0,NORMAL,MISSING,MISSING,ALARM_SRC_0085,AG,2026.0,2.0,3.0,15.0
CRITICAL,THE DEVICE IS OFFLINE,2026-02-26 16:11:35,1,2026-02-26 16:11:35,7.0,NORMAL,MISSING,MISSING,ALARM_SRC_1199,SW,2026.0,2.0,3.0,16.0
CRITICAL,PHYSICAL PORT DOWN,2026-02-26 16:11:55,1,2026-02-26 16:11:55,2505274.0,NORMAL,MISSING,MISSING,ALARM_SRC_0500,AR,2026.0,2.0,3.0,16.0
CRITICAL,PHYSICAL PORT DOWN,2026-02-26 18:57:26,1,2026-02-26 18:57:26,2505274.0,NORMAL,MISSING,MISSING,ALARM_SRC_0592,AR,2026.0,2.0,3.0,18.0
CRITICAL,PHYSICAL PORT DOWN,2026-02-26 18:57:26,1,2026-02-26 18:57:26,2505274.0,NORMAL,MISSING,MISSING,ALARM_SRC_0592,AR,2026.0,2.0,3.0,18.0
CRITICAL,THE DEVICE IS OFFLINE,2026-02-26 19:26:00,1,2026-02-26 19:26:00,7.0,NORMAL,MISSING,MISSING,ALARM_SRC_0441,AR,2026.0,2.0,3.0,19.0
CRITICAL,PHYSICAL PORT DOWN,2026-02-26 21:00:03,1,2026-02-26 21:00:03,2505274.0,NORMAL,MISSING,MISSING,ALARM_SRC_0748,AR,2026.0,2.0,3.0,21.0
CRITICAL,PHYSICAL PORT DOWN,2026-02-27 12:23:18,1,2026-02-27 12:23:18,2505274.0,NORMAL,MISSING,MISSING,ALARM_SRC_0018,AG,2026.0,2.0,4.0,12.0
CRITICAL,PHYSICAL PORT DOWN,2026-02-27 12:23:20,1,2026-02-27 12:23:20,2505274.0,NORMAL,MISSING,MISSING,ALARM_SRC_0018,AG,2026.0,2.0,4.0,12.0
CRITICAL,PHYSICAL PORT DOWN,2026-02-27 13:51:59,1,2026-02-27 13:51:59,2505274.0,NORMAL,MISSING,MISSING,ALARM_SRC_0626,AR,2026.0,2.0,4.0,13.0
CRITICAL,PHYSICAL PORT DOWN,2026-02-27 13:54:40,1,2026-02-27 13:54:40,2505274.0,NORMAL,MISSING,MISSING,ALARM_SRC_0356,AR,2026.0,2.0,4.0,13.0
CRITICAL,PHYSICAL PORT DOWN,2026-02-27 14:09:38,1,2026-02-27 14:09:38,2505274.0,NORMAL,MISSING,MISSING,ALARM_SRC_0339,AR,2026.0,2.0,4.0,14.0
CRITICAL,PHYSICAL PORT DOWN,2026-02-27 15:59:35,1,2026-02-27 15:59:35,2505274.0,NORMAL,MISSING,MISSING,ALARM_SRC_0969,AR,2026.0,2.0,4.0,15.0
CRITICAL,PHYSICAL PORT DOWN,2026-02-27 17:15:06,1,2026-02-27 17:15:06,2505274.0,NORMAL,MISSING,MISSING,ALARM_SRC_0750,AR,2026.0,2.0,4.0,17.0
CRITICAL,PHYSICAL PORT DOWN,2026-02-27 17:44:54,1,2026-02-27 17:44:54,2505274.0,NORMAL,MISSING,MISSING,ALARM_SRC_1095,AR,2026.0,2.0,4.0,17.0
CRITICAL,PHYSICAL PORT DOWN,2026-02-27 18:08:56,1,2026-02-27 18:08:56,2505274.0,NORMAL,MISSING,MISSING,ALARM_SRC_0824,AR,2026.0,2.0,4.0,18.0
CRITICAL,PHYSICAL PORT DOWN,2026-02-27 18:22:26,1,2026-02-27 18:22:26,2505274.0,NORMAL,MISSING,MISSING,ALARM_SRC_0035,AG,2026.0,2.0,4.0,18.0
CRITICAL,THE DEVICE IS OFFLINE,2026-02-27 18:51:36,1,2026-02-27 18:51:36,7.0,NORMAL,MISSING,MISSING,ALARM_SRC_0812,AR,2026.0,2.0,4.0,18.0
CRITICAL,PHYSICAL PORT DOWN,2026-02-28 11:23:46,1,2026-02-28 11:23:46,2505274.0,NORMAL,MISSING,MISSING,ALARM_SRC_0476,AR,2026.0,2.0,5.0,11.0
CRITICAL,PHYSICAL PORT DOWN,2026-02-28 11:23:46,1,2026-02-28 11:23:46,2505274.0,NORMAL,MISSING,MISSING,ALARM_SRC_0476,AR,2026.0,2.0,5.0,11.0
CRITICAL,PHYSICAL PORT DOWN,2026-02-28 11:23:46,1,2026-02-28 11:23:46,2505274.0,NORMAL,MISSING,MISSING,ALARM_SRC_0476,AR,2026.0,2.0,5.0,11.0
CRITICAL,PHYSICAL PORT DOWN,2026-02-28 13:27:29,1,2026-02-28 13:27:29,2505274.0,NORMAL,MISSING,MISSING,ALARM_SRC_0855,AR,2026.0,2.0,5.0,13.0
CRITICAL,PHYSICAL PORT DOWN,2026-02-28 13:41:50,1,2026-02-28 13:41:50,2505274.0,NORMAL,MISSING,MISSING,ALARM_SRC_0855,AR,2026.0,2.0,5.0,13.0
CRITICAL,PHYSICAL PORT DOWN,2026-02-28 14:40:45,1,2026-02-28 14:40:45,2505274.0,NORMAL,MISSING,MISSING,ALARM_SRC_0063,AG,2026.0,2.0,5.0,14.0
CRITICAL,PHYSICAL PORT DOWN,2026-02-28 15:02:23,1,2026-02-28 15:02:23,2505274.0,NORMAL,MISSING,MISSING,ALARM_SRC_0063,AG,2026.0,2.0,5.0,15.0
CRITICAL,PHYSICAL PORT DOWN,2026-02-28 15:34:42,1,2026-02-28 15:34:42,2505274.0,NORMAL,MISSING,MISSING,ALARM_SRC_1057,AR,2026.0,2.0,5.0,15.0
CRITICAL,PHYSICAL PORT DOWN,2026-02-28 20:39:35,1,2026-02-28 20:39:35,2505274.0,NORMAL,MISSING,MISSING,ALARM_SRC_0050,AG,2026.0,2.0,5.0,20.0
CRITICAL,PHYSICAL PORT DOWN,2026-02-28 22:51:18,1,2026-02-28 22:51:18,2505274.0,NORMAL,MISSING,MISSING,ALARM_SRC_0378,AR,2026.0,2.0,5.0,22.0
CRITICAL,PHYSICAL PORT DOWN,2026-02-28 23:27:52,1,2026-02-28 23:27:52,2505274.0,NORMAL,MISSING,MISSING,ALARM_SRC_0378,AR,2026.0,2.0,5.0,23.0
CRITICAL,PHYSICAL PORT DOWN,2026-03-01 16:14:16,1,2026-03-01 16:14:16,2505274.0,NORMAL,MISSING,MISSING,ALARM_SRC_0172,AR,2026.0,3.0,6.0,16.0
CRITICAL,PHYSICAL PORT DOWN,2026-03-01 16:14:16,1,2026-03-01 16:14:16,2505274.0,NORMAL,MISSING,MISSING,ALARM_SRC_0172,AR,2026.0,3.0,6.0,16.0
CRITICAL,THE DEVICE IS OFFLINE,2026-03-01 18:49:58,1,2026-03-01 18:49:58,7.0,NORMAL,MISSING,MISSING,ALARM_SRC_0934,AR,2026.0,3.0,6.0,18.0
CRITICAL,PHYSICAL PORT DOWN,2026-03-02 13:26:53,1,2026-03-02 13:26:53,2505274.0,NORMAL,MISSING,MISSING,ALARM_SRC_0574,AR,2026.0,3.0,0.0,13.0
CRITICAL,PHYSICAL PORT DOWN,2026-03-02 19:34:38,1,2026-03-02 19:34:38,2505274.0,NORMAL,MISSING,MISSING,ALARM_SRC_0616,AR,2026.0,3.0,0.0,19.0
CRITICAL,PHYSICAL PORT DOWN,2026-03-03 06:19:16,1,2026-03-03 06:19:16,2505274.0,NORMAL,MISSING,MISSING,ALARM_SRC_1143,AR,2026.0,3.0,1.0,6.0
CRITICAL,PHYSICAL PORT DOWN,2026-03-03 06:30:59,1,2026-03-03 06:30:59,2505274.0,NORMAL,MISSING,MISSING,ALARM_SRC_0171,AR,2026.0,3.0,1.0,6.0
CRITICAL,PHYSICAL PORT DOWN,2026-03-03 14:34:55,1,2026-03-03 14:34:55,2505274.0,NORMAL,MISSING,MISSING,ALARM_SRC_1011,AR,2026.0,3.0,1.0,14.0
CRITICAL,PHYSICAL PORT DOWN,2026-03-03 18:02:30,1,2026-03-03 18:02:30,2505274.0,NORMAL,MISSING,MISSING,ALARM_SRC_0225,AR,2026.0,3.0,1.0,18.0
CRITICAL,PHYSICAL PORT DOWN,2026-03-04 12:08:00,1,2026-03-04 12:08:00,2505274.0,NORMAL,MISSING,MISSING,ALARM_SRC_0017,AG,2026.0,3.0,2.0,12.0
CRITICAL,PHYSICAL PORT DOWN,2026-03-04 12:08:00,1,2026-03-04 12:08:00,2505274.0,NORMAL,MISSING,MISSING,ALARM_SRC_0017,AG,2026.0,3.0,2.0,12.0
CRITICAL,PHYSICAL PORT DOWN,2026-03-05 08:07:54,1,2026-03-05 08:07:54,2505274.0,NORMAL,MISSING,MISSING,ALARM_SRC_0455,AR,2026.0,3.0,3.0,8.0
CRITICAL,PHYSICAL PORT DOWN,2026-03-05 08:16:34,1,2026-03-05 08:16:34,2505274.0,NORMAL,MISSING,MISSING,ALARM_SRC_0346,AR,2026.0,3.0,3.0,8.0
CRITICAL,PHYSICAL PORT DOWN,2026-03-05 08:16:34,1,2026-03-05 08:16:34,2505274.0,NORMAL,MISSING,MISSING,ALARM_SRC_0346,AR,2026.0,3.0,3.0,8.0
CRITICAL,PHYSICAL PORT DOWN,2026-03-05 12:37:37,1,2026-03-05 12:37:37,2505274.0,NORMAL,MISSING,MISSING,ALARM_SRC_0771,AR,2026.0,3.0,3.0,12.0
CRITICAL,PHYSICAL PORT DOWN,2026-03-05 12:40:02,1,2026-03-05 12:40:02,2505274.0,NORMAL,MISSING,MISSING,ALARM_SRC_0949,AR,2026.0,3.0,3.0,12.0
CRITICAL,PHYSICAL PORT DOWN,2026-03-05 13:08:07,1,2026-03-05 13:08:07,2505274.0,NORMAL,MISSING,MISSING,ALARM_SRC_0494,AR,2026.0,3.0,3.0,13.0
CRITICAL,PHYSICAL PORT DOWN,2026-03-05 15:27:41,1,2026-03-05 15:27:41,2505274.0,NORMAL,MISSING,MISSING,ALARM_SRC_0634,AR,2026.0,3.0,3.0,15.0
CRITICAL,PHYSICAL PORT DOWN,2026-03-05 15:41:12,1,2026-03-05 15:41:12,2505274.0,NORMAL,MISSING,MISSING,ALARM_SRC_0873,AR,2026.0,3.0,3.0,15.0
CRITICAL,PHYSICAL PORT DOWN,2026-03-05 17:03:00,1,2026-03-05 17:03:00,2505274.0,NORMAL,MISSING,MISSING,ALARM_SRC_0218,AR,2026.0,3.0,3.0,17.0
CRITICAL,PHYSICAL PORT DOWN,2026-03-05 20:08:20,1,2026-03-05 20:08:20,2505274.0,NORMAL,MISSING,MISSING,ALARM_SRC_1175,CP,2026.0,3.0,3.0,20.0
CRITICAL,PHYSICAL PORT DOWN,2026-03-06 07:29:34,1,2026-03-06 07:29:34,2505274.0,NORMAL,MISSING,MISSING,ALARM_SRC_1021,AR,2026.0,3.0,4.0,7.0
CRITICAL,PHYSICAL PORT DOWN,2026-03-06 09:40:30,1,2026-03-06 09:40:30,2505274.0,NORMAL,MISSING,MISSING,ALARM_SRC_0405,AR,2026.0,3.0,4.0,9.0
CRITICAL,PHYSICAL PORT DOWN,2026-03-06 10:30:11,1,2026-03-06 10:30:11,2505274.0,NORMAL,MISSING,MISSING,ALARM_SRC_0447,AR,2026.0,3.0,4.0,10.0
CRITICAL,PHYSICAL PORT DOWN,2026-03-06 12:18:51,1,2026-03-06 12:18:51,2505274.0,NORMAL,MISSING,MISSING,ALARM_SRC_0917,AR,2026.0,3.0,4.0,12.0
CRITICAL,PHYSICAL PORT DOWN,2026-03-06 12:20:09,1,2026-03-06 12:20:09,2505274.0,NORMAL,MISSING,MISSING,ALARM_SRC_0135,AR,2026.0,3.0,4.0,12.0
CRITICAL,PHYSICAL PORT DOWN,2026-03-06 12:59:43,1,2026-03-06 12:59:43,2505274.0,NORMAL,MISSING,MISSING,ALARM_SRC_0633,AR,2026.0,3.0,4.0,12.0
CRITICAL,PHYSICAL PORT DOWN,2026-03-06 14:02:57,1,2026-03-06 14:02:57,2505274.0,NORMAL,MISSING,MISSING,ALARM_SRC_0264,AR,2026.0,3.0,4.0,14.0
CRITICAL,PHYSICAL PORT DOWN,2026-03-06 16:04:35,1,2026-03-06 16:04:35,2505274.0,NORMAL,MISSING,MISSING,ALARM_SRC_0908,AR,2026.0,3.0,4.0,16.0
CRITICAL,PHYSICAL PORT DOWN,2026-03-06 16:14:27,1,2026-03-06 16:14:27,2505274.0,NORMAL,MISSING,MISSING,ALARM_SRC_0909,AR,2026.0,3.0,4.0,16.0
CRITICAL,PHYSICAL PORT DOWN,2026-03-06 16:28:45,1,2026-03-06 16:28:45,2505274.0,NORMAL,MISSING,MISSING,ALARM_SRC_0844,AR,2026.0,3.0,4.0,16.0
CRITICAL,PHYSICAL PORT DOWN,2026-03-06 16:41:13,1,2026-03-06 16:41:13,2505274.0,NORMAL,MISSING,MISSING,ALARM_SRC_0908,AR,2026.0,3.0,4.0,16.0
CRITICAL,PHYSICAL PORT DOWN,2026-03-06 17:08:50,1,2026-03-06 17:08:50,2505274.0,NORMAL,MISSING,MISSING,ALARM_SRC_0908,AR,2026.0,3.0,4.0,17.0
CRITICAL,PHYSICAL PORT DOWN,2026-03-06 17:49:15,1,2026-03-06 17:49:15,2505274.0,NORMAL,MISSING,MISSING,ALARM_SRC_0633,AR,2026.0,3.0,4.0,17.0
CRITICAL,PHYSICAL PORT DOWN,2026-03-06 18:01:24,1,2026-03-06 18:01:24,2505274.0,NORMAL,MISSING,MISSING,ALARM_SRC_0627,AR,2026.0,3.0,4.0,18.0
CRITICAL,PHYSICAL PORT DOWN,2026-03-06 18:14:09,1,2026-03-06 18:14:09,2505274.0,NORMAL,MISSING,MISSING,ALARM_SRC_0633,AR,2026.0,3.0,4.0,18.0
CRITICAL,PHYSICAL PORT DOWN,2026-03-06 18:14:09,1,2026-03-06 18:14:09,2505274.0,NORMAL,MISSING,MISSING,ALARM_SRC_0626,AR,2026.0,3.0,4.0,18.0
CRITICAL,PHYSICAL PORT DOWN,2026-03-06 18:23:40,1,2026-03-06 18:23:40,2505274.0,NORMAL,MISSING,MISSING,ALARM_SRC_0061,AG,2026.0,3.0,4.0,18.0
CRITICAL,PHYSICAL PORT DOWN,2026-03-06 22:07:36,1,2026-03-06 22:07:36,2505274.0,NORMAL,MISSING,MISSING,ALARM_SRC_0627,AR,2026.0,3.0,4.0,22.0
CRITICAL,PHYSICAL PORT DOWN,2026-03-06 23:55:21,1,2026-03-06 23:55:21,2505274.0,NORMAL,MISSING,MISSING,ALARM_SRC_0126,AG,2026.0,3.0,4.0,23.0
CRITICAL,PHYSICAL PORT DOWN,2026-03-07 09:18:53,1,2026-03-07 09:18:53,2505274.0,NORMAL,MISSING,MISSING,ALARM_SRC_0627,AR,2026.0,3.0,5.0,9.0
CRITICAL,PHYSICAL PORT DOWN,2026-03-07 10:58:04,1,2026-03-07 10:58:04,2505274.0,NORMAL,MISSING,MISSING,ALARM_SRC_0585,AR,2026.0,3.0,5.0,10.0
CRITICAL,PHYSICAL PORT DOWN,2026-03-07 11:13:01,1,2026-03-07 11:13:01,2505274.0,NORMAL,MISSING,MISSING,ALARM_SRC_0015,AG,2026.0,3.0,5.0,11.0
CRITICAL,PHYSICAL PORT DOWN,2026-03-07 11:13:04,1,2026-03-07 11:13:04,2505274.0,NORMAL,MISSING,MISSING,ALARM_SRC_0015,AG,2026.0,3.0,5.0,11.0
CRITICAL,PHYSICAL PORT DOWN,2026-03-07 11:16:07,1,2026-03-07 11:16:07,2505274.0,NORMAL,MISSING,MISSING,ALARM_SRC_0877,AR,2026.0,3.0,5.0,11.0
CRITICAL,PHYSICAL PORT DOWN,2026-03-07 11:26:12,1,2026-03-07 11:26:12,2505274.0,NORMAL,MISSING,MISSING,ALARM_SRC_0877,AR,2026.0,3.0,5.0,11.0
CRITICAL,PHYSICAL PORT DOWN,2026-03-07 11:36:44,1,2026-03-07 11:36:44,2505274.0,NORMAL,MISSING,MISSING,ALARM_SRC_0877,AR,2026.0,3.0,5.0,11.0
CRITICAL,PHYSICAL PORT DOWN,2026-03-07 11:43:26,1,2026-03-07 11:43:26,2505274.0,NORMAL,MISSING,MISSING,ALARM_SRC_0877,AR,2026.0,3.0,5.0,11.0
CRITICAL,PHYSICAL PORT DOWN,2026-03-07 11:58:59,1,2026-03-07 11:58:59,2505274.0,NORMAL,MISSING,MISSING,ALARM_SRC_0877,AR,2026.0,3.0,5.0,11.0
CRITICAL,PHYSICAL PORT DOWN,2026-03-07 12:15:49,1,2026-03-07 12:15:49,2505274.0,NORMAL,MISSING,MISSING,ALARM_SRC_0878,AR,2026.0,3.0,5.0,12.0
CRITICAL,PHYSICAL PORT DOWN,2026-03-07 12:41:27,1,2026-03-07 12:41:27,2505274.0,NORMAL,MISSING,MISSING,ALARM_SRC_0910,AR,2026.0,3.0,5.0,12.0
CRITICAL,PHYSICAL PORT DOWN,2026-03-07 13:14:55,1,2026-03-07 13:14:55,2505274.0,NORMAL,MISSING,MISSING,ALARM_SRC_0910,AR,2026.0,3.0,5.0,13.0
CRITICAL,PHYSICAL PORT DOWN,2026-03-07 13:18:09,1,2026-03-07 13:18:09,2505274.0,NORMAL,MISSING,MISSING,ALARM_SRC_0910,AR,2026.0,3.0,5.0,13.0
CRITICAL,PHYSICAL PORT DOWN,2026-03-07 13:25:44,1,2026-03-07 13:25:44,2505274.0,NORMAL,MISSING,MISSING,ALARM_SRC_0910,AR,2026.0,3.0,5.0,13.0
CRITICAL,PHYSICAL PORT DOWN,2026-03-07 13:34:37,1,2026-03-07 13:34:37,2505274.0,NORMAL,MISSING,MISSING,ALARM_SRC_0910,AR,2026.0,3.0,5.0,13.0
CRITICAL,PHYSICAL PORT DOWN,2026-03-07 13:44:16,1,2026-03-07 13:44:16,2505274.0,NORMAL,MISSING,MISSING,ALARM_SRC_0910,AR,2026.0,3.0,5.0,13.0
CRITICAL,PHYSICAL PORT DOWN,2026-03-07 14:11:54,1,2026-03-07 14:11:54,2505274.0,NORMAL,MISSING,MISSING,ALARM_SRC_0911,AR,2026.0,3.0,5.0,14.0
CRITICAL,PHYSICAL PORT DOWN,2026-03-07 14:18:47,1,2026-03-07 14:18:47,2505274.0,NORMAL,MISSING,MISSING,ALARM_SRC_0828,AR,2026.0,3.0,5.0,14.0
CRITICAL,PHYSICAL PORT DOWN,2026-03-07 16:42:30,1,2026-03-07 16:42:30,2505274.0,NORMAL,MISSING,MISSING,ALARM_SRC_0594,AR,2026.0,3.0,5.0,16.0
CRITICAL,PHYSICAL PORT DOWN,2026-03-07 17:10:13,1,2026-03-07 17:10:13,2505274.0,NORMAL,MISSING,MISSING,ALARM_SRC_0599,AR,2026.0,3.0,5.0,17.0
CRITICAL,PHYSICAL PORT DOWN,2026-03-08 16:50:23,1,2026-03-08 16:50:23,2505274.0,NORMAL,MISSING,MISSING,ALARM_SRC_1050,AR,2026.0,3.0,6.0,16.0
CRITICAL,PHYSICAL PORT DOWN,2026-03-08 17:13:07,1,2026-03-08 17:13:07,2505274.0,NORMAL,MISSING,MISSING,ALARM_SRC_0952,AR,2026.0,3.0,6.0,17.0
CRITICAL,PHYSICAL PORT DOWN,2026-03-09 09:58:40,1,2026-03-09 09:58:40,2505274.0,NORMAL,MISSING,MISSING,ALARM_SRC_0806,AR,2026.0,3.0,0.0,9.0
CRITICAL,PHYSICAL PORT DOWN,2026-03-09 11:56:41,1,2026-03-09 11:56:41,2505274.0,NORMAL,MISSING,MISSING,ALARM_SRC_0910,AR,2026.0,3.0,0.0,11.0
CRITICAL,PHYSICAL PORT DOWN,2026-03-09 14:09:14,1,2026-03-09 14:09:14,2505274.0,NORMAL,MISSING,MISSING,ALARM_SRC_1069,AR,2026.0,3.0,0.0,14.0
CRITICAL,PHYSICAL PORT DOWN,2026-03-09 14:38:20,1,2026-03-09 14:38:20,2505274.0,NORMAL,MISSING,MISSING,ALARM_SRC_0843,AR,2026.0,3.0,0.0,14.0
CRITICAL,PHYSICAL PORT DOWN,2026-03-09 15:59:45,1,2026-03-09 15:59:45,2505274.0,NORMAL,MISSING,MISSING,ALARM_SRC_0880,AR,2026.0,3.0,0.0,15.0
CRITICAL,PHYSICAL PORT DOWN,2026-03-09 16:21:59,1,2026-03-09 16:21:59,2505274.0,NORMAL,MISSING,MISSING,ALARM_SRC_0952,AR,2026.0,3.0,0.0,16.0
CRITICAL,PHYSICAL PORT DOWN,2026-03-09 17:34:21,1,2026-03-09 17:34:21,2505274.0,NORMAL,MISSING,MISSING,ALARM_SRC_1000,AR,2026.0,3.0,0.0,17.0
CRITICAL,PHYSICAL PORT DOWN,2026-03-10 03:21:37,1,2026-03-10 03:21:37,2505274.0,NORMAL,MISSING,MISSING,ALARM_SRC_1004,AR,2026.0,3.0,1.0,3.0
CRITICAL,PHYSICAL PORT DOWN,2026-03-10 13:01:05,1,2026-03-10 13:01:05,2505274.0,NORMAL,MISSING,MISSING,ALARM_SRC_1120,AR,2026.0,3.0,1.0,13.0
CRITICAL,PHYSICAL PORT DOWN,2026-03-10 13:06:42,1,2026-03-10 13:06:42,2505274.0,NORMAL,MISSING,MISSING,ALARM_SRC_0128,AG,2026.0,3.0,1.0,13.0
CRITICAL,PHYSICAL PORT DOWN,2026-03-10 14:19:36,1,2026-03-10 14:19:36,2505274.0,NORMAL,MISSING,MISSING,ALARM_SRC_1096,AR,2026.0,3.0,1.0,14.0
CRITICAL,PHYSICAL PORT DOWN,2026-03-10 15:36:54,1,2026-03-10 15:36:54,2505274.0,NORMAL,MISSING,MISSING,ALARM_SRC_0128,AG,2026.0,3.0,1.0,15.0
CRITICAL,PHYSICAL PORT DOWN,2026-03-10 18:01:25,1,2026-03-10 18:01:25,2505274.0,NORMAL,MISSING,MISSING,ALARM_SRC_1186,CP,2026.0,3.0,1.0,18.0
CRITICAL,PHYSICAL PORT DOWN,2026-03-10 20:28:13,1,2026-03-10 20:28:13,2505274.0,NORMAL,MISSING,MISSING,ALARM_SRC_0719,AR,2026.0,3.0,1.0,20.0
CRITICAL,PHYSICAL PORT DOWN,2026-03-11 00:59:35,1,2026-03-11 00:59:35,2505274.0,NORMAL,MISSING,MISSING,ALARM_SRC_0764,AR,2026.0,3.0,2.0,0.0
CRITICAL,THE DEVICE IS OFFLINE,2026-03-11 11:15:06,1,2026-03-11 11:15:06,7.0,NORMAL,MISSING,MISSING,ALARM_SRC_0959,AR,2026.0,3.0,2.0,11.0
CRITICAL,PHYSICAL PORT DOWN,2026-03-11 11:34:54,1,2026-03-11 11:34:54,2505274.0,NORMAL,MISSING,MISSING,ALARM_SRC_0818,AR,2026.0,3.0,2.0,11.0
CRITICAL,PHYSICAL PORT DOWN,2026-03-11 12:24:25,1,2026-03-11 12:24:25,2505274.0,NORMAL,MISSING,MISSING,ALARM_SRC_0952,AR,2026.0,3.0,2.0,12.0
CRITICAL,PHYSICAL PORT DOWN,2026-03-11 12:28:02,1,2026-03-11 12:28:02,2505274.0,NORMAL,MISSING,MISSING,ALARM_SRC_1154,AR,2026.0,3.0,2.0,12.0
CRITICAL,PHYSICAL PORT DOWN,2026-03-11 13:55:48,1,2026-03-11 13:55:48,2505274.0,NORMAL,MISSING,MISSING,ALARM_SRC_0912,AR,2026.0,3.0,2.0,13.0
CRITICAL,PHYSICAL PORT DOWN,2026-03-11 14:05:04,1,2026-03-11 14:05:04,2505274.0,NORMAL,MISSING,MISSING,ALARM_SRC_0951,AR,2026.0,3.0,2.0,14.0
CRITICAL,PHYSICAL PORT DOWN,2026-03-11 14:57:00,1,2026-03-11 14:57:00,2505274.0,NORMAL,MISSING,MISSING,ALARM_SRC_0906,AR,2026.0,3.0,2.0,14.0
CRITICAL,PHYSICAL PORT DOWN,2026-03-11 15:12:37,1,2026-03-11 15:12:37,2505274.0,NORMAL,MISSING,MISSING,ALARM_SRC_0912,AR,2026.0,3.0,2.0,15.0
CRITICAL,PHYSICAL PORT DOWN,2026-03-11 20:28:27,1,2026-03-11 20:28:27,2505274.0,NORMAL,MISSING,MISSING,ALARM_SRC_0960,AR,2026.0,3.0,2.0,20.0
CRITICAL,PHYSICAL PORT DOWN,2026-03-11 20:30:42,1,2026-03-11 20:30:42,2505274.0,NORMAL,MISSING,MISSING,ALARM_SRC_0986,AR,2026.0,3.0,2.0,20.0
CRITICAL,PHYSICAL PORT DOWN,2026-03-11 20:36:32,1,2026-03-11 20:36:32,2505274.0,NORMAL,MISSING,MISSING,ALARM_SRC_0986,AR,2026.0,3.0,2.0,20.0
CRITICAL,PHYSICAL PORT DOWN,2026-03-11 20:47:21,1,2026-03-11 20:47:21,2505274.0,NORMAL,MISSING,MISSING,ALARM_SRC_0986,AR,2026.0,3.0,2.0,20.0
CRITICAL,PHYSICAL PORT DOWN,2026-03-11 20:48:35,1,2026-03-11 20:48:35,2505274.0,NORMAL,MISSING,MISSING,ALARM_SRC_0986,AR,2026.0,3.0,2.0,20.0
CRITICAL,PHYSICAL PORT DOWN,2026-03-11 20:50:00,1,2026-03-11 20:50:00,2505274.0,NORMAL,MISSING,MISSING,ALARM_SRC_0986,AR,2026.0,3.0,2.0,20.0
CRITICAL,PHYSICAL PORT DOWN,2026-03-11 21:27:15,1,2026-03-11 21:27:15,2505274.0,NORMAL,MISSING,MISSING,ALARM_SRC_0986,AR,2026.0,3.0,2.0,21.0
CRITICAL,PHYSICAL PORT DOWN,2026-03-12 09:30:28,1,2026-03-12 09:30:28,2505274.0,NORMAL,MISSING,MISSING,ALARM_SRC_0378,AR,2026.0,3.0,3.0,9.0
CRITICAL,PHYSICAL PORT DOWN,2026-03-12 09:47:51,1,2026-03-12 09:47:51,2505274.0,NORMAL,MISSING,MISSING,ALARM_SRC_0952,AR,2026.0,3.0,3.0,9.0
CRITICAL,PHYSICAL PORT DOWN,2026-03-12 12:14:05,1,2026-03-12 12:14:05,2505274.0,NORMAL,MISSING,MISSING,ALARM_SRC_0986,AR,2026.0,3.0,3.0,12.0
CRITICAL,PHYSICAL PORT DOWN,2026-03-12 12:14:44,1,2026-03-12 12:14:44,2505274.0,NORMAL,MISSING,MISSING,ALARM_SRC_0986,AR,2026.0,3.0,3.0,12.0
CRITICAL,PHYSICAL PORT DOWN,2026-03-12 12:14:44,1,2026-03-12 12:14:44,2505274.0,NORMAL,MISSING,MISSING,ALARM_SRC_0986,AR,2026.0,3.0,3.0,12.0
CRITICAL,PHYSICAL PORT DOWN,2026-03-12 14:11:33,1,2026-03-12 14:11:33,2505274.0,NORMAL,MISSING,MISSING,ALARM_SRC_0300,AR,2026.0,3.0,3.0,14.0
CRITICAL,PHYSICAL PORT DOWN,2026-03-12 15:29:58,1,2026-03-12 15:29:58,2505274.0,NORMAL,MISSING,MISSING,ALARM_SRC_0603,AR,2026.0,3.0,3.0,15.0
CRITICAL,PHYSICAL PORT DOWN,2026-03-12 17:21:28,1,2026-03-12 17:21:28,2505274.0,NORMAL,MISSING,MISSING,ALARM_SRC_0314,AR,2026.0,3.0,3.0,17.0
CRITICAL,PHYSICAL PORT DOWN,2026-03-12 17:29:32,1,2026-03-12 17:29:32,2505274.0,NORMAL,MISSING,MISSING,ALARM_SRC_0489,AR,2026.0,3.0,3.0,17.0
CRITICAL,PHYSICAL PORT DOWN,2026-03-12 17:31:31,1,2026-03-12 17:31:31,2505274.0,NORMAL,MISSING,MISSING,ALARM_SRC_0595,AR,2026.0,3.0,3.0,17.0
CRITICAL,PHYSICAL PORT DOWN,2026-03-12 17:55:30,1,2026-03-12 17:55:30,2505274.0,NORMAL,MISSING,MISSING,ALARM_SRC_0489,AR,2026.0,3.0,3.0,17.0
CRITICAL,PHYSICAL PORT DOWN,2026-03-12 18:47:22,1,2026-03-12 18:47:22,2505274.0,NORMAL,MISSING,MISSING,ALARM_SRC_0907,AR,2026.0,3.0,3.0,18.0
CRITICAL,PHYSICAL PORT DOWN,2026-03-12 21:43:41,1,2026-03-12 21:43:41,2505274.0,NORMAL,MISSING,MISSING,ALARM_SRC_0744,AR,2026.0,3.0,3.0,21.0
CRITICAL,THE DEVICE IS OFFLINE,2026-03-12 23:41:21,1,2026-03-12 23:41:21,7.0,NORMAL,MISSING,MISSING,ALARM_SRC_0228,AR,2026.0,3.0,3.0,23.0
CRITICAL,THE DEVICE IS OFFLINE,2026-03-12 23:41:21,1,2026-03-12 23:41:21,7.0,NORMAL,MISSING,MISSING,ALARM_SRC_0238,AR,2026.0,3.0,3.0,23.0
CRITICAL,PHYSICAL PORT DOWN,2026-03-12 23:41:37,1,2026-03-12 23:41:37,2505274.0,NORMAL,MISSING,MISSING,ALARM_SRC_0012,AG,2026.0,3.0,3.0,23.0
CRITICAL,PHYSICAL PORT DOWN,2026-03-12 23:41:37,1,2026-03-12 23:41:37,2505274.0,NORMAL,MISSING,MISSING,ALARM_SRC_0012,AG,2026.0,3.0,3.0,23.0
CRITICAL,PHYSICAL PORT DOWN,2026-03-12 23:41:37,1,2026-03-12 23:41:37,2505274.0,NORMAL,MISSING,MISSING,ALARM_SRC_0012,AG,2026.0,3.0,3.0,23.0
CRITICAL,THE DEVICE IS OFFLINE,2026-03-12 23:42:58,1,2026-03-12 23:42:58,7.0,NORMAL,MISSING,MISSING,ALARM_SRC_0249,AR,2026.0,3.0,3.0,23.0
CRITICAL,THE DEVICE IS OFFLINE,2026-03-12 23:42:58,1,2026-03-12 23:42:58,7.0,NORMAL,MISSING,MISSING,ALARM_SRC_0231,AR,2026.0,3.0,3.0,23.0
CRITICAL,THE DEVICE IS OFFLINE,2026-03-12 23:43:08,1,2026-03-12 23:43:08,7.0,NORMAL,MISSING,MISSING,ALARM_SRC_0219,AR,2026.0,3.0,3.0,23.0
CRITICAL,PHYSICAL PORT DOWN,2026-03-13 00:21:20,1,2026-03-13 00:21:20,2505274.0,NORMAL,MISSING,MISSING,ALARM_SRC_0022,AG,2026.0,3.0,4.0,0.0
CRITICAL,PHYSICAL PORT DOWN,2026-03-13 00:26:16,1,2026-03-13 00:26:16,2505274.0,NORMAL,MISSING,MISSING,ALARM_SRC_0022,AG,2026.0,3.0,4.0,0.0
CRITICAL,PHYSICAL PORT DOWN,2026-03-13 00:26:16,1,2026-03-13 00:26:16,2505274.0,NORMAL,MISSING,MISSING,ALARM_SRC_0022,AG,2026.0,3.0,4.0,0.0
CRITICAL,PHYSICAL PORT DOWN,2026-03-13 00:26:16,1,2026-03-13 00:26:16,2505274.0,NORMAL,MISSING,MISSING,ALARM_SRC_0022,AG,2026.0,3.0,4.0,0.0
CRITICAL,THE DEVICE IS OFFLINE,2026-03-13 00:29:49,1,2026-03-13 00:29:49,7.0,NORMAL,MISSING,MISSING,ALARM_SRC_0302,AR,2026.0,3.0,4.0,0.0
CRITICAL,PHYSICAL PORT DOWN,2026-03-13 02:29:54,1,2026-03-13 02:29:54,2505274.0,NORMAL,MISSING,MISSING,ALARM_SRC_1185,CP,2026.0,3.0,4.0,2.0
CRITICAL,PHYSICAL PORT DOWN,2026-03-13 02:29:57,1,2026-03-13 02:29:57,2505274.0,NORMAL,MISSING,MISSING,ALARM_SRC_1181,CP,2026.0,3.0,4.0,2.0
CRITICAL,PHYSICAL PORT DOWN,2026-03-13 05:42:32,1,2026-03-13 05:42:32,2505274.0,NORMAL,MISSING,MISSING,ALARM_SRC_0023,AG,2026.0,3.0,4.0,5.0
CRITICAL,THE DEVICE IS OFFLINE,2026-03-13 09:16:07,1,2026-03-13 09:16:07,7.0,NORMAL,MISSING,MISSING,ALARM_SRC_1130,AR,2026.0,3.0,4.0,9.0
CRITICAL,PHYSICAL PORT DOWN,2026-03-13 10:23:30,1,2026-03-13 10:23:30,2505274.0,NORMAL,MISSING,MISSING,ALARM_SRC_0128,AG,2026.0,3.0,4.0,10.0
CRITICAL,PHYSICAL PORT DOWN,2026-03-13 11:27:58,1,2026-03-13 11:27:58,2505274.0,NORMAL,MISSING,MISSING,ALARM_SRC_1143,AR,2026.0,3.0,4.0,11.0
CRITICAL,PHYSICAL PORT DOWN,2026-03-13 11:28:09,1,2026-03-13 11:28:09,2505274.0,NORMAL,MISSING,MISSING,ALARM_SRC_0128,AG,2026.0,3.0,4.0,11.0
CRITICAL,PHYSICAL PORT DOWN,2026-03-13 11:32:24,1,2026-03-13 11:32:24,2505274.0,NORMAL,MISSING,MISSING,ALARM_SRC_0062,AG,2026.0,3.0,4.0,11.0
CRITICAL,PHYSICAL PORT DOWN,2026-03-13 11:40:58,1,2026-03-13 11:40:58,2505274.0,NORMAL,MISSING,MISSING,ALARM_SRC_1141,AR,2026.0,3.0,4.0,11.0
CRITICAL,PHYSICAL PORT DOWN,2026-03-13 12:47:11,1,2026-03-13 12:47:11,2505274.0,NORMAL,MISSING,MISSING,ALARM_SRC_0396,AR,2026.0,3.0,4.0,12.0
CRITICAL,PHYSICAL PORT DOWN,2026-03-13 12:59:22,1,2026-03-13 12:59:22,2505274.0,NORMAL,MISSING,MISSING,ALARM_SRC_0030,AG,2026.0,3.0,4.0,12.0
CRITICAL,PHYSICAL PORT DOWN,2026-03-13 14:38:57,1,2026-03-13 14:38:57,2505274.0,NORMAL,MISSING,MISSING,ALARM_SRC_1072,AR,2026.0,3.0,4.0,14.0
CRITICAL,PHYSICAL PORT DOWN,2026-03-13 16:27:48,1,2026-03-13 16:27:48,2505274.0,NORMAL,MISSING,MISSING,ALARM_SRC_0333,AR,2026.0,3.0,4.0,16.0
CRITICAL,PHYSICAL PORT DOWN,2026-03-13 18:14:23,1,2026-03-13 18:14:23,2505274.0,NORMAL,MISSING,MISSING,ALARM_SRC_1182,CP,2026.0,3.0,4.0,18.0
CRITICAL,PHYSICAL PORT DOWN,2026-03-13 20:20:20,1,2026-03-13 20:20:20,2505274.0,NORMAL,MISSING,MISSING,ALARM_SRC_0566,AR,2026.0,3.0,4.0,20.0
CRITICAL,PHYSICAL PORT DOWN,2026-03-13 21:40:11,1,2026-03-13 21:40:11,2505274.0,NORMAL,MISSING,MISSING,ALARM_SRC_1173,CP,2026.0,3.0,4.0,21.0
CRITICAL,PHYSICAL PORT DOWN,2026-03-14 09:14:40,1,2026-03-14 09:14:40,2505274.0,NORMAL,MISSING,MISSING,ALARM_SRC_0240,AR,2026.0,3.0,5.0,9.0
CRITICAL,PHYSICAL PORT DOWN,2026-03-14 10:12:27,1,2026-03-14 10:12:27,2505274.0,NORMAL,MISSING,MISSING,ALARM_SRC_0194,AR,2026.0,3.0,5.0,10.0
CRITICAL,PHYSICAL PORT DOWN,2026-03-14 10:15:40,1,2026-03-14 10:15:40,2505274.0,NORMAL,MISSING,MISSING,ALARM_SRC_0074,AG,2026.0,3.0,5.0,10.0
CRITICAL,PHYSICAL PORT DOWN,2026-03-14 12:06:03,1,2026-03-14 12:06:03,2505274.0,NORMAL,MISSING,MISSING,ALARM_SRC_0076,AG,2026.0,3.0,5.0,12.0
CRITICAL,PHYSICAL PORT DOWN,2026-03-14 12:06:34,1,2026-03-14 12:06:34,2505274.0,NORMAL,MISSING,MISSING,ALARM_SRC_0798,AR,2026.0,3.0,5.0,12.0
CRITICAL,PHYSICAL PORT DOWN,2026-03-14 12:32:38,1,2026-03-14 12:32:38,2505274.0,NORMAL,MISSING,MISSING,ALARM_SRC_0556,AR,2026.0,3.0,5.0,12.0
CRITICAL,PHYSICAL PORT DOWN,2026-03-14 12:33:08,1,2026-03-14 12:33:08,2505274.0,NORMAL,MISSING,MISSING,ALARM_SRC_0556,AR,2026.0,3.0,5.0,12.0
CRITICAL,PHYSICAL PORT DOWN,2026-03-14 13:01:30,1,2026-03-14 13:01:30,2505274.0,NORMAL,MISSING,MISSING,ALARM_SRC_0841,AR,2026.0,3.0,5.0,13.0
CRITICAL,PHYSICAL PORT DOWN,2026-03-14 13:01:30,1,2026-03-14 13:01:30,2505274.0,NORMAL,MISSING,MISSING,ALARM_SRC_0798,AR,2026.0,3.0,5.0,13.0
CRITICAL,PHYSICAL PORT DOWN,2026-03-14 14:07:55,1,2026-03-14 14:07:55,2505274.0,NORMAL,MISSING,MISSING,ALARM_SRC_0841,AR,2026.0,3.0,5.0,14.0
CRITICAL,PHYSICAL PORT DOWN,2026-03-14 14:21:07,1,2026-03-14 14:21:07,2505274.0,NORMAL,MISSING,MISSING,ALARM_SRC_0276,AR,2026.0,3.0,5.0,14.0
CRITICAL,PHYSICAL PORT DOWN,2026-03-14 14:36:08,1,2026-03-14 14:36:08,2505274.0,NORMAL,MISSING,MISSING,ALARM_SRC_0734,AR,2026.0,3.0,5.0,14.0
CRITICAL,PHYSICAL PORT DOWN,2026-03-14 16:56:46,1,2026-03-14 16:56:46,2505274.0,NORMAL,MISSING,MISSING,ALARM_SRC_0926,AR,2026.0,3.0,5.0,16.0
CRITICAL,PHYSICAL PORT DOWN,2026-03-14 17:17:14,1,2026-03-14 17:17:14,2505274.0,NORMAL,MISSING,MISSING,ALARM_SRC_0556,AR,2026.0,3.0,5.0,17.0
CRITICAL,PHYSICAL PORT DOWN,2026-03-14 17:29:19,1,2026-03-14 17:29:19,2505274.0,NORMAL,MISSING,MISSING,ALARM_SRC_1021,AR,2026.0,3.0,5.0,17.0
CRITICAL,PHYSICAL PORT DOWN,2026-03-15 01:21:40,1,2026-03-15 01:21:40,2505274.0,NORMAL,MISSING,MISSING,ALARM_SRC_1093,AR,2026.0,3.0,6.0,1.0
CRITICAL,PHYSICAL PORT DOWN,2026-03-15 06:21:21,1,2026-03-15 06:21:21,2505274.0,NORMAL,MISSING,MISSING,ALARM_SRC_1145,AR,2026.0,3.0,6.0,6.0
CRITICAL,PHYSICAL PORT DOWN,2026-03-15 08:19:29,1,2026-03-15 08:19:29,2505274.0,NORMAL,MISSING,MISSING,ALARM_SRC_0347,AR,2026.0,3.0,6.0,8.0
CRITICAL,PHYSICAL PORT DOWN,2026-03-15 08:58:03,1,2026-03-15 08:58:03,2505274.0,NORMAL,MISSING,MISSING,ALARM_SRC_1153,AR,2026.0,3.0,6.0,8.0
CRITICAL,PHYSICAL PORT DOWN,2026-03-15 09:13:34,1,2026-03-15 09:13:34,2505274.0,NORMAL,MISSING,MISSING,ALARM_SRC_0501,AR,2026.0,3.0,6.0,9.0
CRITICAL,THE DEVICE IS OFFLINE,2026-03-15 09:47:23,1,2026-03-15 09:47:23,7.0,NORMAL,MISSING,MISSING,ALARM_SRC_1197,SW,2026.0,3.0,6.0,9.0
CRITICAL,PHYSICAL PORT DOWN,2026-03-15 12:03:15,1,2026-03-15 12:03:15,2505274.0,NORMAL,MISSING,MISSING,ALARM_SRC_1149,AR,2026.0,3.0,6.0,12.0
CRITICAL,PHYSICAL PORT DOWN,2026-03-15 12:03:15,1,2026-03-15 12:03:15,2505274.0,NORMAL,MISSING,MISSING,ALARM_SRC_1149,AR,2026.0,3.0,6.0,12.0
CRITICAL,PHYSICAL PORT DOWN,2026-03-15 12:03:15,1,2026-03-15 12:03:15,2505274.0,NORMAL,MISSING,MISSING,ALARM_SRC_1149,AR,2026.0,3.0,6.0,12.0
CRITICAL,PHYSICAL PORT DOWN,2026-03-15 13:15:18,1,2026-03-15 13:15:18,2505274.0,NORMAL,MISSING,MISSING,ALARM_SRC_0239,AR,2026.0,3.0,6.0,13.0
CRITICAL,PHYSICAL PORT DOWN,2026-03-15 13:56:51,1,2026-03-15 13:56:51,2505274.0,NORMAL,MISSING,MISSING,ALARM_SRC_1179,CP,2026.0,3.0,6.0,13.0
CRITICAL,PHYSICAL PORT DOWN,2026-03-15 13:56:51,1,2026-03-15 13:56:51,2505274.0,NORMAL,MISSING,MISSING,ALARM_SRC_1179,CP,2026.0,3.0,6.0,13.0
CRITICAL,PHYSICAL PORT DOWN,2026-03-15 13:56:51,1,2026-03-15 13:56:51,2505274.0,NORMAL,MISSING,MISSING,ALARM_SRC_1179,CP,2026.0,3.0,6.0,13.0
CRITICAL,PHYSICAL PORT DOWN,2026-03-15 13:56:51,1,2026-03-15 13:56:51,2505274.0,NORMAL,MISSING,MISSING,ALARM_SRC_1179,CP,2026.0,3.0,6.0,13.0
CRITICAL,PHYSICAL PORT DOWN,2026-03-15 13:56:51,1,2026-03-15 13:56:51,2505274.0,NORMAL,MISSING,MISSING,ALARM_SRC_1179,CP,2026.0,3.0,6.0,13.0
CRITICAL,PHYSICAL PORT DOWN,2026-03-15 13:56:51,1,2026-03-15 13:56:51,2505274.0,NORMAL,MISSING,MISSING,ALARM_SRC_1179,CP,2026.0,3.0,6.0,13.0
CRITICAL,PHYSICAL PORT DOWN,2026-03-15 13:56:51,1,2026-03-15 13:56:51,2505274.0,NORMAL,MISSING,MISSING,ALARM_SRC_1179,CP,2026.0,3.0,6.0,13.0
CRITICAL,PHYSICAL PORT DOWN,2026-03-15 13:56:51,1,2026-03-15 13:56:51,2505274.0,NORMAL,MISSING,MISSING,ALARM_SRC_1179,CP,2026.0,3.0,6.0,13.0
CRITICAL,PHYSICAL PORT DOWN,2026-03-15 13:56:51,1,2026-03-15 13:56:51,2505274.0,NORMAL,MISSING,MISSING,ALARM_SRC_1179,CP,2026.0,3.0,6.0,13.0
CRITICAL,PHYSICAL PORT DOWN,2026-03-15 13:56:51,1,2026-03-15 13:56:51,2505274.0,NORMAL,MISSING,MISSING,ALARM_SRC_1179,CP,2026.0,3.0,6.0,13.0
CRITICAL,PHYSICAL PORT DOWN,2026-03-15 13:56:51,1,2026-03-15 13:56:51,2505274.0,NORMAL,MISSING,MISSING,ALARM_SRC_1179,CP,2026.0,3.0,6.0,13.0
CRITICAL,PHYSICAL PORT DOWN,2026-03-15 13:56:51,1,2026-03-15 13:56:51,2505274.0,NORMAL,MISSING,MISSING,ALARM_SRC_1179,CP,2026.0,3.0,6.0,13.0
CRITICAL,PHYSICAL PORT DOWN,2026-03-15 13:56:51,1,2026-03-15 13:56:51,2505274.0,NORMAL,MISSING,MISSING,ALARM_SRC_1179,CP,2026.0,3.0,6.0,13.0
CRITICAL,PHYSICAL PORT DOWN,2026-03-15 13:56:51,1,2026-03-15 13:56:51,2505274.0,NORMAL,MISSING,MISSING,ALARM_SRC_1179,CP,2026.0,3.0,6.0,13.0
CRITICAL,PHYSICAL PORT DOWN,2026-03-15 13:56:51,1,2026-03-15 13:56:51,2505274.0,NORMAL,MISSING,MISSING,ALARM_SRC_1179,CP,2026.0,3.0,6.0,13.0
CRITICAL,PHYSICAL PORT DOWN,2026-03-15 13:56:51,1,2026-03-15 13:56:51,2505274.0,NORMAL,MISSING,MISSING,ALARM_SRC_1179,CP,2026.0,3.0,6.0,13.0
CRITICAL,PHYSICAL PORT DOWN,2026-03-15 13:56:51,1,2026-03-15 13:56:51,2505274.0,NORMAL,MISSING,MISSING,ALARM_SRC_1179,CP,2026.0,3.0,6.0,13.0
CRITICAL,PHYSICAL PORT DOWN,2026-03-15 13:56:51,1,2026-03-15 13:56:51,2505274.0,NORMAL,MISSING,MISSING,ALARM_SRC_1179,CP,2026.0,3.0,6.0,13.0
CRITICAL,PHYSICAL PORT DOWN,2026-03-15 13:56:51,1,2026-03-15 13:56:51,2505274.0,NORMAL,MISSING,MISSING,ALARM_SRC_1179,CP,2026.0,3.0,6.0,13.0
CRITICAL,PHYSICAL PORT DOWN,2026-03-15 13:56:51,1,2026-03-15 13:56:51,2505274.0,NORMAL,MISSING,MISSING,ALARM_SRC_1179,CP,2026.0,3.0,6.0,13.0
CRITICAL,PHYSICAL PORT DOWN,2026-03-15 13:56:51,1,2026-03-15 13:56:51,2505274.0,NORMAL,MISSING,MISSING,ALARM_SRC_1179,CP,2026.0,3.0,6.0,13.0
CRITICAL,PHYSICAL PORT DOWN,2026-03-15 13:56:51,1,2026-03-15 13:56:51,2505274.0,NORMAL,MISSING,MISSING,ALARM_SRC_1179,CP,2026.0,3.0,6.0,13.0
CRITICAL,PHYSICAL PORT DOWN,2026-03-15 13:56:51,1,2026-03-15 13:56:51,2505274.0,NORMAL,MISSING,MISSING,ALARM_SRC_1179,CP,2026.0,3.0,6.0,13.0
CRITICAL,PHYSICAL PORT DOWN,2026-03-15 13:56:51,1,2026-03-15 13:56:51,2505274.0,NORMAL,MISSING,MISSING,ALARM_SRC_1179,CP,2026.0,3.0,6.0,13.0
CRITICAL,PHYSICAL PORT DOWN,2026-03-15 13:56:51,1,2026-03-15 13:56:51,2505274.0,NORMAL,MISSING,MISSING,ALARM_SRC_1179,CP,2026.0,3.0,6.0,13.0
CRITICAL,PHYSICAL PORT DOWN,2026-03-15 13:56:51,1,2026-03-15 13:56:51,2505274.0,NORMAL,MISSING,MISSING,ALARM_SRC_1179,CP,2026.0,3.0,6.0,13.0
CRITICAL,PHYSICAL PORT DOWN,2026-03-15 13:56:51,1,2026-03-15 13:56:51,2505274.0,NORMAL,MISSING,MISSING,ALARM_SRC_1179,CP,2026.0,3.0,6.0,13.0
CRITICAL,PHYSICAL PORT DOWN,2026-03-15 13:56:51,1,2026-03-15 13:56:51,2505274.0,NORMAL,MISSING,MISSING,ALARM_SRC_1179,CP,2026.0,3.0,6.0,13.0
CRITICAL,PHYSICAL PORT DOWN,2026-03-15 13:56:54,1,2026-03-15 13:56:54,2505274.0,NORMAL,MISSING,MISSING,ALARM_SRC_1179,CP,2026.0,3.0,6.0,13.0
CRITICAL,PHYSICAL PORT DOWN,2026-03-15 13:56:54,1,2026-03-15 13:56:54,2505274.0,NORMAL,MISSING,MISSING,ALARM_SRC_1179,CP,2026.0,3.0,6.0,13.0
CRITICAL,PHYSICAL PORT DOWN,2026-03-15 13:56:54,1,2026-03-15 13:56:54,2505274.0,NORMAL,MISSING,MISSING,ALARM_SRC_1179,CP,2026.0,3.0,6.0,13.0
CRITICAL,PHYSICAL PORT DOWN,2026-03-15 13:56:54,1,2026-03-15 13:56:54,2505274.0,NORMAL,MISSING,MISSING,ALARM_SRC_1179,CP,2026.0,3.0,6.0,13.0
CRITICAL,PHYSICAL PORT DOWN,2026-03-15 13:56:54,1,2026-03-15 13:56:54,2505274.0,NORMAL,MISSING,MISSING,ALARM_SRC_1179,CP,2026.0,3.0,6.0,13.0
CRITICAL,PHYSICAL PORT DOWN,2026-03-15 13:56:54,1,2026-03-15 13:56:54,2505274.0,NORMAL,MISSING,MISSING,ALARM_SRC_1179,CP,2026.0,3.0,6.0,13.0
CRITICAL,PHYSICAL PORT DOWN,2026-03-15 13:56:54,1,2026-03-15 13:56:54,2505274.0,NORMAL,MISSING,MISSING,ALARM_SRC_1179,CP,2026.0,3.0,6.0,13.0
CRITICAL,PHYSICAL PORT DOWN,2026-03-15 13:56:54,1,2026-03-15 13:56:54,2505274.0,NORMAL,MISSING,MISSING,ALARM_SRC_1179,CP,2026.0,3.0,6.0,13.0
CRITICAL,PHYSICAL PORT DOWN,2026-03-15 13:56:54,1,2026-03-15 13:56:54,2505274.0,NORMAL,MISSING,MISSING,ALARM_SRC_1179,CP,2026.0,3.0,6.0,13.0
CRITICAL,PHYSICAL PORT DOWN,2026-03-15 13:56:54,1,2026-03-15 13:56:54,2505274.0,NORMAL,MISSING,MISSING,ALARM_SRC_1179,CP,2026.0,3.0,6.0,13.0
CRITICAL,PHYSICAL PORT DOWN,2026-03-15 13:56:54,1,2026-03-15 13:56:54,2505274.0,NORMAL,MISSING,MISSING,ALARM_SRC_1179,CP,2026.0,3.0,6.0,13.0
CRITICAL,PHYSICAL PORT DOWN,2026-03-15 13:56:55,1,2026-03-15 13:56:55,2505274.0,NORMAL,MISSING,MISSING,ALARM_SRC_1179,CP,2026.0,3.0,6.0,13.0
CRITICAL,PHYSICAL PORT DOWN,2026-03-15 14:16:31,1,2026-03-15 14:16:31,2505274.0,NORMAL,MISSING,MISSING,ALARM_SRC_0350,AR,2026.0,3.0,6.0,14.0
CRITICAL,PHYSICAL PORT DOWN,2026-03-15 14:16:42,1,2026-03-15 14:16:42,2505274.0,NORMAL,MISSING,MISSING,ALARM_SRC_0023,AG,2026.0,3.0,6.0,14.0
CRITICAL,PHYSICAL PORT DOWN,2026-03-15 17:16:54,1,2026-03-15 17:16:54,2505274.0,NORMAL,MISSING,MISSING,ALARM_SRC_0501,AR,2026.0,3.0,6.0,17.0
CRITICAL,PHYSICAL PORT DOWN,2026-03-15 17:16:54,1,2026-03-15 17:16:54,2505274.0,NORMAL,MISSING,MISSING,ALARM_SRC_0501,AR,2026.0,3.0,6.0,17.0
CRITICAL,PHYSICAL PORT DOWN,2026-03-15 18:38:37,1,2026-03-15 18:38:37,2505274.0,NORMAL,MISSING,MISSING,ALARM_SRC_0058,AG,2026.0,3.0,6.0,18.0
CRITICAL,PHYSICAL PORT DOWN,2026-03-16 10:28:42,1,2026-03-16 10:28:42,2505274.0,NORMAL,MISSING,MISSING,ALARM_SRC_0063,AG,2026.0,3.0,0.0,10.0
CRITICAL,PHYSICAL PORT DOWN,2026-03-16 10:28:49,1,2026-03-16 10:28:49,2505274.0,NORMAL,MISSING,MISSING,ALARM_SRC_0063,AG,2026.0,3.0,0.0,10.0
CRITICAL,PHYSICAL PORT DOWN,2026-03-16 13:47:23,1,2026-03-16 13:47:23,2505274.0,NORMAL,MISSING,MISSING,ALARM_SRC_0906,AR,2026.0,3.0,0.0,13.0
CRITICAL,THE DEVICE IS OFFLINE,2026-03-16 23:08:12,1,2026-03-16 23:08:12,7.0,NORMAL,MISSING,MISSING,ALARM_SRC_0785,AR,2026.0,3.0,0.0,23.0
CRITICAL,PHYSICAL PORT DOWN,2026-03-17 08:38:43,1,2026-03-17 08:38:43,2505274.0,NORMAL,MISSING,MISSING,ALARM_SRC_0884,AR,2026.0,3.0,1.0,8.0
CRITICAL,PHYSICAL PORT DOWN,2026-03-17 12:18:54,1,2026-03-17 12:18:54,3074752.0,NORMAL,MISSING,MISSING,ALARM_SRC_0044,AG,2026.0,3.0,1.0,12.0
CRITICAL,PHYSICAL PORT DOWN,2026-03-17 14:30:04,1,2026-03-17 14:30:04,2505274.0,NORMAL,MISSING,MISSING,ALARM_SRC_0452,AR,2026.0,3.0,1.0,14.0
CRITICAL,PHYSICAL PORT DOWN,2026-03-17 15:57:37,1,2026-03-17 15:57:37,2505274.0,NORMAL,MISSING,MISSING,ALARM_SRC_0175,AR,2026.0,3.0,1.0,15.0
CRITICAL,PHYSICAL PORT DOWN,2026-03-17 19:18:06,1,2026-03-17 19:18:06,2505274.0,NORMAL,MISSING,MISSING,ALARM_SRC_1074,AR,2026.0,3.0,1.0,19.0
CRITICAL,PHYSICAL PORT DOWN,2026-03-17 23:20:04,1,2026-03-17 23:20:04,2505274.0,NORMAL,MISSING,MISSING,ALARM_SRC_0020,AG,2026.0,3.0,1.0,23.0
CRITICAL,PHYSICAL PORT DOWN,2026-03-17 23:20:04,1,2026-03-17 23:20:04,2505274.0,NORMAL,MISSING,MISSING,ALARM_SRC_0020,AG,2026.0,3.0,1.0,23.0
CRITICAL,PHYSICAL PORT DOWN,2026-03-17 23:20:04,1,2026-03-17 23:20:04,2505274.0,NORMAL,MISSING,MISSING,ALARM_SRC_0020,AG,2026.0,3.0,1.0,23.0
CRITICAL,PHYSICAL PORT DOWN,2026-03-17 23:20:04,1,2026-03-17 23:20:04,2505274.0,NORMAL,MISSING,MISSING,ALARM_SRC_0020,AG,2026.0,3.0,1.0,23.0
CRITICAL,PHYSICAL PORT DOWN,2026-03-17 23:20:05,1,2026-03-17 23:20:05,2505274.0,NORMAL,MISSING,MISSING,ALARM_SRC_0020,AG,2026.0,3.0,1.0,23.0
CRITICAL,PHYSICAL PORT DOWN,2026-03-17 23:52:23,1,2026-03-17 23:52:23,2505274.0,NORMAL,MISSING,MISSING,ALARM_SRC_0020,AG,2026.0,3.0,1.0,23.0
CRITICAL,THE DEVICE IS OFFLINE,2026-03-17 23:53:56,1,2026-03-17 23:53:56,7.0,NORMAL,MISSING,MISSING,ALARM_SRC_0325,AR,2026.0,3.0,1.0,23.0
CRITICAL,PHYSICAL PORT DOWN,2026-03-18 09:11:37,1,2026-03-18 09:11:37,2505274.0,NORMAL,MISSING,MISSING,ALARM_SRC_0999,AR,2026.0,3.0,2.0,9.0
CRITICAL,PHYSICAL PORT DOWN,2026-03-18 16:11:22,1,2026-03-18 16:11:22,2505274.0,NORMAL,MISSING,MISSING,ALARM_SRC_0242,AR,2026.0,3.0,2.0,16.0
CRITICAL,PHYSICAL PORT DOWN,2026-03-19 11:49:02,1,2026-03-19 11:49:02,2505274.0,NORMAL,MISSING,MISSING,ALARM_SRC_1152,AR,2026.0,3.0,3.0,11.0
CRITICAL,PHYSICAL PORT DOWN,2026-03-19 12:09:41,1,2026-03-19 12:09:41,2505274.0,NORMAL,MISSING,MISSING,ALARM_SRC_0122,AG,2026.0,3.0,3.0,12.0
CRITICAL,PHYSICAL PORT DOWN,2026-03-19 14:15:04,1,2026-03-19 14:15:04,2505274.0,NORMAL,MISSING,MISSING,ALARM_SRC_0790,AR,2026.0,3.0,3.0,14.0
CRITICAL,PHYSICAL PORT DOWN,2026-03-19 14:48:51,1,2026-03-19 14:48:51,2505274.0,NORMAL,MISSING,MISSING,ALARM_SRC_0405,AR,2026.0,3.0,3.0,14.0
CRITICAL,PHYSICAL PORT DOWN,2026-03-19 16:22:31,1,2026-03-19 16:22:31,2505274.0,NORMAL,MISSING,MISSING,ALARM_SRC_0928,AR,2026.0,3.0,3.0,16.0
CRITICAL,PHYSICAL PORT DOWN,2026-03-19 16:48:52,1,2026-03-19 16:48:52,2505274.0,NORMAL,MISSING,MISSING,ALARM_SRC_0373,AR,2026.0,3.0,3.0,16.0
CRITICAL,PHYSICAL PORT DOWN,2026-03-19 16:48:52,1,2026-03-19 16:48:52,2505274.0,NORMAL,MISSING,MISSING,ALARM_SRC_0373,AR,2026.0,3.0,3.0,16.0
CRITICAL,PHYSICAL PORT DOWN,2026-03-19 17:59:09,1,2026-03-19 17:59:09,2505274.0,NORMAL,MISSING,MISSING,ALARM_SRC_0128,AG,2026.0,3.0,3.0,17.0
CRITICAL,PHYSICAL PORT DOWN,2026-03-19 18:02:50,1,2026-03-19 18:02:50,2505274.0,NORMAL,MISSING,MISSING,ALARM_SRC_0371,AR,2026.0,3.0,3.0,18.0
CRITICAL,PHYSICAL PORT DOWN,2026-03-19 18:09:45,1,2026-03-19 18:09:45,2505274.0,NORMAL,MISSING,MISSING,ALARM_SRC_0732,AR,2026.0,3.0,3.0,18.0
CRITICAL,PHYSICAL PORT DOWN,2026-03-19 22:08:24,1,2026-03-19 22:08:24,2505274.0,NORMAL,MISSING,MISSING,ALARM_SRC_0662,AR,2026.0,3.0,3.0,22.0
CRITICAL,PHYSICAL PORT DOWN,2026-03-19 23:08:56,1,2026-03-19 23:08:56,2505274.0,NORMAL,MISSING,MISSING,ALARM_SRC_0662,AR,2026.0,3.0,3.0,23.0
CRITICAL,PHYSICAL PORT DOWN,2026-03-20 00:17:07,1,2026-03-20 00:17:07,2505274.0,NORMAL,MISSING,MISSING,ALARM_SRC_0019,AG,2026.0,3.0,4.0,0.0
CRITICAL,PHYSICAL PORT DOWN,2026-03-20 00:42:12,1,2026-03-20 00:42:12,2505274.0,NORMAL,MISSING,MISSING,ALARM_SRC_0122,AG,2026.0,3.0,4.0,0.0
CRITICAL,PHYSICAL PORT DOWN,2026-03-20 00:45:55,1,2026-03-20 00:45:55,2505274.0,NORMAL,MISSING,MISSING,ALARM_SRC_0122,AG,2026.0,3.0,4.0,0.0
CRITICAL,PHYSICAL PORT DOWN,2026-03-20 11:14:08,1,2026-03-20 11:14:08,2505274.0,NORMAL,MISSING,MISSING,ALARM_SRC_0829,AR,2026.0,3.0,4.0,11.0
CRITICAL,PHYSICAL PORT DOWN,2026-03-20 12:21:22,1,2026-03-20 12:21:22,2505274.0,NORMAL,MISSING,MISSING,ALARM_SRC_0633,AR,2026.0,3.0,4.0,12.0
CRITICAL,PHYSICAL PORT DOWN,2026-03-20 15:34:56,1,2026-03-20 15:34:56,2505274.0,NORMAL,MISSING,MISSING,ALARM_SRC_0694,AR,2026.0,3.0,4.0,15.0
CRITICAL,PHYSICAL PORT DOWN,2026-03-20 15:46:13,1,2026-03-20 15:46:13,2505274.0,NORMAL,MISSING,MISSING,ALARM_SRC_0634,AR,2026.0,3.0,4.0,15.0
CRITICAL,PHYSICAL PORT DOWN,2026-03-20 17:55:30,1,2026-03-20 17:55:30,2505274.0,NORMAL,MISSING,MISSING,ALARM_SRC_0121,AG,2026.0,3.0,4.0,17.0
CRITICAL,PHYSICAL PORT DOWN,2026-03-20 17:56:21,1,2026-03-20 17:56:21,2505274.0,NORMAL,MISSING,MISSING,ALARM_SRC_0121,AG,2026.0,3.0,4.0,17.0
CRITICAL,PHYSICAL PORT DOWN,2026-03-20 18:22:00,1,2026-03-20 18:22:00,2505274.0,NORMAL,MISSING,MISSING,ALARM_SRC_0353,AR,2026.0,3.0,4.0,18.0
CRITICAL,PHYSICAL PORT DOWN,2026-03-20 20:08:24,1,2026-03-20 20:08:24,2505274.0,NORMAL,MISSING,MISSING,ALARM_SRC_0138,AR,2026.0,3.0,4.0,20.0
CRITICAL,PHYSICAL PORT DOWN,2026-03-20 22:02:24,1,2026-03-20 22:02:24,2505274.0,NORMAL,MISSING,MISSING,ALARM_SRC_0552,AR,2026.0,3.0,4.0,22.0
CRITICAL,PHYSICAL PORT DOWN,2026-03-21 08:11:01,1,2026-03-21 08:11:01,2505274.0,NORMAL,MISSING,MISSING,ALARM_SRC_0668,AR,2026.0,3.0,5.0,8.0
CRITICAL,PHYSICAL PORT DOWN,2026-03-21 12:54:46,1,2026-03-21 12:54:46,2505274.0,NORMAL,MISSING,MISSING,ALARM_SRC_0243,AR,2026.0,3.0,5.0,12.0
CRITICAL,PHYSICAL PORT DOWN,2026-03-21 22:43:29,1,2026-03-21 22:43:29,2505274.0,NORMAL,MISSING,MISSING,ALARM_SRC_0232,AR,2026.0,3.0,5.0,22.0
CRITICAL,PHYSICAL PORT DOWN,2026-03-22 08:47:13,1,2026-03-22 08:47:13,2505274.0,NORMAL,MISSING,MISSING,ALARM_SRC_0499,AR,2026.0,3.0,6.0,8.0
CRITICAL,PHYSICAL PORT DOWN,2026-03-22 09:23:36,1,2026-03-22 09:23:36,2505274.0,NORMAL,MISSING,MISSING,ALARM_SRC_1114,AR,2026.0,3.0,6.0,9.0
CRITICAL,PHYSICAL PORT DOWN,2026-03-22 09:57:08,1,2026-03-22 09:57:08,2505274.0,NORMAL,MISSING,MISSING,ALARM_SRC_1119,AR,2026.0,3.0,6.0,9.0
CRITICAL,BOARD INVALID,2026-03-22 10:10:37,1,2026-03-22 10:10:37,2505210.0,NORMAL,MISSING,MISSING,ALARM_SRC_0121,AG,2026.0,3.0,6.0,10.0
CRITICAL,BOARD INVALID,2026-03-22 10:11:02,1,2026-03-22 10:11:02,2505210.0,NORMAL,MISSING,MISSING,ALARM_SRC_0121,AG,2026.0,3.0,6.0,10.0
CRITICAL,BOARD INVALID,2026-03-22 17:10:15,1,2026-03-22 17:10:15,2505210.0,NORMAL,MISSING,MISSING,ALARM_SRC_0121,AG,2026.0,3.0,6.0,17.0
CRITICAL,BOARD INVALID,2026-03-22 17:40:05,1,2026-03-22 17:40:05,2505210.0,NORMAL,MISSING,MISSING,ALARM_SRC_0121,AG,2026.0,3.0,6.0,17.0
CRITICAL,THE DEVICE IS OFFLINE,2026-03-22 20:56:57,1,2026-03-22 20:56:57,7.0,NORMAL,MISSING,MISSING,ALARM_SRC_0517,AR,2026.0,3.0,6.0,20.0
CRITICAL,PHYSICAL PORT DOWN,2026-03-23 04:23:16,1,2026-03-23 04:23:16,2505274.0,NORMAL,MISSING,MISSING,ALARM_SRC_0760,AR,2026.0,3.0,0.0,4.0
CRITICAL,PHYSICAL PORT DOWN,2026-03-23 09:41:03,1,2026-03-23 09:41:03,2505274.0,NORMAL,MISSING,MISSING,ALARM_SRC_0888,AR,2026.0,3.0,0.0,9.0
CRITICAL,PHYSICAL PORT DOWN,2026-03-23 09:41:03,1,2026-03-23 09:41:03,2505274.0,NORMAL,MISSING,MISSING,ALARM_SRC_0888,AR,2026.0,3.0,0.0,9.0
CRITICAL,PHYSICAL PORT DOWN,2026-03-23 09:41:03,1,2026-03-23 09:41:03,2505274.0,NORMAL,MISSING,MISSING,ALARM_SRC_0888,AR,2026.0,3.0,0.0,9.0
CRITICAL,PHYSICAL PORT DOWN,2026-03-23 09:41:03,1,2026-03-23 09:41:03,2505274.0,NORMAL,MISSING,MISSING,ALARM_SRC_0888,AR,2026.0,3.0,0.0,9.0
CRITICAL,PHYSICAL PORT DOWN,2026-03-23 10:40:29,1,2026-03-23 10:40:29,2505274.0,NORMAL,MISSING,MISSING,ALARM_SRC_0326,AR,2026.0,3.0,0.0,10.0
CRITICAL,PHYSICAL PORT DOWN,2026-03-23 13:28:41,1,2026-03-23 13:28:41,2505274.0,NORMAL,MISSING,MISSING,ALARM_SRC_0028,AG,2026.0,3.0,0.0,13.0
CRITICAL,BOARD INVALID,2026-03-23 13:38:22,1,2026-03-23 13:38:22,2505210.0,NORMAL,MISSING,MISSING,ALARM_SRC_0089,AG,2026.0,3.0,0.0,13.0
CRITICAL,PHYSICAL PORT DOWN,2026-03-23 15:30:41,1,2026-03-23 15:30:41,2505274.0,NORMAL,MISSING,MISSING,ALARM_SRC_1143,AR,2026.0,3.0,0.0,15.0
CRITICAL,PHYSICAL PORT DOWN,2026-03-23 15:30:45,1,2026-03-23 15:30:45,2505274.0,NORMAL,MISSING,MISSING,ALARM_SRC_1143,AR,2026.0,3.0,0.0,15.0
CRITICAL,PHYSICAL PORT DOWN,2026-03-23 15:51:22,1,2026-03-23 15:51:22,2505274.0,NORMAL,MISSING,MISSING,ALARM_SRC_0952,AR,2026.0,3.0,0.0,15.0
CRITICAL,PHYSICAL PORT DOWN,2026-03-23 17:18:24,1,2026-03-23 17:18:24,2505274.0,NORMAL,MISSING,MISSING,ALARM_SRC_0781,AR,2026.0,3.0,0.0,17.0
CRITICAL,PHYSICAL PORT DOWN,2026-03-23 18:50:31,1,2026-03-23 18:50:31,2505274.0,NORMAL,MISSING,MISSING,ALARM_SRC_0803,AR,2026.0,3.0,0.0,18.0
CRITICAL,PHYSICAL PORT DOWN,2026-03-24 03:05:33,1,2026-03-24 03:05:33,2505274.0,NORMAL,MISSING,MISSING,ALARM_SRC_0721,AR,2026.0,3.0,1.0,3.0
CRITICAL,PHYSICAL PORT DOWN,2026-03-24 10:18:48,1,2026-03-24 10:18:48,2505274.0,NORMAL,MISSING,MISSING,ALARM_SRC_0080,AG,2026.0,3.0,1.0,10.0
CRITICAL,PHYSICAL PORT DOWN,2026-03-24 10:45:18,1,2026-03-24 10:45:18,2505274.0,NORMAL,MISSING,MISSING,ALARM_SRC_1140,AR,2026.0,3.0,1.0,10.0
CRITICAL,PHYSICAL PORT DOWN,2026-03-24 10:50:30,1,2026-03-24 10:50:30,2505274.0,NORMAL,MISSING,MISSING,ALARM_SRC_0079,AG,2026.0,3.0,1.0,10.0
CRITICAL,PHYSICAL PORT DOWN,2026-03-24 12:19:09,1,2026-03-24 12:19:09,2505274.0,NORMAL,MISSING,MISSING,ALARM_SRC_1000,AR,2026.0,3.0,1.0,12.0
CRITICAL,PHYSICAL PORT DOWN,2026-03-24 16:08:50,1,2026-03-24 16:08:50,2505274.0,NORMAL,MISSING,MISSING,ALARM_SRC_0078,AG,2026.0,3.0,1.0,16.0
CRITICAL,PHYSICAL PORT DOWN,2026-03-24 19:40:55,1,2026-03-24 19:40:55,2505274.0,NORMAL,MISSING,MISSING,ALARM_SRC_1128,AR,2026.0,3.0,1.0,19.0
CRITICAL,PHYSICAL PORT DOWN,2026-03-24 19:40:55,1,2026-03-24 19:40:55,2505274.0,NORMAL,MISSING,MISSING,ALARM_SRC_1128,AR,2026.0,3.0,1.0,19.0
CRITICAL,PHYSICAL PORT DOWN,2026-03-25 00:06:26,1,2026-03-25 00:06:26,2505274.0,NORMAL,MISSING,MISSING,ALARM_SRC_0787,AR,2026.0,3.0,2.0,0.0
CRITICAL,PHYSICAL PORT DOWN,2026-03-25 10:29:52,1,2026-03-25 10:29:52,2505274.0,NORMAL,MISSING,MISSING,ALARM_SRC_0086,AG,2026.0,3.0,2.0,10.0
CRITICAL,PHYSICAL PORT DOWN,2026-03-25 10:30:37,1,2026-03-25 10:30:37,2505274.0,NORMAL,MISSING,MISSING,ALARM_SRC_0086,AG,2026.0,3.0,2.0,10.0
CRITICAL,PHYSICAL PORT DOWN,2026-03-25 11:43:58,1,2026-03-25 11:43:58,2505274.0,NORMAL,MISSING,MISSING,ALARM_SRC_0088,AG,2026.0,3.0,2.0,11.0
CRITICAL,PHYSICAL PORT DOWN,2026-03-25 11:44:30,1,2026-03-25 11:44:30,2505274.0,NORMAL,MISSING,MISSING,ALARM_SRC_0088,AG,2026.0,3.0,2.0,11.0
CRITICAL,PHYSICAL PORT DOWN,2026-03-25 14:15:00,1,2026-03-25 14:15:00,2505274.0,NORMAL,MISSING,MISSING,ALARM_SRC_0896,AR,2026.0,3.0,2.0,14.0
CRITICAL,PHYSICAL PORT DOWN,2026-03-25 14:50:55,1,2026-03-25 14:50:55,2505274.0,NORMAL,MISSING,MISSING,ALARM_SRC_0587,AR,2026.0,3.0,2.0,14.0
CRITICAL,PHYSICAL PORT DOWN,2026-03-25 19:14:46,1,2026-03-25 19:14:46,2505274.0,NORMAL,MISSING,MISSING,ALARM_SRC_0956,AR,2026.0,3.0,2.0,19.0
CRITICAL,PHYSICAL PORT DOWN,2026-03-26 00:50:17,1,2026-03-26 00:50:17,2505274.0,NORMAL,MISSING,MISSING,ALARM_SRC_0832,AR,2026.0,3.0,3.0,0.0
CRITICAL,PHYSICAL PORT DOWN,2026-03-26 01:44:30,1,2026-03-26 01:44:30,2505274.0,NORMAL,MISSING,MISSING,ALARM_SRC_0161,AR,2026.0,3.0,3.0,1.0
CRITICAL,PHYSICAL PORT DOWN,2026-03-26 02:03:49,1,2026-03-26 02:03:49,2505274.0,NORMAL,MISSING,MISSING,ALARM_SRC_1015,AR,2026.0,3.0,3.0,2.0
CRITICAL,PHYSICAL PORT DOWN,2026-03-26 03:46:44,1,2026-03-26 03:46:44,2505274.0,NORMAL,MISSING,MISSING,ALARM_SRC_0897,AR,2026.0,3.0,3.0,3.0
CRITICAL,PHYSICAL PORT DOWN,2026-03-26 03:46:44,1,2026-03-26 03:46:44,2505274.0,NORMAL,MISSING,MISSING,ALARM_SRC_0898,AR,2026.0,3.0,3.0,3.0
CRITICAL,PHYSICAL PORT DOWN,2026-03-26 03:46:44,1,2026-03-26 03:46:44,2505274.0,NORMAL,MISSING,MISSING,ALARM_SRC_0898,AR,2026.0,3.0,3.0,3.0
CRITICAL,PHYSICAL PORT DOWN,2026-03-26 07:20:18,1,2026-03-26 07:20:18,2505274.0,NORMAL,MISSING,MISSING,ALARM_SRC_0137,AR,2026.0,3.0,3.0,7.0
CRITICAL,PHYSICAL PORT DOWN,2026-03-26 14:40:14,1,2026-03-26 14:40:14,2505274.0,NORMAL,MISSING,MISSING,ALARM_SRC_0901,AR,2026.0,3.0,3.0,14.0
CRITICAL,PHYSICAL PORT DOWN,2026-03-26 14:48:54,1,2026-03-26 14:48:54,2505274.0,NORMAL,MISSING,MISSING,ALARM_SRC_0267,AR,2026.0,3.0,3.0,14.0
CRITICAL,PHYSICAL PORT DOWN,2026-03-26 15:55:29,1,2026-03-26 15:55:29,2505274.0,NORMAL,MISSING,MISSING,ALARM_SRC_1152,AR,2026.0,3.0,3.0,15.0
CRITICAL,PHYSICAL PORT DOWN,2026-03-26 17:19:24,1,2026-03-26 17:19:24,2505274.0,NORMAL,MISSING,MISSING,ALARM_SRC_0898,AR,2026.0,3.0,3.0,17.0
CRITICAL,PHYSICAL PORT DOWN,2026-03-26 17:35:39,1,2026-03-26 17:35:39,2505274.0,NORMAL,MISSING,MISSING,ALARM_SRC_1152,AR,2026.0,3.0,3.0,17.0
CRITICAL,PHYSICAL PORT DOWN,2026-03-26 19:08:37,1,2026-03-26 19:08:37,2505274.0,NORMAL,MISSING,MISSING,ALARM_SRC_1105,AR,2026.0,3.0,3.0,19.0
CRITICAL,PHYSICAL PORT DOWN,2026-03-26 19:08:37,1,2026-03-26 19:08:37,2505274.0,NORMAL,MISSING,MISSING,ALARM_SRC_1105,AR,2026.0,3.0,3.0,19.0
CRITICAL,PHYSICAL PORT DOWN,2026-03-26 19:08:37,1,2026-03-26 19:08:37,2505274.0,NORMAL,MISSING,MISSING,ALARM_SRC_1105,AR,2026.0,3.0,3.0,19.0
CRITICAL,PHYSICAL PORT DOWN,2026-03-27 07:30:48,1,2026-03-27 07:30:48,2505274.0,NORMAL,MISSING,MISSING,ALARM_SRC_0193,AR,2026.0,3.0,4.0,7.0
CRITICAL,PHYSICAL PORT DOWN,2026-03-27 11:12:39,1,2026-03-27 11:12:39,2505274.0,NORMAL,MISSING,MISSING,ALARM_SRC_0769,AR,2026.0,3.0,4.0,11.0
CRITICAL,PHYSICAL PORT DOWN,2026-03-27 12:12:05,1,2026-03-27 12:12:05,2505274.0,NORMAL,MISSING,MISSING,ALARM_SRC_0669,AR,2026.0,3.0,4.0,12.0
CRITICAL,PHYSICAL PORT DOWN,2026-03-27 14:39:38,1,2026-03-27 14:39:38,2505274.0,NORMAL,MISSING,MISSING,ALARM_SRC_0999,AR,2026.0,3.0,4.0,14.0
CRITICAL,PHYSICAL PORT DOWN,2026-03-27 18:17:37,1,2026-03-27 18:17:37,2505274.0,NORMAL,MISSING,MISSING,ALARM_SRC_0075,AG,2026.0,3.0,4.0,18.0
CRITICAL,PHYSICAL PORT DOWN,2026-03-28 00:13:31,1,2026-03-28 00:13:31,2505274.0,NORMAL,MISSING,MISSING,ALARM_SRC_1183,CP,2026.0,3.0,5.0,0.0
CRITICAL,PHYSICAL PORT DOWN,2026-03-28 00:13:31,1,2026-03-28 00:13:31,2505274.0,NORMAL,MISSING,MISSING,ALARM_SRC_1183,CP,2026.0,3.0,5.0,0.0
CRITICAL,PHYSICAL PORT DOWN,2026-03-28 00:13:31,1,2026-03-28 00:13:31,2505274.0,NORMAL,MISSING,MISSING,ALARM_SRC_1183,CP,2026.0,3.0,5.0,0.0
CRITICAL,PHYSICAL PORT DOWN,2026-03-28 00:13:32,1,2026-03-28 00:13:32,2505274.0,NORMAL,MISSING,MISSING,ALARM_SRC_1183,CP,2026.0,3.0,5.0,0.0
CRITICAL,PHYSICAL PORT DOWN,2026-03-28 00:13:32,1,2026-03-28 00:13:32,2505274.0,NORMAL,MISSING,MISSING,ALARM_SRC_1183,CP,2026.0,3.0,5.0,0.0
CRITICAL,PHYSICAL PORT DOWN,2026-03-28 00:13:34,1,2026-03-28 00:13:34,2505274.0,NORMAL,MISSING,MISSING,ALARM_SRC_1183,CP,2026.0,3.0,5.0,0.0
CRITICAL,PHYSICAL PORT DOWN,2026-03-28 00:13:34,1,2026-03-28 00:13:34,2505274.0,NORMAL,MISSING,MISSING,ALARM_SRC_1183,CP,2026.0,3.0,5.0,0.0
CRITICAL,PHYSICAL PORT DOWN,2026-03-28 00:13:34,1,2026-03-28 00:13:34,2505274.0,NORMAL,MISSING,MISSING,ALARM_SRC_1183,CP,2026.0,3.0,5.0,0.0
CRITICAL,PHYSICAL PORT DOWN,2026-03-28 00:13:34,1,2026-03-28 00:13:34,2505274.0,NORMAL,MISSING,MISSING,ALARM_SRC_1183,CP,2026.0,3.0,5.0,0.0
CRITICAL,THE DEVICE IS OFFLINE,2026-03-28 01:07:49,1,2026-03-28 01:07:49,7.0,NORMAL,MISSING,MISSING,ALARM_SRC_0337,AR,2026.0,3.0,5.0,1.0
CRITICAL,THE DEVICE IS OFFLINE,2026-03-28 01:08:30,1,2026-03-28 01:08:30,7.0,NORMAL,MISSING,MISSING,ALARM_SRC_0352,AR,2026.0,3.0,5.0,1.0
CRITICAL,PHYSICAL PORT DOWN,2026-03-28 02:05:28,1,2026-03-28 02:05:28,2505274.0,NORMAL,MISSING,MISSING,ALARM_SRC_0898,AR,2026.0,3.0,5.0,2.0
CRITICAL,PHYSICAL PORT DOWN,2026-03-28 05:20:56,1,2026-03-28 05:20:56,2505274.0,NORMAL,MISSING,MISSING,ALARM_SRC_0480,AR,2026.0,3.0,5.0,5.0
CRITICAL,THE DEVICE IS OFFLINE,2026-03-28 06:13:41,1,2026-03-28 06:13:41,7.0,NORMAL,MISSING,MISSING,ALARM_SRC_1097,AR,2026.0,3.0,5.0,6.0
CRITICAL,PHYSICAL PORT DOWN,2026-03-28 08:31:28,1,2026-03-28 08:31:28,2505274.0,NORMAL,MISSING,MISSING,ALARM_SRC_1077,AR,2026.0,3.0,5.0,8.0
CRITICAL,PHYSICAL PORT DOWN,2026-03-28 09:08:14,1,2026-03-28 09:08:14,2505274.0,NORMAL,MISSING,MISSING,ALARM_SRC_0749,AR,2026.0,3.0,5.0,9.0
CRITICAL,PHYSICAL PORT DOWN,2026-03-28 10:07:15,1,2026-03-28 10:07:15,2505274.0,NORMAL,MISSING,MISSING,ALARM_SRC_0678,AR,2026.0,3.0,5.0,10.0
CRITICAL,PHYSICAL PORT DOWN,2026-03-28 10:07:15,1,2026-03-28 10:07:15,2505274.0,NORMAL,MISSING,MISSING,ALARM_SRC_0678,AR,2026.0,3.0,5.0,10.0
CRITICAL,PHYSICAL PORT DOWN,2026-03-28 12:40:13,1,2026-03-28 12:40:13,2505274.0,NORMAL,MISSING,MISSING,ALARM_SRC_0626,AR,2026.0,3.0,5.0,12.0
CRITICAL,PHYSICAL PORT DOWN,2026-03-28 12:59:36,1,2026-03-28 12:59:36,2505274.0,NORMAL,MISSING,MISSING,ALARM_SRC_0254,AR,2026.0,3.0,5.0,12.0
CRITICAL,PHYSICAL PORT DOWN,2026-03-28 14:01:31,1,2026-03-28 14:01:31,2505274.0,NORMAL,MISSING,MISSING,ALARM_SRC_0666,AR,2026.0,3.0,5.0,14.0
CRITICAL,PHYSICAL PORT DOWN,2026-03-28 16:30:51,1,2026-03-28 16:30:51,2505274.0,NORMAL,MISSING,MISSING,ALARM_SRC_0753,AR,2026.0,3.0,5.0,16.0
CRITICAL,PHYSICAL PORT DOWN,2026-03-28 16:50:28,1,2026-03-28 16:50:28,2505274.0,NORMAL,MISSING,MISSING,ALARM_SRC_0753,AR,2026.0,3.0,5.0,16.0
CRITICAL,PHYSICAL PORT DOWN,2026-03-28 18:17:02,1,2026-03-28 18:17:02,2505274.0,NORMAL,MISSING,MISSING,ALARM_SRC_0233,AR,2026.0,3.0,5.0,18.0
CRITICAL,PHYSICAL PORT DOWN,2026-03-28 18:17:02,1,2026-03-28 18:17:02,2505274.0,NORMAL,MISSING,MISSING,ALARM_SRC_0233,AR,2026.0,3.0,5.0,18.0
CRITICAL,PHYSICAL PORT DOWN,2026-03-29 06:00:04,1,2026-03-29 06:00:04,2505274.0,NORMAL,MISSING,MISSING,ALARM_SRC_0526,AR,2026.0,3.0,6.0,6.0
CRITICAL,PHYSICAL PORT DOWN,2026-03-29 06:49:37,1,2026-03-29 06:49:37,2505274.0,NORMAL,MISSING,MISSING,ALARM_SRC_1074,AR,2026.0,3.0,6.0,6.0
CRITICAL,PHYSICAL PORT DOWN,2026-03-29 07:22:27,1,2026-03-29 07:22:27,2505274.0,NORMAL,MISSING,MISSING,ALARM_SRC_0526,AR,2026.0,3.0,6.0,7.0
CRITICAL,PHYSICAL PORT DOWN,2026-03-29 08:56:00,1,2026-03-29 08:56:00,2505274.0,NORMAL,MISSING,MISSING,ALARM_SRC_0335,AR,2026.0,3.0,6.0,8.0
CRITICAL,PHYSICAL PORT DOWN,2026-03-29 09:02:24,1,2026-03-29 09:02:24,2505274.0,NORMAL,MISSING,MISSING,ALARM_SRC_0541,AR,2026.0,3.0,6.0,9.0
CRITICAL,PHYSICAL PORT DOWN,2026-03-29 09:12:32,1,2026-03-29 09:12:32,2505274.0,NORMAL,MISSING,MISSING,ALARM_SRC_0526,AR,2026.0,3.0,6.0,9.0
CRITICAL,PHYSICAL PORT DOWN,2026-03-29 11:50:20,1,2026-03-29 11:50:20,2505274.0,NORMAL,MISSING,MISSING,ALARM_SRC_0435,AR,2026.0,3.0,6.0,11.0
CRITICAL,PHYSICAL PORT DOWN,2026-03-29 12:31:29,1,2026-03-29 12:31:29,2505274.0,NORMAL,MISSING,MISSING,ALARM_SRC_0195,AR,2026.0,3.0,6.0,12.0
CRITICAL,PHYSICAL PORT DOWN,2026-03-29 15:01:21,1,2026-03-29 15:01:21,2505274.0,NORMAL,MISSING,MISSING,ALARM_SRC_0941,AR,2026.0,3.0,6.0,15.0
CRITICAL,PHYSICAL PORT DOWN,2026-03-30 09:34:35,1,2026-03-30 09:34:35,2505274.0,NORMAL,MISSING,MISSING,ALARM_SRC_0923,AR,2026.0,3.0,0.0,9.0
CRITICAL,PHYSICAL PORT DOWN,2026-03-30 09:34:35,1,2026-03-30 09:34:35,2505274.0,NORMAL,MISSING,MISSING,ALARM_SRC_0923,AR,2026.0,3.0,0.0,9.0
CRITICAL,PHYSICAL PORT DOWN,2026-03-30 09:52:34,1,2026-03-30 09:52:34,2505274.0,NORMAL,MISSING,MISSING,ALARM_SRC_1145,AR,2026.0,3.0,0.0,9.0
CRITICAL,PHYSICAL PORT DOWN,2026-03-30 11:22:32,1,2026-03-30 11:22:32,2505274.0,NORMAL,MISSING,MISSING,ALARM_SRC_0009,AG,2026.0,3.0,0.0,11.0
CRITICAL,PHYSICAL PORT DOWN,2026-03-30 11:23:32,1,2026-03-30 11:23:32,2505274.0,NORMAL,MISSING,MISSING,ALARM_SRC_1151,AR,2026.0,3.0,0.0,11.0
CRITICAL,PHYSICAL PORT DOWN,2026-03-30 11:25:43,1,2026-03-30 11:25:43,2505274.0,NORMAL,MISSING,MISSING,ALARM_SRC_0009,AG,2026.0,3.0,0.0,11.0
CRITICAL,PHYSICAL PORT DOWN,2026-03-30 12:05:32,1,2026-03-30 12:05:32,2505274.0,NORMAL,MISSING,MISSING,ALARM_SRC_1151,AR,2026.0,3.0,0.0,12.0
CRITICAL,PHYSICAL PORT DOWN,2026-03-30 12:48:16,1,2026-03-30 12:48:16,2505274.0,NORMAL,MISSING,MISSING,ALARM_SRC_0628,AR,2026.0,3.0,0.0,12.0
CRITICAL,PHYSICAL PORT DOWN,2026-03-30 16:17:40,1,2026-03-30 16:17:40,2505274.0,NORMAL,MISSING,MISSING,ALARM_SRC_0900,AR,2026.0,3.0,0.0,16.0
CRITICAL,PHYSICAL PORT DOWN,2026-03-30 18:51:12,1,2026-03-30 18:51:12,2505274.0,NORMAL,MISSING,MISSING,ALARM_SRC_0187,AR,2026.0,3.0,0.0,18.0
CRITICAL,PHYSICAL PORT DOWN,2026-03-30 19:06:06,1,2026-03-30 19:06:06,2505274.0,NORMAL,MISSING,MISSING,ALARM_SRC_0014,AG,2026.0,3.0,0.0,19.0
CRITICAL,PHYSICAL PORT DOWN,2026-03-30 19:06:33,1,2026-03-30 19:06:33,2505274.0,NORMAL,MISSING,MISSING,ALARM_SRC_0014,AG,2026.0,3.0,0.0,19.0
CRITICAL,PHYSICAL PORT DOWN,2026-03-31 11:05:53,1,2026-03-31 11:05:53,2505274.0,NORMAL,MISSING,MISSING,ALARM_SRC_0126,AG,2026.0,3.0,1.0,11.0
CRITICAL,PHYSICAL PORT DOWN,2026-03-31 11:07:22,1,2026-03-31 11:07:22,2505274.0,NORMAL,MISSING,MISSING,ALARM_SRC_0704,AR,2026.0,3.0,1.0,11.0
CRITICAL,PHYSICAL PORT DOWN,2026-03-31 11:16:02,1,2026-03-31 11:16:02,2505274.0,NORMAL,MISSING,MISSING,ALARM_SRC_0700,AR,2026.0,3.0,1.0,11.0
CRITICAL,PHYSICAL PORT DOWN,2026-03-31 12:13:05,1,2026-03-31 12:13:05,2505274.0,NORMAL,MISSING,MISSING,ALARM_SRC_0420,AR,2026.0,3.0,1.0,12.0
CRITICAL,PHYSICAL PORT DOWN,2026-03-31 16:03:36,1,2026-03-31 16:03:36,2505274.0,NORMAL,MISSING,MISSING,ALARM_SRC_1151,AR,2026.0,3.0,1.0,16.0
CRITICAL,PHYSICAL PORT DOWN,2026-03-31 16:36:58,1,2026-03-31 16:36:58,2505274.0,NORMAL,MISSING,MISSING,ALARM_SRC_0853,AR,2026.0,3.0,1.0,16.0
CRITICAL,PHYSICAL PORT DOWN,2026-03-31 16:53:29,1,2026-03-31 16:53:29,2505274.0,NORMAL,MISSING,MISSING,ALARM_SRC_0133,AR,2026.0,3.0,1.0,16.0
CRITICAL,PHYSICAL PORT DOWN,2026-03-31 16:56:38,1,2026-03-31 16:56:38,2505274.0,NORMAL,MISSING,MISSING,ALARM_SRC_0856,AR,2026.0,3.0,1.0,16.0
CRITICAL,PHYSICAL PORT DOWN,2026-03-31 17:34:30,1,2026-03-31 17:34:30,2505274.0,NORMAL,MISSING,MISSING,ALARM_SRC_0250,AR,2026.0,3.0,1.0,17.0
CRITICAL,PHYSICAL PORT DOWN,2026-03-31 19:27:23,1,2026-03-31 19:27:23,2505274.0,NORMAL,MISSING,MISSING,ALARM_SRC_0274,AR,2026.0,3.0,1.0,19.0
CRITICAL,PHYSICAL PORT DOWN,2026-04-01 10:17:52,1,2026-04-01 10:17:52,2505274.0,NORMAL,MISSING,MISSING,ALARM_SRC_0584,AR,2026.0,4.0,2.0,10.0
CRITICAL,PHYSICAL PORT DOWN,2026-04-01 10:40:54,1,2026-04-01 10:40:54,2505274.0,NORMAL,MISSING,MISSING,ALARM_SRC_0722,AR,2026.0,4.0,2.0,10.0
CRITICAL,PHYSICAL PORT DOWN,2026-04-01 11:13:45,1,2026-04-01 11:13:45,2505274.0,NORMAL,MISSING,MISSING,ALARM_SRC_0093,AG,2026.0,4.0,2.0,11.0
CRITICAL,PHYSICAL PORT DOWN,2026-04-01 11:14:02,1,2026-04-01 11:14:02,2505274.0,NORMAL,MISSING,MISSING,ALARM_SRC_0093,AG,2026.0,4.0,2.0,11.0
CRITICAL,PHYSICAL PORT DOWN,2026-04-01 11:55:47,1,2026-04-01 11:55:47,2505274.0,NORMAL,MISSING,MISSING,ALARM_SRC_1113,AR,2026.0,4.0,2.0,11.0
CRITICAL,PHYSICAL PORT DOWN,2026-04-01 12:20:20,1,2026-04-01 12:20:20,2505274.0,NORMAL,MISSING,MISSING,ALARM_SRC_0187,AR,2026.0,4.0,2.0,12.0
CRITICAL,PHYSICAL PORT DOWN,2026-04-01 14:58:59,1,2026-04-01 14:58:59,2505274.0,NORMAL,MISSING,MISSING,ALARM_SRC_0369,AR,2026.0,4.0,2.0,14.0
CRITICAL,PHYSICAL PORT DOWN,2026-04-01 15:04:51,1,2026-04-01 15:04:51,2505274.0,NORMAL,MISSING,MISSING,ALARM_SRC_0369,AR,2026.0,4.0,2.0,15.0
CRITICAL,PHYSICAL PORT DOWN,2026-04-01 15:08:49,1,2026-04-01 15:08:49,2505274.0,NORMAL,MISSING,MISSING,ALARM_SRC_0369,AR,2026.0,4.0,2.0,15.0
CRITICAL,PHYSICAL PORT DOWN,2026-04-01 15:32:18,1,2026-04-01 15:32:18,2505274.0,NORMAL,MISSING,MISSING,ALARM_SRC_0370,AR,2026.0,4.0,2.0,15.0
CRITICAL,PHYSICAL PORT DOWN,2026-04-01 16:30:42,1,2026-04-01 16:30:42,2505274.0,NORMAL,MISSING,MISSING,ALARM_SRC_0120,AG,2026.0,4.0,2.0,16.0
CRITICAL,PHYSICAL PORT DOWN,2026-04-01 16:30:45,1,2026-04-01 16:30:45,2505274.0,NORMAL,MISSING,MISSING,ALARM_SRC_0120,AG,2026.0,4.0,2.0,16.0
CRITICAL,PHYSICAL PORT DOWN,2026-04-01 16:57:36,1,2026-04-01 16:57:36,2505274.0,NORMAL,MISSING,MISSING,ALARM_SRC_0949,AR,2026.0,4.0,2.0,16.0
CRITICAL,PHYSICAL PORT DOWN,2026-04-01 19:50:07,1,2026-04-01 19:50:07,2505274.0,NORMAL,MISSING,MISSING,ALARM_SRC_1109,AR,2026.0,4.0,2.0,19.0
CRITICAL,PHYSICAL PORT DOWN,2026-04-01 19:50:07,1,2026-04-01 19:50:07,2505274.0,NORMAL,MISSING,MISSING,ALARM_SRC_1109,AR,2026.0,4.0,2.0,19.0
CRITICAL,PHYSICAL PORT DOWN,2026-04-01 20:35:49,1,2026-04-01 20:35:49,2505274.0,NORMAL,MISSING,MISSING,ALARM_SRC_1071,AR,2026.0,4.0,2.0,20.0
CRITICAL,PHYSICAL PORT DOWN,2026-04-01 22:06:43,1,2026-04-01 22:06:43,2505274.0,NORMAL,MISSING,MISSING,ALARM_SRC_0365,AR,2026.0,4.0,2.0,22.0
CRITICAL,PHYSICAL PORT DOWN,2026-04-02 09:25:50,1,2026-04-02 09:25:50,2505274.0,NORMAL,MISSING,MISSING,ALARM_SRC_0981,AR,2026.0,4.0,3.0,9.0
CRITICAL,PHYSICAL PORT DOWN,2026-04-02 11:06:14,1,2026-04-02 11:06:14,2505274.0,NORMAL,MISSING,MISSING,ALARM_SRC_0925,AR,2026.0,4.0,3.0,11.0
CRITICAL,PHYSICAL PORT DOWN,2026-04-02 11:42:20,1,2026-04-02 11:42:20,2505274.0,NORMAL,MISSING,MISSING,ALARM_SRC_0660,AR,2026.0,4.0,3.0,11.0
CRITICAL,PHYSICAL PORT DOWN,2026-04-02 12:22:53,1,2026-04-02 12:22:53,2505274.0,NORMAL,MISSING,MISSING,ALARM_SRC_0660,AR,2026.0,4.0,3.0,12.0
CRITICAL,PHYSICAL PORT DOWN,2026-04-02 12:33:17,1,2026-04-02 12:33:17,2505274.0,NORMAL,MISSING,MISSING,ALARM_SRC_0525,AR,2026.0,4.0,3.0,12.0
CRITICAL,PHYSICAL PORT DOWN,2026-04-02 17:13:20,1,2026-04-02 17:13:20,2505274.0,NORMAL,MISSING,MISSING,ALARM_SRC_0838,AR,2026.0,4.0,3.0,17.0
CRITICAL,PHYSICAL PORT DOWN,2026-04-02 18:47:34,1,2026-04-02 18:47:34,2505274.0,NORMAL,MISSING,MISSING,ALARM_SRC_0793,AR,2026.0,4.0,3.0,18.0
CRITICAL,PHYSICAL PORT DOWN,2026-04-02 23:41:45,1,2026-04-02 23:41:45,2505274.0,NORMAL,MISSING,MISSING,ALARM_SRC_1162,AR,2026.0,4.0,3.0,23.0
CRITICAL,PHYSICAL PORT DOWN,2026-04-03 10:15:03,1,2026-04-03 10:15:03,2505274.0,NORMAL,MISSING,MISSING,ALARM_SRC_1124,AR,2026.0,4.0,4.0,10.0
CRITICAL,PHYSICAL PORT DOWN,2026-04-03 11:05:40,1,2026-04-03 11:05:40,2505274.0,NORMAL,MISSING,MISSING,ALARM_SRC_0592,AR,2026.0,4.0,4.0,11.0
CRITICAL,PHYSICAL PORT DOWN,2026-04-03 11:05:40,1,2026-04-03 11:05:40,2505274.0,NORMAL,MISSING,MISSING,ALARM_SRC_0592,AR,2026.0,4.0,4.0,11.0
CRITICAL,PHYSICAL PORT DOWN,2026-04-03 20:17:30,1,2026-04-03 20:17:30,2505274.0,NORMAL,MISSING,MISSING,ALARM_SRC_0364,AR,2026.0,4.0,4.0,20.0
CRITICAL,PHYSICAL PORT DOWN,2026-04-04 05:22:17,1,2026-04-04 05:22:17,2505274.0,NORMAL,MISSING,MISSING,ALARM_SRC_1065,AR,2026.0,4.0,5.0,5.0
CRITICAL,PHYSICAL PORT DOWN,2026-04-04 12:40:58,1,2026-04-04 12:40:58,2505274.0,NORMAL,MISSING,MISSING,ALARM_SRC_0947,AR,2026.0,4.0,5.0,12.0
CRITICAL,PHYSICAL PORT DOWN,2026-04-04 15:46:34,1,2026-04-04 15:46:34,2505274.0,NORMAL,MISSING,MISSING,ALARM_SRC_1072,AR,2026.0,4.0,5.0,15.0
CRITICAL,PHYSICAL PORT DOWN,2026-04-05 14:30:27,1,2026-04-05 14:30:27,2505274.0,NORMAL,MISSING,MISSING,ALARM_SRC_0801,AR,2026.0,4.0,6.0,14.0
CRITICAL,PHYSICAL PORT DOWN,2026-04-05 14:30:27,1,2026-04-05 14:30:27,2505274.0,NORMAL,MISSING,MISSING,ALARM_SRC_0801,AR,2026.0,4.0,6.0,14.0
CRITICAL,PHYSICAL PORT DOWN,2026-04-05 14:30:27,1,2026-04-05 14:30:27,2505274.0,NORMAL,MISSING,MISSING,ALARM_SRC_0801,AR,2026.0,4.0,6.0,14.0
CRITICAL,PHYSICAL PORT DOWN,2026-04-05 15:19:30,1,2026-04-05 15:19:30,2505274.0,NORMAL,MISSING,MISSING,ALARM_SRC_1152,AR,2026.0,4.0,6.0,15.0
CRITICAL,PHYSICAL PORT DOWN,2026-04-05 19:04:51,1,2026-04-05 19:04:51,2505274.0,NORMAL,MISSING,MISSING,ALARM_SRC_0588,AR,2026.0,4.0,6.0,19.0
CRITICAL,BOARD INVALID,2026-04-05 20:16:53,1,2026-04-05 20:16:53,2505210.0,NORMAL,MISSING,MISSING,ALARM_SRC_0028,AG,2026.0,4.0,6.0,20.0
CRITICAL,PHYSICAL PORT DOWN,2026-04-05 22:11:54,1,2026-04-05 22:11:54,2505274.0,NORMAL,MISSING,MISSING,ALARM_SRC_1161,AR,2026.0,4.0,6.0,22.0
CRITICAL,PHYSICAL PORT DOWN,2026-04-06 01:30:34,1,2026-04-06 01:30:34,2505274.0,NORMAL,MISSING,MISSING,ALARM_SRC_0859,AR,2026.0,4.0,0.0,1.0
CRITICAL,PHYSICAL PORT DOWN,2026-04-06 05:26:59,1,2026-04-06 05:26:59,2505274.0,NORMAL,MISSING,MISSING,ALARM_SRC_0236,AR,2026.0,4.0,0.0,5.0
CRITICAL,PHYSICAL PORT DOWN,2026-04-06 07:02:05,1,2026-04-06 07:02:05,2505274.0,NORMAL,MISSING,MISSING,ALARM_SRC_0254,AR,2026.0,4.0,0.0,7.0
CRITICAL,THE DEVICE IS OFFLINE,2026-04-06 07:22:09,1,2026-04-06 07:22:09,7.0,NORMAL,MISSING,MISSING,ALARM_SRC_1127,AR,2026.0,4.0,0.0,7.0
CRITICAL,PHYSICAL PORT DOWN,2026-04-06 08:38:57,1,2026-04-06 08:38:57,2505274.0,NORMAL,MISSING,MISSING,ALARM_SRC_0795,AR,2026.0,4.0,0.0,8.0
CRITICAL,PHYSICAL PORT DOWN,2026-04-06 08:38:57,1,2026-04-06 08:38:57,2505274.0,NORMAL,MISSING,MISSING,ALARM_SRC_0795,AR,2026.0,4.0,0.0,8.0
CRITICAL,PHYSICAL PORT DOWN,2026-04-06 11:08:40,1,2026-04-06 11:08:40,2505274.0,NORMAL,MISSING,MISSING,ALARM_SRC_0627,AR,2026.0,4.0,0.0,11.0
CRITICAL,PHYSICAL PORT DOWN,2026-04-06 14:38:27,1,2026-04-06 14:38:27,2505274.0,NORMAL,MISSING,MISSING,ALARM_SRC_0728,AR,2026.0,4.0,0.0,14.0
CRITICAL,PHYSICAL PORT DOWN,2026-04-06 14:38:27,1,2026-04-06 14:38:27,2505274.0,NORMAL,MISSING,MISSING,ALARM_SRC_0704,AR,2026.0,4.0,0.0,14.0
CRITICAL,PHYSICAL PORT DOWN,2026-04-06 15:06:50,1,2026-04-06 15:06:50,2505274.0,NORMAL,MISSING,MISSING,ALARM_SRC_1150,AR,2026.0,4.0,0.0,15.0
CRITICAL,PHYSICAL PORT DOWN,2026-04-06 17:02:52,1,2026-04-06 17:02:52,2505274.0,NORMAL,MISSING,MISSING,ALARM_SRC_0366,AR,2026.0,4.0,0.0,17.0
CRITICAL,PHYSICAL PORT DOWN,2026-04-06 22:11:31,1,2026-04-06 22:11:31,2505274.0,NORMAL,MISSING,MISSING,ALARM_SRC_0365,AR,2026.0,4.0,0.0,22.0
CRITICAL,PHYSICAL PORT DOWN,2026-04-06 22:46:25,1,2026-04-06 22:46:25,2505274.0,NORMAL,MISSING,MISSING,ALARM_SRC_0794,AR,2026.0,4.0,0.0,22.0
CRITICAL,PHYSICAL PORT DOWN,2026-04-07 08:06:30,1,2026-04-07 08:06:30,2505274.0,NORMAL,MISSING,MISSING,ALARM_SRC_0017,AG,2026.0,4.0,1.0,8.0
CRITICAL,PHYSICAL PORT DOWN,2026-04-07 08:06:34,1,2026-04-07 08:06:34,2505274.0,NORMAL,MISSING,MISSING,ALARM_SRC_1182,CP,2026.0,4.0,1.0,8.0
CRITICAL,PHYSICAL PORT DOWN,2026-04-07 08:50:12,1,2026-04-07 08:50:12,2505274.0,NORMAL,MISSING,MISSING,ALARM_SRC_0956,AR,2026.0,4.0,1.0,8.0
CRITICAL,PHYSICAL PORT DOWN,2026-04-07 12:10:12,1,2026-04-07 12:10:12,2505274.0,NORMAL,MISSING,MISSING,ALARM_SRC_1175,CP,2026.0,4.0,1.0,12.0
CRITICAL,PHYSICAL PORT DOWN,2026-04-07 15:31:45,1,2026-04-07 15:31:45,2505274.0,NORMAL,MISSING,MISSING,ALARM_SRC_1144,AR,2026.0,4.0,1.0,15.0
CRITICAL,PHYSICAL PORT DOWN,2026-04-07 16:05:52,1,2026-04-07 16:05:52,2505274.0,NORMAL,MISSING,MISSING,ALARM_SRC_0850,AR,2026.0,4.0,1.0,16.0
CRITICAL,PHYSICAL PORT DOWN,2026-04-07 16:05:52,1,2026-04-07 16:05:52,2505274.0,NORMAL,MISSING,MISSING,ALARM_SRC_0850,AR,2026.0,4.0,1.0,16.0
CRITICAL,PHYSICAL PORT DOWN,2026-04-07 17:32:15,1,2026-04-07 17:32:15,2505274.0,NORMAL,MISSING,MISSING,ALARM_SRC_0957,AR,2026.0,4.0,1.0,17.0
CRITICAL,PHYSICAL PORT DOWN,2026-04-07 17:32:15,1,2026-04-07 17:32:15,2505274.0,NORMAL,MISSING,MISSING,ALARM_SRC_0957,AR,2026.0,4.0,1.0,17.0
CRITICAL,PHYSICAL PORT DOWN,2026-04-07 17:32:15,1,2026-04-07 17:32:15,2505274.0,NORMAL,MISSING,MISSING,ALARM_SRC_0957,AR,2026.0,4.0,1.0,17.0
CRITICAL,PHYSICAL PORT DOWN,2026-04-07 23:38:50,1,2026-04-07 23:38:50,2505274.0,NORMAL,MISSING,MISSING,ALARM_SRC_1096,AR,2026.0,4.0,1.0,23.0
CRITICAL,PHYSICAL PORT DOWN,2026-04-08 08:24:03,1,2026-04-08 08:24:03,2505274.0,NORMAL,MISSING,MISSING,ALARM_SRC_0558,AR,2026.0,4.0,2.0,8.0
CRITICAL,PHYSICAL PORT DOWN,2026-04-08 09:59:42,1,2026-04-08 09:59:42,2505274.0,NORMAL,MISSING,MISSING,ALARM_SRC_0619,AR,2026.0,4.0,2.0,9.0
CRITICAL,PHYSICAL PORT DOWN,2026-04-08 10:58:16,1,2026-04-08 10:58:16,2505274.0,NORMAL,MISSING,MISSING,ALARM_SRC_0046,AG,2026.0,4.0,2.0,10.0
CRITICAL,PHYSICAL PORT DOWN,2026-04-08 10:58:24,1,2026-04-08 10:58:24,2505274.0,NORMAL,MISSING,MISSING,ALARM_SRC_0046,AG,2026.0,4.0,2.0,10.0
CRITICAL,PHYSICAL PORT DOWN,2026-04-08 12:28:25,1,2026-04-08 12:28:25,2505274.0,NORMAL,MISSING,MISSING,ALARM_SRC_0508,AR,2026.0,4.0,2.0,12.0
CRITICAL,PHYSICAL PORT DOWN,2026-04-08 15:09:03,1,2026-04-08 15:09:03,2505274.0,NORMAL,MISSING,MISSING,ALARM_SRC_0435,AR,2026.0,4.0,2.0,15.0
CRITICAL,PHYSICAL PORT DOWN,2026-04-08 17:30:57,1,2026-04-08 17:30:57,2505274.0,NORMAL,MISSING,MISSING,ALARM_SRC_1150,AR,2026.0,4.0,2.0,17.0
CRITICAL,PHYSICAL PORT DOWN,2026-04-08 17:59:29,1,2026-04-08 17:59:29,2505274.0,NORMAL,MISSING,MISSING,ALARM_SRC_0181,AR,2026.0,4.0,2.0,17.0
CRITICAL,PHYSICAL PORT DOWN,2026-04-08 17:59:29,1,2026-04-08 17:59:29,2505274.0,NORMAL,MISSING,MISSING,ALARM_SRC_0181,AR,2026.0,4.0,2.0,17.0
CRITICAL,PHYSICAL PORT DOWN,2026-04-08 17:59:29,1,2026-04-08 17:59:29,2505274.0,NORMAL,MISSING,MISSING,ALARM_SRC_0181,AR,2026.0,4.0,2.0,17.0
CRITICAL,PHYSICAL PORT DOWN,2026-04-08 18:00:26,1,2026-04-08 18:00:26,2505274.0,NORMAL,MISSING,MISSING,ALARM_SRC_0191,AR,2026.0,4.0,2.0,18.0
CRITICAL,PHYSICAL PORT DOWN,2026-04-08 18:00:26,1,2026-04-08 18:00:26,2505274.0,NORMAL,MISSING,MISSING,ALARM_SRC_0191,AR,2026.0,4.0,2.0,18.0
CRITICAL,PHYSICAL PORT DOWN,2026-04-08 18:01:17,1,2026-04-08 18:01:17,2505274.0,NORMAL,MISSING,MISSING,ALARM_SRC_0200,AR,2026.0,4.0,2.0,18.0
CRITICAL,PHYSICAL PORT DOWN,2026-04-08 18:44:03,1,2026-04-08 18:44:03,2505274.0,NORMAL,MISSING,MISSING,ALARM_SRC_0115,AG,2026.0,4.0,2.0,18.0
CRITICAL,PHYSICAL PORT DOWN,2026-04-08 18:44:03,1,2026-04-08 18:44:03,2505274.0,NORMAL,MISSING,MISSING,ALARM_SRC_0115,AG,2026.0,4.0,2.0,18.0
CRITICAL,PHYSICAL PORT DOWN,2026-04-08 19:37:40,1,2026-04-08 19:37:40,2505274.0,NORMAL,MISSING,MISSING,ALARM_SRC_0177,AR,2026.0,4.0,2.0,19.0
CRITICAL,PHYSICAL PORT DOWN,2026-04-09 13:39:03,1,2026-04-09 13:39:03,2505274.0,NORMAL,MISSING,MISSING,ALARM_SRC_0321,AR,2026.0,4.0,3.0,13.0
CRITICAL,PHYSICAL PORT DOWN,2026-04-09 14:52:32,1,2026-04-09 14:52:32,2505274.0,NORMAL,MISSING,MISSING,ALARM_SRC_0639,AR,2026.0,4.0,3.0,14.0
CRITICAL,PHYSICAL PORT DOWN,2026-04-09 15:43:04,1,2026-04-09 15:43:04,2505274.0,NORMAL,MISSING,MISSING,ALARM_SRC_0262,AR,2026.0,4.0,3.0,15.0
CRITICAL,PHYSICAL PORT DOWN,2026-04-09 17:42:57,1,2026-04-09 17:42:57,2505274.0,NORMAL,MISSING,MISSING,ALARM_SRC_0125,AG,2026.0,4.0,3.0,17.0
CRITICAL,PHYSICAL PORT DOWN,2026-04-09 17:42:58,1,2026-04-09 17:42:58,2505274.0,NORMAL,MISSING,MISSING,ALARM_SRC_0125,AG,2026.0,4.0,3.0,17.0
CRITICAL,PHYSICAL PORT DOWN,2026-04-09 18:17:24,1,2026-04-09 18:17:24,2505274.0,NORMAL,MISSING,MISSING,ALARM_SRC_1162,AR,2026.0,4.0,3.0,18.0
CRITICAL,PHYSICAL PORT DOWN,2026-04-09 18:23:40,1,2026-04-09 18:23:40,2505274.0,NORMAL,MISSING,MISSING,ALARM_SRC_1162,AR,2026.0,4.0,3.0,18.0
CRITICAL,PHYSICAL PORT DOWN,2026-04-09 22:13:43,1,2026-04-09 22:13:43,2505274.0,NORMAL,MISSING,MISSING,ALARM_SRC_1124,AR,2026.0,4.0,3.0,22.0
CRITICAL,PHYSICAL PORT DOWN,2026-04-09 22:18:23,1,2026-04-09 22:18:23,2505274.0,NORMAL,MISSING,MISSING,ALARM_SRC_0776,AR,2026.0,4.0,3.0,22.0
CRITICAL,PHYSICAL PORT DOWN,2026-04-10 11:03:43,1,2026-04-10 11:03:43,2505274.0,NORMAL,MISSING,MISSING,ALARM_SRC_0305,AR,2026.0,4.0,4.0,11.0
CRITICAL,PHYSICAL PORT DOWN,2026-04-10 11:10:43,1,2026-04-10 11:10:43,2505274.0,NORMAL,MISSING,MISSING,ALARM_SRC_0688,AR,2026.0,4.0,4.0,11.0
CRITICAL,PHYSICAL PORT DOWN,2026-04-10 12:03:11,1,2026-04-10 12:03:11,2505274.0,NORMAL,MISSING,MISSING,ALARM_SRC_0612,AR,2026.0,4.0,4.0,12.0
CRITICAL,PHYSICAL PORT DOWN,2026-04-10 12:10:42,1,2026-04-10 12:10:42,2505274.0,NORMAL,MISSING,MISSING,ALARM_SRC_0252,AR,2026.0,4.0,4.0,12.0
CRITICAL,PHYSICAL PORT DOWN,2026-04-10 13:00:14,1,2026-04-10 13:00:14,2505274.0,NORMAL,MISSING,MISSING,ALARM_SRC_0186,AR,2026.0,4.0,4.0,13.0
CRITICAL,PHYSICAL PORT DOWN,2026-04-10 13:00:14,1,2026-04-10 13:00:14,2505274.0,NORMAL,MISSING,MISSING,ALARM_SRC_0453,AR,2026.0,4.0,4.0,13.0
CRITICAL,PHYSICAL PORT DOWN,2026-04-10 14:21:22,1,2026-04-10 14:21:22,2505274.0,NORMAL,MISSING,MISSING,ALARM_SRC_0453,AR,2026.0,4.0,4.0,14.0
CRITICAL,PHYSICAL PORT DOWN,2026-04-10 14:21:22,1,2026-04-10 14:21:22,2505274.0,NORMAL,MISSING,MISSING,ALARM_SRC_0186,AR,2026.0,4.0,4.0,14.0
CRITICAL,PHYSICAL PORT DOWN,2026-04-10 17:01:58,1,2026-04-10 17:01:58,2505274.0,NORMAL,MISSING,MISSING,ALARM_SRC_0103,AG,2026.0,4.0,4.0,17.0
CRITICAL,PHYSICAL PORT DOWN,2026-04-10 17:31:09,1,2026-04-10 17:31:09,2505274.0,NORMAL,MISSING,MISSING,ALARM_SRC_0261,AR,2026.0,4.0,4.0,17.0
CRITICAL,PHYSICAL PORT DOWN,2026-04-10 18:12:54,1,2026-04-10 18:12:54,2505274.0,NORMAL,MISSING,MISSING,ALARM_SRC_0507,AR,2026.0,4.0,4.0,18.0
CRITICAL,PHYSICAL PORT DOWN,2026-04-10 18:18:50,1,2026-04-10 18:18:50,2505274.0,NORMAL,MISSING,MISSING,ALARM_SRC_0042,AG,2026.0,4.0,4.0,18.0
CRITICAL,PHYSICAL PORT DOWN,2026-04-10 18:24:09,1,2026-04-10 18:24:09,2505274.0,NORMAL,MISSING,MISSING,ALARM_SRC_0042,AG,2026.0,4.0,4.0,18.0
CRITICAL,PHYSICAL PORT DOWN,2026-04-10 20:54:06,1,2026-04-10 20:54:06,2505274.0,NORMAL,MISSING,MISSING,ALARM_SRC_0827,AR,2026.0,4.0,4.0,20.0
CRITICAL,PHYSICAL PORT DOWN,2026-04-10 21:08:37,1,2026-04-10 21:08:37,2505274.0,NORMAL,MISSING,MISSING,ALARM_SRC_0506,AR,2026.0,4.0,4.0,21.0
CRITICAL,PHYSICAL PORT DOWN,2026-04-11 09:41:36,1,2026-04-11 09:41:36,2505274.0,NORMAL,MISSING,MISSING,ALARM_SRC_0928,AR,2026.0,4.0,5.0,9.0
CRITICAL,PHYSICAL PORT DOWN,2026-04-11 16:35:17,1,2026-04-11 16:35:17,2505274.0,NORMAL,MISSING,MISSING,ALARM_SRC_0656,AR,2026.0,4.0,5.0,16.0
CRITICAL,PHYSICAL PORT DOWN,2026-04-11 18:53:09,1,2026-04-11 18:53:09,2505274.0,NORMAL,MISSING,MISSING,ALARM_SRC_1156,AR,2026.0,4.0,5.0,18.0
CRITICAL,PHYSICAL PORT DOWN,2026-04-11 21:35:48,1,2026-04-11 21:35:48,2505274.0,NORMAL,MISSING,MISSING,ALARM_SRC_0095,AG,2026.0,4.0,5.0,21.0
CRITICAL,THE DEVICE IS OFFLINE,2026-04-11 22:18:24,1,2026-04-11 22:18:24,7.0,NORMAL,MISSING,MISSING,ALARM_SRC_0288,AR,2026.0,4.0,5.0,22.0
CRITICAL,PHYSICAL PORT DOWN,2026-04-11 22:39:37,1,2026-04-11 22:39:37,2505274.0,NORMAL,MISSING,MISSING,ALARM_SRC_0156,AR,2026.0,4.0,5.0,22.0
CRITICAL,PHYSICAL PORT DOWN,2026-04-12 04:53:36,1,2026-04-12 04:53:36,2505274.0,NORMAL,MISSING,MISSING,ALARM_SRC_0772,AR,2026.0,4.0,6.0,4.0
CRITICAL,PHYSICAL PORT DOWN,2026-04-12 16:33:04,1,2026-04-12 16:33:04,2505274.0,NORMAL,MISSING,MISSING,ALARM_SRC_0681,AR,2026.0,4.0,6.0,16.0
CRITICAL,PHYSICAL PORT DOWN,2026-04-12 17:01:58,1,2026-04-12 17:01:58,2505274.0,NORMAL,MISSING,MISSING,ALARM_SRC_0298,AR,2026.0,4.0,6.0,17.0
CRITICAL,PHYSICAL PORT DOWN,2026-04-12 17:59:53,1,2026-04-12 17:59:53,2505274.0,NORMAL,MISSING,MISSING,ALARM_SRC_0149,AR,2026.0,4.0,6.0,17.0
CRITICAL,PHYSICAL PORT DOWN,2026-04-12 21:14:31,1,2026-04-12 21:14:31,2505274.0,NORMAL,MISSING,MISSING,ALARM_SRC_0508,AR,2026.0,4.0,6.0,21.0
CRITICAL,PHYSICAL PORT DOWN,2026-04-12 21:44:47,1,2026-04-12 21:44:47,2505274.0,NORMAL,MISSING,MISSING,ALARM_SRC_0304,AR,2026.0,4.0,6.0,21.0
CRITICAL,PHYSICAL PORT DOWN,2026-04-12 21:44:47,1,2026-04-12 21:44:47,2505274.0,NORMAL,MISSING,MISSING,ALARM_SRC_0304,AR,2026.0,4.0,6.0,21.0
CRITICAL,PHYSICAL PORT DOWN,2026-04-12 21:44:47,1,2026-04-12 21:44:47,2505274.0,NORMAL,MISSING,MISSING,ALARM_SRC_0304,AR,2026.0,4.0,6.0,21.0
CRITICAL,PHYSICAL PORT DOWN,2026-04-12 21:44:47,1,2026-04-12 21:44:47,2505274.0,NORMAL,MISSING,MISSING,ALARM_SRC_0304,AR,2026.0,4.0,6.0,21.0
CRITICAL,PHYSICAL PORT DOWN,2026-04-12 21:44:47,1,2026-04-12 21:44:47,2505274.0,NORMAL,MISSING,MISSING,ALARM_SRC_0304,AR,2026.0,4.0,6.0,21.0
CRITICAL,PHYSICAL PORT DOWN,2026-04-12 21:44:47,1,2026-04-12 21:44:47,2505274.0,NORMAL,MISSING,MISSING,ALARM_SRC_0304,AR,2026.0,4.0,6.0,21.0
CRITICAL,PHYSICAL PORT DOWN,2026-04-12 21:44:47,1,2026-04-12 21:44:47,2505274.0,NORMAL,MISSING,MISSING,ALARM_SRC_0304,AR,2026.0,4.0,6.0,21.0
CRITICAL,PHYSICAL PORT DOWN,2026-04-12 21:44:47,1,2026-04-12 21:44:47,2505274.0,NORMAL,MISSING,MISSING,ALARM_SRC_0304,AR,2026.0,4.0,6.0,21.0
CRITICAL,PHYSICAL PORT DOWN,2026-04-13 10:33:58,1,2026-04-13 10:33:58,3074752.0,NORMAL,MISSING,MISSING,ALARM_SRC_1168,CA,2026.0,4.0,0.0,10.0
CRITICAL,PHYSICAL PORT DOWN,2026-04-13 11:03:33,1,2026-04-13 11:03:33,2505274.0,NORMAL,MISSING,MISSING,ALARM_SRC_0747,AR,2026.0,4.0,0.0,11.0
CRITICAL,PHYSICAL PORT DOWN,2026-04-13 11:49:25,1,2026-04-13 11:49:25,2505274.0,NORMAL,MISSING,MISSING,ALARM_SRC_0367,AR,2026.0,4.0,0.0,11.0
CRITICAL,PHYSICAL PORT DOWN,2026-04-13 11:49:25,1,2026-04-13 11:49:25,2505274.0,NORMAL,MISSING,MISSING,ALARM_SRC_0367,AR,2026.0,4.0,0.0,11.0
CRITICAL,PHYSICAL PORT DOWN,2026-04-13 12:37:32,1,2026-04-13 12:37:32,2505274.0,NORMAL,MISSING,MISSING,ALARM_SRC_0804,AR,2026.0,4.0,0.0,12.0
CRITICAL,PHYSICAL PORT DOWN,2026-04-13 13:14:23,1,2026-04-13 13:14:23,2505274.0,NORMAL,MISSING,MISSING,ALARM_SRC_0146,AR,2026.0,4.0,0.0,13.0
CRITICAL,PHYSICAL PORT DOWN,2026-04-13 15:38:40,1,2026-04-13 15:38:40,2505274.0,NORMAL,MISSING,MISSING,ALARM_SRC_1093,AR,2026.0,4.0,0.0,15.0
CRITICAL,PHYSICAL PORT DOWN,2026-04-13 16:16:34,1,2026-04-13 16:16:34,2505274.0,NORMAL,MISSING,MISSING,ALARM_SRC_0626,AR,2026.0,4.0,0.0,16.0
CRITICAL,PHYSICAL PORT DOWN,2026-04-13 16:40:00,1,2026-04-13 16:40:00,2505274.0,NORMAL,MISSING,MISSING,ALARM_SRC_0480,AR,2026.0,4.0,0.0,16.0
CRITICAL,PHYSICAL PORT DOWN,2026-04-13 17:23:23,1,2026-04-13 17:23:23,2505274.0,NORMAL,MISSING,MISSING,ALARM_SRC_0178,AR,2026.0,4.0,0.0,17.0
CRITICAL,THE DEVICE IS OFFLINE,2026-04-13 17:46:18,1,2026-04-13 17:46:18,7.0,NORMAL,MISSING,MISSING,ALARM_SRC_1056,AR,2026.0,4.0,0.0,17.0
CRITICAL,PHYSICAL PORT DOWN,2026-04-13 17:55:10,1,2026-04-13 17:55:10,2505274.0,NORMAL,MISSING,MISSING,ALARM_SRC_0868,AR,2026.0,4.0,0.0,17.0
CRITICAL,PHYSICAL PORT DOWN,2026-04-13 20:11:19,1,2026-04-13 20:11:19,2505274.0,NORMAL,MISSING,MISSING,ALARM_SRC_0629,AR,2026.0,4.0,0.0,20.0
CRITICAL,PHYSICAL PORT DOWN,2026-04-13 20:33:48,1,2026-04-13 20:33:48,2505274.0,NORMAL,MISSING,MISSING,ALARM_SRC_0837,AR,2026.0,4.0,0.0,20.0
CRITICAL,BOARD INVALID,2026-04-14 03:01:43,1,2026-04-14 03:01:43,2505210.0,NORMAL,MISSING,MISSING,ALARM_SRC_0372,AR,2026.0,4.0,1.0,3.0
CRITICAL,PHYSICAL PORT DOWN,2026-04-14 09:22:50,1,2026-04-14 09:22:50,2505274.0,NORMAL,MISSING,MISSING,ALARM_SRC_0246,AR,2026.0,4.0,1.0,9.0
CRITICAL,PHYSICAL PORT DOWN,2026-04-14 10:53:00,1,2026-04-14 10:53:00,2505274.0,NORMAL,MISSING,MISSING,ALARM_SRC_0036,AG,2026.0,4.0,1.0,10.0
CRITICAL,PHYSICAL PORT DOWN,2026-04-14 10:53:01,1,2026-04-14 10:53:01,2505274.0,NORMAL,MISSING,MISSING,ALARM_SRC_0036,AG,2026.0,4.0,1.0,10.0
CRITICAL,PHYSICAL PORT DOWN,2026-04-14 11:39:57,1,2026-04-14 11:39:57,2505274.0,NORMAL,MISSING,MISSING,ALARM_SRC_0754,AR,2026.0,4.0,1.0,11.0
CRITICAL,PHYSICAL PORT DOWN,2026-04-14 13:15:21,1,2026-04-14 13:15:21,2505274.0,NORMAL,MISSING,MISSING,ALARM_SRC_0457,AR,2026.0,4.0,1.0,13.0
CRITICAL,PHYSICAL PORT DOWN,2026-04-14 13:32:21,1,2026-04-14 13:32:21,2505274.0,NORMAL,MISSING,MISSING,ALARM_SRC_0951,AR,2026.0,4.0,1.0,13.0
CRITICAL,PHYSICAL PORT DOWN,2026-04-14 15:41:17,1,2026-04-14 15:41:17,3074752.0,NORMAL,MISSING,MISSING,ALARM_SRC_0044,AG,2026.0,4.0,1.0,15.0
CRITICAL,PHYSICAL PORT DOWN,2026-04-14 19:05:52,1,2026-04-14 19:05:52,2505274.0,NORMAL,MISSING,MISSING,ALARM_SRC_1080,AR,2026.0,4.0,1.0,19.0
CRITICAL,PHYSICAL PORT DOWN,2026-04-14 19:05:52,1,2026-04-14 19:05:52,2505274.0,NORMAL,MISSING,MISSING,ALARM_SRC_0136,AR,2026.0,4.0,1.0,19.0
CRITICAL,PHYSICAL PORT DOWN,2026-04-15 00:22:38,1,2026-04-15 00:22:38,2505274.0,NORMAL,MISSING,MISSING,ALARM_SRC_0774,AR,2026.0,4.0,2.0,0.0
CRITICAL,PHYSICAL PORT DOWN,2026-04-15 01:24:51,1,2026-04-15 01:24:51,2505274.0,NORMAL,MISSING,MISSING,ALARM_SRC_0601,AR,2026.0,4.0,2.0,1.0
CRITICAL,PHYSICAL PORT DOWN,2026-04-15 10:23:57,1,2026-04-15 10:23:57,2505274.0,NORMAL,MISSING,MISSING,ALARM_SRC_0034,AG,2026.0,4.0,2.0,10.0
CRITICAL,PHYSICAL PORT DOWN,2026-04-15 10:24:00,1,2026-04-15 10:24:00,2505274.0,NORMAL,MISSING,MISSING,ALARM_SRC_0034,AG,2026.0,4.0,2.0,10.0
CRITICAL,PHYSICAL PORT DOWN,2026-04-15 10:51:32,1,2026-04-15 10:51:32,2505274.0,NORMAL,MISSING,MISSING,ALARM_SRC_0754,AR,2026.0,4.0,2.0,10.0
CRITICAL,PHYSICAL PORT DOWN,2026-04-15 11:24:03,1,2026-04-15 11:24:03,2505274.0,NORMAL,MISSING,MISSING,ALARM_SRC_0584,AR,2026.0,4.0,2.0,11.0
CRITICAL,PHYSICAL PORT DOWN,2026-04-15 12:19:43,1,2026-04-15 12:19:43,2505274.0,NORMAL,MISSING,MISSING,ALARM_SRC_0676,AR,2026.0,4.0,2.0,12.0
CRITICAL,PHYSICAL PORT DOWN,2026-04-15 12:35:56,1,2026-04-15 12:35:56,2505274.0,NORMAL,MISSING,MISSING,ALARM_SRC_0758,AR,2026.0,4.0,2.0,12.0
CRITICAL,THE DEVICE IS OFFLINE,2026-04-15 14:00:08,1,2026-04-15 14:00:08,7.0,NORMAL,MISSING,MISSING,ALARM_SRC_0176,AR,2026.0,4.0,2.0,14.0
CRITICAL,PHYSICAL PORT DOWN,2026-04-15 14:00:38,1,2026-04-15 14:00:38,2505274.0,NORMAL,MISSING,MISSING,ALARM_SRC_0177,AR,2026.0,4.0,2.0,14.0
CRITICAL,PHYSICAL PORT DOWN,2026-04-15 14:15:32,1,2026-04-15 14:15:32,2505274.0,NORMAL,MISSING,MISSING,ALARM_SRC_0541,AR,2026.0,4.0,2.0,14.0
CRITICAL,PHYSICAL PORT DOWN,2026-04-15 14:43:13,1,2026-04-15 14:43:13,2505274.0,NORMAL,MISSING,MISSING,ALARM_SRC_0333,AR,2026.0,4.0,2.0,14.0
CRITICAL,PHYSICAL PORT DOWN,2026-04-15 14:54:19,1,2026-04-15 14:54:19,2505274.0,NORMAL,MISSING,MISSING,ALARM_SRC_0333,AR,2026.0,4.0,2.0,14.0
CRITICAL,PHYSICAL PORT DOWN,2026-04-15 16:29:17,1,2026-04-15 16:29:17,2505274.0,NORMAL,MISSING,MISSING,ALARM_SRC_0558,AR,2026.0,4.0,2.0,16.0
CRITICAL,PHYSICAL PORT DOWN,2026-04-15 18:54:52,1,2026-04-15 18:54:52,2505274.0,NORMAL,MISSING,MISSING,ALARM_SRC_0539,AR,2026.0,4.0,2.0,18.0
CRITICAL,PHYSICAL PORT DOWN,2026-04-16 10:22:31,1,2026-04-16 10:22:31,2505274.0,NORMAL,MISSING,MISSING,ALARM_SRC_0173,AR,2026.0,4.0,3.0,10.0
CRITICAL,PHYSICAL PORT DOWN,2026-04-16 10:55:40,1,2026-04-16 10:55:40,2505274.0,NORMAL,MISSING,MISSING,ALARM_SRC_0335,AR,2026.0,4.0,3.0,10.0
CRITICAL,PHYSICAL PORT DOWN,2026-04-16 11:08:29,1,2026-04-16 11:08:29,2505274.0,NORMAL,MISSING,MISSING,ALARM_SRC_0550,AR,2026.0,4.0,3.0,11.0
CRITICAL,PHYSICAL PORT DOWN,2026-04-16 11:30:26,1,2026-04-16 11:30:26,2505274.0,NORMAL,MISSING,MISSING,ALARM_SRC_0897,AR,2026.0,4.0,3.0,11.0
CRITICAL,PHYSICAL PORT DOWN,2026-04-16 12:11:35,1,2026-04-16 12:11:35,2505274.0,NORMAL,MISSING,MISSING,ALARM_SRC_0092,AG,2026.0,4.0,3.0,12.0
CRITICAL,PHYSICAL PORT DOWN,2026-04-16 12:44:20,1,2026-04-16 12:44:20,2505274.0,NORMAL,MISSING,MISSING,ALARM_SRC_0250,AR,2026.0,4.0,3.0,12.0
CRITICAL,PHYSICAL PORT DOWN,2026-04-16 12:48:48,1,2026-04-16 12:48:48,2505274.0,NORMAL,MISSING,MISSING,ALARM_SRC_0981,AR,2026.0,4.0,3.0,12.0
CRITICAL,PHYSICAL PORT DOWN,2026-04-16 17:08:34,1,2026-04-16 17:08:34,2505274.0,NORMAL,MISSING,MISSING,ALARM_SRC_0360,AR,2026.0,4.0,3.0,17.0
CRITICAL,PHYSICAL PORT DOWN,2026-04-17 03:56:08,1,2026-04-17 03:56:08,2505274.0,NORMAL,MISSING,MISSING,ALARM_SRC_0382,AR,2026.0,4.0,4.0,3.0
CRITICAL,PHYSICAL PORT DOWN,2026-04-17 09:38:28,1,2026-04-17 09:38:28,2505274.0,NORMAL,MISSING,MISSING,ALARM_SRC_0025,AG,2026.0,4.0,4.0,9.0
CRITICAL,PHYSICAL PORT DOWN,2026-04-17 09:38:28,1,2026-04-17 09:38:28,2505274.0,NORMAL,MISSING,MISSING,ALARM_SRC_0025,AG,2026.0,4.0,4.0,9.0
CRITICAL,PHYSICAL PORT DOWN,2026-04-17 09:43:05,1,2026-04-17 09:43:05,2505274.0,NORMAL,MISSING,MISSING,ALARM_SRC_0327,AR,2026.0,4.0,4.0,9.0
CRITICAL,PHYSICAL PORT DOWN,2026-04-17 12:26:19,1,2026-04-17 12:26:19,2505274.0,NORMAL,MISSING,MISSING,ALARM_SRC_0675,AR,2026.0,4.0,4.0,12.0
CRITICAL,PHYSICAL PORT DOWN,2026-04-17 13:54:30,1,2026-04-17 13:54:30,2505274.0,NORMAL,MISSING,MISSING,ALARM_SRC_0866,AR,2026.0,4.0,4.0,13.0
CRITICAL,PHYSICAL PORT DOWN,2026-04-17 13:54:30,1,2026-04-17 13:54:30,2505274.0,NORMAL,MISSING,MISSING,ALARM_SRC_0866,AR,2026.0,4.0,4.0,13.0
CRITICAL,PHYSICAL PORT DOWN,2026-04-17 14:18:50,1,2026-04-17 14:18:50,2505274.0,NORMAL,MISSING,MISSING,ALARM_SRC_0674,AR,2026.0,4.0,4.0,14.0
CRITICAL,PHYSICAL PORT DOWN,2026-04-17 14:19:37,1,2026-04-17 14:19:37,2505274.0,NORMAL,MISSING,MISSING,ALARM_SRC_0674,AR,2026.0,4.0,4.0,14.0
CRITICAL,PHYSICAL PORT DOWN,2026-04-17 14:28:45,1,2026-04-17 14:28:45,2505274.0,NORMAL,MISSING,MISSING,ALARM_SRC_0715,AR,2026.0,4.0,4.0,14.0
CRITICAL,PHYSICAL PORT DOWN,2026-04-17 14:33:13,1,2026-04-17 14:33:13,2505274.0,NORMAL,MISSING,MISSING,ALARM_SRC_0064,AG,2026.0,4.0,4.0,14.0
CRITICAL,PHYSICAL PORT DOWN,2026-04-17 14:33:59,1,2026-04-17 14:33:59,2505274.0,NORMAL,MISSING,MISSING,ALARM_SRC_0064,AG,2026.0,4.0,4.0,14.0
CRITICAL,PHYSICAL PORT DOWN,2026-04-17 15:09:58,1,2026-04-17 15:09:58,2505274.0,NORMAL,MISSING,MISSING,ALARM_SRC_0245,AR,2026.0,4.0,4.0,15.0
CRITICAL,PHYSICAL PORT DOWN,2026-04-17 16:09:04,1,2026-04-17 16:09:04,2505274.0,NORMAL,MISSING,MISSING,ALARM_SRC_0821,AR,2026.0,4.0,4.0,16.0
CRITICAL,PHYSICAL PORT DOWN,2026-04-17 16:46:47,1,2026-04-17 16:46:47,2505274.0,NORMAL,MISSING,MISSING,ALARM_SRC_0624,AR,2026.0,4.0,4.0,16.0
CRITICAL,PHYSICAL PORT DOWN,2026-04-17 16:47:21,1,2026-04-17 16:47:21,2505274.0,NORMAL,MISSING,MISSING,ALARM_SRC_0004,AG,2026.0,4.0,4.0,16.0
CRITICAL,PHYSICAL PORT DOWN,2026-04-17 16:47:24,1,2026-04-17 16:47:24,2505274.0,NORMAL,MISSING,MISSING,ALARM_SRC_0004,AG,2026.0,4.0,4.0,16.0
CRITICAL,PHYSICAL PORT DOWN,2026-04-17 17:02:52,1,2026-04-17 17:02:52,2505274.0,NORMAL,MISSING,MISSING,ALARM_SRC_0004,AG,2026.0,4.0,4.0,17.0
CRITICAL,PHYSICAL PORT DOWN,2026-04-17 17:23:44,1,2026-04-17 17:23:44,2505274.0,NORMAL,MISSING,MISSING,ALARM_SRC_0796,AR,2026.0,4.0,4.0,17.0
CRITICAL,PHYSICAL PORT DOWN,2026-04-17 18:57:58,1,2026-04-17 18:57:58,2505274.0,NORMAL,MISSING,MISSING,ALARM_SRC_0245,AR,2026.0,4.0,4.0,18.0
CRITICAL,PHYSICAL PORT DOWN,2026-04-17 19:05:16,1,2026-04-17 19:05:16,2505274.0,NORMAL,MISSING,MISSING,ALARM_SRC_0005,AG,2026.0,4.0,4.0,19.0
CRITICAL,PHYSICAL PORT DOWN,2026-04-17 19:05:36,1,2026-04-17 19:05:36,2505274.0,NORMAL,MISSING,MISSING,ALARM_SRC_0005,AG,2026.0,4.0,4.0,19.0
CRITICAL,PHYSICAL PORT DOWN,2026-04-17 19:39:38,1,2026-04-17 19:39:38,2505274.0,NORMAL,MISSING,MISSING,ALARM_SRC_0879,AR,2026.0,4.0,4.0,19.0
CRITICAL,PHYSICAL PORT DOWN,2026-04-17 19:40:18,1,2026-04-17 19:40:18,2505274.0,NORMAL,MISSING,MISSING,ALARM_SRC_0883,AR,2026.0,4.0,4.0,19.0
CRITICAL,PHYSICAL PORT DOWN,2026-04-17 19:49:12,1,2026-04-17 19:49:12,2505274.0,NORMAL,MISSING,MISSING,ALARM_SRC_0762,AR,2026.0,4.0,4.0,19.0
CRITICAL,PHYSICAL PORT DOWN,2026-04-17 19:57:56,1,2026-04-17 19:57:56,2505274.0,NORMAL,MISSING,MISSING,ALARM_SRC_0446,AR,2026.0,4.0,4.0,19.0
CRITICAL,PHYSICAL PORT DOWN,2026-04-17 22:53:54,1,2026-04-17 22:53:54,2505274.0,NORMAL,MISSING,MISSING,ALARM_SRC_0811,AR,2026.0,4.0,4.0,22.0
CRITICAL,PHYSICAL PORT DOWN,2026-04-18 00:49:19,1,2026-04-18 00:49:19,2505274.0,NORMAL,MISSING,MISSING,ALARM_SRC_0825,AR,2026.0,4.0,5.0,0.0
CRITICAL,PHYSICAL PORT DOWN,2026-04-18 08:46:53,1,2026-04-18 08:46:53,2505274.0,NORMAL,MISSING,MISSING,ALARM_SRC_0529,AR,2026.0,4.0,5.0,8.0
CRITICAL,PHYSICAL PORT DOWN,2026-04-18 09:54:21,1,2026-04-18 09:54:21,2505274.0,NORMAL,MISSING,MISSING,ALARM_SRC_0807,AR,2026.0,4.0,5.0,9.0
CRITICAL,PHYSICAL PORT DOWN,2026-04-18 09:54:21,1,2026-04-18 09:54:21,2505274.0,NORMAL,MISSING,MISSING,ALARM_SRC_0807,AR,2026.0,4.0,5.0,9.0
CRITICAL,PHYSICAL PORT DOWN,2026-04-18 09:54:23,1,2026-04-18 09:54:23,2505274.0,NORMAL,MISSING,MISSING,ALARM_SRC_0807,AR,2026.0,4.0,5.0,9.0
CRITICAL,PHYSICAL PORT DOWN,2026-04-18 10:31:24,1,2026-04-18 10:31:24,2505274.0,NORMAL,MISSING,MISSING,ALARM_SRC_0234,AR,2026.0,4.0,5.0,10.0
CRITICAL,PHYSICAL PORT DOWN,2026-04-18 10:40:26,1,2026-04-18 10:40:26,2505274.0,NORMAL,MISSING,MISSING,ALARM_SRC_0897,AR,2026.0,4.0,5.0,10.0
CRITICAL,PHYSICAL PORT DOWN,2026-04-18 11:28:31,1,2026-04-18 11:28:31,2505274.0,NORMAL,MISSING,MISSING,ALARM_SRC_0465,AR,2026.0,4.0,5.0,11.0
CRITICAL,PHYSICAL PORT DOWN,2026-04-18 11:28:31,1,2026-04-18 11:28:31,2505274.0,NORMAL,MISSING,MISSING,ALARM_SRC_0465,AR,2026.0,4.0,5.0,11.0
CRITICAL,PHYSICAL PORT DOWN,2026-04-18 11:46:59,1,2026-04-18 11:46:59,2505274.0,NORMAL,MISSING,MISSING,ALARM_SRC_0736,AR,2026.0,4.0,5.0,11.0
CRITICAL,PHYSICAL PORT DOWN,2026-04-18 11:56:42,1,2026-04-18 11:56:42,2505274.0,NORMAL,MISSING,MISSING,ALARM_SRC_1088,AR,2026.0,4.0,5.0,11.0
CRITICAL,PHYSICAL PORT DOWN,2026-04-18 14:13:42,1,2026-04-18 14:13:42,2505274.0,NORMAL,MISSING,MISSING,ALARM_SRC_0151,AR,2026.0,4.0,5.0,14.0
CRITICAL,BOARD INVALID,2026-04-18 14:14:16,1,2026-04-18 14:14:16,2505210.0,NORMAL,MISSING,MISSING,ALARM_SRC_0078,AG,2026.0,4.0,5.0,14.0
CRITICAL,PHYSICAL PORT DOWN,2026-04-18 16:11:23,1,2026-04-18 16:11:23,2505274.0,NORMAL,MISSING,MISSING,ALARM_SRC_0719,AR,2026.0,4.0,5.0,16.0
CRITICAL,PHYSICAL PORT DOWN,2026-04-18 19:02:13,1,2026-04-18 19:02:13,2505274.0,NORMAL,MISSING,MISSING,ALARM_SRC_0335,AR,2026.0,4.0,5.0,19.0
CRITICAL,PHYSICAL PORT DOWN,2026-04-19 01:21:10,1,2026-04-19 01:21:10,2505274.0,NORMAL,MISSING,MISSING,ALARM_SRC_1081,AR,2026.0,4.0,6.0,1.0
CRITICAL,PHYSICAL PORT DOWN,2026-04-19 01:21:10,1,2026-04-19 01:21:10,2505274.0,NORMAL,MISSING,MISSING,ALARM_SRC_1081,AR,2026.0,4.0,6.0,1.0
CRITICAL,PHYSICAL PORT DOWN,2026-04-19 01:21:10,1,2026-04-19 01:21:10,2505274.0,NORMAL,MISSING,MISSING,ALARM_SRC_1081,AR,2026.0,4.0,6.0,1.0
CRITICAL,PHYSICAL PORT DOWN,2026-04-19 01:21:10,1,2026-04-19 01:21:10,2505274.0,NORMAL,MISSING,MISSING,ALARM_SRC_1081,AR,2026.0,4.0,6.0,1.0
CRITICAL,PHYSICAL PORT DOWN,2026-04-19 01:21:10,1,2026-04-19 01:21:10,2505274.0,NORMAL,MISSING,MISSING,ALARM_SRC_1081,AR,2026.0,4.0,6.0,1.0
CRITICAL,PHYSICAL PORT DOWN,2026-04-19 01:21:10,1,2026-04-19 01:21:10,2505274.0,NORMAL,MISSING,MISSING,ALARM_SRC_1081,AR,2026.0,4.0,6.0,1.0
CRITICAL,PHYSICAL PORT DOWN,2026-04-19 03:45:04,1,2026-04-19 03:45:04,2505274.0,NORMAL,MISSING,MISSING,ALARM_SRC_0163,AR,2026.0,4.0,6.0,3.0
CRITICAL,PHYSICAL PORT DOWN,2026-04-19 05:56:47,1,2026-04-19 05:56:47,2505274.0,NORMAL,MISSING,MISSING,ALARM_SRC_0579,AR,2026.0,4.0,6.0,5.0
CRITICAL,PHYSICAL PORT DOWN,2026-04-19 05:56:47,1,2026-04-19 05:56:47,2505274.0,NORMAL,MISSING,MISSING,ALARM_SRC_0579,AR,2026.0,4.0,6.0,5.0
CRITICAL,PHYSICAL PORT DOWN,2026-04-19 06:27:05,1,2026-04-19 06:27:05,2505274.0,NORMAL,MISSING,MISSING,ALARM_SRC_0582,AR,2026.0,4.0,6.0,6.0
CRITICAL,PHYSICAL PORT DOWN,2026-04-19 06:30:38,1,2026-04-19 06:30:38,2505274.0,NORMAL,MISSING,MISSING,ALARM_SRC_0045,AG,2026.0,4.0,6.0,6.0
CRITICAL,PHYSICAL PORT DOWN,2026-04-19 10:46:50,1,2026-04-19 10:46:50,3074752.0,NORMAL,MISSING,MISSING,ALARM_SRC_1167,CA,2026.0,4.0,6.0,10.0
CRITICAL,PHYSICAL PORT DOWN,2026-04-19 10:46:54,1,2026-04-19 10:46:54,3074752.0,NORMAL,MISSING,MISSING,ALARM_SRC_1167,CA,2026.0,4.0,6.0,10.0
CRITICAL,PHYSICAL PORT DOWN,2026-04-19 11:08:21,1,2026-04-19 11:08:21,2505274.0,NORMAL,MISSING,MISSING,ALARM_SRC_0529,AR,2026.0,4.0,6.0,11.0
CRITICAL,PHYSICAL PORT DOWN,2026-04-19 11:19:39,1,2026-04-19 11:19:39,2505274.0,NORMAL,MISSING,MISSING,ALARM_SRC_0457,AR,2026.0,4.0,6.0,11.0
CRITICAL,PHYSICAL PORT DOWN,2026-04-19 11:19:39,1,2026-04-19 11:19:39,2505274.0,NORMAL,MISSING,MISSING,ALARM_SRC_0457,AR,2026.0,4.0,6.0,11.0
CRITICAL,PHYSICAL PORT DOWN,2026-04-19 11:19:39,1,2026-04-19 11:19:39,2505274.0,NORMAL,MISSING,MISSING,ALARM_SRC_0457,AR,2026.0,4.0,6.0,11.0
CRITICAL,PHYSICAL PORT DOWN,2026-04-19 11:19:39,1,2026-04-19 11:19:39,2505274.0,NORMAL,MISSING,MISSING,ALARM_SRC_0457,AR,2026.0,4.0,6.0,11.0
CRITICAL,THE DEVICE IS OFFLINE,2026-04-19 13:01:58,1,2026-04-19 13:01:58,7.0,NORMAL,MISSING,MISSING,ALARM_SRC_0415,AR,2026.0,4.0,6.0,13.0
CRITICAL,PHYSICAL PORT DOWN,2026-04-19 23:19:57,1,2026-04-19 23:19:57,2505274.0,NORMAL,MISSING,MISSING,ALARM_SRC_0593,AR,2026.0,4.0,6.0,23.0
CRITICAL,PHYSICAL PORT DOWN,2026-04-19 23:19:57,1,2026-04-19 23:19:57,2505274.0,NORMAL,MISSING,MISSING,ALARM_SRC_0593,AR,2026.0,4.0,6.0,23.0
CRITICAL,PHYSICAL PORT DOWN,2026-04-19 23:19:57,1,2026-04-19 23:19:57,2505274.0,NORMAL,MISSING,MISSING,ALARM_SRC_0593,AR,2026.0,4.0,6.0,23.0
CRITICAL,PHYSICAL PORT DOWN,2026-04-19 23:19:57,1,2026-04-19 23:19:57,2505274.0,NORMAL,MISSING,MISSING,ALARM_SRC_0593,AR,2026.0,4.0,6.0,23.0
CRITICAL,PHYSICAL PORT DOWN,2026-04-19 23:19:57,1,2026-04-19 23:19:57,2505274.0,NORMAL,MISSING,MISSING,ALARM_SRC_0593,AR,2026.0,4.0,6.0,23.0
CRITICAL,PHYSICAL PORT DOWN,2026-04-19 23:19:57,1,2026-04-19 23:19:57,2505274.0,NORMAL,MISSING,MISSING,ALARM_SRC_0593,AR,2026.0,4.0,6.0,23.0
CRITICAL,PHYSICAL PORT DOWN,2026-04-19 23:19:57,1,2026-04-19 23:19:57,2505274.0,NORMAL,MISSING,MISSING,ALARM_SRC_0593,AR,2026.0,4.0,6.0,23.0
CRITICAL,PHYSICAL PORT DOWN,2026-04-19 23:19:57,1,2026-04-19 23:19:57,2505274.0,NORMAL,MISSING,MISSING,ALARM_SRC_0593,AR,2026.0,4.0,6.0,23.0
CRITICAL,PHYSICAL PORT DOWN,2026-04-20 07:58:26,1,2026-04-20 07:58:26,2505274.0,NORMAL,MISSING,MISSING,ALARM_SRC_0926,AR,2026.0,4.0,0.0,7.0
CRITICAL,PHYSICAL PORT DOWN,2026-04-20 08:28:13,1,2026-04-20 08:28:13,2505274.0,NORMAL,MISSING,MISSING,ALARM_SRC_0155,AR,2026.0,4.0,0.0,8.0
CRITICAL,PHYSICAL PORT DOWN,2026-04-20 08:28:13,1,2026-04-20 08:28:13,2505274.0,NORMAL,MISSING,MISSING,ALARM_SRC_0155,AR,2026.0,4.0,0.0,8.0
CRITICAL,PHYSICAL PORT DOWN,2026-04-20 08:28:13,1,2026-04-20 08:28:13,2505274.0,NORMAL,MISSING,MISSING,ALARM_SRC_0155,AR,2026.0,4.0,0.0,8.0
CRITICAL,PHYSICAL PORT DOWN,2026-04-20 10:43:47,1,2026-04-20 10:43:47,2505274.0,NORMAL,MISSING,MISSING,ALARM_SRC_0953,AR,2026.0,4.0,0.0,10.0
CRITICAL,PHYSICAL PORT DOWN,2026-04-20 10:49:15,1,2026-04-20 10:49:15,2505274.0,NORMAL,MISSING,MISSING,ALARM_SRC_0953,AR,2026.0,4.0,0.0,10.0
CRITICAL,PHYSICAL PORT DOWN,2026-04-20 10:56:15,1,2026-04-20 10:56:15,2505274.0,NORMAL,MISSING,MISSING,ALARM_SRC_0953,AR,2026.0,4.0,0.0,10.0
CRITICAL,PHYSICAL PORT DOWN,2026-04-20 11:13:23,1,2026-04-20 11:13:23,2505274.0,NORMAL,MISSING,MISSING,ALARM_SRC_0953,AR,2026.0,4.0,0.0,11.0
CRITICAL,PHYSICAL PORT DOWN,2026-04-20 11:16:35,1,2026-04-20 11:16:35,2505274.0,NORMAL,MISSING,MISSING,ALARM_SRC_0834,AR,2026.0,4.0,0.0,11.0
CRITICAL,PHYSICAL PORT DOWN,2026-04-20 11:30:22,1,2026-04-20 11:30:22,2505274.0,NORMAL,MISSING,MISSING,ALARM_SRC_0834,AR,2026.0,4.0,0.0,11.0
CRITICAL,PHYSICAL PORT DOWN,2026-04-20 11:38:00,1,2026-04-20 11:38:00,2505274.0,NORMAL,MISSING,MISSING,ALARM_SRC_0393,AR,2026.0,4.0,0.0,11.0
CRITICAL,PHYSICAL PORT DOWN,2026-04-20 11:38:00,1,2026-04-20 11:38:00,2505274.0,NORMAL,MISSING,MISSING,ALARM_SRC_0393,AR,2026.0,4.0,0.0,11.0
CRITICAL,PHYSICAL PORT DOWN,2026-04-20 11:38:00,1,2026-04-20 11:38:00,2505274.0,NORMAL,MISSING,MISSING,ALARM_SRC_0393,AR,2026.0,4.0,0.0,11.0
CRITICAL,PHYSICAL PORT DOWN,2026-04-20 11:38:00,1,2026-04-20 11:38:00,2505274.0,NORMAL,MISSING,MISSING,ALARM_SRC_0393,AR,2026.0,4.0,0.0,11.0
CRITICAL,PHYSICAL PORT DOWN,2026-04-20 11:38:00,1,2026-04-20 11:38:00,2505274.0,NORMAL,MISSING,MISSING,ALARM_SRC_0393,AR,2026.0,4.0,0.0,11.0
CRITICAL,PHYSICAL PORT DOWN,2026-04-20 11:43:21,1,2026-04-20 11:43:21,2505274.0,NORMAL,MISSING,MISSING,ALARM_SRC_0577,AR,2026.0,4.0,0.0,11.0
CRITICAL,PHYSICAL PORT DOWN,2026-04-20 12:13:46,1,2026-04-20 12:13:46,2505274.0,NORMAL,MISSING,MISSING,ALARM_SRC_0262,AR,2026.0,4.0,0.0,12.0
CRITICAL,THE DEVICE IS OFFLINE,2026-04-20 14:01:34,1,2026-04-20 14:01:34,7.0,NORMAL,MISSING,MISSING,ALARM_SRC_1086,AR,2026.0,4.0,0.0,14.0
CRITICAL,PHYSICAL PORT DOWN,2026-04-20 14:52:13,1,2026-04-20 14:52:13,2505274.0,NORMAL,MISSING,MISSING,ALARM_SRC_0550,AR,2026.0,4.0,0.0,14.0
CRITICAL,PHYSICAL PORT DOWN,2026-04-20 15:04:46,1,2026-04-20 15:04:46,2505274.0,NORMAL,MISSING,MISSING,ALARM_SRC_0663,AR,2026.0,4.0,0.0,15.0
CRITICAL,PHYSICAL PORT DOWN,2026-04-20 15:59:08,1,2026-04-20 15:59:08,2505274.0,NORMAL,MISSING,MISSING,ALARM_SRC_0458,AR,2026.0,4.0,0.0,15.0
CRITICAL,PHYSICAL PORT DOWN,2026-04-20 16:45:40,1,2026-04-20 16:45:40,2505274.0,NORMAL,MISSING,MISSING,ALARM_SRC_0770,AR,2026.0,4.0,0.0,16.0
CRITICAL,PHYSICAL PORT DOWN,2026-04-20 18:04:11,1,2026-04-20 18:04:11,2505274.0,NORMAL,MISSING,MISSING,ALARM_SRC_0400,AR,2026.0,4.0,0.0,18.0
CRITICAL,PHYSICAL PORT DOWN,2026-04-20 18:04:11,1,2026-04-20 18:04:11,2505274.0,NORMAL,MISSING,MISSING,ALARM_SRC_0400,AR,2026.0,4.0,0.0,18.0
CRITICAL,PHYSICAL PORT DOWN,2026-04-20 18:11:57,1,2026-04-20 18:11:57,2505274.0,NORMAL,MISSING,MISSING,ALARM_SRC_0553,AR,2026.0,4.0,0.0,18.0
CRITICAL,PHYSICAL PORT DOWN,2026-04-20 18:16:47,1,2026-04-20 18:16:47,2505274.0,NORMAL,MISSING,MISSING,ALARM_SRC_1150,AR,2026.0,4.0,0.0,18.0
CRITICAL,PHYSICAL PORT DOWN,2026-04-20 18:26:16,1,2026-04-20 18:26:16,2505274.0,NORMAL,MISSING,MISSING,ALARM_SRC_0553,AR,2026.0,4.0,0.0,18.0
CRITICAL,PHYSICAL PORT DOWN,2026-04-20 21:00:29,1,2026-04-20 21:00:29,2505274.0,NORMAL,MISSING,MISSING,ALARM_SRC_0132,AR,2026.0,4.0,0.0,21.0
CRITICAL,PHYSICAL PORT DOWN,2026-04-20 21:00:30,1,2026-04-20 21:00:30,2505274.0,NORMAL,MISSING,MISSING,ALARM_SRC_0132,AR,2026.0,4.0,0.0,21.0
CRITICAL,THE DEVICE IS OFFLINE,2026-04-20 23:04:26,1,2026-04-20 23:04:26,7.0,NORMAL,MISSING,MISSING,ALARM_SRC_1200,SW,2026.0,4.0,0.0,23.0
CRITICAL,PHYSICAL PORT DOWN,2026-04-21 00:15:38,1,2026-04-21 00:15:38,2505274.0,NORMAL,MISSING,MISSING,ALARM_SRC_0923,AR,2026.0,4.0,1.0,0.0
CRITICAL,PHYSICAL PORT DOWN,2026-04-21 00:56:40,1,2026-04-21 00:56:40,2505274.0,NORMAL,MISSING,MISSING,ALARM_SRC_1166,CA,2026.0,4.0,1.0,0.0
CRITICAL,PHYSICAL PORT DOWN,2026-04-21 03:44:00,1,2026-04-21 03:44:00,2505274.0,NORMAL,MISSING,MISSING,ALARM_SRC_0851,AR,2026.0,4.0,1.0,3.0
CRITICAL,PHYSICAL PORT DOWN,2026-04-21 09:07:59,1,2026-04-21 09:07:59,2505274.0,NORMAL,MISSING,MISSING,ALARM_SRC_0240,AR,2026.0,4.0,1.0,9.0
CRITICAL,PHYSICAL PORT DOWN,2026-04-21 09:07:59,1,2026-04-21 09:07:59,2505274.0,NORMAL,MISSING,MISSING,ALARM_SRC_0240,AR,2026.0,4.0,1.0,9.0
CRITICAL,PHYSICAL PORT DOWN,2026-04-21 09:07:59,1,2026-04-21 09:07:59,2505274.0,NORMAL,MISSING,MISSING,ALARM_SRC_0240,AR,2026.0,4.0,1.0,9.0
CRITICAL,PHYSICAL PORT DOWN,2026-04-21 10:17:03,1,2026-04-21 10:17:03,2505274.0,NORMAL,MISSING,MISSING,ALARM_SRC_0539,AR,2026.0,4.0,1.0,10.0
CRITICAL,PHYSICAL PORT DOWN,2026-04-21 10:28:56,1,2026-04-21 10:28:56,2505274.0,NORMAL,MISSING,MISSING,ALARM_SRC_0102,AG,2026.0,4.0,1.0,10.0
CRITICAL,PHYSICAL PORT DOWN,2026-04-21 10:28:56,1,2026-04-21 10:28:56,2505274.0,NORMAL,MISSING,MISSING,ALARM_SRC_0102,AG,2026.0,4.0,1.0,10.0
CRITICAL,PHYSICAL PORT DOWN,2026-04-21 10:57:22,1,2026-04-21 10:57:22,2505274.0,NORMAL,MISSING,MISSING,ALARM_SRC_0388,AR,2026.0,4.0,1.0,10.0
CRITICAL,PHYSICAL PORT DOWN,2026-04-21 11:02:12,1,2026-04-21 11:02:12,2505274.0,NORMAL,MISSING,MISSING,ALARM_SRC_1115,AR,2026.0,4.0,1.0,11.0
CRITICAL,PHYSICAL PORT DOWN,2026-04-21 11:54:58,1,2026-04-21 11:54:58,2505274.0,NORMAL,MISSING,MISSING,ALARM_SRC_0674,AR,2026.0,4.0,1.0,11.0
CRITICAL,PHYSICAL PORT DOWN,2026-04-21 11:55:05,1,2026-04-21 11:55:05,2505274.0,NORMAL,MISSING,MISSING,ALARM_SRC_0670,AR,2026.0,4.0,1.0,11.0
CRITICAL,PHYSICAL PORT DOWN,2026-04-21 11:55:13,1,2026-04-21 11:55:13,2505274.0,NORMAL,MISSING,MISSING,ALARM_SRC_0670,AR,2026.0,4.0,1.0,11.0
CRITICAL,PHYSICAL PORT DOWN,2026-04-21 11:55:13,1,2026-04-21 11:55:13,2505274.0,NORMAL,MISSING,MISSING,ALARM_SRC_0674,AR,2026.0,4.0,1.0,11.0
CRITICAL,PHYSICAL PORT DOWN,2026-04-21 13:00:34,1,2026-04-21 13:00:34,2505274.0,NORMAL,MISSING,MISSING,ALARM_SRC_0460,AR,2026.0,4.0,1.0,13.0
CRITICAL,PHYSICAL PORT DOWN,2026-04-21 13:08:53,1,2026-04-21 13:08:53,2505274.0,NORMAL,MISSING,MISSING,ALARM_SRC_0696,AR,2026.0,4.0,1.0,13.0
CRITICAL,PHYSICAL PORT DOWN,2026-04-21 13:08:53,1,2026-04-21 13:08:53,2505274.0,NORMAL,MISSING,MISSING,ALARM_SRC_0670,AR,2026.0,4.0,1.0,13.0
CRITICAL,PHYSICAL PORT DOWN,2026-04-21 13:09:12,1,2026-04-21 13:09:12,2505274.0,NORMAL,MISSING,MISSING,ALARM_SRC_0696,AR,2026.0,4.0,1.0,13.0
CRITICAL,PHYSICAL PORT DOWN,2026-04-21 13:09:13,1,2026-04-21 13:09:13,2505274.0,NORMAL,MISSING,MISSING,ALARM_SRC_0670,AR,2026.0,4.0,1.0,13.0
CRITICAL,PHYSICAL PORT DOWN,2026-04-21 13:42:53,1,2026-04-21 13:42:53,2505274.0,NORMAL,MISSING,MISSING,ALARM_SRC_0857,AR,2026.0,4.0,1.0,13.0
CRITICAL,PHYSICAL PORT DOWN,2026-04-21 14:22:32,1,2026-04-21 14:22:32,2505274.0,NORMAL,MISSING,MISSING,ALARM_SRC_1115,AR,2026.0,4.0,1.0,14.0
CRITICAL,PHYSICAL PORT DOWN,2026-04-21 14:42:29,1,2026-04-21 14:42:29,2505274.0,NORMAL,MISSING,MISSING,ALARM_SRC_0976,AR,2026.0,4.0,1.0,14.0
CRITICAL,PHYSICAL PORT DOWN,2026-04-21 15:59:25,1,2026-04-21 15:59:25,2505274.0,NORMAL,MISSING,MISSING,ALARM_SRC_0546,AR,2026.0,4.0,1.0,15.0
CRITICAL,PHYSICAL PORT DOWN,2026-04-21 17:13:45,1,2026-04-21 17:13:45,2505274.0,NORMAL,MISSING,MISSING,ALARM_SRC_0602,AR,2026.0,4.0,1.0,17.0
CRITICAL,PHYSICAL PORT DOWN,2026-04-21 18:13:47,1,2026-04-21 18:13:47,2505274.0,NORMAL,MISSING,MISSING,ALARM_SRC_1085,AR,2026.0,4.0,1.0,18.0
CRITICAL,PHYSICAL PORT DOWN,2026-04-21 22:45:42,1,2026-04-21 22:45:42,2505274.0,NORMAL,MISSING,MISSING,ALARM_SRC_0197,AR,2026.0,4.0,1.0,22.0
CRITICAL,PHYSICAL PORT DOWN,2026-04-21 22:45:42,1,2026-04-21 22:45:42,2505274.0,NORMAL,MISSING,MISSING,ALARM_SRC_0197,AR,2026.0,4.0,1.0,22.0
CRITICAL,PHYSICAL PORT DOWN,2026-04-21 23:22:50,1,2026-04-21 23:22:50,2505274.0,NORMAL,MISSING,MISSING,ALARM_SRC_0815,AR,2026.0,4.0,1.0,23.0
CRITICAL,PHYSICAL PORT DOWN,2026-04-22 02:46:04,1,2026-04-22 02:46:04,2505274.0,NORMAL,MISSING,MISSING,ALARM_SRC_0696,AR,2026.0,4.0,2.0,2.0
CRITICAL,PHYSICAL PORT DOWN,2026-04-22 08:48:25,1,2026-04-22 08:48:25,2505274.0,NORMAL,MISSING,MISSING,ALARM_SRC_0973,AR,2026.0,4.0,2.0,8.0
CRITICAL,PHYSICAL PORT DOWN,2026-04-22 08:48:25,1,2026-04-22 08:48:25,2505274.0,NORMAL,MISSING,MISSING,ALARM_SRC_0973,AR,2026.0,4.0,2.0,8.0
CRITICAL,PHYSICAL PORT DOWN,2026-04-22 08:48:25,1,2026-04-22 08:48:25,2505274.0,NORMAL,MISSING,MISSING,ALARM_SRC_0973,AR,2026.0,4.0,2.0,8.0
CRITICAL,PHYSICAL PORT DOWN,2026-04-22 08:48:25,1,2026-04-22 08:48:25,2505274.0,NORMAL,MISSING,MISSING,ALARM_SRC_0973,AR,2026.0,4.0,2.0,8.0
CRITICAL,PHYSICAL PORT DOWN,2026-04-22 08:48:25,1,2026-04-22 08:48:25,2505274.0,NORMAL,MISSING,MISSING,ALARM_SRC_0973,AR,2026.0,4.0,2.0,8.0
CRITICAL,PHYSICAL PORT DOWN,2026-04-22 08:48:35,1,2026-04-22 08:48:35,2505274.0,NORMAL,MISSING,MISSING,ALARM_SRC_1007,AR,2026.0,4.0,2.0,8.0
CRITICAL,PHYSICAL PORT DOWN,2026-04-22 08:48:35,1,2026-04-22 08:48:35,2505274.0,NORMAL,MISSING,MISSING,ALARM_SRC_1007,AR,2026.0,4.0,2.0,8.0
CRITICAL,PHYSICAL PORT DOWN,2026-04-22 09:35:27,1,2026-04-22 09:35:27,2505274.0,NORMAL,MISSING,MISSING,ALARM_SRC_0393,AR,2026.0,4.0,2.0,9.0
CRITICAL,PHYSICAL PORT DOWN,2026-04-22 10:29:10,1,2026-04-22 10:29:10,2505274.0,NORMAL,MISSING,MISSING,ALARM_SRC_0229,AR,2026.0,4.0,2.0,10.0
CRITICAL,PHYSICAL PORT DOWN,2026-04-22 10:29:10,1,2026-04-22 10:29:10,2505274.0,NORMAL,MISSING,MISSING,ALARM_SRC_0229,AR,2026.0,4.0,2.0,10.0
CRITICAL,PHYSICAL PORT DOWN,2026-04-22 10:29:10,1,2026-04-22 10:29:10,2505274.0,NORMAL,MISSING,MISSING,ALARM_SRC_0229,AR,2026.0,4.0,2.0,10.0
CRITICAL,PHYSICAL PORT DOWN,2026-04-22 10:36:05,1,2026-04-22 10:36:05,2505274.0,NORMAL,MISSING,MISSING,ALARM_SRC_0105,AG,2026.0,4.0,2.0,10.0
CRITICAL,PHYSICAL PORT DOWN,2026-04-22 10:36:06,1,2026-04-22 10:36:06,2505274.0,NORMAL,MISSING,MISSING,ALARM_SRC_0105,AG,2026.0,4.0,2.0,10.0
CRITICAL,THE DEVICE IS OFFLINE,2026-04-22 11:19:10,1,2026-04-22 11:19:10,7.0,NORMAL,MISSING,MISSING,ALARM_SRC_0496,AR,2026.0,4.0,2.0,11.0
CRITICAL,PHYSICAL PORT DOWN,2026-04-22 11:58:44,1,2026-04-22 11:58:44,2505274.0,NORMAL,MISSING,MISSING,ALARM_SRC_0168,AR,2026.0,4.0,2.0,11.0
CRITICAL,PHYSICAL PORT DOWN,2026-04-22 12:14:31,1,2026-04-22 12:14:31,2505274.0,NORMAL,MISSING,MISSING,ALARM_SRC_0379,AR,2026.0,4.0,2.0,12.0
CRITICAL,PHYSICAL PORT DOWN,2026-04-22 12:14:31,1,2026-04-22 12:14:31,2505274.0,NORMAL,MISSING,MISSING,ALARM_SRC_0379,AR,2026.0,4.0,2.0,12.0
CRITICAL,PHYSICAL PORT DOWN,2026-04-22 12:14:33,1,2026-04-22 12:14:33,2505274.0,NORMAL,MISSING,MISSING,ALARM_SRC_0379,AR,2026.0,4.0,2.0,12.0
CRITICAL,PHYSICAL PORT DOWN,2026-04-22 14:45:47,1,2026-04-22 14:45:47,2505274.0,NORMAL,MISSING,MISSING,ALARM_SRC_1134,AR,2026.0,4.0,2.0,14.0
CRITICAL,PHYSICAL PORT DOWN,2026-04-22 15:20:44,1,2026-04-22 15:20:44,2505274.0,NORMAL,MISSING,MISSING,ALARM_SRC_0199,AR,2026.0,4.0,2.0,15.0
CRITICAL,PHYSICAL PORT DOWN,2026-04-22 15:20:44,1,2026-04-22 15:20:44,2505274.0,NORMAL,MISSING,MISSING,ALARM_SRC_0199,AR,2026.0,4.0,2.0,15.0
CRITICAL,PHYSICAL PORT DOWN,2026-04-22 15:20:44,1,2026-04-22 15:20:44,2505274.0,NORMAL,MISSING,MISSING,ALARM_SRC_0199,AR,2026.0,4.0,2.0,15.0
CRITICAL,PHYSICAL PORT DOWN,2026-04-22 15:28:51,1,2026-04-22 15:28:51,2505274.0,NORMAL,MISSING,MISSING,ALARM_SRC_0074,AG,2026.0,4.0,2.0,15.0
CRITICAL,PHYSICAL PORT DOWN,2026-04-22 15:28:56,1,2026-04-22 15:28:56,2505274.0,NORMAL,MISSING,MISSING,ALARM_SRC_0074,AG,2026.0,4.0,2.0,15.0
CRITICAL,PHYSICAL PORT DOWN,2026-04-22 15:32:06,1,2026-04-22 15:32:06,2505274.0,NORMAL,MISSING,MISSING,ALARM_SRC_0724,AR,2026.0,4.0,2.0,15.0
CRITICAL,PHYSICAL PORT DOWN,2026-04-22 15:32:47,1,2026-04-22 15:32:47,2505274.0,NORMAL,MISSING,MISSING,ALARM_SRC_0696,AR,2026.0,4.0,2.0,15.0
CRITICAL,PHYSICAL PORT DOWN,2026-04-22 15:32:51,1,2026-04-22 15:32:51,2505274.0,NORMAL,MISSING,MISSING,ALARM_SRC_0696,AR,2026.0,4.0,2.0,15.0
CRITICAL,PHYSICAL PORT DOWN,2026-04-22 16:05:35,1,2026-04-22 16:05:35,2505274.0,NORMAL,MISSING,MISSING,ALARM_SRC_0127,AG,2026.0,4.0,2.0,16.0
CRITICAL,PHYSICAL PORT DOWN,2026-04-22 16:05:38,1,2026-04-22 16:05:38,2505274.0,NORMAL,MISSING,MISSING,ALARM_SRC_0127,AG,2026.0,4.0,2.0,16.0
CRITICAL,PHYSICAL PORT DOWN,2026-04-22 16:09:49,1,2026-04-22 16:09:49,2505274.0,NORMAL,MISSING,MISSING,ALARM_SRC_1136,AR,2026.0,4.0,2.0,16.0
CRITICAL,PHYSICAL PORT DOWN,2026-04-22 16:26:23,1,2026-04-22 16:26:23,2505274.0,NORMAL,MISSING,MISSING,ALARM_SRC_0682,AR,2026.0,4.0,2.0,16.0
CRITICAL,PHYSICAL PORT DOWN,2026-04-22 16:33:14,1,2026-04-22 16:33:14,2505274.0,NORMAL,MISSING,MISSING,ALARM_SRC_0670,AR,2026.0,4.0,2.0,16.0
CRITICAL,PHYSICAL PORT DOWN,2026-04-22 16:58:20,1,2026-04-22 16:58:20,2505274.0,NORMAL,MISSING,MISSING,ALARM_SRC_0765,AR,2026.0,4.0,2.0,16.0
CRITICAL,PHYSICAL PORT DOWN,2026-04-22 17:13:13,1,2026-04-22 17:13:13,2505274.0,NORMAL,MISSING,MISSING,ALARM_SRC_0948,AR,2026.0,4.0,2.0,17.0
CRITICAL,PHYSICAL PORT DOWN,2026-04-22 17:42:30,1,2026-04-22 17:42:30,2505274.0,NORMAL,MISSING,MISSING,ALARM_SRC_0756,AR,2026.0,4.0,2.0,17.0
CRITICAL,PHYSICAL PORT DOWN,2026-04-22 18:36:37,1,2026-04-22 18:36:37,2505274.0,NORMAL,MISSING,MISSING,ALARM_SRC_0710,AR,2026.0,4.0,2.0,18.0
CRITICAL,PHYSICAL PORT DOWN,2026-04-22 18:36:44,1,2026-04-22 18:36:44,2505274.0,NORMAL,MISSING,MISSING,ALARM_SRC_0278,AR,2026.0,4.0,2.0,18.0
CRITICAL,PHYSICAL PORT DOWN,2026-04-22 19:25:15,1,2026-04-22 19:25:15,2505274.0,NORMAL,MISSING,MISSING,ALARM_SRC_1178,CP,2026.0,4.0,2.0,19.0
CRITICAL,BOARD INVALID,2026-04-23 01:44:41,1,2026-04-23 01:44:41,2505210.0,NORMAL,MISSING,MISSING,ALARM_SRC_0109,AG,2026.0,4.0,3.0,1.0
CRITICAL,PHYSICAL PORT DOWN,2026-04-23 10:44:41,1,2026-04-23 10:44:41,2505274.0,NORMAL,MISSING,MISSING,ALARM_SRC_0792,AR,2026.0,4.0,3.0,10.0
CRITICAL,PHYSICAL PORT DOWN,2026-04-23 11:20:20,1,2026-04-23 11:20:20,2505274.0,NORMAL,MISSING,MISSING,ALARM_SRC_0980,AR,2026.0,4.0,3.0,11.0
CRITICAL,PHYSICAL PORT DOWN,2026-04-23 12:42:51,1,2026-04-23 12:42:51,2505274.0,NORMAL,MISSING,MISSING,ALARM_SRC_0805,AR,2026.0,4.0,3.0,12.0
CRITICAL,PHYSICAL PORT DOWN,2026-04-23 12:59:10,1,2026-04-23 12:59:10,2505274.0,NORMAL,MISSING,MISSING,ALARM_SRC_0657,AR,2026.0,4.0,3.0,12.0
CRITICAL,PHYSICAL PORT DOWN,2026-04-23 13:06:00,1,2026-04-23 13:06:00,2505274.0,NORMAL,MISSING,MISSING,ALARM_SRC_0115,AG,2026.0,4.0,3.0,13.0
CRITICAL,PHYSICAL PORT DOWN,2026-04-23 13:07:03,1,2026-04-23 13:07:03,2505274.0,NORMAL,MISSING,MISSING,ALARM_SRC_0116,AG,2026.0,4.0,3.0,13.0
CRITICAL,PHYSICAL PORT DOWN,2026-04-23 14:32:32,1,2026-04-23 14:32:32,2505274.0,NORMAL,MISSING,MISSING,ALARM_SRC_0885,AR,2026.0,4.0,3.0,14.0
CRITICAL,PHYSICAL PORT DOWN,2026-04-23 14:32:32,1,2026-04-23 14:32:32,2505274.0,NORMAL,MISSING,MISSING,ALARM_SRC_0885,AR,2026.0,4.0,3.0,14.0
CRITICAL,PHYSICAL PORT DOWN,2026-04-23 16:37:22,1,2026-04-23 16:37:22,2505274.0,NORMAL,MISSING,MISSING,ALARM_SRC_0507,AR,2026.0,4.0,3.0,16.0
CRITICAL,PHYSICAL PORT DOWN,2026-04-23 17:20:46,1,2026-04-23 17:20:46,2505274.0,NORMAL,MISSING,MISSING,ALARM_SRC_0507,AR,2026.0,4.0,3.0,17.0
CRITICAL,PHYSICAL PORT DOWN,2026-04-24 03:02:34,1,2026-04-24 03:02:34,2505274.0,NORMAL,MISSING,MISSING,ALARM_SRC_1146,AR,2026.0,4.0,4.0,3.0
CRITICAL,PHYSICAL PORT DOWN,2026-04-24 04:25:55,1,2026-04-24 04:25:55,2505274.0,NORMAL,MISSING,MISSING,ALARM_SRC_0740,AR,2026.0,4.0,4.0,4.0
CRITICAL,PHYSICAL PORT DOWN,2026-04-24 06:30:49,1,2026-04-24 06:30:49,2505274.0,NORMAL,MISSING,MISSING,ALARM_SRC_1144,AR,2026.0,4.0,4.0,6.0
CRITICAL,PHYSICAL PORT DOWN,2026-04-24 06:30:49,1,2026-04-24 06:30:49,2505274.0,NORMAL,MISSING,MISSING,ALARM_SRC_1144,AR,2026.0,4.0,4.0,6.0
CRITICAL,PHYSICAL PORT DOWN,2026-04-24 07:53:14,1,2026-04-24 07:53:14,2505274.0,NORMAL,MISSING,MISSING,ALARM_SRC_0148,AR,2026.0,4.0,4.0,7.0
CRITICAL,PHYSICAL PORT DOWN,2026-04-24 09:54:53,1,2026-04-24 09:54:53,2505274.0,NORMAL,MISSING,MISSING,ALARM_SRC_1117,AR,2026.0,4.0,4.0,9.0
CRITICAL,PHYSICAL PORT DOWN,2026-04-24 10:13:26,1,2026-04-24 10:13:26,2505274.0,NORMAL,MISSING,MISSING,ALARM_SRC_0930,AR,2026.0,4.0,4.0,10.0
CRITICAL,PHYSICAL PORT DOWN,2026-04-24 10:20:19,1,2026-04-24 10:20:19,2505274.0,NORMAL,MISSING,MISSING,ALARM_SRC_0992,AR,2026.0,4.0,4.0,10.0
CRITICAL,PHYSICAL PORT DOWN,2026-04-24 10:54:09,1,2026-04-24 10:54:09,2505274.0,NORMAL,MISSING,MISSING,ALARM_SRC_0412,AR,2026.0,4.0,4.0,10.0
CRITICAL,PHYSICAL PORT DOWN,2026-04-24 11:21:09,1,2026-04-24 11:21:09,2505274.0,NORMAL,MISSING,MISSING,ALARM_SRC_1163,AR,2026.0,4.0,4.0,11.0
CRITICAL,PHYSICAL PORT DOWN,2026-04-24 11:32:12,1,2026-04-24 11:32:12,2505274.0,NORMAL,MISSING,MISSING,ALARM_SRC_0623,AR,2026.0,4.0,4.0,11.0
CRITICAL,PHYSICAL PORT DOWN,2026-04-24 12:07:24,1,2026-04-24 12:07:24,2505274.0,NORMAL,MISSING,MISSING,ALARM_SRC_1135,AR,2026.0,4.0,4.0,12.0
CRITICAL,PHYSICAL PORT DOWN,2026-04-24 12:35:53,1,2026-04-24 12:35:53,2505274.0,NORMAL,MISSING,MISSING,ALARM_SRC_0418,AR,2026.0,4.0,4.0,12.0
CRITICAL,PHYSICAL PORT DOWN,2026-04-24 12:42:21,1,2026-04-24 12:42:21,2505274.0,NORMAL,MISSING,MISSING,ALARM_SRC_0412,AR,2026.0,4.0,4.0,12.0
CRITICAL,PHYSICAL PORT DOWN,2026-04-24 12:46:23,1,2026-04-24 12:46:23,2505274.0,NORMAL,MISSING,MISSING,ALARM_SRC_1136,AR,2026.0,4.0,4.0,12.0
CRITICAL,PHYSICAL PORT DOWN,2026-04-24 12:55:30,1,2026-04-24 12:55:30,2505274.0,NORMAL,MISSING,MISSING,ALARM_SRC_0617,AR,2026.0,4.0,4.0,12.0
CRITICAL,PHYSICAL PORT DOWN,2026-04-24 12:55:30,1,2026-04-24 12:55:30,2505274.0,NORMAL,MISSING,MISSING,ALARM_SRC_0617,AR,2026.0,4.0,4.0,12.0
CRITICAL,PHYSICAL PORT DOWN,2026-04-24 12:55:30,1,2026-04-24 12:55:30,2505274.0,NORMAL,MISSING,MISSING,ALARM_SRC_0617,AR,2026.0,4.0,4.0,12.0
CRITICAL,PHYSICAL PORT DOWN,2026-04-24 12:55:53,1,2026-04-24 12:55:53,2505274.0,NORMAL,MISSING,MISSING,ALARM_SRC_0929,AR,2026.0,4.0,4.0,12.0
CRITICAL,PHYSICAL PORT DOWN,2026-04-24 13:43:40,1,2026-04-24 13:43:40,2505274.0,NORMAL,MISSING,MISSING,ALARM_SRC_0230,AR,2026.0,4.0,4.0,13.0
CRITICAL,PHYSICAL PORT DOWN,2026-04-24 13:47:52,1,2026-04-24 13:47:52,2505274.0,NORMAL,MISSING,MISSING,ALARM_SRC_0617,AR,2026.0,4.0,4.0,13.0
CRITICAL,PHYSICAL PORT DOWN,2026-04-24 13:47:52,1,2026-04-24 13:47:52,2505274.0,NORMAL,MISSING,MISSING,ALARM_SRC_0617,AR,2026.0,4.0,4.0,13.0
CRITICAL,THE DEVICE IS OFFLINE,2026-04-24 13:53:07,1,2026-04-24 13:53:07,7.0,NORMAL,MISSING,MISSING,ALARM_SRC_0289,AR,2026.0,4.0,4.0,13.0
CRITICAL,PHYSICAL PORT DOWN,2026-04-24 14:32:56,1,2026-04-24 14:32:56,2505274.0,NORMAL,MISSING,MISSING,ALARM_SRC_0174,AR,2026.0,4.0,4.0,14.0
CRITICAL,PHYSICAL PORT DOWN,2026-04-24 14:33:03,1,2026-04-24 14:33:03,2505274.0,NORMAL,MISSING,MISSING,ALARM_SRC_0174,AR,2026.0,4.0,4.0,14.0
CRITICAL,PHYSICAL PORT DOWN,2026-04-24 14:47:09,1,2026-04-24 14:47:09,2505274.0,NORMAL,MISSING,MISSING,ALARM_SRC_1031,AR,2026.0,4.0,4.0,14.0
CRITICAL,PHYSICAL PORT DOWN,2026-04-24 15:01:59,1,2026-04-24 15:01:59,2505274.0,NORMAL,MISSING,MISSING,ALARM_SRC_0184,AR,2026.0,4.0,4.0,15.0
CRITICAL,PHYSICAL PORT DOWN,2026-04-24 15:15:13,1,2026-04-24 15:15:13,2505274.0,NORMAL,MISSING,MISSING,ALARM_SRC_0914,AR,2026.0,4.0,4.0,15.0
CRITICAL,PHYSICAL PORT DOWN,2026-04-24 15:21:32,1,2026-04-24 15:21:32,2505274.0,NORMAL,MISSING,MISSING,ALARM_SRC_1134,AR,2026.0,4.0,4.0,15.0
CRITICAL,PHYSICAL PORT DOWN,2026-04-24 15:42:37,1,2026-04-24 15:42:37,2505274.0,NORMAL,MISSING,MISSING,ALARM_SRC_0850,AR,2026.0,4.0,4.0,15.0
CRITICAL,PHYSICAL PORT DOWN,2026-04-24 15:44:12,1,2026-04-24 15:44:12,2505274.0,NORMAL,MISSING,MISSING,ALARM_SRC_0982,AR,2026.0,4.0,4.0,15.0
CRITICAL,THE DEVICE IS OFFLINE,2026-04-24 15:57:23,1,2026-04-24 15:57:23,7.0,NORMAL,MISSING,MISSING,ALARM_SRC_0610,AR,2026.0,4.0,4.0,15.0
CRITICAL,PHYSICAL PORT DOWN,2026-04-24 16:13:46,1,2026-04-24 16:13:46,2505274.0,NORMAL,MISSING,MISSING,ALARM_SRC_0884,AR,2026.0,4.0,4.0,16.0
CRITICAL,PHYSICAL PORT DOWN,2026-04-24 16:30:13,1,2026-04-24 16:30:13,2505274.0,NORMAL,MISSING,MISSING,ALARM_SRC_0914,AR,2026.0,4.0,4.0,16.0
CRITICAL,PHYSICAL PORT DOWN,2026-04-24 16:57:38,1,2026-04-24 16:57:38,2505274.0,NORMAL,MISSING,MISSING,ALARM_SRC_1040,AR,2026.0,4.0,4.0,16.0
CRITICAL,PHYSICAL PORT DOWN,2026-04-24 16:57:38,1,2026-04-24 16:57:38,2505274.0,NORMAL,MISSING,MISSING,ALARM_SRC_1040,AR,2026.0,4.0,4.0,16.0
CRITICAL,PHYSICAL PORT DOWN,2026-04-24 18:37:06,1,2026-04-24 18:37:06,2505274.0,NORMAL,MISSING,MISSING,ALARM_SRC_0006,AG,2026.0,4.0,4.0,18.0
CRITICAL,PHYSICAL PORT DOWN,2026-04-24 18:37:17,1,2026-04-24 18:37:17,2505274.0,NORMAL,MISSING,MISSING,ALARM_SRC_0006,AG,2026.0,4.0,4.0,18.0
CRITICAL,PHYSICAL PORT DOWN,2026-04-25 08:27:33,1,2026-04-25 08:27:33,2505274.0,NORMAL,MISSING,MISSING,ALARM_SRC_1011,AR,2026.0,4.0,5.0,8.0
CRITICAL,PHYSICAL PORT DOWN,2026-04-25 08:44:32,1,2026-04-25 08:44:32,2505274.0,NORMAL,MISSING,MISSING,ALARM_SRC_1022,AR,2026.0,4.0,5.0,8.0
CRITICAL,PHYSICAL PORT DOWN,2026-04-25 11:12:47,1,2026-04-25 11:12:47,2505274.0,NORMAL,MISSING,MISSING,ALARM_SRC_1101,AR,2026.0,4.0,5.0,11.0
CRITICAL,PHYSICAL PORT DOWN,2026-04-25 11:21:13,1,2026-04-25 11:21:13,2505274.0,NORMAL,MISSING,MISSING,ALARM_SRC_0998,AR,2026.0,4.0,5.0,11.0
CRITICAL,PHYSICAL PORT DOWN,2026-04-25 11:21:13,1,2026-04-25 11:21:13,2505274.0,NORMAL,MISSING,MISSING,ALARM_SRC_0998,AR,2026.0,4.0,5.0,11.0
CRITICAL,PHYSICAL PORT DOWN,2026-04-25 11:36:26,1,2026-04-25 11:36:26,2505274.0,NORMAL,MISSING,MISSING,ALARM_SRC_0783,AR,2026.0,4.0,5.0,11.0
CRITICAL,PHYSICAL PORT DOWN,2026-04-25 11:50:00,1,2026-04-25 11:50:00,2505274.0,NORMAL,MISSING,MISSING,ALARM_SRC_0101,AG,2026.0,4.0,5.0,11.0
CRITICAL,PHYSICAL PORT DOWN,2026-04-25 11:50:01,1,2026-04-25 11:50:01,2505274.0,NORMAL,MISSING,MISSING,ALARM_SRC_0101,AG,2026.0,4.0,5.0,11.0
CRITICAL,PHYSICAL PORT DOWN,2026-04-25 17:07:55,1,2026-04-25 17:07:55,2505274.0,NORMAL,MISSING,MISSING,ALARM_SRC_1120,AR,2026.0,4.0,5.0,17.0
CRITICAL,PHYSICAL PORT DOWN,2026-04-25 17:08:46,1,2026-04-25 17:08:46,2505274.0,NORMAL,MISSING,MISSING,ALARM_SRC_1158,AR,2026.0,4.0,5.0,17.0
CRITICAL,PHYSICAL PORT DOWN,2026-04-25 19:11:55,1,2026-04-25 19:11:55,2505274.0,NORMAL,MISSING,MISSING,ALARM_SRC_0833,AR,2026.0,4.0,5.0,19.0
CRITICAL,PHYSICAL PORT DOWN,2026-04-25 19:20:19,1,2026-04-25 19:20:19,2505274.0,NORMAL,MISSING,MISSING,ALARM_SRC_0800,AR,2026.0,4.0,5.0,19.0
CRITICAL,PHYSICAL PORT DOWN,2026-04-26 08:31:35,1,2026-04-26 08:31:35,2505274.0,NORMAL,MISSING,MISSING,ALARM_SRC_0385,AR,2026.0,4.0,6.0,8.0
CRITICAL,PHYSICAL PORT DOWN,2026-04-26 09:54:08,1,2026-04-26 09:54:08,2505274.0,NORMAL,MISSING,MISSING,ALARM_SRC_1132,AR,2026.0,4.0,6.0,9.0
CRITICAL,PHYSICAL PORT DOWN,2026-04-26 09:54:08,1,2026-04-26 09:54:08,2505274.0,NORMAL,MISSING,MISSING,ALARM_SRC_1132,AR,2026.0,4.0,6.0,9.0
CRITICAL,PHYSICAL PORT DOWN,2026-04-26 09:54:08,1,2026-04-26 09:54:08,2505274.0,NORMAL,MISSING,MISSING,ALARM_SRC_1132,AR,2026.0,4.0,6.0,9.0
CRITICAL,PHYSICAL PORT DOWN,2026-04-26 09:54:08,1,2026-04-26 09:54:08,2505274.0,NORMAL,MISSING,MISSING,ALARM_SRC_1132,AR,2026.0,4.0,6.0,9.0
CRITICAL,PHYSICAL PORT DOWN,2026-04-26 11:48:08,1,2026-04-26 11:48:08,2505274.0,NORMAL,MISSING,MISSING,ALARM_SRC_0162,AR,2026.0,4.0,6.0,11.0
CRITICAL,PHYSICAL PORT DOWN,2026-04-26 11:59:46,1,2026-04-26 11:59:46,2505274.0,NORMAL,MISSING,MISSING,ALARM_SRC_0420,AR,2026.0,4.0,6.0,11.0
CRITICAL,PHYSICAL PORT DOWN,2026-04-26 12:19:12,1,2026-04-26 12:19:12,2505274.0,NORMAL,MISSING,MISSING,ALARM_SRC_0369,AR,2026.0,4.0,6.0,12.0
CRITICAL,PHYSICAL PORT DOWN,2026-04-26 16:29:21,1,2026-04-26 16:29:21,2505274.0,NORMAL,MISSING,MISSING,ALARM_SRC_1132,AR,2026.0,4.0,6.0,16.0
CRITICAL,PHYSICAL PORT DOWN,2026-04-26 16:29:21,1,2026-04-26 16:29:21,2505274.0,NORMAL,MISSING,MISSING,ALARM_SRC_1132,AR,2026.0,4.0,6.0,16.0
CRITICAL,PHYSICAL PORT DOWN,2026-04-26 18:12:51,1,2026-04-26 18:12:51,2505274.0,NORMAL,MISSING,MISSING,ALARM_SRC_0360,AR,2026.0,4.0,6.0,18.0
CRITICAL,PHYSICAL PORT DOWN,2026-04-26 19:05:29,1,2026-04-26 19:05:29,2505274.0,NORMAL,MISSING,MISSING,ALARM_SRC_0223,AR,2026.0,4.0,6.0,19.0
CRITICAL,PHYSICAL PORT DOWN,2026-04-26 19:05:29,1,2026-04-26 19:05:29,2505274.0,NORMAL,MISSING,MISSING,ALARM_SRC_0223,AR,2026.0,4.0,6.0,19.0
CRITICAL,PHYSICAL PORT DOWN,2026-04-26 19:05:29,1,2026-04-26 19:05:29,2505274.0,NORMAL,MISSING,MISSING,ALARM_SRC_0223,AR,2026.0,4.0,6.0,19.0
CRITICAL,PHYSICAL PORT DOWN,2026-04-26 19:05:29,1,2026-04-26 19:05:29,2505274.0,NORMAL,MISSING,MISSING,ALARM_SRC_0223,AR,2026.0,4.0,6.0,19.0
CRITICAL,PHYSICAL PORT DOWN,2026-04-26 19:05:29,1,2026-04-26 19:05:29,2505274.0,NORMAL,MISSING,MISSING,ALARM_SRC_0223,AR,2026.0,4.0,6.0,19.0
CRITICAL,PHYSICAL PORT DOWN,2026-04-26 19:05:29,1,2026-04-26 19:05:29,2505274.0,NORMAL,MISSING,MISSING,ALARM_SRC_0223,AR,2026.0,4.0,6.0,19.0
CRITICAL,PHYSICAL PORT DOWN,2026-04-26 20:02:47,1,2026-04-26 20:02:47,2505274.0,NORMAL,MISSING,MISSING,ALARM_SRC_0475,AR,2026.0,4.0,6.0,20.0
CRITICAL,PHYSICAL PORT DOWN,2026-04-26 20:02:47,1,2026-04-26 20:02:47,2505274.0,NORMAL,MISSING,MISSING,ALARM_SRC_0475,AR,2026.0,4.0,6.0,20.0
CRITICAL,PHYSICAL PORT DOWN,2026-04-26 20:38:05,1,2026-04-26 20:38:05,2505274.0,NORMAL,MISSING,MISSING,ALARM_SRC_1090,AR,2026.0,4.0,6.0,20.0
CRITICAL,PHYSICAL PORT DOWN,2026-04-26 20:38:05,1,2026-04-26 20:38:05,2505274.0,NORMAL,MISSING,MISSING,ALARM_SRC_1090,AR,2026.0,4.0,6.0,20.0
CRITICAL,PHYSICAL PORT DOWN,2026-04-26 20:38:05,1,2026-04-26 20:38:05,2505274.0,NORMAL,MISSING,MISSING,ALARM_SRC_1090,AR,2026.0,4.0,6.0,20.0
CRITICAL,PHYSICAL PORT DOWN,2026-04-26 20:38:05,1,2026-04-26 20:38:05,2505274.0,NORMAL,MISSING,MISSING,ALARM_SRC_1090,AR,2026.0,4.0,6.0,20.0
CRITICAL,PHYSICAL PORT DOWN,2026-04-26 20:38:05,1,2026-04-26 20:38:05,2505274.0,NORMAL,MISSING,MISSING,ALARM_SRC_1090,AR,2026.0,4.0,6.0,20.0
CRITICAL,PHYSICAL PORT DOWN,2026-04-26 23:35:42,1,2026-04-26 23:35:42,2505274.0,NORMAL,MISSING,MISSING,ALARM_SRC_0221,AR,2026.0,4.0,6.0,23.0
CRITICAL,PHYSICAL PORT DOWN,2026-04-26 23:35:42,1,2026-04-26 23:35:42,2505274.0,NORMAL,MISSING,MISSING,ALARM_SRC_0221,AR,2026.0,4.0,6.0,23.0
CRITICAL,PHYSICAL PORT DOWN,2026-04-26 23:35:42,1,2026-04-26 23:35:42,2505274.0,NORMAL,MISSING,MISSING,ALARM_SRC_0221,AR,2026.0,4.0,6.0,23.0
CRITICAL,PHYSICAL PORT DOWN,2026-04-26 23:35:42,1,2026-04-26 23:35:42,2505274.0,NORMAL,MISSING,MISSING,ALARM_SRC_0221,AR,2026.0,4.0,6.0,23.0
CRITICAL,PHYSICAL PORT DOWN,2026-04-26 23:35:42,1,2026-04-26 23:35:42,2505274.0,NORMAL,MISSING,MISSING,ALARM_SRC_0221,AR,2026.0,4.0,6.0,23.0
CRITICAL,PHYSICAL PORT DOWN,2026-04-27 06:42:09,1,2026-04-27 06:42:09,2505274.0,NORMAL,MISSING,MISSING,ALARM_SRC_0690,AR,2026.0,4.0,0.0,6.0
CRITICAL,PHYSICAL PORT DOWN,2026-04-27 10:06:23,1,2026-04-27 10:06:23,2505274.0,NORMAL,MISSING,MISSING,ALARM_SRC_0340,AR,2026.0,4.0,0.0,10.0
CRITICAL,THE DEVICE IS OFFLINE,2026-04-27 11:15:29,1,2026-04-27 11:15:29,7.0,NORMAL,MISSING,MISSING,ALARM_SRC_1079,AR,2026.0,4.0,0.0,11.0
CRITICAL,PHYSICAL PORT DOWN,2026-04-27 11:55:49,1,2026-04-27 11:55:49,2505274.0,NORMAL,MISSING,MISSING,ALARM_SRC_1009,AR,2026.0,4.0,0.0,11.0
CRITICAL,PHYSICAL PORT DOWN,2026-04-27 11:55:49,1,2026-04-27 11:55:49,2505274.0,NORMAL,MISSING,MISSING,ALARM_SRC_1009,AR,2026.0,4.0,0.0,11.0
CRITICAL,PHYSICAL PORT DOWN,2026-04-27 11:55:49,1,2026-04-27 11:55:49,2505274.0,NORMAL,MISSING,MISSING,ALARM_SRC_1009,AR,2026.0,4.0,0.0,11.0
CRITICAL,PHYSICAL PORT DOWN,2026-04-27 12:10:16,1,2026-04-27 12:10:16,2505274.0,NORMAL,MISSING,MISSING,ALARM_SRC_0262,AR,2026.0,4.0,0.0,12.0
CRITICAL,PHYSICAL PORT DOWN,2026-04-27 12:12:34,1,2026-04-27 12:12:34,2505274.0,NORMAL,MISSING,MISSING,ALARM_SRC_0262,AR,2026.0,4.0,0.0,12.0
CRITICAL,THE DEVICE IS OFFLINE,2026-04-27 12:58:20,1,2026-04-27 12:58:20,7.0,NORMAL,MISSING,MISSING,ALARM_SRC_1194,SW,2026.0,4.0,0.0,12.0
CRITICAL,PHYSICAL PORT DOWN,2026-04-27 13:30:25,1,2026-04-27 13:30:25,2505274.0,NORMAL,MISSING,MISSING,ALARM_SRC_0065,AG,2026.0,4.0,0.0,13.0
CRITICAL,PHYSICAL PORT DOWN,2026-04-27 14:16:16,1,2026-04-27 14:16:16,2505274.0,NORMAL,MISSING,MISSING,ALARM_SRC_0262,AR,2026.0,4.0,0.0,14.0
CRITICAL,THE DEVICE IS OFFLINE,2026-04-27 14:20:11,1,2026-04-27 14:20:11,7.0,NORMAL,MISSING,MISSING,ALARM_SRC_0290,AR,2026.0,4.0,0.0,14.0
CRITICAL,THE DEVICE IS OFFLINE,2026-04-27 14:21:27,1,2026-04-27 14:21:27,7.0,NORMAL,MISSING,MISSING,ALARM_SRC_0273,AR,2026.0,4.0,0.0,14.0
CRITICAL,THE DEVICE IS OFFLINE,2026-04-27 14:21:37,1,2026-04-27 14:21:37,7.0,NORMAL,MISSING,MISSING,ALARM_SRC_0272,AR,2026.0,4.0,0.0,14.0
CRITICAL,THE DEVICE IS OFFLINE,2026-04-27 14:21:56,1,2026-04-27 14:21:56,7.0,NORMAL,MISSING,MISSING,ALARM_SRC_0281,AR,2026.0,4.0,0.0,14.0
CRITICAL,THE DEVICE IS OFFLINE,2026-04-27 14:22:06,1,2026-04-27 14:22:06,7.0,NORMAL,MISSING,MISSING,ALARM_SRC_0284,AR,2026.0,4.0,0.0,14.0
CRITICAL,THE DEVICE IS OFFLINE,2026-04-27 14:22:16,1,2026-04-27 14:22:16,7.0,NORMAL,MISSING,MISSING,ALARM_SRC_0285,AR,2026.0,4.0,0.0,14.0
CRITICAL,THE DEVICE IS OFFLINE,2026-04-27 14:22:35,1,2026-04-27 14:22:35,7.0,NORMAL,MISSING,MISSING,ALARM_SRC_0280,AR,2026.0,4.0,0.0,14.0
CRITICAL,PHYSICAL PORT DOWN,2026-04-27 14:36:44,1,2026-04-27 14:36:44,2505274.0,NORMAL,MISSING,MISSING,ALARM_SRC_0262,AR,2026.0,4.0,0.0,14.0
CRITICAL,PHYSICAL PORT DOWN,2026-04-27 14:37:45,1,2026-04-27 14:37:45,2505274.0,NORMAL,MISSING,MISSING,ALARM_SRC_0262,AR,2026.0,4.0,0.0,14.0
CRITICAL,PHYSICAL PORT DOWN,2026-04-27 15:03:49,1,2026-04-27 15:03:49,2505274.0,NORMAL,MISSING,MISSING,ALARM_SRC_0459,AR,2026.0,4.0,0.0,15.0
CRITICAL,PHYSICAL PORT DOWN,2026-04-27 15:27:10,1,2026-04-27 15:27:10,2505274.0,NORMAL,MISSING,MISSING,ALARM_SRC_0262,AR,2026.0,4.0,0.0,15.0
CRITICAL,PHYSICAL PORT DOWN,2026-04-27 15:27:39,1,2026-04-27 15:27:39,2505274.0,NORMAL,MISSING,MISSING,ALARM_SRC_1166,CA,2026.0,4.0,0.0,15.0
CRITICAL,PHYSICAL PORT DOWN,2026-04-27 16:17:10,1,2026-04-27 16:17:10,2505274.0,NORMAL,MISSING,MISSING,ALARM_SRC_0262,AR,2026.0,4.0,0.0,16.0
CRITICAL,PHYSICAL PORT DOWN,2026-04-27 16:44:30,1,2026-04-27 16:44:30,2505274.0,NORMAL,MISSING,MISSING,ALARM_SRC_0420,AR,2026.0,4.0,0.0,16.0
CRITICAL,PHYSICAL PORT DOWN,2026-04-27 18:49:05,1,2026-04-27 18:49:05,2505274.0,NORMAL,MISSING,MISSING,ALARM_SRC_0884,AR,2026.0,4.0,0.0,18.0
CRITICAL,PHYSICAL PORT DOWN,2026-04-27 19:15:17,1,2026-04-27 19:15:17,2505274.0,NORMAL,MISSING,MISSING,ALARM_SRC_0402,AR,2026.0,4.0,0.0,19.0
CRITICAL,PHYSICAL PORT DOWN,2026-04-27 19:15:17,1,2026-04-27 19:15:17,2505274.0,NORMAL,MISSING,MISSING,ALARM_SRC_0402,AR,2026.0,4.0,0.0,19.0
CRITICAL,PHYSICAL PORT DOWN,2026-04-27 20:56:52,1,2026-04-27 20:56:52,2505274.0,NORMAL,MISSING,MISSING,ALARM_SRC_0939,AR,2026.0,4.0,0.0,20.0
CRITICAL,THE DEVICE IS OFFLINE,2026-04-27 22:57:01,1,2026-04-27 22:57:01,7.0,NORMAL,MISSING,MISSING,ALARM_SRC_0961,AR,2026.0,4.0,0.0,22.0
CRITICAL,THE DEVICE IS OFFLINE,2026-04-27 22:57:11,1,2026-04-27 22:57:11,7.0,NORMAL,MISSING,MISSING,ALARM_SRC_0493,AR,2026.0,4.0,0.0,22.0
CRITICAL,THE DEVICE IS OFFLINE,2026-04-27 22:57:41,1,2026-04-27 22:57:41,7.0,NORMAL,MISSING,MISSING,ALARM_SRC_1157,AR,2026.0,4.0,0.0,22.0
CRITICAL,PHYSICAL PORT DOWN,2026-04-27 23:53:46,1,2026-04-27 23:53:46,2505274.0,NORMAL,MISSING,MISSING,ALARM_SRC_0533,AR,2026.0,4.0,0.0,23.0
CRITICAL,PHYSICAL PORT DOWN,2026-04-27 23:53:46,1,2026-04-27 23:53:46,2505274.0,NORMAL,MISSING,MISSING,ALARM_SRC_0533,AR,2026.0,4.0,0.0,23.0
CRITICAL,PHYSICAL PORT DOWN,2026-04-27 23:53:46,1,2026-04-27 23:53:46,2505274.0,NORMAL,MISSING,MISSING,ALARM_SRC_0533,AR,2026.0,4.0,0.0,23.0
CRITICAL,PHYSICAL PORT DOWN,2026-04-27 23:53:46,1,2026-04-27 23:53:46,2505274.0,NORMAL,MISSING,MISSING,ALARM_SRC_0533,AR,2026.0,4.0,0.0,23.0
CRITICAL,PHYSICAL PORT DOWN,2026-04-28 00:00:24,1,2026-04-28 00:00:24,2505274.0,NORMAL,MISSING,MISSING,ALARM_SRC_0908,AR,2026.0,4.0,1.0,0.0
CRITICAL,PHYSICAL PORT DOWN,2026-04-28 02:35:37,1,2026-04-28 02:35:37,2505274.0,NORMAL,MISSING,MISSING,ALARM_SRC_0816,AR,2026.0,4.0,1.0,2.0
CRITICAL,PHYSICAL PORT DOWN,2026-04-28 03:06:21,1,2026-04-28 03:06:21,2505274.0,NORMAL,MISSING,MISSING,ALARM_SRC_0897,AR,2026.0,4.0,1.0,3.0
CRITICAL,PHYSICAL PORT DOWN,2026-04-28 07:57:23,1,2026-04-28 07:57:23,2505274.0,NORMAL,MISSING,MISSING,ALARM_SRC_0205,AR,2026.0,4.0,1.0,7.0
CRITICAL,PHYSICAL PORT DOWN,2026-04-28 07:57:23,1,2026-04-28 07:57:23,2505274.0,NORMAL,MISSING,MISSING,ALARM_SRC_0205,AR,2026.0,4.0,1.0,7.0
CRITICAL,PHYSICAL PORT DOWN,2026-04-28 09:41:18,1,2026-04-28 09:41:18,2505274.0,NORMAL,MISSING,MISSING,ALARM_SRC_0714,AR,2026.0,4.0,1.0,9.0
CRITICAL,PHYSICAL PORT DOWN,2026-04-28 10:17:00,1,2026-04-28 10:17:00,2505274.0,NORMAL,MISSING,MISSING,ALARM_SRC_0501,AR,2026.0,4.0,1.0,10.0
CRITICAL,PHYSICAL PORT DOWN,2026-04-28 10:17:00,1,2026-04-28 10:17:00,2505274.0,NORMAL,MISSING,MISSING,ALARM_SRC_0501,AR,2026.0,4.0,1.0,10.0
CRITICAL,PHYSICAL PORT DOWN,2026-04-28 10:17:00,1,2026-04-28 10:17:00,2505274.0,NORMAL,MISSING,MISSING,ALARM_SRC_0501,AR,2026.0,4.0,1.0,10.0
CRITICAL,PHYSICAL PORT DOWN,2026-04-28 10:58:53,1,2026-04-28 10:58:53,2505274.0,NORMAL,MISSING,MISSING,ALARM_SRC_0741,AR,2026.0,4.0,1.0,10.0
CRITICAL,PHYSICAL PORT DOWN,2026-04-28 10:58:53,1,2026-04-28 10:58:53,2505274.0,NORMAL,MISSING,MISSING,ALARM_SRC_0741,AR,2026.0,4.0,1.0,10.0
CRITICAL,PHYSICAL PORT DOWN,2026-04-28 11:17:49,1,2026-04-28 11:17:49,2505274.0,NORMAL,MISSING,MISSING,ALARM_SRC_0993,AR,2026.0,4.0,1.0,11.0
CRITICAL,PHYSICAL PORT DOWN,2026-04-28 11:17:49,1,2026-04-28 11:17:49,2505274.0,NORMAL,MISSING,MISSING,ALARM_SRC_0993,AR,2026.0,4.0,1.0,11.0
CRITICAL,PHYSICAL PORT DOWN,2026-04-28 11:17:49,1,2026-04-28 11:17:49,2505274.0,NORMAL,MISSING,MISSING,ALARM_SRC_0993,AR,2026.0,4.0,1.0,11.0
CRITICAL,PHYSICAL PORT DOWN,2026-04-28 11:17:49,1,2026-04-28 11:17:49,2505274.0,NORMAL,MISSING,MISSING,ALARM_SRC_0993,AR,2026.0,4.0,1.0,11.0
CRITICAL,PHYSICAL PORT DOWN,2026-04-28 11:17:49,1,2026-04-28 11:17:49,2505274.0,NORMAL,MISSING,MISSING,ALARM_SRC_0993,AR,2026.0,4.0,1.0,11.0
CRITICAL,PHYSICAL PORT DOWN,2026-04-28 11:17:49,1,2026-04-28 11:17:49,2505274.0,NORMAL,MISSING,MISSING,ALARM_SRC_0993,AR,2026.0,4.0,1.0,11.0
CRITICAL,PHYSICAL PORT DOWN,2026-04-28 11:24:22,1,2026-04-28 11:24:22,2505274.0,NORMAL,MISSING,MISSING,ALARM_SRC_0869,AR,2026.0,4.0,1.0,11.0
CRITICAL,PHYSICAL PORT DOWN,2026-04-28 12:51:53,1,2026-04-28 12:51:53,2505274.0,NORMAL,MISSING,MISSING,ALARM_SRC_0563,AR,2026.0,4.0,1.0,12.0
CRITICAL,PHYSICAL PORT DOWN,2026-04-28 12:51:53,1,2026-04-28 12:51:53,2505274.0,NORMAL,MISSING,MISSING,ALARM_SRC_0563,AR,2026.0,4.0,1.0,12.0
CRITICAL,PHYSICAL PORT DOWN,2026-04-28 14:10:41,1,2026-04-28 14:10:41,2505274.0,NORMAL,MISSING,MISSING,ALARM_SRC_0222,AR,2026.0,4.0,1.0,14.0
CRITICAL,PHYSICAL PORT DOWN,2026-04-28 14:22:07,1,2026-04-28 14:22:07,2505274.0,NORMAL,MISSING,MISSING,ALARM_SRC_0155,AR,2026.0,4.0,1.0,14.0
CRITICAL,PHYSICAL PORT DOWN,2026-04-28 15:05:39,1,2026-04-28 15:05:39,2505274.0,NORMAL,MISSING,MISSING,ALARM_SRC_0479,AR,2026.0,4.0,1.0,15.0
CRITICAL,PHYSICAL PORT DOWN,2026-04-28 15:45:39,1,2026-04-28 15:45:39,2505274.0,NORMAL,MISSING,MISSING,ALARM_SRC_0308,AR,2026.0,4.0,1.0,15.0
CRITICAL,PHYSICAL PORT DOWN,2026-04-28 16:08:34,1,2026-04-28 16:08:34,2505274.0,NORMAL,MISSING,MISSING,ALARM_SRC_0636,AR,2026.0,4.0,1.0,16.0
CRITICAL,PHYSICAL PORT DOWN,2026-04-28 16:29:57,1,2026-04-28 16:29:57,2505274.0,NORMAL,MISSING,MISSING,ALARM_SRC_0689,AR,2026.0,4.0,1.0,16.0
CRITICAL,PHYSICAL PORT DOWN,2026-04-28 18:11:34,1,2026-04-28 18:11:34,2505274.0,NORMAL,MISSING,MISSING,ALARM_SRC_0642,AR,2026.0,4.0,1.0,18.0
CRITICAL,THE DEVICE IS OFFLINE,2026-04-28 18:38:17,1,2026-04-28 18:38:17,7.0,NORMAL,MISSING,MISSING,ALARM_SRC_0357,AR,2026.0,4.0,1.0,18.0
CRITICAL,PHYSICAL PORT DOWN,2026-04-28 18:49:56,1,2026-04-28 18:49:56,2505274.0,NORMAL,MISSING,MISSING,ALARM_SRC_0479,AR,2026.0,4.0,1.0,18.0
CRITICAL,PHYSICAL PORT DOWN,2026-04-28 19:00:03,1,2026-04-28 19:00:03,2505274.0,NORMAL,MISSING,MISSING,ALARM_SRC_0279,AR,2026.0,4.0,1.0,19.0
CRITICAL,PHYSICAL PORT DOWN,2026-04-28 19:01:30,1,2026-04-28 19:01:30,2505274.0,NORMAL,MISSING,MISSING,ALARM_SRC_0479,AR,2026.0,4.0,1.0,19.0
CRITICAL,PHYSICAL PORT DOWN,2026-04-28 19:09:06,1,2026-04-28 19:09:06,2505274.0,NORMAL,MISSING,MISSING,ALARM_SRC_0479,AR,2026.0,4.0,1.0,19.0
CRITICAL,PHYSICAL PORT DOWN,2026-04-28 19:10:25,1,2026-04-28 19:10:25,2505274.0,NORMAL,MISSING,MISSING,ALARM_SRC_0479,AR,2026.0,4.0,1.0,19.0
CRITICAL,PHYSICAL PORT DOWN,2026-04-28 19:15:38,1,2026-04-28 19:15:38,2505274.0,NORMAL,MISSING,MISSING,ALARM_SRC_0479,AR,2026.0,4.0,1.0,19.0
CRITICAL,PHYSICAL PORT DOWN,2026-04-28 19:38:59,1,2026-04-28 19:38:59,2505274.0,NORMAL,MISSING,MISSING,ALARM_SRC_0479,AR,2026.0,4.0,1.0,19.0
CRITICAL,PHYSICAL PORT DOWN,2026-04-28 19:39:15,1,2026-04-28 19:39:15,2505274.0,NORMAL,MISSING,MISSING,ALARM_SRC_0479,AR,2026.0,4.0,1.0,19.0
CRITICAL,PHYSICAL PORT DOWN,2026-04-28 19:51:20,1,2026-04-28 19:51:20,2505274.0,NORMAL,MISSING,MISSING,ALARM_SRC_0479,AR,2026.0,4.0,1.0,19.0
CRITICAL,PHYSICAL PORT DOWN,2026-04-28 20:09:11,1,2026-04-28 20:09:11,2505274.0,NORMAL,MISSING,MISSING,ALARM_SRC_0268,AR,2026.0,4.0,1.0,20.0
CRITICAL,PHYSICAL PORT DOWN,2026-04-28 22:52:28,1,2026-04-28 22:52:28,2505274.0,NORMAL,MISSING,MISSING,ALARM_SRC_0839,AR,2026.0,4.0,1.0,22.0
CRITICAL,PHYSICAL PORT DOWN,2026-04-29 02:33:47,1,2026-04-29 02:33:47,2505274.0,NORMAL,MISSING,MISSING,ALARM_SRC_0813,AR,2026.0,4.0,2.0,2.0
CRITICAL,PHYSICAL PORT DOWN,2026-04-29 04:09:29,1,2026-04-29 04:09:29,2505274.0,NORMAL,MISSING,MISSING,ALARM_SRC_0275,AR,2026.0,4.0,2.0,4.0
CRITICAL,PHYSICAL PORT DOWN,2026-04-29 06:06:25,1,2026-04-29 06:06:25,2505274.0,NORMAL,MISSING,MISSING,ALARM_SRC_0394,AR,2026.0,4.0,2.0,6.0
CRITICAL,PHYSICAL PORT DOWN,2026-04-29 06:06:25,1,2026-04-29 06:06:25,2505274.0,NORMAL,MISSING,MISSING,ALARM_SRC_0394,AR,2026.0,4.0,2.0,6.0
CRITICAL,PHYSICAL PORT DOWN,2026-04-29 08:02:51,1,2026-04-29 08:02:51,2505274.0,NORMAL,MISSING,MISSING,ALARM_SRC_0925,AR,2026.0,4.0,2.0,8.0
CRITICAL,PHYSICAL PORT DOWN,2026-04-29 08:22:46,1,2026-04-29 08:22:46,2505274.0,NORMAL,MISSING,MISSING,ALARM_SRC_0279,AR,2026.0,4.0,2.0,8.0
CRITICAL,PHYSICAL PORT DOWN,2026-04-29 08:38:31,1,2026-04-29 08:38:31,2505274.0,NORMAL,MISSING,MISSING,ALARM_SRC_0981,AR,2026.0,4.0,2.0,8.0
CRITICAL,PHYSICAL PORT DOWN,2026-04-29 09:01:37,1,2026-04-29 09:01:37,2505274.0,NORMAL,MISSING,MISSING,ALARM_SRC_0541,AR,2026.0,4.0,2.0,9.0
CRITICAL,PHYSICAL PORT DOWN,2026-04-29 09:22:23,1,2026-04-29 09:22:23,2505274.0,NORMAL,MISSING,MISSING,ALARM_SRC_0895,AR,2026.0,4.0,2.0,9.0
CRITICAL,PHYSICAL PORT DOWN,2026-04-29 09:23:45,1,2026-04-29 09:23:45,2505274.0,NORMAL,MISSING,MISSING,ALARM_SRC_0896,AR,2026.0,4.0,2.0,9.0
CRITICAL,PHYSICAL PORT DOWN,2026-04-29 09:23:56,1,2026-04-29 09:23:56,2505274.0,NORMAL,MISSING,MISSING,ALARM_SRC_1060,AR,2026.0,4.0,2.0,9.0
CRITICAL,PHYSICAL PORT DOWN,2026-04-29 10:06:31,1,2026-04-29 10:06:31,2505274.0,NORMAL,MISSING,MISSING,ALARM_SRC_1143,AR,2026.0,4.0,2.0,10.0
CRITICAL,PHYSICAL PORT DOWN,2026-04-29 10:24:26,1,2026-04-29 10:24:26,2505274.0,NORMAL,MISSING,MISSING,ALARM_SRC_0665,AR,2026.0,4.0,2.0,10.0
CRITICAL,PHYSICAL PORT DOWN,2026-04-29 11:55:50,1,2026-04-29 11:55:50,2505274.0,NORMAL,MISSING,MISSING,ALARM_SRC_0368,AR,2026.0,4.0,2.0,11.0
CRITICAL,PHYSICAL PORT DOWN,2026-04-29 13:13:14,1,2026-04-29 13:13:14,2505274.0,NORMAL,MISSING,MISSING,ALARM_SRC_0642,AR,2026.0,4.0,2.0,13.0
CRITICAL,PHYSICAL PORT DOWN,2026-04-29 13:30:59,1,2026-04-29 13:30:59,2505274.0,NORMAL,MISSING,MISSING,ALARM_SRC_0247,AR,2026.0,4.0,2.0,13.0
CRITICAL,PHYSICAL PORT DOWN,2026-04-29 13:47:01,1,2026-04-29 13:47:01,2505274.0,NORMAL,MISSING,MISSING,ALARM_SRC_1149,AR,2026.0,4.0,2.0,13.0
CRITICAL,PHYSICAL PORT DOWN,2026-04-29 13:52:29,1,2026-04-29 13:52:29,2505274.0,NORMAL,MISSING,MISSING,ALARM_SRC_0660,AR,2026.0,4.0,2.0,13.0
CRITICAL,PHYSICAL PORT DOWN,2026-04-29 14:33:06,1,2026-04-29 14:33:06,2505274.0,NORMAL,MISSING,MISSING,ALARM_SRC_0170,AR,2026.0,4.0,2.0,14.0
CRITICAL,PHYSICAL PORT DOWN,2026-04-29 15:09:00,1,2026-04-29 15:09:00,2505274.0,NORMAL,MISSING,MISSING,ALARM_SRC_0487,AR,2026.0,4.0,2.0,15.0
CRITICAL,PHYSICAL PORT DOWN,2026-04-29 15:30:34,1,2026-04-29 15:30:34,2505274.0,NORMAL,MISSING,MISSING,ALARM_SRC_0277,AR,2026.0,4.0,2.0,15.0
CRITICAL,PHYSICAL PORT DOWN,2026-04-29 16:54:04,1,2026-04-29 16:54:04,2505274.0,NORMAL,MISSING,MISSING,ALARM_SRC_0200,AR,2026.0,4.0,2.0,16.0
CRITICAL,PHYSICAL PORT DOWN,2026-04-29 16:59:12,1,2026-04-29 16:59:12,2505274.0,NORMAL,MISSING,MISSING,ALARM_SRC_0125,AG,2026.0,4.0,2.0,16.0
CRITICAL,PHYSICAL PORT DOWN,2026-04-29 17:05:27,1,2026-04-29 17:05:27,2505274.0,NORMAL,MISSING,MISSING,ALARM_SRC_1001,AR,2026.0,4.0,2.0,17.0
CRITICAL,PHYSICAL PORT DOWN,2026-04-29 17:10:36,1,2026-04-29 17:10:36,2505274.0,NORMAL,MISSING,MISSING,ALARM_SRC_0784,AR,2026.0,4.0,2.0,17.0
CRITICAL,PHYSICAL PORT DOWN,2026-04-29 17:17:16,1,2026-04-29 17:17:16,2505274.0,NORMAL,MISSING,MISSING,ALARM_SRC_0699,AR,2026.0,4.0,2.0,17.0
CRITICAL,PHYSICAL PORT DOWN,2026-04-29 17:35:20,1,2026-04-29 17:35:20,2505274.0,NORMAL,MISSING,MISSING,ALARM_SRC_0725,AR,2026.0,4.0,2.0,17.0
CRITICAL,PHYSICAL PORT DOWN,2026-04-29 17:49:00,1,2026-04-29 17:49:00,2505274.0,NORMAL,MISSING,MISSING,ALARM_SRC_0679,AR,2026.0,4.0,2.0,17.0
CRITICAL,PHYSICAL PORT DOWN,2026-04-29 17:54:51,1,2026-04-29 17:54:51,2505274.0,NORMAL,MISSING,MISSING,ALARM_SRC_0761,AR,2026.0,4.0,2.0,17.0
CRITICAL,PHYSICAL PORT DOWN,2026-04-29 18:04:46,1,2026-04-29 18:04:46,2505274.0,NORMAL,MISSING,MISSING,ALARM_SRC_1078,AR,2026.0,4.0,2.0,18.0
CRITICAL,PHYSICAL PORT DOWN,2026-04-29 18:28:58,1,2026-04-29 18:28:58,2505274.0,NORMAL,MISSING,MISSING,ALARM_SRC_0318,AR,2026.0,4.0,2.0,18.0
CRITICAL,PHYSICAL PORT DOWN,2026-04-29 23:15:21,1,2026-04-29 23:15:21,2505274.0,NORMAL,MISSING,MISSING,ALARM_SRC_0438,AR,2026.0,4.0,2.0,23.0
CRITICAL,PHYSICAL PORT DOWN,2026-04-29 23:58:33,1,2026-04-29 23:58:33,2505274.0,NORMAL,MISSING,MISSING,ALARM_SRC_0786,AR,2026.0,4.0,2.0,23.0
CRITICAL,PHYSICAL PORT DOWN,2026-04-29 23:58:40,1,2026-04-29 23:58:40,2505274.0,NORMAL,MISSING,MISSING,ALARM_SRC_0836,AR,2026.0,4.0,2.0,23.0
CRITICAL,PHYSICAL PORT DOWN,2026-04-29 23:59:17,1,2026-04-29 23:59:17,2505274.0,NORMAL,MISSING,MISSING,ALARM_SRC_0837,AR,2026.0,4.0,2.0,23.0
CRITICAL,PHYSICAL PORT DOWN,2026-04-30 00:04:56,1,2026-04-30 00:04:56,2505274.0,NORMAL,MISSING,MISSING,ALARM_SRC_0713,AR,2026.0,4.0,3.0,0.0
CRITICAL,PHYSICAL PORT DOWN,2026-04-30 02:16:12,1,2026-04-30 02:16:12,2505274.0,NORMAL,MISSING,MISSING,ALARM_SRC_0862,AR,2026.0,4.0,3.0,2.0
CRITICAL,PHYSICAL PORT DOWN,2026-04-30 02:32:45,1,2026-04-30 02:32:45,2505274.0,NORMAL,MISSING,MISSING,ALARM_SRC_0169,AR,2026.0,4.0,3.0,2.0
CRITICAL,PHYSICAL PORT DOWN,2026-04-30 06:38:58,1,2026-04-30 06:38:58,2505274.0,NORMAL,MISSING,MISSING,ALARM_SRC_0922,AR,2026.0,4.0,3.0,6.0
CRITICAL,THE DEVICE IS OFFLINE,2026-04-30 09:08:41,1,2026-04-30 09:08:41,7.0,NORMAL,MISSING,MISSING,ALARM_SRC_0958,AR,2026.0,4.0,3.0,9.0
CRITICAL,PHYSICAL PORT DOWN,2026-04-30 09:18:42,1,2026-04-30 09:18:42,2505274.0,NORMAL,MISSING,MISSING,ALARM_SRC_1052,AR,2026.0,4.0,3.0,9.0
CRITICAL,PHYSICAL PORT DOWN,2026-04-30 09:19:34,1,2026-04-30 09:19:34,2505274.0,NORMAL,MISSING,MISSING,ALARM_SRC_0167,AR,2026.0,4.0,3.0,9.0
CRITICAL,PHYSICAL PORT DOWN,2026-04-30 09:19:34,1,2026-04-30 09:19:34,2505274.0,NORMAL,MISSING,MISSING,ALARM_SRC_0167,AR,2026.0,4.0,3.0,9.0
CRITICAL,PHYSICAL PORT DOWN,2026-04-30 09:35:21,1,2026-04-30 09:35:21,2505274.0,NORMAL,MISSING,MISSING,ALARM_SRC_1015,AR,2026.0,4.0,3.0,9.0
CRITICAL,PHYSICAL PORT DOWN,2026-04-30 10:18:31,1,2026-04-30 10:18:31,2505274.0,NORMAL,MISSING,MISSING,ALARM_SRC_0745,AR,2026.0,4.0,3.0,10.0
CRITICAL,PHYSICAL PORT DOWN,2026-04-30 11:02:35,1,2026-04-30 11:02:35,2505274.0,NORMAL,MISSING,MISSING,ALARM_SRC_0536,AR,2026.0,4.0,3.0,11.0
CRITICAL,PHYSICAL PORT DOWN,2026-04-30 11:50:02,1,2026-04-30 11:50:02,2505274.0,NORMAL,MISSING,MISSING,ALARM_SRC_0386,AR,2026.0,4.0,3.0,11.0
CRITICAL,PHYSICAL PORT DOWN,2026-04-30 11:52:46,1,2026-04-30 11:52:46,2505274.0,NORMAL,MISSING,MISSING,ALARM_SRC_0386,AR,2026.0,4.0,3.0,11.0
CRITICAL,PHYSICAL PORT DOWN,2026-04-30 12:10:59,1,2026-04-30 12:10:59,2505274.0,NORMAL,MISSING,MISSING,ALARM_SRC_0699,AR,2026.0,4.0,3.0,12.0
CRITICAL,PHYSICAL PORT DOWN,2026-04-30 12:31:35,1,2026-04-30 12:31:35,2505274.0,NORMAL,MISSING,MISSING,ALARM_SRC_1042,AR,2026.0,4.0,3.0,12.0
CRITICAL,PHYSICAL PORT DOWN,2026-04-30 12:35:31,1,2026-04-30 12:35:31,2505274.0,NORMAL,MISSING,MISSING,ALARM_SRC_0303,AR,2026.0,4.0,3.0,12.0
CRITICAL,PHYSICAL PORT DOWN,2026-04-30 12:38:34,1,2026-04-30 12:38:34,2505274.0,NORMAL,MISSING,MISSING,ALARM_SRC_0903,AR,2026.0,4.0,3.0,12.0
CRITICAL,PHYSICAL PORT DOWN,2026-04-30 12:52:58,1,2026-04-30 12:52:58,2505274.0,NORMAL,MISSING,MISSING,ALARM_SRC_0208,AR,2026.0,4.0,3.0,12.0
CRITICAL,PHYSICAL PORT DOWN,2026-04-30 13:05:11,1,2026-04-30 13:05:11,2505274.0,NORMAL,MISSING,MISSING,ALARM_SRC_1059,AR,2026.0,4.0,3.0,13.0
CRITICAL,THE DEVICE IS OFFLINE,2026-04-30 13:21:48,1,2026-04-30 13:21:48,7.0,NORMAL,MISSING,MISSING,ALARM_SRC_1082,AR,2026.0,4.0,3.0,13.0
CRITICAL,PHYSICAL PORT DOWN,2026-04-30 13:29:07,1,2026-04-30 13:29:07,2505274.0,NORMAL,MISSING,MISSING,ALARM_SRC_0236,AR,2026.0,4.0,3.0,13.0
CRITICAL,THE DEVICE IS OFFLINE,2026-04-30 14:07:05,1,2026-04-30 14:07:05,7.0,NORMAL,MISSING,MISSING,ALARM_SRC_0648,AR,2026.0,4.0,3.0,14.0
CRITICAL,THE DEVICE IS OFFLINE,2026-04-30 14:21:52,1,2026-04-30 14:21:52,7.0,NORMAL,MISSING,MISSING,ALARM_SRC_1110,AR,2026.0,4.0,3.0,14.0
CRITICAL,THE DEVICE IS OFFLINE,2026-04-30 14:22:02,1,2026-04-30 14:22:02,7.0,NORMAL,MISSING,MISSING,ALARM_SRC_1106,AR,2026.0,4.0,3.0,14.0
CRITICAL,THE DEVICE IS OFFLINE,2026-04-30 14:23:42,1,2026-04-30 14:23:42,7.0,NORMAL,MISSING,MISSING,ALARM_SRC_1073,AR,2026.0,4.0,3.0,14.0
CRITICAL,PHYSICAL PORT DOWN,2026-04-30 14:31:53,1,2026-04-30 14:31:53,2505274.0,NORMAL,MISSING,MISSING,ALARM_SRC_0294,AR,2026.0,4.0,3.0,14.0
CRITICAL,PHYSICAL PORT DOWN,2026-04-30 14:31:53,1,2026-04-30 14:31:53,2505274.0,NORMAL,MISSING,MISSING,ALARM_SRC_0294,AR,2026.0,4.0,3.0,14.0
CRITICAL,PHYSICAL PORT DOWN,2026-04-30 14:31:53,1,2026-04-30 14:31:53,2505274.0,NORMAL,MISSING,MISSING,ALARM_SRC_0294,AR,2026.0,4.0,3.0,14.0
CRITICAL,PHYSICAL PORT DOWN,2026-04-30 14:38:31,1,2026-04-30 14:38:31,2505274.0,NORMAL,MISSING,MISSING,ALARM_SRC_0637,AR,2026.0,4.0,3.0,14.0
CRITICAL,PHYSICAL PORT DOWN,2026-04-30 14:46:29,1,2026-04-30 14:46:29,2505274.0,NORMAL,MISSING,MISSING,ALARM_SRC_0363,AR,2026.0,4.0,3.0,14.0
CRITICAL,PHYSICAL PORT DOWN,2026-04-30 14:46:42,1,2026-04-30 14:46:42,2505274.0,NORMAL,MISSING,MISSING,ALARM_SRC_0363,AR,2026.0,4.0,3.0,14.0
CRITICAL,PHYSICAL PORT DOWN,2026-04-30 15:56:03,1,2026-04-30 15:56:03,2505274.0,NORMAL,MISSING,MISSING,ALARM_SRC_0907,AR,2026.0,4.0,3.0,15.0
CRITICAL,PHYSICAL PORT DOWN,2026-04-30 16:08:24,1,2026-04-30 16:08:24,2505274.0,NORMAL,MISSING,MISSING,ALARM_SRC_0647,AR,2026.0,4.0,3.0,16.0
CRITICAL,PHYSICAL PORT DOWN,2026-04-30 16:26:38,1,2026-04-30 16:26:38,2505274.0,NORMAL,MISSING,MISSING,ALARM_SRC_0349,AR,2026.0,4.0,3.0,16.0
CRITICAL,PHYSICAL PORT DOWN,2026-04-30 17:00:02,1,2026-04-30 17:00:02,2505274.0,NORMAL,MISSING,MISSING,ALARM_SRC_0827,AR,2026.0,4.0,3.0,17.0
CRITICAL,PHYSICAL PORT DOWN,2026-04-30 17:02:45,1,2026-04-30 17:02:45,2505274.0,NORMAL,MISSING,MISSING,ALARM_SRC_1132,AR,2026.0,4.0,3.0,17.0
CRITICAL,PHYSICAL PORT DOWN,2026-04-30 18:07:43,1,2026-04-30 18:07:43,2505274.0,NORMAL,MISSING,MISSING,ALARM_SRC_1078,AR,2026.0,4.0,3.0,18.0
CRITICAL,PHYSICAL PORT DOWN,2026-04-30 21:16:22,1,2026-04-30 21:16:22,2505274.0,NORMAL,MISSING,MISSING,ALARM_SRC_0145,AR,2026.0,4.0,3.0,21.0
CRITICAL,PHYSICAL PORT DOWN,2026-04-30 21:49:53,1,2026-04-30 21:49:53,2505274.0,NORMAL,MISSING,MISSING,ALARM_SRC_0927,AR,2026.0,4.0,3.0,21.0
CRITICAL,PHYSICAL PORT DOWN,2026-04-30 21:50:06,1,2026-04-30 21:50:06,2505274.0,NORMAL,MISSING,MISSING,ALARM_SRC_0918,AR,2026.0,4.0,3.0,21.0
CRITICAL,PHYSICAL PORT DOWN,2026-04-30 22:21:52,1,2026-04-30 22:21:52,2505274.0,NORMAL,MISSING,MISSING,ALARM_SRC_0157,AR,2026.0,4.0,3.0,22.0
CRITICAL,PHYSICAL PORT DOWN,2026-05-01 00:44:02,1,2026-05-01 00:44:02,2505274.0,NORMAL,MISSING,MISSING,ALARM_SRC_0456,AR,2026.0,5.0,4.0,0.0
CRITICAL,PHYSICAL PORT DOWN,2026-05-01 01:11:38,1,2026-05-01 01:11:38,2505274.0,NORMAL,MISSING,MISSING,ALARM_SRC_0546,AR,2026.0,5.0,4.0,1.0
CRITICAL,PHYSICAL PORT DOWN,2026-05-01 03:20:57,1,2026-05-01 03:20:57,2505274.0,NORMAL,MISSING,MISSING,ALARM_SRC_0305,AR,2026.0,5.0,4.0,3.0
CRITICAL,PHYSICAL PORT DOWN,2026-05-01 04:59:11,1,2026-05-01 04:59:11,2505274.0,NORMAL,MISSING,MISSING,ALARM_SRC_0601,AR,2026.0,5.0,4.0,4.0
CRITICAL,PHYSICAL PORT DOWN,2026-05-01 08:05:16,1,2026-05-01 08:05:16,2505274.0,NORMAL,MISSING,MISSING,ALARM_SRC_0269,AR,2026.0,5.0,4.0,8.0
CRITICAL,THE DEVICE IS OFFLINE,2026-05-01 09:44:36,1,2026-05-01 09:44:36,7.0,NORMAL,MISSING,MISSING,ALARM_SRC_1039,AR,2026.0,5.0,4.0,9.0
CRITICAL,PHYSICAL PORT DOWN,2026-05-01 09:56:04,1,2026-05-01 09:56:04,2505274.0,NORMAL,MISSING,MISSING,ALARM_SRC_0778,AR,2026.0,5.0,4.0,9.0
CRITICAL,PHYSICAL PORT DOWN,2026-05-01 10:34:12,1,2026-05-01 10:34:12,2505274.0,NORMAL,MISSING,MISSING,ALARM_SRC_1129,AR,2026.0,5.0,4.0,10.0
CRITICAL,PHYSICAL PORT DOWN,2026-05-01 10:34:12,1,2026-05-01 10:34:12,2505274.0,NORMAL,MISSING,MISSING,ALARM_SRC_1129,AR,2026.0,5.0,4.0,10.0
CRITICAL,PHYSICAL PORT DOWN,2026-05-01 10:34:12,1,2026-05-01 10:34:12,2505274.0,NORMAL,MISSING,MISSING,ALARM_SRC_1129,AR,2026.0,5.0,4.0,10.0
CRITICAL,PHYSICAL PORT DOWN,2026-05-01 10:39:45,1,2026-05-01 10:39:45,2505274.0,NORMAL,MISSING,MISSING,ALARM_SRC_1059,AR,2026.0,5.0,4.0,10.0
CRITICAL,THE DEVICE IS OFFLINE,2026-05-01 11:00:33,1,2026-05-01 11:00:33,7.0,NORMAL,MISSING,MISSING,ALARM_SRC_0297,AR,2026.0,5.0,4.0,11.0
CRITICAL,PHYSICAL PORT DOWN,2026-05-01 11:45:43,1,2026-05-01 11:45:43,2505274.0,NORMAL,MISSING,MISSING,ALARM_SRC_1102,AR,2026.0,5.0,4.0,11.0
CRITICAL,PHYSICAL PORT DOWN,2026-05-01 12:03:40,1,2026-05-01 12:03:40,2505274.0,NORMAL,MISSING,MISSING,ALARM_SRC_0650,AR,2026.0,5.0,4.0,12.0
CRITICAL,PHYSICAL PORT DOWN,2026-05-01 12:15:01,1,2026-05-01 12:15:01,2505274.0,NORMAL,MISSING,MISSING,ALARM_SRC_0248,AR,2026.0,5.0,4.0,12.0
CRITICAL,PHYSICAL PORT DOWN,2026-05-01 12:50:44,1,2026-05-01 12:50:44,2505274.0,NORMAL,MISSING,MISSING,ALARM_SRC_0371,AR,2026.0,5.0,4.0,12.0
CRITICAL,PHYSICAL PORT DOWN,2026-05-01 13:41:27,1,2026-05-01 13:41:27,2505274.0,NORMAL,MISSING,MISSING,ALARM_SRC_0738,AR,2026.0,5.0,4.0,13.0
CRITICAL,PHYSICAL PORT DOWN,2026-05-01 13:41:27,1,2026-05-01 13:41:27,2505274.0,NORMAL,MISSING,MISSING,ALARM_SRC_0730,AR,2026.0,5.0,4.0,13.0
CRITICAL,PHYSICAL PORT DOWN,2026-05-01 14:02:34,1,2026-05-01 14:02:34,2505274.0,NORMAL,MISSING,MISSING,ALARM_SRC_0821,AR,2026.0,5.0,4.0,14.0
CRITICAL,PHYSICAL PORT DOWN,2026-05-01 19:35:04,1,2026-05-01 19:35:04,2505274.0,NORMAL,MISSING,MISSING,ALARM_SRC_0557,AR,2026.0,5.0,4.0,19.0
CRITICAL,PHYSICAL PORT DOWN,2026-05-01 19:35:04,1,2026-05-01 19:35:04,2505274.0,NORMAL,MISSING,MISSING,ALARM_SRC_0557,AR,2026.0,5.0,4.0,19.0
CRITICAL,PHYSICAL PORT DOWN,2026-05-01 19:36:07,1,2026-05-01 19:36:07,2505274.0,NORMAL,MISSING,MISSING,ALARM_SRC_0557,AR,2026.0,5.0,4.0,19.0
CRITICAL,PHYSICAL PORT DOWN,2026-05-02 00:46:04,1,2026-05-02 00:46:04,2505274.0,NORMAL,MISSING,MISSING,ALARM_SRC_0600,AR,2026.0,5.0,5.0,0.0
CRITICAL,PHYSICAL PORT DOWN,2026-05-02 00:46:04,1,2026-05-02 00:46:04,2505274.0,NORMAL,MISSING,MISSING,ALARM_SRC_0600,AR,2026.0,5.0,5.0,0.0
CRITICAL,PHYSICAL PORT DOWN,2026-05-02 00:46:04,1,2026-05-02 00:46:04,2505274.0,NORMAL,MISSING,MISSING,ALARM_SRC_0600,AR,2026.0,5.0,5.0,0.0
CRITICAL,PHYSICAL PORT DOWN,2026-05-02 00:46:04,1,2026-05-02 00:46:04,2505274.0,NORMAL,MISSING,MISSING,ALARM_SRC_0600,AR,2026.0,5.0,5.0,0.0
CRITICAL,PHYSICAL PORT DOWN,2026-05-02 00:46:04,1,2026-05-02 00:46:04,2505274.0,NORMAL,MISSING,MISSING,ALARM_SRC_0600,AR,2026.0,5.0,5.0,0.0
CRITICAL,PHYSICAL PORT DOWN,2026-05-02 02:25:50,1,2026-05-02 02:25:50,2505274.0,NORMAL,MISSING,MISSING,ALARM_SRC_0996,AR,2026.0,5.0,5.0,2.0
CRITICAL,PHYSICAL PORT DOWN,2026-05-02 02:53:13,1,2026-05-02 02:53:13,2505274.0,NORMAL,MISSING,MISSING,ALARM_SRC_0731,AR,2026.0,5.0,5.0,2.0
CRITICAL,PHYSICAL PORT DOWN,2026-05-02 04:09:23,1,2026-05-02 04:09:23,2505274.0,NORMAL,MISSING,MISSING,ALARM_SRC_1013,AR,2026.0,5.0,5.0,4.0
CRITICAL,PHYSICAL PORT DOWN,2026-05-02 04:09:23,1,2026-05-02 04:09:23,2505274.0,NORMAL,MISSING,MISSING,ALARM_SRC_1013,AR,2026.0,5.0,5.0,4.0
CRITICAL,PHYSICAL PORT DOWN,2026-05-02 04:10:44,1,2026-05-02 04:10:44,2505274.0,NORMAL,MISSING,MISSING,ALARM_SRC_0980,AR,2026.0,5.0,5.0,4.0
CRITICAL,PHYSICAL PORT DOWN,2026-05-02 04:13:11,1,2026-05-02 04:13:11,2505274.0,NORMAL,MISSING,MISSING,ALARM_SRC_1134,AR,2026.0,5.0,5.0,4.0
CRITICAL,PHYSICAL PORT DOWN,2026-05-02 05:36:04,1,2026-05-02 05:36:04,2505274.0,NORMAL,MISSING,MISSING,ALARM_SRC_0174,AR,2026.0,5.0,5.0,5.0
CRITICAL,PHYSICAL PORT DOWN,2026-05-02 08:17:27,1,2026-05-02 08:17:27,2505274.0,NORMAL,MISSING,MISSING,ALARM_SRC_0987,AR,2026.0,5.0,5.0,8.0
CRITICAL,PHYSICAL PORT DOWN,2026-05-02 08:52:26,1,2026-05-02 08:52:26,2505274.0,NORMAL,MISSING,MISSING,ALARM_SRC_0573,AR,2026.0,5.0,5.0,8.0
CRITICAL,PHYSICAL PORT DOWN,2026-05-02 08:52:28,1,2026-05-02 08:52:28,2505274.0,NORMAL,MISSING,MISSING,ALARM_SRC_0573,AR,2026.0,5.0,5.0,8.0
CRITICAL,PHYSICAL PORT DOWN,2026-05-02 08:52:28,1,2026-05-02 08:52:28,2505274.0,NORMAL,MISSING,MISSING,ALARM_SRC_0573,AR,2026.0,5.0,5.0,8.0
CRITICAL,PHYSICAL PORT DOWN,2026-05-02 08:52:28,1,2026-05-02 08:52:28,2505274.0,NORMAL,MISSING,MISSING,ALARM_SRC_0573,AR,2026.0,5.0,5.0,8.0
CRITICAL,PHYSICAL PORT DOWN,2026-05-02 10:02:01,1,2026-05-02 10:02:01,2505274.0,NORMAL,MISSING,MISSING,ALARM_SRC_0418,AR,2026.0,5.0,5.0,10.0
CRITICAL,PHYSICAL PORT DOWN,2026-05-02 10:10:05,1,2026-05-02 10:10:05,2505274.0,NORMAL,MISSING,MISSING,ALARM_SRC_1023,AR,2026.0,5.0,5.0,10.0
CRITICAL,PHYSICAL PORT DOWN,2026-05-02 10:28:36,1,2026-05-02 10:28:36,2505274.0,NORMAL,MISSING,MISSING,ALARM_SRC_0801,AR,2026.0,5.0,5.0,10.0
CRITICAL,PHYSICAL PORT DOWN,2026-05-02 11:44:51,1,2026-05-02 11:44:51,2505274.0,NORMAL,MISSING,MISSING,ALARM_SRC_1020,AR,2026.0,5.0,5.0,11.0
CRITICAL,PHYSICAL PORT DOWN,2026-05-02 12:01:23,1,2026-05-02 12:01:23,2505274.0,NORMAL,MISSING,MISSING,ALARM_SRC_0568,AR,2026.0,5.0,5.0,12.0
CRITICAL,PHYSICAL PORT DOWN,2026-05-02 12:01:23,1,2026-05-02 12:01:23,2505274.0,NORMAL,MISSING,MISSING,ALARM_SRC_0568,AR,2026.0,5.0,5.0,12.0
CRITICAL,PHYSICAL PORT DOWN,2026-05-02 12:40:35,1,2026-05-02 12:40:35,2505274.0,NORMAL,MISSING,MISSING,ALARM_SRC_0679,AR,2026.0,5.0,5.0,12.0
CRITICAL,PHYSICAL PORT DOWN,2026-05-02 13:52:06,1,2026-05-02 13:52:06,2505274.0,NORMAL,MISSING,MISSING,ALARM_SRC_1048,AR,2026.0,5.0,5.0,13.0
CRITICAL,PHYSICAL PORT DOWN,2026-05-02 13:55:25,1,2026-05-02 13:55:25,2505274.0,NORMAL,MISSING,MISSING,ALARM_SRC_0661,AR,2026.0,5.0,5.0,13.0
CRITICAL,PHYSICAL PORT DOWN,2026-05-02 14:56:04,1,2026-05-02 14:56:04,2505274.0,NORMAL,MISSING,MISSING,ALARM_SRC_0495,AR,2026.0,5.0,5.0,14.0
CRITICAL,PHYSICAL PORT DOWN,2026-05-02 16:18:54,1,2026-05-02 16:18:54,2505274.0,NORMAL,MISSING,MISSING,ALARM_SRC_0461,AR,2026.0,5.0,5.0,16.0
CRITICAL,PHYSICAL PORT DOWN,2026-05-02 16:27:15,1,2026-05-02 16:27:15,2505274.0,NORMAL,MISSING,MISSING,ALARM_SRC_0461,AR,2026.0,5.0,5.0,16.0
CRITICAL,PHYSICAL PORT DOWN,2026-05-02 17:53:56,1,2026-05-02 17:53:56,2505274.0,NORMAL,MISSING,MISSING,ALARM_SRC_0376,AR,2026.0,5.0,5.0,17.0
CRITICAL,THE DEVICE IS OFFLINE,2026-05-02 20:11:16,1,2026-05-02 20:11:16,7.0,NORMAL,MISSING,MISSING,ALARM_SRC_0299,AR,2026.0,5.0,5.0,20.0
CRITICAL,PHYSICAL PORT DOWN,2026-05-02 20:59:34,1,2026-05-02 20:59:34,2505274.0,NORMAL,MISSING,MISSING,ALARM_SRC_0730,AR,2026.0,5.0,5.0,20.0
CRITICAL,BOARD INVALID,2026-05-02 21:40:21,1,2026-05-02 21:40:21,2505210.0,NORMAL,MISSING,MISSING,ALARM_SRC_0716,AR,2026.0,5.0,5.0,21.0
CRITICAL,PHYSICAL PORT DOWN,2026-05-03 00:35:28,1,2026-05-03 00:35:28,2505274.0,NORMAL,MISSING,MISSING,ALARM_SRC_0256,AR,2026.0,5.0,6.0,0.0
CRITICAL,BOARD INVALID,2026-05-03 01:34:28,1,2026-05-03 01:34:28,2505210.0,NORMAL,MISSING,MISSING,ALARM_SRC_0109,AG,2026.0,5.0,6.0,1.0
CRITICAL,PHYSICAL PORT DOWN,2026-05-03 04:47:24,1,2026-05-03 04:47:24,2505274.0,NORMAL,MISSING,MISSING,ALARM_SRC_0492,AR,2026.0,5.0,6.0,4.0
CRITICAL,PHYSICAL PORT DOWN,2026-05-03 09:34:18,1,2026-05-03 09:34:18,2505274.0,NORMAL,MISSING,MISSING,ALARM_SRC_0183,AR,2026.0,5.0,6.0,9.0
CRITICAL,PHYSICAL PORT DOWN,2026-05-03 10:09:29,1,2026-05-03 10:09:29,2505274.0,NORMAL,MISSING,MISSING,ALARM_SRC_1063,AR,2026.0,5.0,6.0,10.0
CRITICAL,PHYSICAL PORT DOWN,2026-05-03 10:57:28,1,2026-05-03 10:57:28,2505274.0,NORMAL,MISSING,MISSING,ALARM_SRC_0972,AR,2026.0,5.0,6.0,10.0
CRITICAL,PHYSICAL PORT DOWN,2026-05-03 10:57:28,1,2026-05-03 10:57:28,2505274.0,NORMAL,MISSING,MISSING,ALARM_SRC_0972,AR,2026.0,5.0,6.0,10.0
CRITICAL,PHYSICAL PORT DOWN,2026-05-03 10:57:28,1,2026-05-03 10:57:28,2505274.0,NORMAL,MISSING,MISSING,ALARM_SRC_0972,AR,2026.0,5.0,6.0,10.0
CRITICAL,PHYSICAL PORT DOWN,2026-05-03 12:12:32,1,2026-05-03 12:12:32,2505274.0,NORMAL,MISSING,MISSING,ALARM_SRC_0449,AR,2026.0,5.0,6.0,12.0
CRITICAL,PHYSICAL PORT DOWN,2026-05-03 12:32:06,1,2026-05-03 12:32:06,2505274.0,NORMAL,MISSING,MISSING,ALARM_SRC_0983,AR,2026.0,5.0,6.0,12.0
CRITICAL,PHYSICAL PORT DOWN,2026-05-03 12:40:03,1,2026-05-03 12:40:03,2505274.0,NORMAL,MISSING,MISSING,ALARM_SRC_0165,AR,2026.0,5.0,6.0,12.0
CRITICAL,PHYSICAL PORT DOWN,2026-05-03 12:45:48,1,2026-05-03 12:45:48,2505274.0,NORMAL,MISSING,MISSING,ALARM_SRC_0933,AR,2026.0,5.0,6.0,12.0
CRITICAL,PHYSICAL PORT DOWN,2026-05-03 12:49:06,1,2026-05-03 12:49:06,2505274.0,NORMAL,MISSING,MISSING,ALARM_SRC_0446,AR,2026.0,5.0,6.0,12.0
CRITICAL,PHYSICAL PORT DOWN,2026-05-03 12:49:06,1,2026-05-03 12:49:06,2505274.0,NORMAL,MISSING,MISSING,ALARM_SRC_0271,AR,2026.0,5.0,6.0,12.0
CRITICAL,PHYSICAL PORT DOWN,2026-05-03 13:46:18,1,2026-05-03 13:46:18,2505274.0,NORMAL,MISSING,MISSING,ALARM_SRC_0270,AR,2026.0,5.0,6.0,13.0
CRITICAL,PHYSICAL PORT DOWN,2026-05-03 15:54:40,1,2026-05-03 15:54:40,2505274.0,NORMAL,MISSING,MISSING,ALARM_SRC_1075,AR,2026.0,5.0,6.0,15.0
CRITICAL,PHYSICAL PORT DOWN,2026-05-03 15:54:40,1,2026-05-03 15:54:40,2505274.0,NORMAL,MISSING,MISSING,ALARM_SRC_1075,AR,2026.0,5.0,6.0,15.0
CRITICAL,PHYSICAL PORT DOWN,2026-05-03 15:54:40,1,2026-05-03 15:54:40,2505274.0,NORMAL,MISSING,MISSING,ALARM_SRC_1075,AR,2026.0,5.0,6.0,15.0
CRITICAL,PHYSICAL PORT DOWN,2026-05-03 16:31:24,1,2026-05-03 16:31:24,2505274.0,NORMAL,MISSING,MISSING,ALARM_SRC_0158,AR,2026.0,5.0,6.0,16.0
CRITICAL,PHYSICAL PORT DOWN,2026-05-03 16:35:27,1,2026-05-03 16:35:27,2505274.0,NORMAL,MISSING,MISSING,ALARM_SRC_0999,AR,2026.0,5.0,6.0,16.0
CRITICAL,THE DEVICE IS OFFLINE,2026-05-03 20:16:29,1,2026-05-03 20:16:29,7.0,NORMAL,MISSING,MISSING,ALARM_SRC_0190,AR,2026.0,5.0,6.0,20.0
CRITICAL,THE DEVICE IS OFFLINE,2026-05-03 20:16:38,1,2026-05-03 20:16:38,7.0,NORMAL,MISSING,MISSING,ALARM_SRC_0180,AR,2026.0,5.0,6.0,20.0
CRITICAL,PHYSICAL PORT DOWN,2026-05-03 20:34:36,1,2026-05-03 20:34:36,2505274.0,NORMAL,MISSING,MISSING,ALARM_SRC_0545,AR,2026.0,5.0,6.0,20.0
CRITICAL,PHYSICAL PORT DOWN,2026-05-03 20:43:46,1,2026-05-03 20:43:46,2505274.0,NORMAL,MISSING,MISSING,ALARM_SRC_0158,AR,2026.0,5.0,6.0,20.0
CRITICAL,PHYSICAL PORT DOWN,2026-05-03 20:49:26,1,2026-05-03 20:49:26,2505274.0,NORMAL,MISSING,MISSING,ALARM_SRC_0159,AR,2026.0,5.0,6.0,20.0
CRITICAL,PHYSICAL PORT DOWN,2026-05-03 20:49:27,1,2026-05-03 20:49:27,2505274.0,NORMAL,MISSING,MISSING,ALARM_SRC_0159,AR,2026.0,5.0,6.0,20.0
CRITICAL,PHYSICAL PORT DOWN,2026-05-03 21:46:30,1,2026-05-03 21:46:30,2505274.0,NORMAL,MISSING,MISSING,ALARM_SRC_0158,AR,2026.0,5.0,6.0,21.0
CRITICAL,PHYSICAL PORT DOWN,2026-05-03 23:05:15,1,2026-05-03 23:05:15,2505274.0,NORMAL,MISSING,MISSING,ALARM_SRC_0919,AR,2026.0,5.0,6.0,23.0
CRITICAL,PHYSICAL PORT DOWN,2026-05-03 23:05:15,1,2026-05-03 23:05:15,2505274.0,NORMAL,MISSING,MISSING,ALARM_SRC_0913,AR,2026.0,5.0,6.0,23.0
CRITICAL,PHYSICAL PORT DOWN,2026-05-04 00:16:21,1,2026-05-04 00:16:21,2505274.0,NORMAL,MISSING,MISSING,ALARM_SRC_0504,AR,2026.0,5.0,0.0,0.0
CRITICAL,THE DEVICE IS OFFLINE,2026-05-04 01:26:14,1,2026-05-04 01:26:14,7.0,NORMAL,MISSING,MISSING,ALARM_SRC_0147,AR,2026.0,5.0,0.0,1.0
CRITICAL,PHYSICAL PORT DOWN,2026-05-04 02:37:14,1,2026-05-04 02:37:14,2505274.0,NORMAL,MISSING,MISSING,ALARM_SRC_0841,AR,2026.0,5.0,0.0,2.0
CRITICAL,PHYSICAL PORT DOWN,2026-05-04 03:41:51,1,2026-05-04 03:41:51,2505274.0,NORMAL,MISSING,MISSING,ALARM_SRC_0559,AR,2026.0,5.0,0.0,3.0
CRITICAL,PHYSICAL PORT DOWN,2026-05-04 03:43:30,1,2026-05-04 03:43:30,2505274.0,NORMAL,MISSING,MISSING,ALARM_SRC_0555,AR,2026.0,5.0,0.0,3.0
CRITICAL,PHYSICAL PORT DOWN,2026-05-04 03:43:30,1,2026-05-04 03:43:30,2505274.0,NORMAL,MISSING,MISSING,ALARM_SRC_0555,AR,2026.0,5.0,0.0,3.0
CRITICAL,PHYSICAL PORT DOWN,2026-05-04 04:38:39,1,2026-05-04 04:38:39,2505274.0,NORMAL,MISSING,MISSING,ALARM_SRC_0826,AR,2026.0,5.0,0.0,4.0
CRITICAL,PHYSICAL PORT DOWN,2026-05-04 05:24:01,1,2026-05-04 05:24:01,2505274.0,NORMAL,MISSING,MISSING,ALARM_SRC_0374,AR,2026.0,5.0,0.0,5.0
CRITICAL,BOARD INVALID,2026-05-04 05:50:39,1,2026-05-04 05:50:39,2505210.0,NORMAL,MISSING,MISSING,ALARM_SRC_0109,AG,2026.0,5.0,0.0,5.0
CRITICAL,BOARD INVALID,2026-05-04 05:51:02,1,2026-05-04 05:51:02,2505210.0,NORMAL,MISSING,MISSING,ALARM_SRC_0109,AG,2026.0,5.0,0.0,5.0
CRITICAL,BOARD INVALID,2026-05-04 05:52:09,1,2026-05-04 05:52:09,2505210.0,NORMAL,MISSING,MISSING,ALARM_SRC_0109,AG,2026.0,5.0,0.0,5.0
CRITICAL,BOARD INVALID,2026-05-04 05:53:37,1,2026-05-04 05:53:37,2505210.0,NORMAL,MISSING,MISSING,ALARM_SRC_0109,AG,2026.0,5.0,0.0,5.0
CRITICAL,BOARD INVALID,2026-05-04 05:54:49,1,2026-05-04 05:54:49,2505210.0,NORMAL,MISSING,MISSING,ALARM_SRC_0109,AG,2026.0,5.0,0.0,5.0
CRITICAL,BOARD INVALID,2026-05-04 05:55:10,1,2026-05-04 05:55:10,2505210.0,NORMAL,MISSING,MISSING,ALARM_SRC_0109,AG,2026.0,5.0,0.0,5.0
CRITICAL,BOARD INVALID,2026-05-04 05:56:21,1,2026-05-04 05:56:21,2505210.0,NORMAL,MISSING,MISSING,ALARM_SRC_0109,AG,2026.0,5.0,0.0,5.0
CRITICAL,BOARD INVALID,2026-05-04 05:59:20,1,2026-05-04 05:59:20,2505210.0,NORMAL,MISSING,MISSING,ALARM_SRC_0109,AG,2026.0,5.0,0.0,5.0
CRITICAL,PHYSICAL PORT DOWN,2026-05-04 06:42:35,1,2026-05-04 06:42:35,2505274.0,NORMAL,MISSING,MISSING,ALARM_SRC_0427,AR,2026.0,5.0,0.0,6.0
CRITICAL,PHYSICAL PORT DOWN,2026-05-04 07:14:30,1,2026-05-04 07:14:30,2505274.0,NORMAL,MISSING,MISSING,ALARM_SRC_0166,AR,2026.0,5.0,0.0,7.0
CRITICAL,PHYSICAL PORT DOWN,2026-05-04 07:14:30,1,2026-05-04 07:14:30,2505274.0,NORMAL,MISSING,MISSING,ALARM_SRC_0166,AR,2026.0,5.0,0.0,7.0
CRITICAL,THE DEVICE IS OFFLINE,2026-05-04 07:15:48,1,2026-05-04 07:15:48,7.0,NORMAL,MISSING,MISSING,ALARM_SRC_0160,AR,2026.0,5.0,0.0,7.0
CRITICAL,PHYSICAL PORT DOWN,2026-05-04 07:16:50,1,2026-05-04 07:16:50,2505274.0,NORMAL,MISSING,MISSING,ALARM_SRC_0973,AR,2026.0,5.0,0.0,7.0
CRITICAL,PHYSICAL PORT DOWN,2026-05-04 07:30:10,1,2026-05-04 07:30:10,2505274.0,NORMAL,MISSING,MISSING,ALARM_SRC_1178,CP,2026.0,5.0,0.0,7.0
CRITICAL,PHYSICAL PORT DOWN,2026-05-04 07:30:10,1,2026-05-04 07:30:10,2505274.0,NORMAL,MISSING,MISSING,ALARM_SRC_1178,CP,2026.0,5.0,0.0,7.0
CRITICAL,PHYSICAL PORT DOWN,2026-05-04 07:30:10,1,2026-05-04 07:30:10,2505274.0,NORMAL,MISSING,MISSING,ALARM_SRC_1178,CP,2026.0,5.0,0.0,7.0
CRITICAL,PHYSICAL PORT DOWN,2026-05-04 07:30:10,1,2026-05-04 07:30:10,2505274.0,NORMAL,MISSING,MISSING,ALARM_SRC_1178,CP,2026.0,5.0,0.0,7.0
CRITICAL,PHYSICAL PORT DOWN,2026-05-04 07:36:02,1,2026-05-04 07:36:02,2505274.0,NORMAL,MISSING,MISSING,ALARM_SRC_0545,AR,2026.0,5.0,0.0,7.0
CRITICAL,PHYSICAL PORT DOWN,2026-05-04 07:41:33,1,2026-05-04 07:41:33,2505274.0,NORMAL,MISSING,MISSING,ALARM_SRC_0152,AR,2026.0,5.0,0.0,7.0
CRITICAL,PHYSICAL PORT DOWN,2026-05-04 07:45:47,1,2026-05-04 07:45:47,2505274.0,NORMAL,MISSING,MISSING,ALARM_SRC_0375,AR,2026.0,5.0,0.0,7.0
CRITICAL,THE DEVICE IS OFFLINE,2026-05-04 07:47:55,1,2026-05-04 07:47:55,7.0,NORMAL,MISSING,MISSING,ALARM_SRC_0374,AR,2026.0,5.0,0.0,7.0
CRITICAL,PHYSICAL PORT DOWN,2026-05-04 08:01:53,1,2026-05-04 08:01:53,2505274.0,NORMAL,MISSING,MISSING,ALARM_SRC_0616,AR,2026.0,5.0,0.0,8.0
CRITICAL,PHYSICAL PORT DOWN,2026-05-04 08:07:40,1,2026-05-04 08:07:40,2505274.0,NORMAL,MISSING,MISSING,ALARM_SRC_1138,AR,2026.0,5.0,0.0,8.0
CRITICAL,PHYSICAL PORT DOWN,2026-05-04 08:31:25,1,2026-05-04 08:31:25,2505274.0,NORMAL,MISSING,MISSING,ALARM_SRC_0224,AR,2026.0,5.0,0.0,8.0
CRITICAL,PHYSICAL PORT DOWN,2026-05-04 08:31:25,1,2026-05-04 08:31:25,2505274.0,NORMAL,MISSING,MISSING,ALARM_SRC_0224,AR,2026.0,5.0,0.0,8.0
CRITICAL,PHYSICAL PORT DOWN,2026-05-04 08:36:59,1,2026-05-04 08:36:59,2505274.0,NORMAL,MISSING,MISSING,ALARM_SRC_0253,AR,2026.0,5.0,0.0,8.0
CRITICAL,THE DEVICE IS OFFLINE,2026-05-04 08:37:51,1,2026-05-04 08:37:51,7.0,NORMAL,MISSING,MISSING,ALARM_SRC_0255,AR,2026.0,5.0,0.0,8.0
CRITICAL,PHYSICAL PORT DOWN,2026-05-04 09:36:46,1,2026-05-04 09:36:46,2505274.0,NORMAL,MISSING,MISSING,ALARM_SRC_0863,AR,2026.0,5.0,0.0,9.0
CRITICAL,PHYSICAL PORT DOWN,2026-05-04 09:42:15,1,2026-05-04 09:42:15,2505274.0,NORMAL,MISSING,MISSING,ALARM_SRC_0532,AR,2026.0,5.0,0.0,9.0
CRITICAL,PHYSICAL PORT DOWN,2026-05-04 09:51:58,1,2026-05-04 09:51:58,2505274.0,NORMAL,MISSING,MISSING,ALARM_SRC_1090,AR,2026.0,5.0,0.0,9.0
CRITICAL,PHYSICAL PORT DOWN,2026-05-04 09:52:17,1,2026-05-04 09:52:17,2505274.0,NORMAL,MISSING,MISSING,ALARM_SRC_0427,AR,2026.0,5.0,0.0,9.0
CRITICAL,PHYSICAL PORT DOWN,2026-05-04 09:52:17,1,2026-05-04 09:52:17,2505274.0,NORMAL,MISSING,MISSING,ALARM_SRC_0432,AR,2026.0,5.0,0.0,9.0
CRITICAL,PHYSICAL PORT DOWN,2026-05-04 09:55:15,1,2026-05-04 09:55:15,2505274.0,NORMAL,MISSING,MISSING,ALARM_SRC_1155,AR,2026.0,5.0,0.0,9.0
CRITICAL,PHYSICAL PORT DOWN,2026-05-04 09:58:29,1,2026-05-04 09:58:29,3074752.0,NORMAL,MISSING,MISSING,ALARM_SRC_0024,AG,2026.0,5.0,0.0,9.0
CRITICAL,PHYSICAL PORT DOWN,2026-05-04 10:03:16,1,2026-05-04 10:03:16,2505274.0,NORMAL,MISSING,MISSING,ALARM_SRC_0004,AG,2026.0,5.0,0.0,10.0
CRITICAL,PHYSICAL PORT DOWN,2026-05-04 10:17:02,1,2026-05-04 10:17:02,2505274.0,NORMAL,MISSING,MISSING,ALARM_SRC_0752,AR,2026.0,5.0,0.0,10.0
CRITICAL,BOARD INVALID,2026-05-04 10:17:10,1,2026-05-04 10:17:10,2505210.0,NORMAL,MISSING,MISSING,ALARM_SRC_0383,AR,2026.0,5.0,0.0,10.0
CRITICAL,PHYSICAL PORT DOWN,2026-05-04 10:18:32,1,2026-05-04 10:18:32,2505274.0,NORMAL,MISSING,MISSING,ALARM_SRC_0810,AR,2026.0,5.0,0.0,10.0
CRITICAL,PHYSICAL PORT DOWN,2026-05-04 10:38:32,1,2026-05-04 10:38:32,2505274.0,NORMAL,MISSING,MISSING,ALARM_SRC_0498,AR,2026.0,5.0,0.0,10.0
CRITICAL,PHYSICAL PORT DOWN,2026-05-04 10:58:50,1,2026-05-04 10:58:50,2505274.0,NORMAL,MISSING,MISSING,ALARM_SRC_0736,AR,2026.0,5.0,0.0,10.0
MAJOR,BOARD TEMPERATURE THRESHOLD,2026-05-04 10:59:25,1,2026-05-04 10:59:25,2505268.0,NORMAL,MISSING,MISSING,ALARM_SRC_0680,AR,2026.0,5.0,0.0,10.0
CRITICAL,PHYSICAL PORT DOWN,2026-05-04 11:03:00,1,2026-05-04 11:03:00,2505274.0,NORMAL,MISSING,MISSING,ALARM_SRC_0830,AR,2026.0,5.0,0.0,11.0
CRITICAL,THE DEVICE IS OFFLINE,2026-05-04 11:04:49,1,2026-05-04 11:04:49,7.0,NORMAL,MISSING,MISSING,ALARM_SRC_0454,AR,2026.0,5.0,0.0,11.0
CRITICAL,PHYSICAL PORT DOWN,2026-05-04 11:06:49,1,2026-05-04 11:06:49,2505274.0,NORMAL,MISSING,MISSING,ALARM_SRC_0659,AR,2026.0,5.0,0.0,11.0
CRITICAL,THE DEVICE IS OFFLINE,2026-05-04 11:19:31,1,2026-05-04 11:19:31,7.0,NORMAL,MISSING,MISSING,ALARM_SRC_0871,AR,2026.0,5.0,0.0,11.0
CRITICAL,PHYSICAL PORT DOWN,2026-05-04 11:22:06,1,2026-05-04 11:22:06,2505274.0,NORMAL,MISSING,MISSING,ALARM_SRC_0789,AR,2026.0,5.0,0.0,11.0
CRITICAL,PHYSICAL PORT DOWN,2026-05-04 12:08:44,1,2026-05-04 12:08:44,2505274.0,NORMAL,MISSING,MISSING,ALARM_SRC_0099,AG,2026.0,5.0,0.0,12.0
CRITICAL,PHYSICAL PORT DOWN,2026-05-04 12:08:44,1,2026-05-04 12:08:44,2505274.0,NORMAL,MISSING,MISSING,ALARM_SRC_0099,AG,2026.0,5.0,0.0,12.0
CRITICAL,THE DEVICE IS OFFLINE,2026-05-04 12:09:40,1,2026-05-04 12:09:40,7.0,NORMAL,MISSING,MISSING,ALARM_SRC_0975,AR,2026.0,5.0,0.0,12.0
CRITICAL,PHYSICAL PORT DOWN,2026-05-04 12:14:29,1,2026-05-04 12:14:29,2505274.0,NORMAL,MISSING,MISSING,ALARM_SRC_0547,AR,2026.0,5.0,0.0,12.0
MAJOR,BOARD TEMPERATURE THRESHOLD,2026-05-04 12:24:09,1,2026-05-04 12:24:09,2505268.0,NORMAL,MISSING,MISSING,ALARM_SRC_0095,AG,2026.0,5.0,0.0,12.0
CRITICAL,BOARD INVALID,2026-05-04 12:26:07,1,2026-05-04 12:26:07,2505210.0,NORMAL,MISSING,MISSING,ALARM_SRC_0068,AG,2026.0,5.0,0.0,12.0
CRITICAL,PHYSICAL PORT DOWN,2026-05-04 12:36:57,1,2026-05-04 12:36:57,2505274.0,NORMAL,MISSING,MISSING,ALARM_SRC_0554,AR,2026.0,5.0,0.0,12.0
CRITICAL,PHYSICAL PORT DOWN,2026-05-04 12:36:57,1,2026-05-04 12:36:57,2505274.0,NORMAL,MISSING,MISSING,ALARM_SRC_0554,AR,2026.0,5.0,0.0,12.0
CRITICAL,PHYSICAL PORT DOWN,2026-05-04 12:47:03,1,2026-05-04 12:47:03,2505274.0,NORMAL,MISSING,MISSING,ALARM_SRC_0797,AR,2026.0,5.0,0.0,12.0
CRITICAL,THE DEVICE IS OFFLINE,2026-05-04 12:47:06,1,2026-05-04 12:47:06,7.0,NORMAL,MISSING,MISSING,ALARM_SRC_0817,AR,2026.0,5.0,0.0,12.0
CRITICAL,PHYSICAL PORT DOWN,2026-05-04 12:53:53,1,2026-05-04 12:53:53,2505274.0,NORMAL,MISSING,MISSING,ALARM_SRC_0209,AR,2026.0,5.0,0.0,12.0
CRITICAL,PHYSICAL PORT DOWN,2026-05-04 12:58:56,1,2026-05-04 12:58:56,2505274.0,NORMAL,MISSING,MISSING,ALARM_SRC_0603,AR,2026.0,5.0,0.0,12.0
CRITICAL,PHYSICAL PORT DOWN,2026-05-04 12:59:02,1,2026-05-04 12:59:02,2505274.0,NORMAL,MISSING,MISSING,ALARM_SRC_0983,AR,2026.0,5.0,0.0,12.0
CRITICAL,PHYSICAL PORT DOWN,2026-05-04 13:04:34,1,2026-05-04 13:04:34,2505274.0,NORMAL,MISSING,MISSING,ALARM_SRC_0717,AR,2026.0,5.0,0.0,13.0
CRITICAL,PHYSICAL PORT DOWN,2026-05-04 13:05:33,1,2026-05-04 13:05:33,2505274.0,NORMAL,MISSING,MISSING,ALARM_SRC_0602,AR,2026.0,5.0,0.0,13.0
CRITICAL,PHYSICAL PORT DOWN,2026-05-04 13:09:13,1,2026-05-04 13:09:13,2505274.0,NORMAL,MISSING,MISSING,ALARM_SRC_0318,AR,2026.0,5.0,0.0,13.0
CRITICAL,PHYSICAL PORT DOWN,2026-05-04 13:10:49,1,2026-05-04 13:10:49,2505274.0,NORMAL,MISSING,MISSING,ALARM_SRC_0313,AR,2026.0,5.0,0.0,13.0
CRITICAL,PHYSICAL PORT DOWN,2026-05-04 13:11:22,1,2026-05-04 13:11:22,2505274.0,NORMAL,MISSING,MISSING,ALARM_SRC_1158,AR,2026.0,5.0,0.0,13.0
CRITICAL,PHYSICAL PORT DOWN,2026-05-04 13:15:30,1,2026-05-04 13:15:30,2505274.0,NORMAL,MISSING,MISSING,ALARM_SRC_0233,AR,2026.0,5.0,0.0,13.0
CRITICAL,PHYSICAL PORT DOWN,2026-05-04 13:20:08,1,2026-05-04 13:20:08,2505274.0,NORMAL,MISSING,MISSING,ALARM_SRC_0861,AR,2026.0,5.0,0.0,13.0
CRITICAL,PHYSICAL PORT DOWN,2026-05-04 13:24:37,1,2026-05-04 13:24:37,2505274.0,NORMAL,MISSING,MISSING,ALARM_SRC_0210,AR,2026.0,5.0,0.0,13.0
CRITICAL,PHYSICAL PORT DOWN,2026-05-04 13:25:06,1,2026-05-04 13:25:06,2505274.0,NORMAL,MISSING,MISSING,ALARM_SRC_0342,AR,2026.0,5.0,0.0,13.0
CRITICAL,PHYSICAL PORT DOWN,2026-05-04 13:32:15,1,2026-05-04 13:32:15,2505274.0,NORMAL,MISSING,MISSING,ALARM_SRC_1055,AR,2026.0,5.0,0.0,13.0
MAJOR,BOARD TEMPERATURE THRESHOLD,2026-05-04 13:34:24,1,2026-05-04 13:34:24,2505268.0,NORMAL,MISSING,MISSING,ALARM_SRC_0372,AR,2026.0,5.0,0.0,13.0
CRITICAL,PHYSICAL PORT DOWN,2026-05-04 13:35:05,1,2026-05-04 13:35:05,2505274.0,NORMAL,MISSING,MISSING,ALARM_SRC_0201,AR,2026.0,5.0,0.0,13.0
MAJOR,BOARD TEMPERATURE THRESHOLD,2026-05-04 13:35:18,1,2026-05-04 13:35:18,2505268.0,NORMAL,MISSING,MISSING,ALARM_SRC_0583,AR,2026.0,5.0,0.0,13.0
CRITICAL,PHYSICAL PORT DOWN,2026-05-04 13:36:14,1,2026-05-04 13:36:14,2505274.0,NORMAL,MISSING,MISSING,ALARM_SRC_1047,AR,2026.0,5.0,0.0,13.0
CRITICAL,PHYSICAL PORT DOWN,2026-05-04 13:36:14,1,2026-05-04 13:36:14,2505274.0,NORMAL,MISSING,MISSING,ALARM_SRC_1047,AR,2026.0,5.0,0.0,13.0
CRITICAL,PHYSICAL PORT DOWN,2026-05-04 13:42:28,1,2026-05-04 13:42:28,2505274.0,NORMAL,MISSING,MISSING,ALARM_SRC_1046,AR,2026.0,5.0,0.0,13.0
CRITICAL,PHYSICAL PORT DOWN,2026-05-04 13:43:30,1,2026-05-04 13:43:30,2505274.0,NORMAL,MISSING,MISSING,ALARM_SRC_0768,AR,2026.0,5.0,0.0,13.0
CRITICAL,PHYSICAL PORT DOWN,2026-05-04 13:44:04,1,2026-05-04 13:44:04,2505274.0,NORMAL,MISSING,MISSING,ALARM_SRC_0737,AR,2026.0,5.0,0.0,13.0
CRITICAL,PHYSICAL PORT DOWN,2026-05-04 13:59:59,1,2026-05-04 13:59:59,2505274.0,NORMAL,MISSING,MISSING,ALARM_SRC_0727,AR,2026.0,5.0,0.0,13.0
CRITICAL,PHYSICAL PORT DOWN,2026-05-04 14:00:02,1,2026-05-04 14:00:02,2505274.0,NORMAL,MISSING,MISSING,ALARM_SRC_1089,AR,2026.0,5.0,0.0,14.0
CRITICAL,PHYSICAL PORT DOWN,2026-05-04 14:01:31,1,2026-05-04 14:01:31,2505274.0,NORMAL,MISSING,MISSING,ALARM_SRC_1036,AR,2026.0,5.0,0.0,14.0
CRITICAL,PHYSICAL PORT DOWN,2026-05-04 14:16:34,1,2026-05-04 14:16:34,2505274.0,NORMAL,MISSING,MISSING,ALARM_SRC_1164,AR,2026.0,5.0,0.0,14.0
CRITICAL,PHYSICAL PORT DOWN,2026-05-04 14:17:36,1,2026-05-04 14:17:36,2505274.0,NORMAL,MISSING,MISSING,ALARM_SRC_0340,AR,2026.0,5.0,0.0,14.0
CRITICAL,PHYSICAL PORT DOWN,2026-05-04 14:29:05,1,2026-05-04 14:29:05,2505274.0,NORMAL,MISSING,MISSING,ALARM_SRC_0468,AR,2026.0,5.0,0.0,14.0
CRITICAL,PHYSICAL PORT DOWN,2026-05-04 14:29:05,1,2026-05-04 14:29:05,2505274.0,NORMAL,MISSING,MISSING,ALARM_SRC_0468,AR,2026.0,5.0,0.0,14.0
CRITICAL,PHYSICAL PORT DOWN,2026-05-04 14:35:01,1,2026-05-04 14:35:01,2505274.0,NORMAL,MISSING,MISSING,ALARM_SRC_0651,AR,2026.0,5.0,0.0,14.0
CRITICAL,PHYSICAL PORT DOWN,2026-05-04 14:45:29,1,2026-05-04 14:45:29,2505274.0,NORMAL,MISSING,MISSING,ALARM_SRC_0867,AR,2026.0,5.0,0.0,14.0
CRITICAL,PHYSICAL PORT DOWN,2026-05-04 14:50:33,1,2026-05-04 14:50:33,2505274.0,NORMAL,MISSING,MISSING,ALARM_SRC_0380,AR,2026.0,5.0,0.0,14.0
CRITICAL,PHYSICAL PORT DOWN,2026-05-04 14:52:01,1,2026-05-04 14:52:01,2505274.0,NORMAL,MISSING,MISSING,ALARM_SRC_0887,AR,2026.0,5.0,0.0,14.0
CRITICAL,PHYSICAL PORT DOWN,2026-05-04 14:52:01,1,2026-05-04 14:52:01,2505274.0,NORMAL,MISSING,MISSING,ALARM_SRC_0887,AR,2026.0,5.0,0.0,14.0
CRITICAL,PHYSICAL PORT DOWN,2026-05-04 14:56:49,1,2026-05-04 14:56:49,2505274.0,NORMAL,MISSING,MISSING,ALARM_SRC_0654,AR,2026.0,5.0,0.0,14.0
CRITICAL,PHYSICAL PORT DOWN,2026-05-04 15:03:47,1,2026-05-04 15:03:47,2505274.0,NORMAL,MISSING,MISSING,ALARM_SRC_0301,AR,2026.0,5.0,0.0,15.0
CRITICAL,PHYSICAL PORT DOWN,2026-05-04 15:05:48,1,2026-05-04 15:05:48,2505274.0,NORMAL,MISSING,MISSING,ALARM_SRC_0644,AR,2026.0,5.0,0.0,15.0
CRITICAL,PHYSICAL PORT DOWN,2026-05-04 15:06:04,1,2026-05-04 15:06:04,2505274.0,NORMAL,MISSING,MISSING,ALARM_SRC_0422,AR,2026.0,5.0,0.0,15.0
CRITICAL,PHYSICAL PORT DOWN,2026-05-04 15:11:01,1,2026-05-04 15:11:01,2505274.0,NORMAL,MISSING,MISSING,ALARM_SRC_0665,AR,2026.0,5.0,0.0,15.0
CRITICAL,PHYSICAL PORT DOWN,2026-05-04 15:17:25,1,2026-05-04 15:17:25,2505274.0,NORMAL,MISSING,MISSING,ALARM_SRC_0954,AR,2026.0,5.0,0.0,15.0
CRITICAL,PHYSICAL PORT DOWN,2026-05-04 15:17:57,1,2026-05-04 15:17:57,2505274.0,NORMAL,MISSING,MISSING,ALARM_SRC_0554,AR,2026.0,5.0,0.0,15.0
CRITICAL,PHYSICAL PORT DOWN,2026-05-04 15:20:19,1,2026-05-04 15:20:19,2505274.0,NORMAL,MISSING,MISSING,ALARM_SRC_0443,AR,2026.0,5.0,0.0,15.0
CRITICAL,PHYSICAL PORT DOWN,2026-05-04 15:28:34,1,2026-05-04 15:28:34,2505274.0,NORMAL,MISSING,MISSING,ALARM_SRC_0767,AR,2026.0,5.0,0.0,15.0
CRITICAL,PHYSICAL PORT DOWN,2026-05-04 15:29:53,1,2026-05-04 15:29:53,2505274.0,NORMAL,MISSING,MISSING,ALARM_SRC_0322,AR,2026.0,5.0,0.0,15.0
CRITICAL,PHYSICAL PORT DOWN,2026-05-04 15:33:43,1,2026-05-04 15:33:43,2505274.0,NORMAL,MISSING,MISSING,ALARM_SRC_1051,AR,2026.0,5.0,0.0,15.0
CRITICAL,THE DEVICE IS OFFLINE,2026-05-04 15:40:41,1,2026-05-04 15:40:41,7.0,NORMAL,MISSING,MISSING,ALARM_SRC_1025,AR,2026.0,5.0,0.0,15.0
CRITICAL,PHYSICAL PORT DOWN,2026-05-04 15:44:52,1,2026-05-04 15:44:52,2505274.0,NORMAL,MISSING,MISSING,ALARM_SRC_0156,AR,2026.0,5.0,0.0,15.0
CRITICAL,PHYSICAL PORT DOWN,2026-05-04 15:44:52,1,2026-05-04 15:44:52,2505274.0,NORMAL,MISSING,MISSING,ALARM_SRC_0144,AR,2026.0,5.0,0.0,15.0
CRITICAL,PHYSICAL PORT DOWN,2026-05-04 15:45:35,1,2026-05-04 15:45:35,2505274.0,NORMAL,MISSING,MISSING,ALARM_SRC_1049,AR,2026.0,5.0,0.0,15.0
CRITICAL,THE DEVICE IS OFFLINE,2026-05-04 15:46:34,1,2026-05-04 15:46:34,7.0,NORMAL,MISSING,MISSING,ALARM_SRC_1193,SW,2026.0,5.0,0.0,15.0
CRITICAL,THE DEVICE IS OFFLINE,2026-05-04 15:54:47,1,2026-05-04 15:54:47,7.0,NORMAL,MISSING,MISSING,ALARM_SRC_0198,AR,2026.0,5.0,0.0,15.0
CRITICAL,THE DEVICE IS OFFLINE,2026-05-04 15:55:26,1,2026-05-04 15:55:26,7.0,NORMAL,MISSING,MISSING,ALARM_SRC_0497,AR,2026.0,5.0,0.0,15.0
CRITICAL,PHYSICAL PORT DOWN,2026-05-04 16:10:44,1,2026-05-04 16:10:44,2505274.0,NORMAL,MISSING,MISSING,ALARM_SRC_0074,AG,2026.0,5.0,0.0,16.0
CRITICAL,PHYSICAL PORT DOWN,2026-05-04 16:10:44,1,2026-05-04 16:10:44,2505274.0,NORMAL,MISSING,MISSING,ALARM_SRC_0074,AG,2026.0,5.0,0.0,16.0
CRITICAL,PHYSICAL PORT DOWN,2026-05-04 16:11:10,1,2026-05-04 16:11:10,2505274.0,NORMAL,MISSING,MISSING,ALARM_SRC_0304,AR,2026.0,5.0,0.0,16.0
CRITICAL,PHYSICAL PORT DOWN,2026-05-04 16:11:46,1,2026-05-04 16:11:46,2505274.0,NORMAL,MISSING,MISSING,ALARM_SRC_0742,AR,2026.0,5.0,0.0,16.0
CRITICAL,PHYSICAL PORT DOWN,2026-05-04 16:14:04,1,2026-05-04 16:14:04,2505274.0,NORMAL,MISSING,MISSING,ALARM_SRC_0726,AR,2026.0,5.0,0.0,16.0
CRITICAL,PHYSICAL PORT DOWN,2026-05-04 16:14:05,1,2026-05-04 16:14:05,2505274.0,NORMAL,MISSING,MISSING,ALARM_SRC_0726,AR,2026.0,5.0,0.0,16.0
CRITICAL,PHYSICAL PORT DOWN,2026-05-04 16:14:44,1,2026-05-04 16:14:44,2505274.0,NORMAL,MISSING,MISSING,ALARM_SRC_0658,AR,2026.0,5.0,0.0,16.0
CRITICAL,PHYSICAL PORT DOWN,2026-05-04 16:14:44,1,2026-05-04 16:14:44,2505274.0,NORMAL,MISSING,MISSING,ALARM_SRC_0696,AR,2026.0,5.0,0.0,16.0
CRITICAL,PHYSICAL PORT DOWN,2026-05-04 16:16:40,1,2026-05-04 16:16:40,2505274.0,NORMAL,MISSING,MISSING,ALARM_SRC_1181,CP,2026.0,5.0,0.0,16.0
CRITICAL,THE DEVICE IS OFFLINE,2026-05-04 16:18:54,1,2026-05-04 16:18:54,7.0,NORMAL,MISSING,MISSING,ALARM_SRC_1103,AR,2026.0,5.0,0.0,16.0
CRITICAL,PHYSICAL PORT DOWN,2026-05-04 16:32:19,1,2026-05-04 16:32:19,2505274.0,NORMAL,MISSING,MISSING,ALARM_SRC_0395,AR,2026.0,5.0,0.0,16.0
CRITICAL,PHYSICAL PORT DOWN,2026-05-04 16:34:42,1,2026-05-04 16:34:42,2505274.0,NORMAL,MISSING,MISSING,ALARM_SRC_0184,AR,2026.0,5.0,0.0,16.0
CRITICAL,PHYSICAL PORT DOWN,2026-05-04 16:40:45,1,2026-05-04 16:40:45,2505274.0,NORMAL,MISSING,MISSING,ALARM_SRC_0773,AR,2026.0,5.0,0.0,16.0
CRITICAL,PHYSICAL PORT DOWN,2026-05-04 16:42:12,1,2026-05-04 16:42:12,2505274.0,NORMAL,MISSING,MISSING,ALARM_SRC_1147,AR,2026.0,5.0,0.0,16.0
CRITICAL,PHYSICAL PORT DOWN,2026-05-04 16:44:07,1,2026-05-04 16:44:07,2505274.0,NORMAL,MISSING,MISSING,ALARM_SRC_1044,AR,2026.0,5.0,0.0,16.0
CRITICAL,THE DEVICE IS OFFLINE,2026-05-04 16:44:49,1,2026-05-04 16:44:49,7.0,NORMAL,MISSING,MISSING,ALARM_SRC_1045,AR,2026.0,5.0,0.0,16.0
CRITICAL,THE DEVICE IS OFFLINE,2026-05-04 16:45:38,1,2026-05-04 16:45:38,7.0,NORMAL,MISSING,MISSING,ALARM_SRC_1067,AR,2026.0,5.0,0.0,16.0
CRITICAL,PHYSICAL PORT DOWN,2026-05-04 16:53:27,1,2026-05-04 16:53:27,2505274.0,NORMAL,MISSING,MISSING,ALARM_SRC_1091,AR,2026.0,5.0,0.0,16.0
CRITICAL,PHYSICAL PORT DOWN,2026-05-04 16:55:11,1,2026-05-04 16:55:11,2505274.0,NORMAL,MISSING,MISSING,ALARM_SRC_1114,AR,2026.0,5.0,0.0,16.0
CRITICAL,BOARD INVALID,2026-05-04 16:57:28,1,2026-05-04 16:57:28,2505210.0,NORMAL,MISSING,MISSING,ALARM_SRC_0121,AG,2026.0,5.0,0.0,16.0
CRITICAL,PHYSICAL PORT DOWN,2026-05-04 17:04:32,1,2026-05-04 17:04:32,2505274.0,NORMAL,MISSING,MISSING,ALARM_SRC_0509,AR,2026.0,5.0,0.0,17.0
CRITICAL,PHYSICAL PORT DOWN,2026-05-04 17:06:07,1,2026-05-04 17:06:07,2505274.0,NORMAL,MISSING,MISSING,ALARM_SRC_0865,AR,2026.0,5.0,0.0,17.0
CRITICAL,THE DEVICE IS OFFLINE,2026-05-04 17:06:29,1,2026-05-04 17:06:29,7.0,NORMAL,MISSING,MISSING,ALARM_SRC_0886,AR,2026.0,5.0,0.0,17.0
CRITICAL,PHYSICAL PORT DOWN,2026-05-04 17:10:21,1,2026-05-04 17:10:21,2505274.0,NORMAL,MISSING,MISSING,ALARM_SRC_0712,AR,2026.0,5.0,0.0,17.0
CRITICAL,PHYSICAL PORT DOWN,2026-05-04 17:11:25,1,2026-05-04 17:11:25,2505274.0,NORMAL,MISSING,MISSING,ALARM_SRC_0899,AR,2026.0,5.0,0.0,17.0
CRITICAL,PHYSICAL PORT DOWN,2026-05-04 17:13:16,1,2026-05-04 17:13:16,2505274.0,NORMAL,MISSING,MISSING,ALARM_SRC_1061,AR,2026.0,5.0,0.0,17.0
CRITICAL,PHYSICAL PORT DOWN,2026-05-04 17:13:33,1,2026-05-04 17:13:33,2505274.0,NORMAL,MISSING,MISSING,ALARM_SRC_0664,AR,2026.0,5.0,0.0,17.0
CRITICAL,PHYSICAL PORT DOWN,2026-05-04 17:13:53,1,2026-05-04 17:13:53,2505274.0,NORMAL,MISSING,MISSING,ALARM_SRC_0881,AR,2026.0,5.0,0.0,17.0
CRITICAL,PHYSICAL PORT DOWN,2026-05-04 17:19:37,1,2026-05-04 17:19:37,2505274.0,NORMAL,MISSING,MISSING,ALARM_SRC_0500,AR,2026.0,5.0,0.0,17.0
CRITICAL,PHYSICAL PORT DOWN,2026-05-04 17:21:21,1,2026-05-04 17:21:21,2505274.0,NORMAL,MISSING,MISSING,ALARM_SRC_0885,AR,2026.0,5.0,0.0,17.0
CRITICAL,THE DEVICE IS OFFLINE,2026-05-04 17:23:54,1,2026-05-04 17:23:54,7.0,NORMAL,MISSING,MISSING,ALARM_SRC_0979,AR,2026.0,5.0,0.0,17.0
CRITICAL,THE DEVICE IS OFFLINE,2026-05-04 17:24:13,1,2026-05-04 17:24:13,7.0,NORMAL,MISSING,MISSING,ALARM_SRC_0985,AR,2026.0,5.0,0.0,17.0
CRITICAL,THE DEVICE IS OFFLINE,2026-05-04 17:24:52,1,2026-05-04 17:24:52,7.0,NORMAL,MISSING,MISSING,ALARM_SRC_1034,AR,2026.0,5.0,0.0,17.0
CRITICAL,THE DEVICE IS OFFLINE,2026-05-04 17:24:52,1,2026-05-04 17:24:52,7.0,NORMAL,MISSING,MISSING,ALARM_SRC_1032,AR,2026.0,5.0,0.0,17.0
CRITICAL,THE DEVICE IS OFFLINE,2026-05-04 17:24:52,1,2026-05-04 17:24:52,7.0,NORMAL,MISSING,MISSING,ALARM_SRC_1028,AR,2026.0,5.0,0.0,17.0
CRITICAL,THE DEVICE IS OFFLINE,2026-05-04 17:24:52,1,2026-05-04 17:24:52,7.0,NORMAL,MISSING,MISSING,ALARM_SRC_1026,AR,2026.0,5.0,0.0,17.0
CRITICAL,THE DEVICE IS OFFLINE,2026-05-04 17:25:04,1,2026-05-04 17:25:04,7.0,NORMAL,MISSING,MISSING,ALARM_SRC_1012,AR,2026.0,5.0,0.0,17.0
CRITICAL,THE DEVICE IS OFFLINE,2026-05-04 17:25:43,1,2026-05-04 17:25:43,7.0,NORMAL,MISSING,MISSING,ALARM_SRC_0977,AR,2026.0,5.0,0.0,17.0
CRITICAL,THE DEVICE IS OFFLINE,2026-05-04 17:25:43,1,2026-05-04 17:25:43,7.0,NORMAL,MISSING,MISSING,ALARM_SRC_0994,AR,2026.0,5.0,0.0,17.0
CRITICAL,THE DEVICE IS OFFLINE,2026-05-04 17:25:52,1,2026-05-04 17:25:52,7.0,NORMAL,MISSING,MISSING,ALARM_SRC_0978,AR,2026.0,5.0,0.0,17.0
CRITICAL,PHYSICAL PORT DOWN,2026-05-04 17:26:44,1,2026-05-04 17:26:44,2505274.0,NORMAL,MISSING,MISSING,ALARM_SRC_0099,AG,2026.0,5.0,0.0,17.0
CRITICAL,PHYSICAL PORT DOWN,2026-05-04 17:51:28,1,2026-05-04 17:51:28,2505274.0,NORMAL,MISSING,MISSING,ALARM_SRC_0358,AR,2026.0,5.0,0.0,17.0
CRITICAL,PHYSICAL PORT DOWN,2026-05-04 17:53:13,1,2026-05-04 17:53:13,2505274.0,NORMAL,MISSING,MISSING,ALARM_SRC_0396,AR,2026.0,5.0,0.0,17.0
CRITICAL,PHYSICAL PORT DOWN,2026-05-04 17:54:59,1,2026-05-04 17:54:59,2505274.0,NORMAL,MISSING,MISSING,ALARM_SRC_0444,AR,2026.0,5.0,0.0,17.0
CRITICAL,PHYSICAL PORT DOWN,2026-05-04 17:54:59,1,2026-05-04 17:54:59,2505274.0,NORMAL,MISSING,MISSING,ALARM_SRC_0444,AR,2026.0,5.0,0.0,17.0
CRITICAL,PHYSICAL PORT DOWN,2026-05-04 17:57:15,1,2026-05-04 17:57:15,2505274.0,NORMAL,MISSING,MISSING,ALARM_SRC_0891,AR,2026.0,5.0,0.0,17.0
CRITICAL,PHYSICAL PORT DOWN,2026-05-04 17:58:32,1,2026-05-04 17:58:32,2505274.0,NORMAL,MISSING,MISSING,ALARM_SRC_0831,AR,2026.0,5.0,0.0,17.0
CRITICAL,PHYSICAL PORT DOWN,2026-05-04 17:58:32,1,2026-05-04 17:58:32,2505274.0,NORMAL,MISSING,MISSING,ALARM_SRC_0699,AR,2026.0,5.0,0.0,17.0
CRITICAL,PHYSICAL PORT DOWN,2026-05-04 17:58:52,1,2026-05-04 17:58:52,2505274.0,NORMAL,MISSING,MISSING,ALARM_SRC_0270,AR,2026.0,5.0,0.0,17.0
CRITICAL,PHYSICAL PORT DOWN,2026-05-04 17:59:10,1,2026-05-04 17:59:10,2505274.0,NORMAL,MISSING,MISSING,ALARM_SRC_0182,AR,2026.0,5.0,0.0,17.0
CRITICAL,PHYSICAL PORT DOWN,2026-05-04 17:59:10,1,2026-05-04 17:59:10,2505274.0,NORMAL,MISSING,MISSING,ALARM_SRC_0182,AR,2026.0,5.0,0.0,17.0
CRITICAL,PHYSICAL PORT DOWN,2026-05-04 17:59:10,1,2026-05-04 17:59:10,2505274.0,NORMAL,MISSING,MISSING,ALARM_SRC_0182,AR,2026.0,5.0,0.0,17.0
CRITICAL,BOARD INVALID,2026-05-04 18:00:06,1,2026-05-04 18:00:06,2505210.0,NORMAL,MISSING,MISSING,ALARM_SRC_0072,AG,2026.0,5.0,0.0,18.0
CRITICAL,THE DEVICE IS OFFLINE,2026-05-04 18:00:29,1,2026-05-04 18:00:29,7.0,NORMAL,MISSING,MISSING,ALARM_SRC_0653,AR,2026.0,5.0,0.0,18.0
CRITICAL,THE DEVICE IS OFFLINE,2026-05-04 18:00:29,1,2026-05-04 18:00:29,7.0,NORMAL,MISSING,MISSING,ALARM_SRC_0442,AR,2026.0,5.0,0.0,18.0
CRITICAL,THE DEVICE IS OFFLINE,2026-05-04 18:00:29,1,2026-05-04 18:00:29,7.0,NORMAL,MISSING,MISSING,ALARM_SRC_0445,AR,2026.0,5.0,0.0,18.0
CRITICAL,PHYSICAL PORT DOWN,2026-05-04 18:01:47,1,2026-05-04 18:01:47,2505274.0,NORMAL,MISSING,MISSING,ALARM_SRC_0814,AR,2026.0,5.0,0.0,18.0
CRITICAL,PHYSICAL PORT DOWN,2026-05-04 18:01:57,1,2026-05-04 18:01:57,2505274.0,NORMAL,MISSING,MISSING,ALARM_SRC_1178,CP,2026.0,5.0,0.0,18.0
CRITICAL,PHYSICAL PORT DOWN,2026-05-04 18:03:02,1,2026-05-04 18:03:02,2505274.0,NORMAL,MISSING,MISSING,ALARM_SRC_0424,AR,2026.0,5.0,0.0,18.0
CRITICAL,PHYSICAL PORT DOWN,2026-05-04 18:04:00,1,2026-05-04 18:04:00,2505274.0,NORMAL,MISSING,MISSING,ALARM_SRC_0864,AR,2026.0,5.0,0.0,18.0
CRITICAL,THE DEVICE IS OFFLINE,2026-05-04 18:07:32,2,2026-05-04 18:01:37,7.0,NORMAL,MISSING,MISSING,ALARM_SRC_0531,AR,2026.0,5.0,0.0,18.0
CRITICAL,THE DEVICE IS OFFLINE,2026-05-04 18:09:27,2,2026-05-04 17:56:50,7.0,NORMAL,MISSING,MISSING,ALARM_SRC_0345,AR,2026.0,5.0,0.0,18.0
CRITICAL,THE DEVICE IS OFFLINE,2026-05-04 18:09:27,2,2026-05-04 17:56:50,7.0,NORMAL,MISSING,MISSING,ALARM_SRC_0344,AR,2026.0,5.0,0.0,18.0
CRITICAL,THE DEVICE IS OFFLINE,2026-05-04 18:09:27,2,2026-05-04 17:56:50,7.0,NORMAL,MISSING,MISSING,ALARM_SRC_0343,AR,2026.0,5.0,0.0,18.0
CRITICAL,THE DEVICE IS OFFLINE,2026-05-04 18:09:27,2,2026-05-04 17:56:50,7.0,NORMAL,MISSING,MISSING,ALARM_SRC_0341,AR,2026.0,5.0,0.0,18.0
CRITICAL,PHYSICAL PORT DOWN,2026-05-04 18:11:23,2,2026-05-02 17:28:30,2505274.0,NORMAL,MISSING,MISSING,ALARM_SRC_1104,AR,2026.0,5.0,0.0,18.0
CRITICAL,PHYSICAL PORT DOWN,2026-05-04 18:11:23,2,2026-05-02 17:28:30,2505274.0,NORMAL,MISSING,MISSING,ALARM_SRC_1104,AR,2026.0,5.0,0.0,18.0
CRITICAL,PHYSICAL PORT DOWN,2026-05-04 18:13:11,2,2026-04-29 12:12:09,2505274.0,NORMAL,MISSING,MISSING,ALARM_SRC_0809,AR,2026.0,5.0,0.0,18.0
CRITICAL,THE DEVICE IS OFFLINE,2026-05-04 18:14:28,2,2026-05-03 10:48:01,7.0,NORMAL,MISSING,MISSING,ALARM_SRC_0150,AR,2026.0,5.0,0.0,18.0
CRITICAL,THE DEVICE IS OFFLINE,2026-05-04 18:16:38,3,2026-05-04 18:00:49,7.0,NORMAL,MISSING,MISSING,ALARM_SRC_0185,AR,2026.0,5.0,0.0,18.0
CRITICAL,THE DEVICE IS OFFLINE,2026-05-04 18:16:49,3,2026-05-04 18:03:12,7.0,NORMAL,MISSING,MISSING,ALARM_SRC_0451,AR,2026.0,5.0,0.0,18.0
CRITICAL,THE DEVICE IS OFFLINE,2026-05-04 18:17:18,3,2026-05-04 17:52:44,7.0,NORMAL,MISSING,MISSING,ALARM_SRC_0391,AR,2026.0,5.0,0.0,18.0
CRITICAL,PHYSICAL PORT DOWN,2026-05-04 18:19:10,5,2026-05-04 18:05:08,2505274.0,NORMAL,MISSING,MISSING,ALARM_SRC_0895,AR,2026.0,5.0,0.0,18.0
CRITICAL,PHYSICAL PORT DOWN,2026-05-04 18:19:16,3,2026-05-04 17:30:01,2505274.0,NORMAL,MISSING,MISSING,ALARM_SRC_0716,AR,2026.0,5.0,0.0,18.0
CRITICAL,PHYSICAL PORT DOWN,2026-05-04 18:19:16,3,2026-05-04 17:30:02,2505274.0,NORMAL,MISSING,MISSING,ALARM_SRC_0737,AR,2026.0,5.0,0.0,18.0
CRITICAL,PHYSICAL PORT DOWN,2026-05-04 18:19:22,2,2026-05-04 05:57:13,2505274.0,NORMAL,MISSING,MISSING,ALARM_SRC_0643,AR,2026.0,5.0,0.0,18.0
CRITICAL,PHYSICAL PORT DOWN,2026-05-04 19:54:50,1,2026-05-04 19:54:50,2505274.0,NORMAL,MISSING,MISSING,ALARM_SRC_0265,AR,2026.0,5.0,0.0,19.0
CRITICAL,PHYSICAL PORT DOWN,2026-05-04 19:54:50,1,2026-05-04 19:54:50,2505274.0,NORMAL,MISSING,MISSING,ALARM_SRC_0265,AR,2026.0,5.0,0.0,19.0
CRITICAL,PHYSICAL PORT DOWN,2026-05-05 02:00:01,1,2026-05-05 02:00:01,2505274.0,NORMAL,MISSING,MISSING,ALARM_SRC_0274,AR,2026.0,5.0,1.0,2.0
CRITICAL,PHYSICAL PORT DOWN,2026-05-04 18:20:17,2,2026-05-04 17:28:44,2505274.0,NORMAL,MISSING,MISSING,ALARM_SRC_1102,AR,2026.0,5.0,0.0,18.0
MISSING,MISSING,,1,,MISSING,MISSING,MISSING,MISSING,ALARM_SRC_1192,MISSING,,,,
