alarm_record_id,snapshot_time,severity,alarm_source_type,branch_candidate,alarm_name,first_occurred_at,last_occurred_at,alarm_age_hours,occurrence_times,down_reason,port_oper_status,clearance_status,acknowledgment_status,maintenance_status,reason_group_candidate,candidate_risk_score
alarm_00001,2026-05-04 17:57:19,CRITICAL,AG,HUN,PHYSICAL PORT DOWN,2015-12-19 01:40:10,2015-12-19 01:40:10,90952.28583333333,1.0,unknown,unknown,unknown,unknown,NORMAL,link_down,0.76
alarm_00002,2026-05-04 17:57:19,CRITICAL,AG,PUN,PHYSICAL PORT DOWN,2016-08-25 15:04:22,2016-08-25 15:04:22,84938.8825,1.0,unknown,unknown,unknown,unknown,NORMAL,link_down,0.76
alarm_00003,2026-05-04 17:57:19,CRITICAL,AG,HUN,PHYSICAL PORT DOWN,2016-12-07 16:46:48,2016-12-07 16:46:48,82441.17527777777,1.0,unknown,unknown,unknown,unknown,NORMAL,link_down,0.76
alarm_00004,2026-05-04 17:57:19,CRITICAL,AG,ANC,PHYSICAL PORT DOWN,2016-12-09 17:03:09,2016-12-09 17:03:09,82392.90277777778,1.0,unknown,unknown,unknown,unknown,NORMAL,link_down,0.76
alarm_00005,2026-05-04 17:57:19,CRITICAL,AG,ANC,PHYSICAL PORT DOWN,2016-12-10 12:59:13,2016-12-10 12:59:13,82372.96833333334,1.0,unknown,unknown,unknown,unknown,NORMAL,link_down,0.76
alarm_00006,2026-05-04 17:57:19,CRITICAL,AG,UNKNOWN,PHYSICAL PORT DOWN,2017-04-01 00:27:15,2017-04-01 00:27:15,79697.50111111111,1.0,unknown,unknown,unknown,unknown,NORMAL,link_down,0.76
alarm_00007,2026-05-04 17:57:19,CRITICAL,AG,PUN,PHYSICAL PORT DOWN,2017-06-12 18:50:34,2017-06-12 18:50:34,77951.1125,1.0,unknown,unknown,unknown,unknown,NORMAL,link_down,0.76
alarm_00008,2026-05-04 17:57:19,CRITICAL,CA,NOR,PHYSICAL PORT DOWN,2017-08-29 08:40:40,2017-08-29 08:40:40,76089.2775,1.0,unknown,unknown,unknown,unknown,NORMAL,link_down,0.76
alarm_00009,2026-05-04 17:57:19,CRITICAL,AG,UNKNOWN,PHYSICAL PORT DOWN,2017-09-26 23:51:49,2017-09-26 23:51:49,75402.09166666666,1.0,unknown,unknown,unknown,unknown,NORMAL,link_down,0.76
alarm_00010,2026-05-04 17:57:19,CRITICAL,AG,UNKNOWN,PHYSICAL PORT DOWN,2017-09-26 23:57:34,2017-09-26 23:57:34,75401.99583333333,1.0,unknown,unknown,unknown,unknown,NORMAL,link_down,0.76
alarm_00011,2026-05-04 17:57:19,CRITICAL,AG,UNKNOWN,PHYSICAL PORT DOWN,2017-09-27 00:03:33,2017-09-27 00:03:33,75401.89611111111,1.0,unknown,unknown,unknown,unknown,NORMAL,link_down,0.76
alarm_00012,2026-05-04 17:57:19,CRITICAL,CA,NOR,PHYSICAL PORT DOWN,2017-12-05 00:08:41,2017-12-05 00:08:41,73745.81055555555,1.0,unknown,unknown,unknown,unknown,NORMAL,link_down,0.76
alarm_00013,2026-05-04 17:57:19,CRITICAL,CA,NOR,PHYSICAL PORT DOWN,2017-12-05 00:08:41,2017-12-05 00:08:41,73745.81055555555,1.0,unknown,unknown,unknown,unknown,NORMAL,link_down,0.76
alarm_00014,2026-05-04 17:57:19,CRITICAL,CA,NOR,PHYSICAL PORT DOWN,2017-12-05 00:08:46,2017-12-05 00:08:46,73745.80916666667,1.0,unknown,unknown,unknown,unknown,NORMAL,link_down,0.76
alarm_00015,2026-05-04 17:57:19,CRITICAL,CA,NOR,PHYSICAL PORT DOWN,2017-12-05 00:08:46,2017-12-05 00:08:46,73745.80916666667,1.0,unknown,unknown,unknown,unknown,NORMAL,link_down,0.76
alarm_00016,2026-05-04 17:57:19,CRITICAL,CA,NOR,PHYSICAL PORT DOWN,2017-12-05 00:08:47,2017-12-05 00:08:47,73745.80888888889,1.0,unknown,unknown,unknown,unknown,NORMAL,link_down,0.76
alarm_00017,2026-05-04 17:57:19,CRITICAL,CA,NOR,PHYSICAL PORT DOWN,2017-12-05 00:08:47,2017-12-05 00:08:47,73745.80888888889,1.0,unknown,unknown,unknown,unknown,NORMAL,link_down,0.76
alarm_00018,2026-05-04 17:57:19,CRITICAL,CA,NOR,PHYSICAL PORT DOWN,2017-12-05 00:18:41,2017-12-05 00:18:41,73745.6438888889,1.0,unknown,unknown,unknown,unknown,NORMAL,link_down,0.76
alarm_00019,2026-05-04 17:57:19,CRITICAL,CA,NOR,PHYSICAL PORT DOWN,2017-12-05 00:18:41,2017-12-05 00:18:41,73745.6438888889,1.0,unknown,unknown,unknown,unknown,NORMAL,link_down,0.76
alarm_00020,2026-05-04 17:57:19,CRITICAL,CA,NOR,PHYSICAL PORT DOWN,2017-12-05 01:42:33,2017-12-05 01:42:33,73744.2461111111,1.0,unknown,unknown,unknown,unknown,NORMAL,link_down,0.76
alarm_00021,2026-05-04 17:57:19,CRITICAL,CA,NOR,PHYSICAL PORT DOWN,2017-12-05 01:42:38,2017-12-05 01:42:38,73744.24472222223,1.0,unknown,unknown,unknown,unknown,NORMAL,link_down,0.76
alarm_00022,2026-05-04 17:57:19,CRITICAL,CA,NOR,PHYSICAL PORT DOWN,2017-12-05 01:42:39,2017-12-05 01:42:39,73744.24444444444,1.0,unknown,unknown,unknown,unknown,NORMAL,link_down,0.76
alarm_00023,2026-05-04 17:57:19,CRITICAL,AG,LIP,PHYSICAL PORT DOWN,2017-12-11 18:35:38,2017-12-11 18:35:38,73583.3613888889,1.0,unknown,unknown,unknown,unknown,NORMAL,link_down,0.76
alarm_00024,2026-05-04 17:57:19,CRITICAL,CA,NOR,PHYSICAL PORT DOWN,2017-12-15 00:24:08,2017-12-15 00:24:08,73505.55305555556,1.0,unknown,unknown,unknown,unknown,NORMAL,link_down,0.76
alarm_00025,2026-05-04 17:57:19,CRITICAL,CA,NOR,PHYSICAL PORT DOWN,2017-12-15 00:24:08,2017-12-15 00:24:08,73505.55305555556,1.0,unknown,unknown,unknown,unknown,NORMAL,link_down,0.76
alarm_00026,2026-05-04 17:57:19,CRITICAL,CA,NOR,PHYSICAL PORT DOWN,2017-12-15 00:24:08,2017-12-15 00:24:08,73505.55305555556,1.0,unknown,unknown,unknown,unknown,NORMAL,link_down,0.76
alarm_00027,2026-05-04 17:57:19,CRITICAL,CA,NOR,PHYSICAL PORT DOWN,2017-12-15 00:24:08,2017-12-15 00:24:08,73505.55305555556,1.0,unknown,unknown,unknown,unknown,NORMAL,link_down,0.76
alarm_00028,2026-05-04 17:57:19,CRITICAL,CA,NOR,PHYSICAL PORT DOWN,2017-12-15 00:24:08,2017-12-15 00:24:08,73505.55305555556,1.0,unknown,unknown,unknown,unknown,NORMAL,link_down,0.76
alarm_00029,2026-05-04 17:57:19,CRITICAL,CA,NOR,PHYSICAL PORT DOWN,2017-12-15 00:24:09,2017-12-15 00:24:09,73505.55277777778,1.0,unknown,unknown,unknown,unknown,NORMAL,link_down,0.76
alarm_00030,2026-05-04 17:57:19,CRITICAL,CA,NOR,PHYSICAL PORT DOWN,2017-12-15 00:24:09,2017-12-15 00:24:09,73505.55277777778,1.0,unknown,unknown,unknown,unknown,NORMAL,link_down,0.76
alarm_00031,2026-05-04 17:57:19,CRITICAL,CA,NOR,PHYSICAL PORT DOWN,2017-12-15 00:24:09,2017-12-15 00:24:09,73505.55277777778,1.0,unknown,unknown,unknown,unknown,NORMAL,link_down,0.76
alarm_00032,2026-05-04 17:57:19,CRITICAL,CA,NOR,PHYSICAL PORT DOWN,2017-12-15 00:24:09,2017-12-15 00:24:09,73505.55277777778,1.0,unknown,unknown,unknown,unknown,NORMAL,link_down,0.76
alarm_00033,2026-05-04 17:57:19,CRITICAL,CA,NOR,PHYSICAL PORT DOWN,2017-12-15 00:24:09,2017-12-15 00:24:09,73505.55277777778,1.0,unknown,unknown,unknown,unknown,NORMAL,link_down,0.76
alarm_00034,2026-05-04 17:57:19,CRITICAL,CA,NOR,PHYSICAL PORT DOWN,2017-12-15 00:24:09,2017-12-15 00:24:09,73505.55277777778,1.0,unknown,unknown,unknown,unknown,NORMAL,link_down,0.76
alarm_00035,2026-05-04 17:57:19,CRITICAL,CA,NOR,PHYSICAL PORT DOWN,2017-12-15 00:24:09,2017-12-15 00:24:09,73505.55277777778,1.0,unknown,unknown,unknown,unknown,NORMAL,link_down,0.76
alarm_00036,2026-05-04 17:57:19,CRITICAL,CA,NOR,PHYSICAL PORT DOWN,2017-12-15 00:24:09,2017-12-15 00:24:09,73505.55277777778,1.0,unknown,unknown,unknown,unknown,NORMAL,link_down,0.76
alarm_00037,2026-05-04 17:57:19,CRITICAL,CA,NOR,PHYSICAL PORT DOWN,2017-12-15 00:24:09,2017-12-15 00:24:09,73505.55277777778,1.0,unknown,unknown,unknown,unknown,NORMAL,link_down,0.76
alarm_00038,2026-05-04 17:57:19,CRITICAL,CA,NOR,PHYSICAL PORT DOWN,2017-12-15 00:24:09,2017-12-15 00:24:09,73505.55277777778,1.0,unknown,unknown,unknown,unknown,NORMAL,link_down,0.76
alarm_00039,2026-05-04 17:57:19,CRITICAL,CA,NOR,PHYSICAL PORT DOWN,2017-12-15 00:24:09,2017-12-15 00:24:09,73505.55277777778,1.0,unknown,unknown,unknown,unknown,NORMAL,link_down,0.76
alarm_00040,2026-05-04 17:57:19,CRITICAL,CA,NOR,PHYSICAL PORT DOWN,2017-12-15 00:24:09,2017-12-15 00:24:09,73505.55277777778,1.0,unknown,unknown,unknown,unknown,NORMAL,link_down,0.76
alarm_00041,2026-05-04 17:57:19,CRITICAL,CA,NOR,PHYSICAL PORT DOWN,2017-12-15 00:24:09,2017-12-15 00:24:09,73505.55277777778,1.0,unknown,unknown,unknown,unknown,NORMAL,link_down,0.76
alarm_00042,2026-05-04 17:57:19,CRITICAL,CA,NOR,PHYSICAL PORT DOWN,2017-12-15 00:24:09,2017-12-15 00:24:09,73505.55277777778,1.0,unknown,unknown,unknown,unknown,NORMAL,link_down,0.76
alarm_00043,2026-05-04 17:57:19,CRITICAL,CA,NOR,PHYSICAL PORT DOWN,2017-12-15 00:24:09,2017-12-15 00:24:09,73505.55277777778,1.0,unknown,unknown,unknown,unknown,NORMAL,link_down,0.76
alarm_00044,2026-05-04 17:57:19,CRITICAL,CA,NOR,PHYSICAL PORT DOWN,2017-12-15 00:24:09,2017-12-15 00:24:09,73505.55277777778,1.0,unknown,unknown,unknown,unknown,NORMAL,link_down,0.76
alarm_00045,2026-05-04 17:57:19,CRITICAL,CA,NOR,PHYSICAL PORT DOWN,2017-12-15 00:24:09,2017-12-15 00:24:09,73505.55277777778,1.0,unknown,unknown,unknown,unknown,NORMAL,link_down,0.76
alarm_00046,2026-05-04 17:57:19,CRITICAL,CA,NOR,PHYSICAL PORT DOWN,2017-12-15 00:24:09,2017-12-15 00:24:09,73505.55277777778,1.0,unknown,unknown,unknown,unknown,NORMAL,link_down,0.76
alarm_00047,2026-05-04 17:57:19,CRITICAL,CA,NOR,PHYSICAL PORT DOWN,2017-12-15 00:24:09,2017-12-15 00:24:09,73505.55277777778,1.0,unknown,unknown,unknown,unknown,NORMAL,link_down,0.76
alarm_00048,2026-05-04 17:57:19,CRITICAL,CA,NOR,PHYSICAL PORT DOWN,2017-12-15 00:24:09,2017-12-15 00:24:09,73505.55277777778,1.0,unknown,unknown,unknown,unknown,NORMAL,link_down,0.76
alarm_00049,2026-05-04 17:57:19,CRITICAL,CA,NOR,PHYSICAL PORT DOWN,2017-12-15 00:24:09,2017-12-15 00:24:09,73505.55277777778,1.0,unknown,unknown,unknown,unknown,NORMAL,link_down,0.76
alarm_00050,2026-05-04 17:57:19,CRITICAL,CA,NOR,PHYSICAL PORT DOWN,2017-12-15 00:24:09,2017-12-15 00:24:09,73505.55277777778,1.0,unknown,unknown,unknown,unknown,NORMAL,link_down,0.76
alarm_00051,2026-05-04 17:57:19,CRITICAL,CA,NOR,PHYSICAL PORT DOWN,2017-12-15 00:24:09,2017-12-15 00:24:09,73505.55277777778,1.0,unknown,unknown,unknown,unknown,NORMAL,link_down,0.76
alarm_00052,2026-05-04 17:57:19,CRITICAL,CA,NOR,PHYSICAL PORT DOWN,2017-12-15 00:24:09,2017-12-15 00:24:09,73505.55277777778,1.0,unknown,unknown,unknown,unknown,NORMAL,link_down,0.76
alarm_00053,2026-05-04 17:57:19,CRITICAL,CA,NOR,PHYSICAL PORT DOWN,2017-12-15 00:24:09,2017-12-15 00:24:09,73505.55277777778,1.0,unknown,unknown,unknown,unknown,NORMAL,link_down,0.76
alarm_00054,2026-05-04 17:57:19,CRITICAL,CA,NOR,PHYSICAL PORT DOWN,2017-12-15 00:24:09,2017-12-15 00:24:09,73505.55277777778,1.0,unknown,unknown,unknown,unknown,NORMAL,link_down,0.76
alarm_00055,2026-05-04 17:57:19,CRITICAL,CA,NOR,PHYSICAL PORT DOWN,2017-12-15 00:24:09,2017-12-15 00:24:09,73505.55277777778,1.0,unknown,unknown,unknown,unknown,NORMAL,link_down,0.76
alarm_00056,2026-05-04 17:57:19,CRITICAL,CA,NOR,PHYSICAL PORT DOWN,2017-12-15 00:24:09,2017-12-15 00:24:09,73505.55277777778,1.0,unknown,unknown,unknown,unknown,NORMAL,link_down,0.76
alarm_00057,2026-05-04 17:57:19,CRITICAL,CA,NOR,PHYSICAL PORT DOWN,2017-12-15 00:24:10,2017-12-15 00:24:10,73505.5525,1.0,unknown,unknown,unknown,unknown,NORMAL,link_down,0.76
alarm_00058,2026-05-04 17:57:19,CRITICAL,CA,NOR,PHYSICAL PORT DOWN,2017-12-15 00:45:23,2017-12-15 00:45:23,73505.19888888889,1.0,unknown,unknown,unknown,unknown,NORMAL,link_down,0.76
alarm_00059,2026-05-04 17:57:19,CRITICAL,CA,NOR,PHYSICAL PORT DOWN,2017-12-15 00:45:24,2017-12-15 00:45:24,73505.19861111112,1.0,unknown,unknown,unknown,unknown,NORMAL,link_down,0.76
alarm_00060,2026-05-04 17:57:19,CRITICAL,CA,NOR,PHYSICAL PORT DOWN,2017-12-15 00:45:25,2017-12-15 00:45:25,73505.19833333333,1.0,unknown,unknown,unknown,unknown,NORMAL,link_down,0.76
alarm_00061,2026-05-04 17:57:19,CRITICAL,CA,NOR,PHYSICAL PORT DOWN,2017-12-15 00:45:26,2017-12-15 00:45:26,73505.19805555555,1.0,unknown,unknown,unknown,unknown,NORMAL,link_down,0.76
alarm_00062,2026-05-04 17:57:19,CRITICAL,CA,NOR,PHYSICAL PORT DOWN,2017-12-15 00:45:27,2017-12-15 00:45:27,73505.19777777778,1.0,unknown,unknown,unknown,unknown,NORMAL,link_down,0.76
alarm_00063,2026-05-04 17:57:19,CRITICAL,CA,NOR,PHYSICAL PORT DOWN,2017-12-15 00:45:28,2017-12-15 00:45:28,73505.1975,1.0,unknown,unknown,unknown,unknown,NORMAL,link_down,0.76
alarm_00064,2026-05-04 17:57:19,CRITICAL,CA,NOR,PHYSICAL PORT DOWN,2017-12-15 00:45:29,2017-12-15 00:45:29,73505.19722222222,1.0,unknown,unknown,unknown,unknown,NORMAL,link_down,0.76
alarm_00065,2026-05-04 17:57:19,CRITICAL,CA,NOR,PHYSICAL PORT DOWN,2017-12-15 00:45:30,2017-12-15 00:45:30,73505.19694444444,1.0,unknown,unknown,unknown,unknown,NORMAL,link_down,0.76
alarm_00066,2026-05-04 17:57:19,CRITICAL,CA,NOR,PHYSICAL PORT DOWN,2017-12-15 00:45:31,2017-12-15 00:45:31,73505.19666666667,1.0,unknown,unknown,unknown,unknown,NORMAL,link_down,0.76
alarm_00067,2026-05-04 17:57:19,CRITICAL,CA,NOR,PHYSICAL PORT DOWN,2017-12-15 00:45:32,2017-12-15 00:45:32,73505.19638888889,1.0,unknown,unknown,unknown,unknown,NORMAL,link_down,0.76
alarm_00068,2026-05-04 17:57:19,CRITICAL,CA,NOR,PHYSICAL PORT DOWN,2017-12-15 00:45:33,2017-12-15 00:45:33,73505.19611111112,1.0,unknown,unknown,unknown,unknown,NORMAL,link_down,0.76
alarm_00069,2026-05-04 17:57:19,CRITICAL,CA,NOR,PHYSICAL PORT DOWN,2017-12-15 00:45:34,2017-12-15 00:45:34,73505.19583333333,1.0,unknown,unknown,unknown,unknown,NORMAL,link_down,0.76
alarm_00070,2026-05-04 17:57:19,CRITICAL,CA,NOR,PHYSICAL PORT DOWN,2017-12-15 00:45:36,2017-12-15 00:45:36,73505.19527777778,1.0,unknown,unknown,unknown,unknown,NORMAL,link_down,0.76
alarm_00071,2026-05-04 17:57:19,CRITICAL,CA,NOR,PHYSICAL PORT DOWN,2017-12-15 00:45:37,2017-12-15 00:45:37,73505.195,1.0,unknown,unknown,unknown,unknown,NORMAL,link_down,0.76
alarm_00072,2026-05-04 17:57:19,CRITICAL,CA,NOR,PHYSICAL PORT DOWN,2017-12-15 00:45:38,2017-12-15 00:45:38,73505.19472222222,1.0,unknown,unknown,unknown,unknown,NORMAL,link_down,0.76
alarm_00073,2026-05-04 17:57:19,CRITICAL,CA,NOR,PHYSICAL PORT DOWN,2017-12-15 00:45:39,2017-12-15 00:45:39,73505.19444444444,1.0,unknown,unknown,unknown,unknown,NORMAL,link_down,0.76
alarm_00074,2026-05-04 17:57:19,CRITICAL,CA,NOR,PHYSICAL PORT DOWN,2017-12-15 00:45:40,2017-12-15 00:45:40,73505.19416666667,1.0,unknown,unknown,unknown,unknown,NORMAL,link_down,0.76
alarm_00075,2026-05-04 17:57:19,CRITICAL,CA,NOR,PHYSICAL PORT DOWN,2017-12-15 02:22:10,2017-12-15 02:22:10,73503.58583333333,1.0,unknown,unknown,unknown,unknown,NORMAL,link_down,0.76
alarm_00076,2026-05-04 17:57:19,CRITICAL,CA,NOR,PHYSICAL PORT DOWN,2017-12-15 02:22:11,2017-12-15 02:22:11,73503.58555555556,1.0,unknown,unknown,unknown,unknown,NORMAL,link_down,0.76
alarm_00077,2026-05-04 17:57:19,CRITICAL,CA,NOR,PHYSICAL PORT DOWN,2017-12-15 02:22:12,2017-12-15 02:22:12,73503.58527777778,1.0,unknown,unknown,unknown,unknown,NORMAL,link_down,0.76
alarm_00078,2026-05-04 17:57:19,CRITICAL,CA,NOR,PHYSICAL PORT DOWN,2017-12-15 02:22:13,2017-12-15 02:22:13,73503.585,1.0,unknown,unknown,unknown,unknown,NORMAL,link_down,0.76
alarm_00079,2026-05-04 17:57:19,CRITICAL,CA,NOR,PHYSICAL PORT DOWN,2017-12-15 02:22:14,2017-12-15 02:22:14,73503.58472222222,1.0,unknown,unknown,unknown,unknown,NORMAL,link_down,0.76
alarm_00080,2026-05-04 17:57:19,CRITICAL,CA,NOR,PHYSICAL PORT DOWN,2017-12-15 02:22:15,2017-12-15 02:22:15,73503.58444444444,1.0,unknown,unknown,unknown,unknown,NORMAL,link_down,0.76
alarm_00081,2026-05-04 17:57:19,CRITICAL,CA,NOR,PHYSICAL PORT DOWN,2017-12-15 02:22:16,2017-12-15 02:22:16,73503.58416666667,1.0,unknown,unknown,unknown,unknown,NORMAL,link_down,0.76
alarm_00082,2026-05-04 17:57:19,CRITICAL,CA,NOR,PHYSICAL PORT DOWN,2017-12-15 02:22:17,2017-12-15 02:22:17,73503.58388888888,1.0,unknown,unknown,unknown,unknown,NORMAL,link_down,0.76
alarm_00083,2026-05-04 17:57:19,CRITICAL,CA,NOR,PHYSICAL PORT DOWN,2017-12-15 02:22:18,2017-12-15 02:22:18,73503.58361111111,1.0,unknown,unknown,unknown,unknown,NORMAL,link_down,0.76
alarm_00084,2026-05-04 17:57:19,CRITICAL,CA,NOR,PHYSICAL PORT DOWN,2017-12-15 02:22:19,2017-12-15 02:22:19,73503.58333333333,1.0,unknown,unknown,unknown,unknown,NORMAL,link_down,0.76
alarm_00085,2026-05-04 17:57:19,CRITICAL,CA,NOR,PHYSICAL PORT DOWN,2017-12-15 02:22:20,2017-12-15 02:22:20,73503.58305555556,1.0,unknown,unknown,unknown,unknown,NORMAL,link_down,0.76
alarm_00086,2026-05-04 17:57:19,CRITICAL,CA,NOR,PHYSICAL PORT DOWN,2017-12-15 02:22:21,2017-12-15 02:22:21,73503.58277777777,1.0,unknown,unknown,unknown,unknown,NORMAL,link_down,0.76
alarm_00087,2026-05-04 17:57:19,CRITICAL,CA,NOR,PHYSICAL PORT DOWN,2017-12-15 02:22:22,2017-12-15 02:22:22,73503.5825,1.0,unknown,unknown,unknown,unknown,NORMAL,link_down,0.76
alarm_00088,2026-05-04 17:57:19,CRITICAL,CA,NOR,PHYSICAL PORT DOWN,2017-12-15 02:22:23,2017-12-15 02:22:23,73503.58222222222,1.0,unknown,unknown,unknown,unknown,NORMAL,link_down,0.76
alarm_00089,2026-05-04 17:57:19,CRITICAL,CA,NOR,PHYSICAL PORT DOWN,2017-12-15 02:22:24,2017-12-15 02:22:24,73503.58194444445,1.0,unknown,unknown,unknown,unknown,NORMAL,link_down,0.76
alarm_00090,2026-05-04 17:57:19,CRITICAL,CA,NOR,PHYSICAL PORT DOWN,2017-12-15 02:22:25,2017-12-15 02:22:25,73503.58166666667,1.0,unknown,unknown,unknown,unknown,NORMAL,link_down,0.76
alarm_00091,2026-05-04 17:57:19,CRITICAL,CA,NOR,PHYSICAL PORT DOWN,2017-12-15 02:22:26,2017-12-15 02:22:26,73503.5813888889,1.0,unknown,unknown,unknown,unknown,NORMAL,link_down,0.76
alarm_00092,2026-05-04 17:57:19,CRITICAL,CA,SOU,PHYSICAL PORT DOWN,2017-12-15 04:27:09,2017-12-15 04:27:09,73501.50277777777,1.0,unknown,unknown,unknown,unknown,NORMAL,link_down,0.76
alarm_00093,2026-05-04 17:57:19,CRITICAL,CA,NOR,PHYSICAL PORT DOWN,2017-12-19 00:06:40,2017-12-19 00:06:40,73409.84416666666,1.0,unknown,unknown,unknown,unknown,NORMAL,link_down,0.76
alarm_00094,2026-05-04 17:57:19,CRITICAL,CA,NOR,PHYSICAL PORT DOWN,2017-12-19 00:06:40,2017-12-19 00:06:40,73409.84416666666,1.0,unknown,unknown,unknown,unknown,NORMAL,link_down,0.76
alarm_00095,2026-05-04 17:57:19,CRITICAL,CA,NOR,PHYSICAL PORT DOWN,2017-12-19 00:06:40,2017-12-19 00:06:40,73409.84416666666,1.0,unknown,unknown,unknown,unknown,NORMAL,link_down,0.76
alarm_00096,2026-05-04 17:57:19,CRITICAL,CA,NOR,PHYSICAL PORT DOWN,2017-12-19 00:06:40,2017-12-19 00:06:40,73409.84416666666,1.0,unknown,unknown,unknown,unknown,NORMAL,link_down,0.76
alarm_00097,2026-05-04 17:57:19,CRITICAL,CA,NOR,PHYSICAL PORT DOWN,2017-12-19 00:06:40,2017-12-19 00:06:40,73409.84416666666,1.0,unknown,unknown,unknown,unknown,NORMAL,link_down,0.76
alarm_00098,2026-05-04 17:57:19,CRITICAL,CA,NOR,PHYSICAL PORT DOWN,2017-12-19 00:06:40,2017-12-19 00:06:40,73409.84416666666,1.0,unknown,unknown,unknown,unknown,NORMAL,link_down,0.76
alarm_00099,2026-05-04 17:57:19,CRITICAL,CA,NOR,PHYSICAL PORT DOWN,2017-12-19 00:06:40,2017-12-19 00:06:40,73409.84416666666,1.0,unknown,unknown,unknown,unknown,NORMAL,link_down,0.76
alarm_00100,2026-05-04 17:57:19,CRITICAL,CA,NOR,PHYSICAL PORT DOWN,2017-12-19 00:06:40,2017-12-19 00:06:40,73409.84416666666,1.0,unknown,unknown,unknown,unknown,NORMAL,link_down,0.76
alarm_00101,2026-05-04 17:57:19,CRITICAL,CA,NOR,PHYSICAL PORT DOWN,2017-12-19 00:06:40,2017-12-19 00:06:40,73409.84416666666,1.0,unknown,unknown,unknown,unknown,NORMAL,link_down,0.76
alarm_00102,2026-05-04 17:57:19,CRITICAL,CA,NOR,PHYSICAL PORT DOWN,2017-12-19 00:06:40,2017-12-19 00:06:40,73409.84416666666,1.0,unknown,unknown,unknown,unknown,NORMAL,link_down,0.76
alarm_00103,2026-05-04 17:57:19,CRITICAL,CA,NOR,PHYSICAL PORT DOWN,2017-12-19 00:06:40,2017-12-19 00:06:40,73409.84416666666,1.0,unknown,unknown,unknown,unknown,NORMAL,link_down,0.76
alarm_00104,2026-05-04 17:57:19,CRITICAL,CA,NOR,PHYSICAL PORT DOWN,2017-12-19 00:06:40,2017-12-19 00:06:40,73409.84416666666,1.0,unknown,unknown,unknown,unknown,NORMAL,link_down,0.76
alarm_00105,2026-05-04 17:57:19,CRITICAL,CA,NOR,PHYSICAL PORT DOWN,2017-12-19 00:06:40,2017-12-19 00:06:40,73409.84416666666,1.0,unknown,unknown,unknown,unknown,NORMAL,link_down,0.76
alarm_00106,2026-05-04 17:57:19,CRITICAL,CA,NOR,PHYSICAL PORT DOWN,2017-12-19 00:06:40,2017-12-19 00:06:40,73409.84416666666,1.0,unknown,unknown,unknown,unknown,NORMAL,link_down,0.76
alarm_00107,2026-05-04 17:57:19,CRITICAL,CA,NOR,PHYSICAL PORT DOWN,2017-12-19 00:06:40,2017-12-19 00:06:40,73409.84416666666,1.0,unknown,unknown,unknown,unknown,NORMAL,link_down,0.76
alarm_00108,2026-05-04 17:57:19,CRITICAL,CA,NOR,PHYSICAL PORT DOWN,2017-12-19 00:06:40,2017-12-19 00:06:40,73409.84416666666,1.0,unknown,unknown,unknown,unknown,NORMAL,link_down,0.76
alarm_00109,2026-05-04 17:57:19,CRITICAL,CA,NOR,PHYSICAL PORT DOWN,2017-12-19 00:06:40,2017-12-19 00:06:40,73409.84416666666,1.0,unknown,unknown,unknown,unknown,NORMAL,link_down,0.76
alarm_00110,2026-05-04 17:57:19,CRITICAL,CA,NOR,PHYSICAL PORT DOWN,2017-12-19 00:06:40,2017-12-19 00:06:40,73409.84416666666,1.0,unknown,unknown,unknown,unknown,NORMAL,link_down,0.76
alarm_00111,2026-05-04 17:57:19,CRITICAL,CA,NOR,PHYSICAL PORT DOWN,2017-12-19 00:06:40,2017-12-19 00:06:40,73409.84416666666,1.0,unknown,unknown,unknown,unknown,NORMAL,link_down,0.76
alarm_00112,2026-05-04 17:57:19,CRITICAL,CA,NOR,PHYSICAL PORT DOWN,2017-12-19 00:06:40,2017-12-19 00:06:40,73409.84416666666,1.0,unknown,unknown,unknown,unknown,NORMAL,link_down,0.76
alarm_00113,2026-05-04 17:57:19,CRITICAL,CA,NOR,PHYSICAL PORT DOWN,2017-12-19 00:06:40,2017-12-19 00:06:40,73409.84416666666,1.0,unknown,unknown,unknown,unknown,NORMAL,link_down,0.76
alarm_00114,2026-05-04 17:57:19,CRITICAL,CA,NOR,PHYSICAL PORT DOWN,2017-12-19 00:06:40,2017-12-19 00:06:40,73409.84416666666,1.0,unknown,unknown,unknown,unknown,NORMAL,link_down,0.76
alarm_00115,2026-05-04 17:57:19,CRITICAL,CA,NOR,PHYSICAL PORT DOWN,2017-12-19 00:06:40,2017-12-19 00:06:40,73409.84416666666,1.0,unknown,unknown,unknown,unknown,NORMAL,link_down,0.76
alarm_00116,2026-05-04 17:57:19,CRITICAL,CA,NOR,PHYSICAL PORT DOWN,2017-12-19 00:06:40,2017-12-19 00:06:40,73409.84416666666,1.0,unknown,unknown,unknown,unknown,NORMAL,link_down,0.76
alarm_00117,2026-05-04 17:57:19,CRITICAL,CA,NOR,PHYSICAL PORT DOWN,2017-12-19 00:06:40,2017-12-19 00:06:40,73409.84416666666,1.0,unknown,unknown,unknown,unknown,NORMAL,link_down,0.76
alarm_00118,2026-05-04 17:57:19,CRITICAL,CA,NOR,PHYSICAL PORT DOWN,2017-12-19 00:06:40,2017-12-19 00:06:40,73409.84416666666,1.0,unknown,unknown,unknown,unknown,NORMAL,link_down,0.76
alarm_00119,2026-05-04 17:57:19,CRITICAL,CA,NOR,PHYSICAL PORT DOWN,2017-12-19 00:06:40,2017-12-19 00:06:40,73409.84416666666,1.0,unknown,unknown,unknown,unknown,NORMAL,link_down,0.76
alarm_00120,2026-05-04 17:57:19,CRITICAL,CA,NOR,PHYSICAL PORT DOWN,2017-12-19 00:06:40,2017-12-19 00:06:40,73409.84416666666,1.0,unknown,unknown,unknown,unknown,NORMAL,link_down,0.76
alarm_00121,2026-05-04 17:57:19,CRITICAL,CA,NOR,PHYSICAL PORT DOWN,2017-12-19 00:06:40,2017-12-19 00:06:40,73409.84416666666,1.0,unknown,unknown,unknown,unknown,NORMAL,link_down,0.76
alarm_00122,2026-05-04 17:57:19,CRITICAL,CA,NOR,PHYSICAL PORT DOWN,2017-12-19 00:06:40,2017-12-19 00:06:40,73409.84416666666,1.0,unknown,unknown,unknown,unknown,NORMAL,link_down,0.76
alarm_00123,2026-05-04 17:57:19,CRITICAL,CA,NOR,PHYSICAL PORT DOWN,2017-12-19 00:06:41,2017-12-19 00:06:41,73409.84388888889,1.0,unknown,unknown,unknown,unknown,NORMAL,link_down,0.76
alarm_00124,2026-05-04 17:57:19,CRITICAL,CA,NOR,PHYSICAL PORT DOWN,2017-12-19 00:08:09,2017-12-19 00:08:09,73409.81944444444,1.0,unknown,unknown,unknown,unknown,NORMAL,link_down,0.76
alarm_00125,2026-05-04 17:57:19,CRITICAL,CA,NOR,PHYSICAL PORT DOWN,2017-12-19 00:08:10,2017-12-19 00:08:10,73409.81916666667,1.0,unknown,unknown,unknown,unknown,NORMAL,link_down,0.76
alarm_00126,2026-05-04 17:57:19,CRITICAL,CA,NOR,PHYSICAL PORT DOWN,2017-12-19 00:08:11,2017-12-19 00:08:11,73409.81888888888,1.0,unknown,unknown,unknown,unknown,NORMAL,link_down,0.76
alarm_00127,2026-05-04 17:57:19,CRITICAL,CA,NOR,PHYSICAL PORT DOWN,2017-12-19 00:08:13,2017-12-19 00:08:13,73409.81833333333,1.0,unknown,unknown,unknown,unknown,NORMAL,link_down,0.76
alarm_00128,2026-05-04 17:57:19,CRITICAL,CA,NOR,PHYSICAL PORT DOWN,2017-12-19 00:08:14,2017-12-19 00:08:14,73409.81805555556,1.0,unknown,unknown,unknown,unknown,NORMAL,link_down,0.76
alarm_00129,2026-05-04 17:57:19,CRITICAL,CA,NOR,PHYSICAL PORT DOWN,2017-12-19 00:08:16,2017-12-19 00:08:16,73409.8175,1.0,unknown,unknown,unknown,unknown,NORMAL,link_down,0.76
alarm_00130,2026-05-04 17:57:19,CRITICAL,CA,NOR,PHYSICAL PORT DOWN,2017-12-19 00:08:17,2017-12-19 00:08:17,73409.81722222222,1.0,unknown,unknown,unknown,unknown,NORMAL,link_down,0.76
alarm_00131,2026-05-04 17:57:19,CRITICAL,CA,NOR,PHYSICAL PORT DOWN,2017-12-19 00:08:18,2017-12-19 00:08:18,73409.81694444445,1.0,unknown,unknown,unknown,unknown,NORMAL,link_down,0.76
alarm_00132,2026-05-04 17:57:19,CRITICAL,CA,NOR,PHYSICAL PORT DOWN,2017-12-19 00:08:19,2017-12-19 00:08:19,73409.81666666667,1.0,unknown,unknown,unknown,unknown,NORMAL,link_down,0.76
alarm_00133,2026-05-04 17:57:19,CRITICAL,CA,NOR,PHYSICAL PORT DOWN,2017-12-19 00:08:21,2017-12-19 00:08:21,73409.81611111111,1.0,unknown,unknown,unknown,unknown,NORMAL,link_down,0.76
alarm_00134,2026-05-04 17:57:19,CRITICAL,CA,NOR,PHYSICAL PORT DOWN,2017-12-19 00:08:22,2017-12-19 00:08:22,73409.81583333333,1.0,unknown,unknown,unknown,unknown,NORMAL,link_down,0.76
alarm_00135,2026-05-04 17:57:19,CRITICAL,CA,NOR,PHYSICAL PORT DOWN,2017-12-19 00:08:23,2017-12-19 00:08:23,73409.81555555556,1.0,unknown,unknown,unknown,unknown,NORMAL,link_down,0.76
alarm_00136,2026-05-04 17:57:19,CRITICAL,CA,NOR,PHYSICAL PORT DOWN,2017-12-19 00:08:25,2017-12-19 00:08:25,73409.815,1.0,unknown,unknown,unknown,unknown,NORMAL,link_down,0.76
alarm_00137,2026-05-04 17:57:19,CRITICAL,CA,NOR,PHYSICAL PORT DOWN,2017-12-19 00:08:26,2017-12-19 00:08:26,73409.81472222222,1.0,unknown,unknown,unknown,unknown,NORMAL,link_down,0.76
alarm_00138,2026-05-04 17:57:19,CRITICAL,CA,NOR,PHYSICAL PORT DOWN,2017-12-19 00:08:27,2017-12-19 00:08:27,73409.81444444445,1.0,unknown,unknown,unknown,unknown,NORMAL,link_down,0.76
alarm_00139,2026-05-04 17:57:19,CRITICAL,CA,NOR,PHYSICAL PORT DOWN,2017-12-19 01:57:13,2017-12-19 01:57:13,73408.00166666666,1.0,unknown,unknown,unknown,unknown,NORMAL,link_down,0.76
alarm_00140,2026-05-04 17:57:19,CRITICAL,CA,NOR,PHYSICAL PORT DOWN,2017-12-19 01:57:14,2017-12-19 01:57:14,73408.0013888889,1.0,unknown,unknown,unknown,unknown,NORMAL,link_down,0.76
alarm_00141,2026-05-04 17:57:19,CRITICAL,CA,NOR,PHYSICAL PORT DOWN,2017-12-19 01:57:16,2017-12-19 01:57:16,73408.00083333334,1.0,unknown,unknown,unknown,unknown,NORMAL,link_down,0.76
alarm_00142,2026-05-04 17:57:19,CRITICAL,CA,NOR,PHYSICAL PORT DOWN,2017-12-19 01:57:17,2017-12-19 01:57:17,73408.00055555555,1.0,unknown,unknown,unknown,unknown,NORMAL,link_down,0.76
alarm_00143,2026-05-04 17:57:19,CRITICAL,CA,NOR,PHYSICAL PORT DOWN,2017-12-19 01:57:18,2017-12-19 01:57:18,73408.00027777778,1.0,unknown,unknown,unknown,unknown,NORMAL,link_down,0.76
alarm_00144,2026-05-04 17:57:19,CRITICAL,CA,NOR,PHYSICAL PORT DOWN,2017-12-19 01:57:19,2017-12-19 01:57:19,73408.0,1.0,unknown,unknown,unknown,unknown,NORMAL,link_down,0.76
alarm_00145,2026-05-04 17:57:19,CRITICAL,CA,NOR,PHYSICAL PORT DOWN,2017-12-19 01:57:21,2017-12-19 01:57:21,73407.99944444445,1.0,unknown,unknown,unknown,unknown,NORMAL,link_down,0.76
alarm_00146,2026-05-04 17:57:19,CRITICAL,CA,NOR,PHYSICAL PORT DOWN,2017-12-19 01:57:22,2017-12-19 01:57:22,73407.99916666666,1.0,unknown,unknown,unknown,unknown,NORMAL,link_down,0.76
alarm_00147,2026-05-04 17:57:19,CRITICAL,CA,NOR,PHYSICAL PORT DOWN,2017-12-19 01:57:23,2017-12-19 01:57:23,73407.99888888889,1.0,unknown,unknown,unknown,unknown,NORMAL,link_down,0.76
alarm_00148,2026-05-04 17:57:19,CRITICAL,CA,NOR,PHYSICAL PORT DOWN,2017-12-19 01:57:24,2017-12-19 01:57:24,73407.9986111111,1.0,unknown,unknown,unknown,unknown,NORMAL,link_down,0.76
alarm_00149,2026-05-04 17:57:19,CRITICAL,CA,NOR,PHYSICAL PORT DOWN,2017-12-19 01:57:26,2017-12-19 01:57:26,73407.99805555555,1.0,unknown,unknown,unknown,unknown,NORMAL,link_down,0.76
alarm_00150,2026-05-04 17:57:19,CRITICAL,CA,NOR,PHYSICAL PORT DOWN,2017-12-19 01:57:27,2017-12-19 01:57:27,73407.99777777778,1.0,unknown,unknown,unknown,unknown,NORMAL,link_down,0.76
alarm_00151,2026-05-04 17:57:19,CRITICAL,CA,NOR,PHYSICAL PORT DOWN,2017-12-19 01:57:28,2017-12-19 01:57:28,73407.9975,1.0,unknown,unknown,unknown,unknown,NORMAL,link_down,0.76
alarm_00152,2026-05-04 17:57:19,CRITICAL,CA,NOR,PHYSICAL PORT DOWN,2017-12-19 01:57:30,2017-12-19 01:57:30,73407.99694444444,1.0,unknown,unknown,unknown,unknown,NORMAL,link_down,0.76
alarm_00153,2026-05-04 17:57:19,CRITICAL,CA,NOR,PHYSICAL PORT DOWN,2017-12-19 01:57:31,2017-12-19 01:57:31,73407.99666666667,1.0,unknown,unknown,unknown,unknown,NORMAL,link_down,0.76
alarm_00154,2026-05-04 17:57:19,CRITICAL,CA,NOR,PHYSICAL PORT DOWN,2017-12-19 01:57:32,2017-12-19 01:57:32,73407.99638888889,1.0,unknown,unknown,unknown,unknown,NORMAL,link_down,0.76
alarm_00155,2026-05-04 17:57:19,CRITICAL,CA,SOU,PHYSICAL PORT DOWN,2018-01-09 00:01:39,2018-01-09 00:01:39,72905.92777777778,1.0,unknown,unknown,unknown,unknown,NORMAL,link_down,0.76
alarm_00156,2026-05-04 17:57:19,CRITICAL,CA,SOU,PHYSICAL PORT DOWN,2018-01-09 00:01:39,2018-01-09 00:01:39,72905.92777777778,1.0,unknown,unknown,unknown,unknown,NORMAL,link_down,0.76
alarm_00157,2026-05-04 17:57:19,CRITICAL,CA,SOU,PHYSICAL PORT DOWN,2018-01-09 00:01:39,2018-01-09 00:01:39,72905.92777777778,1.0,unknown,unknown,unknown,unknown,NORMAL,link_down,0.76
alarm_00158,2026-05-04 17:57:19,CRITICAL,CA,SOU,PHYSICAL PORT DOWN,2018-01-09 00:01:39,2018-01-09 00:01:39,72905.92777777778,1.0,unknown,unknown,unknown,unknown,NORMAL,link_down,0.76
alarm_00159,2026-05-04 17:57:19,CRITICAL,CA,SOU,PHYSICAL PORT DOWN,2018-01-09 00:01:39,2018-01-09 00:01:39,72905.92777777778,1.0,unknown,unknown,unknown,unknown,NORMAL,link_down,0.76
alarm_00160,2026-05-04 17:57:19,CRITICAL,CA,SOU,PHYSICAL PORT DOWN,2018-01-09 00:01:39,2018-01-09 00:01:39,72905.92777777778,1.0,unknown,unknown,unknown,unknown,NORMAL,link_down,0.76
alarm_00161,2026-05-04 17:57:19,CRITICAL,CA,SOU,PHYSICAL PORT DOWN,2018-01-09 00:01:39,2018-01-09 00:01:39,72905.92777777778,1.0,unknown,unknown,unknown,unknown,NORMAL,link_down,0.76
alarm_00162,2026-05-04 17:57:19,CRITICAL,CA,SOU,PHYSICAL PORT DOWN,2018-01-09 00:01:39,2018-01-09 00:01:39,72905.92777777778,1.0,unknown,unknown,unknown,unknown,NORMAL,link_down,0.76
alarm_00163,2026-05-04 17:57:19,CRITICAL,CA,SOU,PHYSICAL PORT DOWN,2018-01-09 00:01:39,2018-01-09 00:01:39,72905.92777777778,1.0,unknown,unknown,unknown,unknown,NORMAL,link_down,0.76
alarm_00164,2026-05-04 17:57:19,CRITICAL,CA,SOU,PHYSICAL PORT DOWN,2018-01-09 00:01:39,2018-01-09 00:01:39,72905.92777777778,1.0,unknown,unknown,unknown,unknown,NORMAL,link_down,0.76
alarm_00165,2026-05-04 17:57:19,CRITICAL,CA,SOU,PHYSICAL PORT DOWN,2018-01-09 00:01:40,2018-01-09 00:01:40,72905.9275,1.0,unknown,unknown,unknown,unknown,NORMAL,link_down,0.76
alarm_00166,2026-05-04 17:57:19,CRITICAL,CA,SOU,PHYSICAL PORT DOWN,2018-01-09 00:01:40,2018-01-09 00:01:40,72905.9275,1.0,unknown,unknown,unknown,unknown,NORMAL,link_down,0.76
alarm_00167,2026-05-04 17:57:19,CRITICAL,CA,SOU,PHYSICAL PORT DOWN,2018-01-09 00:01:40,2018-01-09 00:01:40,72905.9275,1.0,unknown,unknown,unknown,unknown,NORMAL,link_down,0.76
alarm_00168,2026-05-04 17:57:19,CRITICAL,CA,SOU,PHYSICAL PORT DOWN,2018-01-09 00:01:40,2018-01-09 00:01:40,72905.9275,1.0,unknown,unknown,unknown,unknown,NORMAL,link_down,0.76
alarm_00169,2026-05-04 17:57:19,CRITICAL,CA,SOU,PHYSICAL PORT DOWN,2018-01-09 00:28:27,2018-01-09 00:28:27,72905.4811111111,1.0,unknown,unknown,unknown,unknown,NORMAL,link_down,0.76
alarm_00170,2026-05-04 17:57:19,CRITICAL,CA,SOU,PHYSICAL PORT DOWN,2018-01-09 00:28:29,2018-01-09 00:28:29,72905.48055555555,1.0,unknown,unknown,unknown,unknown,NORMAL,link_down,0.76
alarm_00171,2026-05-04 17:57:19,CRITICAL,CA,SOU,PHYSICAL PORT DOWN,2018-01-09 00:28:30,2018-01-09 00:28:30,72905.48027777778,1.0,unknown,unknown,unknown,unknown,NORMAL,link_down,0.76
alarm_00172,2026-05-04 17:57:19,CRITICAL,CA,SOU,PHYSICAL PORT DOWN,2018-01-09 00:28:31,2018-01-09 00:28:31,72905.48,1.0,unknown,unknown,unknown,unknown,NORMAL,link_down,0.76
alarm_00173,2026-05-04 17:57:19,CRITICAL,CA,SOU,PHYSICAL PORT DOWN,2018-01-09 00:28:33,2018-01-09 00:28:33,72905.47944444444,1.0,unknown,unknown,unknown,unknown,NORMAL,link_down,0.76
alarm_00174,2026-05-04 17:57:19,CRITICAL,CA,SOU,PHYSICAL PORT DOWN,2018-01-09 00:28:34,2018-01-09 00:28:34,72905.47916666667,1.0,unknown,unknown,unknown,unknown,NORMAL,link_down,0.76
alarm_00175,2026-05-04 17:57:19,CRITICAL,CA,SOU,PHYSICAL PORT DOWN,2018-01-09 00:28:35,2018-01-09 00:28:35,72905.47888888889,1.0,unknown,unknown,unknown,unknown,NORMAL,link_down,0.76
alarm_00176,2026-05-04 17:57:19,CRITICAL,CA,SOU,PHYSICAL PORT DOWN,2018-01-09 02:03:57,2018-01-09 02:03:57,72903.88944444444,1.0,unknown,unknown,unknown,unknown,NORMAL,link_down,0.76
alarm_00177,2026-05-04 17:57:19,CRITICAL,CA,SOU,PHYSICAL PORT DOWN,2018-01-09 02:03:58,2018-01-09 02:03:58,72903.88916666666,1.0,unknown,unknown,unknown,unknown,NORMAL,link_down,0.76
alarm_00178,2026-05-04 17:57:19,CRITICAL,CA,SOU,PHYSICAL PORT DOWN,2018-01-09 02:03:59,2018-01-09 02:03:59,72903.88888888889,1.0,unknown,unknown,unknown,unknown,NORMAL,link_down,0.76
alarm_00179,2026-05-04 17:57:19,CRITICAL,CA,SOU,PHYSICAL PORT DOWN,2018-01-09 02:04:01,2018-01-09 02:04:01,72903.88833333334,1.0,unknown,unknown,unknown,unknown,NORMAL,link_down,0.76
alarm_00180,2026-05-04 17:57:19,CRITICAL,CA,SOU,PHYSICAL PORT DOWN,2018-01-09 02:04:02,2018-01-09 02:04:02,72903.88805555555,1.0,unknown,unknown,unknown,unknown,NORMAL,link_down,0.76
alarm_00181,2026-05-04 17:57:19,CRITICAL,CA,SOU,PHYSICAL PORT DOWN,2018-01-09 02:04:03,2018-01-09 02:04:03,72903.88777777778,1.0,unknown,unknown,unknown,unknown,NORMAL,link_down,0.76
alarm_00182,2026-05-04 17:57:19,CRITICAL,CA,SOU,PHYSICAL PORT DOWN,2018-01-09 02:04:05,2018-01-09 02:04:05,72903.88722222223,1.0,unknown,unknown,unknown,unknown,NORMAL,link_down,0.76
alarm_00183,2026-05-04 17:57:19,CRITICAL,CA,SOU,PHYSICAL PORT DOWN,2018-01-12 00:07:35,2018-01-12 00:07:35,72833.8288888889,1.0,unknown,unknown,unknown,unknown,NORMAL,link_down,0.76
alarm_00184,2026-05-04 17:57:19,CRITICAL,CA,SOU,PHYSICAL PORT DOWN,2018-01-12 00:07:35,2018-01-12 00:07:35,72833.8288888889,1.0,unknown,unknown,unknown,unknown,NORMAL,link_down,0.76
alarm_00185,2026-05-04 17:57:19,CRITICAL,CA,SOU,PHYSICAL PORT DOWN,2018-01-12 00:07:36,2018-01-12 00:07:36,72833.82861111111,1.0,unknown,unknown,unknown,unknown,NORMAL,link_down,0.76
alarm_00186,2026-05-04 17:57:19,CRITICAL,CA,SOU,PHYSICAL PORT DOWN,2018-01-12 00:07:36,2018-01-12 00:07:36,72833.82861111111,1.0,unknown,unknown,unknown,unknown,NORMAL,link_down,0.76
alarm_00187,2026-05-04 17:57:19,CRITICAL,CA,SOU,PHYSICAL PORT DOWN,2018-01-12 00:07:36,2018-01-12 00:07:36,72833.82861111111,1.0,unknown,unknown,unknown,unknown,NORMAL,link_down,0.76
alarm_00188,2026-05-04 17:57:19,CRITICAL,CA,SOU,PHYSICAL PORT DOWN,2018-01-12 00:07:36,2018-01-12 00:07:36,72833.82861111111,1.0,unknown,unknown,unknown,unknown,NORMAL,link_down,0.76
alarm_00189,2026-05-04 17:57:19,CRITICAL,CA,SOU,PHYSICAL PORT DOWN,2018-01-12 00:07:37,2018-01-12 00:07:37,72833.82833333334,1.0,unknown,unknown,unknown,unknown,NORMAL,link_down,0.76
alarm_00190,2026-05-04 17:57:19,CRITICAL,CA,SOU,PHYSICAL PORT DOWN,2018-01-12 00:07:37,2018-01-12 00:07:37,72833.82833333334,1.0,unknown,unknown,unknown,unknown,NORMAL,link_down,0.76
alarm_00191,2026-05-04 17:57:19,CRITICAL,CA,SOU,PHYSICAL PORT DOWN,2018-01-12 00:13:49,2018-01-12 00:13:49,72833.725,1.0,unknown,unknown,unknown,unknown,NORMAL,link_down,0.76
alarm_00192,2026-05-04 17:57:19,CRITICAL,CA,SOU,PHYSICAL PORT DOWN,2018-01-12 00:13:49,2018-01-12 00:13:49,72833.725,1.0,unknown,unknown,unknown,unknown,NORMAL,link_down,0.76
alarm_00193,2026-05-04 17:57:19,CRITICAL,CA,SOU,PHYSICAL PORT DOWN,2018-01-12 00:13:50,2018-01-12 00:13:50,72833.72472222222,1.0,unknown,unknown,unknown,unknown,NORMAL,link_down,0.76
alarm_00194,2026-05-04 17:57:19,CRITICAL,CA,SOU,PHYSICAL PORT DOWN,2018-01-12 00:13:51,2018-01-12 00:13:51,72833.72444444445,1.0,unknown,unknown,unknown,unknown,NORMAL,link_down,0.76
alarm_00195,2026-05-04 17:57:19,CRITICAL,CA,SOU,PHYSICAL PORT DOWN,2018-01-12 00:13:53,2018-01-12 00:13:53,72833.72388888888,1.0,unknown,unknown,unknown,unknown,NORMAL,link_down,0.76
alarm_00196,2026-05-04 17:57:19,CRITICAL,CA,SOU,PHYSICAL PORT DOWN,2018-01-12 00:13:54,2018-01-12 00:13:54,72833.72361111111,1.0,unknown,unknown,unknown,unknown,NORMAL,link_down,0.76
alarm_00197,2026-05-04 17:57:19,CRITICAL,CA,SOU,PHYSICAL PORT DOWN,2018-01-12 02:01:46,2018-01-12 02:01:46,72831.92583333333,1.0,unknown,unknown,unknown,unknown,NORMAL,link_down,0.76
alarm_00198,2026-05-04 17:57:19,CRITICAL,CA,SOU,PHYSICAL PORT DOWN,2018-01-12 02:01:46,2018-01-12 02:01:46,72831.92583333333,1.0,unknown,unknown,unknown,unknown,NORMAL,link_down,0.76
alarm_00199,2026-05-04 17:57:19,CRITICAL,CA,SOU,PHYSICAL PORT DOWN,2018-01-12 02:01:47,2018-01-12 02:01:47,72831.92555555556,1.0,unknown,unknown,unknown,unknown,NORMAL,link_down,0.76
alarm_00200,2026-05-04 17:57:19,CRITICAL,CA,SOU,PHYSICAL PORT DOWN,2018-01-12 02:01:48,2018-01-12 02:01:48,72831.92527777777,1.0,unknown,unknown,unknown,unknown,NORMAL,link_down,0.76
alarm_00201,2026-05-04 17:57:19,CRITICAL,CA,SOU,PHYSICAL PORT DOWN,2018-01-12 02:01:49,2018-01-12 02:01:49,72831.925,1.0,unknown,unknown,unknown,unknown,NORMAL,link_down,0.76
alarm_00202,2026-05-04 17:57:19,CRITICAL,CA,SOU,PHYSICAL PORT DOWN,2018-01-12 02:01:51,2018-01-12 02:01:51,72831.92444444445,1.0,unknown,unknown,unknown,unknown,NORMAL,link_down,0.76
alarm_00203,2026-05-04 17:57:19,CRITICAL,CA,NOR,PHYSICAL PORT DOWN,2018-01-16 00:02:08,2018-01-16 00:02:08,72737.91972222223,1.0,unknown,unknown,unknown,unknown,NORMAL,link_down,0.76
alarm_00204,2026-05-04 17:57:19,CRITICAL,CA,NOR,PHYSICAL PORT DOWN,2018-01-16 00:02:09,2018-01-16 00:02:09,72737.91944444444,1.0,unknown,unknown,unknown,unknown,NORMAL,link_down,0.76
alarm_00205,2026-05-04 17:57:19,CRITICAL,CA,NOR,PHYSICAL PORT DOWN,2018-01-16 00:02:09,2018-01-16 00:02:09,72737.91944444444,1.0,unknown,unknown,unknown,unknown,NORMAL,link_down,0.76
alarm_00206,2026-05-04 17:57:19,CRITICAL,CA,NOR,PHYSICAL PORT DOWN,2018-01-16 00:02:09,2018-01-16 00:02:09,72737.91944444444,1.0,unknown,unknown,unknown,unknown,NORMAL,link_down,0.76
alarm_00207,2026-05-04 17:57:19,CRITICAL,CA,NOR,PHYSICAL PORT DOWN,2018-01-16 00:02:09,2018-01-16 00:02:09,72737.91944444444,1.0,unknown,unknown,unknown,unknown,NORMAL,link_down,0.76
alarm_00208,2026-05-04 17:57:19,CRITICAL,CA,NOR,PHYSICAL PORT DOWN,2018-01-16 00:02:09,2018-01-16 00:02:09,72737.91944444444,1.0,unknown,unknown,unknown,unknown,NORMAL,link_down,0.76
alarm_00209,2026-05-04 17:57:19,CRITICAL,CA,NOR,PHYSICAL PORT DOWN,2018-01-16 00:02:09,2018-01-16 00:02:09,72737.91944444444,1.0,unknown,unknown,unknown,unknown,NORMAL,link_down,0.76
alarm_00210,2026-05-04 17:57:19,CRITICAL,CA,NOR,PHYSICAL PORT DOWN,2018-01-16 00:02:09,2018-01-16 00:02:09,72737.91944444444,1.0,unknown,unknown,unknown,unknown,NORMAL,link_down,0.76
alarm_00211,2026-05-04 17:57:19,CRITICAL,CA,NOR,PHYSICAL PORT DOWN,2018-01-16 00:02:09,2018-01-16 00:02:09,72737.91944444444,1.0,unknown,unknown,unknown,unknown,NORMAL,link_down,0.76
alarm_00212,2026-05-04 17:57:19,CRITICAL,CA,NOR,PHYSICAL PORT DOWN,2018-01-16 00:02:09,2018-01-16 00:02:09,72737.91944444444,1.0,unknown,unknown,unknown,unknown,NORMAL,link_down,0.76
alarm_00213,2026-05-04 17:57:19,CRITICAL,CA,NOR,PHYSICAL PORT DOWN,2018-01-16 00:02:09,2018-01-16 00:02:09,72737.91944444444,1.0,unknown,unknown,unknown,unknown,NORMAL,link_down,0.76
alarm_00214,2026-05-04 17:57:19,CRITICAL,CA,NOR,PHYSICAL PORT DOWN,2018-01-16 00:02:10,2018-01-16 00:02:10,72737.91916666667,1.0,unknown,unknown,unknown,unknown,NORMAL,link_down,0.76
alarm_00215,2026-05-04 17:57:19,CRITICAL,CA,NOR,PHYSICAL PORT DOWN,2018-01-16 00:02:10,2018-01-16 00:02:10,72737.91916666667,1.0,unknown,unknown,unknown,unknown,NORMAL,link_down,0.76
alarm_00216,2026-05-04 17:57:19,CRITICAL,CA,NOR,PHYSICAL PORT DOWN,2018-01-16 00:02:10,2018-01-16 00:02:10,72737.91916666667,1.0,unknown,unknown,unknown,unknown,NORMAL,link_down,0.76
alarm_00217,2026-05-04 17:57:19,CRITICAL,CA,NOR,PHYSICAL PORT DOWN,2018-01-16 00:02:10,2018-01-16 00:02:10,72737.91916666667,1.0,unknown,unknown,unknown,unknown,NORMAL,link_down,0.76
alarm_00218,2026-05-04 17:57:19,CRITICAL,CA,NOR,PHYSICAL PORT DOWN,2018-01-16 00:10:36,2018-01-16 00:10:36,72737.7786111111,1.0,unknown,unknown,unknown,unknown,NORMAL,link_down,0.76
alarm_00219,2026-05-04 17:57:19,CRITICAL,CA,NOR,PHYSICAL PORT DOWN,2018-01-16 00:10:37,2018-01-16 00:10:37,72737.77833333334,1.0,unknown,unknown,unknown,unknown,NORMAL,link_down,0.76
alarm_00220,2026-05-04 17:57:19,CRITICAL,CA,NOR,PHYSICAL PORT DOWN,2018-01-16 00:10:38,2018-01-16 00:10:38,72737.77805555555,1.0,unknown,unknown,unknown,unknown,NORMAL,link_down,0.76
alarm_00221,2026-05-04 17:57:19,CRITICAL,CA,NOR,PHYSICAL PORT DOWN,2018-01-16 00:10:39,2018-01-16 00:10:39,72737.77777777778,1.0,unknown,unknown,unknown,unknown,NORMAL,link_down,0.76
alarm_00222,2026-05-04 17:57:19,CRITICAL,CA,NOR,PHYSICAL PORT DOWN,2018-01-16 00:10:40,2018-01-16 00:10:40,72737.7775,1.0,unknown,unknown,unknown,unknown,NORMAL,link_down,0.76
alarm_00223,2026-05-04 17:57:19,CRITICAL,CA,NOR,PHYSICAL PORT DOWN,2018-01-16 00:10:42,2018-01-16 00:10:42,72737.77694444444,1.0,unknown,unknown,unknown,unknown,NORMAL,link_down,0.76
alarm_00224,2026-05-04 17:57:19,CRITICAL,CA,NOR,PHYSICAL PORT DOWN,2018-01-16 00:10:44,2018-01-16 00:10:44,72737.77638888889,1.0,unknown,unknown,unknown,unknown,NORMAL,link_down,0.76
alarm_00225,2026-05-04 17:57:19,CRITICAL,CA,NOR,PHYSICAL PORT DOWN,2018-01-16 01:56:23,2018-01-16 01:56:23,72736.01555555555,1.0,unknown,unknown,unknown,unknown,NORMAL,link_down,0.76
alarm_00226,2026-05-04 17:57:19,CRITICAL,CA,NOR,PHYSICAL PORT DOWN,2018-01-16 01:56:24,2018-01-16 01:56:24,72736.01527777778,1.0,unknown,unknown,unknown,unknown,NORMAL,link_down,0.76
alarm_00227,2026-05-04 17:57:19,CRITICAL,CA,NOR,PHYSICAL PORT DOWN,2018-01-16 01:56:25,2018-01-16 01:56:25,72736.015,1.0,unknown,unknown,unknown,unknown,NORMAL,link_down,0.76
alarm_00228,2026-05-04 17:57:19,CRITICAL,CA,NOR,PHYSICAL PORT DOWN,2018-01-16 01:56:26,2018-01-16 01:56:26,72736.01472222223,1.0,unknown,unknown,unknown,unknown,NORMAL,link_down,0.76
alarm_00229,2026-05-04 17:57:19,CRITICAL,CA,NOR,PHYSICAL PORT DOWN,2018-01-16 01:56:27,2018-01-16 01:56:27,72736.01444444444,1.0,unknown,unknown,unknown,unknown,NORMAL,link_down,0.76
alarm_00230,2026-05-04 17:57:19,CRITICAL,CA,NOR,PHYSICAL PORT DOWN,2018-01-16 01:56:27,2018-01-16 01:56:27,72736.01444444444,1.0,unknown,unknown,unknown,unknown,NORMAL,link_down,0.76
alarm_00231,2026-05-04 17:57:19,CRITICAL,CA,NOR,PHYSICAL PORT DOWN,2018-01-16 01:56:28,2018-01-16 01:56:28,72736.01416666666,1.0,unknown,unknown,unknown,unknown,NORMAL,link_down,0.76
alarm_00232,2026-05-04 17:57:19,CRITICAL,CA,NOR,PHYSICAL PORT DOWN,2018-01-16 01:56:29,2018-01-16 01:56:29,72736.01388888889,1.0,unknown,unknown,unknown,unknown,NORMAL,link_down,0.76
alarm_00233,2026-05-04 17:57:19,CRITICAL,CA,NOR,PHYSICAL PORT DOWN,2018-01-16 01:56:30,2018-01-16 01:56:30,72736.0136111111,1.0,unknown,unknown,unknown,unknown,NORMAL,link_down,0.76
alarm_00234,2026-05-04 17:57:19,CRITICAL,CA,NOR,PHYSICAL PORT DOWN,2018-01-16 01:56:31,2018-01-16 01:56:31,72736.01333333334,1.0,unknown,unknown,unknown,unknown,NORMAL,link_down,0.76
alarm_00235,2026-05-04 17:57:19,CRITICAL,CA,NOR,PHYSICAL PORT DOWN,2018-01-16 01:56:33,2018-01-16 01:56:33,72736.01277777778,1.0,unknown,unknown,unknown,unknown,NORMAL,link_down,0.76
alarm_00236,2026-05-04 17:57:19,CRITICAL,CA,NOR,PHYSICAL PORT DOWN,2018-01-16 01:56:34,2018-01-16 01:56:34,72736.0125,1.0,unknown,unknown,unknown,unknown,NORMAL,link_down,0.76
alarm_00237,2026-05-04 17:57:19,CRITICAL,AG,ANC,PHYSICAL PORT DOWN,2018-01-23 11:20:32,2018-01-23 11:20:32,72558.61305555556,1.0,unknown,unknown,unknown,unknown,NORMAL,link_down,0.76
alarm_00238,2026-05-04 17:57:19,CRITICAL,AG,ANC,PHYSICAL PORT DOWN,2018-01-23 11:20:32,2018-01-23 11:20:32,72558.61305555556,1.0,unknown,unknown,unknown,unknown,NORMAL,link_down,0.76
alarm_00239,2026-05-04 17:57:19,CRITICAL,AG,LIP,PHYSICAL PORT DOWN,2018-06-08 19:41:58,2018-06-08 19:41:58,69286.25583333333,1.0,unknown,unknown,unknown,unknown,NORMAL,link_down,0.76
alarm_00240,2026-05-04 17:57:19,CRITICAL,AG,LIP,PHYSICAL PORT DOWN,2018-06-08 19:43:16,2018-06-08 19:43:16,69286.23416666666,1.0,unknown,unknown,unknown,unknown,NORMAL,link_down,0.76
alarm_00241,2026-05-04 17:57:19,CRITICAL,AG,LIP,PHYSICAL PORT DOWN,2018-06-08 20:29:25,2018-06-08 20:29:25,69285.465,1.0,unknown,unknown,unknown,unknown,NORMAL,link_down,0.76
alarm_00242,2026-05-04 17:57:19,CRITICAL,CA,NOR,PHYSICAL PORT DOWN,2018-07-31 00:34:22,2018-07-31 00:34:22,68033.3825,1.0,unknown,unknown,unknown,unknown,NORMAL,link_down,0.76
alarm_00243,2026-05-04 17:57:19,CRITICAL,CA,NOR,PHYSICAL PORT DOWN,2018-07-31 00:34:22,2018-07-31 00:34:22,68033.3825,1.0,unknown,unknown,unknown,unknown,NORMAL,link_down,0.76
alarm_00244,2026-05-04 17:57:19,CRITICAL,CA,NOR,PHYSICAL PORT DOWN,2018-07-31 00:34:23,2018-07-31 00:34:23,68033.38222222222,1.0,unknown,unknown,unknown,unknown,NORMAL,link_down,0.76
alarm_00245,2026-05-04 17:57:19,CRITICAL,CA,NOR,PHYSICAL PORT DOWN,2018-07-31 00:34:23,2018-07-31 00:34:23,68033.38222222222,1.0,unknown,unknown,unknown,unknown,NORMAL,link_down,0.76
alarm_00246,2026-05-04 17:57:19,CRITICAL,CA,NOR,PHYSICAL PORT DOWN,2018-07-31 00:34:23,2018-07-31 00:34:23,68033.38222222222,1.0,unknown,unknown,unknown,unknown,NORMAL,link_down,0.76
alarm_00247,2026-05-04 17:57:19,CRITICAL,CA,NOR,PHYSICAL PORT DOWN,2018-07-31 00:34:23,2018-07-31 00:34:23,68033.38222222222,1.0,unknown,unknown,unknown,unknown,NORMAL,link_down,0.76
alarm_00248,2026-05-04 17:57:19,CRITICAL,CA,NOR,PHYSICAL PORT DOWN,2018-07-31 00:34:23,2018-07-31 00:34:23,68033.38222222222,1.0,unknown,unknown,unknown,unknown,NORMAL,link_down,0.76
alarm_00249,2026-05-04 17:57:19,CRITICAL,CA,NOR,PHYSICAL PORT DOWN,2018-07-31 00:34:23,2018-07-31 00:34:23,68033.38222222222,1.0,unknown,unknown,unknown,unknown,NORMAL,link_down,0.76
alarm_00250,2026-05-04 17:57:19,CRITICAL,CA,NOR,PHYSICAL PORT DOWN,2018-07-31 00:34:23,2018-07-31 00:34:23,68033.38222222222,1.0,unknown,unknown,unknown,unknown,NORMAL,link_down,0.76
alarm_00251,2026-05-04 17:57:19,CRITICAL,CA,NOR,PHYSICAL PORT DOWN,2018-07-31 00:34:23,2018-07-31 00:34:23,68033.38222222222,1.0,unknown,unknown,unknown,unknown,NORMAL,link_down,0.76
alarm_00252,2026-05-04 17:57:19,CRITICAL,CA,NOR,PHYSICAL PORT DOWN,2018-07-31 00:34:23,2018-07-31 00:34:23,68033.38222222222,1.0,unknown,unknown,unknown,unknown,NORMAL,link_down,0.76
alarm_00253,2026-05-04 17:57:19,CRITICAL,CA,NOR,PHYSICAL PORT DOWN,2018-07-31 00:34:23,2018-07-31 00:34:23,68033.38222222222,1.0,unknown,unknown,unknown,unknown,NORMAL,link_down,0.76
alarm_00254,2026-05-04 17:57:19,CRITICAL,CA,NOR,PHYSICAL PORT DOWN,2018-07-31 00:34:23,2018-07-31 00:34:23,68033.38222222222,1.0,unknown,unknown,unknown,unknown,NORMAL,link_down,0.76
alarm_00255,2026-05-04 17:57:19,CRITICAL,CA,NOR,PHYSICAL PORT DOWN,2018-07-31 00:34:23,2018-07-31 00:34:23,68033.38222222222,1.0,unknown,unknown,unknown,unknown,NORMAL,link_down,0.76
alarm_00256,2026-05-04 17:57:19,CRITICAL,CA,NOR,PHYSICAL PORT DOWN,2018-07-31 00:34:23,2018-07-31 00:34:23,68033.38222222222,1.0,unknown,unknown,unknown,unknown,NORMAL,link_down,0.76
alarm_00257,2026-05-04 17:57:19,CRITICAL,CA,NOR,PHYSICAL PORT DOWN,2018-07-31 00:34:23,2018-07-31 00:34:23,68033.38222222222,1.0,unknown,unknown,unknown,unknown,NORMAL,link_down,0.76
alarm_00258,2026-05-04 17:57:19,CRITICAL,CA,NOR,PHYSICAL PORT DOWN,2018-07-31 00:34:23,2018-07-31 00:34:23,68033.38222222222,1.0,unknown,unknown,unknown,unknown,NORMAL,link_down,0.76
alarm_00259,2026-05-04 17:57:19,CRITICAL,CA,NOR,PHYSICAL PORT DOWN,2018-07-31 00:34:23,2018-07-31 00:34:23,68033.38222222222,1.0,unknown,unknown,unknown,unknown,NORMAL,link_down,0.76
alarm_00260,2026-05-04 17:57:19,CRITICAL,CA,NOR,PHYSICAL PORT DOWN,2018-07-31 00:34:23,2018-07-31 00:34:23,68033.38222222222,1.0,unknown,unknown,unknown,unknown,NORMAL,link_down,0.76
alarm_00261,2026-05-04 17:57:19,CRITICAL,CA,NOR,PHYSICAL PORT DOWN,2018-07-31 00:34:23,2018-07-31 00:34:23,68033.38222222222,1.0,unknown,unknown,unknown,unknown,NORMAL,link_down,0.76
alarm_00262,2026-05-04 17:57:19,CRITICAL,CA,NOR,PHYSICAL PORT DOWN,2018-07-31 00:34:23,2018-07-31 00:34:23,68033.38222222222,1.0,unknown,unknown,unknown,unknown,NORMAL,link_down,0.76
alarm_00263,2026-05-04 17:57:19,CRITICAL,CA,NOR,PHYSICAL PORT DOWN,2018-07-31 00:34:23,2018-07-31 00:34:23,68033.38222222222,1.0,unknown,unknown,unknown,unknown,NORMAL,link_down,0.76
alarm_00264,2026-05-04 17:57:19,CRITICAL,CA,NOR,PHYSICAL PORT DOWN,2018-07-31 00:34:23,2018-07-31 00:34:23,68033.38222222222,1.0,unknown,unknown,unknown,unknown,NORMAL,link_down,0.76
alarm_00265,2026-05-04 17:57:19,CRITICAL,CA,NOR,PHYSICAL PORT DOWN,2018-07-31 00:34:23,2018-07-31 00:34:23,68033.38222222222,1.0,unknown,unknown,unknown,unknown,NORMAL,link_down,0.76
alarm_00266,2026-05-04 17:57:19,CRITICAL,CA,NOR,PHYSICAL PORT DOWN,2018-07-31 00:34:23,2018-07-31 00:34:23,68033.38222222222,1.0,unknown,unknown,unknown,unknown,NORMAL,link_down,0.76
alarm_00267,2026-05-04 17:57:19,CRITICAL,CA,NOR,PHYSICAL PORT DOWN,2018-07-31 00:34:23,2018-07-31 00:34:23,68033.38222222222,1.0,unknown,unknown,unknown,unknown,NORMAL,link_down,0.76
alarm_00268,2026-05-04 17:57:19,CRITICAL,CA,NOR,PHYSICAL PORT DOWN,2018-07-31 00:34:23,2018-07-31 00:34:23,68033.38222222222,1.0,unknown,unknown,unknown,unknown,NORMAL,link_down,0.76
alarm_00269,2026-05-04 17:57:19,CRITICAL,CA,NOR,PHYSICAL PORT DOWN,2018-07-31 00:34:23,2018-07-31 00:34:23,68033.38222222222,1.0,unknown,unknown,unknown,unknown,NORMAL,link_down,0.76
alarm_00270,2026-05-04 17:57:19,CRITICAL,CA,NOR,PHYSICAL PORT DOWN,2018-07-31 00:34:23,2018-07-31 00:34:23,68033.38222222222,1.0,unknown,unknown,unknown,unknown,NORMAL,link_down,0.76
alarm_00271,2026-05-04 17:57:19,CRITICAL,CA,NOR,PHYSICAL PORT DOWN,2018-07-31 00:34:23,2018-07-31 00:34:23,68033.38222222222,1.0,unknown,unknown,unknown,unknown,NORMAL,link_down,0.76
alarm_00272,2026-05-04 17:57:19,CRITICAL,CA,NOR,PHYSICAL PORT DOWN,2018-07-31 00:34:23,2018-07-31 00:34:23,68033.38222222222,1.0,unknown,unknown,unknown,unknown,NORMAL,link_down,0.76
alarm_00273,2026-05-04 17:57:19,CRITICAL,CA,NOR,PHYSICAL PORT DOWN,2018-07-31 00:34:23,2018-07-31 00:34:23,68033.38222222222,1.0,unknown,unknown,unknown,unknown,NORMAL,link_down,0.76
alarm_00274,2026-05-04 17:57:19,CRITICAL,CA,NOR,PHYSICAL PORT DOWN,2018-07-31 00:34:23,2018-07-31 00:34:23,68033.38222222222,1.0,unknown,unknown,unknown,unknown,NORMAL,link_down,0.76
alarm_00275,2026-05-04 17:57:19,CRITICAL,CA,NOR,PHYSICAL PORT DOWN,2018-07-31 00:34:23,2018-07-31 00:34:23,68033.38222222222,1.0,unknown,unknown,unknown,unknown,NORMAL,link_down,0.76
alarm_00276,2026-05-04 17:57:19,CRITICAL,CA,NOR,PHYSICAL PORT DOWN,2018-07-31 00:34:23,2018-07-31 00:34:23,68033.38222222222,1.0,unknown,unknown,unknown,unknown,NORMAL,link_down,0.76
alarm_00277,2026-05-04 17:57:19,CRITICAL,CA,NOR,PHYSICAL PORT DOWN,2018-07-31 00:34:24,2018-07-31 00:34:24,68033.38194444444,1.0,unknown,unknown,unknown,unknown,NORMAL,link_down,0.76
alarm_00278,2026-05-04 17:57:19,CRITICAL,CA,NOR,PHYSICAL PORT DOWN,2018-07-31 00:34:24,2018-07-31 00:34:24,68033.38194444444,1.0,unknown,unknown,unknown,unknown,NORMAL,link_down,0.76
alarm_00279,2026-05-04 17:57:19,CRITICAL,CA,NOR,PHYSICAL PORT DOWN,2018-07-31 00:34:24,2018-07-31 00:34:24,68033.38194444444,1.0,unknown,unknown,unknown,unknown,NORMAL,link_down,0.76
alarm_00280,2026-05-04 17:57:19,CRITICAL,CA,NOR,PHYSICAL PORT DOWN,2018-07-31 00:34:24,2018-07-31 00:34:24,68033.38194444444,1.0,unknown,unknown,unknown,unknown,NORMAL,link_down,0.76
alarm_00281,2026-05-04 17:57:19,CRITICAL,CA,NOR,PHYSICAL PORT DOWN,2018-07-31 00:34:24,2018-07-31 00:34:24,68033.38194444444,1.0,unknown,unknown,unknown,unknown,NORMAL,link_down,0.76
alarm_00282,2026-05-04 17:57:19,CRITICAL,CA,NOR,PHYSICAL PORT DOWN,2018-07-31 00:34:24,2018-07-31 00:34:24,68033.38194444444,1.0,unknown,unknown,unknown,unknown,NORMAL,link_down,0.76
alarm_00283,2026-05-04 17:57:19,CRITICAL,CA,NOR,PHYSICAL PORT DOWN,2018-08-01 23:56:36,2018-08-01 23:56:36,67986.01194444444,1.0,unknown,unknown,unknown,unknown,NORMAL,link_down,0.76
alarm_00284,2026-05-04 17:57:19,CRITICAL,CA,NOR,PHYSICAL PORT DOWN,2018-08-01 23:56:36,2018-08-01 23:56:36,67986.01194444444,1.0,unknown,unknown,unknown,unknown,NORMAL,link_down,0.76
alarm_00285,2026-05-04 17:57:19,CRITICAL,CA,NOR,PHYSICAL PORT DOWN,2018-08-01 23:56:36,2018-08-01 23:56:36,67986.01194444444,1.0,unknown,unknown,unknown,unknown,NORMAL,link_down,0.76
alarm_00286,2026-05-04 17:57:19,CRITICAL,CA,NOR,PHYSICAL PORT DOWN,2018-08-01 23:56:36,2018-08-01 23:56:36,67986.01194444444,1.0,unknown,unknown,unknown,unknown,NORMAL,link_down,0.76
alarm_00287,2026-05-04 17:57:19,CRITICAL,CA,NOR,PHYSICAL PORT DOWN,2018-08-01 23:56:36,2018-08-01 23:56:36,67986.01194444444,1.0,unknown,unknown,unknown,unknown,NORMAL,link_down,0.76
alarm_00288,2026-05-04 17:57:19,CRITICAL,CA,NOR,PHYSICAL PORT DOWN,2018-08-01 23:56:36,2018-08-01 23:56:36,67986.01194444444,1.0,unknown,unknown,unknown,unknown,NORMAL,link_down,0.76
alarm_00289,2026-05-04 17:57:19,CRITICAL,CA,NOR,PHYSICAL PORT DOWN,2018-08-01 23:56:36,2018-08-01 23:56:36,67986.01194444444,1.0,unknown,unknown,unknown,unknown,NORMAL,link_down,0.76
alarm_00290,2026-05-04 17:57:19,CRITICAL,CA,NOR,PHYSICAL PORT DOWN,2018-08-01 23:56:37,2018-08-01 23:56:37,67986.01166666667,1.0,unknown,unknown,unknown,unknown,NORMAL,link_down,0.76
alarm_00291,2026-05-04 17:57:19,CRITICAL,CA,NOR,PHYSICAL PORT DOWN,2018-08-01 23:56:38,2018-08-01 23:56:38,67986.01138888889,1.0,unknown,unknown,unknown,unknown,NORMAL,link_down,0.76
alarm_00292,2026-05-04 17:57:19,CRITICAL,CA,NOR,PHYSICAL PORT DOWN,2018-08-01 23:56:38,2018-08-01 23:56:38,67986.01138888889,1.0,unknown,unknown,unknown,unknown,NORMAL,link_down,0.76
alarm_00293,2026-05-04 17:57:19,CRITICAL,CA,NOR,PHYSICAL PORT DOWN,2018-08-01 23:56:38,2018-08-01 23:56:38,67986.01138888889,1.0,unknown,unknown,unknown,unknown,NORMAL,link_down,0.76
alarm_00294,2026-05-04 17:57:19,CRITICAL,CA,NOR,PHYSICAL PORT DOWN,2018-08-01 23:56:38,2018-08-01 23:56:38,67986.01138888889,1.0,unknown,unknown,unknown,unknown,NORMAL,link_down,0.76
alarm_00295,2026-05-04 17:57:19,CRITICAL,CA,NOR,PHYSICAL PORT DOWN,2018-08-01 23:56:38,2018-08-01 23:56:38,67986.01138888889,1.0,unknown,unknown,unknown,unknown,NORMAL,link_down,0.76
alarm_00296,2026-05-04 17:57:19,CRITICAL,CA,NOR,PHYSICAL PORT DOWN,2018-08-01 23:56:38,2018-08-01 23:56:38,67986.01138888889,1.0,unknown,unknown,unknown,unknown,NORMAL,link_down,0.76
alarm_00297,2026-05-04 17:57:19,CRITICAL,CA,NOR,PHYSICAL PORT DOWN,2018-08-01 23:56:38,2018-08-01 23:56:38,67986.01138888889,1.0,unknown,unknown,unknown,unknown,NORMAL,link_down,0.76
alarm_00298,2026-05-04 17:57:19,CRITICAL,CA,NOR,PHYSICAL PORT DOWN,2018-08-01 23:56:38,2018-08-01 23:56:38,67986.01138888889,1.0,unknown,unknown,unknown,unknown,NORMAL,link_down,0.76
alarm_00299,2026-05-04 17:57:19,CRITICAL,CA,NOR,PHYSICAL PORT DOWN,2018-08-31 11:33:06,2018-08-31 11:33:06,67278.4036111111,1.0,unknown,unknown,unknown,unknown,NORMAL,link_down,0.76
alarm_00300,2026-05-04 17:57:19,CRITICAL,AG,HUN,PHYSICAL PORT DOWN,2018-09-17 23:55:17,2018-09-17 23:55:17,66858.0338888889,1.0,unknown,unknown,unknown,unknown,NORMAL,link_down,0.76
alarm_00301,2026-05-04 17:57:19,CRITICAL,AG,HUN,PHYSICAL PORT DOWN,2018-09-18 00:02:48,2018-09-18 00:02:48,66857.90861111111,1.0,unknown,unknown,unknown,unknown,NORMAL,link_down,0.76
alarm_00302,2026-05-04 17:57:19,CRITICAL,AG,HUN,PHYSICAL PORT DOWN,2018-09-18 00:27:09,2018-09-18 00:27:09,66857.50277777777,1.0,unknown,unknown,unknown,unknown,NORMAL,link_down,0.76
alarm_00303,2026-05-04 17:57:19,CRITICAL,AG,ICA,PHYSICAL PORT DOWN,2018-10-26 00:10:48,2018-10-26 00:10:48,65945.77527777778,1.0,unknown,unknown,unknown,unknown,NORMAL,link_down,0.76
alarm_00304,2026-05-04 17:57:19,CRITICAL,AG,AYA,PHYSICAL PORT DOWN,2018-11-30 11:58:34,2018-11-30 11:58:34,65093.979166666664,1.0,unknown,unknown,unknown,unknown,NORMAL,link_down,0.76
alarm_00305,2026-05-04 17:57:19,CRITICAL,AG,UNKNOWN,PHYSICAL PORT DOWN,2018-12-21 13:17:28,2018-12-21 13:17:28,64588.66416666667,1.0,unknown,unknown,unknown,unknown,NORMAL,link_down,0.76
alarm_00306,2026-05-04 17:57:19,CRITICAL,AG,UNKNOWN,PHYSICAL PORT DOWN,2018-12-28 15:45:25,2018-12-28 15:45:25,64418.198333333334,1.0,unknown,unknown,unknown,unknown,NORMAL,link_down,0.76
alarm_00307,2026-05-04 17:57:19,CRITICAL,AG,AYA,PHYSICAL PORT DOWN,2019-01-04 00:56:06,2019-01-04 00:56:06,64265.02027777778,1.0,unknown,unknown,unknown,unknown,NORMAL,link_down,0.76
alarm_00308,2026-05-04 17:57:19,CRITICAL,AG,UNKNOWN,PHYSICAL PORT DOWN,2019-01-25 00:36:05,2019-01-25 00:36:05,63761.35388888889,1.0,unknown,unknown,unknown,unknown,NORMAL,link_down,0.76
alarm_00309,2026-05-04 17:57:19,CRITICAL,AG,ICA,PHYSICAL PORT DOWN,2019-02-16 02:10:19,2019-02-16 02:10:19,63231.78333333333,1.0,unknown,unknown,unknown,unknown,NORMAL,link_down,0.76
alarm_00310,2026-05-04 17:57:19,CRITICAL,AG,ICA,PHYSICAL PORT DOWN,2019-02-16 02:11:57,2019-02-16 02:11:57,63231.75611111111,1.0,unknown,unknown,unknown,unknown,NORMAL,link_down,0.76
alarm_00311,2026-05-04 17:57:19,CRITICAL,AG,LIP,PHYSICAL PORT DOWN,2019-05-02 23:47:37,2019-05-02 23:47:37,61410.16166666667,1.0,unknown,unknown,unknown,unknown,NORMAL,link_down,0.76
alarm_00312,2026-05-04 17:57:19,CRITICAL,AG,ICA,PHYSICAL PORT DOWN,2019-05-09 11:10:08,2019-05-09 11:10:08,61254.78638888889,1.0,unknown,unknown,unknown,unknown,NORMAL,link_down,0.76
alarm_00313,2026-05-04 17:57:19,CRITICAL,AG,UNKNOWN,PHYSICAL PORT DOWN,2019-08-08 11:32:31,2019-08-08 11:32:31,59070.41333333333,1.0,unknown,unknown,unknown,unknown,NORMAL,link_down,0.76
alarm_00314,2026-05-04 17:57:19,CRITICAL,AG,ARE,PHYSICAL PORT DOWN,2019-08-30 12:50:13,2019-08-30 12:50:13,58541.11833333333,1.0,unknown,unknown,unknown,unknown,NORMAL,link_down,0.76
alarm_00315,2026-05-04 17:57:19,CRITICAL,AG,LIC,BOARD INVALID,2019-10-03 23:31:32,2019-10-03 23:31:32,57714.42972222222,1.0,unknown,unknown,unknown,unknown,NORMAL,other,0.66
alarm_00316,2026-05-04 17:57:19,CRITICAL,CA,NOR,PHYSICAL PORT DOWN,2019-10-29 10:59:11,2019-10-29 10:59:11,57102.96888888889,1.0,unknown,unknown,unknown,unknown,NORMAL,link_down,0.76
alarm_00317,2026-05-04 17:57:19,CRITICAL,CA,NOR,PHYSICAL PORT DOWN,2019-10-29 10:59:36,2019-10-29 10:59:36,57102.96194444445,1.0,unknown,unknown,unknown,unknown,NORMAL,link_down,0.76
alarm_00318,2026-05-04 17:57:19,CRITICAL,AG,LAL,PHYSICAL PORT DOWN,2019-10-30 14:19:07,2019-10-30 14:19:07,57075.636666666665,1.0,unknown,unknown,unknown,unknown,NORMAL,link_down,0.76
alarm_00319,2026-05-04 17:57:19,CRITICAL,AG,LIC,BOARD INVALID,2019-11-29 12:30:23,2019-11-29 12:30:23,56357.44888888889,1.0,unknown,unknown,unknown,unknown,NORMAL,other,0.66
alarm_00320,2026-05-04 17:57:19,CRITICAL,AG,JUN,PHYSICAL PORT DOWN,2019-12-18 10:24:40,2019-12-18 10:24:40,55903.54416666667,1.0,unknown,unknown,unknown,unknown,NORMAL,link_down,0.76
alarm_00321,2026-05-04 17:57:19,CRITICAL,AG,LIP,PHYSICAL PORT DOWN,2019-12-19 23:44:20,2019-12-19 23:44:20,55866.21638888889,1.0,unknown,unknown,unknown,unknown,NORMAL,link_down,0.76
alarm_00322,2026-05-04 17:57:19,CRITICAL,AG,JUN,PHYSICAL PORT DOWN,2020-01-10 00:02:00,2020-01-10 00:02:00,55361.921944444446,1.0,unknown,unknown,unknown,unknown,NORMAL,link_down,0.76
alarm_00323,2026-05-04 17:57:19,CRITICAL,AG,JUN,BOARD INVALID,2020-01-10 00:08:36,2020-01-10 00:08:36,55361.811944444446,1.0,unknown,unknown,unknown,unknown,NORMAL,other,0.66
alarm_00324,2026-05-04 17:57:19,CRITICAL,AG,JUN,PHYSICAL PORT DOWN,2020-01-17 19:35:49,2020-01-17 19:35:49,55174.35833333333,1.0,unknown,unknown,unknown,unknown,NORMAL,link_down,0.76
alarm_00325,2026-05-04 17:57:19,CRITICAL,AG,SAN,PHYSICAL PORT DOWN,2020-01-23 22:05:56,2020-01-23 22:05:56,55027.85638888889,1.0,unknown,unknown,unknown,unknown,NORMAL,link_down,0.76
alarm_00326,2026-05-04 17:57:19,CRITICAL,AG,SAN,PHYSICAL PORT DOWN,2020-01-30 00:07:27,2020-01-30 00:07:27,54881.83111111111,1.0,unknown,unknown,unknown,unknown,NORMAL,link_down,0.76
alarm_00327,2026-05-04 17:57:19,CRITICAL,AG,SAN,PHYSICAL PORT DOWN,2020-02-04 23:59:06,2020-02-04 23:59:06,54737.97027777778,1.0,unknown,unknown,unknown,unknown,NORMAL,link_down,0.76
alarm_00328,2026-05-04 17:57:19,CRITICAL,AG,SAN,PHYSICAL PORT DOWN,2020-02-05 00:06:33,2020-02-05 00:06:33,54737.84611111111,1.0,unknown,unknown,unknown,unknown,NORMAL,link_down,0.76
alarm_00329,2026-05-04 17:57:19,CRITICAL,AG,SAN,BOARD INVALID,2020-02-05 00:13:17,2020-02-05 00:13:17,54737.73388888889,1.0,unknown,unknown,unknown,unknown,NORMAL,other,0.66
alarm_00330,2026-05-04 17:57:19,CRITICAL,AG,ANC,BOARD INVALID,2020-02-13 16:47:17,2020-02-13 16:47:17,54529.16722222222,1.0,unknown,unknown,unknown,unknown,NORMAL,other,0.66
alarm_00331,2026-05-04 17:57:19,CRITICAL,CA,NOR,PHYSICAL PORT DOWN,2020-02-20 00:34:03,2020-02-20 00:34:03,54377.387777777774,1.0,unknown,unknown,unknown,unknown,NORMAL,link_down,0.76
alarm_00332,2026-05-04 17:57:19,CRITICAL,CA,NOR,PHYSICAL PORT DOWN,2020-02-20 00:34:41,2020-02-20 00:34:41,54377.377222222225,1.0,unknown,unknown,unknown,unknown,NORMAL,link_down,0.76
alarm_00333,2026-05-04 17:57:19,CRITICAL,CA,NOR,PHYSICAL PORT DOWN,2020-02-20 00:34:56,2020-02-20 00:34:56,54377.37305555555,1.0,unknown,unknown,unknown,unknown,NORMAL,link_down,0.76
alarm_00334,2026-05-04 17:57:19,CRITICAL,CA,NOR,PHYSICAL PORT DOWN,2020-02-20 00:35:05,2020-02-20 00:35:05,54377.37055555556,1.0,unknown,unknown,unknown,unknown,NORMAL,link_down,0.76
alarm_00335,2026-05-04 17:57:19,CRITICAL,CA,NOR,PHYSICAL PORT DOWN,2020-02-20 00:35:31,2020-02-20 00:35:31,54377.363333333335,1.0,unknown,unknown,unknown,unknown,NORMAL,link_down,0.76
alarm_00336,2026-05-04 17:57:19,CRITICAL,CA,NOR,PHYSICAL PORT DOWN,2020-02-20 00:35:36,2020-02-20 00:35:36,54377.36194444444,1.0,unknown,unknown,unknown,unknown,NORMAL,link_down,0.76
alarm_00337,2026-05-04 17:57:19,CRITICAL,CA,NOR,PHYSICAL PORT DOWN,2020-02-20 00:40:13,2020-02-20 00:40:13,54377.285,1.0,unknown,unknown,unknown,unknown,NORMAL,link_down,0.76
alarm_00338,2026-05-04 17:57:19,CRITICAL,CA,NOR,PHYSICAL PORT DOWN,2020-02-20 00:40:18,2020-02-20 00:40:18,54377.28361111111,1.0,unknown,unknown,unknown,unknown,NORMAL,link_down,0.76
alarm_00339,2026-05-04 17:57:19,CRITICAL,CA,NOR,PHYSICAL PORT DOWN,2020-02-20 00:41:08,2020-02-20 00:41:08,54377.26972222222,1.0,unknown,unknown,unknown,unknown,NORMAL,link_down,0.76
alarm_00340,2026-05-04 17:57:19,CRITICAL,CA,NOR,PHYSICAL PORT DOWN,2020-02-20 00:41:11,2020-02-20 00:41:11,54377.26888888889,1.0,unknown,unknown,unknown,unknown,NORMAL,link_down,0.76
alarm_00341,2026-05-04 17:57:19,CRITICAL,CA,NOR,PHYSICAL PORT DOWN,2020-02-20 00:41:16,2020-02-20 00:41:16,54377.2675,1.0,unknown,unknown,unknown,unknown,NORMAL,link_down,0.76
alarm_00342,2026-05-04 17:57:19,CRITICAL,CA,NOR,PHYSICAL PORT DOWN,2020-02-20 00:41:18,2020-02-20 00:41:18,54377.26694444445,1.0,unknown,unknown,unknown,unknown,NORMAL,link_down,0.76
alarm_00343,2026-05-04 17:57:19,CRITICAL,CA,NOR,PHYSICAL PORT DOWN,2020-02-20 00:41:27,2020-02-20 00:41:27,54377.264444444445,1.0,unknown,unknown,unknown,unknown,NORMAL,link_down,0.76
alarm_00344,2026-05-04 17:57:19,CRITICAL,CA,NOR,PHYSICAL PORT DOWN,2020-02-20 00:41:29,2020-02-20 00:41:29,54377.26388888889,1.0,unknown,unknown,unknown,unknown,NORMAL,link_down,0.76
alarm_00345,2026-05-04 17:57:19,CRITICAL,CA,NOR,PHYSICAL PORT DOWN,2020-02-20 00:41:32,2020-02-20 00:41:32,54377.26305555556,1.0,unknown,unknown,unknown,unknown,NORMAL,link_down,0.76
alarm_00346,2026-05-04 17:57:19,CRITICAL,CA,NOR,PHYSICAL PORT DOWN,2020-02-20 00:41:34,2020-02-20 00:41:34,54377.2625,1.0,unknown,unknown,unknown,unknown,NORMAL,link_down,0.76
alarm_00347,2026-05-04 17:57:19,CRITICAL,CA,NOR,PHYSICAL PORT DOWN,2020-02-20 00:41:46,2020-02-20 00:41:46,54377.25916666666,1.0,unknown,unknown,unknown,unknown,NORMAL,link_down,0.76
alarm_00348,2026-05-04 17:57:19,CRITICAL,CA,NOR,PHYSICAL PORT DOWN,2020-02-20 00:41:52,2020-02-20 00:41:52,54377.2575,1.0,unknown,unknown,unknown,unknown,NORMAL,link_down,0.76
alarm_00349,2026-05-04 17:57:19,CRITICAL,CA,NOR,PHYSICAL PORT DOWN,2020-02-20 00:41:57,2020-02-20 00:41:57,54377.25611111111,1.0,unknown,unknown,unknown,unknown,NORMAL,link_down,0.76
alarm_00350,2026-05-04 17:57:19,CRITICAL,CA,NOR,PHYSICAL PORT DOWN,2020-02-20 00:42:03,2020-02-20 00:42:03,54377.25444444444,1.0,unknown,unknown,unknown,unknown,NORMAL,link_down,0.76
alarm_00351,2026-05-04 17:57:19,CRITICAL,CA,NOR,PHYSICAL PORT DOWN,2020-02-20 00:42:13,2020-02-20 00:42:13,54377.25166666666,1.0,unknown,unknown,unknown,unknown,NORMAL,link_down,0.76
alarm_00352,2026-05-04 17:57:19,CRITICAL,CA,NOR,PHYSICAL PORT DOWN,2020-02-20 00:42:27,2020-02-20 00:42:27,54377.247777777775,1.0,unknown,unknown,unknown,unknown,NORMAL,link_down,0.76
alarm_00353,2026-05-04 17:57:19,CRITICAL,CA,NOR,PHYSICAL PORT DOWN,2020-02-20 00:42:29,2020-02-20 00:42:29,54377.24722222222,1.0,unknown,unknown,unknown,unknown,NORMAL,link_down,0.76
alarm_00354,2026-05-04 17:57:19,CRITICAL,CA,NOR,PHYSICAL PORT DOWN,2020-02-20 00:42:47,2020-02-20 00:42:47,54377.24222222222,1.0,unknown,unknown,unknown,unknown,NORMAL,link_down,0.76
alarm_00355,2026-05-04 17:57:19,CRITICAL,CA,NOR,PHYSICAL PORT DOWN,2020-02-20 00:42:57,2020-02-20 00:42:57,54377.23944444444,1.0,unknown,unknown,unknown,unknown,NORMAL,link_down,0.76
alarm_00356,2026-05-04 17:57:19,CRITICAL,CA,NOR,PHYSICAL PORT DOWN,2020-02-20 00:42:59,2020-02-20 00:42:59,54377.23888888889,1.0,unknown,unknown,unknown,unknown,NORMAL,link_down,0.76
alarm_00357,2026-05-04 17:57:19,CRITICAL,CA,NOR,PHYSICAL PORT DOWN,2020-02-20 00:43:01,2020-02-20 00:43:01,54377.238333333335,1.0,unknown,unknown,unknown,unknown,NORMAL,link_down,0.76
alarm_00358,2026-05-04 17:57:19,CRITICAL,CA,NOR,PHYSICAL PORT DOWN,2020-02-20 00:43:05,2020-02-20 00:43:05,54377.237222222226,1.0,unknown,unknown,unknown,unknown,NORMAL,link_down,0.76
alarm_00359,2026-05-04 17:57:19,CRITICAL,CA,NOR,PHYSICAL PORT DOWN,2020-02-20 00:43:09,2020-02-20 00:43:09,54377.23611111111,1.0,unknown,unknown,unknown,unknown,NORMAL,link_down,0.76
alarm_00360,2026-05-04 17:57:19,CRITICAL,CA,NOR,PHYSICAL PORT DOWN,2020-02-20 00:43:13,2020-02-20 00:43:13,54377.235,1.0,unknown,unknown,unknown,unknown,NORMAL,link_down,0.76
alarm_00361,2026-05-04 17:57:19,CRITICAL,CA,NOR,PHYSICAL PORT DOWN,2020-02-20 00:43:13,2020-02-20 00:43:13,54377.235,1.0,unknown,unknown,unknown,unknown,NORMAL,link_down,0.76
alarm_00362,2026-05-04 17:57:19,CRITICAL,CA,NOR,PHYSICAL PORT DOWN,2020-02-20 00:43:16,2020-02-20 00:43:16,54377.23416666667,1.0,unknown,unknown,unknown,unknown,NORMAL,link_down,0.76
alarm_00363,2026-05-04 17:57:19,CRITICAL,CA,NOR,PHYSICAL PORT DOWN,2020-02-20 00:43:18,2020-02-20 00:43:18,54377.233611111114,1.0,unknown,unknown,unknown,unknown,NORMAL,link_down,0.76
alarm_00364,2026-05-04 17:57:19,CRITICAL,CA,NOR,PHYSICAL PORT DOWN,2020-02-20 00:43:20,2020-02-20 00:43:20,54377.23305555555,1.0,unknown,unknown,unknown,unknown,NORMAL,link_down,0.76
alarm_00365,2026-05-04 17:57:19,CRITICAL,AG,JUN,PHYSICAL PORT DOWN,2020-02-25 14:26:19,2020-02-25 14:26:19,54243.51666666667,1.0,unknown,unknown,unknown,unknown,NORMAL,link_down,0.76
alarm_00366,2026-05-04 17:57:19,CRITICAL,AG,LIP,PHYSICAL PORT DOWN,2020-03-18 00:20:39,2020-03-18 00:20:39,53729.61111111111,1.0,unknown,unknown,unknown,unknown,NORMAL,link_down,0.76
alarm_00367,2026-05-04 17:57:19,CRITICAL,CA,NOR,PHYSICAL PORT DOWN,2020-04-05 10:21:58,2020-04-05 10:21:58,53287.589166666665,1.0,unknown,unknown,unknown,unknown,NORMAL,link_down,0.76
alarm_00368,2026-05-04 17:57:19,CRITICAL,AG,ICA,PHYSICAL PORT DOWN,2020-04-20 13:01:19,2020-04-20 13:01:19,52924.933333333334,1.0,unknown,unknown,unknown,unknown,NORMAL,link_down,0.76
alarm_00369,2026-05-04 17:57:19,CRITICAL,AG,ANC,PHYSICAL PORT DOWN,2020-04-22 14:44:35,2020-04-22 14:44:35,52875.212222222224,1.0,unknown,unknown,unknown,unknown,NORMAL,link_down,0.76
alarm_00370,2026-05-04 17:57:19,CRITICAL,AG,ICA,PHYSICAL PORT DOWN,2020-04-24 10:10:10,2020-04-24 10:10:10,52831.785833333335,1.0,unknown,unknown,unknown,unknown,NORMAL,link_down,0.76
alarm_00371,2026-05-04 17:57:19,CRITICAL,AG,UNKNOWN,PHYSICAL PORT DOWN,2020-05-22 00:01:50,2020-05-22 00:01:50,52169.924722222226,1.0,unknown,unknown,unknown,unknown,NORMAL,link_down,0.76
alarm_00372,2026-05-04 17:57:19,CRITICAL,CA,SOU,PHYSICAL PORT DOWN,2020-05-28 23:29:51,2020-05-28 23:29:51,52002.45777777778,1.0,unknown,unknown,unknown,unknown,NORMAL,link_down,0.76
alarm_00373,2026-05-04 17:57:19,CRITICAL,AG,JUN,PHYSICAL PORT DOWN,2020-06-05 08:45:21,2020-06-05 08:45:21,51825.19944444444,1.0,unknown,unknown,unknown,unknown,NORMAL,link_down,0.76
alarm_00374,2026-05-04 17:57:19,CRITICAL,AG,JUN,PHYSICAL PORT DOWN,2020-06-05 08:45:29,2020-06-05 08:45:29,51825.197222222225,1.0,unknown,unknown,unknown,unknown,NORMAL,link_down,0.76
alarm_00375,2026-05-04 17:57:19,CRITICAL,AG,LIC,BOARD INVALID,2020-06-23 02:52:30,2020-06-23 02:52:30,51399.08027777778,1.0,unknown,unknown,unknown,unknown,NORMAL,other,0.66
alarm_00376,2026-05-04 17:57:19,CRITICAL,AG,PAS,PHYSICAL PORT DOWN,2020-08-03 18:17:19,2020-08-03 18:17:19,50399.666666666664,1.0,unknown,unknown,unknown,unknown,NORMAL,link_down,0.76
alarm_00377,2026-05-04 17:57:19,CRITICAL,AG,LAM,PHYSICAL PORT DOWN,2020-08-04 10:48:49,2020-08-04 10:48:49,50383.14166666667,1.0,unknown,unknown,unknown,unknown,NORMAL,link_down,0.76
alarm_00378,2026-05-04 17:57:19,CRITICAL,AR,LOR,PHYSICAL PORT DOWN,2020-08-06 18:35:00,2020-08-06 18:35:00,50327.37194444444,1.0,unknown,unknown,unknown,unknown,NORMAL,link_down,0.76
alarm_00379,2026-05-04 17:57:19,CRITICAL,AG,PUN,PHYSICAL PORT DOWN,2020-08-21 14:40:21,2020-08-21 14:40:21,49971.28277777778,1.0,unknown,unknown,unknown,unknown,NORMAL,link_down,0.76
alarm_00380,2026-05-04 17:57:19,CRITICAL,AG,UNKNOWN,PHYSICAL PORT DOWN,2020-08-26 14:31:54,2020-08-26 14:31:54,49851.42361111111,1.0,unknown,unknown,unknown,unknown,NORMAL,link_down,0.76
alarm_00381,2026-05-04 17:57:19,CRITICAL,AR,LOR,BOARD INVALID,2020-08-31 11:08:11,2020-08-31 11:08:11,49734.81888888889,1.0,unknown,unknown,unknown,unknown,NORMAL,other,0.66
alarm_00382,2026-05-04 17:57:19,CRITICAL,AG,HUN,PHYSICAL PORT DOWN,2020-09-15 12:15:13,2020-09-15 12:15:13,49373.70166666667,1.0,unknown,unknown,unknown,unknown,NORMAL,link_down,0.76
alarm_00383,2026-05-04 17:57:19,CRITICAL,AG,AYA,PHYSICAL PORT DOWN,2020-09-18 14:53:14,2020-09-18 14:53:14,49299.06805555556,1.0,unknown,unknown,unknown,unknown,NORMAL,link_down,0.76
alarm_00384,2026-05-04 17:57:19,CRITICAL,AG,ANC,PHYSICAL PORT DOWN,2020-09-21 11:58:41,2020-09-21 11:58:41,49229.977222222224,1.0,unknown,unknown,unknown,unknown,NORMAL,link_down,0.76
alarm_00385,2026-05-04 17:57:19,CRITICAL,CA,NOR,PHYSICAL PORT DOWN,2020-09-26 00:25:09,2020-09-26 00:25:09,49121.53611111111,1.0,unknown,unknown,unknown,unknown,NORMAL,link_down,0.76
alarm_00386,2026-05-04 17:57:19,CRITICAL,CA,NOR,PHYSICAL PORT DOWN,2020-09-26 00:25:31,2020-09-26 00:25:31,49121.53,1.0,unknown,unknown,unknown,unknown,NORMAL,link_down,0.76
alarm_00387,2026-05-04 17:57:19,CRITICAL,CA,NOR,PHYSICAL PORT DOWN,2020-09-26 00:26:27,2020-09-26 00:26:27,49121.514444444445,1.0,unknown,unknown,unknown,unknown,NORMAL,link_down,0.76
alarm_00388,2026-05-04 17:57:19,CRITICAL,CA,NOR,PHYSICAL PORT DOWN,2020-09-26 00:26:47,2020-09-26 00:26:47,49121.508888888886,1.0,unknown,unknown,unknown,unknown,NORMAL,link_down,0.76
alarm_00389,2026-05-04 17:57:19,CRITICAL,CA,NOR,PHYSICAL PORT DOWN,2020-09-26 00:27:03,2020-09-26 00:27:03,49121.50444444444,1.0,unknown,unknown,unknown,unknown,NORMAL,link_down,0.76
alarm_00390,2026-05-04 17:57:19,CRITICAL,CA,NOR,PHYSICAL PORT DOWN,2020-09-26 00:27:18,2020-09-26 00:27:18,49121.50027777778,1.0,unknown,unknown,unknown,unknown,NORMAL,link_down,0.76
alarm_00391,2026-05-04 17:57:19,CRITICAL,CA,NOR,PHYSICAL PORT DOWN,2020-09-26 00:27:38,2020-09-26 00:27:38,49121.494722222225,1.0,unknown,unknown,unknown,unknown,NORMAL,link_down,0.76
alarm_00392,2026-05-04 17:57:19,CRITICAL,CA,NOR,PHYSICAL PORT DOWN,2020-09-26 00:27:50,2020-09-26 00:27:50,49121.49138888889,1.0,unknown,unknown,unknown,unknown,NORMAL,link_down,0.76
alarm_00393,2026-05-04 17:57:19,CRITICAL,CA,NOR,PHYSICAL PORT DOWN,2020-09-26 00:28:05,2020-09-26 00:28:05,49121.487222222226,1.0,unknown,unknown,unknown,unknown,NORMAL,link_down,0.76
alarm_00394,2026-05-04 17:57:19,CRITICAL,CA,NOR,PHYSICAL PORT DOWN,2020-09-26 00:28:29,2020-09-26 00:28:29,49121.48055555556,1.0,unknown,unknown,unknown,unknown,NORMAL,link_down,0.76
alarm_00395,2026-05-04 17:57:19,CRITICAL,CA,NOR,PHYSICAL PORT DOWN,2020-09-26 00:28:53,2020-09-26 00:28:53,49121.47388888889,1.0,unknown,unknown,unknown,unknown,NORMAL,link_down,0.76
alarm_00396,2026-05-04 17:57:19,CRITICAL,CA,NOR,PHYSICAL PORT DOWN,2020-09-26 00:29:13,2020-09-26 00:29:13,49121.46833333333,1.0,unknown,unknown,unknown,unknown,NORMAL,link_down,0.76
alarm_00397,2026-05-04 17:57:19,CRITICAL,CA,NOR,PHYSICAL PORT DOWN,2020-09-26 00:29:26,2020-09-26 00:29:26,49121.46472222222,1.0,unknown,unknown,unknown,unknown,NORMAL,link_down,0.76
alarm_00398,2026-05-04 17:57:19,CRITICAL,CA,NOR,PHYSICAL PORT DOWN,2020-09-26 00:29:45,2020-09-26 00:29:45,49121.459444444445,1.0,unknown,unknown,unknown,unknown,NORMAL,link_down,0.76
alarm_00399,2026-05-04 17:57:19,CRITICAL,CA,NOR,PHYSICAL PORT DOWN,2020-09-26 00:30:10,2020-09-26 00:30:10,49121.4525,1.0,unknown,unknown,unknown,unknown,NORMAL,link_down,0.76
alarm_00400,2026-05-04 17:57:19,CRITICAL,CA,NOR,PHYSICAL PORT DOWN,2020-09-26 00:30:24,2020-09-26 00:30:24,49121.44861111111,1.0,unknown,unknown,unknown,unknown,NORMAL,link_down,0.76
alarm_00401,2026-05-04 17:57:19,CRITICAL,CA,NOR,PHYSICAL PORT DOWN,2020-09-26 00:31:09,2020-09-26 00:31:09,49121.436111111114,1.0,unknown,unknown,unknown,unknown,NORMAL,link_down,0.76
alarm_00402,2026-05-04 17:57:19,CRITICAL,CA,NOR,PHYSICAL PORT DOWN,2020-09-26 00:31:19,2020-09-26 00:31:19,49121.433333333334,1.0,unknown,unknown,unknown,unknown,NORMAL,link_down,0.76
alarm_00403,2026-05-04 17:57:19,CRITICAL,CA,NOR,PHYSICAL PORT DOWN,2020-09-26 00:31:33,2020-09-26 00:31:33,49121.429444444446,1.0,unknown,unknown,unknown,unknown,NORMAL,link_down,0.76
alarm_00404,2026-05-04 17:57:19,CRITICAL,CA,NOR,PHYSICAL PORT DOWN,2020-09-26 00:32:07,2020-09-26 00:32:07,49121.42,1.0,unknown,unknown,unknown,unknown,NORMAL,link_down,0.76
alarm_00405,2026-05-04 17:57:19,CRITICAL,CA,NOR,PHYSICAL PORT DOWN,2020-09-26 00:32:26,2020-09-26 00:32:26,49121.414722222224,1.0,unknown,unknown,unknown,unknown,NORMAL,link_down,0.76
alarm_00406,2026-05-04 17:57:19,CRITICAL,CA,NOR,PHYSICAL PORT DOWN,2020-09-26 00:32:34,2020-09-26 00:32:34,49121.4125,1.0,unknown,unknown,unknown,unknown,NORMAL,link_down,0.76
alarm_00407,2026-05-04 17:57:19,CRITICAL,CA,NOR,PHYSICAL PORT DOWN,2020-09-26 00:32:38,2020-09-26 00:32:38,49121.41138888889,1.0,unknown,unknown,unknown,unknown,NORMAL,link_down,0.76
alarm_00408,2026-05-04 17:57:19,CRITICAL,CA,NOR,PHYSICAL PORT DOWN,2020-09-26 00:32:43,2020-09-26 00:32:43,49121.41,1.0,unknown,unknown,unknown,unknown,NORMAL,link_down,0.76
alarm_00409,2026-05-04 17:57:19,CRITICAL,CA,NOR,PHYSICAL PORT DOWN,2020-09-26 00:33:09,2020-09-26 00:33:09,49121.40277777778,1.0,unknown,unknown,unknown,unknown,NORMAL,link_down,0.76
alarm_00410,2026-05-04 17:57:19,CRITICAL,CA,NOR,PHYSICAL PORT DOWN,2020-09-26 00:33:30,2020-09-26 00:33:30,49121.396944444445,1.0,unknown,unknown,unknown,unknown,NORMAL,link_down,0.76
alarm_00411,2026-05-04 17:57:19,CRITICAL,CA,NOR,PHYSICAL PORT DOWN,2020-09-26 00:33:46,2020-09-26 00:33:46,49121.3925,1.0,unknown,unknown,unknown,unknown,NORMAL,link_down,0.76
alarm_00412,2026-05-04 17:57:19,CRITICAL,CA,NOR,PHYSICAL PORT DOWN,2020-09-26 00:33:51,2020-09-26 00:33:51,49121.39111111111,1.0,unknown,unknown,unknown,unknown,NORMAL,link_down,0.76
alarm_00413,2026-05-04 17:57:19,CRITICAL,CA,NOR,PHYSICAL PORT DOWN,2020-09-26 00:34:09,2020-09-26 00:34:09,49121.38611111111,1.0,unknown,unknown,unknown,unknown,NORMAL,link_down,0.76
alarm_00414,2026-05-04 17:57:19,CRITICAL,CA,NOR,PHYSICAL PORT DOWN,2020-09-26 00:34:14,2020-09-26 00:34:14,49121.384722222225,1.0,unknown,unknown,unknown,unknown,NORMAL,link_down,0.76
alarm_00415,2026-05-04 17:57:19,CRITICAL,CA,NOR,PHYSICAL PORT DOWN,2020-09-26 00:34:24,2020-09-26 00:34:24,49121.381944444445,1.0,unknown,unknown,unknown,unknown,NORMAL,link_down,0.76
alarm_00416,2026-05-04 17:57:19,CRITICAL,CA,NOR,PHYSICAL PORT DOWN,2020-09-26 00:34:39,2020-09-26 00:34:39,49121.37777777778,1.0,unknown,unknown,unknown,unknown,NORMAL,link_down,0.76
alarm_00417,2026-05-04 17:57:19,CRITICAL,CA,NOR,PHYSICAL PORT DOWN,2020-09-26 00:34:58,2020-09-26 00:34:58,49121.3725,1.0,unknown,unknown,unknown,unknown,NORMAL,link_down,0.76
alarm_00418,2026-05-04 17:57:19,CRITICAL,CA,NOR,PHYSICAL PORT DOWN,2020-09-26 00:35:12,2020-09-26 00:35:12,49121.36861111111,1.0,unknown,unknown,unknown,unknown,NORMAL,link_down,0.76
alarm_00419,2026-05-04 17:57:19,CRITICAL,CA,NOR,PHYSICAL PORT DOWN,2020-09-26 00:35:18,2020-09-26 00:35:18,49121.366944444446,1.0,unknown,unknown,unknown,unknown,NORMAL,link_down,0.76
alarm_00420,2026-05-04 17:57:19,CRITICAL,CA,NOR,PHYSICAL PORT DOWN,2020-09-26 00:35:23,2020-09-26 00:35:23,49121.36555555555,1.0,unknown,unknown,unknown,unknown,NORMAL,link_down,0.76
alarm_00421,2026-05-04 17:57:19,CRITICAL,CA,NOR,PHYSICAL PORT DOWN,2020-09-26 00:35:34,2020-09-26 00:35:34,49121.3625,1.0,unknown,unknown,unknown,unknown,NORMAL,link_down,0.76
alarm_00422,2026-05-04 17:57:19,CRITICAL,CA,NOR,PHYSICAL PORT DOWN,2020-09-26 00:35:40,2020-09-26 00:35:40,49121.36083333333,1.0,unknown,unknown,unknown,unknown,NORMAL,link_down,0.76
alarm_00423,2026-05-04 17:57:19,CRITICAL,CA,NOR,PHYSICAL PORT DOWN,2020-09-26 00:35:44,2020-09-26 00:35:44,49121.35972222222,1.0,unknown,unknown,unknown,unknown,NORMAL,link_down,0.76
alarm_00424,2026-05-04 17:57:19,CRITICAL,CA,NOR,PHYSICAL PORT DOWN,2020-09-26 00:35:50,2020-09-26 00:35:50,49121.35805555555,1.0,unknown,unknown,unknown,unknown,NORMAL,link_down,0.76
alarm_00425,2026-05-04 17:57:19,CRITICAL,CA,NOR,PHYSICAL PORT DOWN,2020-09-26 00:36:21,2020-09-26 00:36:21,49121.349444444444,1.0,unknown,unknown,unknown,unknown,NORMAL,link_down,0.76
alarm_00426,2026-05-04 17:57:19,CRITICAL,CA,NOR,PHYSICAL PORT DOWN,2020-09-26 00:36:30,2020-09-26 00:36:30,49121.34694444444,1.0,unknown,unknown,unknown,unknown,NORMAL,link_down,0.76
alarm_00427,2026-05-04 17:57:19,CRITICAL,CA,NOR,PHYSICAL PORT DOWN,2020-09-26 00:36:42,2020-09-26 00:36:42,49121.34361111111,1.0,unknown,unknown,unknown,unknown,NORMAL,link_down,0.76
alarm_00428,2026-05-04 17:57:19,CRITICAL,CA,NOR,PHYSICAL PORT DOWN,2020-09-26 00:36:46,2020-09-26 00:36:46,49121.3425,1.0,unknown,unknown,unknown,unknown,NORMAL,link_down,0.76
alarm_00429,2026-05-04 17:57:19,CRITICAL,CA,NOR,PHYSICAL PORT DOWN,2020-09-26 00:39:54,2020-09-26 00:39:54,49121.29027777778,1.0,unknown,unknown,unknown,unknown,NORMAL,link_down,0.76
alarm_00430,2026-05-04 17:57:19,CRITICAL,CA,NOR,PHYSICAL PORT DOWN,2020-09-26 00:40:01,2020-09-26 00:40:01,49121.28833333333,1.0,unknown,unknown,unknown,unknown,NORMAL,link_down,0.76
alarm_00431,2026-05-04 17:57:19,CRITICAL,CA,NOR,PHYSICAL PORT DOWN,2020-09-26 00:40:13,2020-09-26 00:40:13,49121.285,1.0,unknown,unknown,unknown,unknown,NORMAL,link_down,0.76
alarm_00432,2026-05-04 17:57:19,CRITICAL,CA,NOR,PHYSICAL PORT DOWN,2020-09-26 00:40:22,2020-09-26 00:40:22,49121.2825,1.0,unknown,unknown,unknown,unknown,NORMAL,link_down,0.76
alarm_00433,2026-05-04 17:57:19,CRITICAL,CA,NOR,PHYSICAL PORT DOWN,2020-09-26 00:40:54,2020-09-26 00:40:54,49121.27361111111,1.0,unknown,unknown,unknown,unknown,NORMAL,link_down,0.76
alarm_00434,2026-05-04 17:57:19,CRITICAL,CA,NOR,PHYSICAL PORT DOWN,2020-09-26 00:41:04,2020-09-26 00:41:04,49121.270833333336,1.0,unknown,unknown,unknown,unknown,NORMAL,link_down,0.76
alarm_00435,2026-05-04 17:57:19,CRITICAL,CA,NOR,PHYSICAL PORT DOWN,2020-09-26 00:41:14,2020-09-26 00:41:14,49121.268055555556,1.0,unknown,unknown,unknown,unknown,NORMAL,link_down,0.76
alarm_00436,2026-05-04 17:57:19,CRITICAL,CA,NOR,PHYSICAL PORT DOWN,2020-09-26 00:41:28,2020-09-26 00:41:28,49121.26416666667,1.0,unknown,unknown,unknown,unknown,NORMAL,link_down,0.76
alarm_00437,2026-05-04 17:57:19,CRITICAL,CA,NOR,PHYSICAL PORT DOWN,2020-09-26 00:41:32,2020-09-26 00:41:32,49121.26305555556,1.0,unknown,unknown,unknown,unknown,NORMAL,link_down,0.76
alarm_00438,2026-05-04 17:57:19,CRITICAL,CA,NOR,PHYSICAL PORT DOWN,2020-09-26 00:41:37,2020-09-26 00:41:37,49121.261666666665,1.0,unknown,unknown,unknown,unknown,NORMAL,link_down,0.76
alarm_00439,2026-05-04 17:57:19,CRITICAL,CA,NOR,PHYSICAL PORT DOWN,2020-09-26 00:41:55,2020-09-26 00:41:55,49121.25666666667,1.0,unknown,unknown,unknown,unknown,NORMAL,link_down,0.76
alarm_00440,2026-05-04 17:57:19,CRITICAL,CA,NOR,PHYSICAL PORT DOWN,2020-09-26 00:42:03,2020-09-26 00:42:03,49121.25444444444,1.0,unknown,unknown,unknown,unknown,NORMAL,link_down,0.76
alarm_00441,2026-05-04 17:57:19,CRITICAL,CA,NOR,PHYSICAL PORT DOWN,2020-09-26 00:42:15,2020-09-26 00:42:15,49121.25111111111,1.0,unknown,unknown,unknown,unknown,NORMAL,link_down,0.76
alarm_00442,2026-05-04 17:57:19,CRITICAL,CA,NOR,PHYSICAL PORT DOWN,2020-09-26 00:42:21,2020-09-26 00:42:21,49121.249444444446,1.0,unknown,unknown,unknown,unknown,NORMAL,link_down,0.76
alarm_00443,2026-05-04 17:57:19,CRITICAL,CA,NOR,PHYSICAL PORT DOWN,2020-09-26 00:42:39,2020-09-26 00:42:39,49121.24444444444,1.0,unknown,unknown,unknown,unknown,NORMAL,link_down,0.76
alarm_00444,2026-05-04 17:57:19,CRITICAL,CA,NOR,PHYSICAL PORT DOWN,2020-09-26 00:42:50,2020-09-26 00:42:50,49121.24138888889,1.0,unknown,unknown,unknown,unknown,NORMAL,link_down,0.76
alarm_00445,2026-05-04 17:57:19,CRITICAL,CA,NOR,PHYSICAL PORT DOWN,2020-09-26 00:43:08,2020-09-26 00:43:08,49121.23638888889,1.0,unknown,unknown,unknown,unknown,NORMAL,link_down,0.76
alarm_00446,2026-05-04 17:57:19,CRITICAL,CA,NOR,PHYSICAL PORT DOWN,2020-09-26 00:43:15,2020-09-26 00:43:15,49121.234444444446,1.0,unknown,unknown,unknown,unknown,NORMAL,link_down,0.76
alarm_00447,2026-05-04 17:57:19,CRITICAL,CA,NOR,PHYSICAL PORT DOWN,2020-09-26 00:43:30,2020-09-26 00:43:30,49121.23027777778,1.0,unknown,unknown,unknown,unknown,NORMAL,link_down,0.76
alarm_00448,2026-05-04 17:57:19,CRITICAL,CA,NOR,PHYSICAL PORT DOWN,2020-09-26 00:43:55,2020-09-26 00:43:55,49121.223333333335,1.0,unknown,unknown,unknown,unknown,NORMAL,link_down,0.76
alarm_00449,2026-05-04 17:57:19,CRITICAL,CA,NOR,PHYSICAL PORT DOWN,2020-09-26 00:44:14,2020-09-26 00:44:14,49121.21805555555,1.0,unknown,unknown,unknown,unknown,NORMAL,link_down,0.76
alarm_00450,2026-05-04 17:57:19,CRITICAL,CA,NOR,PHYSICAL PORT DOWN,2020-09-26 00:44:21,2020-09-26 00:44:21,49121.21611111111,1.0,unknown,unknown,unknown,unknown,NORMAL,link_down,0.76
alarm_00451,2026-05-04 17:57:19,CRITICAL,CA,NOR,PHYSICAL PORT DOWN,2020-09-26 00:44:33,2020-09-26 00:44:33,49121.21277777778,1.0,unknown,unknown,unknown,unknown,NORMAL,link_down,0.76
alarm_00452,2026-05-04 17:57:19,CRITICAL,CA,NOR,PHYSICAL PORT DOWN,2020-09-26 00:44:46,2020-09-26 00:44:46,49121.20916666667,1.0,unknown,unknown,unknown,unknown,NORMAL,link_down,0.76
alarm_00453,2026-05-04 17:57:19,CRITICAL,CA,NOR,PHYSICAL PORT DOWN,2020-09-26 00:45:01,2020-09-26 00:45:01,49121.205,1.0,unknown,unknown,unknown,unknown,NORMAL,link_down,0.76
alarm_00454,2026-05-04 17:57:19,CRITICAL,CA,NOR,PHYSICAL PORT DOWN,2020-09-26 00:45:25,2020-09-26 00:45:25,49121.198333333334,1.0,unknown,unknown,unknown,unknown,NORMAL,link_down,0.76
alarm_00455,2026-05-04 17:57:19,CRITICAL,CA,NOR,PHYSICAL PORT DOWN,2020-09-26 00:45:57,2020-09-26 00:45:57,49121.18944444445,1.0,unknown,unknown,unknown,unknown,NORMAL,link_down,0.76
alarm_00456,2026-05-04 17:57:19,CRITICAL,CA,NOR,PHYSICAL PORT DOWN,2020-09-26 00:46:03,2020-09-26 00:46:03,49121.18777777778,1.0,unknown,unknown,unknown,unknown,NORMAL,link_down,0.76
alarm_00457,2026-05-04 17:57:19,CRITICAL,CA,NOR,PHYSICAL PORT DOWN,2020-09-26 00:46:13,2020-09-26 00:46:13,49121.185,1.0,unknown,unknown,unknown,unknown,NORMAL,link_down,0.76
alarm_00458,2026-05-04 17:57:19,CRITICAL,CA,NOR,PHYSICAL PORT DOWN,2020-09-26 00:46:30,2020-09-26 00:46:30,49121.18027777778,1.0,unknown,unknown,unknown,unknown,NORMAL,link_down,0.76
alarm_00459,2026-05-04 17:57:19,CRITICAL,CA,NOR,PHYSICAL PORT DOWN,2020-09-26 00:46:34,2020-09-26 00:46:34,49121.17916666667,1.0,unknown,unknown,unknown,unknown,NORMAL,link_down,0.76
alarm_00460,2026-05-04 17:57:19,CRITICAL,CA,NOR,PHYSICAL PORT DOWN,2020-09-26 00:46:44,2020-09-26 00:46:44,49121.17638888889,1.0,unknown,unknown,unknown,unknown,NORMAL,link_down,0.76
alarm_00461,2026-05-04 17:57:19,CRITICAL,CA,NOR,PHYSICAL PORT DOWN,2020-09-26 00:47:10,2020-09-26 00:47:10,49121.16916666667,1.0,unknown,unknown,unknown,unknown,NORMAL,link_down,0.76
alarm_00462,2026-05-04 17:57:19,CRITICAL,CA,NOR,PHYSICAL PORT DOWN,2020-09-26 00:47:13,2020-09-26 00:47:13,49121.168333333335,1.0,unknown,unknown,unknown,unknown,NORMAL,link_down,0.76
alarm_00463,2026-05-04 17:57:19,CRITICAL,CA,NOR,PHYSICAL PORT DOWN,2020-09-26 00:47:24,2020-09-26 00:47:24,49121.16527777778,1.0,unknown,unknown,unknown,unknown,NORMAL,link_down,0.76
alarm_00464,2026-05-04 17:57:19,CRITICAL,CA,NOR,PHYSICAL PORT DOWN,2020-09-26 00:47:29,2020-09-26 00:47:29,49121.16388888889,1.0,unknown,unknown,unknown,unknown,NORMAL,link_down,0.76
alarm_00465,2026-05-04 17:57:19,CRITICAL,AG,JUN,PHYSICAL PORT DOWN,2020-10-14 13:06:52,2020-10-14 13:06:52,48676.840833333335,1.0,unknown,unknown,unknown,unknown,NORMAL,link_down,0.76
alarm_00466,2026-05-04 17:57:19,CRITICAL,AG,PUN,PHYSICAL PORT DOWN,2020-12-02 09:18:18,2020-12-02 09:18:18,47504.65027777778,1.0,unknown,unknown,unknown,unknown,NORMAL,link_down,0.76
alarm_00467,2026-05-04 17:57:19,CRITICAL,AG,TAC,PHYSICAL PORT DOWN,2020-12-10 12:44:22,2020-12-10 12:44:22,47309.215833333335,1.0,unknown,unknown,unknown,unknown,NORMAL,link_down,0.76
alarm_00468,2026-05-04 17:57:19,CRITICAL,AG,PUN,PHYSICAL PORT DOWN,2020-12-11 12:07:48,2020-12-11 12:07:48,47285.825277777774,1.0,unknown,unknown,unknown,unknown,NORMAL,link_down,0.76
alarm_00469,2026-05-04 17:57:19,CRITICAL,AG,AYA,PHYSICAL PORT DOWN,2021-01-05 08:50:13,2021-01-05 08:50:13,46689.11833333333,1.0,unknown,unknown,unknown,unknown,NORMAL,link_down,0.76
alarm_00470,2026-05-04 17:57:19,CRITICAL,AG,UNKNOWN,PHYSICAL PORT DOWN,2021-01-20 04:34:50,2021-01-20 04:34:50,46333.37472222222,1.0,unknown,unknown,unknown,unknown,NORMAL,link_down,0.76
alarm_00471,2026-05-04 17:57:19,CRITICAL,AR,AMA,PHYSICAL PORT DOWN,2021-01-27 08:42:28,2021-01-27 08:42:28,46161.2475,1.0,unknown,unknown,unknown,ACKNOWLEDGED,NORMAL,link_down,0.76
alarm_00472,2026-05-04 17:57:19,CRITICAL,AG,HUN,PHYSICAL PORT DOWN,2021-01-30 01:13:27,2021-01-30 01:13:27,46096.73111111111,1.0,unknown,unknown,unknown,unknown,NORMAL,link_down,0.76
alarm_00473,2026-05-04 17:57:19,CRITICAL,AG,LAL,PHYSICAL PORT DOWN,2021-02-05 11:37:14,2021-02-05 11:37:14,45942.33472222222,1.0,unknown,unknown,unknown,unknown,NORMAL,link_down,0.76
alarm_00474,2026-05-04 17:57:19,CRITICAL,AG,PUN,PHYSICAL PORT DOWN,2021-02-06 00:21:04,2021-02-06 00:21:04,45929.604166666664,1.0,unknown,unknown,unknown,unknown,NORMAL,link_down,0.76
alarm_00475,2026-05-04 17:57:19,CRITICAL,AG,PUN,PHYSICAL PORT DOWN,2021-02-06 06:38:59,2021-02-06 06:38:59,45923.305555555555,1.0,unknown,unknown,unknown,unknown,NORMAL,link_down,0.76
alarm_00476,2026-05-04 17:57:19,CRITICAL,AG,PUN,BOARD INVALID,2021-02-06 06:43:25,2021-02-06 06:43:25,45923.23166666667,1.0,unknown,unknown,unknown,unknown,NORMAL,other,0.66
alarm_00477,2026-05-04 17:57:19,CRITICAL,AG,UNKNOWN,PHYSICAL PORT DOWN,2021-02-18 10:41:32,2021-02-18 10:41:32,45631.26305555556,1.0,unknown,unknown,unknown,unknown,NORMAL,link_down,0.76
alarm_00478,2026-05-04 17:57:19,CRITICAL,AG,UNKNOWN,PHYSICAL PORT DOWN,2021-02-18 18:25:39,2021-02-18 18:25:39,45623.52777777778,1.0,unknown,unknown,unknown,unknown,NORMAL,link_down,0.76
alarm_00479,2026-05-04 17:57:19,CRITICAL,AG,LIC,PHYSICAL PORT DOWN,2021-02-19 11:24:52,2021-02-19 11:24:52,45606.54083333333,1.0,unknown,unknown,unknown,unknown,NORMAL,link_down,0.76
alarm_00480,2026-05-04 17:57:19,CRITICAL,AG,LIC,PHYSICAL PORT DOWN,2021-02-20 14:17:51,2021-02-20 14:17:51,45579.65777777778,1.0,unknown,unknown,unknown,unknown,NORMAL,link_down,0.76
alarm_00481,2026-05-04 17:57:19,CRITICAL,AG,LIC,PHYSICAL PORT DOWN,2021-02-20 14:21:07,2021-02-20 14:21:07,45579.60333333333,1.0,unknown,unknown,unknown,unknown,NORMAL,link_down,0.76
alarm_00482,2026-05-04 17:57:19,CRITICAL,AG,LIC,BOARD INVALID,2021-02-20 14:26:38,2021-02-20 14:26:38,45579.51138888889,1.0,unknown,unknown,unknown,unknown,NORMAL,other,0.66
alarm_00483,2026-05-04 17:57:19,CRITICAL,AG,UNKNOWN,PHYSICAL PORT DOWN,2021-02-23 16:05:08,2021-02-23 16:05:08,45505.869722222225,1.0,unknown,unknown,unknown,unknown,NORMAL,link_down,0.76
alarm_00484,2026-05-04 17:57:19,CRITICAL,AG,LIC,PHYSICAL PORT DOWN,2021-03-08 16:02:11,2021-03-08 16:02:11,45193.91888888889,1.0,unknown,unknown,unknown,unknown,NORMAL,link_down,0.76
alarm_00485,2026-05-04 17:57:19,CRITICAL,AG,MAD,PHYSICAL PORT DOWN,2021-03-19 16:30:08,2021-03-19 16:30:08,44929.453055555554,1.0,unknown,unknown,unknown,unknown,NORMAL,link_down,0.76
alarm_00486,2026-05-04 17:57:19,CRITICAL,AG,LIC,PHYSICAL PORT DOWN,2021-03-24 14:08:43,2021-03-24 14:08:43,44811.81,1.0,unknown,unknown,unknown,unknown,NORMAL,link_down,0.76
alarm_00487,2026-05-04 17:57:19,CRITICAL,CA,SOU,PHYSICAL PORT DOWN,2021-03-25 01:21:16,2021-03-25 01:21:16,44800.60083333333,1.0,unknown,unknown,unknown,unknown,NORMAL,link_down,0.76
alarm_00488,2026-05-04 17:57:19,CRITICAL,CA,SOU,PHYSICAL PORT DOWN,2021-03-25 01:21:30,2021-03-25 01:21:30,44800.59694444444,1.0,unknown,unknown,unknown,unknown,NORMAL,link_down,0.76
alarm_00489,2026-05-04 17:57:19,CRITICAL,CA,SOU,PHYSICAL PORT DOWN,2021-03-25 01:27:20,2021-03-25 01:27:20,44800.49972222222,1.0,unknown,unknown,unknown,unknown,NORMAL,link_down,0.76
alarm_00490,2026-05-04 17:57:19,CRITICAL,CA,SOU,PHYSICAL PORT DOWN,2021-03-25 01:28:33,2021-03-25 01:28:33,44800.47944444444,1.0,unknown,unknown,unknown,unknown,NORMAL,link_down,0.76
alarm_00491,2026-05-04 17:57:19,CRITICAL,CA,SOU,PHYSICAL PORT DOWN,2021-03-25 01:28:37,2021-03-25 01:28:37,44800.47833333333,1.0,unknown,unknown,unknown,unknown,NORMAL,link_down,0.76
alarm_00492,2026-05-04 17:57:19,CRITICAL,CA,SOU,PHYSICAL PORT DOWN,2021-03-25 01:28:44,2021-03-25 01:28:44,44800.47638888889,1.0,unknown,unknown,unknown,unknown,NORMAL,link_down,0.76
alarm_00493,2026-05-04 17:57:19,CRITICAL,CA,SOU,PHYSICAL PORT DOWN,2021-03-25 01:28:59,2021-03-25 01:28:59,44800.47222222222,1.0,unknown,unknown,unknown,unknown,NORMAL,link_down,0.76
alarm_00494,2026-05-04 17:57:19,CRITICAL,CA,SOU,PHYSICAL PORT DOWN,2021-03-25 01:29:11,2021-03-25 01:29:11,44800.46888888889,1.0,unknown,unknown,unknown,unknown,NORMAL,link_down,0.76
alarm_00495,2026-05-04 17:57:19,CRITICAL,CA,NOR,PHYSICAL PORT DOWN,2021-03-25 01:49:47,2021-03-25 01:49:47,44800.125555555554,1.0,unknown,unknown,unknown,unknown,NORMAL,link_down,0.76
alarm_00496,2026-05-04 17:57:19,CRITICAL,CA,NOR,PHYSICAL PORT DOWN,2021-03-25 01:49:52,2021-03-25 01:49:52,44800.12416666667,1.0,unknown,unknown,unknown,unknown,NORMAL,link_down,0.76
alarm_00497,2026-05-04 17:57:19,CRITICAL,CA,NOR,PHYSICAL PORT DOWN,2021-03-25 01:50:01,2021-03-25 01:50:01,44800.121666666666,1.0,unknown,unknown,unknown,unknown,NORMAL,link_down,0.76
alarm_00498,2026-05-04 17:57:19,CRITICAL,CA,NOR,PHYSICAL PORT DOWN,2021-03-25 01:50:15,2021-03-25 01:50:15,44800.11777777778,1.0,unknown,unknown,unknown,unknown,NORMAL,link_down,0.76
alarm_00499,2026-05-04 17:57:19,CRITICAL,CA,NOR,PHYSICAL PORT DOWN,2021-03-25 01:50:18,2021-03-25 01:50:18,44800.116944444446,1.0,unknown,unknown,unknown,unknown,NORMAL,link_down,0.76
alarm_00500,2026-05-04 17:57:19,CRITICAL,CA,NOR,PHYSICAL PORT DOWN,2021-03-25 01:50:26,2021-03-25 01:50:26,44800.11472222222,1.0,unknown,unknown,unknown,unknown,NORMAL,link_down,0.76
alarm_00501,2026-05-04 17:57:19,CRITICAL,CA,NOR,PHYSICAL PORT DOWN,2021-03-25 01:50:42,2021-03-25 01:50:42,44800.11027777778,1.0,unknown,unknown,unknown,unknown,NORMAL,link_down,0.76
alarm_00502,2026-05-04 17:57:19,CRITICAL,CA,NOR,PHYSICAL PORT DOWN,2021-03-25 01:51:02,2021-03-25 01:51:02,44800.10472222222,1.0,unknown,unknown,unknown,unknown,NORMAL,link_down,0.76
alarm_00503,2026-05-04 17:57:19,CRITICAL,CA,NOR,PHYSICAL PORT DOWN,2021-03-31 00:46:04,2021-03-31 00:46:04,44657.1875,1.0,unknown,unknown,unknown,unknown,NORMAL,link_down,0.76
alarm_00504,2026-05-04 17:57:19,CRITICAL,CA,NOR,PHYSICAL PORT DOWN,2021-03-31 00:46:04,2021-03-31 00:46:04,44657.1875,1.0,unknown,unknown,unknown,unknown,NORMAL,link_down,0.76
alarm_00505,2026-05-04 17:57:19,CRITICAL,CA,NOR,PHYSICAL PORT DOWN,2021-03-31 00:46:04,2021-03-31 00:46:04,44657.1875,1.0,unknown,unknown,unknown,unknown,NORMAL,link_down,0.76
alarm_00506,2026-05-04 17:57:19,CRITICAL,CA,NOR,PHYSICAL PORT DOWN,2021-03-31 00:46:04,2021-03-31 00:46:04,44657.1875,1.0,unknown,unknown,unknown,unknown,NORMAL,link_down,0.76
alarm_00507,2026-05-04 17:57:19,CRITICAL,CA,NOR,PHYSICAL PORT DOWN,2021-03-31 00:46:04,2021-03-31 00:46:04,44657.1875,1.0,unknown,unknown,unknown,unknown,NORMAL,link_down,0.76
alarm_00508,2026-05-04 17:57:19,CRITICAL,CA,NOR,PHYSICAL PORT DOWN,2021-03-31 00:46:04,2021-03-31 00:46:04,44657.1875,1.0,unknown,unknown,unknown,unknown,NORMAL,link_down,0.76
alarm_00509,2026-05-04 17:57:19,CRITICAL,CA,NOR,PHYSICAL PORT DOWN,2021-03-31 00:46:04,2021-03-31 00:46:04,44657.1875,1.0,unknown,unknown,unknown,unknown,NORMAL,link_down,0.76
alarm_00510,2026-05-04 17:57:19,CRITICAL,CA,NOR,PHYSICAL PORT DOWN,2021-03-31 00:46:04,2021-03-31 00:46:04,44657.1875,1.0,unknown,unknown,unknown,unknown,NORMAL,link_down,0.76
alarm_00511,2026-05-04 17:57:19,CRITICAL,CA,NOR,PHYSICAL PORT DOWN,2021-03-31 00:46:04,2021-03-31 00:46:04,44657.1875,1.0,unknown,unknown,unknown,unknown,NORMAL,link_down,0.76
alarm_00512,2026-05-04 17:57:19,CRITICAL,CA,NOR,PHYSICAL PORT DOWN,2021-03-31 00:46:04,2021-03-31 00:46:04,44657.1875,1.0,unknown,unknown,unknown,unknown,NORMAL,link_down,0.76
alarm_00513,2026-05-04 17:57:19,CRITICAL,CA,NOR,PHYSICAL PORT DOWN,2021-03-31 00:46:04,2021-03-31 00:46:04,44657.1875,1.0,unknown,unknown,unknown,unknown,NORMAL,link_down,0.76
alarm_00514,2026-05-04 17:57:19,CRITICAL,CA,NOR,PHYSICAL PORT DOWN,2021-03-31 00:46:04,2021-03-31 00:46:04,44657.1875,1.0,unknown,unknown,unknown,unknown,NORMAL,link_down,0.76
alarm_00515,2026-05-04 17:57:19,CRITICAL,CA,NOR,PHYSICAL PORT DOWN,2021-03-31 00:46:04,2021-03-31 00:46:04,44657.1875,1.0,unknown,unknown,unknown,unknown,NORMAL,link_down,0.76
alarm_00516,2026-05-04 17:57:19,CRITICAL,CA,NOR,PHYSICAL PORT DOWN,2021-03-31 00:46:04,2021-03-31 00:46:04,44657.1875,1.0,unknown,unknown,unknown,unknown,NORMAL,link_down,0.76
alarm_00517,2026-05-04 17:57:19,CRITICAL,CA,NOR,PHYSICAL PORT DOWN,2021-03-31 00:46:04,2021-03-31 00:46:04,44657.1875,1.0,unknown,unknown,unknown,unknown,NORMAL,link_down,0.76
alarm_00518,2026-05-04 17:57:19,CRITICAL,CA,NOR,PHYSICAL PORT DOWN,2021-03-31 00:46:04,2021-03-31 00:46:04,44657.1875,1.0,unknown,unknown,unknown,unknown,NORMAL,link_down,0.76
alarm_00519,2026-05-04 17:57:19,CRITICAL,CA,NOR,PHYSICAL PORT DOWN,2021-03-31 00:46:04,2021-03-31 00:46:04,44657.1875,1.0,unknown,unknown,unknown,unknown,NORMAL,link_down,0.76
alarm_00520,2026-05-04 17:57:19,CRITICAL,CA,NOR,PHYSICAL PORT DOWN,2021-03-31 00:46:05,2021-03-31 00:46:05,44657.18722222222,1.0,unknown,unknown,unknown,unknown,NORMAL,link_down,0.76
alarm_00521,2026-05-04 17:57:19,CRITICAL,CA,NOR,PHYSICAL PORT DOWN,2021-03-31 00:46:05,2021-03-31 00:46:05,44657.18722222222,1.0,unknown,unknown,unknown,unknown,NORMAL,link_down,0.76
alarm_00522,2026-05-04 17:57:19,CRITICAL,CA,NOR,PHYSICAL PORT DOWN,2021-03-31 00:46:05,2021-03-31 00:46:05,44657.18722222222,1.0,unknown,unknown,unknown,unknown,NORMAL,link_down,0.76
alarm_00523,2026-05-04 17:57:19,CRITICAL,CA,NOR,PHYSICAL PORT DOWN,2021-03-31 00:46:05,2021-03-31 00:46:05,44657.18722222222,1.0,unknown,unknown,unknown,unknown,NORMAL,link_down,0.76
alarm_00524,2026-05-04 17:57:19,CRITICAL,CA,NOR,PHYSICAL PORT DOWN,2021-03-31 00:46:05,2021-03-31 00:46:05,44657.18722222222,1.0,unknown,unknown,unknown,unknown,NORMAL,link_down,0.76
alarm_00525,2026-05-04 17:57:19,CRITICAL,CA,NOR,PHYSICAL PORT DOWN,2021-03-31 00:46:05,2021-03-31 00:46:05,44657.18722222222,1.0,unknown,unknown,unknown,unknown,NORMAL,link_down,0.76
alarm_00526,2026-05-04 17:57:19,CRITICAL,CA,NOR,PHYSICAL PORT DOWN,2021-03-31 00:46:05,2021-03-31 00:46:05,44657.18722222222,1.0,unknown,unknown,unknown,unknown,NORMAL,link_down,0.76
alarm_00527,2026-05-04 17:57:19,CRITICAL,CA,NOR,PHYSICAL PORT DOWN,2021-03-31 00:46:05,2021-03-31 00:46:05,44657.18722222222,1.0,unknown,unknown,unknown,unknown,NORMAL,link_down,0.76
alarm_00528,2026-05-04 17:57:19,CRITICAL,CA,NOR,PHYSICAL PORT DOWN,2021-03-31 00:46:05,2021-03-31 00:46:05,44657.18722222222,1.0,unknown,unknown,unknown,unknown,NORMAL,link_down,0.76
alarm_00529,2026-05-04 17:57:19,CRITICAL,CA,NOR,PHYSICAL PORT DOWN,2021-03-31 00:46:05,2021-03-31 00:46:05,44657.18722222222,1.0,unknown,unknown,unknown,unknown,NORMAL,link_down,0.76
alarm_00530,2026-05-04 17:57:19,CRITICAL,CA,NOR,PHYSICAL PORT DOWN,2021-03-31 00:46:05,2021-03-31 00:46:05,44657.18722222222,1.0,unknown,unknown,unknown,unknown,NORMAL,link_down,0.76
alarm_00531,2026-05-04 17:57:19,CRITICAL,CA,SOU,PHYSICAL PORT DOWN,2021-03-31 01:09:05,2021-03-31 01:09:05,44656.80388888889,1.0,unknown,unknown,unknown,unknown,NORMAL,link_down,0.76
alarm_00532,2026-05-04 17:57:19,CRITICAL,CA,SOU,PHYSICAL PORT DOWN,2021-03-31 01:09:05,2021-03-31 01:09:05,44656.80388888889,1.0,unknown,unknown,unknown,unknown,NORMAL,link_down,0.76
alarm_00533,2026-05-04 17:57:19,CRITICAL,CA,SOU,PHYSICAL PORT DOWN,2021-03-31 01:09:05,2021-03-31 01:09:05,44656.80388888889,1.0,unknown,unknown,unknown,unknown,NORMAL,link_down,0.76
alarm_00534,2026-05-04 17:57:19,CRITICAL,CA,SOU,PHYSICAL PORT DOWN,2021-03-31 01:09:05,2021-03-31 01:09:05,44656.80388888889,1.0,unknown,unknown,unknown,unknown,NORMAL,link_down,0.76
alarm_00535,2026-05-04 17:57:19,CRITICAL,CA,SOU,PHYSICAL PORT DOWN,2021-03-31 01:09:05,2021-03-31 01:09:05,44656.80388888889,1.0,unknown,unknown,unknown,unknown,NORMAL,link_down,0.76
alarm_00536,2026-05-04 17:57:19,CRITICAL,CA,SOU,PHYSICAL PORT DOWN,2021-03-31 01:09:05,2021-03-31 01:09:05,44656.80388888889,1.0,unknown,unknown,unknown,unknown,NORMAL,link_down,0.76
alarm_00537,2026-05-04 17:57:19,CRITICAL,CA,SOU,PHYSICAL PORT DOWN,2021-03-31 01:09:05,2021-03-31 01:09:05,44656.80388888889,1.0,unknown,unknown,unknown,unknown,NORMAL,link_down,0.76
alarm_00538,2026-05-04 17:57:19,CRITICAL,CA,SOU,PHYSICAL PORT DOWN,2021-03-31 01:09:05,2021-03-31 01:09:05,44656.80388888889,1.0,unknown,unknown,unknown,unknown,NORMAL,link_down,0.76
alarm_00539,2026-05-04 17:57:19,CRITICAL,CA,SOU,PHYSICAL PORT DOWN,2021-03-31 01:09:05,2021-03-31 01:09:05,44656.80388888889,1.0,unknown,unknown,unknown,unknown,NORMAL,link_down,0.76
alarm_00540,2026-05-04 17:57:19,CRITICAL,CA,SOU,PHYSICAL PORT DOWN,2021-03-31 01:09:05,2021-03-31 01:09:05,44656.80388888889,1.0,unknown,unknown,unknown,unknown,NORMAL,link_down,0.76
alarm_00541,2026-05-04 17:57:19,CRITICAL,CA,SOU,PHYSICAL PORT DOWN,2021-03-31 01:09:05,2021-03-31 01:09:05,44656.80388888889,1.0,unknown,unknown,unknown,unknown,NORMAL,link_down,0.76
alarm_00542,2026-05-04 17:57:19,CRITICAL,CA,SOU,PHYSICAL PORT DOWN,2021-03-31 01:09:05,2021-03-31 01:09:05,44656.80388888889,1.0,unknown,unknown,unknown,unknown,NORMAL,link_down,0.76
alarm_00543,2026-05-04 17:57:19,CRITICAL,CA,SOU,PHYSICAL PORT DOWN,2021-03-31 01:09:05,2021-03-31 01:09:05,44656.80388888889,1.0,unknown,unknown,unknown,unknown,NORMAL,link_down,0.76
alarm_00544,2026-05-04 17:57:19,CRITICAL,CA,SOU,PHYSICAL PORT DOWN,2021-03-31 01:09:05,2021-03-31 01:09:05,44656.80388888889,1.0,unknown,unknown,unknown,unknown,NORMAL,link_down,0.76
alarm_00545,2026-05-04 17:57:19,CRITICAL,CA,SOU,PHYSICAL PORT DOWN,2021-03-31 01:09:05,2021-03-31 01:09:05,44656.80388888889,1.0,unknown,unknown,unknown,unknown,NORMAL,link_down,0.76
alarm_00546,2026-05-04 17:57:19,CRITICAL,CA,SOU,PHYSICAL PORT DOWN,2021-03-31 01:09:05,2021-03-31 01:09:05,44656.80388888889,1.0,unknown,unknown,unknown,unknown,NORMAL,link_down,0.76
alarm_00547,2026-05-04 17:57:19,CRITICAL,CA,SOU,PHYSICAL PORT DOWN,2021-03-31 01:09:05,2021-03-31 01:09:05,44656.80388888889,1.0,unknown,unknown,unknown,unknown,NORMAL,link_down,0.76
alarm_00548,2026-05-04 17:57:19,CRITICAL,CA,SOU,PHYSICAL PORT DOWN,2021-03-31 01:09:05,2021-03-31 01:09:05,44656.80388888889,1.0,unknown,unknown,unknown,unknown,NORMAL,link_down,0.76
alarm_00549,2026-05-04 17:57:19,CRITICAL,CA,SOU,PHYSICAL PORT DOWN,2021-03-31 01:09:05,2021-03-31 01:09:05,44656.80388888889,1.0,unknown,unknown,unknown,unknown,NORMAL,link_down,0.76
alarm_00550,2026-05-04 17:57:19,CRITICAL,CA,SOU,PHYSICAL PORT DOWN,2021-03-31 01:09:05,2021-03-31 01:09:05,44656.80388888889,1.0,unknown,unknown,unknown,unknown,NORMAL,link_down,0.76
alarm_00551,2026-05-04 17:57:19,CRITICAL,CA,SOU,PHYSICAL PORT DOWN,2021-03-31 01:09:05,2021-03-31 01:09:05,44656.80388888889,1.0,unknown,unknown,unknown,unknown,NORMAL,link_down,0.76
alarm_00552,2026-05-04 17:57:19,CRITICAL,CA,SOU,PHYSICAL PORT DOWN,2021-03-31 01:09:05,2021-03-31 01:09:05,44656.80388888889,1.0,unknown,unknown,unknown,unknown,NORMAL,link_down,0.76
alarm_00553,2026-05-04 17:57:19,CRITICAL,CA,SOU,PHYSICAL PORT DOWN,2021-03-31 01:09:05,2021-03-31 01:09:05,44656.80388888889,1.0,unknown,unknown,unknown,unknown,NORMAL,link_down,0.76
alarm_00554,2026-05-04 17:57:19,CRITICAL,CA,SOU,PHYSICAL PORT DOWN,2021-03-31 01:09:05,2021-03-31 01:09:05,44656.80388888889,1.0,unknown,unknown,unknown,unknown,NORMAL,link_down,0.76
alarm_00555,2026-05-04 17:57:19,CRITICAL,CA,SOU,PHYSICAL PORT DOWN,2021-03-31 01:09:05,2021-03-31 01:09:05,44656.80388888889,1.0,unknown,unknown,unknown,unknown,NORMAL,link_down,0.76
alarm_00556,2026-05-04 17:57:19,CRITICAL,CA,SOU,PHYSICAL PORT DOWN,2021-03-31 01:09:05,2021-03-31 01:09:05,44656.80388888889,1.0,unknown,unknown,unknown,unknown,NORMAL,link_down,0.76
alarm_00557,2026-05-04 17:57:19,CRITICAL,CA,SOU,PHYSICAL PORT DOWN,2021-03-31 01:09:05,2021-03-31 01:09:05,44656.80388888889,1.0,unknown,unknown,unknown,unknown,NORMAL,link_down,0.76
alarm_00558,2026-05-04 17:57:19,CRITICAL,CA,SOU,PHYSICAL PORT DOWN,2021-03-31 01:09:05,2021-03-31 01:09:05,44656.80388888889,1.0,unknown,unknown,unknown,unknown,NORMAL,link_down,0.76
alarm_00559,2026-05-04 17:57:19,CRITICAL,AG,MAD,PHYSICAL PORT DOWN,2021-04-21 17:26:56,2021-04-21 17:26:56,44136.50638888889,1.0,unknown,unknown,unknown,unknown,NORMAL,link_down,0.76
alarm_00560,2026-05-04 17:57:19,CRITICAL,AG,LAL,PHYSICAL PORT DOWN,2021-05-14 10:01:08,2021-05-14 10:01:08,43591.93638888889,1.0,unknown,unknown,unknown,unknown,NORMAL,link_down,0.76
alarm_00561,2026-05-04 17:57:19,CRITICAL,AG,MAD,PHYSICAL PORT DOWN,2021-06-11 11:17:44,2021-06-11 11:17:44,42918.65972222222,1.0,unknown,unknown,unknown,unknown,NORMAL,link_down,0.76
alarm_00562,2026-05-04 17:57:19,CRITICAL,AG,UNKNOWN,PHYSICAL PORT DOWN,2021-06-15 05:25:54,2021-06-15 05:25:54,42828.52361111111,1.0,unknown,unknown,unknown,unknown,NORMAL,link_down,0.76
alarm_00563,2026-05-04 17:57:19,CRITICAL,AG,LAL,PHYSICAL PORT DOWN,2021-06-24 16:42:49,2021-06-24 16:42:49,42601.24166666667,1.0,unknown,unknown,unknown,unknown,NORMAL,link_down,0.76
alarm_00564,2026-05-04 17:57:19,CRITICAL,AG,AMA,PHYSICAL PORT DOWN,2021-06-30 06:45:30,2021-06-30 06:45:30,42467.19694444445,1.0,unknown,unknown,unknown,ACKNOWLEDGED,NORMAL,link_down,0.76
alarm_00565,2026-05-04 17:57:19,CRITICAL,AG,LAL,PHYSICAL PORT DOWN,2021-07-01 09:40:39,2021-07-01 09:40:39,42440.27777777778,1.0,unknown,unknown,unknown,unknown,NORMAL,link_down,0.76
alarm_00566,2026-05-04 17:57:19,CRITICAL,AG,LIC,PHYSICAL PORT DOWN,2021-07-12 12:30:29,2021-07-12 12:30:29,42173.447222222225,1.0,unknown,unknown,unknown,unknown,NORMAL,link_down,0.76
alarm_00567,2026-05-04 17:57:19,CRITICAL,AG,PUN,PHYSICAL PORT DOWN,2021-07-13 23:04:57,2021-07-13 23:04:57,42138.872777777775,1.0,unknown,unknown,unknown,unknown,NORMAL,link_down,0.76
alarm_00568,2026-05-04 17:57:19,CRITICAL,AG,ICA,PHYSICAL PORT DOWN,2021-08-16 17:45:15,2021-08-16 17:45:15,41328.20111111111,1.0,unknown,unknown,unknown,unknown,NORMAL,link_down,0.76
alarm_00569,2026-05-04 17:57:19,CRITICAL,AG,LIP,PHYSICAL PORT DOWN,2021-08-18 10:43:25,2021-08-18 10:43:25,41287.23166666667,1.0,unknown,unknown,unknown,unknown,NORMAL,link_down,0.76
alarm_00570,2026-05-04 17:57:19,CRITICAL,AG,AYA,PHYSICAL PORT DOWN,2021-08-19 13:05:25,2021-08-19 13:05:25,41260.865,1.0,unknown,unknown,unknown,unknown,NORMAL,link_down,0.76
alarm_00571,2026-05-04 17:57:19,CRITICAL,AG,LIC,PHYSICAL PORT DOWN,2021-08-22 19:46:38,2021-08-22 19:46:38,41182.17805555555,1.0,unknown,unknown,unknown,unknown,NORMAL,link_down,0.76
alarm_00572,2026-05-04 17:57:19,CRITICAL,AG,LAL,PHYSICAL PORT DOWN,2021-08-23 18:54:27,2021-08-23 18:54:27,41159.04777777778,1.0,unknown,unknown,unknown,unknown,NORMAL,link_down,0.76
alarm_00573,2026-05-04 17:57:19,CRITICAL,AG,PUN,PHYSICAL PORT DOWN,2021-10-06 23:31:25,2021-10-06 23:31:25,40098.431666666664,1.0,unknown,unknown,unknown,unknown,NORMAL,link_down,0.76
alarm_00574,2026-05-04 17:57:19,CRITICAL,AG,UNKNOWN,PHYSICAL PORT DOWN,2021-10-10 00:26:20,2021-10-10 00:26:20,40025.516388888886,1.0,unknown,unknown,unknown,unknown,NORMAL,link_down,0.76
alarm_00575,2026-05-04 17:57:19,CRITICAL,AG,MAD,PHYSICAL PORT DOWN,2021-10-27 00:40:20,2021-10-27 00:40:20,39617.283055555556,1.0,unknown,unknown,unknown,unknown,NORMAL,link_down,0.76
alarm_00576,2026-05-04 17:57:19,CRITICAL,AG,AYA,PHYSICAL PORT DOWN,2021-11-10 16:24:45,2021-11-10 16:24:45,39265.54277777778,1.0,unknown,unknown,unknown,unknown,NORMAL,link_down,0.76
alarm_00577,2026-05-04 17:57:19,CRITICAL,AG,LIC,PHYSICAL PORT DOWN,2021-11-17 10:42:57,2021-11-17 10:42:57,39103.23944444444,1.0,unknown,unknown,unknown,unknown,NORMAL,link_down,0.76
alarm_00578,2026-05-04 17:57:19,CRITICAL,AG,LAL,PHYSICAL PORT DOWN,2021-12-02 09:57:54,2021-12-02 09:57:54,38743.990277777775,1.0,unknown,unknown,unknown,unknown,NORMAL,link_down,0.76
alarm_00579,2026-05-04 17:57:19,CRITICAL,AG,LIC,PHYSICAL PORT DOWN,2022-01-03 16:12:12,2022-01-03 16:12:12,37969.75194444445,1.0,unknown,unknown,unknown,unknown,NORMAL,link_down,0.76
alarm_00580,2026-05-04 17:57:19,CRITICAL,AR,LIC,PHYSICAL PORT DOWN,2022-02-07 14:34:42,2022-02-07 14:34:42,37131.37694444445,1.0,unknown,unknown,unknown,unknown,NORMAL,link_down,0.76
alarm_00581,2026-05-04 17:57:19,CRITICAL,AR,MAD,PHYSICAL PORT DOWN,2022-04-03 12:56:33,2022-04-03 12:56:33,35813.012777777774,1.0,unknown,unknown,unknown,unknown,NORMAL,link_down,0.76
alarm_00582,2026-05-04 17:57:19,CRITICAL,AR,CAJ,PHYSICAL PORT DOWN,2022-04-08 11:01:51,2022-04-08 11:01:51,35694.92444444444,1.0,unknown,unknown,unknown,unknown,NORMAL,link_down,0.76
alarm_00583,2026-05-04 17:57:19,CRITICAL,AR,CAJ,PHYSICAL PORT DOWN,2022-04-08 11:01:57,2022-04-08 11:01:57,35694.92277777778,1.0,unknown,unknown,unknown,unknown,NORMAL,link_down,0.76
alarm_00584,2026-05-04 17:57:19,CRITICAL,AG,LIP,PHYSICAL PORT DOWN,2022-04-14 21:45:11,2022-04-14 21:45:11,35540.20222222222,1.0,unknown,unknown,unknown,unknown,NORMAL,link_down,0.76
alarm_00585,2026-05-04 17:57:19,CRITICAL,AG,LAL,PHYSICAL PORT DOWN,2022-04-29 16:25:24,2022-04-29 16:25:24,35185.53194444445,1.0,unknown,unknown,unknown,unknown,NORMAL,link_down,0.76
alarm_00586,2026-05-04 17:57:19,CRITICAL,AG,CUS,PHYSICAL PORT DOWN,2022-05-01 13:11:37,2022-05-01 13:11:37,35140.761666666665,1.0,unknown,unknown,unknown,unknown,NORMAL,link_down,0.76
alarm_00587,2026-05-04 17:57:19,CRITICAL,AG,UNKNOWN,PHYSICAL PORT DOWN,2022-05-24 06:57:37,2022-05-24 06:57:37,34594.995,1.0,unknown,unknown,unknown,unknown,NORMAL,link_down,0.76
alarm_00588,2026-05-04 17:57:19,CRITICAL,AG,HUN,PHYSICAL PORT DOWN,2022-06-13 10:43:44,2022-06-13 10:43:44,34111.22638888889,1.0,unknown,unknown,unknown,unknown,NORMAL,link_down,0.76
alarm_00589,2026-05-04 17:57:19,CRITICAL,AG,PAS,PHYSICAL PORT DOWN,2022-06-22 12:20:49,2022-06-22 12:20:49,33893.60833333333,1.0,unknown,unknown,unknown,unknown,NORMAL,link_down,0.76
alarm_00590,2026-05-04 17:57:19,CRITICAL,AR,LIC,PHYSICAL PORT DOWN,2022-06-24 23:56:17,2022-06-24 23:56:17,33834.017222222225,1.0,unknown,unknown,unknown,unknown,NORMAL,link_down,0.76
alarm_00591,2026-05-04 17:57:19,CRITICAL,AG,SAN,PHYSICAL PORT DOWN,2022-07-07 11:41:20,2022-07-07 11:41:20,33534.266388888886,1.0,unknown,unknown,unknown,unknown,NORMAL,link_down,0.76
alarm_00592,2026-05-04 17:57:19,CRITICAL,CA,NOR,PHYSICAL PORT DOWN,2022-07-14 01:51:07,2022-07-14 01:51:07,33376.10333333333,1.0,unknown,unknown,unknown,unknown,NORMAL,link_down,0.76
alarm_00593,2026-05-04 17:57:19,CRITICAL,AR,LIC,PHYSICAL PORT DOWN,2022-07-20 13:07:21,2022-07-20 13:07:21,33220.83277777778,1.0,unknown,unknown,unknown,unknown,NORMAL,link_down,0.76
alarm_00594,2026-05-04 17:57:19,CRITICAL,AG,JUN,PHYSICAL PORT DOWN,2022-07-21 15:56:27,2022-07-21 15:56:27,33194.014444444445,1.0,unknown,unknown,unknown,unknown,NORMAL,link_down,0.76
alarm_00595,2026-05-04 17:57:19,CRITICAL,AG,JUN,PHYSICAL PORT DOWN,2022-07-21 15:56:27,2022-07-21 15:56:27,33194.014444444445,1.0,unknown,unknown,unknown,unknown,NORMAL,link_down,0.76
alarm_00596,2026-05-04 17:57:19,CRITICAL,AG,CUS,PHYSICAL PORT DOWN,2022-07-26 17:12:35,2022-07-26 17:12:35,33072.74555555556,1.0,unknown,unknown,unknown,unknown,NORMAL,link_down,0.76
alarm_00597,2026-05-04 17:57:19,CRITICAL,CA,NOR,PHYSICAL PORT DOWN,2022-08-12 09:48:10,2022-08-12 09:48:10,32672.1525,1.0,unknown,unknown,unknown,unknown,NORMAL,link_down,0.76
alarm_00598,2026-05-04 17:57:19,CRITICAL,AG,HUN,PHYSICAL PORT DOWN,2022-08-15 11:35:02,2022-08-15 11:35:02,32598.37138888889,1.0,unknown,unknown,unknown,unknown,NORMAL,link_down,0.76
alarm_00599,2026-05-04 17:57:19,CRITICAL,AG,HUN,PHYSICAL PORT DOWN,2022-08-15 12:39:00,2022-08-15 12:39:00,32597.305277777778,1.0,unknown,unknown,unknown,unknown,NORMAL,link_down,0.76
alarm_00600,2026-05-04 17:57:19,CRITICAL,AR,CUS,PHYSICAL PORT DOWN,2022-08-17 15:51:47,2022-08-17 15:51:47,32546.09222222222,1.0,unknown,unknown,unknown,unknown,NORMAL,link_down,0.76
alarm_00601,2026-05-04 17:57:19,CRITICAL,AR,CUS,PHYSICAL PORT DOWN,2022-08-17 15:59:26,2022-08-17 15:59:26,32545.964722222223,1.0,unknown,unknown,unknown,unknown,NORMAL,link_down,0.76
alarm_00602,2026-05-04 17:57:19,CRITICAL,AG,HUN,PHYSICAL PORT DOWN,2022-08-22 15:27:57,2022-08-22 15:27:57,32426.489444444444,1.0,unknown,unknown,unknown,unknown,NORMAL,link_down,0.76
alarm_00603,2026-05-04 17:57:19,CRITICAL,AG,JUN,PHYSICAL PORT DOWN,2022-08-23 12:00:40,2022-08-23 12:00:40,32405.944166666668,1.0,unknown,unknown,unknown,unknown,NORMAL,link_down,0.76
alarm_00604,2026-05-04 17:57:19,CRITICAL,AG,JUN,PHYSICAL PORT DOWN,2022-08-23 12:00:46,2022-08-23 12:00:46,32405.9425,1.0,unknown,unknown,unknown,unknown,NORMAL,link_down,0.76
alarm_00605,2026-05-04 17:57:19,CRITICAL,AG,LAM,PHYSICAL PORT DOWN,2022-08-25 12:20:46,2022-08-25 12:20:46,32357.609166666665,1.0,unknown,unknown,unknown,unknown,NORMAL,link_down,0.76
alarm_00606,2026-05-04 17:57:19,CRITICAL,AG,PAS,PHYSICAL PORT DOWN,2022-08-31 16:40:49,2022-08-31 16:40:49,32209.275,1.0,unknown,unknown,unknown,unknown,NORMAL,link_down,0.76
alarm_00607,2026-05-04 17:57:19,CRITICAL,AG,PUN,PHYSICAL PORT DOWN,2022-09-13 12:55:58,2022-09-13 12:55:58,31901.0225,1.0,unknown,unknown,unknown,unknown,NORMAL,link_down,0.76
alarm_00608,2026-05-04 17:57:19,CRITICAL,AG,LAM,PHYSICAL PORT DOWN,2022-09-22 10:29:30,2022-09-22 10:29:30,31687.46361111111,1.0,unknown,unknown,unknown,unknown,NORMAL,link_down,0.76
alarm_00609,2026-05-04 17:57:19,CRITICAL,AG,MAD,PHYSICAL PORT DOWN,2022-09-26 23:29:46,2022-09-26 23:29:46,31578.459166666667,1.0,unknown,unknown,unknown,unknown,NORMAL,link_down,0.76
alarm_00610,2026-05-04 17:57:19,CRITICAL,AG,ICA,PHYSICAL PORT DOWN,2022-09-27 17:13:53,2022-09-27 17:13:53,31560.72388888889,1.0,unknown,unknown,unknown,unknown,NORMAL,link_down,0.76
alarm_00611,2026-05-04 17:57:19,CRITICAL,AR,LOR,PHYSICAL PORT DOWN,2022-10-01 16:17:56,2022-10-01 16:17:56,31465.65638888889,1.0,unknown,unknown,unknown,unknown,NORMAL,link_down,0.76
alarm_00612,2026-05-04 17:57:19,CRITICAL,AR,LOR,PHYSICAL PORT DOWN,2022-10-01 16:17:56,2022-10-01 16:17:56,31465.65638888889,1.0,unknown,unknown,unknown,unknown,NORMAL,link_down,0.76
alarm_00613,2026-05-04 17:57:19,CRITICAL,AG,LAL,PHYSICAL PORT DOWN,2022-10-15 16:08:45,2022-10-15 16:08:45,31129.809444444443,1.0,unknown,unknown,unknown,unknown,NORMAL,link_down,0.76
alarm_00614,2026-05-04 17:57:19,CRITICAL,AG,LAL,PHYSICAL PORT DOWN,2022-10-17 10:55:35,2022-10-17 10:55:35,31087.02888888889,1.0,unknown,unknown,unknown,unknown,NORMAL,link_down,0.76
alarm_00615,2026-05-04 17:57:19,CRITICAL,AG,LAL,PHYSICAL PORT DOWN,2022-10-20 15:34:28,2022-10-20 15:34:28,31010.380833333333,1.0,unknown,unknown,unknown,unknown,NORMAL,link_down,0.76
alarm_00616,2026-05-04 17:57:19,CRITICAL,AG,LAL,PHYSICAL PORT DOWN,2022-10-20 15:39:50,2022-10-20 15:39:50,31010.29138888889,1.0,unknown,unknown,unknown,unknown,NORMAL,link_down,0.76
alarm_00617,2026-05-04 17:57:19,CRITICAL,AG,LAL,PHYSICAL PORT DOWN,2022-10-25 09:44:54,2022-10-25 09:44:54,30896.206944444446,1.0,unknown,unknown,unknown,unknown,NORMAL,link_down,0.76
alarm_00618,2026-05-04 17:57:19,CRITICAL,AG,LAL,PHYSICAL PORT DOWN,2022-10-25 10:03:41,2022-10-25 10:03:41,30895.893888888888,1.0,unknown,unknown,unknown,unknown,NORMAL,link_down,0.76
alarm_00619,2026-05-04 17:57:19,CRITICAL,AG,PUN,PHYSICAL PORT DOWN,2022-10-28 05:40:48,2022-10-28 05:40:48,30828.27527777778,1.0,unknown,unknown,unknown,unknown,NORMAL,link_down,0.76
alarm_00620,2026-05-04 17:57:19,CRITICAL,AG,AYA,PHYSICAL PORT DOWN,2022-11-09 10:59:16,2022-11-09 10:59:16,30534.9675,1.0,unknown,unknown,unknown,unknown,NORMAL,link_down,0.76
alarm_00621,2026-05-04 17:57:19,CRITICAL,AG,LAL,PHYSICAL PORT DOWN,2022-11-09 12:17:35,2022-11-09 12:17:35,30533.66222222222,1.0,unknown,unknown,unknown,unknown,NORMAL,link_down,0.76
alarm_00622,2026-05-04 17:57:19,CRITICAL,AG,LAL,PHYSICAL PORT DOWN,2022-11-11 10:40:09,2022-11-11 10:40:09,30487.286111111112,1.0,unknown,unknown,unknown,unknown,NORMAL,link_down,0.76
alarm_00623,2026-05-04 17:57:19,CRITICAL,AR,MAD,PHYSICAL PORT DOWN,2022-11-11 16:37:49,2022-11-11 16:37:49,30481.325,1.0,unknown,unknown,unknown,unknown,NORMAL,link_down,0.76
alarm_00624,2026-05-04 17:57:19,CRITICAL,AG,PUN,PHYSICAL PORT DOWN,2022-11-16 15:30:35,2022-11-16 15:30:35,30362.445555555554,1.0,unknown,unknown,unknown,unknown,NORMAL,link_down,0.76
alarm_00625,2026-05-04 17:57:19,CRITICAL,AR,CAJ,PHYSICAL PORT DOWN,2022-11-19 12:28:45,2022-11-19 12:28:45,30293.47611111111,1.0,unknown,unknown,unknown,unknown,NORMAL,link_down,0.76
alarm_00626,2026-05-04 17:57:19,CRITICAL,AR,LOR,PHYSICAL PORT DOWN,2022-11-25 12:20:49,2022-11-25 12:20:49,30149.608333333334,1.0,unknown,unknown,unknown,unknown,NORMAL,link_down,0.76
alarm_00627,2026-05-04 17:57:19,CRITICAL,AG,LIC,PHYSICAL PORT DOWN,2022-12-06 15:03:48,2022-12-06 15:03:48,29882.891944444444,1.0,unknown,unknown,unknown,unknown,NORMAL,link_down,0.76
alarm_00628,2026-05-04 17:57:19,CRITICAL,AR,LIC,PHYSICAL PORT DOWN,2022-12-10 13:25:46,2022-12-10 13:25:46,29788.525833333333,1.0,unknown,unknown,unknown,unknown,NORMAL,link_down,0.76
alarm_00629,2026-05-04 17:57:19,CRITICAL,AR,LIC,PHYSICAL PORT DOWN,2022-12-10 13:52:17,2022-12-10 13:52:17,29788.08388888889,1.0,unknown,unknown,unknown,unknown,NORMAL,link_down,0.76
alarm_00630,2026-05-04 17:57:19,CRITICAL,AR,LIC,PHYSICAL PORT DOWN,2022-12-10 13:53:15,2022-12-10 13:53:15,29788.06777777778,1.0,unknown,unknown,unknown,unknown,NORMAL,link_down,0.76
alarm_00631,2026-05-04 17:57:19,CRITICAL,CA,SOU,PHYSICAL PORT DOWN,2022-12-29 00:23:38,2022-12-29 00:23:38,29345.561388888887,1.0,unknown,unknown,unknown,unknown,NORMAL,link_down,0.76
alarm_00632,2026-05-04 17:57:19,CRITICAL,CA,SOU,PHYSICAL PORT DOWN,2022-12-29 00:23:59,2022-12-29 00:23:59,29345.555555555555,1.0,unknown,unknown,unknown,unknown,NORMAL,link_down,0.76
alarm_00633,2026-05-04 17:57:19,CRITICAL,CA,SOU,PHYSICAL PORT DOWN,2022-12-29 00:24:16,2022-12-29 00:24:16,29345.550833333335,1.0,unknown,unknown,unknown,unknown,NORMAL,link_down,0.76
alarm_00634,2026-05-04 17:57:19,CRITICAL,CA,SOU,PHYSICAL PORT DOWN,2022-12-29 00:24:33,2022-12-29 00:24:33,29345.54611111111,1.0,unknown,unknown,unknown,unknown,NORMAL,link_down,0.76
alarm_00635,2026-05-04 17:57:19,CRITICAL,CA,SOU,PHYSICAL PORT DOWN,2022-12-29 00:46:46,2022-12-29 00:46:46,29345.175833333335,1.0,unknown,unknown,unknown,unknown,NORMAL,link_down,0.76
alarm_00636,2026-05-04 17:57:19,CRITICAL,CA,SOU,PHYSICAL PORT DOWN,2022-12-29 00:47:05,2022-12-29 00:47:05,29345.170555555556,1.0,unknown,unknown,unknown,unknown,NORMAL,link_down,0.76
alarm_00637,2026-05-04 17:57:19,CRITICAL,CA,SOU,PHYSICAL PORT DOWN,2022-12-29 00:47:23,2022-12-29 00:47:23,29345.165555555555,1.0,unknown,unknown,unknown,unknown,NORMAL,link_down,0.76
alarm_00638,2026-05-04 17:57:19,CRITICAL,CA,SOU,PHYSICAL PORT DOWN,2022-12-29 00:47:37,2022-12-29 00:47:37,29345.161666666667,1.0,unknown,unknown,unknown,unknown,NORMAL,link_down,0.76
alarm_00639,2026-05-04 17:57:19,CRITICAL,AG,PUN,PHYSICAL PORT DOWN,2023-01-24 16:45:50,2023-01-24 16:45:50,28705.19138888889,1.0,unknown,unknown,unknown,unknown,NORMAL,link_down,0.76
alarm_00640,2026-05-04 17:57:19,CRITICAL,AG,PUN,PHYSICAL PORT DOWN,2023-01-31 11:37:22,2023-01-31 11:37:22,28542.3325,1.0,unknown,unknown,unknown,unknown,NORMAL,link_down,0.76
alarm_00641,2026-05-04 17:57:19,CRITICAL,AG,PUN,PHYSICAL PORT DOWN,2023-02-01 10:48:46,2023-02-01 10:48:46,28519.1425,1.0,unknown,unknown,unknown,unknown,NORMAL,link_down,0.76
alarm_00642,2026-05-04 17:57:19,CRITICAL,AG,HUN,PHYSICAL PORT DOWN,2023-02-10 00:19:18,2023-02-10 00:19:18,28313.633611111112,1.0,unknown,unknown,unknown,unknown,NORMAL,link_down,0.76
alarm_00643,2026-05-04 17:57:19,CRITICAL,AG,HUN,PHYSICAL PORT DOWN,2023-02-10 11:22:18,2023-02-10 11:22:18,28302.58361111111,1.0,unknown,unknown,unknown,unknown,NORMAL,link_down,0.76
alarm_00644,2026-05-04 17:57:19,CRITICAL,AG,HUN,PHYSICAL PORT DOWN,2023-02-10 15:46:33,2023-02-10 15:46:33,28298.179444444446,1.0,unknown,unknown,unknown,unknown,NORMAL,link_down,0.76
alarm_00645,2026-05-04 17:57:19,CRITICAL,AG,ARE,PHYSICAL PORT DOWN,2023-02-14 18:27:47,2023-02-14 18:27:47,28199.492222222223,1.0,unknown,unknown,unknown,unknown,NORMAL,link_down,0.76
alarm_00646,2026-05-04 17:57:19,CRITICAL,AG,TAC,PHYSICAL PORT DOWN,2023-02-20 10:28:16,2023-02-20 10:28:16,28063.484166666665,1.0,unknown,unknown,unknown,unknown,NORMAL,link_down,0.76
alarm_00647,2026-05-04 17:57:19,CRITICAL,AG,PUN,PHYSICAL PORT DOWN,2023-02-21 10:32:34,2023-02-21 10:32:34,28039.4125,1.0,unknown,unknown,unknown,unknown,NORMAL,link_down,0.76
alarm_00648,2026-05-04 17:57:19,CRITICAL,AG,PUN,PHYSICAL PORT DOWN,2023-02-21 10:33:08,2023-02-21 10:33:08,28039.403055555555,1.0,unknown,unknown,unknown,unknown,NORMAL,link_down,0.76
alarm_00649,2026-05-04 17:57:19,CRITICAL,AG,LAL,PHYSICAL PORT DOWN,2023-02-24 11:23:34,2023-02-24 11:23:34,27966.5625,1.0,unknown,unknown,unknown,unknown,NORMAL,link_down,0.76
alarm_00650,2026-05-04 17:57:19,CRITICAL,AG,LAL,PHYSICAL PORT DOWN,2023-02-28 15:47:09,2023-02-28 15:47:09,27866.169444444444,1.0,unknown,unknown,unknown,unknown,NORMAL,link_down,0.76
alarm_00651,2026-05-04 17:57:19,CRITICAL,CA,NOR,PHYSICAL PORT DOWN,2023-03-01 00:18:17,2023-03-01 00:18:17,27857.650555555556,1.0,unknown,unknown,unknown,unknown,NORMAL,link_down,0.76
alarm_00652,2026-05-04 17:57:19,CRITICAL,CA,NOR,PHYSICAL PORT DOWN,2023-03-01 00:42:38,2023-03-01 00:42:38,27857.24472222222,1.0,unknown,unknown,unknown,unknown,NORMAL,link_down,0.76
alarm_00653,2026-05-04 17:57:19,CRITICAL,CA,NOR,PHYSICAL PORT DOWN,2023-03-01 00:48:56,2023-03-01 00:48:56,27857.139722222222,1.0,unknown,unknown,unknown,unknown,NORMAL,link_down,0.76
alarm_00654,2026-05-04 17:57:19,CRITICAL,AG,LAL,PHYSICAL PORT DOWN,2023-03-01 10:32:58,2023-03-01 10:32:58,27847.405833333334,1.0,unknown,unknown,unknown,unknown,NORMAL,link_down,0.76
alarm_00655,2026-05-04 17:57:19,CRITICAL,AR,CAJ,PHYSICAL PORT DOWN,2023-03-09 10:23:40,2023-03-09 10:23:40,27655.560833333333,1.0,unknown,unknown,unknown,unknown,NORMAL,link_down,0.76
alarm_00656,2026-05-04 17:57:19,CRITICAL,AR,CAJ,PHYSICAL PORT DOWN,2023-03-09 20:16:41,2023-03-09 20:16:41,27645.67722222222,1.0,unknown,unknown,unknown,unknown,NORMAL,link_down,0.76
alarm_00657,2026-05-04 17:57:19,CRITICAL,CA,NOR,PHYSICAL PORT DOWN,2023-03-16 16:24:17,2023-03-16 16:24:17,27481.550555555557,1.0,unknown,unknown,unknown,unknown,NORMAL,link_down,0.76
alarm_00658,2026-05-04 17:57:19,CRITICAL,CA,NOR,PHYSICAL PORT DOWN,2023-03-16 16:24:17,2023-03-16 16:24:17,27481.550555555557,1.0,unknown,unknown,unknown,unknown,NORMAL,link_down,0.76
alarm_00659,2026-05-04 17:57:19,CRITICAL,AR,CAJ,PHYSICAL PORT DOWN,2023-03-16 16:40:40,2023-03-16 16:40:40,27481.2775,1.0,unknown,unknown,unknown,unknown,NORMAL,link_down,0.76
alarm_00660,2026-05-04 17:57:19,CRITICAL,CA,NOR,PHYSICAL PORT DOWN,2023-03-17 00:50:31,2023-03-17 00:50:31,27473.113333333335,1.0,unknown,unknown,unknown,unknown,NORMAL,link_down,0.76
alarm_00661,2026-05-04 17:57:19,CRITICAL,CA,NOR,PHYSICAL PORT DOWN,2023-03-17 01:08:50,2023-03-17 01:08:50,27472.808055555557,1.0,unknown,unknown,unknown,unknown,NORMAL,link_down,0.76
alarm_00662,2026-05-04 17:57:19,CRITICAL,CA,NOR,PHYSICAL PORT DOWN,2023-03-17 01:50:00,2023-03-17 01:50:00,27472.121944444443,1.0,unknown,unknown,unknown,unknown,NORMAL,link_down,0.76
alarm_00663,2026-05-04 17:57:19,CRITICAL,CA,NOR,PHYSICAL PORT DOWN,2023-03-17 01:54:52,2023-03-17 01:54:52,27472.040833333333,1.0,unknown,unknown,unknown,unknown,NORMAL,link_down,0.76
alarm_00664,2026-05-04 17:57:19,CRITICAL,AG,UNKNOWN,PHYSICAL PORT DOWN,2023-03-25 01:31:00,2023-03-25 01:31:00,27280.438611111113,1.0,unknown,unknown,unknown,unknown,NORMAL,link_down,0.76
alarm_00665,2026-05-04 17:57:19,CRITICAL,CA,NOR,PHYSICAL PORT DOWN,2023-04-05 01:58:06,2023-04-05 01:58:06,27015.986944444445,1.0,unknown,unknown,unknown,unknown,NORMAL,link_down,0.76
alarm_00666,2026-05-04 17:57:19,CRITICAL,CA,NOR,PHYSICAL PORT DOWN,2023-04-05 02:10:31,2023-04-05 02:10:31,27015.78,1.0,unknown,unknown,unknown,unknown,NORMAL,link_down,0.76
alarm_00667,2026-05-04 17:57:19,CRITICAL,CA,NOR,PHYSICAL PORT DOWN,2023-04-05 02:13:24,2023-04-05 02:13:24,27015.731944444444,1.0,unknown,unknown,unknown,unknown,NORMAL,link_down,0.76
alarm_00668,2026-05-04 17:57:19,CRITICAL,AG,SAN,PHYSICAL PORT DOWN,2023-04-05 12:01:31,2023-04-05 12:01:31,27005.93,1.0,unknown,unknown,unknown,unknown,NORMAL,link_down,0.76
alarm_00669,2026-05-04 17:57:19,CRITICAL,CA,SOU,PHYSICAL PORT DOWN,2023-04-10 01:51:31,2023-04-10 01:51:31,26896.096666666668,1.0,unknown,unknown,unknown,unknown,NORMAL,link_down,0.76
alarm_00670,2026-05-04 17:57:19,CRITICAL,CA,SOU,PHYSICAL PORT DOWN,2023-04-10 01:58:32,2023-04-10 01:58:32,26895.979722222222,1.0,unknown,unknown,unknown,unknown,NORMAL,link_down,0.76
alarm_00671,2026-05-04 17:57:19,CRITICAL,AR,CAJ,PHYSICAL PORT DOWN,2023-04-18 13:24:54,2023-04-18 13:24:54,26692.540277777778,1.0,unknown,unknown,unknown,unknown,NORMAL,link_down,0.76
alarm_00672,2026-05-04 17:57:19,CRITICAL,AR,LOR,PHYSICAL PORT DOWN,2023-04-28 15:28:06,2023-04-28 15:28:06,26450.486944444445,1.0,unknown,unknown,unknown,unknown,NORMAL,link_down,0.76
alarm_00673,2026-05-04 17:57:19,CRITICAL,AR,CAJ,PHYSICAL PORT DOWN,2023-05-12 14:46:39,2023-05-12 14:46:39,26115.17777777778,1.0,unknown,unknown,unknown,unknown,NORMAL,link_down,0.76
alarm_00674,2026-05-04 17:57:19,CRITICAL,AG,LAL,PHYSICAL PORT DOWN,2023-05-16 20:38:12,2023-05-16 20:38:12,26013.31861111111,1.0,unknown,unknown,unknown,unknown,NORMAL,link_down,0.76
alarm_00675,2026-05-04 17:57:19,CRITICAL,AR,PIU,PHYSICAL PORT DOWN,2023-05-17 12:13:36,2023-05-17 12:13:36,25997.72861111111,1.0,unknown,unknown,unknown,unknown,NORMAL,link_down,0.76
alarm_00676,2026-05-04 17:57:19,CRITICAL,AR,LAM,PHYSICAL PORT DOWN,2023-05-23 16:28:13,2023-05-23 16:28:13,25849.485,1.0,unknown,unknown,unknown,unknown,NORMAL,link_down,0.76
alarm_00677,2026-05-04 17:57:19,CRITICAL,CA,SOU,PHYSICAL PORT DOWN,2023-05-26 00:51:06,2023-05-26 00:51:06,25793.10361111111,1.0,unknown,unknown,unknown,unknown,NORMAL,link_down,0.76
alarm_00678,2026-05-04 17:57:19,CRITICAL,CA,SOU,PHYSICAL PORT DOWN,2023-05-26 01:25:36,2023-05-26 01:25:36,25792.528611111113,1.0,unknown,unknown,unknown,unknown,NORMAL,link_down,0.76
alarm_00679,2026-05-04 17:57:19,CRITICAL,CA,SOU,PHYSICAL PORT DOWN,2023-05-26 01:45:47,2023-05-26 01:45:47,25792.192222222224,1.0,unknown,unknown,unknown,unknown,NORMAL,link_down,0.76
alarm_00680,2026-05-04 17:57:19,CRITICAL,CA,SOU,PHYSICAL PORT DOWN,2023-05-26 02:05:27,2023-05-26 02:05:27,25791.864444444444,1.0,unknown,unknown,unknown,unknown,NORMAL,link_down,0.76
alarm_00681,2026-05-04 17:57:19,CRITICAL,AG,AYA,PHYSICAL PORT DOWN,2023-05-31 11:59:07,2023-05-31 11:59:07,25661.97,1.0,unknown,unknown,unknown,unknown,NORMAL,link_down,0.76
alarm_00682,2026-05-04 17:57:19,CRITICAL,AR,LIC,PHYSICAL PORT DOWN,2023-06-09 14:41:45,2023-06-09 14:41:45,25443.259444444444,1.0,unknown,unknown,unknown,unknown,NORMAL,link_down,0.76
alarm_00683,2026-05-04 17:57:19,CRITICAL,AR,LIC,PHYSICAL PORT DOWN,2023-06-13 00:06:39,2023-06-13 00:06:39,25361.844444444443,1.0,unknown,unknown,unknown,unknown,NORMAL,link_down,0.76
alarm_00684,2026-05-04 17:57:19,CRITICAL,AR,LIC,PHYSICAL PORT DOWN,2023-06-13 00:32:36,2023-06-13 00:32:36,25361.411944444444,1.0,unknown,unknown,unknown,unknown,NORMAL,link_down,0.76
alarm_00685,2026-05-04 17:57:19,CRITICAL,AG,LAL,PHYSICAL PORT DOWN,2023-06-15 17:13:59,2023-06-15 17:13:59,25296.722222222223,1.0,unknown,unknown,unknown,unknown,NORMAL,link_down,0.76
alarm_00686,2026-05-04 17:57:19,CRITICAL,CA,SOU,PHYSICAL PORT DOWN,2023-06-20 00:25:26,2023-06-20 00:25:26,25193.53138888889,1.0,unknown,unknown,unknown,unknown,NORMAL,link_down,0.76
alarm_00687,2026-05-04 17:57:19,CRITICAL,CA,SOU,PHYSICAL PORT DOWN,2023-06-20 00:29:43,2023-06-20 00:29:43,25193.46,1.0,unknown,unknown,unknown,unknown,NORMAL,link_down,0.76
alarm_00688,2026-05-04 17:57:19,CRITICAL,CA,SOU,PHYSICAL PORT DOWN,2023-06-22 01:02:39,2023-06-22 01:02:39,25144.911111111112,1.0,unknown,unknown,unknown,unknown,NORMAL,link_down,0.76
alarm_00689,2026-05-04 17:57:19,CRITICAL,CA,SOU,PHYSICAL PORT DOWN,2023-06-22 01:08:41,2023-06-22 01:08:41,25144.810555555556,1.0,unknown,unknown,unknown,unknown,NORMAL,link_down,0.76
alarm_00690,2026-05-04 17:57:19,CRITICAL,AG,LIC,PHYSICAL PORT DOWN,2023-06-24 12:26:30,2023-06-24 12:26:30,25085.51361111111,1.0,unknown,unknown,unknown,unknown,NORMAL,link_down,0.76
alarm_00691,2026-05-04 17:57:19,CRITICAL,AG,LIC,PHYSICAL PORT DOWN,2023-06-26 12:10:09,2023-06-26 12:10:09,25037.786111111112,1.0,unknown,unknown,unknown,unknown,NORMAL,link_down,0.76
alarm_00692,2026-05-04 17:57:19,CRITICAL,AR,LIC,PHYSICAL PORT DOWN,2023-06-26 12:18:34,2023-06-26 12:18:34,25037.645833333332,1.0,unknown,unknown,unknown,unknown,NORMAL,link_down,0.76
alarm_00693,2026-05-04 17:57:19,CRITICAL,AG,UNKNOWN,PHYSICAL PORT DOWN,2023-06-26 22:15:24,2023-06-26 22:15:24,25027.69861111111,1.0,unknown,unknown,unknown,unknown,NORMAL,link_down,0.76
alarm_00694,2026-05-04 17:57:19,CRITICAL,CA,SOU,PHYSICAL PORT DOWN,2023-06-28 00:31:57,2023-06-28 00:31:57,25001.422777777778,1.0,unknown,unknown,unknown,unknown,NORMAL,link_down,0.76
alarm_00695,2026-05-04 17:57:19,CRITICAL,CA,SOU,PHYSICAL PORT DOWN,2023-06-28 00:35:54,2023-06-28 00:35:54,25001.356944444444,1.0,unknown,unknown,unknown,unknown,NORMAL,link_down,0.76
alarm_00696,2026-05-04 17:57:19,CRITICAL,CA,SOU,PHYSICAL PORT DOWN,2023-06-28 00:38:59,2023-06-28 00:38:59,25001.305555555555,1.0,unknown,unknown,unknown,unknown,NORMAL,link_down,0.76
alarm_00697,2026-05-04 17:57:19,CRITICAL,CA,SOU,PHYSICAL PORT DOWN,2023-06-28 01:02:53,2023-06-28 01:02:53,25000.907222222224,1.0,unknown,unknown,unknown,unknown,NORMAL,link_down,0.76
alarm_00698,2026-05-04 17:57:19,CRITICAL,CA,SOU,PHYSICAL PORT DOWN,2023-06-28 01:06:35,2023-06-28 01:06:35,25000.845555555556,1.0,unknown,unknown,unknown,unknown,NORMAL,link_down,0.76
alarm_00699,2026-05-04 17:57:19,CRITICAL,AG,PUN,PHYSICAL PORT DOWN,2023-07-19 16:39:37,2023-07-19 16:39:37,24481.295,1.0,unknown,unknown,unknown,unknown,NORMAL,link_down,0.76
alarm_00700,2026-05-04 17:57:19,CRITICAL,AR,CAJ,PHYSICAL PORT DOWN,2023-07-25 17:25:46,2023-07-25 17:25:46,24336.525833333333,1.0,unknown,unknown,unknown,unknown,NORMAL,link_down,0.76
alarm_00701,2026-05-04 17:57:19,CRITICAL,AG,ANC,PHYSICAL PORT DOWN,2023-08-08 18:21:09,2023-08-08 18:21:09,23999.602777777778,1.0,unknown,unknown,unknown,unknown,NORMAL,link_down,0.76
alarm_00702,2026-05-04 17:57:19,CRITICAL,AG,UNKNOWN,PHYSICAL PORT DOWN,2023-08-19 12:08:58,2023-08-19 12:08:58,23741.805833333332,1.0,unknown,unknown,unknown,unknown,NORMAL,link_down,0.76
alarm_00703,2026-05-04 17:57:19,CRITICAL,AG,LIC,PHYSICAL PORT DOWN,2023-09-29 14:52:50,2023-09-29 14:52:50,22755.074722222223,1.0,unknown,unknown,unknown,unknown,NORMAL,link_down,0.76
alarm_00704,2026-05-04 17:57:19,CRITICAL,AG,ANC,PHYSICAL PORT DOWN,2023-09-29 19:33:20,2023-09-29 19:33:20,22750.39972222222,1.0,unknown,unknown,unknown,unknown,NORMAL,link_down,0.76
alarm_00705,2026-05-04 17:57:19,CRITICAL,AG,PUN,PHYSICAL PORT DOWN,2023-10-02 15:31:49,2023-10-02 15:31:49,22682.425,1.0,unknown,unknown,unknown,unknown,NORMAL,link_down,0.76
alarm_00706,2026-05-04 17:57:19,CRITICAL,AR,CAJ,PHYSICAL PORT DOWN,2023-10-12 16:26:46,2023-10-12 16:26:46,22441.509166666667,1.0,unknown,unknown,unknown,unknown,NORMAL,link_down,0.76
alarm_00707,2026-05-04 17:57:19,CRITICAL,AG,UNKNOWN,PHYSICAL PORT DOWN,2023-10-12 17:00:29,2023-10-12 17:00:29,22440.94722222222,1.0,unknown,unknown,unknown,unknown,NORMAL,link_down,0.76
alarm_00708,2026-05-04 17:57:19,CRITICAL,AR,LOR,PHYSICAL PORT DOWN,2023-10-13 08:27:25,2023-10-13 08:27:25,22425.498333333333,1.0,unknown,unknown,unknown,unknown,NORMAL,link_down,0.76
alarm_00709,2026-05-04 17:57:19,CRITICAL,AG,LAL,PHYSICAL PORT DOWN,2023-10-21 08:32:49,2023-10-21 08:32:49,22233.408333333333,1.0,unknown,unknown,unknown,unknown,NORMAL,link_down,0.76
alarm_00710,2026-05-04 17:57:19,CRITICAL,AR,LAL,PHYSICAL PORT DOWN,2023-10-23 17:27:02,2023-10-23 17:27:02,22176.504722222224,1.0,unknown,unknown,unknown,unknown,NORMAL,link_down,0.76
alarm_00711,2026-05-04 17:57:19,CRITICAL,AG,UNKNOWN,PHYSICAL PORT DOWN,2023-10-26 15:12:45,2023-10-26 15:12:45,22106.742777777778,1.0,unknown,unknown,unknown,unknown,NORMAL,link_down,0.76
alarm_00712,2026-05-04 17:57:19,CRITICAL,AG,UNKNOWN,PHYSICAL PORT DOWN,2023-10-26 15:50:27,2023-10-26 15:50:27,22106.114444444444,1.0,unknown,unknown,unknown,unknown,NORMAL,link_down,0.76
alarm_00713,2026-05-04 17:57:19,CRITICAL,AG,MAD,PHYSICAL PORT DOWN,2023-11-02 13:55:07,2023-11-02 13:55:07,21940.036666666667,1.0,unknown,unknown,unknown,unknown,NORMAL,link_down,0.76
alarm_00714,2026-05-04 17:57:19,CRITICAL,AR,MAD,PHYSICAL PORT DOWN,2023-11-02 13:55:10,2023-11-02 13:55:10,21940.03583333333,1.0,unknown,unknown,unknown,unknown,NORMAL,link_down,0.76
alarm_00715,2026-05-04 17:57:19,CRITICAL,AG,LIC,PHYSICAL PORT DOWN,2023-11-02 17:37:59,2023-11-02 17:37:59,21936.32222222222,1.0,unknown,unknown,unknown,unknown,NORMAL,link_down,0.76
alarm_00716,2026-05-04 17:57:19,CRITICAL,AG,LIC,PHYSICAL PORT DOWN,2023-11-02 17:57:06,2023-11-02 17:57:06,21936.00361111111,1.0,unknown,unknown,unknown,unknown,NORMAL,link_down,0.76
alarm_00717,2026-05-04 17:57:19,CRITICAL,CA,SOU,PHYSICAL PORT DOWN,2023-11-02 23:33:17,2023-11-02 23:33:17,21930.400555555556,1.0,unknown,unknown,unknown,unknown,NORMAL,link_down,0.76
alarm_00718,2026-05-04 17:57:19,CRITICAL,AG,UNKNOWN,PHYSICAL PORT DOWN,2023-11-13 20:16:09,2023-11-13 20:16:09,21669.68611111111,1.0,unknown,unknown,unknown,unknown,NORMAL,link_down,0.76
alarm_00719,2026-05-04 17:57:19,CRITICAL,AG,HUN,PHYSICAL PORT DOWN,2023-11-16 11:13:55,2023-11-16 11:13:55,21606.72333333333,1.0,unknown,unknown,unknown,unknown,NORMAL,link_down,0.76
alarm_00720,2026-05-04 17:57:19,CRITICAL,AG,HUN,PHYSICAL PORT DOWN,2023-11-16 11:13:59,2023-11-16 11:13:59,21606.722222222223,1.0,unknown,unknown,unknown,unknown,NORMAL,link_down,0.76
alarm_00721,2026-05-04 17:57:19,CRITICAL,AG,HUN,PHYSICAL PORT DOWN,2023-11-16 18:25:45,2023-11-16 18:25:45,21599.52611111111,1.0,unknown,unknown,unknown,unknown,NORMAL,link_down,0.76
alarm_00722,2026-05-04 17:57:19,CRITICAL,AG,JUN,BOARD INVALID,2023-11-17 10:11:20,2023-11-17 10:11:20,21583.76638888889,1.0,unknown,unknown,unknown,unknown,NORMAL,other,0.66
alarm_00723,2026-05-04 17:57:19,CRITICAL,AG,JUN,PHYSICAL PORT DOWN,2023-11-17 10:58:57,2023-11-17 10:58:57,21582.972777777777,1.0,unknown,unknown,unknown,unknown,NORMAL,link_down,0.76
alarm_00724,2026-05-04 17:57:19,CRITICAL,AG,JUN,PHYSICAL PORT DOWN,2023-11-17 10:58:57,2023-11-17 10:58:57,21582.972777777777,1.0,unknown,unknown,unknown,unknown,NORMAL,link_down,0.76
alarm_00725,2026-05-04 17:57:19,CRITICAL,AG,PUN,PHYSICAL PORT DOWN,2023-11-20 16:04:21,2023-11-20 16:04:21,21505.882777777777,1.0,unknown,unknown,unknown,unknown,NORMAL,link_down,0.76
alarm_00726,2026-05-04 17:57:19,CRITICAL,AG,HUN,PHYSICAL PORT DOWN,2023-11-23 11:43:42,2023-11-23 11:43:42,21438.226944444443,1.0,unknown,unknown,unknown,unknown,NORMAL,link_down,0.76
alarm_00727,2026-05-04 17:57:19,CRITICAL,AG,HUN,PHYSICAL PORT DOWN,2023-11-23 11:43:47,2023-11-23 11:43:47,21438.225555555557,1.0,unknown,unknown,unknown,unknown,NORMAL,link_down,0.76
alarm_00728,2026-05-04 17:57:19,CRITICAL,AG,HUN,PHYSICAL PORT DOWN,2023-11-23 15:44:02,2023-11-23 15:44:02,21434.221388888887,1.0,unknown,unknown,unknown,unknown,NORMAL,link_down,0.76
alarm_00729,2026-05-04 17:57:19,CRITICAL,AG,HUN,PHYSICAL PORT DOWN,2023-11-23 15:44:19,2023-11-23 15:44:19,21434.216666666667,1.0,unknown,unknown,unknown,unknown,NORMAL,link_down,0.76
alarm_00730,2026-05-04 17:57:19,CRITICAL,AG,JUN,PHYSICAL PORT DOWN,2023-11-27 14:16:33,2023-11-27 14:16:33,21339.679444444446,1.0,unknown,unknown,unknown,unknown,NORMAL,link_down,0.76
alarm_00731,2026-05-04 17:57:19,CRITICAL,AG,LIC,PHYSICAL PORT DOWN,2023-11-27 15:52:28,2023-11-27 15:52:28,21338.080833333333,1.0,unknown,unknown,unknown,unknown,NORMAL,link_down,0.76
alarm_00732,2026-05-04 17:57:19,CRITICAL,AR,LIC,PHYSICAL PORT DOWN,2023-11-28 15:28:42,2023-11-28 15:28:42,21314.476944444443,1.0,unknown,unknown,unknown,unknown,NORMAL,link_down,0.76
alarm_00733,2026-05-04 17:57:19,CRITICAL,AR,LIC,PHYSICAL PORT DOWN,2023-11-28 19:12:25,2023-11-28 19:12:25,21310.748333333333,1.0,unknown,unknown,unknown,unknown,NORMAL,link_down,0.76
alarm_00734,2026-05-04 17:57:19,CRITICAL,AG,LIC,PHYSICAL PORT DOWN,2023-11-29 11:11:46,2023-11-29 11:11:46,21294.759166666667,1.0,unknown,unknown,unknown,unknown,NORMAL,link_down,0.76
alarm_00735,2026-05-04 17:57:19,CRITICAL,AG,LIC,PHYSICAL PORT DOWN,2023-11-29 12:28:39,2023-11-29 12:28:39,21293.477777777778,1.0,unknown,unknown,unknown,unknown,NORMAL,link_down,0.76
alarm_00736,2026-05-04 17:57:19,CRITICAL,AG,JUN,PHYSICAL PORT DOWN,2023-11-29 18:12:41,2023-11-29 18:12:41,21287.74388888889,1.0,unknown,unknown,unknown,unknown,NORMAL,link_down,0.76
alarm_00737,2026-05-04 17:57:19,CRITICAL,AG,LAL,PHYSICAL PORT DOWN,2023-12-01 10:32:24,2023-12-01 10:32:24,21247.415277777778,1.0,unknown,unknown,unknown,unknown,NORMAL,link_down,0.76
alarm_00738,2026-05-04 17:57:19,CRITICAL,AG,JUN,PHYSICAL PORT DOWN,2023-12-05 10:04:13,2023-12-05 10:04:13,21151.885,1.0,unknown,unknown,unknown,unknown,NORMAL,link_down,0.76
alarm_00739,2026-05-04 17:57:19,CRITICAL,AG,JUN,PHYSICAL PORT DOWN,2023-12-05 10:04:24,2023-12-05 10:04:24,21151.881944444445,1.0,unknown,unknown,unknown,unknown,NORMAL,link_down,0.76
alarm_00740,2026-05-04 17:57:19,CRITICAL,AG,LAL,PHYSICAL PORT DOWN,2023-12-05 16:56:14,2023-12-05 16:56:14,21145.018055555556,1.0,unknown,unknown,unknown,unknown,NORMAL,link_down,0.76
alarm_00741,2026-05-04 17:57:19,CRITICAL,AG,LAL,PHYSICAL PORT DOWN,2023-12-06 17:25:49,2023-12-06 17:25:49,21120.525,1.0,unknown,unknown,unknown,unknown,NORMAL,link_down,0.76
alarm_00742,2026-05-04 17:57:19,CRITICAL,AG,LAL,PHYSICAL PORT DOWN,2023-12-06 17:51:46,2023-12-06 17:51:46,21120.0925,1.0,unknown,unknown,unknown,unknown,NORMAL,link_down,0.76
alarm_00743,2026-05-04 17:57:19,CRITICAL,AR,LOR,PHYSICAL PORT DOWN,2023-12-06 18:37:04,2023-12-06 18:37:04,21119.3375,1.0,unknown,unknown,unknown,unknown,NORMAL,link_down,0.76
alarm_00744,2026-05-04 17:57:19,CRITICAL,AG,ARE,PHYSICAL PORT DOWN,2023-12-12 17:05:46,2023-12-12 17:05:46,20976.859166666665,1.0,unknown,unknown,unknown,unknown,NORMAL,link_down,0.76
alarm_00745,2026-05-04 17:57:19,CRITICAL,AG,ARE,PHYSICAL PORT DOWN,2023-12-12 17:05:59,2023-12-12 17:05:59,20976.855555555554,1.0,unknown,unknown,unknown,unknown,NORMAL,link_down,0.76
alarm_00746,2026-05-04 17:57:19,CRITICAL,AG,UNKNOWN,PHYSICAL PORT DOWN,2023-12-14 11:47:59,2023-12-14 11:47:59,20934.155555555557,1.0,unknown,unknown,unknown,unknown,NORMAL,link_down,0.76
alarm_00747,2026-05-04 17:57:19,CRITICAL,AG,UNKNOWN,PHYSICAL PORT DOWN,2023-12-14 16:38:19,2023-12-14 16:38:19,20929.316666666666,1.0,unknown,unknown,unknown,unknown,NORMAL,link_down,0.76
alarm_00748,2026-05-04 17:57:19,CRITICAL,AG,UNKNOWN,PHYSICAL PORT DOWN,2023-12-14 17:09:14,2023-12-14 17:09:14,20928.80138888889,1.0,unknown,unknown,unknown,unknown,NORMAL,link_down,0.76
alarm_00749,2026-05-04 17:57:19,CRITICAL,AG,JUN,PHYSICAL PORT DOWN,2023-12-15 10:25:30,2023-12-15 10:25:30,20911.530277777776,1.0,unknown,unknown,unknown,unknown,NORMAL,link_down,0.76
alarm_00750,2026-05-04 17:57:19,CRITICAL,AG,JUN,PHYSICAL PORT DOWN,2023-12-15 10:25:37,2023-12-15 10:25:37,20911.528333333332,1.0,unknown,unknown,unknown,unknown,NORMAL,link_down,0.76
alarm_00751,2026-05-04 17:57:19,CRITICAL,AG,LIC,PHYSICAL PORT DOWN,2023-12-16 10:17:43,2023-12-16 10:17:43,20887.66,1.0,unknown,unknown,unknown,unknown,NORMAL,link_down,0.76
alarm_00752,2026-05-04 17:57:19,CRITICAL,AR,LIC,PHYSICAL PORT DOWN,2023-12-19 11:48:24,2023-12-19 11:48:24,20814.14861111111,1.0,unknown,unknown,unknown,unknown,NORMAL,link_down,0.76
alarm_00753,2026-05-04 17:57:19,CRITICAL,AG,LIC,PHYSICAL PORT DOWN,2023-12-20 10:51:25,2023-12-20 10:51:25,20791.09833333333,1.0,unknown,unknown,unknown,unknown,NORMAL,link_down,0.76
alarm_00754,2026-05-04 17:57:19,CRITICAL,AG,LAL,PHYSICAL PORT DOWN,2023-12-20 15:48:25,2023-12-20 15:48:25,20786.148333333334,1.0,unknown,unknown,unknown,unknown,NORMAL,link_down,0.76
alarm_00755,2026-05-04 17:57:19,CRITICAL,AG,LIC,PHYSICAL PORT DOWN,2023-12-26 14:16:41,2023-12-26 14:16:41,20643.67722222222,1.0,unknown,unknown,unknown,unknown,NORMAL,link_down,0.76
alarm_00756,2026-05-04 17:57:19,CRITICAL,AG,LAL,PHYSICAL PORT DOWN,2024-01-02 10:48:41,2024-01-02 10:48:41,20479.143888888888,1.0,unknown,unknown,unknown,unknown,NORMAL,link_down,0.76
alarm_00757,2026-05-04 17:57:19,CRITICAL,AR,CUS,PHYSICAL PORT DOWN,2024-01-06 12:21:13,2024-01-06 12:21:13,20381.601666666666,1.0,unknown,unknown,unknown,unknown,NORMAL,link_down,0.76
alarm_00758,2026-05-04 17:57:19,CRITICAL,AG,UNKNOWN,PHYSICAL PORT DOWN,2024-01-08 12:17:14,2024-01-08 12:17:14,20333.668055555554,1.0,unknown,unknown,unknown,unknown,NORMAL,link_down,0.76
alarm_00759,2026-05-04 17:57:19,CRITICAL,AG,LIC,PHYSICAL PORT DOWN,2024-01-08 14:23:12,2024-01-08 14:23:12,20331.56861111111,1.0,unknown,unknown,unknown,unknown,NORMAL,link_down,0.76
alarm_00760,2026-05-04 17:57:19,CRITICAL,AG,LIC,PHYSICAL PORT DOWN,2024-01-09 14:34:45,2024-01-09 14:34:45,20307.376111111113,1.0,unknown,unknown,unknown,unknown,NORMAL,link_down,0.76
alarm_00761,2026-05-04 17:57:19,CRITICAL,AG,LIC,PHYSICAL PORT DOWN,2024-01-09 14:34:48,2024-01-09 14:34:48,20307.375277777777,1.0,unknown,unknown,unknown,unknown,NORMAL,link_down,0.76
alarm_00762,2026-05-04 17:57:19,CRITICAL,AR,LOR,PHYSICAL PORT DOWN,2024-01-10 09:30:08,2024-01-10 09:30:08,20288.453055555554,1.0,unknown,unknown,unknown,unknown,NORMAL,link_down,0.76
alarm_00763,2026-05-04 17:57:19,CRITICAL,AR,CUS,PHYSICAL PORT DOWN,2024-01-11 17:58:18,2024-01-11 17:58:18,20255.98361111111,1.0,unknown,unknown,unknown,unknown,NORMAL,link_down,0.76
alarm_00764,2026-05-04 17:57:19,CRITICAL,AR,AMA,PHYSICAL PORT DOWN,2024-01-12 14:47:25,2024-01-12 14:47:25,20235.165,1.0,unknown,unknown,unknown,unknown,NORMAL,link_down,0.76
alarm_00765,2026-05-04 17:57:19,CRITICAL,AR,AMA,PHYSICAL PORT DOWN,2024-01-12 15:27:31,2024-01-12 15:27:31,20234.496666666666,1.0,unknown,unknown,unknown,unknown,NORMAL,link_down,0.76
alarm_00766,2026-05-04 17:57:19,CRITICAL,AR,AMA,PHYSICAL PORT DOWN,2024-01-12 15:27:42,2024-01-12 15:27:42,20234.493611111113,1.0,unknown,unknown,unknown,unknown,NORMAL,link_down,0.76
alarm_00767,2026-05-04 17:57:19,CRITICAL,AG,UNKNOWN,PHYSICAL PORT DOWN,2024-01-12 18:18:16,2024-01-12 18:18:16,20231.650833333333,1.0,unknown,unknown,unknown,unknown,NORMAL,link_down,0.76
alarm_00768,2026-05-04 17:57:19,CRITICAL,CP,HUN,PHYSICAL PORT DOWN,2024-01-17 00:57:16,2024-01-17 00:57:16,20129.00083333333,1.0,unknown,unknown,unknown,unknown,NORMAL,link_down,0.76
alarm_00769,2026-05-04 17:57:19,CRITICAL,CP,HUN,PHYSICAL PORT DOWN,2024-01-17 00:57:16,2024-01-17 00:57:16,20129.00083333333,1.0,unknown,unknown,unknown,unknown,NORMAL,link_down,0.76
alarm_00770,2026-05-04 17:57:19,CRITICAL,CP,HUN,PHYSICAL PORT DOWN,2024-01-17 00:57:16,2024-01-17 00:57:16,20129.00083333333,1.0,unknown,unknown,unknown,unknown,NORMAL,link_down,0.76
alarm_00771,2026-05-04 17:57:19,CRITICAL,AG,UNKNOWN,PHYSICAL PORT DOWN,2024-01-24 11:20:01,2024-01-24 11:20:01,19950.621666666666,1.0,unknown,unknown,unknown,unknown,NORMAL,link_down,0.76
alarm_00772,2026-05-04 17:57:19,CRITICAL,AG,UNKNOWN,PHYSICAL PORT DOWN,2024-01-24 11:21:49,2024-01-24 11:21:49,19950.591666666667,1.0,unknown,unknown,unknown,unknown,NORMAL,link_down,0.76
alarm_00773,2026-05-04 17:57:19,CRITICAL,AG,UNKNOWN,PHYSICAL PORT DOWN,2024-01-24 11:45:44,2024-01-24 11:45:44,19950.193055555555,1.0,unknown,unknown,unknown,unknown,NORMAL,link_down,0.76
alarm_00774,2026-05-04 17:57:19,CRITICAL,AG,UNKNOWN,PHYSICAL PORT DOWN,2024-01-24 11:45:45,2024-01-24 11:45:45,19950.19277777778,1.0,unknown,unknown,unknown,unknown,NORMAL,link_down,0.76
alarm_00775,2026-05-04 17:57:19,CRITICAL,AG,UNKNOWN,PHYSICAL PORT DOWN,2024-01-24 11:50:38,2024-01-24 11:50:38,19950.11138888889,1.0,unknown,unknown,unknown,unknown,NORMAL,link_down,0.76
alarm_00776,2026-05-04 17:57:19,CRITICAL,AG,PUN,PHYSICAL PORT DOWN,2024-01-25 09:29:17,2024-01-25 09:29:17,19928.46722222222,1.0,unknown,unknown,unknown,unknown,NORMAL,link_down,0.76
alarm_00777,2026-05-04 17:57:19,CRITICAL,AG,PUN,PHYSICAL PORT DOWN,2024-01-25 09:29:36,2024-01-25 09:29:36,19928.461944444443,1.0,unknown,unknown,unknown,unknown,NORMAL,link_down,0.76
alarm_00778,2026-05-04 17:57:19,CRITICAL,AG,PUN,PHYSICAL PORT DOWN,2024-01-25 14:53:18,2024-01-25 14:53:18,19923.066944444443,1.0,unknown,unknown,unknown,unknown,NORMAL,link_down,0.76
alarm_00779,2026-05-04 17:57:19,CRITICAL,AG,PUN,PHYSICAL PORT DOWN,2024-01-25 14:56:26,2024-01-25 14:56:26,19923.014722222222,1.0,unknown,unknown,unknown,unknown,NORMAL,link_down,0.76
alarm_00780,2026-05-04 17:57:19,CRITICAL,CP,CUS,PHYSICAL PORT DOWN,2024-01-26 00:12:32,2024-01-26 00:12:32,19913.74638888889,1.0,unknown,unknown,unknown,unknown,NORMAL,link_down,0.76
alarm_00781,2026-05-04 17:57:19,CRITICAL,CP,CUS,PHYSICAL PORT DOWN,2024-01-26 00:12:36,2024-01-26 00:12:36,19913.745277777776,1.0,unknown,unknown,unknown,unknown,NORMAL,link_down,0.76
alarm_00782,2026-05-04 17:57:19,CRITICAL,CP,CUS,PHYSICAL PORT DOWN,2024-01-26 00:12:36,2024-01-26 00:12:36,19913.745277777776,1.0,unknown,unknown,unknown,unknown,NORMAL,link_down,0.76
alarm_00783,2026-05-04 17:57:19,CRITICAL,CP,TRO,PHYSICAL PORT DOWN,2024-02-03 00:18:57,2024-02-03 00:18:57,19721.639444444445,1.0,unknown,unknown,unknown,unknown,NORMAL,link_down,0.76
alarm_00784,2026-05-04 17:57:19,CRITICAL,AG,LIC,PHYSICAL PORT DOWN,2024-02-03 20:54:11,2024-02-03 20:54:11,19701.05222222222,1.0,unknown,unknown,unknown,ACKNOWLEDGED,NORMAL,link_down,0.76
alarm_00785,2026-05-04 17:57:19,CRITICAL,AG,LIC,PHYSICAL PORT DOWN,2024-02-03 21:37:55,2024-02-03 21:37:55,19700.323333333334,1.0,unknown,unknown,unknown,ACKNOWLEDGED,NORMAL,link_down,0.76
alarm_00786,2026-05-04 17:57:19,CRITICAL,AG,LIC,PHYSICAL PORT DOWN,2024-02-03 21:38:36,2024-02-03 21:38:36,19700.311944444446,1.0,unknown,unknown,unknown,ACKNOWLEDGED,NORMAL,link_down,0.76
alarm_00787,2026-05-04 17:57:19,CRITICAL,AR,LIC,PHYSICAL PORT DOWN,2024-02-06 09:40:45,2024-02-06 09:40:45,19640.27611111111,1.0,unknown,unknown,unknown,unknown,NORMAL,link_down,0.76
alarm_00788,2026-05-04 17:57:19,CRITICAL,AG,LIC,PHYSICAL PORT DOWN,2024-02-06 09:56:32,2024-02-06 09:56:32,19640.013055555555,1.0,unknown,unknown,unknown,unknown,NORMAL,link_down,0.76
alarm_00789,2026-05-04 17:57:19,CRITICAL,AG,TAC,PHYSICAL PORT DOWN,2024-02-12 15:50:08,2024-02-12 15:50:08,19490.11972222222,1.0,unknown,unknown,unknown,unknown,NORMAL,link_down,0.76
alarm_00790,2026-05-04 17:57:19,CRITICAL,AG,TAC,PHYSICAL PORT DOWN,2024-02-12 15:50:08,2024-02-12 15:50:08,19490.11972222222,1.0,unknown,unknown,unknown,unknown,NORMAL,link_down,0.76
alarm_00791,2026-05-04 17:57:19,CRITICAL,AR,ARE,PHYSICAL PORT DOWN,2024-02-14 12:32:26,2024-02-14 12:32:26,19445.414722222224,1.0,unknown,unknown,unknown,unknown,NORMAL,link_down,0.76
alarm_00792,2026-05-04 17:57:19,CRITICAL,AG,LAL,BOARD INVALID,2024-02-15 08:14:09,2024-02-15 08:14:09,19425.719444444443,1.0,unknown,unknown,unknown,unknown,NORMAL,other,0.66
alarm_00793,2026-05-04 17:57:19,CRITICAL,AG,LAL,BOARD INVALID,2024-02-15 08:14:37,2024-02-15 08:14:37,19425.711666666666,1.0,unknown,unknown,unknown,unknown,NORMAL,other,0.66
alarm_00794,2026-05-04 17:57:19,CRITICAL,AG,LAL,BOARD INVALID,2024-02-15 08:14:44,2024-02-15 08:14:44,19425.709722222222,1.0,unknown,unknown,unknown,unknown,NORMAL,other,0.66
alarm_00795,2026-05-04 17:57:19,CRITICAL,AG,LAL,BOARD INVALID,2024-02-15 08:15:08,2024-02-15 08:15:08,19425.703055555554,1.0,unknown,unknown,unknown,unknown,NORMAL,other,0.66
alarm_00796,2026-05-04 17:57:19,CRITICAL,AG,LAL,BOARD INVALID,2024-02-15 08:19:50,2024-02-15 08:19:50,19425.624722222223,1.0,unknown,unknown,unknown,unknown,NORMAL,other,0.66
alarm_00797,2026-05-04 17:57:19,CRITICAL,AG,JUN,PHYSICAL PORT DOWN,2024-02-21 15:36:06,2024-02-21 15:36:06,19274.35361111111,1.0,unknown,unknown,unknown,unknown,NORMAL,link_down,0.76
alarm_00798,2026-05-04 17:57:19,CRITICAL,AG,JUN,PHYSICAL PORT DOWN,2024-02-21 15:36:07,2024-02-21 15:36:07,19274.353333333333,1.0,unknown,unknown,unknown,unknown,NORMAL,link_down,0.76
alarm_00799,2026-05-04 17:57:19,CRITICAL,AR,LOR,PHYSICAL PORT DOWN,2024-03-04 09:55:28,2024-03-04 09:55:28,18992.030833333334,1.0,unknown,unknown,unknown,unknown,NORMAL,link_down,0.76
alarm_00800,2026-05-04 17:57:19,CRITICAL,AG,HUN,PHYSICAL PORT DOWN,2024-03-08 00:05:41,2024-03-08 00:05:41,18905.860555555555,1.0,unknown,unknown,unknown,unknown,NORMAL,link_down,0.76
alarm_00801,2026-05-04 17:57:19,CRITICAL,AR,MAD,PHYSICAL PORT DOWN,2024-03-09 06:46:32,2024-03-09 06:46:32,18875.179722222223,1.0,unknown,unknown,unknown,unknown,NORMAL,link_down,0.76
alarm_00802,2026-05-04 17:57:19,CRITICAL,AR,PIU,PHYSICAL PORT DOWN,2024-03-18 14:38:28,2024-03-18 14:38:28,18651.314166666667,1.0,unknown,unknown,unknown,unknown,NORMAL,link_down,0.76
alarm_00803,2026-05-04 17:57:19,CRITICAL,AG,ANC,PHYSICAL PORT DOWN,2024-03-18 17:12:12,2024-03-18 17:12:12,18648.751944444444,1.0,unknown,unknown,unknown,unknown,NORMAL,link_down,0.76
alarm_00804,2026-05-04 17:57:19,CRITICAL,AG,LIC,PHYSICAL PORT DOWN,2024-03-21 15:46:03,2024-03-21 15:46:03,18578.187777777777,1.0,unknown,unknown,unknown,unknown,NORMAL,link_down,0.76
alarm_00805,2026-05-04 17:57:19,CRITICAL,AG,MAD,PHYSICAL PORT DOWN,2024-03-21 15:58:27,2024-03-21 15:58:27,18577.981111111112,1.0,unknown,unknown,unknown,unknown,NORMAL,link_down,0.76
alarm_00806,2026-05-04 17:57:19,CRITICAL,AG,MAD,PHYSICAL PORT DOWN,2024-03-21 15:58:27,2024-03-21 15:58:27,18577.981111111112,1.0,unknown,unknown,unknown,unknown,NORMAL,link_down,0.76
alarm_00807,2026-05-04 17:57:19,CRITICAL,AG,LAM,PHYSICAL PORT DOWN,2024-03-22 16:44:38,2024-03-22 16:44:38,18553.21138888889,1.0,unknown,unknown,unknown,unknown,NORMAL,link_down,0.76
alarm_00808,2026-05-04 17:57:19,CRITICAL,AG,AYA,BOARD INVALID,2024-03-25 15:13:44,2024-03-25 15:13:44,18482.72638888889,1.0,unknown,unknown,unknown,unknown,NORMAL,other,0.66
alarm_00809,2026-05-04 17:57:19,CRITICAL,AG,AYA,PHYSICAL PORT DOWN,2024-03-26 13:10:23,2024-03-26 13:10:23,18460.782222222224,1.0,unknown,unknown,unknown,unknown,NORMAL,link_down,0.76
alarm_00810,2026-05-04 17:57:19,CRITICAL,AG,LIC,PHYSICAL PORT DOWN,2024-04-04 17:23:08,2024-04-04 17:23:08,18240.569722222222,1.0,unknown,unknown,unknown,unknown,NORMAL,link_down,0.76
alarm_00811,2026-05-04 17:57:19,CRITICAL,AR,LIC,PHYSICAL PORT DOWN,2024-04-15 11:48:09,2024-04-15 11:48:09,17982.152777777777,1.0,unknown,unknown,unknown,unknown,NORMAL,link_down,0.76
alarm_00812,2026-05-04 17:57:19,CRITICAL,AG,LIC,PHYSICAL PORT DOWN,2024-04-15 13:49:34,2024-04-15 13:49:34,17980.129166666666,1.0,unknown,unknown,unknown,unknown,NORMAL,link_down,0.76
alarm_00813,2026-05-04 17:57:19,CRITICAL,AR,CAJ,PHYSICAL PORT DOWN,2024-04-18 15:17:40,2024-04-18 15:17:40,17906.66083333333,1.0,unknown,unknown,unknown,unknown,NORMAL,link_down,0.76
alarm_00814,2026-05-04 17:57:19,CRITICAL,AG,LAL,PHYSICAL PORT DOWN,2024-04-21 10:41:15,2024-04-21 10:41:15,17839.26777777778,1.0,unknown,unknown,unknown,unknown,NORMAL,link_down,0.76
alarm_00815,2026-05-04 17:57:19,CRITICAL,AR,LOR,PHYSICAL PORT DOWN,2024-05-11 14:13:31,2024-05-11 14:13:31,17355.73,1.0,unknown,unknown,unknown,unknown,NORMAL,link_down,0.76
alarm_00816,2026-05-04 17:57:19,CRITICAL,AR,AYA,PHYSICAL PORT DOWN,2024-05-13 16:46:21,2024-05-13 16:46:21,17305.182777777776,1.0,unknown,unknown,unknown,unknown,NORMAL,link_down,0.76
alarm_00817,2026-05-04 17:57:19,CRITICAL,AR,LOR,PHYSICAL PORT DOWN,2024-05-14 08:35:42,2024-05-14 08:35:42,17289.360277777778,1.0,unknown,unknown,unknown,unknown,NORMAL,link_down,0.76
alarm_00818,2026-05-04 17:57:19,CRITICAL,AG,LIC,PHYSICAL PORT DOWN,2024-05-15 12:50:26,2024-05-15 12:50:26,17261.11472222222,1.0,unknown,unknown,unknown,unknown,NORMAL,link_down,0.76
alarm_00819,2026-05-04 17:57:19,CRITICAL,AG,LIC,PHYSICAL PORT DOWN,2024-05-15 15:18:58,2024-05-15 15:18:58,17258.639166666668,1.0,unknown,unknown,unknown,unknown,NORMAL,link_down,0.76
alarm_00820,2026-05-04 17:57:19,CRITICAL,AG,JUN,PHYSICAL PORT DOWN,2024-05-22 15:20:02,2024-05-22 15:20:02,17090.62138888889,1.0,unknown,unknown,unknown,unknown,NORMAL,link_down,0.76
alarm_00821,2026-05-04 17:57:19,CRITICAL,AG,JUN,PHYSICAL PORT DOWN,2024-05-22 15:20:34,2024-05-22 15:20:34,17090.6125,1.0,unknown,unknown,unknown,unknown,NORMAL,link_down,0.76
alarm_00822,2026-05-04 17:57:19,CRITICAL,AG,LAM,PHYSICAL PORT DOWN,2024-05-23 11:24:47,2024-05-23 11:24:47,17070.542222222222,1.0,unknown,unknown,unknown,unknown,NORMAL,link_down,0.76
alarm_00823,2026-05-04 17:57:19,CRITICAL,AG,JUN,PHYSICAL PORT DOWN,2024-05-23 19:01:07,2024-05-23 19:01:07,17062.93666666667,1.0,unknown,unknown,unknown,unknown,NORMAL,link_down,0.76
alarm_00824,2026-05-04 17:57:19,CRITICAL,AG,JUN,PHYSICAL PORT DOWN,2024-05-23 19:01:08,2024-05-23 19:01:08,17062.936388888887,1.0,unknown,unknown,unknown,unknown,NORMAL,link_down,0.76
alarm_00825,2026-05-04 17:57:19,CRITICAL,AR,CAJ,PHYSICAL PORT DOWN,2024-05-25 18:37:27,2024-05-25 18:37:27,17015.33111111111,1.0,unknown,unknown,unknown,unknown,NORMAL,link_down,0.76
alarm_00826,2026-05-04 17:57:19,CRITICAL,AG,LIC,PHYSICAL PORT DOWN,2024-05-29 10:55:57,2024-05-29 10:55:57,16927.022777777776,1.0,unknown,unknown,unknown,unknown,NORMAL,link_down,0.76
alarm_00827,2026-05-04 17:57:19,CRITICAL,AG,LIC,PHYSICAL PORT DOWN,2024-05-29 10:57:01,2024-05-29 10:57:01,16927.005,1.0,unknown,unknown,unknown,unknown,NORMAL,link_down,0.76
alarm_00828,2026-05-04 17:57:19,CRITICAL,AR,LOR,PHYSICAL PORT DOWN,2024-06-04 09:49:03,2024-06-04 09:49:03,16784.137777777778,1.0,unknown,unknown,unknown,unknown,NORMAL,link_down,0.76
alarm_00829,2026-05-04 17:57:19,CRITICAL,CP,HUN,PHYSICAL PORT DOWN,2024-06-06 10:54:19,2024-06-06 10:54:19,16735.05,1.0,unknown,unknown,unknown,unknown,NORMAL,link_down,0.76
alarm_00830,2026-05-04 17:57:19,CRITICAL,AR,LIC,PHYSICAL PORT DOWN,2024-06-06 17:38:11,2024-06-06 17:38:11,16728.318888888887,1.0,unknown,unknown,unknown,unknown,NORMAL,link_down,0.76
alarm_00831,2026-05-04 17:57:19,CRITICAL,AG,JUN,PHYSICAL PORT DOWN,2024-06-10 10:59:37,2024-06-10 10:59:37,16638.961666666666,1.0,unknown,unknown,unknown,unknown,NORMAL,link_down,0.76
alarm_00832,2026-05-04 17:57:19,CRITICAL,AG,JUN,PHYSICAL PORT DOWN,2024-06-10 10:59:37,2024-06-10 10:59:37,16638.961666666666,1.0,unknown,unknown,unknown,unknown,NORMAL,link_down,0.76
alarm_00833,2026-05-04 17:57:19,CRITICAL,AG,JUN,PHYSICAL PORT DOWN,2024-06-10 10:59:37,2024-06-10 10:59:37,16638.961666666666,1.0,unknown,unknown,unknown,unknown,NORMAL,link_down,0.76
alarm_00834,2026-05-04 17:57:19,CRITICAL,AG,JUN,PHYSICAL PORT DOWN,2024-06-10 12:58:22,2024-06-10 12:58:22,16636.9825,1.0,unknown,unknown,unknown,unknown,NORMAL,link_down,0.76
alarm_00835,2026-05-04 17:57:19,CRITICAL,AG,LIC,PHYSICAL PORT DOWN,2024-06-13 13:54:34,2024-06-13 13:54:34,16564.045833333334,1.0,unknown,unknown,unknown,unknown,NORMAL,link_down,0.76
alarm_00836,2026-05-04 17:57:19,CRITICAL,AR,LIC,PHYSICAL PORT DOWN,2024-06-13 23:00:41,2024-06-13 23:00:41,16554.943888888887,1.0,unknown,unknown,unknown,unknown,NORMAL,link_down,0.76
alarm_00837,2026-05-04 17:57:19,CRITICAL,AR,LIC,PHYSICAL PORT DOWN,2024-06-14 00:14:04,2024-06-14 00:14:04,16553.720833333333,1.0,unknown,unknown,unknown,unknown,NORMAL,link_down,0.76
alarm_00838,2026-05-04 17:57:19,CRITICAL,AR,AYA,PHYSICAL PORT DOWN,2024-06-21 12:32:49,2024-06-21 12:32:49,16373.408333333333,1.0,unknown,unknown,unknown,unknown,NORMAL,link_down,0.76
alarm_00839,2026-05-04 17:57:19,CRITICAL,CA,NOR,PHYSICAL PORT DOWN,2024-06-21 18:23:48,2024-06-21 18:23:48,16367.558611111112,1.0,unknown,unknown,unknown,unknown,NORMAL,link_down,0.76
alarm_00840,2026-05-04 17:57:19,CRITICAL,CA,SOU,PHYSICAL PORT DOWN,2024-06-27 00:07:55,2024-06-27 00:07:55,16241.823333333334,1.0,unknown,unknown,unknown,unknown,NORMAL,link_down,0.76
alarm_00841,2026-05-04 17:57:19,CRITICAL,CA,NOR,PHYSICAL PORT DOWN,2024-06-28 16:13:37,2024-06-28 16:13:37,16201.728333333333,1.0,unknown,unknown,unknown,unknown,NORMAL,link_down,0.76
alarm_00842,2026-05-04 17:57:19,CRITICAL,AG,LIC,BOARD INVALID,2024-07-01 09:53:24,2024-07-01 09:53:24,16136.065277777778,1.0,unknown,unknown,unknown,unknown,NORMAL,other,0.66
alarm_00843,2026-05-04 17:57:19,CRITICAL,AG,ARE,PHYSICAL PORT DOWN,2024-07-11 09:54:21,2024-07-11 09:54:21,15896.049444444445,1.0,unknown,unknown,unknown,unknown,NORMAL,link_down,0.76
alarm_00844,2026-05-04 17:57:19,CRITICAL,AR,LAL,PHYSICAL PORT DOWN,2024-07-13 14:45:23,2024-07-13 14:45:23,15843.198888888888,1.0,unknown,unknown,unknown,unknown,NORMAL,link_down,0.76
alarm_00845,2026-05-04 17:57:19,CRITICAL,AG,JUN,BOARD INVALID,2024-07-16 09:56:02,2024-07-16 09:56:02,15776.021388888888,1.0,unknown,unknown,unknown,unknown,NORMAL,other,0.66
alarm_00846,2026-05-04 17:57:19,CRITICAL,AG,MOQ,PHYSICAL PORT DOWN,2024-07-16 11:29:52,2024-07-16 11:29:52,15774.4575,1.0,unknown,unknown,unknown,unknown,NORMAL,link_down,0.76
alarm_00847,2026-05-04 17:57:19,CRITICAL,AG,UNKNOWN,PHYSICAL PORT DOWN,2024-07-18 09:20:19,2024-07-18 09:20:19,15728.616666666667,1.0,unknown,unknown,unknown,unknown,NORMAL,link_down,0.76
alarm_00848,2026-05-04 17:57:19,CRITICAL,AG,LIC,PHYSICAL PORT DOWN,2024-07-19 11:40:41,2024-07-19 11:40:41,15702.277222222223,1.0,unknown,unknown,unknown,unknown,NORMAL,link_down,0.76
alarm_00849,2026-05-04 17:57:19,CRITICAL,AR,CUS,PHYSICAL PORT DOWN,2024-07-20 11:41:34,2024-07-20 11:41:34,15678.2625,1.0,unknown,unknown,unknown,unknown,NORMAL,link_down,0.76
alarm_00850,2026-05-04 17:57:19,CRITICAL,AR,CUS,PHYSICAL PORT DOWN,2024-07-20 11:42:01,2024-07-20 11:42:01,15678.255,1.0,unknown,unknown,unknown,unknown,NORMAL,link_down,0.76
alarm_00851,2026-05-04 17:57:19,CRITICAL,AR,CUS,PHYSICAL PORT DOWN,2024-07-20 11:42:20,2024-07-20 11:42:20,15678.249722222223,1.0,unknown,unknown,unknown,unknown,NORMAL,link_down,0.76
alarm_00852,2026-05-04 17:57:19,CRITICAL,CA,NOR,PHYSICAL PORT DOWN,2024-07-24 23:59:02,2024-07-24 23:59:02,15569.97138888889,1.0,unknown,unknown,unknown,unknown,NORMAL,link_down,0.76
alarm_00853,2026-05-04 17:57:19,CRITICAL,AR,AMA,PHYSICAL PORT DOWN,2024-07-26 13:23:04,2024-07-26 13:23:04,15532.570833333333,1.0,unknown,unknown,unknown,unknown,NORMAL,link_down,0.76
alarm_00854,2026-05-04 17:57:19,CRITICAL,AG,UNKNOWN,PHYSICAL PORT DOWN,2024-08-02 11:26:25,2024-08-02 11:26:25,15366.515,1.0,unknown,unknown,unknown,unknown,NORMAL,link_down,0.76
alarm_00855,2026-05-04 17:57:19,CRITICAL,AG,CUS,PHYSICAL PORT DOWN,2024-08-02 13:28:34,2024-08-02 13:28:34,15364.479166666666,1.0,unknown,unknown,unknown,unknown,NORMAL,link_down,0.76
alarm_00856,2026-05-04 17:57:19,CRITICAL,AR,LIC,PHYSICAL PORT DOWN,2024-08-05 09:32:34,2024-08-05 09:32:34,15296.4125,1.0,unknown,unknown,unknown,unknown,NORMAL,link_down,0.76
alarm_00857,2026-05-04 17:57:19,CRITICAL,CA,NOR,PHYSICAL PORT DOWN,2024-08-07 18:18:28,2024-08-07 18:18:28,15239.6475,1.0,unknown,unknown,unknown,unknown,NORMAL,link_down,0.76
alarm_00858,2026-05-04 17:57:19,CRITICAL,AG,UNKNOWN,PHYSICAL PORT DOWN,2024-08-08 01:56:48,2024-08-08 01:56:48,15232.00861111111,1.0,unknown,unknown,unknown,unknown,NORMAL,link_down,0.76
alarm_00859,2026-05-04 17:57:19,CRITICAL,AR,LOR,PHYSICAL PORT DOWN,2024-08-20 15:27:40,2024-08-20 15:27:40,14930.494166666667,1.0,unknown,unknown,unknown,unknown,NORMAL,link_down,0.76
alarm_00860,2026-05-04 17:57:19,CRITICAL,AR,LOR,PHYSICAL PORT DOWN,2024-08-26 19:03:51,2024-08-26 19:03:51,14782.891111111112,1.0,unknown,unknown,unknown,unknown,NORMAL,link_down,0.76
alarm_00861,2026-05-04 17:57:19,CRITICAL,AG,ANC,PHYSICAL PORT DOWN,2024-08-28 10:28:14,2024-08-28 10:28:14,14743.484722222222,1.0,unknown,unknown,unknown,unknown,NORMAL,link_down,0.76
alarm_00862,2026-05-04 17:57:19,CRITICAL,AG,ANC,PHYSICAL PORT DOWN,2024-08-28 10:28:55,2024-08-28 10:28:55,14743.473333333333,1.0,unknown,unknown,unknown,unknown,NORMAL,link_down,0.76
alarm_00863,2026-05-04 17:57:19,CRITICAL,AG,LAL,PHYSICAL PORT DOWN,2024-08-29 11:49:42,2024-08-29 11:49:42,14718.126944444444,1.0,unknown,unknown,unknown,unknown,NORMAL,link_down,0.76
alarm_00864,2026-05-04 17:57:19,CRITICAL,AG,LAL,PHYSICAL PORT DOWN,2024-08-29 11:49:46,2024-08-29 11:49:46,14718.125833333334,1.0,unknown,unknown,unknown,unknown,NORMAL,link_down,0.76
alarm_00865,2026-05-04 17:57:19,CRITICAL,AG,UNKNOWN,PHYSICAL PORT DOWN,2024-09-09 18:04:39,2024-09-09 18:04:39,14447.877777777778,1.0,unknown,unknown,unknown,unknown,NORMAL,link_down,0.76
alarm_00866,2026-05-04 17:57:19,CRITICAL,AG,HUC,PHYSICAL PORT DOWN,2024-09-10 09:47:54,2024-09-10 09:47:54,14432.156944444445,1.0,unknown,unknown,unknown,unknown,NORMAL,link_down,0.76
alarm_00867,2026-05-04 17:57:19,CRITICAL,AG,HUC,PHYSICAL PORT DOWN,2024-09-10 10:57:35,2024-09-10 10:57:35,14430.995555555555,1.0,unknown,unknown,unknown,unknown,NORMAL,link_down,0.76
alarm_00868,2026-05-04 17:57:19,CRITICAL,AG,HUC,PHYSICAL PORT DOWN,2024-09-10 11:39:39,2024-09-10 11:39:39,14430.294444444444,1.0,unknown,unknown,unknown,unknown,NORMAL,link_down,0.76
alarm_00869,2026-05-04 17:57:19,CRITICAL,AR,LOR,PHYSICAL PORT DOWN,2024-09-10 19:51:57,2024-09-10 19:51:57,14422.089444444444,1.0,unknown,unknown,unknown,unknown,NORMAL,link_down,0.76
alarm_00870,2026-05-04 17:57:19,CRITICAL,CA,NOR,PHYSICAL PORT DOWN,2024-09-11 02:43:44,2024-09-11 02:43:44,14415.226388888888,1.0,unknown,unknown,unknown,unknown,NORMAL,link_down,0.76
alarm_00871,2026-05-04 17:57:19,CRITICAL,AG,HUC,PHYSICAL PORT DOWN,2024-09-11 18:43:14,2024-09-11 18:43:14,14399.234722222222,1.0,unknown,unknown,unknown,unknown,NORMAL,link_down,0.76
alarm_00872,2026-05-04 17:57:19,CRITICAL,AG,HUC,PHYSICAL PORT DOWN,2024-09-11 18:47:51,2024-09-11 18:47:51,14399.157777777778,1.0,unknown,unknown,unknown,unknown,NORMAL,link_down,0.76
alarm_00873,2026-05-04 17:57:19,CRITICAL,AG,UNKNOWN,PHYSICAL PORT DOWN,2024-09-12 14:04:53,2024-09-12 14:04:53,14379.87388888889,1.0,unknown,unknown,unknown,unknown,NORMAL,link_down,0.76
alarm_00874,2026-05-04 17:57:19,CRITICAL,AG,LIC,BOARD INVALID,2024-09-19 16:39:16,2024-09-19 16:39:16,14209.300833333333,1.0,unknown,unknown,unknown,unknown,NORMAL,other,0.66
alarm_00875,2026-05-04 17:57:19,CRITICAL,AG,UNKNOWN,BOARD INVALID,2024-09-20 02:30:39,2024-09-20 02:30:39,14199.444444444445,1.0,unknown,unknown,unknown,unknown,NORMAL,other,0.66
alarm_00876,2026-05-04 17:57:19,CRITICAL,AG,LAL,PHYSICAL PORT DOWN,2024-09-20 12:34:48,2024-09-20 12:34:48,14189.375277777777,1.0,unknown,unknown,unknown,unknown,NORMAL,link_down,0.76
alarm_00877,2026-05-04 17:57:19,CRITICAL,AG,UNKNOWN,PHYSICAL PORT DOWN,2024-09-23 17:02:17,2024-09-23 17:02:17,14112.917222222222,1.0,unknown,unknown,unknown,unknown,NORMAL,link_down,0.76
alarm_00878,2026-05-04 17:57:19,CRITICAL,AG,LAL,PHYSICAL PORT DOWN,2024-09-24 17:02:10,2024-09-24 17:02:10,14088.919166666667,1.0,unknown,unknown,unknown,unknown,NORMAL,link_down,0.76
alarm_00879,2026-05-04 17:57:19,CRITICAL,AG,ICA,PHYSICAL PORT DOWN,2024-09-25 09:26:56,2024-09-25 09:26:56,14072.506388888889,1.0,unknown,unknown,unknown,unknown,NORMAL,link_down,0.76
alarm_00880,2026-05-04 17:57:19,CRITICAL,AG,LIC,PHYSICAL PORT DOWN,2024-09-25 12:47:43,2024-09-25 12:47:43,14069.16,1.0,unknown,unknown,unknown,unknown,NORMAL,link_down,0.76
alarm_00881,2026-05-04 17:57:19,CRITICAL,AG,LIC,PHYSICAL PORT DOWN,2024-09-25 12:58:15,2024-09-25 12:58:15,14068.984444444444,1.0,unknown,unknown,unknown,unknown,NORMAL,link_down,0.76
alarm_00882,2026-05-04 17:57:19,CRITICAL,AG,LIC,PHYSICAL PORT DOWN,2024-10-03 00:48:15,2024-10-03 00:48:15,13889.15111111111,1.0,unknown,unknown,unknown,unknown,NORMAL,link_down,0.76
alarm_00883,2026-05-04 17:57:19,CRITICAL,AG,JUN,BOARD INVALID,2024-10-09 11:05:20,2024-10-09 11:05:20,13734.86638888889,1.0,unknown,unknown,unknown,unknown,NORMAL,other,0.66
alarm_00884,2026-05-04 17:57:19,CRITICAL,AR,CAJ,PHYSICAL PORT DOWN,2024-10-16 12:58:24,2024-10-16 12:58:24,13564.981944444444,1.0,unknown,unknown,unknown,unknown,NORMAL,link_down,0.76
alarm_00885,2026-05-04 17:57:19,CRITICAL,AG,LIC,PHYSICAL PORT DOWN,2024-10-22 09:29:07,2024-10-22 09:29:07,13424.47,1.0,unknown,unknown,unknown,unknown,NORMAL,link_down,0.76
alarm_00886,2026-05-04 17:57:19,CRITICAL,AG,LIC,PHYSICAL PORT DOWN,2024-10-22 09:55:18,2024-10-22 09:55:18,13424.033611111112,1.0,unknown,unknown,unknown,unknown,NORMAL,link_down,0.76
alarm_00887,2026-05-04 17:57:19,CRITICAL,AR,AMA,PHYSICAL PORT DOWN,2024-10-24 08:50:33,2024-10-24 08:50:33,13377.112777777778,1.0,unknown,unknown,unknown,unknown,NORMAL,link_down,0.76
alarm_00888,2026-05-04 17:57:19,CRITICAL,AR,LOR,PHYSICAL PORT DOWN,2024-10-25 00:16:57,2024-10-25 00:16:57,13361.672777777778,1.0,unknown,unknown,unknown,unknown,NORMAL,link_down,0.76
alarm_00889,2026-05-04 17:57:19,CRITICAL,AR,MAD,PHYSICAL PORT DOWN,2024-10-28 08:18:08,2024-10-28 08:18:08,13281.653055555556,1.0,unknown,unknown,unknown,unknown,NORMAL,link_down,0.76
alarm_00890,2026-05-04 17:57:19,CRITICAL,AR,AYA,PHYSICAL PORT DOWN,2024-11-10 17:24:29,2024-11-10 17:24:29,12960.547222222222,1.0,unknown,unknown,unknown,unknown,NORMAL,link_down,0.76
alarm_00891,2026-05-04 17:57:19,CRITICAL,AG,PIU,BOARD INVALID,2024-11-11 09:28:52,2024-11-11 09:28:52,12944.474166666667,1.0,unknown,unknown,unknown,unknown,NORMAL,other,0.66
alarm_00892,2026-05-04 17:57:19,CRITICAL,AG,MAD,PHYSICAL PORT DOWN,2024-11-11 14:50:43,2024-11-11 14:50:43,12939.11,1.0,unknown,unknown,unknown,unknown,NORMAL,link_down,0.76
alarm_00893,2026-05-04 17:57:19,CRITICAL,AR,HUC,PHYSICAL PORT DOWN,2024-11-15 10:56:49,2024-11-15 10:56:49,12847.008333333333,1.0,unknown,unknown,unknown,unknown,NORMAL,link_down,0.76
alarm_00894,2026-05-04 17:57:19,CRITICAL,AR,CAJ,PHYSICAL PORT DOWN,2024-11-18 10:23:24,2024-11-18 10:23:24,12775.565277777778,1.0,unknown,unknown,unknown,unknown,NORMAL,link_down,0.76
alarm_00895,2026-05-04 17:57:19,CRITICAL,AR,LOR,PHYSICAL PORT DOWN,2024-11-18 14:26:06,2024-11-18 14:26:06,12771.520277777778,1.0,unknown,unknown,unknown,unknown,NORMAL,link_down,0.76
alarm_00896,2026-05-04 17:57:19,CRITICAL,AG,JUN,PHYSICAL PORT DOWN,2024-11-19 11:10:28,2024-11-19 11:10:28,12750.780833333334,1.0,unknown,unknown,unknown,unknown,NORMAL,link_down,0.76
alarm_00897,2026-05-04 17:57:19,CRITICAL,AR,PUN,PHYSICAL PORT DOWN,2024-11-19 20:24:31,2024-11-19 20:24:31,12741.546666666667,1.0,unknown,unknown,unknown,ACKNOWLEDGED,NORMAL,link_down,0.76
alarm_00898,2026-05-04 17:57:19,CRITICAL,AR,LOR,PHYSICAL PORT DOWN,2024-11-23 15:58:20,2024-11-23 15:58:20,12649.983055555556,1.0,unknown,unknown,unknown,unknown,NORMAL,link_down,0.76
alarm_00899,2026-05-04 17:57:19,CRITICAL,AG,JUN,PHYSICAL PORT DOWN,2024-11-25 13:05:21,2024-11-25 13:05:21,12604.86611111111,1.0,unknown,unknown,unknown,unknown,NORMAL,link_down,0.76
alarm_00900,2026-05-04 17:57:19,CRITICAL,AG,JUN,PHYSICAL PORT DOWN,2024-11-25 13:05:21,2024-11-25 13:05:21,12604.86611111111,1.0,unknown,unknown,unknown,unknown,NORMAL,link_down,0.76
alarm_00901,2026-05-04 17:57:19,CRITICAL,AG,JUN,PHYSICAL PORT DOWN,2024-11-25 13:05:22,2024-11-25 13:05:22,12604.865833333333,1.0,unknown,unknown,unknown,unknown,NORMAL,link_down,0.76
alarm_00902,2026-05-04 17:57:19,CRITICAL,AR,CAJ,PHYSICAL PORT DOWN,2024-11-28 16:05:13,2024-11-28 16:05:13,12529.868333333334,1.0,unknown,unknown,unknown,unknown,NORMAL,link_down,0.76
alarm_00903,2026-05-04 17:57:19,CRITICAL,AG,AYA,PHYSICAL PORT DOWN,2024-12-10 10:59:34,2024-12-10 10:59:34,12246.9625,1.0,unknown,unknown,unknown,unknown,NORMAL,link_down,0.76
alarm_00904,2026-05-04 17:57:19,CRITICAL,AG,LIC,PHYSICAL PORT DOWN,2024-12-18 10:55:00,2024-12-18 10:55:00,12055.038611111111,1.0,unknown,unknown,unknown,unknown,NORMAL,link_down,0.76
alarm_00905,2026-05-04 17:57:19,CRITICAL,AG,LIC,PHYSICAL PORT DOWN,2024-12-18 10:55:05,2024-12-18 10:55:05,12055.037222222221,1.0,unknown,unknown,unknown,unknown,NORMAL,link_down,0.76
alarm_00906,2026-05-04 17:57:19,CRITICAL,AG,ARE,PHYSICAL PORT DOWN,2024-12-18 10:59:37,2024-12-18 10:59:37,12054.961666666666,1.0,unknown,unknown,unknown,unknown,NORMAL,link_down,0.76
alarm_00907,2026-05-04 17:57:19,CRITICAL,AG,ARE,PHYSICAL PORT DOWN,2024-12-18 10:59:44,2024-12-18 10:59:44,12054.959722222222,1.0,unknown,unknown,unknown,unknown,NORMAL,link_down,0.76
alarm_00908,2026-05-04 17:57:19,CRITICAL,AG,PUN,PHYSICAL PORT DOWN,2024-12-19 12:16:14,2024-12-19 12:16:14,12029.684722222222,1.0,unknown,unknown,unknown,unknown,NORMAL,link_down,0.76
alarm_00909,2026-05-04 17:57:19,CRITICAL,AR,MAD,PHYSICAL PORT DOWN,2024-12-26 16:31:51,2024-12-26 16:31:51,11857.424444444445,1.0,unknown,unknown,unknown,unknown,NORMAL,link_down,0.76
alarm_00910,2026-05-04 17:57:19,CRITICAL,AG,LIC,PHYSICAL PORT DOWN,2024-12-31 12:45:49,2024-12-31 12:45:49,11741.191666666668,1.0,unknown,unknown,unknown,unknown,NORMAL,link_down,0.76
alarm_00911,2026-05-04 17:57:19,CRITICAL,AG,ICA,PHYSICAL PORT DOWN,2025-01-02 17:33:52,2025-01-02 17:33:52,11688.390833333333,1.0,unknown,unknown,unknown,unknown,NORMAL,link_down,0.76
alarm_00912,2026-05-04 17:57:19,CRITICAL,AR,AYA,PHYSICAL PORT DOWN,2025-01-04 17:56:25,2025-01-04 17:56:25,11640.015,1.0,unknown,unknown,unknown,unknown,NORMAL,link_down,0.76
alarm_00913,2026-05-04 17:57:19,CRITICAL,AG,LAM,PHYSICAL PORT DOWN,2025-01-06 15:09:12,2025-01-06 15:09:12,11594.801944444445,1.0,unknown,unknown,unknown,unknown,NORMAL,link_down,0.76
alarm_00914,2026-05-04 17:57:19,CRITICAL,AG,LAM,PHYSICAL PORT DOWN,2025-01-06 15:09:21,2025-01-06 15:09:21,11594.799444444445,1.0,unknown,unknown,unknown,unknown,NORMAL,link_down,0.76
alarm_00915,2026-05-04 17:57:19,CRITICAL,CA,SOU,BOARD INVALID,2025-01-07 02:23:31,2025-01-07 02:23:31,11583.563333333334,1.0,unknown,unknown,unknown,unknown,NORMAL,other,0.66
alarm_00916,2026-05-04 17:57:19,CRITICAL,AR,LOR,PHYSICAL PORT DOWN,2025-01-07 09:09:23,2025-01-07 09:09:23,11576.798888888889,1.0,unknown,unknown,unknown,unknown,NORMAL,link_down,0.76
alarm_00917,2026-05-04 17:57:19,CRITICAL,AR,LOR,PHYSICAL PORT DOWN,2025-01-07 09:10:07,2025-01-07 09:10:07,11576.786666666667,1.0,unknown,unknown,unknown,unknown,NORMAL,link_down,0.76
alarm_00918,2026-05-04 17:57:19,CRITICAL,AG,LIC,PHYSICAL PORT DOWN,2025-01-07 10:07:02,2025-01-07 10:07:02,11575.838055555556,1.0,unknown,unknown,unknown,unknown,NORMAL,link_down,0.76
alarm_00919,2026-05-04 17:57:19,CRITICAL,AG,LIC,PHYSICAL PORT DOWN,2025-01-07 10:07:03,2025-01-07 10:07:03,11575.837777777779,1.0,unknown,unknown,unknown,unknown,NORMAL,link_down,0.76
alarm_00920,2026-05-04 17:57:19,CRITICAL,AR,AYA,PHYSICAL PORT DOWN,2025-01-08 10:46:42,2025-01-08 10:46:42,11551.176944444445,1.0,unknown,unknown,unknown,unknown,NORMAL,link_down,0.76
alarm_00921,2026-05-04 17:57:19,CRITICAL,AG,HUN,PHYSICAL PORT DOWN,2025-01-20 08:00:10,2025-01-20 08:00:10,11265.9525,1.0,unknown,unknown,unknown,unknown,NORMAL,link_down,0.76
alarm_00922,2026-05-04 17:57:19,CRITICAL,AG,HUN,PHYSICAL PORT DOWN,2025-01-20 08:00:34,2025-01-20 08:00:34,11265.945833333333,1.0,unknown,unknown,unknown,unknown,NORMAL,link_down,0.76
alarm_00923,2026-05-04 17:57:19,CRITICAL,CA,NOR,PHYSICAL PORT DOWN,2025-02-02 12:04:59,2025-02-02 12:04:59,10949.872222222222,1.0,unknown,unknown,unknown,unknown,NORMAL,link_down,0.76
alarm_00924,2026-05-04 17:57:19,CRITICAL,AR,CAL,BOARD INVALID,2025-02-05 00:12:24,2025-02-05 00:12:24,10889.74861111111,1.0,unknown,unknown,unknown,ACKNOWLEDGED,NORMAL,other,0.66
alarm_00925,2026-05-04 17:57:19,CRITICAL,AR,CAL,BOARD INVALID,2025-02-05 00:12:24,2025-02-05 00:12:24,10889.74861111111,1.0,unknown,unknown,unknown,ACKNOWLEDGED,NORMAL,other,0.66
alarm_00926,2026-05-04 17:57:19,CRITICAL,AR,CAL,PHYSICAL PORT DOWN,2025-02-05 00:12:24,2025-02-05 00:12:24,10889.74861111111,1.0,unknown,unknown,unknown,ACKNOWLEDGED,NORMAL,link_down,0.76
alarm_00927,2026-05-04 17:57:19,CRITICAL,AR,CAL,THE DEVICE IS OFFLINE,2025-02-05 00:12:42,2025-02-05 00:12:42,10889.743611111111,1.0,unknown,unknown,unknown,ACKNOWLEDGED,NORMAL,other,0.66
alarm_00928,2026-05-04 17:57:19,CRITICAL,AR,CAJ,PHYSICAL PORT DOWN,2025-02-11 11:08:04,2025-02-11 11:08:04,10734.820833333333,1.0,unknown,unknown,unknown,unknown,NORMAL,link_down,0.76
alarm_00929,2026-05-04 17:57:19,CRITICAL,AG,UNKNOWN,PHYSICAL PORT DOWN,2025-02-12 14:57:14,2025-02-12 14:57:14,10707.00138888889,1.0,unknown,unknown,unknown,unknown,NORMAL,link_down,0.76
alarm_00930,2026-05-04 17:57:19,CRITICAL,AG,PIU,PHYSICAL PORT DOWN,2025-02-18 09:54:54,2025-02-18 09:54:54,10568.040277777778,1.0,unknown,unknown,unknown,unknown,NORMAL,link_down,0.76
alarm_00931,2026-05-04 17:57:19,CRITICAL,CA,NOR,PHYSICAL PORT DOWN,2025-02-19 12:33:36,2025-02-19 12:33:36,10541.395277777778,1.0,unknown,unknown,unknown,unknown,NORMAL,link_down,0.76
alarm_00932,2026-05-04 17:57:19,CRITICAL,CA,NOR,PHYSICAL PORT DOWN,2025-02-28 02:36:44,2025-02-28 02:36:44,10335.343055555555,1.0,unknown,unknown,unknown,unknown,NORMAL,link_down,0.76
alarm_00933,2026-05-04 17:57:19,CRITICAL,AG,LIC,PHYSICAL PORT DOWN,2025-03-03 20:21:19,2025-03-03 20:21:19,10245.6,1.0,unknown,unknown,unknown,unknown,NORMAL,link_down,0.76
alarm_00934,2026-05-04 17:57:19,CRITICAL,AR,TUM,PHYSICAL PORT DOWN,2025-03-06 15:24:23,2025-03-06 15:24:23,10178.548888888889,1.0,unknown,unknown,unknown,ACKNOWLEDGED,NORMAL,link_down,0.76
alarm_00935,2026-05-04 17:57:19,CRITICAL,AR,TUM,THE DEVICE IS OFFLINE,2025-03-06 15:40:46,2025-03-06 15:40:46,10178.275833333333,1.0,unknown,unknown,unknown,ACKNOWLEDGED,NORMAL,other,0.66
alarm_00936,2026-05-04 17:57:19,CRITICAL,AG,PUN,PHYSICAL PORT DOWN,2025-03-07 18:49:43,2025-03-07 18:49:43,10151.126666666667,1.0,unknown,unknown,unknown,unknown,NORMAL,link_down,0.76
alarm_00937,2026-05-04 17:57:19,CRITICAL,AR,LIC,PHYSICAL PORT DOWN,2025-03-08 11:05:59,2025-03-08 11:05:59,10134.855555555556,1.0,unknown,unknown,unknown,unknown,NORMAL,link_down,0.76
alarm_00938,2026-05-04 17:57:19,CRITICAL,CA,LIM,PHYSICAL PORT DOWN,2025-03-12 01:45:53,2025-03-12 01:45:53,10048.190555555555,1.0,unknown,unknown,unknown,unknown,NORMAL,link_down,0.76
alarm_00939,2026-05-04 17:57:19,CRITICAL,CA,LIM,PHYSICAL PORT DOWN,2025-03-12 01:45:53,2025-03-12 01:45:53,10048.190555555555,1.0,unknown,unknown,unknown,unknown,NORMAL,link_down,0.76
alarm_00940,2026-05-04 17:57:19,CRITICAL,CA,LIM,PHYSICAL PORT DOWN,2025-03-12 01:45:53,2025-03-12 01:45:53,10048.190555555555,1.0,unknown,unknown,unknown,unknown,NORMAL,link_down,0.76
alarm_00941,2026-05-04 17:57:19,CRITICAL,CA,LIM,PHYSICAL PORT DOWN,2025-03-12 01:45:53,2025-03-12 01:45:53,10048.190555555555,1.0,unknown,unknown,unknown,unknown,NORMAL,link_down,0.76
alarm_00942,2026-05-04 17:57:19,CRITICAL,CA,LIM,PHYSICAL PORT DOWN,2025-03-12 01:45:53,2025-03-12 01:45:53,10048.190555555555,1.0,unknown,unknown,unknown,unknown,NORMAL,link_down,0.76
alarm_00943,2026-05-04 17:57:19,CRITICAL,CA,LIM,PHYSICAL PORT DOWN,2025-03-12 01:45:53,2025-03-12 01:45:53,10048.190555555555,1.0,unknown,unknown,unknown,unknown,NORMAL,link_down,0.76
alarm_00944,2026-05-04 17:57:19,CRITICAL,CA,LIM,PHYSICAL PORT DOWN,2025-03-12 01:45:53,2025-03-12 01:45:53,10048.190555555555,1.0,unknown,unknown,unknown,unknown,NORMAL,link_down,0.76
alarm_00945,2026-05-04 17:57:19,CRITICAL,CA,LIM,PHYSICAL PORT DOWN,2025-03-12 01:45:53,2025-03-12 01:45:53,10048.190555555555,1.0,unknown,unknown,unknown,unknown,NORMAL,link_down,0.76
alarm_00946,2026-05-04 17:57:19,CRITICAL,CA,LIM,PHYSICAL PORT DOWN,2025-03-12 01:45:53,2025-03-12 01:45:53,10048.190555555555,1.0,unknown,unknown,unknown,unknown,NORMAL,link_down,0.76
alarm_00947,2026-05-04 17:57:19,CRITICAL,CA,LIM,PHYSICAL PORT DOWN,2025-03-12 01:45:53,2025-03-12 01:45:53,10048.190555555555,1.0,unknown,unknown,unknown,unknown,NORMAL,link_down,0.76
alarm_00948,2026-05-04 17:57:19,CRITICAL,CA,LIM,PHYSICAL PORT DOWN,2025-03-12 01:45:53,2025-03-12 01:45:53,10048.190555555555,1.0,unknown,unknown,unknown,unknown,NORMAL,link_down,0.76
alarm_00949,2026-05-04 17:57:19,CRITICAL,CA,LIM,PHYSICAL PORT DOWN,2025-03-12 01:45:53,2025-03-12 01:45:53,10048.190555555555,1.0,unknown,unknown,unknown,unknown,NORMAL,link_down,0.76
alarm_00950,2026-05-04 17:57:19,CRITICAL,CA,LIM,PHYSICAL PORT DOWN,2025-03-12 01:45:53,2025-03-12 01:45:53,10048.190555555555,1.0,unknown,unknown,unknown,unknown,NORMAL,link_down,0.76
alarm_00951,2026-05-04 17:57:19,CRITICAL,CA,LIM,PHYSICAL PORT DOWN,2025-03-12 01:45:53,2025-03-12 01:45:53,10048.190555555555,1.0,unknown,unknown,unknown,unknown,NORMAL,link_down,0.76
alarm_00952,2026-05-04 17:57:19,CRITICAL,CA,LIM,PHYSICAL PORT DOWN,2025-03-12 01:45:53,2025-03-12 01:45:53,10048.190555555555,1.0,unknown,unknown,unknown,unknown,NORMAL,link_down,0.76
alarm_00953,2026-05-04 17:57:19,CRITICAL,CA,LIM,PHYSICAL PORT DOWN,2025-03-12 01:45:53,2025-03-12 01:45:53,10048.190555555555,1.0,unknown,unknown,unknown,unknown,NORMAL,link_down,0.76
alarm_00954,2026-05-04 17:57:19,CRITICAL,CA,LIM,PHYSICAL PORT DOWN,2025-03-12 01:45:53,2025-03-12 01:45:53,10048.190555555555,1.0,unknown,unknown,unknown,unknown,NORMAL,link_down,0.76
alarm_00955,2026-05-04 17:57:19,CRITICAL,CA,LIM,PHYSICAL PORT DOWN,2025-03-12 01:45:53,2025-03-12 01:45:53,10048.190555555555,1.0,unknown,unknown,unknown,unknown,NORMAL,link_down,0.76
alarm_00956,2026-05-04 17:57:19,CRITICAL,CA,LIM,PHYSICAL PORT DOWN,2025-03-12 01:45:53,2025-03-12 01:45:53,10048.190555555555,1.0,unknown,unknown,unknown,unknown,NORMAL,link_down,0.76
alarm_00957,2026-05-04 17:57:19,CRITICAL,CA,LIM,PHYSICAL PORT DOWN,2025-03-12 01:45:53,2025-03-12 01:45:53,10048.190555555555,1.0,unknown,unknown,unknown,unknown,NORMAL,link_down,0.76
alarm_00958,2026-05-04 17:57:19,CRITICAL,CA,LIM,PHYSICAL PORT DOWN,2025-03-12 01:45:53,2025-03-12 01:45:53,10048.190555555555,1.0,unknown,unknown,unknown,unknown,NORMAL,link_down,0.76
alarm_00959,2026-05-04 17:57:19,CRITICAL,CA,LIM,PHYSICAL PORT DOWN,2025-03-12 01:45:53,2025-03-12 01:45:53,10048.190555555555,1.0,unknown,unknown,unknown,unknown,NORMAL,link_down,0.76
alarm_00960,2026-05-04 17:57:19,CRITICAL,CA,LIM,PHYSICAL PORT DOWN,2025-03-12 01:45:53,2025-03-12 01:45:53,10048.190555555555,1.0,unknown,unknown,unknown,unknown,NORMAL,link_down,0.76
alarm_00961,2026-05-04 17:57:19,CRITICAL,CA,LIM,PHYSICAL PORT DOWN,2025-03-12 01:45:53,2025-03-12 01:45:53,10048.190555555555,1.0,unknown,unknown,unknown,unknown,NORMAL,link_down,0.76
alarm_00962,2026-05-04 17:57:19,CRITICAL,CA,LIM,PHYSICAL PORT DOWN,2025-03-12 01:45:53,2025-03-12 01:45:53,10048.190555555555,1.0,unknown,unknown,unknown,unknown,NORMAL,link_down,0.76
alarm_00963,2026-05-04 17:57:19,CRITICAL,CA,LIM,PHYSICAL PORT DOWN,2025-03-12 01:45:53,2025-03-12 01:45:53,10048.190555555555,1.0,unknown,unknown,unknown,unknown,NORMAL,link_down,0.76
alarm_00964,2026-05-04 17:57:19,CRITICAL,CA,LIM,PHYSICAL PORT DOWN,2025-03-12 01:45:53,2025-03-12 01:45:53,10048.190555555555,1.0,unknown,unknown,unknown,unknown,NORMAL,link_down,0.76
alarm_00965,2026-05-04 17:57:19,CRITICAL,CA,LIM,PHYSICAL PORT DOWN,2025-03-12 01:45:53,2025-03-12 01:45:53,10048.190555555555,1.0,unknown,unknown,unknown,unknown,NORMAL,link_down,0.76
alarm_00966,2026-05-04 17:57:19,CRITICAL,CA,LIM,PHYSICAL PORT DOWN,2025-03-12 01:45:53,2025-03-12 01:45:53,10048.190555555555,1.0,unknown,unknown,unknown,unknown,NORMAL,link_down,0.76
alarm_00967,2026-05-04 17:57:19,CRITICAL,CA,LIM,PHYSICAL PORT DOWN,2025-03-12 01:45:53,2025-03-12 01:45:53,10048.190555555555,1.0,unknown,unknown,unknown,unknown,NORMAL,link_down,0.76
alarm_00968,2026-05-04 17:57:19,CRITICAL,CA,LIM,PHYSICAL PORT DOWN,2025-03-12 01:45:53,2025-03-12 01:45:53,10048.190555555555,1.0,unknown,unknown,unknown,unknown,NORMAL,link_down,0.76
alarm_00969,2026-05-04 17:57:19,CRITICAL,CA,LIM,PHYSICAL PORT DOWN,2025-03-12 01:45:53,2025-03-12 01:45:53,10048.190555555555,1.0,unknown,unknown,unknown,unknown,NORMAL,link_down,0.76
alarm_00970,2026-05-04 17:57:19,CRITICAL,CA,LIM,PHYSICAL PORT DOWN,2025-03-12 01:45:53,2025-03-12 01:45:53,10048.190555555555,1.0,unknown,unknown,unknown,unknown,NORMAL,link_down,0.76
alarm_00971,2026-05-04 17:57:19,CRITICAL,CA,LIM,PHYSICAL PORT DOWN,2025-03-12 01:45:53,2025-03-12 01:45:53,10048.190555555555,1.0,unknown,unknown,unknown,unknown,NORMAL,link_down,0.76
alarm_00972,2026-05-04 17:57:19,CRITICAL,CA,LIM,PHYSICAL PORT DOWN,2025-03-12 01:45:53,2025-03-12 01:45:53,10048.190555555555,1.0,unknown,unknown,unknown,unknown,NORMAL,link_down,0.76
alarm_00973,2026-05-04 17:57:19,CRITICAL,CA,LIM,PHYSICAL PORT DOWN,2025-03-12 01:45:53,2025-03-12 01:45:53,10048.190555555555,1.0,unknown,unknown,unknown,unknown,NORMAL,link_down,0.76
alarm_00974,2026-05-04 17:57:19,CRITICAL,CA,LIM,PHYSICAL PORT DOWN,2025-03-12 01:45:53,2025-03-12 01:45:53,10048.190555555555,1.0,unknown,unknown,unknown,unknown,NORMAL,link_down,0.76
alarm_00975,2026-05-04 17:57:19,CRITICAL,CA,LIM,PHYSICAL PORT DOWN,2025-03-12 01:45:53,2025-03-12 01:45:53,10048.190555555555,1.0,unknown,unknown,unknown,unknown,NORMAL,link_down,0.76
alarm_00976,2026-05-04 17:57:19,CRITICAL,CA,LIM,PHYSICAL PORT DOWN,2025-03-12 01:45:53,2025-03-12 01:45:53,10048.190555555555,1.0,unknown,unknown,unknown,unknown,NORMAL,link_down,0.76
alarm_00977,2026-05-04 17:57:19,CRITICAL,CA,LIM,PHYSICAL PORT DOWN,2025-03-12 01:45:53,2025-03-12 01:45:53,10048.190555555555,1.0,unknown,unknown,unknown,unknown,NORMAL,link_down,0.76
alarm_00978,2026-05-04 17:57:19,CRITICAL,CA,LIM,PHYSICAL PORT DOWN,2025-03-12 01:45:53,2025-03-12 01:45:53,10048.190555555555,1.0,unknown,unknown,unknown,unknown,NORMAL,link_down,0.76
alarm_00979,2026-05-04 17:57:19,CRITICAL,CA,LIM,PHYSICAL PORT DOWN,2025-03-12 01:45:53,2025-03-12 01:45:53,10048.190555555555,1.0,unknown,unknown,unknown,unknown,NORMAL,link_down,0.76
alarm_00980,2026-05-04 17:57:19,CRITICAL,CA,LIM,PHYSICAL PORT DOWN,2025-03-12 01:45:53,2025-03-12 01:45:53,10048.190555555555,1.0,unknown,unknown,unknown,unknown,NORMAL,link_down,0.76
alarm_00981,2026-05-04 17:57:19,CRITICAL,CA,LIM,PHYSICAL PORT DOWN,2025-03-12 01:45:56,2025-03-12 01:45:56,10048.189722222221,1.0,unknown,unknown,unknown,unknown,NORMAL,link_down,0.76
alarm_00982,2026-05-04 17:57:19,CRITICAL,CA,LIM,PHYSICAL PORT DOWN,2025-03-12 01:45:56,2025-03-12 01:45:56,10048.189722222221,1.0,unknown,unknown,unknown,unknown,NORMAL,link_down,0.76
alarm_00983,2026-05-04 17:57:19,CRITICAL,CA,LIM,PHYSICAL PORT DOWN,2025-03-12 01:45:56,2025-03-12 01:45:56,10048.189722222221,1.0,unknown,unknown,unknown,unknown,NORMAL,link_down,0.76
alarm_00984,2026-05-04 17:57:19,CRITICAL,CA,LIM,PHYSICAL PORT DOWN,2025-03-12 01:45:56,2025-03-12 01:45:56,10048.189722222221,1.0,unknown,unknown,unknown,unknown,NORMAL,link_down,0.76
alarm_00985,2026-05-04 17:57:19,CRITICAL,CA,LIM,PHYSICAL PORT DOWN,2025-03-12 01:45:56,2025-03-12 01:45:56,10048.189722222221,1.0,unknown,unknown,unknown,unknown,NORMAL,link_down,0.76
alarm_00986,2026-05-04 17:57:19,CRITICAL,CA,LIM,PHYSICAL PORT DOWN,2025-03-12 01:45:56,2025-03-12 01:45:56,10048.189722222221,1.0,unknown,unknown,unknown,unknown,NORMAL,link_down,0.76
alarm_00987,2026-05-04 17:57:19,CRITICAL,CA,LIM,PHYSICAL PORT DOWN,2025-03-12 01:46:02,2025-03-12 01:46:02,10048.188055555556,1.0,unknown,unknown,unknown,unknown,NORMAL,link_down,0.76
alarm_00988,2026-05-04 17:57:19,CRITICAL,CA,LIM,PHYSICAL PORT DOWN,2025-03-12 01:46:02,2025-03-12 01:46:02,10048.188055555556,1.0,unknown,unknown,unknown,unknown,NORMAL,link_down,0.76
alarm_00989,2026-05-04 17:57:19,CRITICAL,CA,LIM,PHYSICAL PORT DOWN,2025-03-12 01:46:02,2025-03-12 01:46:02,10048.188055555556,1.0,unknown,unknown,unknown,unknown,NORMAL,link_down,0.76
alarm_00990,2026-05-04 17:57:19,CRITICAL,CA,LIM,PHYSICAL PORT DOWN,2025-03-12 01:46:02,2025-03-12 01:46:02,10048.188055555556,1.0,unknown,unknown,unknown,unknown,NORMAL,link_down,0.76
alarm_00991,2026-05-04 17:57:19,CRITICAL,CA,LIM,PHYSICAL PORT DOWN,2025-03-12 01:46:02,2025-03-12 01:46:02,10048.188055555556,1.0,unknown,unknown,unknown,unknown,NORMAL,link_down,0.76
alarm_00992,2026-05-04 17:57:19,CRITICAL,CA,LIM,PHYSICAL PORT DOWN,2025-03-12 01:46:02,2025-03-12 01:46:02,10048.188055555556,1.0,unknown,unknown,unknown,unknown,NORMAL,link_down,0.76
alarm_00993,2026-05-04 17:57:19,CRITICAL,CA,LIM,PHYSICAL PORT DOWN,2025-03-12 01:46:02,2025-03-12 01:46:02,10048.188055555556,1.0,unknown,unknown,unknown,unknown,NORMAL,link_down,0.76
alarm_00994,2026-05-04 17:57:19,CRITICAL,CA,LIM,PHYSICAL PORT DOWN,2025-03-12 01:46:02,2025-03-12 01:46:02,10048.188055555556,1.0,unknown,unknown,unknown,unknown,NORMAL,link_down,0.76
alarm_00995,2026-05-04 17:57:19,CRITICAL,CA,LIM,PHYSICAL PORT DOWN,2025-03-12 01:46:02,2025-03-12 01:46:02,10048.188055555556,1.0,unknown,unknown,unknown,unknown,NORMAL,link_down,0.76
alarm_00996,2026-05-04 17:57:19,CRITICAL,CA,LIM,PHYSICAL PORT DOWN,2025-03-12 01:46:02,2025-03-12 01:46:02,10048.188055555556,1.0,unknown,unknown,unknown,unknown,NORMAL,link_down,0.76
alarm_00997,2026-05-04 17:57:19,CRITICAL,CA,LIM,PHYSICAL PORT DOWN,2025-03-12 01:46:02,2025-03-12 01:46:02,10048.188055555556,1.0,unknown,unknown,unknown,unknown,NORMAL,link_down,0.76
alarm_00998,2026-05-04 17:57:19,CRITICAL,CA,LIM,PHYSICAL PORT DOWN,2025-03-12 01:46:02,2025-03-12 01:46:02,10048.188055555556,1.0,unknown,unknown,unknown,unknown,NORMAL,link_down,0.76
alarm_00999,2026-05-04 17:57:19,CRITICAL,CA,LIM,PHYSICAL PORT DOWN,2025-03-12 01:46:02,2025-03-12 01:46:02,10048.188055555556,1.0,unknown,unknown,unknown,unknown,NORMAL,link_down,0.76
alarm_01000,2026-05-04 17:57:19,CRITICAL,CA,LIM,PHYSICAL PORT DOWN,2025-03-12 01:46:02,2025-03-12 01:46:02,10048.188055555556,1.0,unknown,unknown,unknown,unknown,NORMAL,link_down,0.76
alarm_01001,2026-05-04 17:57:19,CRITICAL,CA,LIM,PHYSICAL PORT DOWN,2025-03-12 01:46:02,2025-03-12 01:46:02,10048.188055555556,1.0,unknown,unknown,unknown,unknown,NORMAL,link_down,0.76
alarm_01002,2026-05-04 17:57:19,CRITICAL,CA,LIM,PHYSICAL PORT DOWN,2025-03-12 01:46:02,2025-03-12 01:46:02,10048.188055555556,1.0,unknown,unknown,unknown,unknown,NORMAL,link_down,0.76
alarm_01003,2026-05-04 17:57:19,CRITICAL,CA,LIM,PHYSICAL PORT DOWN,2025-03-12 01:46:02,2025-03-12 01:46:02,10048.188055555556,1.0,unknown,unknown,unknown,unknown,NORMAL,link_down,0.76
alarm_01004,2026-05-04 17:57:19,CRITICAL,CA,LIM,PHYSICAL PORT DOWN,2025-03-12 01:46:02,2025-03-12 01:46:02,10048.188055555556,1.0,unknown,unknown,unknown,unknown,NORMAL,link_down,0.76
alarm_01005,2026-05-04 17:57:19,CRITICAL,CA,LIM,PHYSICAL PORT DOWN,2025-03-12 01:46:02,2025-03-12 01:46:02,10048.188055555556,1.0,unknown,unknown,unknown,unknown,NORMAL,link_down,0.76
alarm_01006,2026-05-04 17:57:19,CRITICAL,CA,LIM,PHYSICAL PORT DOWN,2025-03-12 01:46:02,2025-03-12 01:46:02,10048.188055555556,1.0,unknown,unknown,unknown,unknown,NORMAL,link_down,0.76
alarm_01007,2026-05-04 17:57:19,CRITICAL,CA,LIM,PHYSICAL PORT DOWN,2025-03-12 01:46:02,2025-03-12 01:46:02,10048.188055555556,1.0,unknown,unknown,unknown,unknown,NORMAL,link_down,0.76
alarm_01008,2026-05-04 17:57:19,CRITICAL,CA,LIM,PHYSICAL PORT DOWN,2025-03-12 01:46:02,2025-03-12 01:46:02,10048.188055555556,1.0,unknown,unknown,unknown,unknown,NORMAL,link_down,0.76
alarm_01009,2026-05-04 17:57:19,CRITICAL,CA,LIM,PHYSICAL PORT DOWN,2025-03-12 01:46:02,2025-03-12 01:46:02,10048.188055555556,1.0,unknown,unknown,unknown,unknown,NORMAL,link_down,0.76
alarm_01010,2026-05-04 17:57:19,CRITICAL,CA,LIM,PHYSICAL PORT DOWN,2025-03-12 01:46:02,2025-03-12 01:46:02,10048.188055555556,1.0,unknown,unknown,unknown,unknown,NORMAL,link_down,0.76
alarm_01011,2026-05-04 17:57:19,CRITICAL,CA,LIM,PHYSICAL PORT DOWN,2025-03-12 01:46:02,2025-03-12 01:46:02,10048.188055555556,1.0,unknown,unknown,unknown,unknown,NORMAL,link_down,0.76
alarm_01012,2026-05-04 17:57:19,CRITICAL,AG,LAL,PHYSICAL PORT DOWN,2025-03-13 02:46:52,2025-03-13 02:46:52,10023.174166666666,1.0,unknown,unknown,unknown,unknown,NORMAL,link_down,0.76
alarm_01013,2026-05-04 17:57:19,CRITICAL,AG,LIC,BOARD INVALID,2025-03-18 10:50:09,2025-03-18 10:50:09,9895.119444444445,1.0,unknown,unknown,unknown,unknown,NORMAL,other,0.66
alarm_01014,2026-05-04 17:57:19,CRITICAL,AG,ICA,PHYSICAL PORT DOWN,2025-03-18 17:13:13,2025-03-18 17:13:13,9888.735,1.0,unknown,unknown,unknown,unknown,NORMAL,link_down,0.76
alarm_01015,2026-05-04 17:57:19,CRITICAL,AG,ICA,PHYSICAL PORT DOWN,2025-03-18 17:55:32,2025-03-18 17:55:32,9888.029722222222,1.0,unknown,unknown,unknown,unknown,NORMAL,link_down,0.76
alarm_01016,2026-05-04 17:57:19,CRITICAL,AG,PUN,PHYSICAL PORT DOWN,2025-03-19 11:27:52,2025-03-19 11:27:52,9870.490833333333,1.0,unknown,unknown,unknown,unknown,NORMAL,link_down,0.76
alarm_01017,2026-05-04 17:57:19,CRITICAL,AG,PUN,PHYSICAL PORT DOWN,2025-03-19 11:28:00,2025-03-19 11:28:00,9870.488611111112,1.0,unknown,unknown,unknown,unknown,NORMAL,link_down,0.76
alarm_01018,2026-05-04 17:57:19,CRITICAL,AG,PUN,PHYSICAL PORT DOWN,2025-03-19 11:30:32,2025-03-19 11:30:32,9870.44638888889,1.0,unknown,unknown,unknown,unknown,NORMAL,link_down,0.76
alarm_01019,2026-05-04 17:57:19,CRITICAL,AG,PUN,PHYSICAL PORT DOWN,2025-03-19 11:30:32,2025-03-19 11:30:32,9870.44638888889,1.0,unknown,unknown,unknown,unknown,NORMAL,link_down,0.76
alarm_01020,2026-05-04 17:57:19,CRITICAL,AG,ICA,PHYSICAL PORT DOWN,2025-03-20 14:52:29,2025-03-20 14:52:29,9843.080555555556,1.0,unknown,unknown,unknown,unknown,NORMAL,link_down,0.76
alarm_01021,2026-05-04 17:57:19,CRITICAL,CA,LIM,PHYSICAL PORT DOWN,2025-03-24 01:26:11,2025-03-24 01:26:11,9760.51888888889,1.0,unknown,unknown,unknown,unknown,NORMAL,link_down,0.76
alarm_01022,2026-05-04 17:57:19,CRITICAL,CA,LIM,PHYSICAL PORT DOWN,2025-03-24 01:26:34,2025-03-24 01:26:34,9760.5125,1.0,unknown,unknown,unknown,unknown,NORMAL,link_down,0.76
alarm_01023,2026-05-04 17:57:19,CRITICAL,CA,LIM,PHYSICAL PORT DOWN,2025-03-24 01:26:34,2025-03-24 01:26:34,9760.5125,1.0,unknown,unknown,unknown,unknown,NORMAL,link_down,0.76
alarm_01024,2026-05-04 17:57:19,CRITICAL,CA,LIM,PHYSICAL PORT DOWN,2025-03-24 01:26:34,2025-03-24 01:26:34,9760.5125,1.0,unknown,unknown,unknown,unknown,NORMAL,link_down,0.76
alarm_01025,2026-05-04 17:57:19,CRITICAL,CA,LIM,PHYSICAL PORT DOWN,2025-03-24 01:26:34,2025-03-24 01:26:34,9760.5125,1.0,unknown,unknown,unknown,unknown,NORMAL,link_down,0.76
alarm_01026,2026-05-04 17:57:19,CRITICAL,CA,LIM,PHYSICAL PORT DOWN,2025-03-24 01:26:34,2025-03-24 01:26:34,9760.5125,1.0,unknown,unknown,unknown,unknown,NORMAL,link_down,0.76
alarm_01027,2026-05-04 17:57:19,CRITICAL,CA,LIM,PHYSICAL PORT DOWN,2025-03-24 01:26:34,2025-03-24 01:26:34,9760.5125,1.0,unknown,unknown,unknown,unknown,NORMAL,link_down,0.76
alarm_01028,2026-05-04 17:57:19,CRITICAL,CA,LIM,PHYSICAL PORT DOWN,2025-03-24 01:26:34,2025-03-24 01:26:34,9760.5125,1.0,unknown,unknown,unknown,unknown,NORMAL,link_down,0.76
alarm_01029,2026-05-04 17:57:19,CRITICAL,CA,LIM,PHYSICAL PORT DOWN,2025-03-24 01:26:34,2025-03-24 01:26:34,9760.5125,1.0,unknown,unknown,unknown,unknown,NORMAL,link_down,0.76
alarm_01030,2026-05-04 17:57:19,CRITICAL,CA,LIM,PHYSICAL PORT DOWN,2025-03-24 01:26:34,2025-03-24 01:26:34,9760.5125,1.0,unknown,unknown,unknown,unknown,NORMAL,link_down,0.76
alarm_01031,2026-05-04 17:57:19,CRITICAL,CA,LIM,PHYSICAL PORT DOWN,2025-03-24 01:26:34,2025-03-24 01:26:34,9760.5125,1.0,unknown,unknown,unknown,unknown,NORMAL,link_down,0.76
alarm_01032,2026-05-04 17:57:19,CRITICAL,CA,LIM,PHYSICAL PORT DOWN,2025-03-24 01:26:34,2025-03-24 01:26:34,9760.5125,1.0,unknown,unknown,unknown,unknown,NORMAL,link_down,0.76
alarm_01033,2026-05-04 17:57:19,CRITICAL,CA,LIM,PHYSICAL PORT DOWN,2025-03-24 01:26:34,2025-03-24 01:26:34,9760.5125,1.0,unknown,unknown,unknown,unknown,NORMAL,link_down,0.76
alarm_01034,2026-05-04 17:57:19,CRITICAL,CA,LIM,PHYSICAL PORT DOWN,2025-03-24 01:26:34,2025-03-24 01:26:34,9760.5125,1.0,unknown,unknown,unknown,unknown,NORMAL,link_down,0.76
alarm_01035,2026-05-04 17:57:19,CRITICAL,CA,LIM,PHYSICAL PORT DOWN,2025-03-24 01:26:34,2025-03-24 01:26:34,9760.5125,1.0,unknown,unknown,unknown,unknown,NORMAL,link_down,0.76
alarm_01036,2026-05-04 17:57:19,CRITICAL,CA,LIM,PHYSICAL PORT DOWN,2025-03-24 01:26:34,2025-03-24 01:26:34,9760.5125,1.0,unknown,unknown,unknown,unknown,NORMAL,link_down,0.76
alarm_01037,2026-05-04 17:57:19,CRITICAL,CA,LIM,PHYSICAL PORT DOWN,2025-03-24 01:26:34,2025-03-24 01:26:34,9760.5125,1.0,unknown,unknown,unknown,unknown,NORMAL,link_down,0.76
alarm_01038,2026-05-04 17:57:19,CRITICAL,CA,LIM,PHYSICAL PORT DOWN,2025-03-24 01:26:34,2025-03-24 01:26:34,9760.5125,1.0,unknown,unknown,unknown,unknown,NORMAL,link_down,0.76
alarm_01039,2026-05-04 17:57:19,CRITICAL,CA,LIM,PHYSICAL PORT DOWN,2025-03-24 01:26:34,2025-03-24 01:26:34,9760.5125,1.0,unknown,unknown,unknown,unknown,NORMAL,link_down,0.76
alarm_01040,2026-05-04 17:57:19,CRITICAL,CA,LIM,PHYSICAL PORT DOWN,2025-03-24 01:26:34,2025-03-24 01:26:34,9760.5125,1.0,unknown,unknown,unknown,unknown,NORMAL,link_down,0.76
alarm_01041,2026-05-04 17:57:19,CRITICAL,CA,LIM,PHYSICAL PORT DOWN,2025-03-24 01:26:34,2025-03-24 01:26:34,9760.5125,1.0,unknown,unknown,unknown,unknown,NORMAL,link_down,0.76
alarm_01042,2026-05-04 17:57:19,CRITICAL,CA,LIM,PHYSICAL PORT DOWN,2025-03-24 01:26:34,2025-03-24 01:26:34,9760.5125,1.0,unknown,unknown,unknown,unknown,NORMAL,link_down,0.76
alarm_01043,2026-05-04 17:57:19,CRITICAL,CA,LIM,PHYSICAL PORT DOWN,2025-03-24 01:26:34,2025-03-24 01:26:34,9760.5125,1.0,unknown,unknown,unknown,unknown,NORMAL,link_down,0.76
alarm_01044,2026-05-04 17:57:19,CRITICAL,CA,LIM,PHYSICAL PORT DOWN,2025-03-24 01:26:34,2025-03-24 01:26:34,9760.5125,1.0,unknown,unknown,unknown,unknown,NORMAL,link_down,0.76
alarm_01045,2026-05-04 17:57:19,CRITICAL,CA,LIM,PHYSICAL PORT DOWN,2025-03-24 01:26:34,2025-03-24 01:26:34,9760.5125,1.0,unknown,unknown,unknown,unknown,NORMAL,link_down,0.76
alarm_01046,2026-05-04 17:57:19,CRITICAL,CA,LIM,PHYSICAL PORT DOWN,2025-03-24 01:26:34,2025-03-24 01:26:34,9760.5125,1.0,unknown,unknown,unknown,unknown,NORMAL,link_down,0.76
alarm_01047,2026-05-04 17:57:19,CRITICAL,CA,LIM,PHYSICAL PORT DOWN,2025-03-24 01:26:34,2025-03-24 01:26:34,9760.5125,1.0,unknown,unknown,unknown,unknown,NORMAL,link_down,0.76
alarm_01048,2026-05-04 17:57:19,CRITICAL,CA,LIM,PHYSICAL PORT DOWN,2025-03-24 01:26:34,2025-03-24 01:26:34,9760.5125,1.0,unknown,unknown,unknown,unknown,NORMAL,link_down,0.76
alarm_01049,2026-05-04 17:57:19,CRITICAL,CA,LIM,PHYSICAL PORT DOWN,2025-03-24 01:27:04,2025-03-24 01:27:04,9760.504166666668,1.0,unknown,unknown,unknown,unknown,NORMAL,link_down,0.76
alarm_01050,2026-05-04 17:57:19,CRITICAL,CA,LIM,PHYSICAL PORT DOWN,2025-03-24 01:27:04,2025-03-24 01:27:04,9760.504166666668,1.0,unknown,unknown,unknown,unknown,NORMAL,link_down,0.76
alarm_01051,2026-05-04 17:57:19,CRITICAL,CA,LIM,PHYSICAL PORT DOWN,2025-03-24 01:27:04,2025-03-24 01:27:04,9760.504166666668,1.0,unknown,unknown,unknown,unknown,NORMAL,link_down,0.76
alarm_01052,2026-05-04 17:57:19,CRITICAL,CA,LIM,PHYSICAL PORT DOWN,2025-03-24 01:27:04,2025-03-24 01:27:04,9760.504166666668,1.0,unknown,unknown,unknown,unknown,NORMAL,link_down,0.76
alarm_01053,2026-05-04 17:57:19,CRITICAL,CA,LIM,PHYSICAL PORT DOWN,2025-03-24 01:27:04,2025-03-24 01:27:04,9760.504166666668,1.0,unknown,unknown,unknown,unknown,NORMAL,link_down,0.76
alarm_01054,2026-05-04 17:57:19,CRITICAL,CA,LIM,PHYSICAL PORT DOWN,2025-03-24 01:27:04,2025-03-24 01:27:04,9760.504166666668,1.0,unknown,unknown,unknown,unknown,NORMAL,link_down,0.76
alarm_01055,2026-05-04 17:57:19,CRITICAL,CA,LIM,PHYSICAL PORT DOWN,2025-03-24 01:27:04,2025-03-24 01:27:04,9760.504166666668,1.0,unknown,unknown,unknown,unknown,NORMAL,link_down,0.76
alarm_01056,2026-05-04 17:57:19,CRITICAL,CA,LIM,PHYSICAL PORT DOWN,2025-03-24 01:27:04,2025-03-24 01:27:04,9760.504166666668,1.0,unknown,unknown,unknown,unknown,NORMAL,link_down,0.76
alarm_01057,2026-05-04 17:57:19,CRITICAL,CA,LIM,PHYSICAL PORT DOWN,2025-03-24 01:27:04,2025-03-24 01:27:04,9760.504166666668,1.0,unknown,unknown,unknown,unknown,NORMAL,link_down,0.76
alarm_01058,2026-05-04 17:57:19,CRITICAL,CA,LIM,PHYSICAL PORT DOWN,2025-03-24 01:27:04,2025-03-24 01:27:04,9760.504166666668,1.0,unknown,unknown,unknown,unknown,NORMAL,link_down,0.76
alarm_01059,2026-05-04 17:57:19,CRITICAL,CA,LIM,PHYSICAL PORT DOWN,2025-03-24 01:27:04,2025-03-24 01:27:04,9760.504166666668,1.0,unknown,unknown,unknown,unknown,NORMAL,link_down,0.76
alarm_01060,2026-05-04 17:57:19,CRITICAL,CA,LIM,PHYSICAL PORT DOWN,2025-03-24 01:27:04,2025-03-24 01:27:04,9760.504166666668,1.0,unknown,unknown,unknown,unknown,NORMAL,link_down,0.76
alarm_01061,2026-05-04 17:57:19,CRITICAL,CA,LIM,PHYSICAL PORT DOWN,2025-03-24 01:27:04,2025-03-24 01:27:04,9760.504166666668,1.0,unknown,unknown,unknown,unknown,NORMAL,link_down,0.76
alarm_01062,2026-05-04 17:57:19,CRITICAL,CA,LIM,PHYSICAL PORT DOWN,2025-03-24 01:27:04,2025-03-24 01:27:04,9760.504166666668,1.0,unknown,unknown,unknown,unknown,NORMAL,link_down,0.76
alarm_01063,2026-05-04 17:57:19,CRITICAL,CA,LIM,PHYSICAL PORT DOWN,2025-03-24 01:27:04,2025-03-24 01:27:04,9760.504166666668,1.0,unknown,unknown,unknown,unknown,NORMAL,link_down,0.76
alarm_01064,2026-05-04 17:57:19,CRITICAL,CA,LIM,PHYSICAL PORT DOWN,2025-03-24 01:27:04,2025-03-24 01:27:04,9760.504166666668,1.0,unknown,unknown,unknown,unknown,NORMAL,link_down,0.76
alarm_01065,2026-05-04 17:57:19,CRITICAL,CA,LIM,PHYSICAL PORT DOWN,2025-03-24 01:27:04,2025-03-24 01:27:04,9760.504166666668,1.0,unknown,unknown,unknown,unknown,NORMAL,link_down,0.76
alarm_01066,2026-05-04 17:57:19,CRITICAL,CA,LIM,PHYSICAL PORT DOWN,2025-03-24 01:27:04,2025-03-24 01:27:04,9760.504166666668,1.0,unknown,unknown,unknown,unknown,NORMAL,link_down,0.76
alarm_01067,2026-05-04 17:57:19,CRITICAL,CA,LIM,PHYSICAL PORT DOWN,2025-03-24 01:27:04,2025-03-24 01:27:04,9760.504166666668,1.0,unknown,unknown,unknown,unknown,NORMAL,link_down,0.76
alarm_01068,2026-05-04 17:57:19,CRITICAL,CA,LIM,PHYSICAL PORT DOWN,2025-03-24 01:27:04,2025-03-24 01:27:04,9760.504166666668,1.0,unknown,unknown,unknown,unknown,NORMAL,link_down,0.76
alarm_01069,2026-05-04 17:57:19,CRITICAL,CA,LIM,PHYSICAL PORT DOWN,2025-03-24 01:27:04,2025-03-24 01:27:04,9760.504166666668,1.0,unknown,unknown,unknown,unknown,NORMAL,link_down,0.76
alarm_01070,2026-05-04 17:57:19,CRITICAL,AG,LIC,BOARD INVALID,2025-03-25 09:24:52,2025-03-25 09:24:52,9728.540833333333,1.0,unknown,unknown,unknown,unknown,NORMAL,other,0.66
alarm_01071,2026-05-04 17:57:19,CRITICAL,AG,HUN,PHYSICAL PORT DOWN,2025-03-25 10:27:17,2025-03-25 10:27:17,9727.500555555556,1.0,unknown,unknown,unknown,unknown,NORMAL,link_down,0.76
alarm_01072,2026-05-04 17:57:19,CRITICAL,AG,LAL,PHYSICAL PORT DOWN,2025-03-27 09:21:16,2025-03-27 09:21:16,9680.600833333334,1.0,unknown,unknown,unknown,unknown,NORMAL,link_down,0.76
alarm_01073,2026-05-04 17:57:19,CRITICAL,AG,LAL,PHYSICAL PORT DOWN,2025-03-27 09:38:08,2025-03-27 09:38:08,9680.319722222222,1.0,unknown,unknown,unknown,unknown,NORMAL,link_down,0.76
alarm_01074,2026-05-04 17:57:19,CRITICAL,AG,SAN,PHYSICAL PORT DOWN,2025-03-27 19:25:28,2025-03-27 19:25:28,9670.530833333334,1.0,unknown,unknown,unknown,unknown,NORMAL,link_down,0.76
alarm_01075,2026-05-04 17:57:19,CRITICAL,AG,SAN,PHYSICAL PORT DOWN,2025-03-27 19:26:09,2025-03-27 19:26:09,9670.519444444444,1.0,unknown,unknown,unknown,unknown,NORMAL,link_down,0.76
alarm_01076,2026-05-04 17:57:19,CRITICAL,CA,LIM,PHYSICAL PORT DOWN,2025-03-28 00:35:54,2025-03-28 00:35:54,9665.356944444444,1.0,unknown,unknown,unknown,unknown,NORMAL,link_down,0.76
alarm_01077,2026-05-04 17:57:19,CRITICAL,CP,PUN,PHYSICAL PORT DOWN,2025-03-28 12:10:42,2025-03-28 12:10:42,9653.776944444444,1.0,unknown,unknown,unknown,unknown,NORMAL,link_down,0.76
alarm_01078,2026-05-04 17:57:19,CRITICAL,AG,AMA,BOARD INVALID,2025-03-29 10:50:05,2025-03-29 10:50:05,9631.120555555555,1.0,unknown,unknown,unknown,unknown,NORMAL,other,0.66
alarm_01079,2026-05-04 17:57:19,CRITICAL,AR,CAJ,PHYSICAL PORT DOWN,2025-04-03 17:17:57,2025-04-03 17:17:57,9504.656111111111,1.0,unknown,unknown,unknown,unknown,NORMAL,link_down,0.76
alarm_01080,2026-05-04 17:57:19,CRITICAL,AR,LOR,PHYSICAL PORT DOWN,2025-04-03 17:34:25,2025-04-03 17:34:25,9504.381666666666,1.0,unknown,unknown,unknown,unknown,NORMAL,link_down,0.76
alarm_01081,2026-05-04 17:57:19,CRITICAL,AG,CUS,PHYSICAL PORT DOWN,2025-04-10 16:15:55,2025-04-10 16:15:55,9337.69,1.0,unknown,unknown,unknown,unknown,NORMAL,link_down,0.76
alarm_01082,2026-05-04 17:57:19,CRITICAL,AG,HUN,PHYSICAL PORT DOWN,2025-04-11 16:05:28,2025-04-11 16:05:28,9313.864166666666,1.0,unknown,unknown,unknown,unknown,NORMAL,link_down,0.76
alarm_01083,2026-05-04 17:57:19,CRITICAL,AG,SAN,PHYSICAL PORT DOWN,2025-04-11 17:48:27,2025-04-11 17:48:27,9312.147777777778,1.0,unknown,unknown,unknown,unknown,NORMAL,link_down,0.76
alarm_01084,2026-05-04 17:57:19,CRITICAL,AG,SAN,PHYSICAL PORT DOWN,2025-04-11 17:58:22,2025-04-11 17:58:22,9311.9825,1.0,unknown,unknown,unknown,unknown,NORMAL,link_down,0.76
alarm_01085,2026-05-04 17:57:19,CRITICAL,AR,ARE,PHYSICAL PORT DOWN,2025-04-24 13:49:24,2025-04-24 13:49:24,9004.131944444445,1.0,unknown,unknown,unknown,unknown,NORMAL,link_down,0.76
alarm_01086,2026-05-04 17:57:19,CRITICAL,AR,ARE,PHYSICAL PORT DOWN,2025-04-24 13:49:24,2025-04-24 13:49:24,9004.131944444445,1.0,unknown,unknown,unknown,unknown,NORMAL,link_down,0.76
alarm_01087,2026-05-04 17:57:19,CRITICAL,AR,ARE,PHYSICAL PORT DOWN,2025-04-25 12:32:24,2025-04-25 12:32:24,8981.415277777778,1.0,unknown,unknown,unknown,unknown,NORMAL,link_down,0.76
alarm_01088,2026-05-04 17:57:19,CRITICAL,CA,SOU,PHYSICAL PORT DOWN,2025-04-29 00:03:17,2025-04-29 00:03:17,8897.900555555556,1.0,unknown,unknown,unknown,unknown,NORMAL,link_down,0.76
alarm_01089,2026-05-04 17:57:19,CRITICAL,CA,SOU,PHYSICAL PORT DOWN,2025-04-29 00:03:21,2025-04-29 00:03:21,8897.899444444445,1.0,unknown,unknown,unknown,unknown,NORMAL,link_down,0.76
alarm_01090,2026-05-04 17:57:19,CRITICAL,CA,SOU,PHYSICAL PORT DOWN,2025-04-29 00:03:25,2025-04-29 00:03:25,8897.898333333333,1.0,unknown,unknown,unknown,unknown,NORMAL,link_down,0.76
alarm_01091,2026-05-04 17:57:19,CRITICAL,CA,SOU,PHYSICAL PORT DOWN,2025-04-29 00:03:29,2025-04-29 00:03:29,8897.897222222222,1.0,unknown,unknown,unknown,unknown,NORMAL,link_down,0.76
alarm_01092,2026-05-04 17:57:19,CRITICAL,CA,SOU,PHYSICAL PORT DOWN,2025-04-29 00:03:33,2025-04-29 00:03:33,8897.896111111111,1.0,unknown,unknown,unknown,unknown,NORMAL,link_down,0.76
alarm_01093,2026-05-04 17:57:19,CRITICAL,CA,SOU,PHYSICAL PORT DOWN,2025-04-29 00:03:38,2025-04-29 00:03:38,8897.894722222221,1.0,unknown,unknown,unknown,unknown,NORMAL,link_down,0.76
alarm_01094,2026-05-04 17:57:19,CRITICAL,CA,SOU,PHYSICAL PORT DOWN,2025-04-29 00:03:42,2025-04-29 00:03:42,8897.89361111111,1.0,unknown,unknown,unknown,unknown,NORMAL,link_down,0.76
alarm_01095,2026-05-04 17:57:19,CRITICAL,CA,SOU,PHYSICAL PORT DOWN,2025-04-29 00:03:45,2025-04-29 00:03:45,8897.892777777777,1.0,unknown,unknown,unknown,unknown,NORMAL,link_down,0.76
alarm_01096,2026-05-04 17:57:19,CRITICAL,CA,SOU,PHYSICAL PORT DOWN,2025-04-29 00:03:49,2025-04-29 00:03:49,8897.891666666666,1.0,unknown,unknown,unknown,unknown,NORMAL,link_down,0.76
alarm_01097,2026-05-04 17:57:19,CRITICAL,CA,SOU,PHYSICAL PORT DOWN,2025-04-29 00:03:53,2025-04-29 00:03:53,8897.890555555556,1.0,unknown,unknown,unknown,unknown,NORMAL,link_down,0.76
alarm_01098,2026-05-04 17:57:19,CRITICAL,CA,SOU,PHYSICAL PORT DOWN,2025-04-29 00:03:57,2025-04-29 00:03:57,8897.889444444445,1.0,unknown,unknown,unknown,unknown,NORMAL,link_down,0.76
alarm_01099,2026-05-04 17:57:19,CRITICAL,CA,SOU,PHYSICAL PORT DOWN,2025-04-29 00:04:00,2025-04-29 00:04:00,8897.888611111111,1.0,unknown,unknown,unknown,unknown,NORMAL,link_down,0.76
alarm_01100,2026-05-04 17:57:19,CRITICAL,CA,SOU,PHYSICAL PORT DOWN,2025-04-29 00:04:04,2025-04-29 00:04:04,8897.8875,1.0,unknown,unknown,unknown,unknown,NORMAL,link_down,0.76
alarm_01101,2026-05-04 17:57:19,CRITICAL,CA,SOU,PHYSICAL PORT DOWN,2025-04-29 00:04:08,2025-04-29 00:04:08,8897.886388888888,1.0,unknown,unknown,unknown,unknown,NORMAL,link_down,0.76
alarm_01102,2026-05-04 17:57:19,CRITICAL,CA,SOU,PHYSICAL PORT DOWN,2025-04-29 01:22:30,2025-04-29 01:22:30,8896.580277777777,1.0,unknown,unknown,unknown,unknown,NORMAL,link_down,0.76
alarm_01103,2026-05-04 17:57:19,CRITICAL,CA,SOU,PHYSICAL PORT DOWN,2025-04-29 01:22:34,2025-04-29 01:22:34,8896.579166666666,1.0,unknown,unknown,unknown,unknown,NORMAL,link_down,0.76
alarm_01104,2026-05-04 17:57:19,CRITICAL,CA,SOU,PHYSICAL PORT DOWN,2025-04-29 01:22:37,2025-04-29 01:22:37,8896.578333333333,1.0,unknown,unknown,unknown,unknown,NORMAL,link_down,0.76
alarm_01105,2026-05-04 17:57:19,CRITICAL,CA,SOU,PHYSICAL PORT DOWN,2025-04-29 01:22:41,2025-04-29 01:22:41,8896.577222222222,1.0,unknown,unknown,unknown,unknown,NORMAL,link_down,0.76
alarm_01106,2026-05-04 17:57:19,CRITICAL,CA,SOU,PHYSICAL PORT DOWN,2025-04-29 01:22:45,2025-04-29 01:22:45,8896.576111111111,1.0,unknown,unknown,unknown,unknown,NORMAL,link_down,0.76
alarm_01107,2026-05-04 17:57:19,CRITICAL,CA,SOU,PHYSICAL PORT DOWN,2025-04-29 01:22:48,2025-04-29 01:22:48,8896.575277777778,1.0,unknown,unknown,unknown,unknown,NORMAL,link_down,0.76
alarm_01108,2026-05-04 17:57:19,CRITICAL,CA,SOU,PHYSICAL PORT DOWN,2025-04-29 01:22:52,2025-04-29 01:22:52,8896.574166666667,1.0,unknown,unknown,unknown,unknown,NORMAL,link_down,0.76
alarm_01109,2026-05-04 17:57:19,CRITICAL,CA,SOU,PHYSICAL PORT DOWN,2025-04-29 01:22:55,2025-04-29 01:22:55,8896.573333333334,1.0,unknown,unknown,unknown,unknown,NORMAL,link_down,0.76
alarm_01110,2026-05-04 17:57:19,CRITICAL,CA,SOU,PHYSICAL PORT DOWN,2025-04-29 01:22:59,2025-04-29 01:22:59,8896.572222222223,1.0,unknown,unknown,unknown,unknown,NORMAL,link_down,0.76
alarm_01111,2026-05-04 17:57:19,CRITICAL,CA,SOU,PHYSICAL PORT DOWN,2025-04-29 01:23:02,2025-04-29 01:23:02,8896.57138888889,1.0,unknown,unknown,unknown,unknown,NORMAL,link_down,0.76
alarm_01112,2026-05-04 17:57:19,CRITICAL,CA,SOU,PHYSICAL PORT DOWN,2025-04-29 01:23:06,2025-04-29 01:23:06,8896.570277777777,1.0,unknown,unknown,unknown,unknown,NORMAL,link_down,0.76
alarm_01113,2026-05-04 17:57:19,CRITICAL,CA,SOU,PHYSICAL PORT DOWN,2025-04-29 01:23:10,2025-04-29 01:23:10,8896.569166666666,1.0,unknown,unknown,unknown,unknown,NORMAL,link_down,0.76
alarm_01114,2026-05-04 17:57:19,CRITICAL,CA,SOU,PHYSICAL PORT DOWN,2025-04-29 01:23:13,2025-04-29 01:23:13,8896.568333333333,1.0,unknown,unknown,unknown,unknown,NORMAL,link_down,0.76
alarm_01115,2026-05-04 17:57:19,CRITICAL,CA,SOU,PHYSICAL PORT DOWN,2025-04-29 01:23:17,2025-04-29 01:23:17,8896.567222222222,1.0,unknown,unknown,unknown,unknown,NORMAL,link_down,0.76
alarm_01116,2026-05-04 17:57:19,CRITICAL,CA,SOU,PHYSICAL PORT DOWN,2025-04-29 01:23:21,2025-04-29 01:23:21,8896.566111111111,1.0,unknown,unknown,unknown,unknown,NORMAL,link_down,0.76
alarm_01117,2026-05-04 17:57:19,CRITICAL,CA,SOU,PHYSICAL PORT DOWN,2025-04-29 01:23:24,2025-04-29 01:23:24,8896.565277777778,1.0,unknown,unknown,unknown,unknown,NORMAL,link_down,0.76
alarm_01118,2026-05-04 17:57:19,CRITICAL,AG,LIC,BOARD INVALID,2025-04-29 06:20:24,2025-04-29 06:20:24,8891.615277777777,1.0,unknown,unknown,unknown,unknown,NORMAL,other,0.66
alarm_01119,2026-05-04 17:57:19,CRITICAL,AG,LIC,BOARD INVALID,2025-04-29 06:20:46,2025-04-29 06:20:46,8891.609166666667,1.0,unknown,unknown,unknown,unknown,NORMAL,other,0.66
alarm_01120,2026-05-04 17:57:19,CRITICAL,CA,NOR,PHYSICAL PORT DOWN,2025-04-29 14:03:49,2025-04-29 14:03:49,8883.891666666666,1.0,unknown,unknown,unknown,unknown,NORMAL,link_down,0.76
alarm_01121,2026-05-04 17:57:19,CRITICAL,AG,APU,PHYSICAL PORT DOWN,2025-05-02 15:59:38,2025-05-02 15:59:38,8809.961388888889,1.0,unknown,unknown,unknown,unknown,NORMAL,link_down,0.76
alarm_01122,2026-05-04 17:57:19,CRITICAL,AR,CUS,PHYSICAL PORT DOWN,2025-05-05 00:46:17,2025-05-05 00:46:17,8753.183888888889,1.0,unknown,unknown,unknown,unknown,NORMAL,link_down,0.76
alarm_01123,2026-05-04 17:57:19,CRITICAL,AG,ANC,PHYSICAL PORT DOWN,2025-05-05 19:52:47,2025-05-05 19:52:47,8734.075555555555,1.0,unknown,unknown,unknown,unknown,NORMAL,link_down,0.76
alarm_01124,2026-05-04 17:57:19,CRITICAL,AR,MAD,PHYSICAL PORT DOWN,2025-05-05 21:51:06,2025-05-05 21:51:06,8732.103611111112,1.0,unknown,unknown,unknown,unknown,NORMAL,link_down,0.76
alarm_01125,2026-05-04 17:57:19,CRITICAL,CA,SOU,PHYSICAL PORT DOWN,2025-05-06 00:04:48,2025-05-06 00:04:48,8729.875277777777,1.0,unknown,unknown,unknown,unknown,NORMAL,link_down,0.76
alarm_01126,2026-05-04 17:57:19,CRITICAL,CA,SOU,PHYSICAL PORT DOWN,2025-05-06 00:04:48,2025-05-06 00:04:48,8729.875277777777,1.0,unknown,unknown,unknown,unknown,NORMAL,link_down,0.76
alarm_01127,2026-05-04 17:57:19,CRITICAL,CA,SOU,PHYSICAL PORT DOWN,2025-05-06 00:04:48,2025-05-06 00:04:48,8729.875277777777,1.0,unknown,unknown,unknown,unknown,NORMAL,link_down,0.76
alarm_01128,2026-05-04 17:57:19,CRITICAL,CA,SOU,PHYSICAL PORT DOWN,2025-05-06 00:04:49,2025-05-06 00:04:49,8729.875,1.0,unknown,unknown,unknown,unknown,NORMAL,link_down,0.76
alarm_01129,2026-05-04 17:57:19,CRITICAL,CA,SOU,PHYSICAL PORT DOWN,2025-05-06 00:04:49,2025-05-06 00:04:49,8729.875,1.0,unknown,unknown,unknown,unknown,NORMAL,link_down,0.76
alarm_01130,2026-05-04 17:57:19,CRITICAL,CA,SOU,PHYSICAL PORT DOWN,2025-05-06 00:04:49,2025-05-06 00:04:49,8729.875,1.0,unknown,unknown,unknown,unknown,NORMAL,link_down,0.76
alarm_01131,2026-05-04 17:57:19,CRITICAL,CA,SOU,PHYSICAL PORT DOWN,2025-05-06 00:04:50,2025-05-06 00:04:50,8729.874722222223,1.0,unknown,unknown,unknown,unknown,NORMAL,link_down,0.76
alarm_01132,2026-05-04 17:57:19,CRITICAL,CA,SOU,PHYSICAL PORT DOWN,2025-05-06 00:04:50,2025-05-06 00:04:50,8729.874722222223,1.0,unknown,unknown,unknown,unknown,NORMAL,link_down,0.76
alarm_01133,2026-05-04 17:57:19,CRITICAL,CA,SOU,PHYSICAL PORT DOWN,2025-05-06 00:04:50,2025-05-06 00:04:50,8729.874722222223,1.0,unknown,unknown,unknown,unknown,NORMAL,link_down,0.76
alarm_01134,2026-05-04 17:57:19,CRITICAL,CA,SOU,PHYSICAL PORT DOWN,2025-05-06 00:04:50,2025-05-06 00:04:50,8729.874722222223,1.0,unknown,unknown,unknown,unknown,NORMAL,link_down,0.76
alarm_01135,2026-05-04 17:57:19,CRITICAL,CA,SOU,PHYSICAL PORT DOWN,2025-05-06 00:04:50,2025-05-06 00:04:50,8729.874722222223,1.0,unknown,unknown,unknown,unknown,NORMAL,link_down,0.76
alarm_01136,2026-05-04 17:57:19,CRITICAL,CA,SOU,PHYSICAL PORT DOWN,2025-05-06 00:04:50,2025-05-06 00:04:50,8729.874722222223,1.0,unknown,unknown,unknown,unknown,NORMAL,link_down,0.76
alarm_01137,2026-05-04 17:57:19,CRITICAL,CA,SOU,PHYSICAL PORT DOWN,2025-05-06 00:04:50,2025-05-06 00:04:50,8729.874722222223,1.0,unknown,unknown,unknown,unknown,NORMAL,link_down,0.76
alarm_01138,2026-05-04 17:57:19,CRITICAL,CA,SOU,PHYSICAL PORT DOWN,2025-05-06 00:04:50,2025-05-06 00:04:50,8729.874722222223,1.0,unknown,unknown,unknown,unknown,NORMAL,link_down,0.76
alarm_01139,2026-05-04 17:57:19,CRITICAL,CA,SOU,PHYSICAL PORT DOWN,2025-05-06 00:04:50,2025-05-06 00:04:50,8729.874722222223,1.0,unknown,unknown,unknown,unknown,NORMAL,link_down,0.76
alarm_01140,2026-05-04 17:57:19,CRITICAL,CA,SOU,PHYSICAL PORT DOWN,2025-05-06 00:04:51,2025-05-06 00:04:51,8729.874444444444,1.0,unknown,unknown,unknown,unknown,NORMAL,link_down,0.76
alarm_01141,2026-05-04 17:57:19,CRITICAL,CA,SOU,PHYSICAL PORT DOWN,2025-05-06 01:34:06,2025-05-06 01:34:06,8728.386944444444,1.0,unknown,unknown,unknown,unknown,NORMAL,link_down,0.76
alarm_01142,2026-05-04 17:57:19,CRITICAL,CA,SOU,PHYSICAL PORT DOWN,2025-05-06 01:34:06,2025-05-06 01:34:06,8728.386944444444,1.0,unknown,unknown,unknown,unknown,NORMAL,link_down,0.76
alarm_01143,2026-05-04 17:57:19,CRITICAL,CA,SOU,PHYSICAL PORT DOWN,2025-05-06 01:34:06,2025-05-06 01:34:06,8728.386944444444,1.0,unknown,unknown,unknown,unknown,NORMAL,link_down,0.76
alarm_01144,2026-05-04 17:57:19,CRITICAL,CA,SOU,PHYSICAL PORT DOWN,2025-05-06 01:34:06,2025-05-06 01:34:06,8728.386944444444,1.0,unknown,unknown,unknown,unknown,NORMAL,link_down,0.76
alarm_01145,2026-05-04 17:57:19,CRITICAL,CA,SOU,PHYSICAL PORT DOWN,2025-05-06 01:34:07,2025-05-06 01:34:07,8728.386666666667,1.0,unknown,unknown,unknown,unknown,NORMAL,link_down,0.76
alarm_01146,2026-05-04 17:57:19,CRITICAL,CA,SOU,PHYSICAL PORT DOWN,2025-05-06 01:34:07,2025-05-06 01:34:07,8728.386666666667,1.0,unknown,unknown,unknown,unknown,NORMAL,link_down,0.76
alarm_01147,2026-05-04 17:57:19,CRITICAL,CA,SOU,PHYSICAL PORT DOWN,2025-05-06 01:34:07,2025-05-06 01:34:07,8728.386666666667,1.0,unknown,unknown,unknown,unknown,NORMAL,link_down,0.76
alarm_01148,2026-05-04 17:57:19,CRITICAL,CA,SOU,PHYSICAL PORT DOWN,2025-05-06 01:34:08,2025-05-06 01:34:08,8728.386388888888,1.0,unknown,unknown,unknown,unknown,NORMAL,link_down,0.76
alarm_01149,2026-05-04 17:57:19,CRITICAL,CA,SOU,PHYSICAL PORT DOWN,2025-05-06 01:34:08,2025-05-06 01:34:08,8728.386388888888,1.0,unknown,unknown,unknown,unknown,NORMAL,link_down,0.76
alarm_01150,2026-05-04 17:57:19,CRITICAL,CA,SOU,PHYSICAL PORT DOWN,2025-05-06 01:34:08,2025-05-06 01:34:08,8728.386388888888,1.0,unknown,unknown,unknown,unknown,NORMAL,link_down,0.76
alarm_01151,2026-05-04 17:57:19,CRITICAL,CA,SOU,PHYSICAL PORT DOWN,2025-05-06 01:34:08,2025-05-06 01:34:08,8728.386388888888,1.0,unknown,unknown,unknown,unknown,NORMAL,link_down,0.76
alarm_01152,2026-05-04 17:57:19,CRITICAL,CA,SOU,PHYSICAL PORT DOWN,2025-05-06 01:34:08,2025-05-06 01:34:08,8728.386388888888,1.0,unknown,unknown,unknown,unknown,NORMAL,link_down,0.76
alarm_01153,2026-05-04 17:57:19,CRITICAL,CA,SOU,PHYSICAL PORT DOWN,2025-05-06 01:34:08,2025-05-06 01:34:08,8728.386388888888,1.0,unknown,unknown,unknown,unknown,NORMAL,link_down,0.76
alarm_01154,2026-05-04 17:57:19,CRITICAL,CA,SOU,PHYSICAL PORT DOWN,2025-05-06 01:34:08,2025-05-06 01:34:08,8728.386388888888,1.0,unknown,unknown,unknown,unknown,NORMAL,link_down,0.76
alarm_01155,2026-05-04 17:57:19,CRITICAL,AR,LOR,PHYSICAL PORT DOWN,2025-05-07 14:10:55,2025-05-07 14:10:55,8691.773333333333,1.0,unknown,unknown,unknown,unknown,NORMAL,link_down,0.76
alarm_01156,2026-05-04 17:57:19,CRITICAL,AG,PUN,PHYSICAL PORT DOWN,2025-05-09 13:16:48,2025-05-09 13:16:48,8644.675277777778,1.0,unknown,unknown,unknown,unknown,NORMAL,link_down,0.76
alarm_01157,2026-05-04 17:57:19,CRITICAL,AR,LIC,PHYSICAL PORT DOWN,2025-05-10 09:23:54,2025-05-10 09:23:54,8624.556944444445,1.0,unknown,unknown,unknown,unknown,NORMAL,link_down,0.76
alarm_01158,2026-05-04 17:57:19,CRITICAL,AR,CAL,PHYSICAL PORT DOWN,2025-05-10 09:59:13,2025-05-10 09:59:13,8623.968333333334,1.0,unknown,unknown,unknown,unknown,NORMAL,link_down,0.76
alarm_01159,2026-05-04 17:57:19,CRITICAL,AG,ICA,PHYSICAL PORT DOWN,2025-05-13 00:51:34,2025-05-13 00:51:34,8561.095833333333,1.0,unknown,unknown,unknown,unknown,NORMAL,link_down,0.76
alarm_01160,2026-05-04 17:57:19,CRITICAL,AG,ICA,PHYSICAL PORT DOWN,2025-05-13 00:51:38,2025-05-13 00:51:38,8561.094722222222,1.0,unknown,unknown,unknown,unknown,NORMAL,link_down,0.76
alarm_01161,2026-05-04 17:57:19,CRITICAL,AG,ICA,PHYSICAL PORT DOWN,2025-05-13 01:18:20,2025-05-13 01:18:20,8560.649722222222,1.0,unknown,unknown,unknown,unknown,NORMAL,link_down,0.76
alarm_01162,2026-05-04 17:57:19,CRITICAL,AG,ICA,PHYSICAL PORT DOWN,2025-05-13 01:23:59,2025-05-13 01:23:59,8560.555555555555,1.0,unknown,unknown,unknown,unknown,NORMAL,link_down,0.76
alarm_01163,2026-05-04 17:57:19,CRITICAL,AG,ICA,PHYSICAL PORT DOWN,2025-05-13 01:45:52,2025-05-13 01:45:52,8560.190833333334,1.0,unknown,unknown,unknown,unknown,NORMAL,link_down,0.76
alarm_01164,2026-05-04 17:57:19,CRITICAL,CA,SOU,PHYSICAL PORT DOWN,2025-05-14 00:03:06,2025-05-14 00:03:06,8537.90361111111,1.0,unknown,unknown,unknown,unknown,NORMAL,link_down,0.76
alarm_01165,2026-05-04 17:57:19,CRITICAL,CA,SOU,PHYSICAL PORT DOWN,2025-05-15 00:01:02,2025-05-15 00:01:02,8513.938055555556,1.0,unknown,unknown,unknown,unknown,NORMAL,link_down,0.76
alarm_01166,2026-05-04 17:57:19,CRITICAL,CA,SOU,PHYSICAL PORT DOWN,2025-05-15 00:01:02,2025-05-15 00:01:02,8513.938055555556,1.0,unknown,unknown,unknown,unknown,NORMAL,link_down,0.76
alarm_01167,2026-05-04 17:57:19,CRITICAL,CA,SOU,PHYSICAL PORT DOWN,2025-05-15 00:01:02,2025-05-15 00:01:02,8513.938055555556,1.0,unknown,unknown,unknown,unknown,NORMAL,link_down,0.76
alarm_01168,2026-05-04 17:57:19,CRITICAL,CA,SOU,PHYSICAL PORT DOWN,2025-05-15 00:01:02,2025-05-15 00:01:02,8513.938055555556,1.0,unknown,unknown,unknown,unknown,NORMAL,link_down,0.76
alarm_01169,2026-05-04 17:57:19,CRITICAL,CA,SOU,PHYSICAL PORT DOWN,2025-05-15 00:01:03,2025-05-15 00:01:03,8513.937777777777,1.0,unknown,unknown,unknown,unknown,NORMAL,link_down,0.76
alarm_01170,2026-05-04 17:57:19,CRITICAL,CA,SOU,PHYSICAL PORT DOWN,2025-05-15 00:01:03,2025-05-15 00:01:03,8513.937777777777,1.0,unknown,unknown,unknown,unknown,NORMAL,link_down,0.76
alarm_01171,2026-05-04 17:57:19,CRITICAL,CA,SOU,PHYSICAL PORT DOWN,2025-05-15 00:15:38,2025-05-15 00:15:38,8513.694722222222,1.0,unknown,unknown,unknown,unknown,NORMAL,link_down,0.76
alarm_01172,2026-05-04 17:57:19,CRITICAL,CA,SOU,PHYSICAL PORT DOWN,2025-05-15 00:15:38,2025-05-15 00:15:38,8513.694722222222,1.0,unknown,unknown,unknown,unknown,NORMAL,link_down,0.76
alarm_01173,2026-05-04 17:57:19,CRITICAL,CA,SOU,PHYSICAL PORT DOWN,2025-05-15 00:15:38,2025-05-15 00:15:38,8513.694722222222,1.0,unknown,unknown,unknown,unknown,NORMAL,link_down,0.76
alarm_01174,2026-05-04 17:57:19,CRITICAL,CA,SOU,PHYSICAL PORT DOWN,2025-05-15 00:15:38,2025-05-15 00:15:38,8513.694722222222,1.0,unknown,unknown,unknown,unknown,NORMAL,link_down,0.76
alarm_01175,2026-05-04 17:57:19,CRITICAL,CA,SOU,PHYSICAL PORT DOWN,2025-05-15 00:15:38,2025-05-15 00:15:38,8513.694722222222,1.0,unknown,unknown,unknown,unknown,NORMAL,link_down,0.76
alarm_01176,2026-05-04 17:57:19,CRITICAL,CA,SOU,PHYSICAL PORT DOWN,2025-05-15 00:15:39,2025-05-15 00:15:39,8513.694444444445,1.0,unknown,unknown,unknown,unknown,NORMAL,link_down,0.76
alarm_01177,2026-05-04 17:57:19,CRITICAL,CA,SOU,PHYSICAL PORT DOWN,2025-05-15 01:01:10,2025-05-15 01:01:10,8512.935833333333,1.0,unknown,unknown,unknown,unknown,NORMAL,link_down,0.76
alarm_01178,2026-05-04 17:57:19,CRITICAL,CA,SOU,PHYSICAL PORT DOWN,2025-05-15 01:01:10,2025-05-15 01:01:10,8512.935833333333,1.0,unknown,unknown,unknown,unknown,NORMAL,link_down,0.76
alarm_01179,2026-05-04 17:57:19,CRITICAL,CA,SOU,PHYSICAL PORT DOWN,2025-05-15 01:01:10,2025-05-15 01:01:10,8512.935833333333,1.0,unknown,unknown,unknown,unknown,NORMAL,link_down,0.76
alarm_01180,2026-05-04 17:57:19,CRITICAL,CA,SOU,PHYSICAL PORT DOWN,2025-05-15 01:01:11,2025-05-15 01:01:11,8512.935555555556,1.0,unknown,unknown,unknown,unknown,NORMAL,link_down,0.76
alarm_01181,2026-05-04 17:57:19,CRITICAL,CA,SOU,PHYSICAL PORT DOWN,2025-05-15 01:25:20,2025-05-15 01:25:20,8512.533055555556,1.0,unknown,unknown,unknown,unknown,NORMAL,link_down,0.76
alarm_01182,2026-05-04 17:57:19,CRITICAL,CA,SOU,PHYSICAL PORT DOWN,2025-05-15 01:25:20,2025-05-15 01:25:20,8512.533055555556,1.0,unknown,unknown,unknown,unknown,NORMAL,link_down,0.76
alarm_01183,2026-05-04 17:57:19,CRITICAL,CA,SOU,PHYSICAL PORT DOWN,2025-05-15 01:25:20,2025-05-15 01:25:20,8512.533055555556,1.0,unknown,unknown,unknown,unknown,NORMAL,link_down,0.76
alarm_01184,2026-05-04 17:57:19,CRITICAL,CA,SOU,PHYSICAL PORT DOWN,2025-05-15 01:25:20,2025-05-15 01:25:20,8512.533055555556,1.0,unknown,unknown,unknown,unknown,NORMAL,link_down,0.76
alarm_01185,2026-05-04 17:57:19,CRITICAL,AR,LOR,PHYSICAL PORT DOWN,2025-05-16 03:35:01,2025-05-16 03:35:01,8486.371666666666,1.0,unknown,unknown,unknown,unknown,NORMAL,link_down,0.76
alarm_01186,2026-05-04 17:57:19,CRITICAL,CA,SOU,PHYSICAL PORT DOWN,2025-05-16 05:25:25,2025-05-16 05:25:25,8484.531666666666,1.0,unknown,unknown,unknown,unknown,NORMAL,link_down,0.76
alarm_01187,2026-05-04 17:57:19,CRITICAL,CA,SOU,PHYSICAL PORT DOWN,2025-05-16 05:25:42,2025-05-16 05:25:42,8484.526944444444,1.0,unknown,unknown,unknown,unknown,NORMAL,link_down,0.76
alarm_01188,2026-05-04 17:57:19,CRITICAL,AG,JUN,PHYSICAL PORT DOWN,2025-05-16 16:42:48,2025-05-16 16:42:48,8473.241944444444,1.0,unknown,unknown,unknown,unknown,NORMAL,link_down,0.76
alarm_01189,2026-05-04 17:57:19,CRITICAL,AR,LAL,PHYSICAL PORT DOWN,2025-05-18 10:55:58,2025-05-18 10:55:58,8431.0225,1.0,unknown,unknown,unknown,unknown,NORMAL,link_down,0.76
alarm_01190,2026-05-04 17:57:19,CRITICAL,AR,LAL,PHYSICAL PORT DOWN,2025-05-18 10:55:58,2025-05-18 10:55:58,8431.0225,1.0,unknown,unknown,unknown,unknown,NORMAL,link_down,0.76
alarm_01191,2026-05-04 17:57:19,CRITICAL,AG,LAM,BOARD INVALID,2025-05-18 11:32:23,2025-05-18 11:32:23,8430.415555555555,1.0,unknown,unknown,unknown,unknown,NORMAL,other,0.66
alarm_01192,2026-05-04 17:57:19,CRITICAL,AG,PUN,PHYSICAL PORT DOWN,2025-05-19 11:57:47,2025-05-19 11:57:47,8405.992222222223,1.0,unknown,unknown,unknown,unknown,NORMAL,link_down,0.76
alarm_01193,2026-05-04 17:57:19,CRITICAL,AG,PUN,PHYSICAL PORT DOWN,2025-05-19 11:57:47,2025-05-19 11:57:47,8405.992222222223,1.0,unknown,unknown,unknown,unknown,NORMAL,link_down,0.76
alarm_01194,2026-05-04 17:57:19,CRITICAL,AG,CUS,PHYSICAL PORT DOWN,2025-05-19 12:06:18,2025-05-19 12:06:18,8405.850277777778,1.0,unknown,unknown,unknown,unknown,NORMAL,link_down,0.76
alarm_01195,2026-05-04 17:57:19,CRITICAL,AR,LAL,PHYSICAL PORT DOWN,2025-05-19 12:39:02,2025-05-19 12:39:02,8405.304722222223,1.0,unknown,unknown,unknown,unknown,NORMAL,link_down,0.76
alarm_01196,2026-05-04 17:57:19,CRITICAL,AR,LAL,PHYSICAL PORT DOWN,2025-05-19 15:30:45,2025-05-19 15:30:45,8402.442777777778,1.0,unknown,unknown,unknown,unknown,NORMAL,link_down,0.76
alarm_01197,2026-05-04 17:57:19,CRITICAL,AG,LIC,BOARD INVALID,2025-05-21 11:55:08,2025-05-21 11:55:08,8358.03638888889,1.0,unknown,unknown,unknown,unknown,NORMAL,other,0.66
alarm_01198,2026-05-04 17:57:19,CRITICAL,AG,CUS,PHYSICAL PORT DOWN,2025-05-21 18:22:20,2025-05-21 18:22:20,8351.583055555555,1.0,unknown,unknown,unknown,unknown,NORMAL,link_down,0.76
alarm_01199,2026-05-04 17:57:19,CRITICAL,AR,SAN,PHYSICAL PORT DOWN,2025-05-21 20:33:24,2025-05-21 20:33:24,8349.398611111112,1.0,unknown,unknown,unknown,unknown,NORMAL,link_down,0.76
alarm_01200,2026-05-04 17:57:19,CRITICAL,AG,CUS,PHYSICAL PORT DOWN,2025-05-22 12:31:46,2025-05-22 12:31:46,8333.425833333333,1.0,unknown,unknown,unknown,unknown,NORMAL,link_down,0.76
alarm_01201,2026-05-04 17:57:19,CRITICAL,AG,CUS,PHYSICAL PORT DOWN,2025-05-22 12:31:53,2025-05-22 12:31:53,8333.423888888889,1.0,unknown,unknown,unknown,unknown,NORMAL,link_down,0.76
alarm_01202,2026-05-04 17:57:19,CRITICAL,AR,PUN,PHYSICAL PORT DOWN,2025-05-25 09:55:50,2025-05-25 09:55:50,8264.024722222222,1.0,unknown,unknown,unknown,unknown,NORMAL,link_down,0.76
alarm_01203,2026-05-04 17:57:19,CRITICAL,AG,LIP,PHYSICAL PORT DOWN,2025-05-26 15:02:17,2025-05-26 15:02:17,8234.917222222222,1.0,unknown,unknown,unknown,unknown,NORMAL,link_down,0.76
alarm_01204,2026-05-04 17:57:19,CRITICAL,AG,CUS,PHYSICAL PORT DOWN,2025-05-27 14:24:45,2025-05-27 14:24:45,8211.542777777779,1.0,unknown,unknown,unknown,unknown,NORMAL,link_down,0.76
alarm_01205,2026-05-04 17:57:19,CRITICAL,AG,LAM,PHYSICAL PORT DOWN,2025-05-30 11:59:56,2025-05-30 11:59:56,8141.956388888889,1.0,unknown,unknown,unknown,unknown,NORMAL,link_down,0.76
alarm_01206,2026-05-04 17:57:19,CRITICAL,AG,LAL,PHYSICAL PORT DOWN,2025-06-02 10:51:36,2025-06-02 10:51:36,8071.0952777777775,1.0,unknown,unknown,unknown,unknown,NORMAL,link_down,0.76
alarm_01207,2026-05-04 17:57:19,CRITICAL,AG,LAL,PHYSICAL PORT DOWN,2025-06-02 10:51:36,2025-06-02 10:51:36,8071.0952777777775,1.0,unknown,unknown,unknown,unknown,NORMAL,link_down,0.76
alarm_01208,2026-05-04 17:57:19,CRITICAL,AG,APU,PHYSICAL PORT DOWN,2025-06-02 14:15:48,2025-06-02 14:15:48,8067.691944444445,1.0,unknown,unknown,unknown,unknown,NORMAL,link_down,0.76
alarm_01209,2026-05-04 17:57:19,CRITICAL,AG,APU,PHYSICAL PORT DOWN,2025-06-02 14:16:23,2025-06-02 14:16:23,8067.682222222223,1.0,unknown,unknown,unknown,unknown,NORMAL,link_down,0.76
alarm_01210,2026-05-04 17:57:19,CRITICAL,CA,SOU,BOARD INVALID,2025-06-03 00:14:46,2025-06-03 00:14:46,8057.7091666666665,1.0,unknown,unknown,unknown,unknown,NORMAL,other,0.66
alarm_01211,2026-05-04 17:57:19,CRITICAL,CA,SOU,BOARD INVALID,2025-06-03 00:18:39,2025-06-03 00:18:39,8057.644444444444,1.0,unknown,unknown,unknown,unknown,NORMAL,other,0.66
alarm_01212,2026-05-04 17:57:19,CRITICAL,CA,SOU,BOARD INVALID,2025-06-03 00:20:25,2025-06-03 00:20:25,8057.615,1.0,unknown,unknown,unknown,unknown,NORMAL,other,0.66
alarm_01213,2026-05-04 17:57:19,CRITICAL,AG,ANC,PHYSICAL PORT DOWN,2025-06-03 16:20:47,2025-06-03 16:20:47,8041.608888888889,1.0,unknown,unknown,unknown,unknown,NORMAL,link_down,0.76
alarm_01214,2026-05-04 17:57:19,CRITICAL,AG,ANC,PHYSICAL PORT DOWN,2025-06-03 16:20:51,2025-06-03 16:20:51,8041.607777777778,1.0,unknown,unknown,unknown,unknown,NORMAL,link_down,0.76
alarm_01215,2026-05-04 17:57:19,CRITICAL,AG,LAM,PHYSICAL PORT DOWN,2025-06-04 14:09:23,2025-06-04 14:09:23,8019.7988888888885,1.0,unknown,unknown,unknown,unknown,NORMAL,link_down,0.76
alarm_01216,2026-05-04 17:57:19,CRITICAL,AG,LAM,PHYSICAL PORT DOWN,2025-06-04 14:09:23,2025-06-04 14:09:23,8019.7988888888885,1.0,unknown,unknown,unknown,unknown,NORMAL,link_down,0.76
alarm_01217,2026-05-04 17:57:19,CRITICAL,AG,ICA,PHYSICAL PORT DOWN,2025-06-04 21:09:03,2025-06-04 21:09:03,8012.804444444444,1.0,unknown,unknown,unknown,unknown,NORMAL,link_down,0.76
alarm_01218,2026-05-04 17:57:19,CRITICAL,CA,LIM,PHYSICAL PORT DOWN,2025-06-05 02:32:08,2025-06-05 02:32:08,8007.419722222222,1.0,unknown,unknown,unknown,unknown,NORMAL,link_down,0.76
alarm_01219,2026-05-04 17:57:19,CRITICAL,CA,NOR,PHYSICAL PORT DOWN,2025-06-05 02:32:09,2025-06-05 02:32:09,8007.419444444445,1.0,unknown,unknown,unknown,unknown,NORMAL,link_down,0.76
alarm_01220,2026-05-04 17:57:19,CRITICAL,CA,SOU,PHYSICAL PORT DOWN,2025-06-05 02:32:11,2025-06-05 02:32:11,8007.418888888889,1.0,unknown,unknown,unknown,unknown,NORMAL,link_down,0.76
alarm_01221,2026-05-04 17:57:19,CRITICAL,CA,LIM,PHYSICAL PORT DOWN,2025-06-05 02:32:11,2025-06-05 02:32:11,8007.418888888889,1.0,unknown,unknown,unknown,unknown,NORMAL,link_down,0.76
alarm_01222,2026-05-04 17:57:19,CRITICAL,CA,NOR,PHYSICAL PORT DOWN,2025-06-05 02:32:13,2025-06-05 02:32:13,8007.418333333333,1.0,unknown,unknown,unknown,unknown,NORMAL,link_down,0.76
alarm_01223,2026-05-04 17:57:19,CRITICAL,CA,SOU,PHYSICAL PORT DOWN,2025-06-05 02:32:14,2025-06-05 02:32:14,8007.418055555556,1.0,unknown,unknown,unknown,unknown,NORMAL,link_down,0.76
alarm_01224,2026-05-04 17:57:19,CRITICAL,CA,SOU,PHYSICAL PORT DOWN,2025-06-05 02:32:16,2025-06-05 02:32:16,8007.4175,1.0,unknown,unknown,unknown,unknown,NORMAL,link_down,0.76
alarm_01225,2026-05-04 17:57:19,CRITICAL,CA,SOU,PHYSICAL PORT DOWN,2025-06-05 02:32:18,2025-06-05 02:32:18,8007.416944444444,1.0,unknown,unknown,unknown,unknown,NORMAL,link_down,0.76
alarm_01226,2026-05-04 17:57:19,CRITICAL,CA,NOR,PHYSICAL PORT DOWN,2025-06-05 02:32:31,2025-06-05 02:32:31,8007.413333333333,1.0,unknown,unknown,unknown,unknown,NORMAL,link_down,0.76
alarm_01227,2026-05-04 17:57:19,CRITICAL,CA,NOR,PHYSICAL PORT DOWN,2025-06-05 02:32:35,2025-06-05 02:32:35,8007.412222222222,1.0,unknown,unknown,unknown,unknown,NORMAL,link_down,0.76
alarm_01228,2026-05-04 17:57:19,CRITICAL,AR,PUN,PHYSICAL PORT DOWN,2025-06-05 10:43:19,2025-06-05 10:43:19,7999.233333333334,1.0,unknown,unknown,unknown,unknown,NORMAL,link_down,0.76
alarm_01229,2026-05-04 17:57:19,CRITICAL,AG,PIU,PHYSICAL PORT DOWN,2025-06-05 11:31:01,2025-06-05 11:31:01,7998.4383333333335,1.0,unknown,unknown,unknown,unknown,NORMAL,link_down,0.76
alarm_01230,2026-05-04 17:57:19,CRITICAL,AG,PIU,PHYSICAL PORT DOWN,2025-06-05 11:34:46,2025-06-05 11:34:46,7998.3758333333335,1.0,unknown,unknown,unknown,unknown,NORMAL,link_down,0.76
alarm_01231,2026-05-04 17:57:19,CRITICAL,AG,CUS,PHYSICAL PORT DOWN,2025-06-05 11:50:25,2025-06-05 11:50:25,7998.115,1.0,unknown,unknown,unknown,unknown,NORMAL,link_down,0.76
alarm_01232,2026-05-04 17:57:19,CRITICAL,AG,CUS,PHYSICAL PORT DOWN,2025-06-05 11:50:30,2025-06-05 11:50:30,7998.113611111111,1.0,unknown,unknown,unknown,unknown,NORMAL,link_down,0.76
alarm_01233,2026-05-04 17:57:19,CRITICAL,AG,ANC,PHYSICAL PORT DOWN,2025-06-05 11:56:23,2025-06-05 11:56:23,7998.015555555556,1.0,unknown,unknown,unknown,unknown,NORMAL,link_down,0.76
alarm_01234,2026-05-04 17:57:19,CRITICAL,AG,ANC,PHYSICAL PORT DOWN,2025-06-05 11:56:23,2025-06-05 11:56:23,7998.015555555556,1.0,unknown,unknown,unknown,unknown,NORMAL,link_down,0.76
alarm_01235,2026-05-04 17:57:19,CRITICAL,AG,SAN,PHYSICAL PORT DOWN,2025-06-05 12:27:01,2025-06-05 12:27:01,7997.505,1.0,unknown,unknown,unknown,unknown,NORMAL,link_down,0.76
alarm_01236,2026-05-04 17:57:19,CRITICAL,AG,SAN,PHYSICAL PORT DOWN,2025-06-05 12:27:01,2025-06-05 12:27:01,7997.505,1.0,unknown,unknown,unknown,unknown,NORMAL,link_down,0.76
alarm_01237,2026-05-04 17:57:19,CRITICAL,AG,LAM,PHYSICAL PORT DOWN,2025-06-05 14:26:39,2025-06-05 14:26:39,7995.511111111111,1.0,unknown,unknown,unknown,unknown,NORMAL,link_down,0.76
alarm_01238,2026-05-04 17:57:19,CRITICAL,AG,LAM,PHYSICAL PORT DOWN,2025-06-05 14:26:56,2025-06-05 14:26:56,7995.506388888889,1.0,unknown,unknown,unknown,unknown,NORMAL,link_down,0.76
alarm_01239,2026-05-04 17:57:19,CRITICAL,AG,LAM,PHYSICAL PORT DOWN,2025-06-06 09:33:22,2025-06-06 09:33:22,7976.399166666667,1.0,unknown,unknown,unknown,unknown,NORMAL,link_down,0.76
alarm_01240,2026-05-04 17:57:19,CRITICAL,AG,ANC,PHYSICAL PORT DOWN,2025-06-06 12:10:23,2025-06-06 12:10:23,7973.782222222222,1.0,unknown,unknown,unknown,unknown,NORMAL,link_down,0.76
alarm_01241,2026-05-04 17:57:19,CRITICAL,AG,PUN,PHYSICAL PORT DOWN,2025-06-07 16:55:22,2025-06-07 16:55:22,7945.0325,1.0,unknown,unknown,unknown,unknown,NORMAL,link_down,0.76
alarm_01242,2026-05-04 17:57:19,CRITICAL,AG,PUN,PHYSICAL PORT DOWN,2025-06-07 16:55:24,2025-06-07 16:55:24,7945.031944444445,1.0,unknown,unknown,unknown,unknown,NORMAL,link_down,0.76
alarm_01243,2026-05-04 17:57:19,CRITICAL,AG,CUS,PHYSICAL PORT DOWN,2025-06-09 10:38:31,2025-06-09 10:38:31,7903.3133333333335,1.0,unknown,unknown,unknown,unknown,NORMAL,link_down,0.76
alarm_01244,2026-05-04 17:57:19,CRITICAL,AG,CUS,PHYSICAL PORT DOWN,2025-06-09 10:38:43,2025-06-09 10:38:43,7903.31,1.0,unknown,unknown,unknown,unknown,NORMAL,link_down,0.76
alarm_01245,2026-05-04 17:57:19,CRITICAL,AG,ICA,PHYSICAL PORT DOWN,2025-06-09 11:59:37,2025-06-09 11:59:37,7901.961666666667,1.0,unknown,unknown,unknown,unknown,NORMAL,link_down,0.76
alarm_01246,2026-05-04 17:57:19,CRITICAL,AG,ICA,PHYSICAL PORT DOWN,2025-06-09 11:59:37,2025-06-09 11:59:37,7901.961666666667,1.0,unknown,unknown,unknown,unknown,NORMAL,link_down,0.76
alarm_01247,2026-05-04 17:57:19,CRITICAL,AG,AYA,PHYSICAL PORT DOWN,2025-06-09 20:28:50,2025-06-09 20:28:50,7893.474722222222,1.0,unknown,unknown,unknown,unknown,NORMAL,link_down,0.76
alarm_01248,2026-05-04 17:57:19,CRITICAL,AG,AYA,PHYSICAL PORT DOWN,2025-06-09 20:28:50,2025-06-09 20:28:50,7893.474722222222,1.0,unknown,unknown,unknown,unknown,NORMAL,link_down,0.76
alarm_01249,2026-05-04 17:57:19,CRITICAL,AG,AYA,PHYSICAL PORT DOWN,2025-06-09 20:28:50,2025-06-09 20:28:50,7893.474722222222,1.0,unknown,unknown,unknown,unknown,NORMAL,link_down,0.76
alarm_01250,2026-05-04 17:57:19,CRITICAL,AR,LOR,PHYSICAL PORT DOWN,2025-06-10 09:03:43,2025-06-10 09:03:43,7880.893333333333,1.0,unknown,unknown,unknown,unknown,NORMAL,link_down,0.76
alarm_01251,2026-05-04 17:57:19,CRITICAL,AG,ANC,PHYSICAL PORT DOWN,2025-06-10 10:28:32,2025-06-10 10:28:32,7879.479722222222,1.0,unknown,unknown,unknown,unknown,NORMAL,link_down,0.76
alarm_01252,2026-05-04 17:57:19,CRITICAL,CA,SOU,PHYSICAL PORT DOWN,2025-06-11 01:49:16,2025-06-11 01:49:16,7864.134166666667,1.0,unknown,unknown,unknown,unknown,NORMAL,link_down,0.76
alarm_01253,2026-05-04 17:57:19,CRITICAL,CA,SOU,PHYSICAL PORT DOWN,2025-06-11 01:49:20,2025-06-11 01:49:20,7864.133055555556,1.0,unknown,unknown,unknown,unknown,NORMAL,link_down,0.76
alarm_01254,2026-05-04 17:57:19,CRITICAL,CA,SOU,PHYSICAL PORT DOWN,2025-06-11 01:49:23,2025-06-11 01:49:23,7864.1322222222225,1.0,unknown,unknown,unknown,unknown,NORMAL,link_down,0.76
alarm_01255,2026-05-04 17:57:19,CRITICAL,AG,AYA,PHYSICAL PORT DOWN,2025-06-11 14:43:57,2025-06-11 14:43:57,7851.222777777778,1.0,unknown,unknown,unknown,unknown,NORMAL,link_down,0.76
alarm_01256,2026-05-04 17:57:19,CRITICAL,AG,CUS,PHYSICAL PORT DOWN,2025-06-13 11:23:36,2025-06-13 11:23:36,7806.561944444445,1.0,unknown,unknown,unknown,unknown,NORMAL,link_down,0.76
alarm_01257,2026-05-04 17:57:19,CRITICAL,AG,CUS,PHYSICAL PORT DOWN,2025-06-13 11:24:06,2025-06-13 11:24:06,7806.553611111111,1.0,unknown,unknown,unknown,unknown,NORMAL,link_down,0.76
alarm_01258,2026-05-04 17:57:19,CRITICAL,AR,LAL,PHYSICAL PORT DOWN,2025-06-13 11:56:00,2025-06-13 11:56:00,7806.021944444445,1.0,unknown,unknown,unknown,unknown,NORMAL,link_down,0.76
alarm_01259,2026-05-04 17:57:19,CRITICAL,AR,CAL,PHYSICAL PORT DOWN,2025-06-14 20:01:26,2025-06-14 20:01:26,7773.931388888889,1.0,unknown,unknown,unknown,unknown,NORMAL,link_down,0.76
alarm_01260,2026-05-04 17:57:19,CRITICAL,AG,LIC,BOARD INVALID,2025-06-15 07:43:58,2025-06-15 07:43:58,7762.2225,1.0,unknown,unknown,unknown,unknown,NORMAL,other,0.66
alarm_01261,2026-05-04 17:57:19,CRITICAL,AR,CUS,PHYSICAL PORT DOWN,2025-06-16 12:52:09,2025-06-16 12:52:09,7733.086111111111,1.0,unknown,unknown,unknown,ACKNOWLEDGED,NORMAL,link_down,0.76
alarm_01262,2026-05-04 17:57:19,CRITICAL,AR,PUN,PHYSICAL PORT DOWN,2025-06-16 14:15:00,2025-06-16 14:15:00,7731.705277777778,1.0,unknown,unknown,unknown,unknown,NORMAL,link_down,0.76
alarm_01263,2026-05-04 17:57:19,CRITICAL,CA,SOU,PHYSICAL PORT DOWN,2025-06-17 01:48:02,2025-06-17 01:48:02,7720.1547222222225,1.0,unknown,unknown,unknown,unknown,NORMAL,link_down,0.76
alarm_01264,2026-05-04 17:57:19,CRITICAL,AG,LAL,PHYSICAL PORT DOWN,2025-06-18 18:44:15,2025-06-18 18:44:15,7679.217777777778,1.0,unknown,unknown,unknown,unknown,NORMAL,link_down,0.76
alarm_01265,2026-05-04 17:57:19,CRITICAL,CA,SOU,PHYSICAL PORT DOWN,2025-06-19 00:20:53,2025-06-19 00:20:53,7673.607222222222,1.0,unknown,unknown,unknown,unknown,NORMAL,link_down,0.76
alarm_01266,2026-05-04 17:57:19,CRITICAL,CA,SOU,PHYSICAL PORT DOWN,2025-06-19 00:43:20,2025-06-19 00:43:20,7673.233055555555,1.0,unknown,unknown,unknown,unknown,NORMAL,link_down,0.76
alarm_01267,2026-05-04 17:57:19,CRITICAL,AG,PUN,PHYSICAL PORT DOWN,2025-06-19 14:40:22,2025-06-19 14:40:22,7659.2825,1.0,unknown,unknown,unknown,unknown,NORMAL,link_down,0.76
alarm_01268,2026-05-04 17:57:19,CRITICAL,AR,LIC,PHYSICAL PORT DOWN,2025-06-19 16:48:35,2025-06-19 16:48:35,7657.145555555556,1.0,unknown,unknown,unknown,unknown,NORMAL,link_down,0.76
alarm_01269,2026-05-04 17:57:19,CRITICAL,AG,PUN,PHYSICAL PORT DOWN,2025-06-20 13:40:24,2025-06-20 13:40:24,7636.281944444445,1.0,unknown,unknown,unknown,unknown,NORMAL,link_down,0.76
alarm_01270,2026-05-04 17:57:19,CRITICAL,AG,PUN,PHYSICAL PORT DOWN,2025-06-20 16:38:46,2025-06-20 16:38:46,7633.309166666667,1.0,unknown,unknown,unknown,unknown,NORMAL,link_down,0.76
alarm_01271,2026-05-04 17:57:19,CRITICAL,AR,PUN,PHYSICAL PORT DOWN,2025-06-20 16:39:09,2025-06-20 16:39:09,7633.302777777778,1.0,unknown,unknown,unknown,unknown,NORMAL,link_down,0.76
alarm_01272,2026-05-04 17:57:19,CRITICAL,AG,LIC,PHYSICAL PORT DOWN,2025-06-21 13:36:57,2025-06-21 13:36:57,7612.339444444445,1.0,unknown,unknown,unknown,unknown,NORMAL,link_down,0.76
alarm_01273,2026-05-04 17:57:19,CRITICAL,AG,PUN,PHYSICAL PORT DOWN,2025-06-21 14:17:45,2025-06-21 14:17:45,7611.6594444444445,1.0,unknown,unknown,unknown,unknown,NORMAL,link_down,0.76
alarm_01274,2026-05-04 17:57:19,CRITICAL,AG,PUN,PHYSICAL PORT DOWN,2025-06-21 14:27:07,2025-06-21 14:27:07,7611.503333333333,1.0,unknown,unknown,unknown,unknown,NORMAL,link_down,0.76
alarm_01275,2026-05-04 17:57:19,CRITICAL,CA,SOU,PHYSICAL PORT DOWN,2025-06-23 00:19:31,2025-06-23 00:19:31,7577.63,1.0,unknown,unknown,unknown,unknown,NORMAL,link_down,0.76
alarm_01276,2026-05-04 17:57:19,CRITICAL,CA,SOU,PHYSICAL PORT DOWN,2025-06-23 00:19:31,2025-06-23 00:19:31,7577.63,1.0,unknown,unknown,unknown,unknown,NORMAL,link_down,0.76
alarm_01277,2026-05-04 17:57:19,CRITICAL,CA,SOU,PHYSICAL PORT DOWN,2025-06-23 00:36:29,2025-06-23 00:36:29,7577.347222222223,1.0,unknown,unknown,unknown,unknown,NORMAL,link_down,0.76
alarm_01278,2026-05-04 17:57:19,CRITICAL,CA,SOU,PHYSICAL PORT DOWN,2025-06-23 00:36:29,2025-06-23 00:36:29,7577.347222222223,1.0,unknown,unknown,unknown,unknown,NORMAL,link_down,0.76
alarm_01279,2026-05-04 17:57:19,CRITICAL,CA,SOU,PHYSICAL PORT DOWN,2025-06-23 00:38:03,2025-06-23 00:38:03,7577.321111111111,1.0,unknown,unknown,unknown,unknown,NORMAL,link_down,0.76
alarm_01280,2026-05-04 17:57:19,CRITICAL,CA,SOU,PHYSICAL PORT DOWN,2025-06-23 00:38:03,2025-06-23 00:38:03,7577.321111111111,1.0,unknown,unknown,unknown,unknown,NORMAL,link_down,0.76
alarm_01281,2026-05-04 17:57:19,CRITICAL,AG,LIC,PHYSICAL PORT DOWN,2025-06-23 11:32:57,2025-06-23 11:32:57,7566.406111111111,1.0,unknown,unknown,unknown,unknown,NORMAL,link_down,0.76
alarm_01282,2026-05-04 17:57:19,CRITICAL,AG,LIC,PHYSICAL PORT DOWN,2025-06-23 13:54:23,2025-06-23 13:54:23,7564.0488888888885,1.0,unknown,unknown,unknown,unknown,NORMAL,link_down,0.76
alarm_01283,2026-05-04 17:57:19,CRITICAL,AG,UNKNOWN,PHYSICAL PORT DOWN,2025-06-23 16:01:14,2025-06-23 16:01:14,7561.934722222222,1.0,unknown,unknown,unknown,unknown,NORMAL,link_down,0.76
alarm_01284,2026-05-04 17:57:19,CRITICAL,AG,LIC,PHYSICAL PORT DOWN,2025-06-23 17:29:03,2025-06-23 17:29:03,7560.471111111111,1.0,unknown,unknown,unknown,unknown,NORMAL,link_down,0.76
alarm_01285,2026-05-04 17:57:19,CRITICAL,AG,PUN,PHYSICAL PORT DOWN,2025-06-23 17:43:38,2025-06-23 17:43:38,7560.228055555555,1.0,unknown,unknown,unknown,unknown,NORMAL,link_down,0.76
alarm_01286,2026-05-04 17:57:19,CRITICAL,AG,PUN,PHYSICAL PORT DOWN,2025-06-23 17:43:38,2025-06-23 17:43:38,7560.228055555555,1.0,unknown,unknown,unknown,unknown,NORMAL,link_down,0.76
alarm_01287,2026-05-04 17:57:19,CRITICAL,AG,LIC,PHYSICAL PORT DOWN,2025-06-23 18:52:27,2025-06-23 18:52:27,7559.081111111111,1.0,unknown,unknown,unknown,unknown,NORMAL,link_down,0.76
alarm_01288,2026-05-04 17:57:19,CRITICAL,CA,SOU,PHYSICAL PORT DOWN,2025-06-24 00:09:12,2025-06-24 00:09:12,7553.801944444444,1.0,unknown,unknown,unknown,unknown,NORMAL,link_down,0.76
alarm_01289,2026-05-04 17:57:19,CRITICAL,CA,SOU,PHYSICAL PORT DOWN,2025-06-24 00:10:53,2025-06-24 00:10:53,7553.773888888889,1.0,unknown,unknown,unknown,unknown,NORMAL,link_down,0.76
alarm_01290,2026-05-04 17:57:19,CRITICAL,CA,SOU,PHYSICAL PORT DOWN,2025-06-24 00:51:17,2025-06-24 00:51:17,7553.100555555556,1.0,unknown,unknown,unknown,unknown,NORMAL,link_down,0.76
alarm_01291,2026-05-04 17:57:19,CRITICAL,CA,SOU,PHYSICAL PORT DOWN,2025-06-24 00:51:20,2025-06-24 00:51:20,7553.099722222222,1.0,unknown,unknown,unknown,unknown,NORMAL,link_down,0.76
alarm_01292,2026-05-04 17:57:19,CRITICAL,CA,SOU,PHYSICAL PORT DOWN,2025-06-24 00:56:11,2025-06-24 00:56:11,7553.018888888889,1.0,unknown,unknown,unknown,unknown,NORMAL,link_down,0.76
alarm_01293,2026-05-04 17:57:19,CRITICAL,CA,SOU,PHYSICAL PORT DOWN,2025-06-24 00:57:51,2025-06-24 00:57:51,7552.991111111111,1.0,unknown,unknown,unknown,unknown,NORMAL,link_down,0.76
alarm_01294,2026-05-04 17:57:19,CRITICAL,CA,SOU,PHYSICAL PORT DOWN,2025-06-24 00:57:58,2025-06-24 00:57:58,7552.989166666666,1.0,unknown,unknown,unknown,unknown,NORMAL,link_down,0.76
alarm_01295,2026-05-04 17:57:19,CRITICAL,CA,SOU,PHYSICAL PORT DOWN,2025-06-24 00:58:05,2025-06-24 00:58:05,7552.987222222222,1.0,unknown,unknown,unknown,unknown,NORMAL,link_down,0.76
alarm_01296,2026-05-04 17:57:19,CRITICAL,CA,SOU,PHYSICAL PORT DOWN,2025-06-24 00:58:19,2025-06-24 00:58:19,7552.983333333334,1.0,unknown,unknown,unknown,unknown,NORMAL,link_down,0.76
alarm_01297,2026-05-04 17:57:19,CRITICAL,CA,SOU,PHYSICAL PORT DOWN,2025-06-24 00:58:27,2025-06-24 00:58:27,7552.981111111111,1.0,unknown,unknown,unknown,unknown,NORMAL,link_down,0.76
alarm_01298,2026-05-04 17:57:19,CRITICAL,CA,SOU,PHYSICAL PORT DOWN,2025-06-24 00:59:34,2025-06-24 00:59:34,7552.9625,1.0,unknown,unknown,unknown,unknown,NORMAL,link_down,0.76
alarm_01299,2026-05-04 17:57:19,CRITICAL,CA,SOU,PHYSICAL PORT DOWN,2025-06-24 00:59:43,2025-06-24 00:59:43,7552.96,1.0,unknown,unknown,unknown,unknown,NORMAL,link_down,0.76
alarm_01300,2026-05-04 17:57:19,CRITICAL,CA,SOU,PHYSICAL PORT DOWN,2025-06-24 00:59:52,2025-06-24 00:59:52,7552.9575,1.0,unknown,unknown,unknown,unknown,NORMAL,link_down,0.76
alarm_01301,2026-05-04 17:57:19,CRITICAL,CA,SOU,PHYSICAL PORT DOWN,2025-06-24 00:59:57,2025-06-24 00:59:57,7552.956111111111,1.0,unknown,unknown,unknown,unknown,NORMAL,link_down,0.76
alarm_01302,2026-05-04 17:57:19,CRITICAL,CA,SOU,PHYSICAL PORT DOWN,2025-06-24 01:00:04,2025-06-24 01:00:04,7552.954166666666,1.0,unknown,unknown,unknown,unknown,NORMAL,link_down,0.76
alarm_01303,2026-05-04 17:57:19,CRITICAL,CA,SOU,PHYSICAL PORT DOWN,2025-06-24 01:00:10,2025-06-24 01:00:10,7552.9525,1.0,unknown,unknown,unknown,unknown,NORMAL,link_down,0.76
alarm_01304,2026-05-04 17:57:19,CRITICAL,CA,SOU,PHYSICAL PORT DOWN,2025-06-24 01:00:17,2025-06-24 01:00:17,7552.950555555555,1.0,unknown,unknown,unknown,unknown,NORMAL,link_down,0.76
alarm_01305,2026-05-04 17:57:19,CRITICAL,CA,SOU,PHYSICAL PORT DOWN,2025-06-24 01:00:22,2025-06-24 01:00:22,7552.949166666666,1.0,unknown,unknown,unknown,unknown,NORMAL,link_down,0.76
alarm_01306,2026-05-04 17:57:19,CRITICAL,CA,SOU,PHYSICAL PORT DOWN,2025-06-24 01:00:31,2025-06-24 01:00:31,7552.946666666667,1.0,unknown,unknown,unknown,unknown,NORMAL,link_down,0.76
alarm_01307,2026-05-04 17:57:19,CRITICAL,CA,SOU,PHYSICAL PORT DOWN,2025-06-24 01:00:39,2025-06-24 01:00:39,7552.944444444444,1.0,unknown,unknown,unknown,unknown,NORMAL,link_down,0.76
alarm_01308,2026-05-04 17:57:19,CRITICAL,CA,SOU,PHYSICAL PORT DOWN,2025-06-24 01:01:50,2025-06-24 01:01:50,7552.924722222222,1.0,unknown,unknown,unknown,unknown,NORMAL,link_down,0.76
alarm_01309,2026-05-04 17:57:19,CRITICAL,CA,SOU,PHYSICAL PORT DOWN,2025-06-24 01:01:56,2025-06-24 01:01:56,7552.923055555556,1.0,unknown,unknown,unknown,unknown,NORMAL,link_down,0.76
alarm_01310,2026-05-04 17:57:19,CRITICAL,CA,SOU,PHYSICAL PORT DOWN,2025-06-24 01:02:11,2025-06-24 01:02:11,7552.918888888889,1.0,unknown,unknown,unknown,unknown,NORMAL,link_down,0.76
alarm_01311,2026-05-04 17:57:19,CRITICAL,CA,SOU,PHYSICAL PORT DOWN,2025-06-24 01:02:22,2025-06-24 01:02:22,7552.9158333333335,1.0,unknown,unknown,unknown,unknown,NORMAL,link_down,0.76
alarm_01312,2026-05-04 17:57:19,CRITICAL,CA,SOU,PHYSICAL PORT DOWN,2025-06-24 01:56:43,2025-06-24 01:56:43,7552.01,1.0,unknown,unknown,unknown,unknown,NORMAL,link_down,0.76
alarm_01313,2026-05-04 17:57:19,CRITICAL,CA,SOU,PHYSICAL PORT DOWN,2025-06-24 01:57:52,2025-06-24 01:57:52,7551.990833333333,1.0,unknown,unknown,unknown,unknown,NORMAL,link_down,0.76
alarm_01314,2026-05-04 17:57:19,CRITICAL,CA,SOU,PHYSICAL PORT DOWN,2025-06-24 01:57:56,2025-06-24 01:57:56,7551.989722222223,1.0,unknown,unknown,unknown,unknown,NORMAL,link_down,0.76
alarm_01315,2026-05-04 17:57:19,CRITICAL,CA,SOU,PHYSICAL PORT DOWN,2025-06-24 01:58:02,2025-06-24 01:58:02,7551.988055555556,1.0,unknown,unknown,unknown,unknown,NORMAL,link_down,0.76
alarm_01316,2026-05-04 17:57:19,CRITICAL,CA,SOU,PHYSICAL PORT DOWN,2025-06-24 01:58:03,2025-06-24 01:58:03,7551.987777777777,1.0,unknown,unknown,unknown,unknown,NORMAL,link_down,0.76
alarm_01317,2026-05-04 17:57:19,CRITICAL,CA,SOU,PHYSICAL PORT DOWN,2025-06-24 01:58:10,2025-06-24 01:58:10,7551.985833333333,1.0,unknown,unknown,unknown,unknown,NORMAL,link_down,0.76
alarm_01318,2026-05-04 17:57:19,CRITICAL,CA,SOU,PHYSICAL PORT DOWN,2025-06-24 01:58:19,2025-06-24 01:58:19,7551.983333333334,1.0,unknown,unknown,unknown,unknown,NORMAL,link_down,0.76
alarm_01319,2026-05-04 17:57:19,CRITICAL,CA,SOU,PHYSICAL PORT DOWN,2025-06-24 01:58:25,2025-06-24 01:58:25,7551.981666666667,1.0,unknown,unknown,unknown,unknown,NORMAL,link_down,0.76
alarm_01320,2026-05-04 17:57:19,CRITICAL,CA,SOU,PHYSICAL PORT DOWN,2025-06-24 01:58:32,2025-06-24 01:58:32,7551.979722222222,1.0,unknown,unknown,unknown,unknown,NORMAL,link_down,0.76
alarm_01321,2026-05-04 17:57:19,CRITICAL,CA,SOU,PHYSICAL PORT DOWN,2025-06-24 01:58:48,2025-06-24 01:58:48,7551.975277777778,1.0,unknown,unknown,unknown,unknown,NORMAL,link_down,0.76
alarm_01322,2026-05-04 17:57:19,CRITICAL,CA,SOU,PHYSICAL PORT DOWN,2025-06-24 01:59:16,2025-06-24 01:59:16,7551.9675,1.0,unknown,unknown,unknown,unknown,NORMAL,link_down,0.76
alarm_01323,2026-05-04 17:57:19,CRITICAL,CA,SOU,PHYSICAL PORT DOWN,2025-06-24 01:59:21,2025-06-24 01:59:21,7551.966111111111,1.0,unknown,unknown,unknown,unknown,NORMAL,link_down,0.76
alarm_01324,2026-05-04 17:57:19,CRITICAL,CA,SOU,PHYSICAL PORT DOWN,2025-06-24 01:59:27,2025-06-24 01:59:27,7551.964444444445,1.0,unknown,unknown,unknown,unknown,NORMAL,link_down,0.76
alarm_01325,2026-05-04 17:57:19,CRITICAL,CA,SOU,PHYSICAL PORT DOWN,2025-06-24 01:59:32,2025-06-24 01:59:32,7551.963055555556,1.0,unknown,unknown,unknown,unknown,NORMAL,link_down,0.76
alarm_01326,2026-05-04 17:57:19,CRITICAL,CA,SOU,PHYSICAL PORT DOWN,2025-06-24 01:59:38,2025-06-24 01:59:38,7551.961388888889,1.0,unknown,unknown,unknown,unknown,NORMAL,link_down,0.76
alarm_01327,2026-05-04 17:57:19,CRITICAL,CA,SOU,PHYSICAL PORT DOWN,2025-06-24 01:59:43,2025-06-24 01:59:43,7551.96,1.0,unknown,unknown,unknown,unknown,NORMAL,link_down,0.76
alarm_01328,2026-05-04 17:57:19,CRITICAL,CA,SOU,PHYSICAL PORT DOWN,2025-06-24 01:59:47,2025-06-24 01:59:47,7551.958888888889,1.0,unknown,unknown,unknown,unknown,NORMAL,link_down,0.76
alarm_01329,2026-05-04 17:57:19,CRITICAL,CA,SOU,PHYSICAL PORT DOWN,2025-06-24 01:59:52,2025-06-24 01:59:52,7551.9575,1.0,unknown,unknown,unknown,unknown,NORMAL,link_down,0.76
alarm_01330,2026-05-04 17:57:19,CRITICAL,CA,SOU,PHYSICAL PORT DOWN,2025-06-24 02:00:38,2025-06-24 02:00:38,7551.9447222222225,1.0,unknown,unknown,unknown,unknown,NORMAL,link_down,0.76
alarm_01331,2026-05-04 17:57:19,CRITICAL,CA,SOU,PHYSICAL PORT DOWN,2025-06-24 02:00:42,2025-06-24 02:00:42,7551.943611111111,1.0,unknown,unknown,unknown,unknown,NORMAL,link_down,0.76
alarm_01332,2026-05-04 17:57:19,CRITICAL,CA,SOU,PHYSICAL PORT DOWN,2025-06-24 02:00:50,2025-06-24 02:00:50,7551.9413888888885,1.0,unknown,unknown,unknown,unknown,NORMAL,link_down,0.76
alarm_01333,2026-05-04 17:57:19,CRITICAL,CA,SOU,PHYSICAL PORT DOWN,2025-06-24 02:01:13,2025-06-24 02:01:13,7551.935,1.0,unknown,unknown,unknown,unknown,NORMAL,link_down,0.76
alarm_01334,2026-05-04 17:57:19,CRITICAL,AR,JUN,PHYSICAL PORT DOWN,2025-06-24 08:23:53,2025-06-24 08:23:53,7545.557222222223,1.0,unknown,unknown,unknown,unknown,NORMAL,link_down,0.76
alarm_01335,2026-05-04 17:57:19,CRITICAL,AG,HUN,PHYSICAL PORT DOWN,2025-06-24 13:00:34,2025-06-24 13:00:34,7540.945833333333,1.0,unknown,unknown,unknown,unknown,NORMAL,link_down,0.76
alarm_01336,2026-05-04 17:57:19,CRITICAL,AG,PUN,PHYSICAL PORT DOWN,2025-06-24 14:32:50,2025-06-24 14:32:50,7539.408055555556,1.0,unknown,unknown,unknown,unknown,NORMAL,link_down,0.76
alarm_01337,2026-05-04 17:57:19,CRITICAL,AG,PUN,PHYSICAL PORT DOWN,2025-06-24 14:33:02,2025-06-24 14:33:02,7539.4047222222225,1.0,unknown,unknown,unknown,unknown,NORMAL,link_down,0.76
alarm_01338,2026-05-04 17:57:19,CRITICAL,CA,LIM,PHYSICAL PORT DOWN,2025-06-25 01:16:37,2025-06-25 01:16:37,7528.678333333333,1.0,unknown,unknown,unknown,unknown,NORMAL,link_down,0.76
alarm_01339,2026-05-04 17:57:19,CRITICAL,AG,CAJ,PHYSICAL PORT DOWN,2025-06-25 09:54:07,2025-06-25 09:54:07,7520.053333333333,1.0,unknown,unknown,unknown,unknown,NORMAL,link_down,0.76
alarm_01340,2026-05-04 17:57:19,CRITICAL,AG,CAJ,PHYSICAL PORT DOWN,2025-06-25 09:54:07,2025-06-25 09:54:07,7520.053333333333,1.0,unknown,unknown,unknown,unknown,NORMAL,link_down,0.76
alarm_01341,2026-05-04 17:57:19,CRITICAL,AR,LIC,PHYSICAL PORT DOWN,2025-06-25 11:51:34,2025-06-25 11:51:34,7518.095833333334,1.0,unknown,unknown,unknown,unknown,NORMAL,link_down,0.76
alarm_01342,2026-05-04 17:57:19,CRITICAL,AR,LIC,PHYSICAL PORT DOWN,2025-06-25 11:52:18,2025-06-25 11:52:18,7518.083611111111,1.0,unknown,unknown,unknown,unknown,NORMAL,link_down,0.76
alarm_01343,2026-05-04 17:57:19,CRITICAL,AG,LAL,PHYSICAL PORT DOWN,2025-06-25 15:06:00,2025-06-25 15:06:00,7514.855277777778,1.0,unknown,unknown,unknown,unknown,NORMAL,link_down,0.76
alarm_01344,2026-05-04 17:57:19,CRITICAL,AG,LAL,PHYSICAL PORT DOWN,2025-06-25 15:06:07,2025-06-25 15:06:07,7514.8533333333335,1.0,unknown,unknown,unknown,unknown,NORMAL,link_down,0.76
alarm_01345,2026-05-04 17:57:19,CRITICAL,AG,LIC,PHYSICAL PORT DOWN,2025-06-25 21:52:33,2025-06-25 21:52:33,7508.079444444445,1.0,unknown,unknown,unknown,ACKNOWLEDGED,NORMAL,link_down,0.76
alarm_01346,2026-05-04 17:57:19,CRITICAL,CA,SOU,PHYSICAL PORT DOWN,2025-06-26 02:25:43,2025-06-26 02:25:43,7503.526666666667,1.0,unknown,unknown,unknown,unknown,NORMAL,link_down,0.76
alarm_01347,2026-05-04 17:57:19,CRITICAL,CA,SOU,PHYSICAL PORT DOWN,2025-06-26 02:25:46,2025-06-26 02:25:46,7503.525833333333,1.0,unknown,unknown,unknown,unknown,NORMAL,link_down,0.76
alarm_01348,2026-05-04 17:57:19,CRITICAL,CA,SOU,PHYSICAL PORT DOWN,2025-06-26 02:25:50,2025-06-26 02:25:50,7503.524722222222,1.0,unknown,unknown,unknown,unknown,NORMAL,link_down,0.76
alarm_01349,2026-05-04 17:57:19,CRITICAL,CA,SOU,PHYSICAL PORT DOWN,2025-06-26 02:25:50,2025-06-26 02:25:50,7503.524722222222,1.0,unknown,unknown,unknown,unknown,NORMAL,link_down,0.76
alarm_01350,2026-05-04 17:57:19,CRITICAL,CA,SOU,PHYSICAL PORT DOWN,2025-06-26 02:25:53,2025-06-26 02:25:53,7503.523888888889,1.0,unknown,unknown,unknown,unknown,NORMAL,link_down,0.76
alarm_01351,2026-05-04 17:57:19,CRITICAL,CA,SOU,PHYSICAL PORT DOWN,2025-06-26 02:25:53,2025-06-26 02:25:53,7503.523888888889,1.0,unknown,unknown,unknown,unknown,NORMAL,link_down,0.76
alarm_01352,2026-05-04 17:57:19,CRITICAL,CA,SOU,PHYSICAL PORT DOWN,2025-06-26 02:25:54,2025-06-26 02:25:54,7503.523611111111,1.0,unknown,unknown,unknown,unknown,NORMAL,link_down,0.76
alarm_01353,2026-05-04 17:57:19,CRITICAL,CA,SOU,PHYSICAL PORT DOWN,2025-06-26 02:25:57,2025-06-26 02:25:57,7503.522777777778,1.0,unknown,unknown,unknown,unknown,NORMAL,link_down,0.76
alarm_01354,2026-05-04 17:57:19,CRITICAL,CA,SOU,PHYSICAL PORT DOWN,2025-06-26 02:25:57,2025-06-26 02:25:57,7503.522777777778,1.0,unknown,unknown,unknown,unknown,NORMAL,link_down,0.76
alarm_01355,2026-05-04 17:57:19,CRITICAL,CA,SOU,PHYSICAL PORT DOWN,2025-06-26 02:26:01,2025-06-26 02:26:01,7503.5216666666665,1.0,unknown,unknown,unknown,unknown,NORMAL,link_down,0.76
alarm_01356,2026-05-04 17:57:19,CRITICAL,CA,SOU,PHYSICAL PORT DOWN,2025-06-26 02:26:01,2025-06-26 02:26:01,7503.5216666666665,1.0,unknown,unknown,unknown,unknown,NORMAL,link_down,0.76
alarm_01357,2026-05-04 17:57:19,CRITICAL,CA,SOU,PHYSICAL PORT DOWN,2025-06-26 02:26:04,2025-06-26 02:26:04,7503.520833333333,1.0,unknown,unknown,unknown,unknown,NORMAL,link_down,0.76
alarm_01358,2026-05-04 17:57:19,CRITICAL,CA,SOU,PHYSICAL PORT DOWN,2025-06-26 02:26:05,2025-06-26 02:26:05,7503.520555555556,1.0,unknown,unknown,unknown,unknown,NORMAL,link_down,0.76
alarm_01359,2026-05-04 17:57:19,CRITICAL,CA,SOU,PHYSICAL PORT DOWN,2025-06-26 02:26:08,2025-06-26 02:26:08,7503.519722222222,1.0,unknown,unknown,unknown,unknown,NORMAL,link_down,0.76
alarm_01360,2026-05-04 17:57:19,CRITICAL,CA,SOU,PHYSICAL PORT DOWN,2025-06-26 02:26:08,2025-06-26 02:26:08,7503.519722222222,1.0,unknown,unknown,unknown,unknown,NORMAL,link_down,0.76
alarm_01361,2026-05-04 17:57:19,CRITICAL,CA,SOU,PHYSICAL PORT DOWN,2025-06-26 02:26:08,2025-06-26 02:26:08,7503.519722222222,1.0,unknown,unknown,unknown,unknown,NORMAL,link_down,0.76
alarm_01362,2026-05-04 17:57:19,CRITICAL,CA,SOU,PHYSICAL PORT DOWN,2025-06-26 02:26:11,2025-06-26 02:26:11,7503.518888888889,1.0,unknown,unknown,unknown,unknown,NORMAL,link_down,0.76
alarm_01363,2026-05-04 17:57:19,CRITICAL,CA,SOU,PHYSICAL PORT DOWN,2025-06-26 02:26:12,2025-06-26 02:26:12,7503.518611111111,1.0,unknown,unknown,unknown,unknown,NORMAL,link_down,0.76
alarm_01364,2026-05-04 17:57:19,CRITICAL,CA,SOU,PHYSICAL PORT DOWN,2025-06-26 02:26:12,2025-06-26 02:26:12,7503.518611111111,1.0,unknown,unknown,unknown,unknown,NORMAL,link_down,0.76
alarm_01365,2026-05-04 17:57:19,CRITICAL,CA,SOU,PHYSICAL PORT DOWN,2025-06-26 02:26:15,2025-06-26 02:26:15,7503.517777777778,1.0,unknown,unknown,unknown,unknown,NORMAL,link_down,0.76
alarm_01366,2026-05-04 17:57:19,CRITICAL,CA,SOU,PHYSICAL PORT DOWN,2025-06-26 02:26:15,2025-06-26 02:26:15,7503.517777777778,1.0,unknown,unknown,unknown,unknown,NORMAL,link_down,0.76
alarm_01367,2026-05-04 17:57:19,CRITICAL,CA,SOU,PHYSICAL PORT DOWN,2025-06-26 02:26:19,2025-06-26 02:26:19,7503.516666666666,1.0,unknown,unknown,unknown,unknown,NORMAL,link_down,0.76
alarm_01368,2026-05-04 17:57:19,CRITICAL,CA,SOU,PHYSICAL PORT DOWN,2025-06-26 02:26:19,2025-06-26 02:26:19,7503.516666666666,1.0,unknown,unknown,unknown,unknown,NORMAL,link_down,0.76
alarm_01369,2026-05-04 17:57:19,CRITICAL,CA,SOU,PHYSICAL PORT DOWN,2025-06-26 02:26:23,2025-06-26 02:26:23,7503.515555555556,1.0,unknown,unknown,unknown,unknown,NORMAL,link_down,0.76
alarm_01370,2026-05-04 17:57:19,CRITICAL,CA,SOU,PHYSICAL PORT DOWN,2025-06-26 02:26:27,2025-06-26 02:26:27,7503.514444444444,1.0,unknown,unknown,unknown,unknown,NORMAL,link_down,0.76
alarm_01371,2026-05-04 17:57:19,CRITICAL,CA,SOU,PHYSICAL PORT DOWN,2025-06-26 02:26:30,2025-06-26 02:26:30,7503.5136111111115,1.0,unknown,unknown,unknown,unknown,NORMAL,link_down,0.76
alarm_01372,2026-05-04 17:57:19,CRITICAL,CA,SOU,PHYSICAL PORT DOWN,2025-06-26 02:26:34,2025-06-26 02:26:34,7503.5125,1.0,unknown,unknown,unknown,unknown,NORMAL,link_down,0.76
alarm_01373,2026-05-04 17:57:19,CRITICAL,CA,SOU,PHYSICAL PORT DOWN,2025-06-26 02:26:38,2025-06-26 02:26:38,7503.511388888889,1.0,unknown,unknown,unknown,unknown,NORMAL,link_down,0.76
alarm_01374,2026-05-04 17:57:19,CRITICAL,CA,SOU,PHYSICAL PORT DOWN,2025-06-26 02:26:41,2025-06-26 02:26:41,7503.510555555556,1.0,unknown,unknown,unknown,unknown,NORMAL,link_down,0.76
alarm_01375,2026-05-04 17:57:19,CRITICAL,CA,SOU,PHYSICAL PORT DOWN,2025-06-26 02:26:53,2025-06-26 02:26:53,7503.5072222222225,1.0,unknown,unknown,unknown,unknown,NORMAL,link_down,0.76
alarm_01376,2026-05-04 17:57:19,CRITICAL,AG,LIC,PHYSICAL PORT DOWN,2025-06-26 23:45:39,2025-06-26 23:45:39,7482.194444444444,1.0,unknown,unknown,unknown,unknown,NORMAL,link_down,0.76
alarm_01377,2026-05-04 17:57:19,CRITICAL,AG,LIC,PHYSICAL PORT DOWN,2025-06-27 00:14:51,2025-06-27 00:14:51,7481.707777777778,1.0,unknown,unknown,unknown,unknown,NORMAL,link_down,0.76
alarm_01378,2026-05-04 17:57:19,CRITICAL,AG,LIC,PHYSICAL PORT DOWN,2025-06-27 01:14:37,2025-06-27 01:14:37,7480.711666666667,1.0,unknown,unknown,unknown,unknown,NORMAL,link_down,0.76
alarm_01379,2026-05-04 17:57:19,CRITICAL,AG,LIC,PHYSICAL PORT DOWN,2025-06-27 10:49:59,2025-06-27 10:49:59,7471.122222222222,1.0,unknown,unknown,unknown,unknown,NORMAL,link_down,0.76
alarm_01380,2026-05-04 17:57:19,CRITICAL,AG,LIC,PHYSICAL PORT DOWN,2025-06-27 12:01:30,2025-06-27 12:01:30,7469.9302777777775,1.0,unknown,unknown,unknown,unknown,NORMAL,link_down,0.76
alarm_01381,2026-05-04 17:57:19,CRITICAL,AG,SAN,PHYSICAL PORT DOWN,2025-06-27 17:03:37,2025-06-27 17:03:37,7464.895,1.0,unknown,unknown,unknown,unknown,NORMAL,link_down,0.76
alarm_01382,2026-05-04 17:57:19,CRITICAL,AG,HUC,PHYSICAL PORT DOWN,2025-06-27 18:32:26,2025-06-27 18:32:26,7463.414722222222,1.0,unknown,unknown,unknown,unknown,NORMAL,link_down,0.76
alarm_01383,2026-05-04 17:57:19,CRITICAL,AG,SAN,PHYSICAL PORT DOWN,2025-06-27 21:11:52,2025-06-27 21:11:52,7460.7575,1.0,unknown,unknown,unknown,unknown,NORMAL,link_down,0.76
alarm_01384,2026-05-04 17:57:19,CRITICAL,AG,ICA,PHYSICAL PORT DOWN,2025-06-28 11:34:31,2025-06-28 11:34:31,7446.38,1.0,unknown,unknown,unknown,unknown,NORMAL,link_down,0.76
alarm_01385,2026-05-04 17:57:19,CRITICAL,CA,SOU,BOARD INVALID,2025-06-30 00:04:27,2025-06-30 00:04:27,7409.881111111111,1.0,unknown,unknown,unknown,unknown,NORMAL,other,0.66
alarm_01386,2026-05-04 17:57:19,CRITICAL,CA,SOU,BOARD INVALID,2025-06-30 00:04:29,2025-06-30 00:04:29,7409.8805555555555,1.0,unknown,unknown,unknown,unknown,NORMAL,other,0.66
alarm_01387,2026-05-04 17:57:19,CRITICAL,CA,SOU,BOARD INVALID,2025-06-30 00:04:34,2025-06-30 00:04:34,7409.879166666667,1.0,unknown,unknown,unknown,unknown,NORMAL,other,0.66
alarm_01388,2026-05-04 17:57:19,CRITICAL,CA,SOU,BOARD INVALID,2025-06-30 00:04:36,2025-06-30 00:04:36,7409.878611111111,1.0,unknown,unknown,unknown,unknown,NORMAL,other,0.66
alarm_01389,2026-05-04 17:57:19,CRITICAL,CA,SOU,BOARD INVALID,2025-06-30 00:04:40,2025-06-30 00:04:40,7409.8775,1.0,unknown,unknown,unknown,unknown,NORMAL,other,0.66
alarm_01390,2026-05-04 17:57:19,CRITICAL,CA,SOU,BOARD INVALID,2025-06-30 00:04:42,2025-06-30 00:04:42,7409.876944444444,1.0,unknown,unknown,unknown,unknown,NORMAL,other,0.66
alarm_01391,2026-05-04 17:57:19,CRITICAL,CA,SOU,BOARD INVALID,2025-06-30 00:04:47,2025-06-30 00:04:47,7409.875555555555,1.0,unknown,unknown,unknown,unknown,NORMAL,other,0.66
alarm_01392,2026-05-04 17:57:19,CRITICAL,CA,SOU,BOARD INVALID,2025-06-30 00:04:48,2025-06-30 00:04:48,7409.875277777778,1.0,unknown,unknown,unknown,unknown,NORMAL,other,0.66
alarm_01393,2026-05-04 17:57:19,CRITICAL,CA,SOU,BOARD INVALID,2025-06-30 00:04:53,2025-06-30 00:04:53,7409.873888888889,1.0,unknown,unknown,unknown,unknown,NORMAL,other,0.66
alarm_01394,2026-05-04 17:57:19,CRITICAL,CA,SOU,BOARD INVALID,2025-06-30 00:04:54,2025-06-30 00:04:54,7409.873611111111,1.0,unknown,unknown,unknown,unknown,NORMAL,other,0.66
alarm_01395,2026-05-04 17:57:19,CRITICAL,AR,CAJ,PHYSICAL PORT DOWN,2025-06-30 11:11:51,2025-06-30 11:11:51,7398.757777777778,1.0,unknown,unknown,unknown,unknown,NORMAL,link_down,0.76
alarm_01396,2026-05-04 17:57:19,CRITICAL,AG,LIC,PHYSICAL PORT DOWN,2025-06-30 22:33:44,2025-06-30 22:33:44,7387.393055555555,1.0,unknown,unknown,unknown,unknown,NORMAL,link_down,0.76
alarm_01397,2026-05-04 17:57:19,CRITICAL,CA,SOU,PHYSICAL PORT DOWN,2025-07-01 00:03:32,2025-07-01 00:03:32,7385.896388888889,1.0,unknown,unknown,unknown,unknown,NORMAL,link_down,0.76
alarm_01398,2026-05-04 17:57:19,CRITICAL,CA,SOU,PHYSICAL PORT DOWN,2025-07-01 00:03:36,2025-07-01 00:03:36,7385.895277777778,1.0,unknown,unknown,unknown,unknown,NORMAL,link_down,0.76
alarm_01399,2026-05-04 17:57:19,CRITICAL,CA,SOU,PHYSICAL PORT DOWN,2025-07-01 00:03:39,2025-07-01 00:03:39,7385.894444444444,1.0,unknown,unknown,unknown,unknown,NORMAL,link_down,0.76
alarm_01400,2026-05-04 17:57:19,CRITICAL,CA,SOU,PHYSICAL PORT DOWN,2025-07-01 00:03:43,2025-07-01 00:03:43,7385.893333333333,1.0,unknown,unknown,unknown,unknown,NORMAL,link_down,0.76
alarm_01401,2026-05-04 17:57:19,CRITICAL,CA,SOU,PHYSICAL PORT DOWN,2025-07-01 00:03:46,2025-07-01 00:03:46,7385.8925,1.0,unknown,unknown,unknown,unknown,NORMAL,link_down,0.76
alarm_01402,2026-05-04 17:57:19,CRITICAL,CA,SOU,PHYSICAL PORT DOWN,2025-07-01 00:03:51,2025-07-01 00:03:51,7385.891111111111,1.0,unknown,unknown,unknown,unknown,NORMAL,link_down,0.76
alarm_01403,2026-05-04 17:57:19,CRITICAL,CA,SOU,PHYSICAL PORT DOWN,2025-07-01 00:03:55,2025-07-01 00:03:55,7385.89,1.0,unknown,unknown,unknown,unknown,NORMAL,link_down,0.76
alarm_01404,2026-05-04 17:57:19,CRITICAL,CA,SOU,PHYSICAL PORT DOWN,2025-07-01 00:03:58,2025-07-01 00:03:58,7385.889166666667,1.0,unknown,unknown,unknown,unknown,NORMAL,link_down,0.76
alarm_01405,2026-05-04 17:57:19,CRITICAL,CA,SOU,PHYSICAL PORT DOWN,2025-07-01 00:04:02,2025-07-01 00:04:02,7385.888055555555,1.0,unknown,unknown,unknown,unknown,NORMAL,link_down,0.76
alarm_01406,2026-05-04 17:57:19,CRITICAL,CA,SOU,PHYSICAL PORT DOWN,2025-07-01 00:04:07,2025-07-01 00:04:07,7385.886666666666,1.0,unknown,unknown,unknown,unknown,NORMAL,link_down,0.76
alarm_01407,2026-05-04 17:57:19,CRITICAL,CA,SOU,PHYSICAL PORT DOWN,2025-07-01 00:04:10,2025-07-01 00:04:10,7385.885833333334,1.0,unknown,unknown,unknown,unknown,NORMAL,link_down,0.76
alarm_01408,2026-05-04 17:57:19,CRITICAL,CA,SOU,PHYSICAL PORT DOWN,2025-07-01 00:04:14,2025-07-01 00:04:14,7385.884722222222,1.0,unknown,unknown,unknown,unknown,NORMAL,link_down,0.76
alarm_01409,2026-05-04 17:57:19,CRITICAL,CA,SOU,PHYSICAL PORT DOWN,2025-07-01 00:04:17,2025-07-01 00:04:17,7385.883888888889,1.0,unknown,unknown,unknown,unknown,NORMAL,link_down,0.76
alarm_01410,2026-05-04 17:57:19,CRITICAL,CA,SOU,PHYSICAL PORT DOWN,2025-07-01 00:04:21,2025-07-01 00:04:21,7385.882777777778,1.0,unknown,unknown,unknown,unknown,NORMAL,link_down,0.76
alarm_01411,2026-05-04 17:57:19,CRITICAL,CA,SOU,PHYSICAL PORT DOWN,2025-07-01 00:04:25,2025-07-01 00:04:25,7385.881666666667,1.0,unknown,unknown,unknown,unknown,NORMAL,link_down,0.76
alarm_01412,2026-05-04 17:57:19,CRITICAL,CA,SOU,PHYSICAL PORT DOWN,2025-07-01 00:04:28,2025-07-01 00:04:28,7385.880833333334,1.0,unknown,unknown,unknown,unknown,NORMAL,link_down,0.76
alarm_01413,2026-05-04 17:57:19,CRITICAL,CA,SOU,PHYSICAL PORT DOWN,2025-07-01 00:04:32,2025-07-01 00:04:32,7385.879722222222,1.0,unknown,unknown,unknown,unknown,NORMAL,link_down,0.76
alarm_01414,2026-05-04 17:57:19,CRITICAL,CA,SOU,PHYSICAL PORT DOWN,2025-07-01 00:04:36,2025-07-01 00:04:36,7385.878611111111,1.0,unknown,unknown,unknown,unknown,NORMAL,link_down,0.76
alarm_01415,2026-05-04 17:57:19,CRITICAL,CA,SOU,PHYSICAL PORT DOWN,2025-07-01 00:04:40,2025-07-01 00:04:40,7385.8775,1.0,unknown,unknown,unknown,unknown,NORMAL,link_down,0.76
alarm_01416,2026-05-04 17:57:19,CRITICAL,CA,SOU,PHYSICAL PORT DOWN,2025-07-01 00:04:43,2025-07-01 00:04:43,7385.876666666667,1.0,unknown,unknown,unknown,unknown,NORMAL,link_down,0.76
alarm_01417,2026-05-04 17:57:19,CRITICAL,CA,SOU,PHYSICAL PORT DOWN,2025-07-01 00:04:47,2025-07-01 00:04:47,7385.875555555555,1.0,unknown,unknown,unknown,unknown,NORMAL,link_down,0.76
alarm_01418,2026-05-04 17:57:19,CRITICAL,CA,SOU,PHYSICAL PORT DOWN,2025-07-01 00:04:50,2025-07-01 00:04:50,7385.874722222222,1.0,unknown,unknown,unknown,unknown,NORMAL,link_down,0.76
alarm_01419,2026-05-04 17:57:19,CRITICAL,CA,SOU,PHYSICAL PORT DOWN,2025-07-01 00:18:17,2025-07-01 00:18:17,7385.650555555556,1.0,unknown,unknown,unknown,unknown,NORMAL,link_down,0.76
alarm_01420,2026-05-04 17:57:19,CRITICAL,CA,SOU,PHYSICAL PORT DOWN,2025-07-01 00:19:00,2025-07-01 00:19:00,7385.6386111111115,1.0,unknown,unknown,unknown,unknown,NORMAL,link_down,0.76
alarm_01421,2026-05-04 17:57:19,CRITICAL,CA,SOU,PHYSICAL PORT DOWN,2025-07-01 00:19:34,2025-07-01 00:19:34,7385.629166666667,1.0,unknown,unknown,unknown,unknown,NORMAL,link_down,0.76
alarm_01422,2026-05-04 17:57:19,CRITICAL,CA,SOU,PHYSICAL PORT DOWN,2025-07-01 00:20:09,2025-07-01 00:20:09,7385.6194444444445,1.0,unknown,unknown,unknown,unknown,NORMAL,link_down,0.76
alarm_01423,2026-05-04 17:57:19,CRITICAL,CA,SOU,PHYSICAL PORT DOWN,2025-07-01 00:20:56,2025-07-01 00:20:56,7385.606388888889,1.0,unknown,unknown,unknown,unknown,NORMAL,link_down,0.76
alarm_01424,2026-05-04 17:57:19,CRITICAL,CA,SOU,PHYSICAL PORT DOWN,2025-07-01 00:21:25,2025-07-01 00:21:25,7385.598333333333,1.0,unknown,unknown,unknown,unknown,NORMAL,link_down,0.76
alarm_01425,2026-05-04 17:57:19,CRITICAL,CA,SOU,PHYSICAL PORT DOWN,2025-07-01 00:21:55,2025-07-01 00:21:55,7385.59,1.0,unknown,unknown,unknown,unknown,NORMAL,link_down,0.76
alarm_01426,2026-05-04 17:57:19,CRITICAL,CA,SOU,PHYSICAL PORT DOWN,2025-07-01 00:47:38,2025-07-01 00:47:38,7385.161388888889,1.0,unknown,unknown,unknown,unknown,NORMAL,link_down,0.76
alarm_01427,2026-05-04 17:57:19,CRITICAL,CA,SOU,PHYSICAL PORT DOWN,2025-07-01 00:47:41,2025-07-01 00:47:41,7385.160555555555,1.0,unknown,unknown,unknown,unknown,NORMAL,link_down,0.76
alarm_01428,2026-05-04 17:57:19,CRITICAL,CA,SOU,PHYSICAL PORT DOWN,2025-07-01 00:48:15,2025-07-01 00:48:15,7385.151111111111,1.0,unknown,unknown,unknown,unknown,NORMAL,link_down,0.76
alarm_01429,2026-05-04 17:57:19,CRITICAL,CA,SOU,PHYSICAL PORT DOWN,2025-07-01 00:48:37,2025-07-01 00:48:37,7385.145,1.0,unknown,unknown,unknown,unknown,NORMAL,link_down,0.76
alarm_01430,2026-05-04 17:57:19,CRITICAL,CA,SOU,PHYSICAL PORT DOWN,2025-07-01 00:48:57,2025-07-01 00:48:57,7385.139444444444,1.0,unknown,unknown,unknown,unknown,NORMAL,link_down,0.76
alarm_01431,2026-05-04 17:57:19,CRITICAL,CA,SOU,PHYSICAL PORT DOWN,2025-07-01 00:49:30,2025-07-01 00:49:30,7385.130277777777,1.0,unknown,unknown,unknown,unknown,NORMAL,link_down,0.76
alarm_01432,2026-05-04 17:57:19,CRITICAL,CA,SOU,PHYSICAL PORT DOWN,2025-07-01 00:50:17,2025-07-01 00:50:17,7385.117222222222,1.0,unknown,unknown,unknown,unknown,NORMAL,link_down,0.76
alarm_01433,2026-05-04 17:57:19,CRITICAL,CA,SOU,PHYSICAL PORT DOWN,2025-07-01 00:50:51,2025-07-01 00:50:51,7385.107777777778,1.0,unknown,unknown,unknown,unknown,NORMAL,link_down,0.76
alarm_01434,2026-05-04 17:57:19,CRITICAL,CA,SOU,PHYSICAL PORT DOWN,2025-07-01 00:52:19,2025-07-01 00:52:19,7385.083333333333,1.0,unknown,unknown,unknown,unknown,NORMAL,link_down,0.76
alarm_01435,2026-05-04 17:57:19,CRITICAL,CA,SOU,PHYSICAL PORT DOWN,2025-07-01 01:08:44,2025-07-01 01:08:44,7384.809722222222,1.0,unknown,unknown,unknown,unknown,NORMAL,link_down,0.76
alarm_01436,2026-05-04 17:57:19,CRITICAL,CA,SOU,PHYSICAL PORT DOWN,2025-07-01 01:08:48,2025-07-01 01:08:48,7384.8086111111115,1.0,unknown,unknown,unknown,unknown,NORMAL,link_down,0.76
alarm_01437,2026-05-04 17:57:19,CRITICAL,CA,SOU,PHYSICAL PORT DOWN,2025-07-01 01:08:51,2025-07-01 01:08:51,7384.807777777778,1.0,unknown,unknown,unknown,unknown,NORMAL,link_down,0.76
alarm_01438,2026-05-04 17:57:19,CRITICAL,CA,SOU,PHYSICAL PORT DOWN,2025-07-01 01:08:55,2025-07-01 01:08:55,7384.806666666666,1.0,unknown,unknown,unknown,unknown,NORMAL,link_down,0.76
alarm_01439,2026-05-04 17:57:19,CRITICAL,CA,SOU,PHYSICAL PORT DOWN,2025-07-01 01:09:05,2025-07-01 01:09:05,7384.803888888889,1.0,unknown,unknown,unknown,unknown,NORMAL,link_down,0.76
alarm_01440,2026-05-04 17:57:19,CRITICAL,CA,SOU,PHYSICAL PORT DOWN,2025-07-01 01:09:09,2025-07-01 01:09:09,7384.802777777778,1.0,unknown,unknown,unknown,unknown,NORMAL,link_down,0.76
alarm_01441,2026-05-04 17:57:19,CRITICAL,IPBN,UNKNOWN,PHYSICAL PORT DOWN,2025-07-01 01:44:48,2025-07-01 01:44:48,7384.208611111111,1.0,unknown,unknown,unknown,unknown,NORMAL,link_down,0.76
alarm_01442,2026-05-04 17:57:19,CRITICAL,IPBN,UNKNOWN,PHYSICAL PORT DOWN,2025-07-01 01:44:48,2025-07-01 01:44:48,7384.208611111111,1.0,unknown,unknown,unknown,unknown,NORMAL,link_down,0.76
alarm_01443,2026-05-04 17:57:19,CRITICAL,IPBN,UNKNOWN,PHYSICAL PORT DOWN,2025-07-01 01:45:04,2025-07-01 01:45:04,7384.204166666666,1.0,unknown,unknown,unknown,unknown,NORMAL,link_down,0.76
alarm_01444,2026-05-04 17:57:19,CRITICAL,AG,LIC,PHYSICAL PORT DOWN,2025-07-01 11:41:50,2025-07-01 11:41:50,7374.258055555556,1.0,unknown,unknown,unknown,unknown,NORMAL,link_down,0.76
alarm_01445,2026-05-04 17:57:19,CRITICAL,AG,PUN,PHYSICAL PORT DOWN,2025-07-01 12:32:39,2025-07-01 12:32:39,7373.4111111111115,1.0,unknown,unknown,unknown,unknown,NORMAL,link_down,0.76
alarm_01446,2026-05-04 17:57:19,CRITICAL,AG,PUN,PHYSICAL PORT DOWN,2025-07-01 12:32:39,2025-07-01 12:32:39,7373.4111111111115,1.0,unknown,unknown,unknown,unknown,NORMAL,link_down,0.76
alarm_01447,2026-05-04 17:57:19,CRITICAL,AG,SAN,PHYSICAL PORT DOWN,2025-07-02 11:13:38,2025-07-02 11:13:38,7350.728055555555,1.0,unknown,unknown,unknown,unknown,NORMAL,link_down,0.76
alarm_01448,2026-05-04 17:57:19,CRITICAL,AG,SAN,PHYSICAL PORT DOWN,2025-07-02 11:13:38,2025-07-02 11:13:38,7350.728055555555,1.0,unknown,unknown,unknown,unknown,NORMAL,link_down,0.76
alarm_01449,2026-05-04 17:57:19,CRITICAL,AG,LIC,PHYSICAL PORT DOWN,2025-07-02 13:23:42,2025-07-02 13:23:42,7348.560277777778,1.0,unknown,unknown,unknown,unknown,NORMAL,link_down,0.76
alarm_01450,2026-05-04 17:57:19,CRITICAL,AG,LIC,PHYSICAL PORT DOWN,2025-07-02 13:23:49,2025-07-02 13:23:49,7348.558333333333,1.0,unknown,unknown,unknown,unknown,NORMAL,link_down,0.76
alarm_01451,2026-05-04 17:57:19,CRITICAL,AG,LIC,PHYSICAL PORT DOWN,2025-07-02 13:23:57,2025-07-02 13:23:57,7348.556111111111,1.0,unknown,unknown,unknown,unknown,NORMAL,link_down,0.76
alarm_01452,2026-05-04 17:57:19,CRITICAL,AG,LIC,PHYSICAL PORT DOWN,2025-07-02 13:24:05,2025-07-02 13:24:05,7348.553888888889,1.0,unknown,unknown,unknown,unknown,NORMAL,link_down,0.76
alarm_01453,2026-05-04 17:57:19,CRITICAL,AG,LIC,PHYSICAL PORT DOWN,2025-07-02 15:34:35,2025-07-02 15:34:35,7346.3788888888885,1.0,unknown,unknown,unknown,unknown,NORMAL,link_down,0.76
alarm_01454,2026-05-04 17:57:19,CRITICAL,AG,LIC,PHYSICAL PORT DOWN,2025-07-02 15:34:42,2025-07-02 15:34:42,7346.376944444444,1.0,unknown,unknown,unknown,unknown,NORMAL,link_down,0.76
alarm_01455,2026-05-04 17:57:19,CRITICAL,AG,LIC,PHYSICAL PORT DOWN,2025-07-02 15:34:50,2025-07-02 15:34:50,7346.374722222222,1.0,unknown,unknown,unknown,unknown,NORMAL,link_down,0.76
alarm_01456,2026-05-04 17:57:19,CRITICAL,AG,LIC,PHYSICAL PORT DOWN,2025-07-02 15:34:58,2025-07-02 15:34:58,7346.3725,1.0,unknown,unknown,unknown,unknown,NORMAL,link_down,0.76
alarm_01457,2026-05-04 17:57:19,CRITICAL,AG,PUN,PHYSICAL PORT DOWN,2025-07-02 17:23:19,2025-07-02 17:23:19,7344.566666666667,1.0,unknown,unknown,unknown,unknown,NORMAL,link_down,0.76
alarm_01458,2026-05-04 17:57:19,CRITICAL,AG,PUN,PHYSICAL PORT DOWN,2025-07-02 17:23:34,2025-07-02 17:23:34,7344.5625,1.0,unknown,unknown,unknown,unknown,NORMAL,link_down,0.76
alarm_01459,2026-05-04 17:57:19,CRITICAL,AR,LIC,PHYSICAL PORT DOWN,2025-07-02 17:27:01,2025-07-02 17:27:01,7344.505,1.0,unknown,unknown,unknown,unknown,NORMAL,link_down,0.76
alarm_01460,2026-05-04 17:57:19,CRITICAL,AG,SAN,PHYSICAL PORT DOWN,2025-07-02 21:23:16,2025-07-02 21:23:16,7340.5675,1.0,unknown,unknown,unknown,unknown,NORMAL,link_down,0.76
alarm_01461,2026-05-04 17:57:19,CRITICAL,AG,SAN,PHYSICAL PORT DOWN,2025-07-02 21:23:19,2025-07-02 21:23:19,7340.566666666667,1.0,unknown,unknown,unknown,unknown,NORMAL,link_down,0.76
alarm_01462,2026-05-04 17:57:19,CRITICAL,AR,CAJ,PHYSICAL PORT DOWN,2025-07-07 08:00:15,2025-07-07 08:00:15,7233.9511111111115,1.0,unknown,unknown,unknown,unknown,NORMAL,link_down,0.76
alarm_01463,2026-05-04 17:57:19,CRITICAL,AG,LAL,PHYSICAL PORT DOWN,2025-07-07 11:14:13,2025-07-07 11:14:13,7230.718333333333,1.0,unknown,unknown,unknown,unknown,NORMAL,link_down,0.76
alarm_01464,2026-05-04 17:57:19,CRITICAL,AG,LAL,PHYSICAL PORT DOWN,2025-07-07 11:14:13,2025-07-07 11:14:13,7230.718333333333,1.0,unknown,unknown,unknown,unknown,NORMAL,link_down,0.76
alarm_01465,2026-05-04 17:57:19,CRITICAL,AG,CAJ,PHYSICAL PORT DOWN,2025-07-07 18:43:52,2025-07-07 18:43:52,7223.224166666667,1.0,unknown,unknown,unknown,unknown,NORMAL,link_down,0.76
alarm_01466,2026-05-04 17:57:19,CRITICAL,AG,CAJ,PHYSICAL PORT DOWN,2025-07-07 18:44:07,2025-07-07 18:44:07,7223.22,1.0,unknown,unknown,unknown,unknown,NORMAL,link_down,0.76
alarm_01467,2026-05-04 17:57:19,CRITICAL,CA,SOU,PHYSICAL PORT DOWN,2025-07-08 00:02:18,2025-07-08 00:02:18,7217.916944444444,1.0,unknown,unknown,unknown,unknown,NORMAL,link_down,0.76
alarm_01468,2026-05-04 17:57:19,CRITICAL,CA,SOU,PHYSICAL PORT DOWN,2025-07-08 00:02:21,2025-07-08 00:02:21,7217.916111111111,1.0,unknown,unknown,unknown,unknown,NORMAL,link_down,0.76
alarm_01469,2026-05-04 17:57:19,CRITICAL,CA,SOU,PHYSICAL PORT DOWN,2025-07-08 00:02:25,2025-07-08 00:02:25,7217.915,1.0,unknown,unknown,unknown,unknown,NORMAL,link_down,0.76
alarm_01470,2026-05-04 17:57:19,CRITICAL,CA,SOU,PHYSICAL PORT DOWN,2025-07-08 00:02:28,2025-07-08 00:02:28,7217.9141666666665,1.0,unknown,unknown,unknown,unknown,NORMAL,link_down,0.76
alarm_01471,2026-05-04 17:57:19,CRITICAL,CA,SOU,PHYSICAL PORT DOWN,2025-07-08 00:02:32,2025-07-08 00:02:32,7217.913055555556,1.0,unknown,unknown,unknown,unknown,NORMAL,link_down,0.76
alarm_01472,2026-05-04 17:57:19,CRITICAL,CA,SOU,PHYSICAL PORT DOWN,2025-07-08 00:02:37,2025-07-08 00:02:37,7217.911666666667,1.0,unknown,unknown,unknown,unknown,NORMAL,link_down,0.76
alarm_01473,2026-05-04 17:57:19,CRITICAL,CA,SOU,PHYSICAL PORT DOWN,2025-07-08 00:02:41,2025-07-08 00:02:41,7217.910555555555,1.0,unknown,unknown,unknown,unknown,NORMAL,link_down,0.76
alarm_01474,2026-05-04 17:57:19,CRITICAL,CA,SOU,PHYSICAL PORT DOWN,2025-07-08 00:02:44,2025-07-08 00:02:44,7217.909722222223,1.0,unknown,unknown,unknown,unknown,NORMAL,link_down,0.76
alarm_01475,2026-05-04 17:57:19,CRITICAL,CA,SOU,PHYSICAL PORT DOWN,2025-07-08 00:02:48,2025-07-08 00:02:48,7217.908611111111,1.0,unknown,unknown,unknown,unknown,NORMAL,link_down,0.76
alarm_01476,2026-05-04 17:57:19,CRITICAL,CA,SOU,PHYSICAL PORT DOWN,2025-07-08 00:02:51,2025-07-08 00:02:51,7217.9077777777775,1.0,unknown,unknown,unknown,unknown,NORMAL,link_down,0.76
alarm_01477,2026-05-04 17:57:19,CRITICAL,CA,SOU,PHYSICAL PORT DOWN,2025-07-08 00:02:55,2025-07-08 00:02:55,7217.906666666667,1.0,unknown,unknown,unknown,unknown,NORMAL,link_down,0.76
alarm_01478,2026-05-04 17:57:19,CRITICAL,CA,SOU,PHYSICAL PORT DOWN,2025-07-08 00:02:58,2025-07-08 00:02:58,7217.905833333333,1.0,unknown,unknown,unknown,unknown,NORMAL,link_down,0.76
alarm_01479,2026-05-04 17:57:19,CRITICAL,CA,SOU,PHYSICAL PORT DOWN,2025-07-08 00:03:01,2025-07-08 00:03:01,7217.905,1.0,unknown,unknown,unknown,unknown,NORMAL,link_down,0.76
alarm_01480,2026-05-04 17:57:19,CRITICAL,CA,SOU,PHYSICAL PORT DOWN,2025-07-08 00:03:05,2025-07-08 00:03:05,7217.903888888889,1.0,unknown,unknown,unknown,unknown,NORMAL,link_down,0.76
alarm_01481,2026-05-04 17:57:19,CRITICAL,CA,SOU,PHYSICAL PORT DOWN,2025-07-08 00:03:08,2025-07-08 00:03:08,7217.9030555555555,1.0,unknown,unknown,unknown,unknown,NORMAL,link_down,0.76
alarm_01482,2026-05-04 17:57:19,CRITICAL,CA,SOU,PHYSICAL PORT DOWN,2025-07-08 00:03:12,2025-07-08 00:03:12,7217.901944444445,1.0,unknown,unknown,unknown,unknown,NORMAL,link_down,0.76
alarm_01483,2026-05-04 17:57:19,CRITICAL,CA,SOU,PHYSICAL PORT DOWN,2025-07-08 00:03:15,2025-07-08 00:03:15,7217.901111111111,1.0,unknown,unknown,unknown,unknown,NORMAL,link_down,0.76
alarm_01484,2026-05-04 17:57:19,CRITICAL,CA,SOU,PHYSICAL PORT DOWN,2025-07-08 00:03:19,2025-07-08 00:03:19,7217.9,1.0,unknown,unknown,unknown,unknown,NORMAL,link_down,0.76
alarm_01485,2026-05-04 17:57:19,CRITICAL,CA,SOU,PHYSICAL PORT DOWN,2025-07-08 00:03:22,2025-07-08 00:03:22,7217.899166666667,1.0,unknown,unknown,unknown,unknown,NORMAL,link_down,0.76
alarm_01486,2026-05-04 17:57:19,CRITICAL,CA,SOU,PHYSICAL PORT DOWN,2025-07-08 00:03:26,2025-07-08 00:03:26,7217.898055555555,1.0,unknown,unknown,unknown,unknown,NORMAL,link_down,0.76
alarm_01487,2026-05-04 17:57:19,CRITICAL,CA,SOU,PHYSICAL PORT DOWN,2025-07-08 00:03:29,2025-07-08 00:03:29,7217.897222222222,1.0,unknown,unknown,unknown,unknown,NORMAL,link_down,0.76
alarm_01488,2026-05-04 17:57:19,CRITICAL,CA,SOU,PHYSICAL PORT DOWN,2025-07-08 00:03:32,2025-07-08 00:03:32,7217.896388888889,1.0,unknown,unknown,unknown,unknown,NORMAL,link_down,0.76
alarm_01489,2026-05-04 17:57:19,CRITICAL,CA,SOU,PHYSICAL PORT DOWN,2025-07-08 00:34:57,2025-07-08 00:34:57,7217.372777777778,1.0,unknown,unknown,unknown,unknown,NORMAL,link_down,0.76
alarm_01490,2026-05-04 17:57:19,CRITICAL,CA,SOU,PHYSICAL PORT DOWN,2025-07-08 00:35:01,2025-07-08 00:35:01,7217.371666666667,1.0,unknown,unknown,unknown,unknown,NORMAL,link_down,0.76
alarm_01491,2026-05-04 17:57:19,CRITICAL,CA,SOU,PHYSICAL PORT DOWN,2025-07-08 00:35:04,2025-07-08 00:35:04,7217.370833333333,1.0,unknown,unknown,unknown,unknown,NORMAL,link_down,0.76
alarm_01492,2026-05-04 17:57:19,CRITICAL,CA,SOU,PHYSICAL PORT DOWN,2025-07-08 00:35:08,2025-07-08 00:35:08,7217.369722222223,1.0,unknown,unknown,unknown,unknown,NORMAL,link_down,0.76
alarm_01493,2026-05-04 17:57:19,CRITICAL,CA,SOU,PHYSICAL PORT DOWN,2025-07-08 00:35:11,2025-07-08 00:35:11,7217.368888888889,1.0,unknown,unknown,unknown,unknown,NORMAL,link_down,0.76
alarm_01494,2026-05-04 17:57:19,CRITICAL,CA,SOU,PHYSICAL PORT DOWN,2025-07-08 00:35:14,2025-07-08 00:35:14,7217.368055555556,1.0,unknown,unknown,unknown,unknown,NORMAL,link_down,0.76
alarm_01495,2026-05-04 17:57:19,CRITICAL,CA,SOU,PHYSICAL PORT DOWN,2025-07-08 00:35:18,2025-07-08 00:35:18,7217.366944444444,1.0,unknown,unknown,unknown,unknown,NORMAL,link_down,0.76
alarm_01496,2026-05-04 17:57:19,CRITICAL,CA,SOU,PHYSICAL PORT DOWN,2025-07-08 00:35:21,2025-07-08 00:35:21,7217.366111111111,1.0,unknown,unknown,unknown,unknown,NORMAL,link_down,0.76
alarm_01497,2026-05-04 17:57:19,CRITICAL,CA,SOU,PHYSICAL PORT DOWN,2025-07-08 00:35:25,2025-07-08 00:35:25,7217.365,1.0,unknown,unknown,unknown,unknown,NORMAL,link_down,0.76
alarm_01498,2026-05-04 17:57:19,CRITICAL,CA,SOU,PHYSICAL PORT DOWN,2025-07-08 00:35:28,2025-07-08 00:35:28,7217.364166666666,1.0,unknown,unknown,unknown,unknown,NORMAL,link_down,0.76
alarm_01499,2026-05-04 17:57:19,CRITICAL,CA,SOU,PHYSICAL PORT DOWN,2025-07-08 00:35:31,2025-07-08 00:35:31,7217.363333333334,1.0,unknown,unknown,unknown,unknown,NORMAL,link_down,0.76
alarm_01500,2026-05-04 17:57:19,CRITICAL,CA,SOU,PHYSICAL PORT DOWN,2025-07-08 00:35:35,2025-07-08 00:35:35,7217.362222222222,1.0,unknown,unknown,unknown,unknown,NORMAL,link_down,0.76
alarm_01501,2026-05-04 17:57:19,CRITICAL,CA,SOU,PHYSICAL PORT DOWN,2025-07-08 00:35:38,2025-07-08 00:35:38,7217.3613888888885,1.0,unknown,unknown,unknown,unknown,NORMAL,link_down,0.76
alarm_01502,2026-05-04 17:57:19,CRITICAL,CA,SOU,PHYSICAL PORT DOWN,2025-07-08 00:35:42,2025-07-08 00:35:42,7217.360277777778,1.0,unknown,unknown,unknown,unknown,NORMAL,link_down,0.76
alarm_01503,2026-05-04 17:57:19,CRITICAL,CA,SOU,PHYSICAL PORT DOWN,2025-07-08 00:35:45,2025-07-08 00:35:45,7217.359444444444,1.0,unknown,unknown,unknown,unknown,NORMAL,link_down,0.76
alarm_01504,2026-05-04 17:57:19,CRITICAL,CA,SOU,PHYSICAL PORT DOWN,2025-07-08 00:35:49,2025-07-08 00:35:49,7217.358333333334,1.0,unknown,unknown,unknown,unknown,NORMAL,link_down,0.76
alarm_01505,2026-05-04 17:57:19,CRITICAL,CA,SOU,PHYSICAL PORT DOWN,2025-07-08 00:35:52,2025-07-08 00:35:52,7217.3575,1.0,unknown,unknown,unknown,unknown,NORMAL,link_down,0.76
alarm_01506,2026-05-04 17:57:19,CRITICAL,CA,SOU,PHYSICAL PORT DOWN,2025-07-08 00:35:56,2025-07-08 00:35:56,7217.356388888889,1.0,unknown,unknown,unknown,unknown,NORMAL,link_down,0.76
alarm_01507,2026-05-04 17:57:19,CRITICAL,CA,SOU,PHYSICAL PORT DOWN,2025-07-08 00:35:59,2025-07-08 00:35:59,7217.355555555556,1.0,unknown,unknown,unknown,unknown,NORMAL,link_down,0.76
alarm_01508,2026-05-04 17:57:19,CRITICAL,CA,SOU,PHYSICAL PORT DOWN,2025-07-08 00:36:02,2025-07-08 00:36:02,7217.354722222222,1.0,unknown,unknown,unknown,unknown,NORMAL,link_down,0.76
alarm_01509,2026-05-04 17:57:19,CRITICAL,CA,SOU,PHYSICAL PORT DOWN,2025-07-08 00:36:06,2025-07-08 00:36:06,7217.353611111111,1.0,unknown,unknown,unknown,unknown,NORMAL,link_down,0.76
alarm_01510,2026-05-04 17:57:19,CRITICAL,CA,SOU,PHYSICAL PORT DOWN,2025-07-08 00:36:09,2025-07-08 00:36:09,7217.352777777778,1.0,unknown,unknown,unknown,unknown,NORMAL,link_down,0.76
alarm_01511,2026-05-04 17:57:19,CRITICAL,AR,MAD,PHYSICAL PORT DOWN,2025-07-08 10:10:49,2025-07-08 10:10:49,7207.775,1.0,unknown,unknown,unknown,unknown,NORMAL,link_down,0.76
alarm_01512,2026-05-04 17:57:19,CRITICAL,AR,CAJ,PHYSICAL PORT DOWN,2025-07-08 10:15:44,2025-07-08 10:15:44,7207.6930555555555,1.0,unknown,unknown,unknown,unknown,NORMAL,link_down,0.76
alarm_01513,2026-05-04 17:57:19,CRITICAL,AR,MAD,PHYSICAL PORT DOWN,2025-07-08 10:55:23,2025-07-08 10:55:23,7207.032222222222,1.0,unknown,unknown,unknown,unknown,NORMAL,link_down,0.76
alarm_01514,2026-05-04 17:57:19,CRITICAL,AR,PUN,PHYSICAL PORT DOWN,2025-07-08 12:44:02,2025-07-08 12:44:02,7205.221388888889,1.0,unknown,unknown,unknown,unknown,NORMAL,link_down,0.76
alarm_01515,2026-05-04 17:57:19,CRITICAL,AR,JUN,PHYSICAL PORT DOWN,2025-07-08 13:44:34,2025-07-08 13:44:34,7204.2125,1.0,unknown,unknown,unknown,unknown,NORMAL,link_down,0.76
alarm_01516,2026-05-04 17:57:19,CRITICAL,AG,ANC,PHYSICAL PORT DOWN,2025-07-09 09:39:14,2025-07-09 09:39:14,7184.301388888889,1.0,unknown,unknown,unknown,unknown,NORMAL,link_down,0.76
alarm_01517,2026-05-04 17:57:19,CRITICAL,AR,LIC,PHYSICAL PORT DOWN,2025-07-09 11:20:07,2025-07-09 11:20:07,7182.62,1.0,unknown,unknown,unknown,unknown,NORMAL,link_down,0.76
alarm_01518,2026-05-04 17:57:19,CRITICAL,AR,PIU,PHYSICAL PORT DOWN,2025-07-10 12:26:30,2025-07-10 12:26:30,7157.5136111111115,1.0,unknown,unknown,unknown,unknown,NORMAL,link_down,0.76
alarm_01519,2026-05-04 17:57:19,CRITICAL,AR,PIU,PHYSICAL PORT DOWN,2025-07-10 12:57:32,2025-07-10 12:57:32,7156.996388888889,1.0,unknown,unknown,unknown,unknown,NORMAL,link_down,0.76
alarm_01520,2026-05-04 17:57:19,CRITICAL,AG,ICA,PHYSICAL PORT DOWN,2025-07-10 16:24:19,2025-07-10 16:24:19,7153.55,1.0,unknown,unknown,unknown,unknown,NORMAL,link_down,0.76
alarm_01521,2026-05-04 17:57:19,CRITICAL,AG,ICA,PHYSICAL PORT DOWN,2025-07-10 17:00:14,2025-07-10 17:00:14,7152.951388888889,1.0,unknown,unknown,unknown,unknown,NORMAL,link_down,0.76
alarm_01522,2026-05-04 17:57:19,CRITICAL,AG,AYA,BOARD INVALID,2025-07-10 17:43:41,2025-07-10 17:43:41,7152.227222222222,1.0,unknown,unknown,unknown,unknown,NORMAL,other,0.66
alarm_01523,2026-05-04 17:57:19,CRITICAL,AR,JUN,PHYSICAL PORT DOWN,2025-07-11 13:38:41,2025-07-11 13:38:41,7132.310555555556,1.0,unknown,unknown,unknown,unknown,NORMAL,link_down,0.76
alarm_01524,2026-05-04 17:57:19,CRITICAL,AG,LAM,PHYSICAL PORT DOWN,2025-07-12 13:11:33,2025-07-12 13:11:33,7108.762777777778,1.0,unknown,unknown,unknown,unknown,NORMAL,link_down,0.76
alarm_01525,2026-05-04 17:57:19,CRITICAL,AG,LAM,PHYSICAL PORT DOWN,2025-07-12 13:11:47,2025-07-12 13:11:47,7108.758888888889,1.0,unknown,unknown,unknown,unknown,NORMAL,link_down,0.76
alarm_01526,2026-05-04 17:57:19,CRITICAL,AR,PIU,PHYSICAL PORT DOWN,2025-07-12 23:36:27,2025-07-12 23:36:27,7098.347777777778,1.0,unknown,unknown,unknown,unknown,NORMAL,link_down,0.76
alarm_01527,2026-05-04 17:57:19,CRITICAL,AR,CAJ,PHYSICAL PORT DOWN,2025-07-13 08:01:53,2025-07-13 08:01:53,7089.9238888888885,1.0,unknown,unknown,unknown,unknown,NORMAL,link_down,0.76
alarm_01528,2026-05-04 17:57:19,CRITICAL,AR,MAD,PHYSICAL PORT DOWN,2025-07-13 14:02:06,2025-07-13 14:02:06,7083.920277777778,1.0,unknown,unknown,unknown,unknown,NORMAL,link_down,0.76
alarm_01529,2026-05-04 17:57:19,CRITICAL,AR,CUS,PHYSICAL PORT DOWN,2025-07-13 16:44:39,2025-07-13 16:44:39,7081.211111111111,1.0,unknown,unknown,unknown,unknown,NORMAL,link_down,0.76
alarm_01530,2026-05-04 17:57:19,CRITICAL,AR,PIU,PHYSICAL PORT DOWN,2025-07-14 12:07:09,2025-07-14 12:07:09,7061.836111111111,1.0,unknown,unknown,unknown,unknown,NORMAL,link_down,0.76
alarm_01531,2026-05-04 17:57:19,CRITICAL,AR,PUN,PHYSICAL PORT DOWN,2025-07-14 15:03:55,2025-07-14 15:03:55,7058.89,1.0,unknown,unknown,unknown,unknown,NORMAL,link_down,0.76
alarm_01532,2026-05-04 17:57:19,CRITICAL,AR,LIC,PHYSICAL PORT DOWN,2025-07-14 22:38:31,2025-07-14 22:38:31,7051.3133333333335,1.0,unknown,unknown,unknown,unknown,NORMAL,link_down,0.76
alarm_01533,2026-05-04 17:57:19,CRITICAL,AR,LIP,PHYSICAL PORT DOWN,2025-07-15 07:29:17,2025-07-15 07:29:17,7042.4672222222225,1.0,unknown,unknown,unknown,unknown,NORMAL,link_down,0.76
alarm_01534,2026-05-04 17:57:19,CRITICAL,AR,MAD,PHYSICAL PORT DOWN,2025-07-15 10:33:42,2025-07-15 10:33:42,7039.393611111111,1.0,unknown,unknown,unknown,unknown,NORMAL,link_down,0.76
alarm_01535,2026-05-04 17:57:19,CRITICAL,AR,HUC,PHYSICAL PORT DOWN,2025-07-15 12:30:37,2025-07-15 12:30:37,7037.445,1.0,unknown,unknown,unknown,unknown,NORMAL,link_down,0.76
alarm_01536,2026-05-04 17:57:19,CRITICAL,AR,HUC,PHYSICAL PORT DOWN,2025-07-15 12:30:59,2025-07-15 12:30:59,7037.438888888889,1.0,unknown,unknown,unknown,unknown,NORMAL,link_down,0.76
alarm_01537,2026-05-04 17:57:19,CRITICAL,AR,HUC,PHYSICAL PORT DOWN,2025-07-15 16:22:20,2025-07-15 16:22:20,7033.583055555556,1.0,unknown,unknown,unknown,unknown,NORMAL,link_down,0.76
alarm_01538,2026-05-04 17:57:19,CRITICAL,AG,ICA,PHYSICAL PORT DOWN,2025-07-15 16:46:13,2025-07-15 16:46:13,7033.185,1.0,unknown,unknown,unknown,unknown,NORMAL,link_down,0.76
alarm_01539,2026-05-04 17:57:19,CRITICAL,AG,ICA,PHYSICAL PORT DOWN,2025-07-15 16:46:14,2025-07-15 16:46:14,7033.184722222222,1.0,unknown,unknown,unknown,unknown,NORMAL,link_down,0.76
alarm_01540,2026-05-04 17:57:19,CRITICAL,AR,LIC,PHYSICAL PORT DOWN,2025-07-16 01:23:03,2025-07-16 01:23:03,7024.571111111111,1.0,unknown,unknown,unknown,unknown,NORMAL,link_down,0.76
alarm_01541,2026-05-04 17:57:19,CRITICAL,AG,LAM,PHYSICAL PORT DOWN,2025-07-16 12:35:14,2025-07-16 12:35:14,7013.368055555556,1.0,unknown,unknown,unknown,unknown,NORMAL,link_down,0.76
alarm_01542,2026-05-04 17:57:19,CRITICAL,SW,CAJ,THE DEVICE IS OFFLINE,2025-07-16 15:11:28,2025-07-16 15:11:28,7010.764166666667,1.0,unknown,unknown,unknown,unknown,NORMAL,other,0.66
alarm_01543,2026-05-04 17:57:19,CRITICAL,AR,JUN,BOARD INVALID,2025-07-16 15:13:34,2025-07-16 15:13:34,7010.729166666667,1.0,unknown,unknown,unknown,unknown,NORMAL,other,0.66
alarm_01544,2026-05-04 17:57:19,CRITICAL,AR,LIC,PHYSICAL PORT DOWN,2025-07-16 17:17:25,2025-07-16 17:17:25,7008.665,1.0,unknown,unknown,unknown,unknown,NORMAL,link_down,0.76
alarm_01545,2026-05-04 17:57:19,CRITICAL,AR,ARE,PHYSICAL PORT DOWN,2025-07-16 18:40:23,2025-07-16 18:40:23,7007.282222222222,1.0,unknown,unknown,unknown,unknown,NORMAL,link_down,0.76
alarm_01546,2026-05-04 17:57:19,CRITICAL,AG,PUN,PHYSICAL PORT DOWN,2025-07-17 10:56:21,2025-07-17 10:56:21,6991.016111111111,1.0,unknown,unknown,unknown,unknown,NORMAL,link_down,0.76
alarm_01547,2026-05-04 17:57:19,CRITICAL,AG,PUN,PHYSICAL PORT DOWN,2025-07-17 10:56:21,2025-07-17 10:56:21,6991.016111111111,1.0,unknown,unknown,unknown,unknown,NORMAL,link_down,0.76
alarm_01548,2026-05-04 17:57:19,CRITICAL,AR,LIC,PHYSICAL PORT DOWN,2025-07-17 14:24:44,2025-07-17 14:24:44,6987.543055555556,1.0,unknown,unknown,unknown,unknown,NORMAL,link_down,0.76
alarm_01549,2026-05-04 17:57:19,CRITICAL,AR,SAN,PHYSICAL PORT DOWN,2025-07-17 18:26:50,2025-07-17 18:26:50,6983.508055555556,1.0,unknown,unknown,unknown,unknown,NORMAL,link_down,0.76
alarm_01550,2026-05-04 17:57:19,CRITICAL,AG,AMA,PHYSICAL PORT DOWN,2025-07-18 11:23:05,2025-07-18 11:23:05,6966.570555555556,1.0,unknown,unknown,unknown,unknown,NORMAL,link_down,0.76
alarm_01551,2026-05-04 17:57:19,CRITICAL,AR,LIC,PHYSICAL PORT DOWN,2025-07-18 15:55:46,2025-07-18 15:55:46,6962.025833333333,1.0,unknown,unknown,unknown,unknown,NORMAL,link_down,0.76
alarm_01552,2026-05-04 17:57:19,CRITICAL,AG,PUN,PHYSICAL PORT DOWN,2025-07-18 18:04:40,2025-07-18 18:04:40,6959.8775,1.0,unknown,unknown,unknown,unknown,NORMAL,link_down,0.76
alarm_01553,2026-05-04 17:57:19,CRITICAL,AG,PUN,PHYSICAL PORT DOWN,2025-07-18 18:06:02,2025-07-18 18:06:02,6959.854722222222,1.0,unknown,unknown,unknown,unknown,NORMAL,link_down,0.76
alarm_01554,2026-05-04 17:57:19,CRITICAL,AR,PIU,PHYSICAL PORT DOWN,2025-07-19 09:02:02,2025-07-19 09:02:02,6944.921388888889,1.0,unknown,unknown,unknown,unknown,NORMAL,link_down,0.76
alarm_01555,2026-05-04 17:57:19,CRITICAL,AR,PIU,PHYSICAL PORT DOWN,2025-07-19 09:44:24,2025-07-19 09:44:24,6944.215277777777,1.0,unknown,unknown,unknown,unknown,NORMAL,link_down,0.76
alarm_01556,2026-05-04 17:57:19,CRITICAL,AG,CAL,BOARD INVALID,2025-07-21 08:50:09,2025-07-21 08:50:09,6897.1194444444445,1.0,unknown,unknown,unknown,unknown,NORMAL,other,0.66
alarm_01557,2026-05-04 17:57:19,CRITICAL,AG,AYA,PHYSICAL PORT DOWN,2025-07-21 11:33:59,2025-07-21 11:33:59,6894.388888888889,1.0,unknown,unknown,unknown,unknown,NORMAL,link_down,0.76
alarm_01558,2026-05-04 17:57:19,CRITICAL,AR,LAL,PHYSICAL PORT DOWN,2025-07-21 13:18:53,2025-07-21 13:18:53,6892.640555555556,1.0,unknown,unknown,unknown,unknown,NORMAL,link_down,0.76
alarm_01559,2026-05-04 17:57:19,CRITICAL,AR,LAL,PHYSICAL PORT DOWN,2025-07-21 13:18:53,2025-07-21 13:18:53,6892.640555555556,1.0,unknown,unknown,unknown,unknown,NORMAL,link_down,0.76
alarm_01560,2026-05-04 17:57:19,CRITICAL,AR,CUS,PHYSICAL PORT DOWN,2025-07-21 14:30:16,2025-07-21 14:30:16,6891.450833333333,1.0,unknown,unknown,unknown,unknown,NORMAL,link_down,0.76
alarm_01561,2026-05-04 17:57:19,CRITICAL,AR,LAL,PHYSICAL PORT DOWN,2025-07-21 16:03:43,2025-07-21 16:03:43,6889.893333333333,1.0,unknown,unknown,unknown,unknown,NORMAL,link_down,0.76
alarm_01562,2026-05-04 17:57:19,CRITICAL,AR,LOR,PHYSICAL PORT DOWN,2025-07-21 17:02:29,2025-07-21 17:02:29,6888.913888888889,1.0,unknown,unknown,unknown,unknown,NORMAL,link_down,0.76
alarm_01563,2026-05-04 17:57:19,CRITICAL,AG,PUN,PHYSICAL PORT DOWN,2025-07-21 17:31:00,2025-07-21 17:31:00,6888.438611111111,1.0,unknown,unknown,unknown,unknown,NORMAL,link_down,0.76
alarm_01564,2026-05-04 17:57:19,CRITICAL,AG,PUN,PHYSICAL PORT DOWN,2025-07-22 12:09:27,2025-07-22 12:09:27,6869.797777777778,1.0,unknown,unknown,unknown,unknown,NORMAL,link_down,0.76
alarm_01565,2026-05-04 17:57:19,CRITICAL,AG,PUN,PHYSICAL PORT DOWN,2025-07-22 12:09:28,2025-07-22 12:09:28,6869.7975,1.0,unknown,unknown,unknown,unknown,NORMAL,link_down,0.76
alarm_01566,2026-05-04 17:57:19,CRITICAL,AG,LAL,PHYSICAL PORT DOWN,2025-07-22 15:41:59,2025-07-22 15:41:59,6866.2555555555555,1.0,unknown,unknown,unknown,unknown,NORMAL,link_down,0.76
alarm_01567,2026-05-04 17:57:19,CRITICAL,AR,LIC,PHYSICAL PORT DOWN,2025-07-22 17:18:58,2025-07-22 17:18:58,6864.639166666667,1.0,unknown,unknown,unknown,unknown,NORMAL,link_down,0.76
alarm_01568,2026-05-04 17:57:19,CRITICAL,AR,AYA,PHYSICAL PORT DOWN,2025-07-24 13:06:30,2025-07-24 13:06:30,6820.8469444444445,1.0,unknown,unknown,unknown,unknown,NORMAL,link_down,0.76
alarm_01569,2026-05-04 17:57:19,CRITICAL,AR,AYA,PHYSICAL PORT DOWN,2025-07-25 17:36:52,2025-07-25 17:36:52,6792.340833333334,1.0,unknown,unknown,unknown,unknown,NORMAL,link_down,0.76
alarm_01570,2026-05-04 17:57:19,CRITICAL,AR,AYA,PHYSICAL PORT DOWN,2025-07-25 17:36:52,2025-07-25 17:36:52,6792.340833333334,1.0,unknown,unknown,unknown,unknown,NORMAL,link_down,0.76
alarm_01571,2026-05-04 17:57:19,CRITICAL,AR,MAD,PHYSICAL PORT DOWN,2025-07-26 17:17:07,2025-07-26 17:17:07,6768.67,1.0,unknown,unknown,unknown,unknown,NORMAL,link_down,0.76
alarm_01572,2026-05-04 17:57:19,CRITICAL,AG,LIC,BOARD INVALID,2025-07-27 09:06:06,2025-07-27 09:06:06,6752.853611111111,1.0,unknown,unknown,unknown,unknown,NORMAL,other,0.66
alarm_01573,2026-05-04 17:57:19,CRITICAL,AR,AYA,PHYSICAL PORT DOWN,2025-07-27 17:48:35,2025-07-27 17:48:35,6744.145555555556,1.0,unknown,unknown,unknown,unknown,NORMAL,link_down,0.76
alarm_01574,2026-05-04 17:57:19,CRITICAL,AR,CAJ,PHYSICAL PORT DOWN,2025-07-27 21:23:23,2025-07-27 21:23:23,6740.565555555556,1.0,unknown,unknown,unknown,unknown,NORMAL,link_down,0.76
alarm_01575,2026-05-04 17:57:19,CRITICAL,AR,CUS,BOARD INVALID,2025-07-30 15:33:26,2025-07-30 15:33:26,6674.398055555555,1.0,unknown,unknown,unknown,unknown,NORMAL,other,0.66
alarm_01576,2026-05-04 17:57:19,CRITICAL,AR,CUS,BOARD INVALID,2025-07-30 15:33:42,2025-07-30 15:33:42,6674.393611111111,1.0,unknown,unknown,unknown,unknown,NORMAL,other,0.66
alarm_01577,2026-05-04 17:57:19,CRITICAL,AG,LAL,PHYSICAL PORT DOWN,2025-07-30 16:43:39,2025-07-30 16:43:39,6673.227777777778,1.0,unknown,unknown,unknown,unknown,NORMAL,link_down,0.76
alarm_01578,2026-05-04 17:57:19,CRITICAL,AR,LIC,PHYSICAL PORT DOWN,2025-07-30 17:30:51,2025-07-30 17:30:51,6672.441111111111,1.0,unknown,unknown,unknown,unknown,NORMAL,link_down,0.76
alarm_01579,2026-05-04 17:57:19,CRITICAL,AG,LAL,PHYSICAL PORT DOWN,2025-07-30 19:47:51,2025-07-30 19:47:51,6670.1577777777775,1.0,unknown,unknown,unknown,unknown,NORMAL,link_down,0.76
alarm_01580,2026-05-04 17:57:19,CRITICAL,AG,LAL,PHYSICAL PORT DOWN,2025-07-30 19:47:56,2025-07-30 19:47:56,6670.156388888889,1.0,unknown,unknown,unknown,unknown,NORMAL,link_down,0.76
alarm_01581,2026-05-04 17:57:19,CRITICAL,AR,LIC,PHYSICAL PORT DOWN,2025-07-30 22:57:16,2025-07-30 22:57:16,6667.0008333333335,1.0,unknown,unknown,unknown,unknown,NORMAL,link_down,0.76
alarm_01582,2026-05-04 17:57:19,CRITICAL,AG,HUC,PHYSICAL PORT DOWN,2025-07-31 11:29:03,2025-07-31 11:29:03,6654.471111111111,1.0,unknown,unknown,unknown,unknown,NORMAL,link_down,0.76
alarm_01583,2026-05-04 17:57:19,CRITICAL,AR,HUC,PHYSICAL PORT DOWN,2025-07-31 11:29:05,2025-07-31 11:29:05,6654.470555555556,1.0,unknown,unknown,unknown,unknown,NORMAL,link_down,0.76
alarm_01584,2026-05-04 17:57:19,CRITICAL,AG,HUC,PHYSICAL PORT DOWN,2025-07-31 11:31:57,2025-07-31 11:31:57,6654.422777777778,1.0,unknown,unknown,unknown,unknown,NORMAL,link_down,0.76
alarm_01585,2026-05-04 17:57:19,CRITICAL,AR,HUC,PHYSICAL PORT DOWN,2025-07-31 11:31:58,2025-07-31 11:31:58,6654.4225,1.0,unknown,unknown,unknown,unknown,NORMAL,link_down,0.76
alarm_01586,2026-05-04 17:57:19,CRITICAL,AG,LIC,PHYSICAL PORT DOWN,2025-07-31 15:44:32,2025-07-31 15:44:32,6650.213055555556,1.0,unknown,unknown,unknown,unknown,NORMAL,link_down,0.76
alarm_01587,2026-05-04 17:57:19,CRITICAL,AR,LIC,PHYSICAL PORT DOWN,2025-07-31 15:44:32,2025-07-31 15:44:32,6650.213055555556,1.0,unknown,unknown,unknown,unknown,NORMAL,link_down,0.76
alarm_01588,2026-05-04 17:57:19,CRITICAL,AR,HUC,PHYSICAL PORT DOWN,2025-07-31 16:26:46,2025-07-31 16:26:46,6649.509166666667,1.0,unknown,unknown,unknown,unknown,NORMAL,link_down,0.76
alarm_01589,2026-05-04 17:57:19,CRITICAL,AR,HUC,PHYSICAL PORT DOWN,2025-07-31 16:27:22,2025-07-31 16:27:22,6649.4991666666665,1.0,unknown,unknown,unknown,unknown,NORMAL,link_down,0.76
alarm_01590,2026-05-04 17:57:19,CRITICAL,AR,LIC,PHYSICAL PORT DOWN,2025-07-31 17:22:56,2025-07-31 17:22:56,6648.573055555556,1.0,unknown,unknown,unknown,unknown,NORMAL,link_down,0.76
alarm_01591,2026-05-04 17:57:19,CRITICAL,AR,CAJ,PHYSICAL PORT DOWN,2025-07-31 19:38:35,2025-07-31 19:38:35,6646.312222222222,1.0,unknown,unknown,unknown,unknown,NORMAL,link_down,0.76
alarm_01592,2026-05-04 17:57:19,CRITICAL,AR,MOQ,PHYSICAL PORT DOWN,2025-08-01 16:02:43,2025-08-01 16:02:43,6625.91,1.0,unknown,unknown,unknown,unknown,NORMAL,link_down,0.76
alarm_01593,2026-05-04 17:57:19,CRITICAL,AR,MOQ,PHYSICAL PORT DOWN,2025-08-01 16:06:49,2025-08-01 16:06:49,6625.841666666666,1.0,unknown,unknown,unknown,unknown,NORMAL,link_down,0.76
alarm_01594,2026-05-04 17:57:19,CRITICAL,AG,HUC,PHYSICAL PORT DOWN,2025-08-01 17:51:32,2025-08-01 17:51:32,6624.096388888889,1.0,unknown,unknown,unknown,unknown,NORMAL,link_down,0.76
alarm_01595,2026-05-04 17:57:19,CRITICAL,AG,HUC,PHYSICAL PORT DOWN,2025-08-01 17:53:45,2025-08-01 17:53:45,6624.059444444444,1.0,unknown,unknown,unknown,unknown,NORMAL,link_down,0.76
alarm_01596,2026-05-04 17:57:19,CRITICAL,AR,LIC,PHYSICAL PORT DOWN,2025-08-02 11:56:14,2025-08-02 11:56:14,6606.018055555555,1.0,unknown,unknown,unknown,unknown,NORMAL,link_down,0.76
alarm_01597,2026-05-04 17:57:19,CRITICAL,AG,LIC,PHYSICAL PORT DOWN,2025-08-03 18:53:07,2025-08-03 18:53:07,6575.07,1.0,unknown,unknown,unknown,unknown,NORMAL,link_down,0.76
alarm_01598,2026-05-04 17:57:19,CRITICAL,AG,ICA,PHYSICAL PORT DOWN,2025-08-04 11:00:14,2025-08-04 11:00:14,6558.951388888889,1.0,unknown,unknown,unknown,unknown,NORMAL,link_down,0.76
alarm_01599,2026-05-04 17:57:19,CRITICAL,AR,HUC,BOARD INVALID,2025-08-04 13:17:55,2025-08-04 13:17:55,6556.656666666667,1.0,unknown,unknown,unknown,unknown,NORMAL,other,0.66
alarm_01600,2026-05-04 17:57:19,CRITICAL,AR,CAJ,PHYSICAL PORT DOWN,2025-08-04 16:56:18,2025-08-04 16:56:18,6553.016944444445,1.0,unknown,unknown,unknown,unknown,NORMAL,link_down,0.76
alarm_01601,2026-05-04 17:57:19,CRITICAL,AR,CUS,PHYSICAL PORT DOWN,2025-08-05 10:15:03,2025-08-05 10:15:03,6535.704444444445,1.0,unknown,unknown,unknown,unknown,NORMAL,link_down,0.76
alarm_01602,2026-05-04 17:57:19,CRITICAL,AG,LIC,PHYSICAL PORT DOWN,2025-08-05 11:26:12,2025-08-05 11:26:12,6534.518611111111,1.0,unknown,unknown,unknown,unknown,NORMAL,link_down,0.76
alarm_01603,2026-05-04 17:57:19,CRITICAL,AG,ICA,PHYSICAL PORT DOWN,2025-08-05 18:17:51,2025-08-05 18:17:51,6527.6577777777775,1.0,unknown,unknown,unknown,unknown,NORMAL,link_down,0.76
alarm_01604,2026-05-04 17:57:19,CRITICAL,AG,LIC,BOARD INVALID,2025-08-05 20:15:20,2025-08-05 20:15:20,6525.699722222223,1.0,unknown,unknown,unknown,unknown,NORMAL,other,0.66
alarm_01605,2026-05-04 17:57:19,CRITICAL,AG,PUN,PHYSICAL PORT DOWN,2025-08-06 11:56:59,2025-08-06 11:56:59,6510.0055555555555,1.0,unknown,unknown,unknown,unknown,NORMAL,link_down,0.76
alarm_01606,2026-05-04 17:57:19,CRITICAL,AR,CUS,PHYSICAL PORT DOWN,2025-08-06 11:59:11,2025-08-06 11:59:11,6509.968888888889,1.0,unknown,unknown,unknown,unknown,NORMAL,link_down,0.76
alarm_01607,2026-05-04 17:57:19,CRITICAL,AG,PUN,PHYSICAL PORT DOWN,2025-08-06 12:23:14,2025-08-06 12:23:14,6509.5680555555555,1.0,unknown,unknown,unknown,unknown,NORMAL,link_down,0.76
alarm_01608,2026-05-04 17:57:19,CRITICAL,AR,PUN,PHYSICAL PORT DOWN,2025-08-06 13:17:57,2025-08-06 13:17:57,6508.656111111111,1.0,unknown,unknown,unknown,unknown,NORMAL,link_down,0.76
alarm_01609,2026-05-04 17:57:19,CRITICAL,AR,CUS,PHYSICAL PORT DOWN,2025-08-06 14:22:14,2025-08-06 14:22:14,6507.584722222222,1.0,unknown,unknown,unknown,unknown,NORMAL,link_down,0.76
alarm_01610,2026-05-04 17:57:19,CRITICAL,AR,LAL,PHYSICAL PORT DOWN,2025-08-06 23:21:50,2025-08-06 23:21:50,6498.591388888889,1.0,unknown,unknown,unknown,unknown,NORMAL,link_down,0.76
alarm_01611,2026-05-04 17:57:19,CRITICAL,AR,LAL,PHYSICAL PORT DOWN,2025-08-06 23:21:50,2025-08-06 23:21:50,6498.591388888889,1.0,unknown,unknown,unknown,unknown,NORMAL,link_down,0.76
alarm_01612,2026-05-04 17:57:19,CRITICAL,AR,CUS,PHYSICAL PORT DOWN,2025-08-07 10:00:27,2025-08-07 10:00:27,6487.947777777777,1.0,unknown,unknown,unknown,unknown,NORMAL,link_down,0.76
alarm_01613,2026-05-04 17:57:19,CRITICAL,AR,CAJ,PHYSICAL PORT DOWN,2025-08-07 10:17:45,2025-08-07 10:17:45,6487.6594444444445,1.0,unknown,unknown,unknown,unknown,NORMAL,link_down,0.76
alarm_01614,2026-05-04 17:57:19,CRITICAL,AR,CAJ,PHYSICAL PORT DOWN,2025-08-07 13:03:46,2025-08-07 13:03:46,6484.8925,1.0,unknown,unknown,unknown,unknown,NORMAL,link_down,0.76
alarm_01615,2026-05-04 17:57:19,CRITICAL,AR,AYA,PHYSICAL PORT DOWN,2025-08-07 15:29:52,2025-08-07 15:29:52,6482.4575,1.0,unknown,unknown,unknown,unknown,NORMAL,link_down,0.76
alarm_01616,2026-05-04 17:57:19,CRITICAL,AR,ARE,PHYSICAL PORT DOWN,2025-08-07 16:46:42,2025-08-07 16:46:42,6481.176944444444,1.0,unknown,unknown,unknown,unknown,NORMAL,link_down,0.76
alarm_01617,2026-05-04 17:57:19,CRITICAL,AG,HUN,PHYSICAL PORT DOWN,2025-08-07 17:44:15,2025-08-07 17:44:15,6480.217777777778,1.0,unknown,unknown,unknown,unknown,NORMAL,link_down,0.76
alarm_01618,2026-05-04 17:57:19,CRITICAL,AG,HUN,PHYSICAL PORT DOWN,2025-08-07 18:14:46,2025-08-07 18:14:46,6479.7091666666665,1.0,unknown,unknown,unknown,unknown,NORMAL,link_down,0.76
alarm_01619,2026-05-04 17:57:19,CRITICAL,AR,PIU,PHYSICAL PORT DOWN,2025-08-07 22:09:54,2025-08-07 22:09:54,6475.790277777778,1.0,unknown,unknown,unknown,unknown,NORMAL,link_down,0.76
alarm_01620,2026-05-04 17:57:19,CRITICAL,AR,PIU,PHYSICAL PORT DOWN,2025-08-07 22:09:54,2025-08-07 22:09:54,6475.790277777778,1.0,unknown,unknown,unknown,unknown,NORMAL,link_down,0.76
alarm_01621,2026-05-04 17:57:19,CRITICAL,AG,SAN,PHYSICAL PORT DOWN,2025-08-08 16:00:49,2025-08-08 16:00:49,6457.941666666667,1.0,unknown,unknown,unknown,unknown,NORMAL,link_down,0.76
alarm_01622,2026-05-04 17:57:19,CRITICAL,AG,PUN,PHYSICAL PORT DOWN,2025-08-08 16:18:19,2025-08-08 16:18:19,6457.65,1.0,unknown,unknown,unknown,unknown,NORMAL,link_down,0.76
alarm_01623,2026-05-04 17:57:19,CRITICAL,AG,PUN,PHYSICAL PORT DOWN,2025-08-08 16:18:19,2025-08-08 16:18:19,6457.65,1.0,unknown,unknown,unknown,unknown,NORMAL,link_down,0.76
alarm_01624,2026-05-04 17:57:19,CRITICAL,AR,AYA,PHYSICAL PORT DOWN,2025-08-08 16:28:07,2025-08-08 16:28:07,6457.486666666667,1.0,unknown,unknown,unknown,unknown,NORMAL,link_down,0.76
alarm_01625,2026-05-04 17:57:19,CRITICAL,AG,PUN,PHYSICAL PORT DOWN,2025-08-09 12:24:53,2025-08-09 12:24:53,6437.540555555555,1.0,unknown,unknown,unknown,unknown,NORMAL,link_down,0.76
alarm_01626,2026-05-04 17:57:19,CRITICAL,AR,PIU,PHYSICAL PORT DOWN,2025-08-09 14:27:32,2025-08-09 14:27:32,6435.496388888889,1.0,unknown,unknown,unknown,unknown,NORMAL,link_down,0.76
alarm_01627,2026-05-04 17:57:19,CRITICAL,AR,PUN,PHYSICAL PORT DOWN,2025-08-09 17:05:11,2025-08-09 17:05:11,6432.868888888889,1.0,unknown,unknown,unknown,unknown,NORMAL,link_down,0.76
alarm_01628,2026-05-04 17:57:19,CRITICAL,AR,PIU,PHYSICAL PORT DOWN,2025-08-11 06:19:09,2025-08-11 06:19:09,6395.636111111111,1.0,unknown,unknown,unknown,unknown,NORMAL,link_down,0.76
alarm_01629,2026-05-04 17:57:19,CRITICAL,AR,JUN,PHYSICAL PORT DOWN,2025-08-11 11:30:25,2025-08-11 11:30:25,6390.448333333334,1.0,unknown,unknown,unknown,unknown,NORMAL,link_down,0.76
alarm_01630,2026-05-04 17:57:19,CRITICAL,AG,ANC,BOARD INVALID,2025-08-11 11:57:30,2025-08-11 11:57:30,6389.996944444444,1.0,unknown,unknown,unknown,unknown,NORMAL,other,0.66
alarm_01631,2026-05-04 17:57:19,CRITICAL,AR,LOR,PHYSICAL PORT DOWN,2025-08-11 13:33:40,2025-08-11 13:33:40,6388.394166666667,1.0,unknown,unknown,unknown,unknown,NORMAL,link_down,0.76
alarm_01632,2026-05-04 17:57:19,CRITICAL,AR,PUN,PHYSICAL PORT DOWN,2025-08-11 14:58:02,2025-08-11 14:58:02,6386.988055555556,1.0,unknown,unknown,unknown,unknown,NORMAL,link_down,0.76
alarm_01633,2026-05-04 17:57:19,CRITICAL,AR,PUN,PHYSICAL PORT DOWN,2025-08-11 14:58:02,2025-08-11 14:58:02,6386.988055555556,1.0,unknown,unknown,unknown,unknown,NORMAL,link_down,0.76
alarm_01634,2026-05-04 17:57:19,CRITICAL,AR,PUN,PHYSICAL PORT DOWN,2025-08-11 19:16:18,2025-08-11 19:16:18,6382.6836111111115,1.0,unknown,unknown,unknown,unknown,NORMAL,link_down,0.76
alarm_01635,2026-05-04 17:57:19,CRITICAL,AR,LOR,PHYSICAL PORT DOWN,2025-08-12 05:56:57,2025-08-12 05:56:57,6372.006111111111,1.0,unknown,unknown,unknown,unknown,NORMAL,link_down,0.76
alarm_01636,2026-05-04 17:57:19,CRITICAL,AR,LIC,PHYSICAL PORT DOWN,2025-08-12 11:40:04,2025-08-12 11:40:04,6366.2875,1.0,unknown,unknown,unknown,unknown,NORMAL,link_down,0.76
alarm_01637,2026-05-04 17:57:19,CRITICAL,AR,ARE,PHYSICAL PORT DOWN,2025-08-12 12:18:55,2025-08-12 12:18:55,6365.64,1.0,unknown,unknown,unknown,unknown,NORMAL,link_down,0.76
alarm_01638,2026-05-04 17:57:19,CRITICAL,AR,ARE,PHYSICAL PORT DOWN,2025-08-12 12:20:41,2025-08-12 12:20:41,6365.610555555556,1.0,unknown,unknown,unknown,unknown,NORMAL,link_down,0.76
alarm_01639,2026-05-04 17:57:19,CRITICAL,AR,LIC,PHYSICAL PORT DOWN,2025-08-12 14:39:52,2025-08-12 14:39:52,6363.2908333333335,1.0,unknown,unknown,unknown,unknown,NORMAL,link_down,0.76
alarm_01640,2026-05-04 17:57:19,CRITICAL,AR,LIC,PHYSICAL PORT DOWN,2025-08-12 14:39:53,2025-08-12 14:39:53,6363.290555555555,1.0,unknown,unknown,unknown,unknown,NORMAL,link_down,0.76
alarm_01641,2026-05-04 17:57:19,CRITICAL,AR,PUN,PHYSICAL PORT DOWN,2025-08-12 15:04:56,2025-08-12 15:04:56,6362.873055555556,1.0,unknown,unknown,unknown,unknown,NORMAL,link_down,0.76
alarm_01642,2026-05-04 17:57:19,CRITICAL,AR,PUN,PHYSICAL PORT DOWN,2025-08-12 15:26:46,2025-08-12 15:26:46,6362.509166666667,1.0,unknown,unknown,unknown,unknown,NORMAL,link_down,0.76
alarm_01643,2026-05-04 17:57:19,CRITICAL,CA,SOU,PHYSICAL PORT DOWN,2025-08-13 01:33:58,2025-08-13 01:33:58,6352.389166666667,1.0,unknown,unknown,unknown,unknown,NORMAL,link_down,0.76
alarm_01644,2026-05-04 17:57:19,CRITICAL,CA,SOU,PHYSICAL PORT DOWN,2025-08-13 01:33:58,2025-08-13 01:33:58,6352.389166666667,1.0,unknown,unknown,unknown,unknown,NORMAL,link_down,0.76
alarm_01645,2026-05-04 17:57:19,CRITICAL,CA,SOU,PHYSICAL PORT DOWN,2025-08-13 01:34:02,2025-08-13 01:34:02,6352.388055555555,1.0,unknown,unknown,unknown,unknown,NORMAL,link_down,0.76
alarm_01646,2026-05-04 17:57:19,CRITICAL,CA,SOU,PHYSICAL PORT DOWN,2025-08-13 01:34:05,2025-08-13 01:34:05,6352.387222222223,1.0,unknown,unknown,unknown,unknown,NORMAL,link_down,0.76
alarm_01647,2026-05-04 17:57:19,CRITICAL,CA,SOU,PHYSICAL PORT DOWN,2025-08-13 01:34:05,2025-08-13 01:34:05,6352.387222222223,1.0,unknown,unknown,unknown,unknown,NORMAL,link_down,0.76
alarm_01648,2026-05-04 17:57:19,CRITICAL,CA,SOU,PHYSICAL PORT DOWN,2025-08-13 01:34:07,2025-08-13 01:34:07,6352.386666666666,1.0,unknown,unknown,unknown,unknown,NORMAL,link_down,0.76
alarm_01649,2026-05-04 17:57:19,CRITICAL,CA,SOU,PHYSICAL PORT DOWN,2025-08-13 01:34:07,2025-08-13 01:34:07,6352.386666666666,1.0,unknown,unknown,unknown,unknown,NORMAL,link_down,0.76
alarm_01650,2026-05-04 17:57:19,CRITICAL,CA,SOU,PHYSICAL PORT DOWN,2025-08-13 01:34:09,2025-08-13 01:34:09,6352.386111111111,1.0,unknown,unknown,unknown,unknown,NORMAL,link_down,0.76
alarm_01651,2026-05-04 17:57:19,CRITICAL,CA,SOU,PHYSICAL PORT DOWN,2025-08-13 01:34:09,2025-08-13 01:34:09,6352.386111111111,1.0,unknown,unknown,unknown,unknown,NORMAL,link_down,0.76
alarm_01652,2026-05-04 17:57:19,CRITICAL,CA,SOU,PHYSICAL PORT DOWN,2025-08-13 01:34:11,2025-08-13 01:34:11,6352.385555555556,1.0,unknown,unknown,unknown,unknown,NORMAL,link_down,0.76
alarm_01653,2026-05-04 17:57:19,CRITICAL,CA,SOU,PHYSICAL PORT DOWN,2025-08-13 01:34:11,2025-08-13 01:34:11,6352.385555555556,1.0,unknown,unknown,unknown,unknown,NORMAL,link_down,0.76
alarm_01654,2026-05-04 17:57:19,CRITICAL,CA,SOU,PHYSICAL PORT DOWN,2025-08-13 01:34:14,2025-08-13 01:34:14,6352.384722222222,1.0,unknown,unknown,unknown,unknown,NORMAL,link_down,0.76
alarm_01655,2026-05-04 17:57:19,CRITICAL,CA,SOU,PHYSICAL PORT DOWN,2025-08-13 01:34:14,2025-08-13 01:34:14,6352.384722222222,1.0,unknown,unknown,unknown,unknown,NORMAL,link_down,0.76
alarm_01656,2026-05-04 17:57:19,CRITICAL,CA,SOU,PHYSICAL PORT DOWN,2025-08-13 01:34:14,2025-08-13 01:34:14,6352.384722222222,1.0,unknown,unknown,unknown,unknown,NORMAL,link_down,0.76
alarm_01657,2026-05-04 17:57:19,CRITICAL,CA,SOU,PHYSICAL PORT DOWN,2025-08-13 01:34:18,2025-08-13 01:34:18,6352.383611111111,1.0,unknown,unknown,unknown,unknown,NORMAL,link_down,0.76
alarm_01658,2026-05-04 17:57:19,CRITICAL,CA,SOU,PHYSICAL PORT DOWN,2025-08-13 01:34:18,2025-08-13 01:34:18,6352.383611111111,1.0,unknown,unknown,unknown,unknown,NORMAL,link_down,0.76
alarm_01659,2026-05-04 17:57:19,CRITICAL,CA,SOU,PHYSICAL PORT DOWN,2025-08-13 01:34:18,2025-08-13 01:34:18,6352.383611111111,1.0,unknown,unknown,unknown,unknown,NORMAL,link_down,0.76
alarm_01660,2026-05-04 17:57:19,CRITICAL,CA,SOU,PHYSICAL PORT DOWN,2025-08-13 01:34:22,2025-08-13 01:34:22,6352.3825,1.0,unknown,unknown,unknown,unknown,NORMAL,link_down,0.76
alarm_01661,2026-05-04 17:57:19,CRITICAL,CA,SOU,PHYSICAL PORT DOWN,2025-08-13 01:34:22,2025-08-13 01:34:22,6352.3825,1.0,unknown,unknown,unknown,unknown,NORMAL,link_down,0.76
alarm_01662,2026-05-04 17:57:19,CRITICAL,CA,SOU,PHYSICAL PORT DOWN,2025-08-13 01:34:22,2025-08-13 01:34:22,6352.3825,1.0,unknown,unknown,unknown,unknown,NORMAL,link_down,0.76
alarm_01663,2026-05-04 17:57:19,CRITICAL,CA,SOU,PHYSICAL PORT DOWN,2025-08-13 01:34:26,2025-08-13 01:34:26,6352.381388888889,1.0,unknown,unknown,unknown,unknown,NORMAL,link_down,0.76
alarm_01664,2026-05-04 17:57:19,CRITICAL,CA,SOU,PHYSICAL PORT DOWN,2025-08-13 01:34:26,2025-08-13 01:34:26,6352.381388888889,1.0,unknown,unknown,unknown,unknown,NORMAL,link_down,0.76
alarm_01665,2026-05-04 17:57:19,CRITICAL,CA,SOU,PHYSICAL PORT DOWN,2025-08-13 01:34:27,2025-08-13 01:34:27,6352.381111111111,1.0,unknown,unknown,unknown,unknown,NORMAL,link_down,0.76
alarm_01666,2026-05-04 17:57:19,CRITICAL,CA,SOU,PHYSICAL PORT DOWN,2025-08-13 01:34:30,2025-08-13 01:34:30,6352.380277777777,1.0,unknown,unknown,unknown,unknown,NORMAL,link_down,0.76
alarm_01667,2026-05-04 17:57:19,CRITICAL,CA,SOU,PHYSICAL PORT DOWN,2025-08-13 01:34:30,2025-08-13 01:34:30,6352.380277777777,1.0,unknown,unknown,unknown,unknown,NORMAL,link_down,0.76
alarm_01668,2026-05-04 17:57:19,CRITICAL,CA,SOU,PHYSICAL PORT DOWN,2025-08-13 01:34:34,2025-08-13 01:34:34,6352.379166666667,1.0,unknown,unknown,unknown,unknown,NORMAL,link_down,0.76
alarm_01669,2026-05-04 17:57:19,CRITICAL,CA,SOU,PHYSICAL PORT DOWN,2025-08-13 01:34:37,2025-08-13 01:34:37,6352.378333333333,1.0,unknown,unknown,unknown,unknown,NORMAL,link_down,0.76
alarm_01670,2026-05-04 17:57:19,CRITICAL,CA,SOU,PHYSICAL PORT DOWN,2025-08-13 01:34:41,2025-08-13 01:34:41,6352.377222222222,1.0,unknown,unknown,unknown,unknown,NORMAL,link_down,0.76
alarm_01671,2026-05-04 17:57:19,CRITICAL,CA,SOU,PHYSICAL PORT DOWN,2025-08-13 01:34:44,2025-08-13 01:34:44,6352.376388888889,1.0,unknown,unknown,unknown,unknown,NORMAL,link_down,0.76
alarm_01672,2026-05-04 17:57:19,CRITICAL,CA,SOU,PHYSICAL PORT DOWN,2025-08-13 01:34:48,2025-08-13 01:34:48,6352.375277777778,1.0,unknown,unknown,unknown,unknown,NORMAL,link_down,0.76
alarm_01673,2026-05-04 17:57:19,CRITICAL,CA,SOU,PHYSICAL PORT DOWN,2025-08-13 01:34:51,2025-08-13 01:34:51,6352.374444444445,1.0,unknown,unknown,unknown,unknown,NORMAL,link_down,0.76
alarm_01674,2026-05-04 17:57:19,CRITICAL,CA,SOU,PHYSICAL PORT DOWN,2025-08-13 01:34:52,2025-08-13 01:34:52,6352.3741666666665,1.0,unknown,unknown,unknown,unknown,NORMAL,link_down,0.76
alarm_01675,2026-05-04 17:57:19,CRITICAL,IPBN,UNKNOWN,PHYSICAL PORT DOWN,2025-08-13 01:34:52,2025-08-13 01:34:52,6352.3741666666665,1.0,unknown,unknown,unknown,unknown,NORMAL,link_down,0.76
alarm_01676,2026-05-04 17:57:19,CRITICAL,CA,SOU,PHYSICAL PORT DOWN,2025-08-13 01:34:55,2025-08-13 01:34:55,6352.373333333333,1.0,unknown,unknown,unknown,unknown,NORMAL,link_down,0.76
alarm_01677,2026-05-04 17:57:19,CRITICAL,CA,SOU,PHYSICAL PORT DOWN,2025-08-13 01:34:56,2025-08-13 01:34:56,6352.373055555556,1.0,unknown,unknown,unknown,unknown,NORMAL,link_down,0.76
alarm_01678,2026-05-04 17:57:19,CRITICAL,CA,SOU,PHYSICAL PORT DOWN,2025-08-13 01:34:59,2025-08-13 01:34:59,6352.372222222222,1.0,unknown,unknown,unknown,unknown,NORMAL,link_down,0.76
alarm_01679,2026-05-04 17:57:19,CRITICAL,CA,SOU,PHYSICAL PORT DOWN,2025-08-13 01:34:59,2025-08-13 01:34:59,6352.372222222222,1.0,unknown,unknown,unknown,unknown,NORMAL,link_down,0.76
alarm_01680,2026-05-04 17:57:19,CRITICAL,CA,SOU,PHYSICAL PORT DOWN,2025-08-13 01:35:02,2025-08-13 01:35:02,6352.371388888889,1.0,unknown,unknown,unknown,unknown,NORMAL,link_down,0.76
alarm_01681,2026-05-04 17:57:19,CRITICAL,CA,SOU,PHYSICAL PORT DOWN,2025-08-13 01:35:03,2025-08-13 01:35:03,6352.3711111111115,1.0,unknown,unknown,unknown,unknown,NORMAL,link_down,0.76
alarm_01682,2026-05-04 17:57:19,CRITICAL,CA,SOU,PHYSICAL PORT DOWN,2025-08-13 01:35:06,2025-08-13 01:35:06,6352.370277777778,1.0,unknown,unknown,unknown,unknown,NORMAL,link_down,0.76
alarm_01683,2026-05-04 17:57:19,CRITICAL,CA,SOU,PHYSICAL PORT DOWN,2025-08-13 01:35:06,2025-08-13 01:35:06,6352.370277777778,1.0,unknown,unknown,unknown,unknown,NORMAL,link_down,0.76
alarm_01684,2026-05-04 17:57:19,CRITICAL,CA,SOU,PHYSICAL PORT DOWN,2025-08-13 01:35:10,2025-08-13 01:35:10,6352.369166666666,1.0,unknown,unknown,unknown,unknown,NORMAL,link_down,0.76
alarm_01685,2026-05-04 17:57:19,CRITICAL,CA,SOU,PHYSICAL PORT DOWN,2025-08-13 01:35:10,2025-08-13 01:35:10,6352.369166666666,1.0,unknown,unknown,unknown,unknown,NORMAL,link_down,0.76
alarm_01686,2026-05-04 17:57:19,CRITICAL,CA,SOU,PHYSICAL PORT DOWN,2025-08-13 01:35:13,2025-08-13 01:35:13,6352.368333333333,1.0,unknown,unknown,unknown,unknown,NORMAL,link_down,0.76
alarm_01687,2026-05-04 17:57:19,CRITICAL,CA,SOU,PHYSICAL PORT DOWN,2025-08-13 01:35:17,2025-08-13 01:35:17,6352.367222222222,1.0,unknown,unknown,unknown,unknown,NORMAL,link_down,0.76
alarm_01688,2026-05-04 17:57:19,CRITICAL,CA,SOU,PHYSICAL PORT DOWN,2025-08-13 01:35:17,2025-08-13 01:35:17,6352.367222222222,1.0,unknown,unknown,unknown,unknown,NORMAL,link_down,0.76
alarm_01689,2026-05-04 17:57:19,CRITICAL,CA,SOU,PHYSICAL PORT DOWN,2025-08-13 01:35:20,2025-08-13 01:35:20,6352.366388888889,1.0,unknown,unknown,unknown,unknown,NORMAL,link_down,0.76
alarm_01690,2026-05-04 17:57:19,CRITICAL,CA,SOU,PHYSICAL PORT DOWN,2025-08-13 01:35:20,2025-08-13 01:35:20,6352.366388888889,1.0,unknown,unknown,unknown,unknown,NORMAL,link_down,0.76
alarm_01691,2026-05-04 17:57:19,CRITICAL,CA,SOU,PHYSICAL PORT DOWN,2025-08-13 01:35:24,2025-08-13 01:35:24,6352.365277777778,1.0,unknown,unknown,unknown,unknown,NORMAL,link_down,0.76
alarm_01692,2026-05-04 17:57:19,CRITICAL,CA,SOU,PHYSICAL PORT DOWN,2025-08-13 01:35:24,2025-08-13 01:35:24,6352.365277777778,1.0,unknown,unknown,unknown,unknown,NORMAL,link_down,0.76
alarm_01693,2026-05-04 17:57:19,CRITICAL,CA,SOU,PHYSICAL PORT DOWN,2025-08-13 01:35:27,2025-08-13 01:35:27,6352.364444444444,1.0,unknown,unknown,unknown,unknown,NORMAL,link_down,0.76
alarm_01694,2026-05-04 17:57:19,CRITICAL,CA,SOU,PHYSICAL PORT DOWN,2025-08-13 01:35:27,2025-08-13 01:35:27,6352.364444444444,1.0,unknown,unknown,unknown,unknown,NORMAL,link_down,0.76
alarm_01695,2026-05-04 17:57:19,CRITICAL,CA,SOU,PHYSICAL PORT DOWN,2025-08-13 01:35:31,2025-08-13 01:35:31,6352.363333333334,1.0,unknown,unknown,unknown,unknown,NORMAL,link_down,0.76
alarm_01696,2026-05-04 17:57:19,CRITICAL,CA,SOU,PHYSICAL PORT DOWN,2025-08-13 01:36:00,2025-08-13 01:36:00,6352.355277777778,1.0,unknown,unknown,unknown,unknown,NORMAL,link_down,0.76
alarm_01697,2026-05-04 17:57:19,CRITICAL,CA,SOU,PHYSICAL PORT DOWN,2025-08-13 01:36:04,2025-08-13 01:36:04,6352.354166666667,1.0,unknown,unknown,unknown,unknown,NORMAL,link_down,0.76
alarm_01698,2026-05-04 17:57:19,CRITICAL,CA,SOU,PHYSICAL PORT DOWN,2025-08-13 01:36:13,2025-08-13 01:36:13,6352.3516666666665,1.0,unknown,unknown,unknown,unknown,NORMAL,link_down,0.76
alarm_01699,2026-05-04 17:57:19,CRITICAL,CA,SOU,PHYSICAL PORT DOWN,2025-08-13 01:36:17,2025-08-13 01:36:17,6352.350555555556,1.0,unknown,unknown,unknown,unknown,NORMAL,link_down,0.76
alarm_01700,2026-05-04 17:57:19,CRITICAL,CA,SOU,PHYSICAL PORT DOWN,2025-08-13 01:36:21,2025-08-13 01:36:21,6352.349444444444,1.0,unknown,unknown,unknown,unknown,NORMAL,link_down,0.76
alarm_01701,2026-05-04 17:57:19,CRITICAL,CA,SOU,PHYSICAL PORT DOWN,2025-08-13 01:36:23,2025-08-13 01:36:23,6352.348888888889,1.0,unknown,unknown,unknown,unknown,NORMAL,link_down,0.76
alarm_01702,2026-05-04 17:57:19,CRITICAL,CA,SOU,PHYSICAL PORT DOWN,2025-08-13 01:36:24,2025-08-13 01:36:24,6352.3486111111115,1.0,unknown,unknown,unknown,unknown,NORMAL,link_down,0.76
alarm_01703,2026-05-04 17:57:19,CRITICAL,CA,SOU,PHYSICAL PORT DOWN,2025-08-13 01:36:26,2025-08-13 01:36:26,6352.348055555555,1.0,unknown,unknown,unknown,unknown,NORMAL,link_down,0.76
alarm_01704,2026-05-04 17:57:19,CRITICAL,CA,SOU,PHYSICAL PORT DOWN,2025-08-13 01:36:27,2025-08-13 01:36:27,6352.347777777778,1.0,unknown,unknown,unknown,unknown,NORMAL,link_down,0.76
alarm_01705,2026-05-04 17:57:19,CRITICAL,CA,SOU,PHYSICAL PORT DOWN,2025-08-13 01:36:28,2025-08-13 01:36:28,6352.3475,1.0,unknown,unknown,unknown,unknown,NORMAL,link_down,0.76
alarm_01706,2026-05-04 17:57:19,CRITICAL,CA,SOU,PHYSICAL PORT DOWN,2025-08-13 01:36:34,2025-08-13 01:36:34,6352.345833333334,1.0,unknown,unknown,unknown,unknown,NORMAL,link_down,0.76
alarm_01707,2026-05-04 17:57:19,CRITICAL,CA,SOU,PHYSICAL PORT DOWN,2025-08-13 01:36:37,2025-08-13 01:36:37,6352.345,1.0,unknown,unknown,unknown,unknown,NORMAL,link_down,0.76
alarm_01708,2026-05-04 17:57:19,CRITICAL,CA,SOU,PHYSICAL PORT DOWN,2025-08-13 01:36:39,2025-08-13 01:36:39,6352.344444444445,1.0,unknown,unknown,unknown,unknown,NORMAL,link_down,0.76
alarm_01709,2026-05-04 17:57:19,CRITICAL,CA,SOU,PHYSICAL PORT DOWN,2025-08-13 02:08:46,2025-08-13 02:08:46,6351.809166666667,1.0,unknown,unknown,unknown,unknown,NORMAL,link_down,0.76
alarm_01710,2026-05-04 17:57:19,CRITICAL,CA,SOU,PHYSICAL PORT DOWN,2025-08-13 02:08:47,2025-08-13 02:08:47,6351.808888888889,1.0,unknown,unknown,unknown,unknown,NORMAL,link_down,0.76
alarm_01711,2026-05-04 17:57:19,CRITICAL,AR,SAN,PHYSICAL PORT DOWN,2025-08-13 11:08:39,2025-08-13 11:08:39,6342.811111111111,1.0,unknown,unknown,unknown,unknown,NORMAL,link_down,0.76
alarm_01712,2026-05-04 17:57:19,CRITICAL,AR,HUN,PHYSICAL PORT DOWN,2025-08-14 00:50:29,2025-08-14 00:50:29,6329.113888888889,1.0,unknown,unknown,unknown,unknown,NORMAL,link_down,0.76
alarm_01713,2026-05-04 17:57:19,CRITICAL,AG,TAC,PHYSICAL PORT DOWN,2025-08-14 15:59:15,2025-08-14 15:59:15,6313.967777777778,1.0,unknown,unknown,unknown,unknown,NORMAL,link_down,0.76
alarm_01714,2026-05-04 17:57:19,CRITICAL,AR,CUS,PHYSICAL PORT DOWN,2025-08-14 22:18:21,2025-08-14 22:18:21,6307.649444444444,1.0,unknown,unknown,unknown,unknown,NORMAL,link_down,0.76
alarm_01715,2026-05-04 17:57:19,CRITICAL,CA,SOU,BOARD INVALID,2025-08-15 01:32:15,2025-08-15 01:32:15,6304.417777777778,1.0,unknown,unknown,unknown,unknown,NORMAL,other,0.66
alarm_01716,2026-05-04 17:57:19,CRITICAL,CA,SOU,BOARD INVALID,2025-08-15 01:32:22,2025-08-15 01:32:22,6304.4158333333335,1.0,unknown,unknown,unknown,unknown,NORMAL,other,0.66
alarm_01717,2026-05-04 17:57:19,CRITICAL,CA,SOU,BOARD INVALID,2025-08-15 01:32:27,2025-08-15 01:32:27,6304.414444444445,1.0,unknown,unknown,unknown,unknown,NORMAL,other,0.66
alarm_01718,2026-05-04 17:57:19,CRITICAL,CA,SOU,BOARD INVALID,2025-08-15 01:32:31,2025-08-15 01:32:31,6304.413333333333,1.0,unknown,unknown,unknown,unknown,NORMAL,other,0.66
alarm_01719,2026-05-04 17:57:19,CRITICAL,CA,SOU,BOARD INVALID,2025-08-15 02:01:35,2025-08-15 02:01:35,6303.928888888889,1.0,unknown,unknown,unknown,unknown,NORMAL,other,0.66
alarm_01720,2026-05-04 17:57:19,CRITICAL,CA,SOU,BOARD INVALID,2025-08-15 02:01:38,2025-08-15 02:01:38,6303.928055555555,1.0,unknown,unknown,unknown,unknown,NORMAL,other,0.66
alarm_01721,2026-05-04 17:57:19,CRITICAL,CA,SOU,BOARD INVALID,2025-08-15 02:01:48,2025-08-15 02:01:48,6303.925277777777,1.0,unknown,unknown,unknown,unknown,NORMAL,other,0.66
alarm_01722,2026-05-04 17:57:19,CRITICAL,CA,SOU,BOARD INVALID,2025-08-15 02:01:50,2025-08-15 02:01:50,6303.924722222222,1.0,unknown,unknown,unknown,unknown,NORMAL,other,0.66
alarm_01723,2026-05-04 17:57:19,CRITICAL,CA,SOU,BOARD INVALID,2025-08-15 02:01:58,2025-08-15 02:01:58,6303.9225,1.0,unknown,unknown,unknown,unknown,NORMAL,other,0.66
alarm_01724,2026-05-04 17:57:19,CRITICAL,AR,PIU,PHYSICAL PORT DOWN,2025-08-15 08:50:53,2025-08-15 08:50:53,6297.107222222222,1.0,unknown,unknown,unknown,unknown,NORMAL,link_down,0.76
alarm_01725,2026-05-04 17:57:19,CRITICAL,AR,CUS,PHYSICAL PORT DOWN,2025-08-15 09:00:23,2025-08-15 09:00:23,6296.948888888889,1.0,unknown,unknown,unknown,unknown,NORMAL,link_down,0.76
alarm_01726,2026-05-04 17:57:19,CRITICAL,AR,PIU,PHYSICAL PORT DOWN,2025-08-15 10:04:44,2025-08-15 10:04:44,6295.876388888889,1.0,unknown,unknown,unknown,unknown,NORMAL,link_down,0.76
alarm_01727,2026-05-04 17:57:19,CRITICAL,AR,LIC,PHYSICAL PORT DOWN,2025-08-16 17:39:49,2025-08-16 17:39:49,6264.291666666667,1.0,unknown,unknown,unknown,unknown,NORMAL,link_down,0.76
alarm_01728,2026-05-04 17:57:19,CRITICAL,CP,SAN,PHYSICAL PORT DOWN,2025-08-16 18:12:50,2025-08-16 18:12:50,6263.741388888889,1.0,unknown,unknown,unknown,unknown,NORMAL,link_down,0.76
alarm_01729,2026-05-04 17:57:19,CRITICAL,CP,SAN,PHYSICAL PORT DOWN,2025-08-16 18:12:50,2025-08-16 18:12:50,6263.741388888889,1.0,unknown,unknown,unknown,unknown,NORMAL,link_down,0.76
alarm_01730,2026-05-04 17:57:19,CRITICAL,CP,SAN,PHYSICAL PORT DOWN,2025-08-16 18:12:50,2025-08-16 18:12:50,6263.741388888889,1.0,unknown,unknown,unknown,unknown,NORMAL,link_down,0.76
alarm_01731,2026-05-04 17:57:19,CRITICAL,CP,SAN,PHYSICAL PORT DOWN,2025-08-16 18:12:50,2025-08-16 18:12:50,6263.741388888889,1.0,unknown,unknown,unknown,unknown,NORMAL,link_down,0.76
alarm_01732,2026-05-04 17:57:19,CRITICAL,CP,SAN,PHYSICAL PORT DOWN,2025-08-16 18:12:53,2025-08-16 18:12:53,6263.740555555555,1.0,unknown,unknown,unknown,unknown,NORMAL,link_down,0.76
alarm_01733,2026-05-04 17:57:19,CRITICAL,CP,SAN,PHYSICAL PORT DOWN,2025-08-16 18:12:53,2025-08-16 18:12:53,6263.740555555555,1.0,unknown,unknown,unknown,unknown,NORMAL,link_down,0.76
alarm_01734,2026-05-04 17:57:19,CRITICAL,CP,SAN,PHYSICAL PORT DOWN,2025-08-16 18:12:53,2025-08-16 18:12:53,6263.740555555555,1.0,unknown,unknown,unknown,unknown,NORMAL,link_down,0.76
alarm_01735,2026-05-04 17:57:19,CRITICAL,AG,ICA,BOARD INVALID,2025-08-17 02:40:42,2025-08-17 02:40:42,6255.276944444445,1.0,unknown,unknown,unknown,unknown,NORMAL,other,0.66
alarm_01736,2026-05-04 17:57:19,CRITICAL,AR,LIC,PHYSICAL PORT DOWN,2025-08-17 10:34:28,2025-08-17 10:34:28,6247.380833333334,1.0,unknown,unknown,unknown,unknown,NORMAL,link_down,0.76
alarm_01737,2026-05-04 17:57:19,CRITICAL,AR,MAD,PHYSICAL PORT DOWN,2025-08-17 14:48:01,2025-08-17 14:48:01,6243.155,1.0,unknown,unknown,unknown,unknown,NORMAL,link_down,0.76
alarm_01738,2026-05-04 17:57:19,CRITICAL,AR,MAD,PHYSICAL PORT DOWN,2025-08-17 14:48:01,2025-08-17 14:48:01,6243.155,1.0,unknown,unknown,unknown,unknown,NORMAL,link_down,0.76
alarm_01739,2026-05-04 17:57:19,CRITICAL,AR,MAD,PHYSICAL PORT DOWN,2025-08-17 14:48:01,2025-08-17 14:48:01,6243.155,1.0,unknown,unknown,unknown,unknown,NORMAL,link_down,0.76
alarm_01740,2026-05-04 17:57:19,CRITICAL,AR,MAD,PHYSICAL PORT DOWN,2025-08-17 14:48:01,2025-08-17 14:48:01,6243.155,1.0,unknown,unknown,unknown,unknown,NORMAL,link_down,0.76
alarm_01741,2026-05-04 17:57:19,CRITICAL,AR,AYA,PHYSICAL PORT DOWN,2025-08-17 17:33:47,2025-08-17 17:33:47,6240.392222222222,1.0,unknown,unknown,unknown,unknown,NORMAL,link_down,0.76
alarm_01742,2026-05-04 17:57:19,CRITICAL,AR,PIU,PHYSICAL PORT DOWN,2025-08-18 07:41:36,2025-08-18 07:41:36,6226.261944444444,1.0,unknown,unknown,unknown,unknown,NORMAL,link_down,0.76
alarm_01743,2026-05-04 17:57:19,CRITICAL,AR,MAD,PHYSICAL PORT DOWN,2025-08-18 15:41:39,2025-08-18 15:41:39,6218.261111111111,1.0,unknown,unknown,unknown,unknown,NORMAL,link_down,0.76
alarm_01744,2026-05-04 17:57:19,CRITICAL,AR,LIC,PHYSICAL PORT DOWN,2025-08-18 18:02:19,2025-08-18 18:02:19,6215.916666666667,1.0,unknown,unknown,unknown,unknown,NORMAL,link_down,0.76
alarm_01745,2026-05-04 17:57:19,CRITICAL,AG,UNKNOWN,PHYSICAL PORT DOWN,2025-08-18 22:14:17,2025-08-18 22:14:17,6211.7172222222225,1.0,unknown,unknown,unknown,unknown,NORMAL,link_down,0.76
alarm_01746,2026-05-04 17:57:19,CRITICAL,AG,AMA,PHYSICAL PORT DOWN,2025-08-19 08:25:51,2025-08-19 08:25:51,6201.524444444444,1.0,unknown,unknown,unknown,unknown,NORMAL,link_down,0.76
alarm_01747,2026-05-04 17:57:19,CRITICAL,AR,CUS,PHYSICAL PORT DOWN,2025-08-19 10:39:24,2025-08-19 10:39:24,6199.298611111111,1.0,unknown,unknown,unknown,unknown,NORMAL,link_down,0.76
alarm_01748,2026-05-04 17:57:19,CRITICAL,AG,ICA,PHYSICAL PORT DOWN,2025-08-20 00:18:32,2025-08-20 00:18:32,6185.646388888889,1.0,unknown,unknown,unknown,unknown,NORMAL,link_down,0.76
alarm_01749,2026-05-04 17:57:19,CRITICAL,AG,AMA,PHYSICAL PORT DOWN,2025-08-20 07:28:02,2025-08-20 07:28:02,6178.488055555556,1.0,unknown,unknown,unknown,unknown,NORMAL,link_down,0.76
alarm_01750,2026-05-04 17:57:19,CRITICAL,AG,ICA,PHYSICAL PORT DOWN,2025-08-20 09:33:41,2025-08-20 09:33:41,6176.393888888889,1.0,unknown,unknown,unknown,unknown,NORMAL,link_down,0.76
alarm_01751,2026-05-04 17:57:19,CRITICAL,AR,PUN,PHYSICAL PORT DOWN,2025-08-20 10:27:16,2025-08-20 10:27:16,6175.5008333333335,1.0,unknown,unknown,unknown,unknown,NORMAL,link_down,0.76
alarm_01752,2026-05-04 17:57:19,CRITICAL,AR,CAJ,PHYSICAL PORT DOWN,2025-08-20 12:30:37,2025-08-20 12:30:37,6173.445,1.0,unknown,unknown,unknown,unknown,NORMAL,link_down,0.76
alarm_01753,2026-05-04 17:57:19,CRITICAL,AR,JUN,PHYSICAL PORT DOWN,2025-08-20 12:36:05,2025-08-20 12:36:05,6173.353888888889,1.0,unknown,unknown,unknown,unknown,NORMAL,link_down,0.76
alarm_01754,2026-05-04 17:57:19,CRITICAL,AR,JUN,PHYSICAL PORT DOWN,2025-08-20 12:36:06,2025-08-20 12:36:06,6173.353611111111,1.0,unknown,unknown,unknown,unknown,NORMAL,link_down,0.76
alarm_01755,2026-05-04 17:57:19,CRITICAL,AG,ICA,PHYSICAL PORT DOWN,2025-08-20 14:01:49,2025-08-20 14:01:49,6171.925,1.0,unknown,unknown,unknown,unknown,NORMAL,link_down,0.76
alarm_01756,2026-05-04 17:57:19,CRITICAL,AG,ICA,PHYSICAL PORT DOWN,2025-08-20 14:02:05,2025-08-20 14:02:05,6171.920555555555,1.0,unknown,unknown,unknown,unknown,NORMAL,link_down,0.76
alarm_01757,2026-05-04 17:57:19,CRITICAL,AR,JUN,PHYSICAL PORT DOWN,2025-08-20 16:31:23,2025-08-20 16:31:23,6169.432222222223,1.0,unknown,unknown,unknown,unknown,NORMAL,link_down,0.76
alarm_01758,2026-05-04 17:57:19,CRITICAL,AR,CUS,PHYSICAL PORT DOWN,2025-08-20 16:39:41,2025-08-20 16:39:41,6169.293888888889,1.0,unknown,unknown,unknown,unknown,NORMAL,link_down,0.76
alarm_01759,2026-05-04 17:57:19,CRITICAL,CP,ARE,PHYSICAL PORT DOWN,2025-08-21 01:14:42,2025-08-21 01:14:42,6160.710277777778,1.0,unknown,unknown,unknown,unknown,NORMAL,link_down,0.76
alarm_01760,2026-05-04 17:57:19,CRITICAL,AR,SAN,PHYSICAL PORT DOWN,2025-08-21 10:56:25,2025-08-21 10:56:25,6151.015,1.0,unknown,unknown,unknown,unknown,NORMAL,link_down,0.76
alarm_01761,2026-05-04 17:57:19,CRITICAL,AR,ARE,PHYSICAL PORT DOWN,2025-08-21 11:41:50,2025-08-21 11:41:50,6150.258055555556,1.0,unknown,unknown,unknown,unknown,NORMAL,link_down,0.76
alarm_01762,2026-05-04 17:57:19,CRITICAL,AR,LIC,PHYSICAL PORT DOWN,2025-08-21 22:37:13,2025-08-21 22:37:13,6139.335,1.0,unknown,unknown,unknown,unknown,NORMAL,link_down,0.76
alarm_01763,2026-05-04 17:57:19,CRITICAL,CA,LIM,PHYSICAL PORT DOWN,2025-08-22 01:57:07,2025-08-22 01:57:07,6136.003333333333,1.0,unknown,unknown,unknown,unknown,NORMAL,link_down,0.76
alarm_01764,2026-05-04 17:57:19,CRITICAL,CA,LIM,PHYSICAL PORT DOWN,2025-08-22 01:57:07,2025-08-22 01:57:07,6136.003333333333,1.0,unknown,unknown,unknown,unknown,NORMAL,link_down,0.76
alarm_01765,2026-05-04 17:57:19,CRITICAL,CA,LIM,PHYSICAL PORT DOWN,2025-08-22 02:40:34,2025-08-22 02:40:34,6135.279166666666,1.0,unknown,unknown,unknown,unknown,NORMAL,link_down,0.76
alarm_01766,2026-05-04 17:57:19,CRITICAL,AR,LOR,PHYSICAL PORT DOWN,2025-08-22 14:09:24,2025-08-22 14:09:24,6123.798611111111,1.0,unknown,unknown,unknown,unknown,NORMAL,link_down,0.76
alarm_01767,2026-05-04 17:57:19,CRITICAL,AR,PIU,PHYSICAL PORT DOWN,2025-08-22 17:49:50,2025-08-22 17:49:50,6120.124722222222,1.0,unknown,unknown,unknown,unknown,NORMAL,link_down,0.76
alarm_01768,2026-05-04 17:57:19,CRITICAL,AR,LIC,PHYSICAL PORT DOWN,2025-08-22 18:03:28,2025-08-22 18:03:28,6119.8975,1.0,unknown,unknown,unknown,unknown,NORMAL,link_down,0.76
alarm_01769,2026-05-04 17:57:19,CRITICAL,AR,CAL,PHYSICAL PORT DOWN,2025-08-23 10:00:45,2025-08-23 10:00:45,6103.942777777777,1.0,unknown,unknown,unknown,unknown,NORMAL,link_down,0.76
alarm_01770,2026-05-04 17:57:19,CRITICAL,AG,AYA,PHYSICAL PORT DOWN,2025-08-23 14:06:32,2025-08-23 14:06:32,6099.846388888889,1.0,unknown,unknown,unknown,unknown,NORMAL,link_down,0.76
alarm_01771,2026-05-04 17:57:19,CRITICAL,AR,CAJ,PHYSICAL PORT DOWN,2025-08-23 14:14:49,2025-08-23 14:14:49,6099.708333333333,1.0,unknown,unknown,unknown,unknown,NORMAL,link_down,0.76
alarm_01772,2026-05-04 17:57:19,CRITICAL,AR,CAJ,PHYSICAL PORT DOWN,2025-08-23 14:14:49,2025-08-23 14:14:49,6099.708333333333,1.0,unknown,unknown,unknown,unknown,NORMAL,link_down,0.76
alarm_01773,2026-05-04 17:57:19,CRITICAL,AR,CAJ,PHYSICAL PORT DOWN,2025-08-23 14:47:17,2025-08-23 14:47:17,6099.167222222222,1.0,unknown,unknown,unknown,unknown,NORMAL,link_down,0.76
alarm_01774,2026-05-04 17:57:19,CRITICAL,AR,ARE,PHYSICAL PORT DOWN,2025-08-23 20:33:49,2025-08-23 20:33:49,6093.391666666666,1.0,unknown,unknown,unknown,unknown,NORMAL,link_down,0.76
alarm_01775,2026-05-04 17:57:19,CRITICAL,AR,ARE,PHYSICAL PORT DOWN,2025-08-23 21:04:08,2025-08-23 21:04:08,6092.886388888889,1.0,unknown,unknown,unknown,unknown,NORMAL,link_down,0.76
alarm_01776,2026-05-04 17:57:19,CRITICAL,AR,CAJ,PHYSICAL PORT DOWN,2025-08-24 13:42:30,2025-08-24 13:42:30,6076.246944444444,1.0,unknown,unknown,unknown,unknown,NORMAL,link_down,0.76
alarm_01777,2026-05-04 17:57:19,CRITICAL,AR,SAN,PHYSICAL PORT DOWN,2025-08-24 13:53:58,2025-08-24 13:53:58,6076.055833333333,1.0,unknown,unknown,unknown,unknown,NORMAL,link_down,0.76
alarm_01778,2026-05-04 17:57:19,CRITICAL,AR,PIU,PHYSICAL PORT DOWN,2025-08-24 15:57:55,2025-08-24 15:57:55,6073.99,1.0,unknown,unknown,unknown,unknown,NORMAL,link_down,0.76
alarm_01779,2026-05-04 17:57:19,CRITICAL,AR,SAN,PHYSICAL PORT DOWN,2025-08-25 13:46:32,2025-08-25 13:46:32,6052.179722222222,1.0,unknown,unknown,unknown,unknown,NORMAL,link_down,0.76
alarm_01780,2026-05-04 17:57:19,CRITICAL,AG,ICA,PHYSICAL PORT DOWN,2025-08-25 16:57:13,2025-08-25 16:57:13,6049.001666666667,1.0,unknown,unknown,unknown,unknown,NORMAL,link_down,0.76
alarm_01781,2026-05-04 17:57:19,CRITICAL,AR,JUN,PHYSICAL PORT DOWN,2025-08-25 18:23:48,2025-08-25 18:23:48,6047.5586111111115,1.0,unknown,unknown,unknown,unknown,NORMAL,link_down,0.76
alarm_01782,2026-05-04 17:57:19,CRITICAL,AR,CUS,PHYSICAL PORT DOWN,2025-08-25 19:37:40,2025-08-25 19:37:40,6046.3275,1.0,unknown,unknown,unknown,unknown,NORMAL,link_down,0.76
alarm_01783,2026-05-04 17:57:19,CRITICAL,AR,CAJ,PHYSICAL PORT DOWN,2025-08-25 19:48:55,2025-08-25 19:48:55,6046.14,1.0,unknown,unknown,unknown,unknown,NORMAL,link_down,0.76
alarm_01784,2026-05-04 17:57:19,CRITICAL,AG,UNKNOWN,PHYSICAL PORT DOWN,2025-08-25 20:19:20,2025-08-25 20:19:20,6045.633055555556,1.0,unknown,unknown,unknown,unknown,NORMAL,link_down,0.76
alarm_01785,2026-05-04 17:57:19,CRITICAL,AR,CUS,PHYSICAL PORT DOWN,2025-08-26 01:26:58,2025-08-26 01:26:58,6040.505833333334,1.0,unknown,unknown,unknown,unknown,NORMAL,link_down,0.76
alarm_01786,2026-05-04 17:57:19,CRITICAL,AR,CUS,PHYSICAL PORT DOWN,2025-08-26 01:30:25,2025-08-26 01:30:25,6040.448333333334,1.0,unknown,unknown,unknown,unknown,NORMAL,link_down,0.76
alarm_01787,2026-05-04 17:57:19,CRITICAL,AR,CAJ,PHYSICAL PORT DOWN,2025-08-26 06:20:19,2025-08-26 06:20:19,6035.616666666667,1.0,unknown,unknown,unknown,unknown,NORMAL,link_down,0.76
alarm_01788,2026-05-04 17:57:19,CRITICAL,AR,PIU,PHYSICAL PORT DOWN,2025-08-26 09:30:56,2025-08-26 09:30:56,6032.439722222222,1.0,unknown,unknown,unknown,unknown,NORMAL,link_down,0.76
alarm_01789,2026-05-04 17:57:19,CRITICAL,AR,LIC,PHYSICAL PORT DOWN,2025-08-26 13:30:30,2025-08-26 13:30:30,6028.446944444445,1.0,unknown,unknown,unknown,unknown,NORMAL,link_down,0.76
alarm_01790,2026-05-04 17:57:19,CRITICAL,AG,SAN,PHYSICAL PORT DOWN,2025-08-26 18:02:24,2025-08-26 18:02:24,6023.915277777778,1.0,unknown,unknown,unknown,unknown,NORMAL,link_down,0.76
alarm_01791,2026-05-04 17:57:19,CRITICAL,AR,PIU,PHYSICAL PORT DOWN,2025-08-27 08:50:51,2025-08-27 08:50:51,6009.107777777778,1.0,unknown,unknown,unknown,unknown,NORMAL,link_down,0.76
alarm_01792,2026-05-04 17:57:19,CRITICAL,AR,ARE,PHYSICAL PORT DOWN,2025-08-27 11:32:52,2025-08-27 11:32:52,6006.4075,1.0,unknown,unknown,unknown,unknown,NORMAL,link_down,0.76
alarm_01793,2026-05-04 17:57:19,CRITICAL,AR,LOR,PHYSICAL PORT DOWN,2025-08-27 15:00:53,2025-08-27 15:00:53,6002.940555555556,1.0,unknown,unknown,unknown,unknown,NORMAL,link_down,0.76
alarm_01794,2026-05-04 17:57:19,CRITICAL,AR,CUS,PHYSICAL PORT DOWN,2025-08-28 01:03:01,2025-08-28 01:03:01,5992.905,1.0,unknown,unknown,unknown,unknown,NORMAL,link_down,0.76
alarm_01795,2026-05-04 17:57:19,CRITICAL,AR,ARE,PHYSICAL PORT DOWN,2025-08-28 11:13:16,2025-08-28 11:13:16,5982.734166666667,1.0,unknown,unknown,unknown,unknown,NORMAL,link_down,0.76
alarm_01796,2026-05-04 17:57:19,CRITICAL,AR,PIU,PHYSICAL PORT DOWN,2025-08-28 11:48:41,2025-08-28 11:48:41,5982.143888888889,1.0,unknown,unknown,unknown,unknown,NORMAL,link_down,0.76
alarm_01797,2026-05-04 17:57:19,CRITICAL,AR,PIU,PHYSICAL PORT DOWN,2025-08-28 13:54:49,2025-08-28 13:54:49,5980.041666666667,1.0,unknown,unknown,unknown,unknown,NORMAL,link_down,0.76
alarm_01798,2026-05-04 17:57:19,CRITICAL,AR,ARE,PHYSICAL PORT DOWN,2025-08-29 09:41:09,2025-08-29 09:41:09,5960.269444444444,1.0,unknown,unknown,unknown,unknown,NORMAL,link_down,0.76
alarm_01799,2026-05-04 17:57:19,CRITICAL,AR,ARE,PHYSICAL PORT DOWN,2025-08-29 12:07:34,2025-08-29 12:07:34,5957.829166666666,1.0,unknown,unknown,unknown,unknown,NORMAL,link_down,0.76
alarm_01800,2026-05-04 17:57:19,CRITICAL,AR,PIU,PHYSICAL PORT DOWN,2025-08-29 15:24:44,2025-08-29 15:24:44,5954.543055555556,1.0,unknown,unknown,unknown,unknown,NORMAL,link_down,0.76
alarm_01801,2026-05-04 17:57:19,CRITICAL,AG,PUN,PHYSICAL PORT DOWN,2025-08-29 18:20:22,2025-08-29 18:20:22,5951.615833333333,1.0,unknown,unknown,unknown,unknown,NORMAL,link_down,0.76
alarm_01802,2026-05-04 17:57:19,CRITICAL,AR,LAM,PHYSICAL PORT DOWN,2025-08-30 11:24:17,2025-08-30 11:24:17,5934.550555555556,1.0,unknown,unknown,unknown,unknown,NORMAL,link_down,0.76
alarm_01803,2026-05-04 17:57:19,CRITICAL,AR,PIU,PHYSICAL PORT DOWN,2025-08-30 11:51:42,2025-08-30 11:51:42,5934.093611111111,1.0,unknown,unknown,unknown,unknown,NORMAL,link_down,0.76
alarm_01804,2026-05-04 17:57:19,CRITICAL,AR,HUN,PHYSICAL PORT DOWN,2025-08-31 07:05:17,2025-08-31 07:05:17,5914.867222222222,1.0,unknown,unknown,unknown,unknown,NORMAL,link_down,0.76
alarm_01805,2026-05-04 17:57:19,CRITICAL,AR,HUN,PHYSICAL PORT DOWN,2025-08-31 07:47:08,2025-08-31 07:47:08,5914.169722222222,1.0,unknown,unknown,unknown,unknown,NORMAL,link_down,0.76
alarm_01806,2026-05-04 17:57:19,CRITICAL,AR,HUN,PHYSICAL PORT DOWN,2025-08-31 07:49:16,2025-08-31 07:49:16,5914.134166666667,1.0,unknown,unknown,unknown,unknown,NORMAL,link_down,0.76
alarm_01807,2026-05-04 17:57:19,CRITICAL,AR,HUN,PHYSICAL PORT DOWN,2025-08-31 07:49:16,2025-08-31 07:49:16,5914.134166666667,1.0,unknown,unknown,unknown,unknown,NORMAL,link_down,0.76
alarm_01808,2026-05-04 17:57:19,CRITICAL,AR,HUN,PHYSICAL PORT DOWN,2025-08-31 07:49:16,2025-08-31 07:49:16,5914.134166666667,1.0,unknown,unknown,unknown,unknown,NORMAL,link_down,0.76
alarm_01809,2026-05-04 17:57:19,CRITICAL,AR,HUN,PHYSICAL PORT DOWN,2025-08-31 07:49:16,2025-08-31 07:49:16,5914.134166666667,1.0,unknown,unknown,unknown,unknown,NORMAL,link_down,0.76
alarm_01810,2026-05-04 17:57:19,CRITICAL,AR,HUN,PHYSICAL PORT DOWN,2025-08-31 07:49:16,2025-08-31 07:49:16,5914.134166666667,1.0,unknown,unknown,unknown,unknown,NORMAL,link_down,0.76
alarm_01811,2026-05-04 17:57:19,CRITICAL,AR,HUN,PHYSICAL PORT DOWN,2025-08-31 07:49:16,2025-08-31 07:49:16,5914.134166666667,1.0,unknown,unknown,unknown,unknown,NORMAL,link_down,0.76
alarm_01812,2026-05-04 17:57:19,CRITICAL,AR,HUN,PHYSICAL PORT DOWN,2025-08-31 08:00:35,2025-08-31 08:00:35,5913.945555555556,1.0,unknown,unknown,unknown,unknown,NORMAL,link_down,0.76
alarm_01813,2026-05-04 17:57:19,CRITICAL,AR,HUN,PHYSICAL PORT DOWN,2025-08-31 10:08:10,2025-08-31 10:08:10,5911.819166666667,1.0,unknown,unknown,unknown,unknown,NORMAL,link_down,0.76
alarm_01814,2026-05-04 17:57:19,CRITICAL,AR,HUN,PHYSICAL PORT DOWN,2025-08-31 10:26:06,2025-08-31 10:26:06,5911.520277777778,1.0,unknown,unknown,unknown,unknown,NORMAL,link_down,0.76
alarm_01815,2026-05-04 17:57:19,CRITICAL,AR,PIU,PHYSICAL PORT DOWN,2025-08-31 10:43:19,2025-08-31 10:43:19,5911.233333333334,1.0,unknown,unknown,unknown,unknown,NORMAL,link_down,0.76
alarm_01816,2026-05-04 17:57:19,CRITICAL,AR,HUN,PHYSICAL PORT DOWN,2025-08-31 11:47:20,2025-08-31 11:47:20,5910.166388888889,1.0,unknown,unknown,unknown,unknown,NORMAL,link_down,0.76
alarm_01817,2026-05-04 17:57:19,CRITICAL,AR,CUS,PHYSICAL PORT DOWN,2025-08-31 12:23:49,2025-08-31 12:23:49,5909.558333333333,1.0,unknown,unknown,unknown,unknown,NORMAL,link_down,0.76
alarm_01818,2026-05-04 17:57:19,CRITICAL,AR,CUS,PHYSICAL PORT DOWN,2025-08-31 12:23:49,2025-08-31 12:23:49,5909.558333333333,1.0,unknown,unknown,unknown,unknown,NORMAL,link_down,0.76
alarm_01819,2026-05-04 17:57:19,CRITICAL,AR,HUN,PHYSICAL PORT DOWN,2025-08-31 12:31:00,2025-08-31 12:31:00,5909.438611111111,1.0,unknown,unknown,unknown,unknown,NORMAL,link_down,0.76
alarm_01820,2026-05-04 17:57:19,CRITICAL,AR,PIU,PHYSICAL PORT DOWN,2025-08-31 13:06:27,2025-08-31 13:06:27,5908.847777777778,1.0,unknown,unknown,unknown,unknown,NORMAL,link_down,0.76
alarm_01821,2026-05-04 17:57:19,CRITICAL,AR,HUN,PHYSICAL PORT DOWN,2025-08-31 13:19:46,2025-08-31 13:19:46,5908.6258333333335,1.0,unknown,unknown,unknown,unknown,NORMAL,link_down,0.76
alarm_01822,2026-05-04 17:57:19,CRITICAL,AR,HUN,PHYSICAL PORT DOWN,2025-08-31 13:19:46,2025-08-31 13:19:46,5908.6258333333335,1.0,unknown,unknown,unknown,unknown,NORMAL,link_down,0.76
alarm_01823,2026-05-04 17:57:19,CRITICAL,AR,HUN,PHYSICAL PORT DOWN,2025-08-31 14:19:32,2025-08-31 14:19:32,5907.629722222222,1.0,unknown,unknown,unknown,unknown,NORMAL,link_down,0.76
alarm_01824,2026-05-04 17:57:19,CRITICAL,AR,CAJ,PHYSICAL PORT DOWN,2025-08-31 14:50:38,2025-08-31 14:50:38,5907.1113888888885,1.0,unknown,unknown,unknown,unknown,NORMAL,link_down,0.76
alarm_01825,2026-05-04 17:57:19,CRITICAL,AR,CAJ,PHYSICAL PORT DOWN,2025-08-31 17:05:57,2025-08-31 17:05:57,5904.856111111111,1.0,unknown,unknown,unknown,unknown,NORMAL,link_down,0.76
alarm_01826,2026-05-04 17:57:19,CRITICAL,AR,MAD,PHYSICAL PORT DOWN,2025-08-31 21:10:38,2025-08-31 21:10:38,5900.7780555555555,1.0,unknown,unknown,unknown,unknown,NORMAL,link_down,0.76
alarm_01827,2026-05-04 17:57:19,CRITICAL,AR,CUS,PHYSICAL PORT DOWN,2025-09-01 09:41:11,2025-09-01 09:41:11,5888.268888888889,1.0,unknown,unknown,unknown,unknown,NORMAL,link_down,0.76
alarm_01828,2026-05-04 17:57:19,CRITICAL,AR,HUN,PHYSICAL PORT DOWN,2025-09-01 10:40:47,2025-09-01 10:40:47,5887.275555555556,1.0,unknown,unknown,unknown,unknown,NORMAL,link_down,0.76
alarm_01829,2026-05-04 17:57:19,CRITICAL,AR,HUN,PHYSICAL PORT DOWN,2025-09-01 10:40:47,2025-09-01 10:40:47,5887.275555555556,1.0,unknown,unknown,unknown,unknown,NORMAL,link_down,0.76
alarm_01830,2026-05-04 17:57:19,CRITICAL,AR,CUS,PHYSICAL PORT DOWN,2025-09-01 11:56:43,2025-09-01 11:56:43,5886.01,1.0,unknown,unknown,unknown,unknown,NORMAL,link_down,0.76
alarm_01831,2026-05-04 17:57:19,CRITICAL,AR,LIC,PHYSICAL PORT DOWN,2025-09-01 12:05:20,2025-09-01 12:05:20,5885.866388888889,1.0,unknown,unknown,unknown,unknown,NORMAL,link_down,0.76
alarm_01832,2026-05-04 17:57:19,CRITICAL,AG,LIP,PHYSICAL PORT DOWN,2025-09-01 15:02:26,2025-09-01 15:02:26,5882.914722222222,1.0,unknown,unknown,unknown,unknown,NORMAL,link_down,0.76
alarm_01833,2026-05-04 17:57:19,CRITICAL,AG,LIP,PHYSICAL PORT DOWN,2025-09-01 15:02:26,2025-09-01 15:02:26,5882.914722222222,1.0,unknown,unknown,unknown,unknown,NORMAL,link_down,0.76
alarm_01834,2026-05-04 17:57:19,CRITICAL,AR,ARE,PHYSICAL PORT DOWN,2025-09-01 20:16:16,2025-09-01 20:16:16,5877.684166666667,1.0,unknown,unknown,unknown,unknown,NORMAL,link_down,0.76
alarm_01835,2026-05-04 17:57:19,CRITICAL,AR,CUS,PHYSICAL PORT DOWN,2025-09-01 20:37:46,2025-09-01 20:37:46,5877.325833333333,1.0,unknown,unknown,unknown,unknown,NORMAL,link_down,0.76
alarm_01836,2026-05-04 17:57:19,CRITICAL,AR,CUS,PHYSICAL PORT DOWN,2025-09-01 20:37:47,2025-09-01 20:37:47,5877.325555555555,1.0,unknown,unknown,unknown,unknown,NORMAL,link_down,0.76
alarm_01837,2026-05-04 17:57:19,CRITICAL,AR,LIC,PHYSICAL PORT DOWN,2025-09-02 10:44:02,2025-09-02 10:44:02,5863.221388888889,1.0,unknown,unknown,unknown,unknown,NORMAL,link_down,0.76
alarm_01838,2026-05-04 17:57:19,CRITICAL,AR,PIU,PHYSICAL PORT DOWN,2025-09-02 12:22:17,2025-09-02 12:22:17,5861.583888888889,1.0,unknown,unknown,unknown,unknown,NORMAL,link_down,0.76
alarm_01839,2026-05-04 17:57:19,CRITICAL,AG,LIC,PHYSICAL PORT DOWN,2025-09-02 13:57:28,2025-09-02 13:57:28,5859.9975,1.0,unknown,unknown,unknown,unknown,NORMAL,link_down,0.76
alarm_01840,2026-05-04 17:57:19,CRITICAL,AR,ICA,PHYSICAL PORT DOWN,2025-09-02 15:34:42,2025-09-02 15:34:42,5858.376944444444,1.0,unknown,unknown,unknown,unknown,NORMAL,link_down,0.76
alarm_01841,2026-05-04 17:57:19,CRITICAL,SW,PUN,THE DEVICE IS OFFLINE,2025-09-02 15:58:50,2025-09-02 15:58:50,5857.974722222222,1.0,unknown,unknown,unknown,unknown,NORMAL,other,0.66
alarm_01842,2026-05-04 17:57:19,CRITICAL,AG,HUN,PHYSICAL PORT DOWN,2025-09-02 16:04:53,2025-09-02 16:04:53,5857.873888888889,1.0,unknown,unknown,unknown,unknown,NORMAL,link_down,0.76
alarm_01843,2026-05-04 17:57:19,CRITICAL,AR,LAL,BOARD INVALID,2025-09-03 11:49:03,2025-09-03 11:49:03,5838.137777777778,1.0,unknown,unknown,unknown,unknown,NORMAL,other,0.66
alarm_01844,2026-05-04 17:57:19,CRITICAL,AR,PIU,PHYSICAL PORT DOWN,2025-09-03 12:37:40,2025-09-03 12:37:40,5837.3275,1.0,unknown,unknown,unknown,unknown,NORMAL,link_down,0.76
alarm_01845,2026-05-04 17:57:19,CRITICAL,AR,ICA,PHYSICAL PORT DOWN,2025-09-03 14:37:15,2025-09-03 14:37:15,5835.334444444445,1.0,unknown,unknown,unknown,unknown,NORMAL,link_down,0.76
alarm_01846,2026-05-04 17:57:19,CRITICAL,AR,LIC,PHYSICAL PORT DOWN,2025-09-03 14:40:31,2025-09-03 14:40:31,5835.28,1.0,unknown,unknown,unknown,unknown,NORMAL,link_down,0.76
alarm_01847,2026-05-04 17:57:19,CRITICAL,AR,MAD,PHYSICAL PORT DOWN,2025-09-03 15:06:36,2025-09-03 15:06:36,5834.8452777777775,1.0,unknown,unknown,unknown,unknown,NORMAL,link_down,0.76
alarm_01848,2026-05-04 17:57:19,CRITICAL,AR,PIU,PHYSICAL PORT DOWN,2025-09-03 15:09:50,2025-09-03 15:09:50,5834.791388888889,1.0,unknown,unknown,unknown,unknown,NORMAL,link_down,0.76
alarm_01849,2026-05-04 17:57:19,CRITICAL,AR,ICA,PHYSICAL PORT DOWN,2025-09-03 15:10:14,2025-09-03 15:10:14,5834.784722222223,1.0,unknown,unknown,unknown,unknown,NORMAL,link_down,0.76
alarm_01850,2026-05-04 17:57:19,CRITICAL,AR,PIU,PHYSICAL PORT DOWN,2025-09-03 17:18:41,2025-09-03 17:18:41,5832.643888888889,1.0,unknown,unknown,unknown,unknown,NORMAL,link_down,0.76
alarm_01851,2026-05-04 17:57:19,CRITICAL,AR,CAJ,PHYSICAL PORT DOWN,2025-09-03 19:08:09,2025-09-03 19:08:09,5830.819444444444,1.0,unknown,unknown,unknown,unknown,NORMAL,link_down,0.76
alarm_01852,2026-05-04 17:57:19,CRITICAL,AR,PUN,PHYSICAL PORT DOWN,2025-09-04 09:21:37,2025-09-04 09:21:37,5816.595,1.0,unknown,unknown,unknown,unknown,NORMAL,link_down,0.76
alarm_01853,2026-05-04 17:57:19,CRITICAL,AG,CAJ,PHYSICAL PORT DOWN,2025-09-04 12:10:51,2025-09-04 12:10:51,5813.774444444444,1.0,unknown,unknown,unknown,unknown,NORMAL,link_down,0.76
alarm_01854,2026-05-04 17:57:19,CRITICAL,AR,JUN,PHYSICAL PORT DOWN,2025-09-04 15:01:59,2025-09-04 15:01:59,5810.922222222222,1.0,unknown,unknown,unknown,unknown,NORMAL,link_down,0.76
alarm_01855,2026-05-04 17:57:19,CRITICAL,AR,HUC,PHYSICAL PORT DOWN,2025-09-04 16:47:41,2025-09-04 16:47:41,5809.160555555555,1.0,unknown,unknown,unknown,unknown,NORMAL,link_down,0.76
alarm_01856,2026-05-04 17:57:19,CRITICAL,AR,LOR,PHYSICAL PORT DOWN,2025-09-05 12:20:39,2025-09-05 12:20:39,5789.611111111111,1.0,unknown,unknown,unknown,unknown,NORMAL,link_down,0.76
alarm_01857,2026-05-04 17:57:19,CRITICAL,AR,SAN,PHYSICAL PORT DOWN,2025-09-05 15:57:44,2025-09-05 15:57:44,5785.993055555556,1.0,unknown,unknown,unknown,unknown,NORMAL,link_down,0.76
alarm_01858,2026-05-04 17:57:19,CRITICAL,AR,ARE,PHYSICAL PORT DOWN,2025-09-06 00:23:39,2025-09-06 00:23:39,5777.561111111111,1.0,unknown,unknown,unknown,unknown,NORMAL,link_down,0.76
alarm_01859,2026-05-04 17:57:19,CRITICAL,AR,CAJ,PHYSICAL PORT DOWN,2025-09-06 09:30:12,2025-09-06 09:30:12,5768.451944444444,1.0,unknown,unknown,unknown,unknown,NORMAL,link_down,0.76
alarm_01860,2026-05-04 17:57:19,CRITICAL,AR,PUN,PHYSICAL PORT DOWN,2025-09-06 10:15:48,2025-09-06 10:15:48,5767.691944444445,1.0,unknown,unknown,unknown,unknown,NORMAL,link_down,0.76
alarm_01861,2026-05-04 17:57:19,CRITICAL,AR,ARE,PHYSICAL PORT DOWN,2025-09-06 14:35:55,2025-09-06 14:35:55,5763.356666666667,1.0,unknown,unknown,unknown,unknown,NORMAL,link_down,0.76
alarm_01862,2026-05-04 17:57:19,CRITICAL,AR,ARE,PHYSICAL PORT DOWN,2025-09-06 18:31:26,2025-09-06 18:31:26,5759.431388888889,1.0,unknown,unknown,unknown,unknown,NORMAL,link_down,0.76
alarm_01863,2026-05-04 17:57:19,CRITICAL,AR,PIU,PHYSICAL PORT DOWN,2025-09-08 14:49:14,2025-09-08 14:49:14,5715.134722222222,1.0,unknown,unknown,unknown,unknown,NORMAL,link_down,0.76
alarm_01864,2026-05-04 17:57:19,CRITICAL,AR,PIU,PHYSICAL PORT DOWN,2025-09-08 14:49:14,2025-09-08 14:49:14,5715.134722222222,1.0,unknown,unknown,unknown,unknown,NORMAL,link_down,0.76
alarm_01865,2026-05-04 17:57:19,CRITICAL,AR,LIC,PHYSICAL PORT DOWN,2025-09-08 19:05:06,2025-09-08 19:05:06,5710.870277777778,1.0,unknown,unknown,unknown,unknown,NORMAL,link_down,0.76
alarm_01866,2026-05-04 17:57:19,CRITICAL,AR,CAL,PHYSICAL PORT DOWN,2025-09-09 02:01:11,2025-09-09 02:01:11,5703.935555555556,1.0,unknown,unknown,unknown,unknown,NORMAL,link_down,0.76
alarm_01867,2026-05-04 17:57:19,CRITICAL,AR,CAL,PHYSICAL PORT DOWN,2025-09-09 02:07:48,2025-09-09 02:07:48,5703.825277777778,1.0,unknown,unknown,unknown,unknown,NORMAL,link_down,0.76
alarm_01868,2026-05-04 17:57:19,CRITICAL,AG,ANC,PHYSICAL PORT DOWN,2025-09-09 08:31:26,2025-09-09 08:31:26,5697.431388888889,1.0,unknown,unknown,unknown,unknown,NORMAL,link_down,0.76
alarm_01869,2026-05-04 17:57:19,CRITICAL,AR,CAJ,PHYSICAL PORT DOWN,2025-09-09 12:20:41,2025-09-09 12:20:41,5693.610555555556,1.0,unknown,unknown,unknown,unknown,NORMAL,link_down,0.76
alarm_01870,2026-05-04 17:57:19,CRITICAL,AR,TUM,PHYSICAL PORT DOWN,2025-09-10 09:03:02,2025-09-10 09:03:02,5672.9047222222225,1.0,unknown,unknown,unknown,unknown,NORMAL,link_down,0.76
alarm_01871,2026-05-04 17:57:19,CRITICAL,AR,TUM,PHYSICAL PORT DOWN,2025-09-10 09:03:02,2025-09-10 09:03:02,5672.9047222222225,1.0,unknown,unknown,unknown,unknown,NORMAL,link_down,0.76
alarm_01872,2026-05-04 17:57:19,CRITICAL,AR,ARE,PHYSICAL PORT DOWN,2025-09-10 09:30:35,2025-09-10 09:30:35,5672.445555555556,1.0,unknown,unknown,unknown,unknown,NORMAL,link_down,0.76
alarm_01873,2026-05-04 17:57:19,CRITICAL,AR,TUM,PHYSICAL PORT DOWN,2025-09-10 10:44:38,2025-09-10 10:44:38,5671.211388888889,1.0,unknown,unknown,unknown,unknown,NORMAL,link_down,0.76
alarm_01874,2026-05-04 17:57:19,CRITICAL,AR,LIC,PHYSICAL PORT DOWN,2025-09-10 14:51:13,2025-09-10 14:51:13,5667.1016666666665,1.0,unknown,unknown,unknown,unknown,NORMAL,link_down,0.76
alarm_01875,2026-05-04 17:57:19,CRITICAL,AR,AMA,PHYSICAL PORT DOWN,2025-09-10 16:15:05,2025-09-10 16:15:05,5665.703888888889,1.0,unknown,unknown,unknown,unknown,NORMAL,link_down,0.76
alarm_01876,2026-05-04 17:57:19,CRITICAL,AR,CAJ,PHYSICAL PORT DOWN,2025-09-10 21:09:09,2025-09-10 21:09:09,5660.802777777778,1.0,unknown,unknown,unknown,unknown,NORMAL,link_down,0.76
alarm_01877,2026-05-04 17:57:19,CRITICAL,AR,SAN,PHYSICAL PORT DOWN,2025-09-11 11:13:23,2025-09-11 11:13:23,5646.732222222222,1.0,unknown,unknown,unknown,unknown,NORMAL,link_down,0.76
alarm_01878,2026-05-04 17:57:19,CRITICAL,AR,CAJ,PHYSICAL PORT DOWN,2025-09-11 11:23:53,2025-09-11 11:23:53,5646.557222222223,1.0,unknown,unknown,unknown,unknown,NORMAL,link_down,0.76
alarm_01879,2026-05-04 17:57:19,CRITICAL,AR,CAJ,PHYSICAL PORT DOWN,2025-09-11 18:26:53,2025-09-11 18:26:53,5639.5072222222225,1.0,unknown,unknown,unknown,unknown,NORMAL,link_down,0.76
alarm_01880,2026-05-04 17:57:19,CRITICAL,AR,CAJ,PHYSICAL PORT DOWN,2025-09-12 12:26:03,2025-09-12 12:26:03,5621.521111111111,1.0,unknown,unknown,unknown,unknown,NORMAL,link_down,0.76
alarm_01881,2026-05-04 17:57:19,CRITICAL,AR,PIU,PHYSICAL PORT DOWN,2025-09-12 12:27:17,2025-09-12 12:27:17,5621.500555555555,1.0,unknown,unknown,unknown,unknown,NORMAL,link_down,0.76
alarm_01882,2026-05-04 17:57:19,CRITICAL,AR,CAJ,PHYSICAL PORT DOWN,2025-09-12 12:34:45,2025-09-12 12:34:45,5621.376111111111,1.0,unknown,unknown,unknown,unknown,NORMAL,link_down,0.76
alarm_01883,2026-05-04 17:57:19,CRITICAL,AR,CUS,PHYSICAL PORT DOWN,2025-09-12 13:22:32,2025-09-12 13:22:32,5620.579722222222,1.0,unknown,unknown,unknown,unknown,NORMAL,link_down,0.76
alarm_01884,2026-05-04 17:57:19,CRITICAL,AR,LAL,PHYSICAL PORT DOWN,2025-09-13 09:34:44,2025-09-13 09:34:44,5600.376388888889,1.0,unknown,unknown,unknown,unknown,NORMAL,link_down,0.76
alarm_01885,2026-05-04 17:57:19,CRITICAL,AR,LAL,PHYSICAL PORT DOWN,2025-09-13 09:34:44,2025-09-13 09:34:44,5600.376388888889,1.0,unknown,unknown,unknown,unknown,NORMAL,link_down,0.76
alarm_01886,2026-05-04 17:57:19,CRITICAL,AR,LAL,PHYSICAL PORT DOWN,2025-09-13 09:34:44,2025-09-13 09:34:44,5600.376388888889,1.0,unknown,unknown,unknown,unknown,NORMAL,link_down,0.76
alarm_01887,2026-05-04 17:57:19,CRITICAL,AR,LAL,PHYSICAL PORT DOWN,2025-09-13 09:34:44,2025-09-13 09:34:44,5600.376388888889,1.0,unknown,unknown,unknown,unknown,NORMAL,link_down,0.76
alarm_01888,2026-05-04 17:57:19,CRITICAL,AR,LAL,PHYSICAL PORT DOWN,2025-09-13 09:34:44,2025-09-13 09:34:44,5600.376388888889,1.0,unknown,unknown,unknown,unknown,NORMAL,link_down,0.76
alarm_01889,2026-05-04 17:57:19,CRITICAL,AR,CAJ,PHYSICAL PORT DOWN,2025-09-13 10:52:19,2025-09-13 10:52:19,5599.083333333333,1.0,unknown,unknown,unknown,unknown,NORMAL,link_down,0.76
alarm_01890,2026-05-04 17:57:19,CRITICAL,AR,PIU,PHYSICAL PORT DOWN,2025-09-14 13:09:26,2025-09-14 13:09:26,5572.798055555556,1.0,unknown,unknown,unknown,unknown,NORMAL,link_down,0.76
alarm_01891,2026-05-04 17:57:19,CRITICAL,AR,PIU,PHYSICAL PORT DOWN,2025-09-14 13:09:26,2025-09-14 13:09:26,5572.798055555556,1.0,unknown,unknown,unknown,unknown,NORMAL,link_down,0.76
alarm_01892,2026-05-04 17:57:19,CRITICAL,AR,CUS,THE DEVICE IS OFFLINE,2025-09-15 10:06:55,2025-09-15 10:06:55,5551.84,1.0,unknown,unknown,unknown,unknown,NORMAL,other,0.66
alarm_01893,2026-05-04 17:57:19,CRITICAL,AR,SAN,PHYSICAL PORT DOWN,2025-09-16 15:24:30,2025-09-16 15:24:30,5522.546944444444,1.0,unknown,unknown,unknown,unknown,NORMAL,link_down,0.76
alarm_01894,2026-05-04 17:57:19,CRITICAL,AR,HUN,PHYSICAL PORT DOWN,2025-09-17 06:48:03,2025-09-17 06:48:03,5507.154444444444,1.0,unknown,unknown,unknown,unknown,NORMAL,link_down,0.76
alarm_01895,2026-05-04 17:57:19,CRITICAL,AR,LIP,THE DEVICE IS OFFLINE,2025-09-17 14:19:43,2025-09-17 14:19:43,5499.626666666667,1.0,unknown,unknown,unknown,unknown,NORMAL,other,0.66
alarm_01896,2026-05-04 17:57:19,CRITICAL,AG,CAJ,PHYSICAL PORT DOWN,2025-09-17 14:50:23,2025-09-17 14:50:23,5499.115555555555,1.0,unknown,unknown,unknown,unknown,NORMAL,link_down,0.76
alarm_01897,2026-05-04 17:57:19,CRITICAL,AR,SAN,PHYSICAL PORT DOWN,2025-09-17 16:06:25,2025-09-17 16:06:25,5497.848333333333,1.0,unknown,unknown,unknown,unknown,NORMAL,link_down,0.76
alarm_01898,2026-05-04 17:57:19,CRITICAL,AR,PUN,PHYSICAL PORT DOWN,2025-09-17 16:45:45,2025-09-17 16:45:45,5497.192777777777,1.0,unknown,unknown,unknown,unknown,NORMAL,link_down,0.76
alarm_01899,2026-05-04 17:57:19,CRITICAL,AR,PUN,PHYSICAL PORT DOWN,2025-09-17 16:45:45,2025-09-17 16:45:45,5497.192777777777,1.0,unknown,unknown,unknown,unknown,NORMAL,link_down,0.76
alarm_01900,2026-05-04 17:57:19,CRITICAL,AR,PUN,PHYSICAL PORT DOWN,2025-09-18 13:28:42,2025-09-18 13:28:42,5476.476944444445,1.0,unknown,unknown,unknown,unknown,NORMAL,link_down,0.76
alarm_01901,2026-05-04 17:57:19,CRITICAL,AR,PUN,PHYSICAL PORT DOWN,2025-09-18 13:43:08,2025-09-18 13:43:08,5476.2363888888885,1.0,unknown,unknown,unknown,unknown,NORMAL,link_down,0.76
alarm_01902,2026-05-04 17:57:19,CRITICAL,AG,PIU,PHYSICAL PORT DOWN,2025-09-18 16:30:29,2025-09-18 16:30:29,5473.447222222222,1.0,unknown,unknown,unknown,unknown,NORMAL,link_down,0.76
alarm_01903,2026-05-04 17:57:19,CRITICAL,AR,CAJ,PHYSICAL PORT DOWN,2025-09-19 02:55:56,2025-09-19 02:55:56,5463.023055555555,1.0,unknown,unknown,unknown,unknown,NORMAL,link_down,0.76
alarm_01904,2026-05-04 17:57:19,CRITICAL,AR,CAJ,PHYSICAL PORT DOWN,2025-09-19 02:55:56,2025-09-19 02:55:56,5463.023055555555,1.0,unknown,unknown,unknown,unknown,NORMAL,link_down,0.76
alarm_01905,2026-05-04 17:57:19,CRITICAL,AR,CAJ,PHYSICAL PORT DOWN,2025-09-19 02:55:56,2025-09-19 02:55:56,5463.023055555555,1.0,unknown,unknown,unknown,unknown,NORMAL,link_down,0.76
alarm_01906,2026-05-04 17:57:19,CRITICAL,AR,LIC,PHYSICAL PORT DOWN,2025-09-19 13:13:08,2025-09-19 13:13:08,5452.7363888888885,1.0,unknown,unknown,unknown,unknown,NORMAL,link_down,0.76
alarm_01907,2026-05-04 17:57:19,CRITICAL,AR,PIU,PHYSICAL PORT DOWN,2025-09-19 13:29:51,2025-09-19 13:29:51,5452.457777777778,1.0,unknown,unknown,unknown,unknown,NORMAL,link_down,0.76
alarm_01908,2026-05-04 17:57:19,CRITICAL,AR,CUS,PHYSICAL PORT DOWN,2025-09-21 07:07:29,2025-09-21 07:07:29,5410.830555555555,1.0,unknown,unknown,unknown,unknown,NORMAL,link_down,0.76
alarm_01909,2026-05-04 17:57:19,CRITICAL,AR,JUN,PHYSICAL PORT DOWN,2025-09-21 15:50:06,2025-09-21 15:50:06,5402.120277777778,1.0,unknown,unknown,unknown,unknown,NORMAL,link_down,0.76
alarm_01910,2026-05-04 17:57:19,CRITICAL,AR,JUN,PHYSICAL PORT DOWN,2025-09-21 15:50:06,2025-09-21 15:50:06,5402.120277777778,1.0,unknown,unknown,unknown,unknown,NORMAL,link_down,0.76
alarm_01911,2026-05-04 17:57:19,CRITICAL,AR,PIU,PHYSICAL PORT DOWN,2025-09-22 12:20:25,2025-09-22 12:20:25,5381.615,1.0,unknown,unknown,unknown,unknown,NORMAL,link_down,0.76
alarm_01912,2026-05-04 17:57:19,CRITICAL,AR,PIU,PHYSICAL PORT DOWN,2025-09-22 12:37:30,2025-09-22 12:37:30,5381.330277777778,1.0,unknown,unknown,unknown,unknown,NORMAL,link_down,0.76
alarm_01913,2026-05-04 17:57:19,CRITICAL,AG,CAL,PHYSICAL PORT DOWN,2025-09-22 15:13:40,2025-09-22 15:13:40,5378.7275,1.0,unknown,unknown,unknown,unknown,NORMAL,link_down,0.76
alarm_01914,2026-05-04 17:57:19,CRITICAL,AG,LAM,PHYSICAL PORT DOWN,2025-09-22 19:16:18,2025-09-22 19:16:18,5374.6836111111115,1.0,unknown,unknown,unknown,unknown,NORMAL,link_down,0.76
alarm_01915,2026-05-04 17:57:19,CRITICAL,AG,LAM,PHYSICAL PORT DOWN,2025-09-22 19:24:02,2025-09-22 19:24:02,5374.554722222222,1.0,unknown,unknown,unknown,unknown,NORMAL,link_down,0.76
alarm_01916,2026-05-04 17:57:19,CRITICAL,AR,PIU,PHYSICAL PORT DOWN,2025-09-23 09:25:16,2025-09-23 09:25:16,5360.534166666666,1.0,unknown,unknown,unknown,unknown,NORMAL,link_down,0.76
alarm_01917,2026-05-04 17:57:19,CRITICAL,AR,HUC,PHYSICAL PORT DOWN,2025-09-23 10:56:11,2025-09-23 10:56:11,5359.018888888889,1.0,unknown,unknown,unknown,unknown,NORMAL,link_down,0.76
alarm_01918,2026-05-04 17:57:19,CRITICAL,AR,LAL,PHYSICAL PORT DOWN,2025-09-23 11:55:10,2025-09-23 11:55:10,5358.035833333333,1.0,unknown,unknown,unknown,unknown,NORMAL,link_down,0.76
alarm_01919,2026-05-04 17:57:19,CRITICAL,AR,CUS,PHYSICAL PORT DOWN,2025-09-23 14:50:17,2025-09-23 14:50:17,5355.117222222222,1.0,unknown,unknown,unknown,unknown,NORMAL,link_down,0.76
alarm_01920,2026-05-04 17:57:19,CRITICAL,AR,LAL,PHYSICAL PORT DOWN,2025-09-23 15:49:37,2025-09-23 15:49:37,5354.128333333333,1.0,unknown,unknown,unknown,unknown,NORMAL,link_down,0.76
alarm_01921,2026-05-04 17:57:19,CRITICAL,AR,LAL,PHYSICAL PORT DOWN,2025-09-23 15:50:25,2025-09-23 15:50:25,5354.115,1.0,unknown,unknown,unknown,unknown,NORMAL,link_down,0.76
alarm_01922,2026-05-04 17:57:19,CRITICAL,AR,LAL,PHYSICAL PORT DOWN,2025-09-23 15:50:25,2025-09-23 15:50:25,5354.115,1.0,unknown,unknown,unknown,unknown,NORMAL,link_down,0.76
alarm_01923,2026-05-04 17:57:19,CRITICAL,AG,PIU,PHYSICAL PORT DOWN,2025-09-24 15:51:57,2025-09-24 15:51:57,5330.089444444445,1.0,unknown,unknown,unknown,unknown,NORMAL,link_down,0.76
alarm_01924,2026-05-04 17:57:19,CRITICAL,AR,ARE,PHYSICAL PORT DOWN,2025-09-24 18:09:59,2025-09-24 18:09:59,5327.788888888889,1.0,unknown,unknown,unknown,unknown,NORMAL,link_down,0.76
alarm_01925,2026-05-04 17:57:19,CRITICAL,CA,SOU,PHYSICAL PORT DOWN,2025-09-25 01:31:08,2025-09-25 01:31:08,5320.436388888889,1.0,unknown,unknown,unknown,unknown,NORMAL,link_down,0.76
alarm_01926,2026-05-04 17:57:19,CRITICAL,CA,SOU,PHYSICAL PORT DOWN,2025-09-25 01:31:08,2025-09-25 01:31:08,5320.436388888889,1.0,unknown,unknown,unknown,unknown,NORMAL,link_down,0.76
alarm_01927,2026-05-04 17:57:19,CRITICAL,CA,SOU,PHYSICAL PORT DOWN,2025-09-25 01:31:11,2025-09-25 01:31:11,5320.435555555556,1.0,unknown,unknown,unknown,unknown,NORMAL,link_down,0.76
alarm_01928,2026-05-04 17:57:19,CRITICAL,CA,SOU,PHYSICAL PORT DOWN,2025-09-25 01:31:12,2025-09-25 01:31:12,5320.435277777778,1.0,unknown,unknown,unknown,unknown,NORMAL,link_down,0.76
alarm_01929,2026-05-04 17:57:19,CRITICAL,CA,SOU,PHYSICAL PORT DOWN,2025-09-25 01:31:12,2025-09-25 01:31:12,5320.435277777778,1.0,unknown,unknown,unknown,unknown,NORMAL,link_down,0.76
alarm_01930,2026-05-04 17:57:19,CRITICAL,CA,SOU,PHYSICAL PORT DOWN,2025-09-25 01:31:18,2025-09-25 01:31:18,5320.4336111111115,1.0,unknown,unknown,unknown,unknown,NORMAL,link_down,0.76
alarm_01931,2026-05-04 17:57:19,CRITICAL,CA,SOU,PHYSICAL PORT DOWN,2025-09-25 01:31:18,2025-09-25 01:31:18,5320.4336111111115,1.0,unknown,unknown,unknown,unknown,NORMAL,link_down,0.76
alarm_01932,2026-05-04 17:57:19,CRITICAL,CA,SOU,PHYSICAL PORT DOWN,2025-09-25 01:31:18,2025-09-25 01:31:18,5320.4336111111115,1.0,unknown,unknown,unknown,unknown,NORMAL,link_down,0.76
alarm_01933,2026-05-04 17:57:19,CRITICAL,IPBN,UNKNOWN,PHYSICAL PORT DOWN,2025-09-25 01:31:24,2025-09-25 01:31:24,5320.4319444444445,1.0,unknown,unknown,unknown,unknown,NORMAL,link_down,0.76
alarm_01934,2026-05-04 17:57:19,CRITICAL,AR,JUN,PHYSICAL PORT DOWN,2025-09-25 07:20:45,2025-09-25 07:20:45,5314.609444444444,1.0,unknown,unknown,unknown,unknown,NORMAL,link_down,0.76
alarm_01935,2026-05-04 17:57:19,CRITICAL,AR,LAL,PHYSICAL PORT DOWN,2025-09-25 10:29:03,2025-09-25 10:29:03,5311.471111111111,1.0,unknown,unknown,unknown,unknown,NORMAL,link_down,0.76
alarm_01936,2026-05-04 17:57:19,CRITICAL,AG,LAM,PHYSICAL PORT DOWN,2025-09-25 12:22:07,2025-09-25 12:22:07,5309.586666666667,1.0,unknown,unknown,unknown,unknown,NORMAL,link_down,0.76
alarm_01937,2026-05-04 17:57:19,CRITICAL,AR,JUN,PHYSICAL PORT DOWN,2025-09-25 16:41:51,2025-09-25 16:41:51,5305.257777777778,1.0,unknown,unknown,unknown,unknown,NORMAL,link_down,0.76
alarm_01938,2026-05-04 17:57:19,CRITICAL,AG,APU,PHYSICAL PORT DOWN,2025-09-25 19:52:49,2025-09-25 19:52:49,5302.075,1.0,unknown,unknown,unknown,unknown,NORMAL,link_down,0.76
alarm_01939,2026-05-04 17:57:19,CRITICAL,AR,HUN,PHYSICAL PORT DOWN,2025-09-26 14:58:03,2025-09-26 14:58:03,5282.987777777777,1.0,unknown,unknown,unknown,unknown,NORMAL,link_down,0.76
alarm_01940,2026-05-04 17:57:19,CRITICAL,AR,ANC,THE DEVICE IS OFFLINE,2025-09-27 03:44:19,2025-09-27 03:44:19,5270.216666666666,1.0,unknown,unknown,unknown,unknown,NORMAL,other,0.66
alarm_01941,2026-05-04 17:57:19,CRITICAL,AG,ANC,PHYSICAL PORT DOWN,2025-09-27 10:56:04,2025-09-27 10:56:04,5263.020833333333,1.0,unknown,unknown,unknown,unknown,NORMAL,link_down,0.76
alarm_01942,2026-05-04 17:57:19,CRITICAL,AG,ANC,PHYSICAL PORT DOWN,2025-09-27 10:56:21,2025-09-27 10:56:21,5263.016111111111,1.0,unknown,unknown,unknown,unknown,NORMAL,link_down,0.76
alarm_01943,2026-05-04 17:57:19,CRITICAL,AR,CUS,PHYSICAL PORT DOWN,2025-09-28 01:19:32,2025-09-28 01:19:32,5248.629722222222,1.0,unknown,unknown,unknown,unknown,NORMAL,link_down,0.76
alarm_01944,2026-05-04 17:57:19,CRITICAL,AR,CUS,PHYSICAL PORT DOWN,2025-09-28 07:47:37,2025-09-28 07:47:37,5242.161666666667,1.0,unknown,unknown,unknown,unknown,NORMAL,link_down,0.76
alarm_01945,2026-05-04 17:57:19,CRITICAL,AR,CUS,PHYSICAL PORT DOWN,2025-09-28 08:45:02,2025-09-28 08:45:02,5241.204722222222,1.0,unknown,unknown,unknown,unknown,NORMAL,link_down,0.76
alarm_01946,2026-05-04 17:57:19,CRITICAL,AR,CUS,PHYSICAL PORT DOWN,2025-09-28 08:46:16,2025-09-28 08:46:16,5241.184166666667,1.0,unknown,unknown,unknown,unknown,NORMAL,link_down,0.76
alarm_01947,2026-05-04 17:57:19,CRITICAL,AR,CUS,PHYSICAL PORT DOWN,2025-09-28 08:46:16,2025-09-28 08:46:16,5241.184166666667,1.0,unknown,unknown,unknown,unknown,NORMAL,link_down,0.76
alarm_01948,2026-05-04 17:57:19,CRITICAL,AR,CUS,PHYSICAL PORT DOWN,2025-09-28 08:46:16,2025-09-28 08:46:16,5241.184166666667,1.0,unknown,unknown,unknown,unknown,NORMAL,link_down,0.76
alarm_01949,2026-05-04 17:57:19,CRITICAL,AR,JUN,PHYSICAL PORT DOWN,2025-09-29 08:20:48,2025-09-29 08:20:48,5217.608611111111,1.0,unknown,unknown,unknown,unknown,NORMAL,link_down,0.76
alarm_01950,2026-05-04 17:57:19,CRITICAL,AR,AYA,PHYSICAL PORT DOWN,2025-09-29 10:11:59,2025-09-29 10:11:59,5215.7555555555555,1.0,unknown,unknown,unknown,unknown,NORMAL,link_down,0.76
alarm_01951,2026-05-04 17:57:19,CRITICAL,AR,CAJ,PHYSICAL PORT DOWN,2025-09-29 10:49:11,2025-09-29 10:49:11,5215.135555555556,1.0,unknown,unknown,unknown,unknown,NORMAL,link_down,0.76
alarm_01952,2026-05-04 17:57:19,CRITICAL,AR,CAJ,PHYSICAL PORT DOWN,2025-09-29 10:49:11,2025-09-29 10:49:11,5215.135555555556,1.0,unknown,unknown,unknown,unknown,NORMAL,link_down,0.76
alarm_01953,2026-05-04 17:57:19,CRITICAL,AG,LAM,PHYSICAL PORT DOWN,2025-09-29 10:57:27,2025-09-29 10:57:27,5214.997777777778,1.0,unknown,unknown,unknown,unknown,NORMAL,link_down,0.76
alarm_01954,2026-05-04 17:57:19,CRITICAL,AR,LIC,PHYSICAL PORT DOWN,2025-09-29 17:13:10,2025-09-29 17:13:10,5208.735833333333,1.0,unknown,unknown,unknown,unknown,NORMAL,link_down,0.76
alarm_01955,2026-05-04 17:57:19,CRITICAL,AR,PUN,PHYSICAL PORT DOWN,2025-09-30 11:51:05,2025-09-30 11:51:05,5190.103888888889,1.0,unknown,unknown,unknown,unknown,NORMAL,link_down,0.76
alarm_01956,2026-05-04 17:57:19,CRITICAL,AR,HUC,PHYSICAL PORT DOWN,2025-09-30 15:09:54,2025-09-30 15:09:54,5186.790277777778,1.0,unknown,unknown,unknown,unknown,NORMAL,link_down,0.76
alarm_01957,2026-05-04 17:57:19,CRITICAL,AG,ICA,PHYSICAL PORT DOWN,2025-09-30 17:12:10,2025-09-30 17:12:10,5184.7525,1.0,unknown,unknown,unknown,unknown,NORMAL,link_down,0.76
alarm_01958,2026-05-04 17:57:19,CRITICAL,AG,ICA,PHYSICAL PORT DOWN,2025-09-30 17:12:24,2025-09-30 17:12:24,5184.748611111111,1.0,unknown,unknown,unknown,unknown,NORMAL,link_down,0.76
alarm_01959,2026-05-04 17:57:19,CRITICAL,AR,ARE,PHYSICAL PORT DOWN,2025-09-30 17:36:19,2025-09-30 17:36:19,5184.35,1.0,unknown,unknown,unknown,unknown,NORMAL,link_down,0.76
alarm_01960,2026-05-04 17:57:19,CRITICAL,AR,SAN,PHYSICAL PORT DOWN,2025-09-30 19:27:27,2025-09-30 19:27:27,5182.497777777778,1.0,unknown,unknown,unknown,unknown,NORMAL,link_down,0.76
alarm_01961,2026-05-04 17:57:19,CRITICAL,AR,PIU,PHYSICAL PORT DOWN,2025-10-01 00:12:09,2025-10-01 00:12:09,5177.752777777778,1.0,unknown,unknown,unknown,unknown,NORMAL,link_down,0.76
alarm_01962,2026-05-04 17:57:19,CRITICAL,AR,APU,THE DEVICE IS OFFLINE,2025-10-01 08:57:18,2025-10-01 08:57:18,5169.000277777778,1.0,unknown,unknown,unknown,unknown,NORMAL,other,0.66
alarm_01963,2026-05-04 17:57:19,CRITICAL,AR,TAC,PHYSICAL PORT DOWN,2025-10-01 12:00:19,2025-10-01 12:00:19,5165.95,1.0,unknown,unknown,unknown,unknown,NORMAL,link_down,0.76
alarm_01964,2026-05-04 17:57:19,CRITICAL,AR,CAJ,PHYSICAL PORT DOWN,2025-10-01 14:22:13,2025-10-01 14:22:13,5163.585,1.0,unknown,unknown,unknown,unknown,NORMAL,link_down,0.76
alarm_01965,2026-05-04 17:57:19,CRITICAL,AR,CAJ,PHYSICAL PORT DOWN,2025-10-01 14:22:13,2025-10-01 14:22:13,5163.585,1.0,unknown,unknown,unknown,unknown,NORMAL,link_down,0.76
alarm_01966,2026-05-04 17:57:19,CRITICAL,AR,CAJ,PHYSICAL PORT DOWN,2025-10-01 14:22:13,2025-10-01 14:22:13,5163.585,1.0,unknown,unknown,unknown,unknown,NORMAL,link_down,0.76
alarm_01967,2026-05-04 17:57:19,CRITICAL,AR,SAN,PHYSICAL PORT DOWN,2025-10-01 15:45:52,2025-10-01 15:45:52,5162.190833333333,1.0,unknown,unknown,unknown,unknown,NORMAL,link_down,0.76
alarm_01968,2026-05-04 17:57:19,CRITICAL,AR,LIC,PHYSICAL PORT DOWN,2025-10-01 19:57:19,2025-10-01 19:57:19,5158.0,1.0,unknown,unknown,unknown,unknown,NORMAL,link_down,0.76
alarm_01969,2026-05-04 17:57:19,CRITICAL,AR,CUS,PHYSICAL PORT DOWN,2025-10-02 10:37:48,2025-10-02 10:37:48,5143.325277777778,1.0,unknown,unknown,unknown,unknown,NORMAL,link_down,0.76
alarm_01970,2026-05-04 17:57:19,CRITICAL,AR,CAJ,PHYSICAL PORT DOWN,2025-10-02 15:14:04,2025-10-02 15:14:04,5138.720833333334,1.0,unknown,unknown,unknown,unknown,NORMAL,link_down,0.76
alarm_01971,2026-05-04 17:57:19,CRITICAL,AG,ICA,PHYSICAL PORT DOWN,2025-10-02 18:36:15,2025-10-02 18:36:15,5135.351111111111,1.0,unknown,unknown,unknown,unknown,NORMAL,link_down,0.76
alarm_01972,2026-05-04 17:57:19,CRITICAL,AG,ICA,PHYSICAL PORT DOWN,2025-10-02 18:36:55,2025-10-02 18:36:55,5135.34,1.0,unknown,unknown,unknown,unknown,NORMAL,link_down,0.76
alarm_01973,2026-05-04 17:57:19,CRITICAL,AR,LIP,PHYSICAL PORT DOWN,2025-10-03 04:32:32,2025-10-03 04:32:32,5125.413055555556,1.0,unknown,unknown,unknown,unknown,NORMAL,link_down,0.76
alarm_01974,2026-05-04 17:57:19,CRITICAL,AR,TAC,PHYSICAL PORT DOWN,2025-10-03 11:04:29,2025-10-03 11:04:29,5118.8805555555555,1.0,unknown,unknown,unknown,unknown,NORMAL,link_down,0.76
alarm_01975,2026-05-04 17:57:19,CRITICAL,AR,TAC,PHYSICAL PORT DOWN,2025-10-03 11:04:29,2025-10-03 11:04:29,5118.8805555555555,1.0,unknown,unknown,unknown,unknown,NORMAL,link_down,0.76
alarm_01976,2026-05-04 17:57:19,CRITICAL,AR,JUN,PHYSICAL PORT DOWN,2025-10-03 14:50:45,2025-10-03 14:50:45,5115.109444444444,1.0,unknown,unknown,unknown,unknown,NORMAL,link_down,0.76
alarm_01977,2026-05-04 17:57:19,CRITICAL,AR,JUN,PHYSICAL PORT DOWN,2025-10-03 16:05:18,2025-10-03 16:05:18,5113.866944444444,1.0,unknown,unknown,unknown,unknown,NORMAL,link_down,0.76
alarm_01978,2026-05-04 17:57:19,CRITICAL,AR,PAS,PHYSICAL PORT DOWN,2025-10-03 18:00:59,2025-10-03 18:00:59,5111.938888888889,1.0,unknown,unknown,unknown,unknown,NORMAL,link_down,0.76
alarm_01979,2026-05-04 17:57:19,CRITICAL,AR,CAJ,PHYSICAL PORT DOWN,2025-10-04 12:44:14,2025-10-04 12:44:14,5093.218055555555,1.0,unknown,unknown,unknown,unknown,NORMAL,link_down,0.76
alarm_01980,2026-05-04 17:57:19,CRITICAL,AR,HUN,PHYSICAL PORT DOWN,2025-10-04 14:10:33,2025-10-04 14:10:33,5091.779444444444,1.0,unknown,unknown,unknown,unknown,NORMAL,link_down,0.76
alarm_01981,2026-05-04 17:57:19,CRITICAL,AR,AMA,PHYSICAL PORT DOWN,2025-10-04 20:55:03,2025-10-04 20:55:03,5085.037777777778,1.0,unknown,unknown,unknown,unknown,NORMAL,link_down,0.76
alarm_01982,2026-05-04 17:57:19,CRITICAL,AG,JUN,PHYSICAL PORT DOWN,2025-10-05 04:07:28,2025-10-05 04:07:28,5077.830833333333,1.0,unknown,unknown,unknown,unknown,NORMAL,link_down,0.76
alarm_01983,2026-05-04 17:57:19,CRITICAL,AR,JUN,PHYSICAL PORT DOWN,2025-10-05 04:07:29,2025-10-05 04:07:29,5077.830555555555,1.0,unknown,unknown,unknown,unknown,NORMAL,link_down,0.76
alarm_01984,2026-05-04 17:57:19,CRITICAL,AG,JUN,BOARD INVALID,2025-10-05 05:06:00,2025-10-05 05:06:00,5076.855277777778,1.0,unknown,unknown,unknown,unknown,NORMAL,other,0.66
alarm_01985,2026-05-04 17:57:19,CRITICAL,AG,JUN,BOARD INVALID,2025-10-05 05:06:00,2025-10-05 05:06:00,5076.855277777778,1.0,unknown,unknown,unknown,unknown,NORMAL,other,0.66
alarm_01986,2026-05-04 17:57:19,CRITICAL,AG,JUN,BOARD INVALID,2025-10-05 05:17:48,2025-10-05 05:17:48,5076.658611111111,1.0,unknown,unknown,unknown,unknown,NORMAL,other,0.66
alarm_01987,2026-05-04 17:57:19,CRITICAL,AR,LAL,PHYSICAL PORT DOWN,2025-10-05 06:28:35,2025-10-05 06:28:35,5075.478888888889,1.0,unknown,unknown,unknown,unknown,NORMAL,link_down,0.76
alarm_01988,2026-05-04 17:57:19,CRITICAL,AR,LIC,PHYSICAL PORT DOWN,2025-10-05 20:48:02,2025-10-05 20:48:02,5061.1547222222225,1.0,unknown,unknown,unknown,unknown,NORMAL,link_down,0.76
alarm_01989,2026-05-04 17:57:19,CRITICAL,AR,LIC,PHYSICAL PORT DOWN,2025-10-05 20:48:02,2025-10-05 20:48:02,5061.1547222222225,1.0,unknown,unknown,unknown,unknown,NORMAL,link_down,0.76
alarm_01990,2026-05-04 17:57:19,CRITICAL,AR,MAD,PHYSICAL PORT DOWN,2025-10-05 22:22:00,2025-10-05 22:22:00,5059.588611111111,1.0,unknown,unknown,unknown,unknown,NORMAL,link_down,0.76
alarm_01991,2026-05-04 17:57:19,CRITICAL,AR,ARE,PHYSICAL PORT DOWN,2025-10-06 09:54:32,2025-10-06 09:54:32,5048.046388888889,1.0,unknown,unknown,unknown,unknown,NORMAL,link_down,0.76
alarm_01992,2026-05-04 17:57:19,CRITICAL,AR,ARE,PHYSICAL PORT DOWN,2025-10-06 09:54:32,2025-10-06 09:54:32,5048.046388888889,1.0,unknown,unknown,unknown,unknown,NORMAL,link_down,0.76
alarm_01993,2026-05-04 17:57:19,CRITICAL,AR,HUN,PHYSICAL PORT DOWN,2025-10-06 10:15:00,2025-10-06 10:15:00,5047.705277777778,1.0,unknown,unknown,unknown,unknown,NORMAL,link_down,0.76
alarm_01994,2026-05-04 17:57:19,CRITICAL,AR,LIC,PHYSICAL PORT DOWN,2025-10-06 12:12:35,2025-10-06 12:12:35,5045.745555555555,1.0,unknown,unknown,unknown,unknown,NORMAL,link_down,0.76
alarm_01995,2026-05-04 17:57:19,CRITICAL,AR,LOR,PHYSICAL PORT DOWN,2025-10-06 12:42:01,2025-10-06 12:42:01,5045.255,1.0,unknown,unknown,unknown,unknown,NORMAL,link_down,0.76
alarm_01996,2026-05-04 17:57:19,CRITICAL,AG,PIU,PHYSICAL PORT DOWN,2025-10-06 16:58:29,2025-10-06 16:58:29,5040.980555555556,1.0,unknown,unknown,unknown,unknown,NORMAL,link_down,0.76
alarm_01997,2026-05-04 17:57:19,CRITICAL,AR,HUN,PHYSICAL PORT DOWN,2025-10-06 22:15:03,2025-10-06 22:15:03,5035.704444444445,1.0,unknown,unknown,unknown,unknown,NORMAL,link_down,0.76
alarm_01998,2026-05-04 17:57:19,CRITICAL,AR,SAN,PHYSICAL PORT DOWN,2025-10-07 04:39:02,2025-10-07 04:39:02,5029.304722222222,1.0,unknown,unknown,unknown,unknown,NORMAL,link_down,0.76
alarm_01999,2026-05-04 17:57:19,CRITICAL,AR,PUN,PHYSICAL PORT DOWN,2025-10-07 11:25:22,2025-10-07 11:25:22,5022.5325,1.0,unknown,unknown,unknown,unknown,NORMAL,link_down,0.76
alarm_02000,2026-05-04 17:57:19,CRITICAL,AR,AYA,PHYSICAL PORT DOWN,2025-10-07 13:41:55,2025-10-07 13:41:55,5020.256666666667,1.0,unknown,unknown,unknown,unknown,NORMAL,link_down,0.76
alarm_02001,2026-05-04 17:57:19,CRITICAL,AR,TAC,PHYSICAL PORT DOWN,2025-10-07 15:39:49,2025-10-07 15:39:49,5018.291666666667,1.0,unknown,unknown,unknown,unknown,NORMAL,link_down,0.76
alarm_02002,2026-05-04 17:57:19,CRITICAL,AR,LOR,PHYSICAL PORT DOWN,2025-10-07 17:53:13,2025-10-07 17:53:13,5016.068333333334,1.0,unknown,unknown,unknown,unknown,NORMAL,link_down,0.76
alarm_02003,2026-05-04 17:57:19,CRITICAL,AR,ARE,PHYSICAL PORT DOWN,2025-10-08 04:24:14,2025-10-08 04:24:14,5005.551388888889,1.0,unknown,unknown,unknown,unknown,NORMAL,link_down,0.76
alarm_02004,2026-05-04 17:57:19,CRITICAL,AR,SAN,PHYSICAL PORT DOWN,2025-10-08 06:50:36,2025-10-08 06:50:36,5003.111944444445,1.0,unknown,unknown,unknown,unknown,NORMAL,link_down,0.76
alarm_02005,2026-05-04 17:57:19,CRITICAL,AG,ARE,BOARD INVALID,2025-10-08 10:47:38,2025-10-08 10:47:38,4999.161388888889,1.0,unknown,unknown,unknown,unknown,NORMAL,other,0.66
alarm_02006,2026-05-04 17:57:19,CRITICAL,AR,CAJ,PHYSICAL PORT DOWN,2025-10-08 15:41:27,2025-10-08 15:41:27,4994.264444444444,1.0,unknown,unknown,unknown,unknown,NORMAL,link_down,0.76
alarm_02007,2026-05-04 17:57:19,CRITICAL,AR,ARE,PHYSICAL PORT DOWN,2025-10-09 14:32:21,2025-10-09 14:32:21,4971.416111111111,1.0,unknown,unknown,unknown,unknown,NORMAL,link_down,0.76
alarm_02008,2026-05-04 17:57:19,CRITICAL,AR,TAC,PHYSICAL PORT DOWN,2025-10-09 16:27:31,2025-10-09 16:27:31,4969.496666666667,1.0,unknown,unknown,unknown,unknown,NORMAL,link_down,0.76
alarm_02009,2026-05-04 17:57:19,CRITICAL,AR,TAC,PHYSICAL PORT DOWN,2025-10-09 17:27:13,2025-10-09 17:27:13,4968.501666666667,1.0,unknown,unknown,unknown,unknown,NORMAL,link_down,0.76
alarm_02010,2026-05-04 17:57:19,CRITICAL,AR,TAC,PHYSICAL PORT DOWN,2025-10-09 17:27:14,2025-10-09 17:27:14,4968.501388888889,1.0,unknown,unknown,unknown,unknown,NORMAL,link_down,0.76
alarm_02011,2026-05-04 17:57:19,CRITICAL,AR,PIU,PHYSICAL PORT DOWN,2025-10-09 20:00:21,2025-10-09 20:00:21,4965.949444444444,1.0,unknown,unknown,unknown,unknown,NORMAL,link_down,0.76
alarm_02012,2026-05-04 17:57:19,CRITICAL,AR,PIU,PHYSICAL PORT DOWN,2025-10-09 20:00:27,2025-10-09 20:00:27,4965.947777777777,1.0,unknown,unknown,unknown,unknown,NORMAL,link_down,0.76
alarm_02013,2026-05-04 17:57:19,CRITICAL,AR,LIC,PHYSICAL PORT DOWN,2025-10-10 02:00:23,2025-10-10 02:00:23,4959.948888888889,1.0,unknown,unknown,unknown,unknown,NORMAL,link_down,0.76
alarm_02014,2026-05-04 17:57:19,CRITICAL,AG,ICA,PHYSICAL PORT DOWN,2025-10-10 09:03:26,2025-10-10 09:03:26,4952.898055555555,1.0,unknown,unknown,unknown,unknown,NORMAL,link_down,0.76
alarm_02015,2026-05-04 17:57:19,CRITICAL,AR,LIC,PHYSICAL PORT DOWN,2025-10-10 10:59:54,2025-10-10 10:59:54,4950.956944444444,1.0,unknown,unknown,unknown,unknown,NORMAL,link_down,0.76
alarm_02016,2026-05-04 17:57:19,CRITICAL,SW,CUS,THE DEVICE IS OFFLINE,2025-10-11 09:36:45,2025-10-11 09:36:45,4928.342777777778,1.0,unknown,unknown,unknown,unknown,NORMAL,other,0.66
alarm_02017,2026-05-04 17:57:19,CRITICAL,AR,CAJ,PHYSICAL PORT DOWN,2025-10-11 11:33:57,2025-10-11 11:33:57,4926.389444444444,1.0,unknown,unknown,unknown,unknown,NORMAL,link_down,0.76
alarm_02018,2026-05-04 17:57:19,CRITICAL,CP,CAJ,PHYSICAL PORT DOWN,2025-10-11 14:54:56,2025-10-11 14:54:56,4923.039722222222,1.0,unknown,unknown,unknown,unknown,NORMAL,link_down,0.76
alarm_02019,2026-05-04 17:57:19,CRITICAL,AR,JUN,PHYSICAL PORT DOWN,2025-10-12 12:31:56,2025-10-12 12:31:56,4901.423055555556,1.0,unknown,unknown,unknown,unknown,NORMAL,link_down,0.76
alarm_02020,2026-05-04 17:57:19,CRITICAL,AR,JUN,PHYSICAL PORT DOWN,2025-10-12 12:31:56,2025-10-12 12:31:56,4901.423055555556,1.0,unknown,unknown,unknown,unknown,NORMAL,link_down,0.76
alarm_02021,2026-05-04 17:57:19,CRITICAL,AR,JUN,PHYSICAL PORT DOWN,2025-10-12 12:31:56,2025-10-12 12:31:56,4901.423055555556,1.0,unknown,unknown,unknown,unknown,NORMAL,link_down,0.76
alarm_02022,2026-05-04 17:57:19,CRITICAL,AR,JUN,PHYSICAL PORT DOWN,2025-10-12 12:31:56,2025-10-12 12:31:56,4901.423055555556,1.0,unknown,unknown,unknown,unknown,NORMAL,link_down,0.76
alarm_02023,2026-05-04 17:57:19,CRITICAL,AR,JUN,PHYSICAL PORT DOWN,2025-10-12 12:31:56,2025-10-12 12:31:56,4901.423055555556,1.0,unknown,unknown,unknown,unknown,NORMAL,link_down,0.76
alarm_02024,2026-05-04 17:57:19,CRITICAL,AR,JUN,PHYSICAL PORT DOWN,2025-10-12 12:31:56,2025-10-12 12:31:56,4901.423055555556,1.0,unknown,unknown,unknown,unknown,NORMAL,link_down,0.76
alarm_02025,2026-05-04 17:57:19,CRITICAL,AR,JUN,PHYSICAL PORT DOWN,2025-10-12 12:31:56,2025-10-12 12:31:56,4901.423055555556,1.0,unknown,unknown,unknown,unknown,NORMAL,link_down,0.76
alarm_02026,2026-05-04 17:57:19,CRITICAL,AR,HUN,PHYSICAL PORT DOWN,2025-10-12 18:32:13,2025-10-12 18:32:13,4895.418333333333,1.0,unknown,unknown,unknown,unknown,NORMAL,link_down,0.76
alarm_02027,2026-05-04 17:57:19,CRITICAL,AR,LAL,PHYSICAL PORT DOWN,2025-10-13 11:09:41,2025-10-13 11:09:41,4878.793888888889,1.0,unknown,unknown,unknown,unknown,NORMAL,link_down,0.76
alarm_02028,2026-05-04 17:57:19,CRITICAL,AR,LAL,PHYSICAL PORT DOWN,2025-10-13 11:47:05,2025-10-13 11:47:05,4878.170555555555,1.0,unknown,unknown,unknown,unknown,NORMAL,link_down,0.76
alarm_02029,2026-05-04 17:57:19,CRITICAL,AR,PIU,PHYSICAL PORT DOWN,2025-10-13 12:07:21,2025-10-13 12:07:21,4877.832777777778,1.0,unknown,unknown,unknown,unknown,NORMAL,link_down,0.76
alarm_02030,2026-05-04 17:57:19,CRITICAL,AR,JUN,PHYSICAL PORT DOWN,2025-10-13 13:07:40,2025-10-13 13:07:40,4876.8275,1.0,unknown,unknown,unknown,unknown,NORMAL,link_down,0.76
alarm_02031,2026-05-04 17:57:19,CRITICAL,AR,LAL,PHYSICAL PORT DOWN,2025-10-13 14:43:05,2025-10-13 14:43:05,4875.237222222222,1.0,unknown,unknown,unknown,unknown,NORMAL,link_down,0.76
alarm_02032,2026-05-04 17:57:19,CRITICAL,AR,CUS,PHYSICAL PORT DOWN,2025-10-13 15:12:37,2025-10-13 15:12:37,4874.745,1.0,unknown,unknown,unknown,unknown,NORMAL,link_down,0.76
alarm_02033,2026-05-04 17:57:19,CRITICAL,AR,LOR,PHYSICAL PORT DOWN,2025-10-14 01:38:34,2025-10-14 01:38:34,4864.3125,1.0,unknown,unknown,unknown,unknown,NORMAL,link_down,0.76
alarm_02034,2026-05-04 17:57:19,CRITICAL,AR,LAL,PHYSICAL PORT DOWN,2025-10-14 04:22:08,2025-10-14 04:22:08,4861.586388888889,1.0,unknown,unknown,unknown,unknown,NORMAL,link_down,0.76
alarm_02035,2026-05-04 17:57:19,CRITICAL,AR,LAL,PHYSICAL PORT DOWN,2025-10-14 10:39:06,2025-10-14 10:39:06,4855.303611111111,1.0,unknown,unknown,unknown,unknown,NORMAL,link_down,0.76
alarm_02036,2026-05-04 17:57:19,CRITICAL,AR,LOR,PHYSICAL PORT DOWN,2025-10-14 17:03:28,2025-10-14 17:03:28,4848.8975,1.0,unknown,unknown,unknown,unknown,NORMAL,link_down,0.76
alarm_02037,2026-05-04 17:57:19,CRITICAL,AR,LAL,PHYSICAL PORT DOWN,2025-10-14 17:05:22,2025-10-14 17:05:22,4848.865833333333,1.0,unknown,unknown,unknown,unknown,NORMAL,link_down,0.76
alarm_02038,2026-05-04 17:57:19,CRITICAL,AG,UNKNOWN,PHYSICAL PORT DOWN,2025-10-14 18:20:35,2025-10-14 18:20:35,4847.612222222222,1.0,unknown,unknown,unknown,unknown,NORMAL,link_down,0.76
alarm_02039,2026-05-04 17:57:19,CRITICAL,AR,LIC,PHYSICAL PORT DOWN,2025-10-14 21:50:41,2025-10-14 21:50:41,4844.110555555556,1.0,unknown,unknown,unknown,unknown,NORMAL,link_down,0.76
alarm_02040,2026-05-04 17:57:19,CRITICAL,AR,LIC,PHYSICAL PORT DOWN,2025-10-14 21:50:41,2025-10-14 21:50:41,4844.110555555556,1.0,unknown,unknown,unknown,unknown,NORMAL,link_down,0.76
alarm_02041,2026-05-04 17:57:19,CRITICAL,AR,CUS,PHYSICAL PORT DOWN,2025-10-15 11:54:42,2025-10-15 11:54:42,4830.043611111111,1.0,unknown,unknown,unknown,unknown,NORMAL,link_down,0.76
alarm_02042,2026-05-04 17:57:19,CRITICAL,AR,HUN,PHYSICAL PORT DOWN,2025-10-15 12:11:31,2025-10-15 12:11:31,4829.763333333333,1.0,unknown,unknown,unknown,unknown,NORMAL,link_down,0.76
alarm_02043,2026-05-04 17:57:19,CRITICAL,AR,LIC,PHYSICAL PORT DOWN,2025-10-15 16:28:42,2025-10-15 16:28:42,4825.476944444445,1.0,unknown,unknown,unknown,unknown,NORMAL,link_down,0.76
alarm_02044,2026-05-04 17:57:19,CRITICAL,AR,HUN,PHYSICAL PORT DOWN,2025-10-16 08:57:02,2025-10-16 08:57:02,4809.004722222222,1.0,unknown,unknown,unknown,unknown,NORMAL,link_down,0.76
alarm_02045,2026-05-04 17:57:19,CRITICAL,AG,ICA,PHYSICAL PORT DOWN,2025-10-16 10:45:18,2025-10-16 10:45:18,4807.200277777778,1.0,unknown,unknown,unknown,unknown,NORMAL,link_down,0.76
alarm_02046,2026-05-04 17:57:19,CRITICAL,AR,PIU,PHYSICAL PORT DOWN,2025-10-16 11:19:21,2025-10-16 11:19:21,4806.632777777778,1.0,unknown,unknown,unknown,unknown,NORMAL,link_down,0.76
alarm_02047,2026-05-04 17:57:19,CRITICAL,AR,PIU,PHYSICAL PORT DOWN,2025-10-16 11:38:37,2025-10-16 11:38:37,4806.3116666666665,1.0,unknown,unknown,unknown,unknown,NORMAL,link_down,0.76
alarm_02048,2026-05-04 17:57:19,CRITICAL,AR,LAL,PHYSICAL PORT DOWN,2025-10-16 12:37:38,2025-10-16 12:37:38,4805.328055555556,1.0,unknown,unknown,unknown,unknown,NORMAL,link_down,0.76
alarm_02049,2026-05-04 17:57:19,CRITICAL,AR,CUS,PHYSICAL PORT DOWN,2025-10-16 13:37:55,2025-10-16 13:37:55,4804.323333333334,1.0,unknown,unknown,unknown,unknown,NORMAL,link_down,0.76
alarm_02050,2026-05-04 17:57:19,CRITICAL,AR,TUM,PHYSICAL PORT DOWN,2025-10-16 13:43:45,2025-10-16 13:43:45,4804.226111111111,1.0,unknown,unknown,unknown,unknown,NORMAL,link_down,0.76
alarm_02051,2026-05-04 17:57:19,CRITICAL,AR,PIU,PHYSICAL PORT DOWN,2025-10-16 15:06:09,2025-10-16 15:06:09,4802.852777777778,1.0,unknown,unknown,unknown,unknown,NORMAL,link_down,0.76
alarm_02052,2026-05-04 17:57:19,CRITICAL,AR,LIC,PHYSICAL PORT DOWN,2025-10-16 16:19:33,2025-10-16 16:19:33,4801.629444444445,1.0,unknown,unknown,unknown,unknown,NORMAL,link_down,0.76
alarm_02053,2026-05-04 17:57:19,CRITICAL,AR,LOR,BOARD INVALID,2025-10-16 16:20:42,2025-10-16 16:20:42,4801.610277777778,1.0,unknown,unknown,unknown,unknown,NORMAL,other,0.66
alarm_02054,2026-05-04 17:57:19,CRITICAL,AR,CAL,PHYSICAL PORT DOWN,2025-10-16 22:10:49,2025-10-16 22:10:49,4795.775,1.0,unknown,unknown,unknown,unknown,NORMAL,link_down,0.76
alarm_02055,2026-05-04 17:57:19,CRITICAL,AR,CAL,PHYSICAL PORT DOWN,2025-10-16 22:10:49,2025-10-16 22:10:49,4795.775,1.0,unknown,unknown,unknown,unknown,NORMAL,link_down,0.76
alarm_02056,2026-05-04 17:57:19,CRITICAL,AR,CAL,PHYSICAL PORT DOWN,2025-10-16 22:10:49,2025-10-16 22:10:49,4795.775,1.0,unknown,unknown,unknown,unknown,NORMAL,link_down,0.76
alarm_02057,2026-05-04 17:57:19,CRITICAL,AR,CAL,PHYSICAL PORT DOWN,2025-10-16 22:10:49,2025-10-16 22:10:49,4795.775,1.0,unknown,unknown,unknown,unknown,NORMAL,link_down,0.76
alarm_02058,2026-05-04 17:57:19,CRITICAL,CA,NOR,PHYSICAL PORT DOWN,2025-10-16 22:51:17,2025-10-16 22:51:17,4795.100555555556,1.0,unknown,unknown,unknown,unknown,NORMAL,link_down,0.76
alarm_02059,2026-05-04 17:57:19,CRITICAL,AR,TAC,PHYSICAL PORT DOWN,2025-10-17 09:05:43,2025-10-17 09:05:43,4784.86,1.0,unknown,unknown,unknown,unknown,NORMAL,link_down,0.76
alarm_02060,2026-05-04 17:57:19,CRITICAL,AR,TAC,PHYSICAL PORT DOWN,2025-10-17 09:05:43,2025-10-17 09:05:43,4784.86,1.0,unknown,unknown,unknown,unknown,NORMAL,link_down,0.76
alarm_02061,2026-05-04 17:57:19,CRITICAL,AR,TAC,PHYSICAL PORT DOWN,2025-10-17 09:05:43,2025-10-17 09:05:43,4784.86,1.0,unknown,unknown,unknown,unknown,NORMAL,link_down,0.76
alarm_02062,2026-05-04 17:57:19,CRITICAL,AR,TAC,PHYSICAL PORT DOWN,2025-10-17 09:05:43,2025-10-17 09:05:43,4784.86,1.0,unknown,unknown,unknown,unknown,NORMAL,link_down,0.76
alarm_02063,2026-05-04 17:57:19,CRITICAL,AR,JUN,PHYSICAL PORT DOWN,2025-10-17 09:46:12,2025-10-17 09:46:12,4784.185277777778,1.0,unknown,unknown,unknown,unknown,NORMAL,link_down,0.76
alarm_02064,2026-05-04 17:57:19,CRITICAL,AR,SAN,PHYSICAL PORT DOWN,2025-10-17 10:22:09,2025-10-17 10:22:09,4783.586111111111,1.0,unknown,unknown,unknown,unknown,NORMAL,link_down,0.76
alarm_02065,2026-05-04 17:57:19,CRITICAL,AR,LIC,PHYSICAL PORT DOWN,2025-10-17 11:38:47,2025-10-17 11:38:47,4782.308888888889,1.0,unknown,unknown,unknown,unknown,NORMAL,link_down,0.76
alarm_02066,2026-05-04 17:57:19,CRITICAL,AR,PIU,PHYSICAL PORT DOWN,2025-10-17 12:26:23,2025-10-17 12:26:23,4781.515555555556,1.0,unknown,unknown,unknown,unknown,NORMAL,link_down,0.76
alarm_02067,2026-05-04 17:57:19,CRITICAL,AR,PIU,PHYSICAL PORT DOWN,2025-10-17 13:49:13,2025-10-17 13:49:13,4780.135,1.0,unknown,unknown,unknown,unknown,NORMAL,link_down,0.76
alarm_02068,2026-05-04 17:57:19,CRITICAL,AR,PIU,PHYSICAL PORT DOWN,2025-10-17 13:49:13,2025-10-17 13:49:13,4780.135,1.0,unknown,unknown,unknown,unknown,NORMAL,link_down,0.76
alarm_02069,2026-05-04 17:57:19,CRITICAL,AR,PIU,PHYSICAL PORT DOWN,2025-10-17 13:49:13,2025-10-17 13:49:13,4780.135,1.0,unknown,unknown,unknown,unknown,NORMAL,link_down,0.76
alarm_02070,2026-05-04 17:57:19,CRITICAL,AR,PIU,PHYSICAL PORT DOWN,2025-10-17 13:49:13,2025-10-17 13:49:13,4780.135,1.0,unknown,unknown,unknown,unknown,NORMAL,link_down,0.76
alarm_02071,2026-05-04 17:57:19,CRITICAL,AR,PIU,PHYSICAL PORT DOWN,2025-10-17 13:49:13,2025-10-17 13:49:13,4780.135,1.0,unknown,unknown,unknown,unknown,NORMAL,link_down,0.76
alarm_02072,2026-05-04 17:57:19,CRITICAL,AR,PIU,PHYSICAL PORT DOWN,2025-10-17 13:49:13,2025-10-17 13:49:13,4780.135,1.0,unknown,unknown,unknown,unknown,NORMAL,link_down,0.76
alarm_02073,2026-05-04 17:57:19,CRITICAL,AR,CAJ,THE DEVICE IS OFFLINE,2025-10-17 14:19:05,2025-10-17 14:19:05,4779.637222222223,1.0,unknown,unknown,unknown,unknown,NORMAL,other,0.66
alarm_02074,2026-05-04 17:57:19,CRITICAL,AR,JUN,PHYSICAL PORT DOWN,2025-10-17 17:58:19,2025-10-17 17:58:19,4775.983333333334,1.0,unknown,unknown,unknown,unknown,NORMAL,link_down,0.76
alarm_02075,2026-05-04 17:57:19,CRITICAL,AR,PIU,THE DEVICE IS OFFLINE,2025-10-17 18:22:27,2025-10-17 18:22:27,4775.581111111111,1.0,unknown,unknown,unknown,unknown,NORMAL,other,0.66
alarm_02076,2026-05-04 17:57:19,CRITICAL,AR,PIU,PHYSICAL PORT DOWN,2025-10-18 09:25:07,2025-10-18 09:25:07,4760.536666666667,1.0,unknown,unknown,unknown,unknown,NORMAL,link_down,0.76
alarm_02077,2026-05-04 17:57:19,CRITICAL,AR,LIC,PHYSICAL PORT DOWN,2025-10-18 10:44:13,2025-10-18 10:44:13,4759.218333333333,1.0,unknown,unknown,unknown,unknown,NORMAL,link_down,0.76
alarm_02078,2026-05-04 17:57:19,CRITICAL,AG,ANC,PHYSICAL PORT DOWN,2025-10-18 11:01:20,2025-10-18 11:01:20,4758.933055555555,1.0,unknown,unknown,unknown,unknown,NORMAL,link_down,0.76
alarm_02079,2026-05-04 17:57:19,CRITICAL,AG,PUN,PHYSICAL PORT DOWN,2025-10-18 13:53:50,2025-10-18 13:53:50,4756.058055555555,1.0,unknown,unknown,unknown,unknown,NORMAL,link_down,0.76
alarm_02080,2026-05-04 17:57:19,CRITICAL,AR,LAL,PHYSICAL PORT DOWN,2025-10-18 17:05:24,2025-10-18 17:05:24,4752.865277777778,1.0,unknown,unknown,unknown,unknown,NORMAL,link_down,0.76
alarm_02081,2026-05-04 17:57:19,CRITICAL,AR,JUN,PHYSICAL PORT DOWN,2025-10-19 11:46:22,2025-10-19 11:46:22,4734.1825,1.0,unknown,unknown,unknown,unknown,NORMAL,link_down,0.76
alarm_02082,2026-05-04 17:57:19,CRITICAL,AR,JUN,PHYSICAL PORT DOWN,2025-10-19 11:46:22,2025-10-19 11:46:22,4734.1825,1.0,unknown,unknown,unknown,unknown,NORMAL,link_down,0.76
alarm_02083,2026-05-04 17:57:19,CRITICAL,AR,JUN,PHYSICAL PORT DOWN,2025-10-19 11:46:22,2025-10-19 11:46:22,4734.1825,1.0,unknown,unknown,unknown,unknown,NORMAL,link_down,0.76
alarm_02084,2026-05-04 17:57:19,CRITICAL,AR,ARE,PHYSICAL PORT DOWN,2025-10-19 14:32:56,2025-10-19 14:32:56,4731.406388888889,1.0,unknown,unknown,unknown,unknown,NORMAL,link_down,0.76
alarm_02085,2026-05-04 17:57:19,CRITICAL,AR,CAJ,PHYSICAL PORT DOWN,2025-10-19 15:45:03,2025-10-19 15:45:03,4730.204444444445,1.0,unknown,unknown,unknown,unknown,NORMAL,link_down,0.76
alarm_02086,2026-05-04 17:57:19,CRITICAL,AR,CAJ,PHYSICAL PORT DOWN,2025-10-19 15:45:03,2025-10-19 15:45:03,4730.204444444445,1.0,unknown,unknown,unknown,unknown,NORMAL,link_down,0.76
alarm_02087,2026-05-04 17:57:19,CRITICAL,AR,LAL,PHYSICAL PORT DOWN,2025-10-20 13:58:11,2025-10-20 13:58:11,4707.985555555556,1.0,unknown,unknown,unknown,unknown,NORMAL,link_down,0.76
alarm_02088,2026-05-04 17:57:19,CRITICAL,AR,LAL,PHYSICAL PORT DOWN,2025-10-20 13:58:11,2025-10-20 13:58:11,4707.985555555556,1.0,unknown,unknown,unknown,unknown,NORMAL,link_down,0.76
alarm_02089,2026-05-04 17:57:19,CRITICAL,AR,TUM,PHYSICAL PORT DOWN,2025-10-21 03:24:31,2025-10-21 03:24:31,4694.546666666667,1.0,unknown,unknown,unknown,unknown,NORMAL,link_down,0.76
alarm_02090,2026-05-04 17:57:19,CRITICAL,AR,ARE,PHYSICAL PORT DOWN,2025-10-21 12:18:16,2025-10-21 12:18:16,4685.650833333333,1.0,unknown,unknown,unknown,unknown,NORMAL,link_down,0.76
alarm_02091,2026-05-04 17:57:19,CRITICAL,AR,ARE,PHYSICAL PORT DOWN,2025-10-21 14:27:55,2025-10-21 14:27:55,4683.49,1.0,unknown,unknown,unknown,unknown,NORMAL,link_down,0.76
alarm_02092,2026-05-04 17:57:19,CRITICAL,AR,MAD,PHYSICAL PORT DOWN,2025-10-21 19:22:26,2025-10-21 19:22:26,4678.581388888889,1.0,unknown,unknown,unknown,unknown,NORMAL,link_down,0.76
alarm_02093,2026-05-04 17:57:19,CRITICAL,AG,LAL,PHYSICAL PORT DOWN,2025-10-22 00:17:39,2025-10-22 00:17:39,4673.6611111111115,1.0,unknown,unknown,unknown,unknown,NORMAL,link_down,0.76
alarm_02094,2026-05-04 17:57:19,CRITICAL,AG,LAL,PHYSICAL PORT DOWN,2025-10-22 00:17:54,2025-10-22 00:17:54,4673.656944444445,1.0,unknown,unknown,unknown,unknown,NORMAL,link_down,0.76
alarm_02095,2026-05-04 17:57:19,CRITICAL,AG,LAL,PHYSICAL PORT DOWN,2025-10-22 00:17:54,2025-10-22 00:17:54,4673.656944444445,1.0,unknown,unknown,unknown,unknown,NORMAL,link_down,0.76
alarm_02096,2026-05-04 17:57:19,CRITICAL,AG,LAL,PHYSICAL PORT DOWN,2025-10-22 00:18:02,2025-10-22 00:18:02,4673.6547222222225,1.0,unknown,unknown,unknown,unknown,NORMAL,link_down,0.76
alarm_02097,2026-05-04 17:57:19,CRITICAL,AG,LAL,PHYSICAL PORT DOWN,2025-10-22 00:18:03,2025-10-22 00:18:03,4673.654444444444,1.0,unknown,unknown,unknown,unknown,NORMAL,link_down,0.76
alarm_02098,2026-05-04 17:57:19,CRITICAL,AG,LAL,PHYSICAL PORT DOWN,2025-10-22 00:18:04,2025-10-22 00:18:04,4673.654166666666,1.0,unknown,unknown,unknown,unknown,NORMAL,link_down,0.76
alarm_02099,2026-05-04 17:57:19,CRITICAL,AG,LAL,PHYSICAL PORT DOWN,2025-10-22 00:18:11,2025-10-22 00:18:11,4673.652222222222,1.0,unknown,unknown,unknown,unknown,NORMAL,link_down,0.76
alarm_02100,2026-05-04 17:57:19,CRITICAL,AG,LAL,PHYSICAL PORT DOWN,2025-10-22 00:18:11,2025-10-22 00:18:11,4673.652222222222,1.0,unknown,unknown,unknown,unknown,NORMAL,link_down,0.76
alarm_02101,2026-05-04 17:57:19,CRITICAL,AG,LAL,PHYSICAL PORT DOWN,2025-10-22 00:18:27,2025-10-22 00:18:27,4673.647777777778,1.0,unknown,unknown,unknown,unknown,NORMAL,link_down,0.76
alarm_02102,2026-05-04 17:57:19,CRITICAL,AG,LAL,PHYSICAL PORT DOWN,2025-10-22 00:18:27,2025-10-22 00:18:27,4673.647777777778,1.0,unknown,unknown,unknown,unknown,NORMAL,link_down,0.76
alarm_02103,2026-05-04 17:57:19,CRITICAL,AR,MAD,PHYSICAL PORT DOWN,2025-10-22 02:24:48,2025-10-22 02:24:48,4671.541944444444,1.0,unknown,unknown,unknown,unknown,NORMAL,link_down,0.76
alarm_02104,2026-05-04 17:57:19,CRITICAL,AR,ARE,PHYSICAL PORT DOWN,2025-10-22 09:09:03,2025-10-22 09:09:03,4664.804444444444,1.0,unknown,unknown,unknown,unknown,NORMAL,link_down,0.76
alarm_02105,2026-05-04 17:57:19,CRITICAL,AR,LIC,PHYSICAL PORT DOWN,2025-10-22 11:48:25,2025-10-22 11:48:25,4662.1483333333335,1.0,unknown,unknown,unknown,unknown,NORMAL,link_down,0.76
alarm_02106,2026-05-04 17:57:19,CRITICAL,SW,SAN,THE DEVICE IS OFFLINE,2025-10-22 12:26:24,2025-10-22 12:26:24,4661.515277777778,1.0,unknown,unknown,unknown,unknown,NORMAL,other,0.66
alarm_02107,2026-05-04 17:57:19,CRITICAL,AR,SAN,PHYSICAL PORT DOWN,2025-10-22 14:37:23,2025-10-22 14:37:23,4659.332222222222,1.0,unknown,unknown,unknown,unknown,NORMAL,link_down,0.76
alarm_02108,2026-05-04 17:57:19,CRITICAL,AR,SAN,PHYSICAL PORT DOWN,2025-10-22 14:37:23,2025-10-22 14:37:23,4659.332222222222,1.0,unknown,unknown,unknown,unknown,NORMAL,link_down,0.76
alarm_02109,2026-05-04 17:57:19,CRITICAL,AR,CUS,PHYSICAL PORT DOWN,2025-10-22 15:10:15,2025-10-22 15:10:15,4658.7844444444445,1.0,unknown,unknown,unknown,unknown,NORMAL,link_down,0.76
alarm_02110,2026-05-04 17:57:19,CRITICAL,AR,TUM,PHYSICAL PORT DOWN,2025-10-23 02:12:39,2025-10-23 02:12:39,4647.7444444444445,1.0,unknown,unknown,unknown,unknown,NORMAL,link_down,0.76
alarm_02111,2026-05-04 17:57:19,CRITICAL,AR,LIP,PHYSICAL PORT DOWN,2025-10-23 05:32:19,2025-10-23 05:32:19,4644.416666666667,1.0,unknown,unknown,unknown,unknown,NORMAL,link_down,0.76
alarm_02112,2026-05-04 17:57:19,CRITICAL,AR,LIP,PHYSICAL PORT DOWN,2025-10-23 05:32:19,2025-10-23 05:32:19,4644.416666666667,1.0,unknown,unknown,unknown,unknown,NORMAL,link_down,0.76
alarm_02113,2026-05-04 17:57:19,CRITICAL,AR,PIU,PHYSICAL PORT DOWN,2025-10-23 07:49:23,2025-10-23 07:49:23,4642.1322222222225,1.0,unknown,unknown,unknown,unknown,NORMAL,link_down,0.76
alarm_02114,2026-05-04 17:57:19,CRITICAL,AR,PIU,PHYSICAL PORT DOWN,2025-10-23 09:41:23,2025-10-23 09:41:23,4640.265555555556,1.0,unknown,unknown,unknown,unknown,NORMAL,link_down,0.76
alarm_02115,2026-05-04 17:57:19,CRITICAL,AR,JUN,PHYSICAL PORT DOWN,2025-10-23 10:09:11,2025-10-23 10:09:11,4639.802222222223,1.0,unknown,unknown,unknown,unknown,NORMAL,link_down,0.76
alarm_02116,2026-05-04 17:57:19,CRITICAL,AR,JUN,PHYSICAL PORT DOWN,2025-10-23 10:09:11,2025-10-23 10:09:11,4639.802222222223,1.0,unknown,unknown,unknown,unknown,NORMAL,link_down,0.76
alarm_02117,2026-05-04 17:57:19,CRITICAL,AR,CUS,PHYSICAL PORT DOWN,2025-10-23 10:19:46,2025-10-23 10:19:46,4639.6258333333335,1.0,unknown,unknown,unknown,unknown,NORMAL,link_down,0.76
alarm_02118,2026-05-04 17:57:19,CRITICAL,AR,MOQ,PHYSICAL PORT DOWN,2025-10-23 12:33:25,2025-10-23 12:33:25,4637.3983333333335,1.0,unknown,unknown,unknown,unknown,NORMAL,link_down,0.76
alarm_02119,2026-05-04 17:57:19,CRITICAL,AR,CUS,PHYSICAL PORT DOWN,2025-10-23 12:35:27,2025-10-23 12:35:27,4637.364444444444,1.0,unknown,unknown,unknown,unknown,NORMAL,link_down,0.76
alarm_02120,2026-05-04 17:57:19,CRITICAL,AR,JUN,PHYSICAL PORT DOWN,2025-10-23 13:01:13,2025-10-23 13:01:13,4636.935,1.0,unknown,unknown,unknown,unknown,NORMAL,link_down,0.76
alarm_02121,2026-05-04 17:57:19,CRITICAL,AR,JUN,PHYSICAL PORT DOWN,2025-10-23 13:46:51,2025-10-23 13:46:51,4636.174444444445,1.0,unknown,unknown,unknown,unknown,NORMAL,link_down,0.76
alarm_02122,2026-05-04 17:57:19,CRITICAL,AR,SAN,PHYSICAL PORT DOWN,2025-10-23 16:14:19,2025-10-23 16:14:19,4633.716666666666,1.0,unknown,unknown,unknown,unknown,NORMAL,link_down,0.76
alarm_02123,2026-05-04 17:57:19,CRITICAL,AR,LAL,PHYSICAL PORT DOWN,2025-10-23 16:15:35,2025-10-23 16:15:35,4633.695555555556,1.0,unknown,unknown,unknown,unknown,NORMAL,link_down,0.76
alarm_02124,2026-05-04 17:57:19,CRITICAL,AR,JUN,PHYSICAL PORT DOWN,2025-10-23 16:53:08,2025-10-23 16:53:08,4633.0697222222225,1.0,unknown,unknown,unknown,unknown,NORMAL,link_down,0.76
alarm_02125,2026-05-04 17:57:19,CRITICAL,AR,LIC,PHYSICAL PORT DOWN,2025-10-23 17:25:56,2025-10-23 17:25:56,4632.523055555555,1.0,unknown,unknown,unknown,unknown,NORMAL,link_down,0.76
alarm_02126,2026-05-04 17:57:19,CRITICAL,AR,PIU,PHYSICAL PORT DOWN,2025-10-23 17:50:03,2025-10-23 17:50:03,4632.1211111111115,1.0,unknown,unknown,unknown,unknown,NORMAL,link_down,0.76
alarm_02127,2026-05-04 17:57:19,CRITICAL,AR,PIU,PHYSICAL PORT DOWN,2025-10-23 18:48:19,2025-10-23 18:48:19,4631.15,1.0,unknown,unknown,unknown,unknown,NORMAL,link_down,0.76
alarm_02128,2026-05-04 17:57:19,CRITICAL,AR,LIC,PHYSICAL PORT DOWN,2025-10-23 23:17:37,2025-10-23 23:17:37,4626.661666666667,1.0,unknown,unknown,unknown,unknown,NORMAL,link_down,0.76
alarm_02129,2026-05-04 17:57:19,CRITICAL,AR,TAC,PHYSICAL PORT DOWN,2025-10-24 01:29:42,2025-10-24 01:29:42,4624.460277777778,1.0,unknown,unknown,unknown,unknown,NORMAL,link_down,0.76
alarm_02130,2026-05-04 17:57:19,CRITICAL,AR,PUN,PHYSICAL PORT DOWN,2025-10-24 05:26:33,2025-10-24 05:26:33,4620.512777777778,1.0,unknown,unknown,unknown,unknown,NORMAL,link_down,0.76
alarm_02131,2026-05-04 17:57:19,CRITICAL,AR,AYA,PHYSICAL PORT DOWN,2025-10-24 08:14:48,2025-10-24 08:14:48,4617.708611111111,1.0,unknown,unknown,unknown,unknown,NORMAL,link_down,0.76
alarm_02132,2026-05-04 17:57:19,CRITICAL,AR,CAL,PHYSICAL PORT DOWN,2025-10-24 10:08:19,2025-10-24 10:08:19,4615.816666666667,1.0,unknown,unknown,unknown,unknown,NORMAL,link_down,0.76
alarm_02133,2026-05-04 17:57:19,CRITICAL,AR,PIU,PHYSICAL PORT DOWN,2025-10-24 10:37:57,2025-10-24 10:37:57,4615.322777777777,1.0,unknown,unknown,unknown,unknown,NORMAL,link_down,0.76
alarm_02134,2026-05-04 17:57:19,CRITICAL,AR,PIU,PHYSICAL PORT DOWN,2025-10-24 10:51:27,2025-10-24 10:51:27,4615.097777777778,1.0,unknown,unknown,unknown,unknown,NORMAL,link_down,0.76
alarm_02135,2026-05-04 17:57:19,CRITICAL,AR,SAN,PHYSICAL PORT DOWN,2025-10-24 11:43:27,2025-10-24 11:43:27,4614.231111111111,1.0,unknown,unknown,unknown,unknown,NORMAL,link_down,0.76
alarm_02136,2026-05-04 17:57:19,CRITICAL,AR,SAN,PHYSICAL PORT DOWN,2025-10-24 11:43:27,2025-10-24 11:43:27,4614.231111111111,1.0,unknown,unknown,unknown,unknown,NORMAL,link_down,0.76
alarm_02137,2026-05-04 17:57:19,CRITICAL,AR,PIU,PHYSICAL PORT DOWN,2025-10-24 12:04:39,2025-10-24 12:04:39,4613.877777777778,1.0,unknown,unknown,unknown,unknown,NORMAL,link_down,0.76
alarm_02138,2026-05-04 17:57:19,CRITICAL,AR,JUN,PHYSICAL PORT DOWN,2025-10-24 12:28:12,2025-10-24 12:28:12,4613.485277777778,1.0,unknown,unknown,unknown,unknown,NORMAL,link_down,0.76
alarm_02139,2026-05-04 17:57:19,CRITICAL,AR,CAJ,PHYSICAL PORT DOWN,2025-10-24 13:08:37,2025-10-24 13:08:37,4612.8116666666665,1.0,unknown,unknown,unknown,unknown,NORMAL,link_down,0.76
alarm_02140,2026-05-04 17:57:19,CRITICAL,AR,LIC,PHYSICAL PORT DOWN,2025-10-24 13:17:02,2025-10-24 13:17:02,4612.671388888889,1.0,unknown,unknown,unknown,unknown,NORMAL,link_down,0.76
alarm_02141,2026-05-04 17:57:19,CRITICAL,AR,PIU,PHYSICAL PORT DOWN,2025-10-24 13:17:58,2025-10-24 13:17:58,4612.655833333333,1.0,unknown,unknown,unknown,unknown,NORMAL,link_down,0.76
alarm_02142,2026-05-04 17:57:19,CRITICAL,AR,LAL,PHYSICAL PORT DOWN,2025-10-24 13:24:22,2025-10-24 13:24:22,4612.549166666667,1.0,unknown,unknown,unknown,unknown,NORMAL,link_down,0.76
alarm_02143,2026-05-04 17:57:19,CRITICAL,AR,JUN,PHYSICAL PORT DOWN,2025-10-24 13:30:18,2025-10-24 13:30:18,4612.450277777778,1.0,unknown,unknown,unknown,unknown,NORMAL,link_down,0.76
alarm_02144,2026-05-04 17:57:19,CRITICAL,AR,JUN,PHYSICAL PORT DOWN,2025-10-24 13:35:22,2025-10-24 13:35:22,4612.365833333333,1.0,unknown,unknown,unknown,unknown,NORMAL,link_down,0.76
alarm_02145,2026-05-04 17:57:19,CRITICAL,AR,CUS,PHYSICAL PORT DOWN,2025-10-24 13:50:55,2025-10-24 13:50:55,4612.106666666667,1.0,unknown,unknown,unknown,unknown,NORMAL,link_down,0.76
alarm_02146,2026-05-04 17:57:19,CRITICAL,AR,PUN,PHYSICAL PORT DOWN,2025-10-24 13:59:12,2025-10-24 13:59:12,4611.968611111111,1.0,unknown,unknown,unknown,unknown,NORMAL,link_down,0.76
alarm_02147,2026-05-04 17:57:19,CRITICAL,AR,JUN,PHYSICAL PORT DOWN,2025-10-24 14:02:32,2025-10-24 14:02:32,4611.913055555556,1.0,unknown,unknown,unknown,unknown,NORMAL,link_down,0.76
alarm_02148,2026-05-04 17:57:19,CRITICAL,AR,HUN,PHYSICAL PORT DOWN,2025-10-24 14:18:45,2025-10-24 14:18:45,4611.642777777778,1.0,unknown,unknown,unknown,unknown,NORMAL,link_down,0.76
alarm_02149,2026-05-04 17:57:19,CRITICAL,AR,JUN,PHYSICAL PORT DOWN,2025-10-24 15:01:41,2025-10-24 15:01:41,4610.927222222223,1.0,unknown,unknown,unknown,unknown,NORMAL,link_down,0.76
alarm_02150,2026-05-04 17:57:19,CRITICAL,AR,LIC,PHYSICAL PORT DOWN,2025-10-24 15:04:27,2025-10-24 15:04:27,4610.881111111111,1.0,unknown,unknown,unknown,unknown,NORMAL,link_down,0.76
alarm_02151,2026-05-04 17:57:19,CRITICAL,AR,PUN,PHYSICAL PORT DOWN,2025-10-24 15:50:49,2025-10-24 15:50:49,4610.108333333334,1.0,unknown,unknown,unknown,unknown,NORMAL,link_down,0.76
alarm_02152,2026-05-04 17:57:19,CRITICAL,AR,JUN,PHYSICAL PORT DOWN,2025-10-24 15:54:42,2025-10-24 15:54:42,4610.043611111111,1.0,unknown,unknown,unknown,unknown,NORMAL,link_down,0.76
alarm_02153,2026-05-04 17:57:19,CRITICAL,AR,LIP,PHYSICAL PORT DOWN,2025-10-24 16:24:12,2025-10-24 16:24:12,4609.551944444444,1.0,unknown,unknown,unknown,unknown,NORMAL,link_down,0.76
alarm_02154,2026-05-04 17:57:19,CRITICAL,AR,JUN,PHYSICAL PORT DOWN,2025-10-24 16:42:27,2025-10-24 16:42:27,4609.247777777778,1.0,unknown,unknown,unknown,unknown,NORMAL,link_down,0.76
alarm_02155,2026-05-04 17:57:19,CRITICAL,AR,CUS,PHYSICAL PORT DOWN,2025-10-24 16:57:14,2025-10-24 16:57:14,4609.001388888889,1.0,unknown,unknown,unknown,unknown,NORMAL,link_down,0.76
alarm_02156,2026-05-04 17:57:19,CRITICAL,AR,LOR,PHYSICAL PORT DOWN,2025-10-24 17:01:35,2025-10-24 17:01:35,4608.928888888889,1.0,unknown,unknown,unknown,unknown,NORMAL,link_down,0.76
alarm_02157,2026-05-04 17:57:19,CRITICAL,AR,LOR,PHYSICAL PORT DOWN,2025-10-24 17:01:35,2025-10-24 17:01:35,4608.928888888889,1.0,unknown,unknown,unknown,unknown,NORMAL,link_down,0.76
alarm_02158,2026-05-04 17:57:19,CRITICAL,AR,JUN,PHYSICAL PORT DOWN,2025-10-24 17:11:15,2025-10-24 17:11:15,4608.767777777778,1.0,unknown,unknown,unknown,unknown,NORMAL,link_down,0.76
alarm_02159,2026-05-04 17:57:19,CRITICAL,AR,SAN,PHYSICAL PORT DOWN,2025-10-24 17:14:37,2025-10-24 17:14:37,4608.711666666667,1.0,unknown,unknown,unknown,unknown,NORMAL,link_down,0.76
alarm_02160,2026-05-04 17:57:19,CRITICAL,AR,HUN,PHYSICAL PORT DOWN,2025-10-24 17:24:14,2025-10-24 17:24:14,4608.551388888889,1.0,unknown,unknown,unknown,unknown,NORMAL,link_down,0.76
alarm_02161,2026-05-04 17:57:19,CRITICAL,AR,JUN,PHYSICAL PORT DOWN,2025-10-24 17:26:17,2025-10-24 17:26:17,4608.517222222222,1.0,unknown,unknown,unknown,unknown,NORMAL,link_down,0.76
alarm_02162,2026-05-04 17:57:19,CRITICAL,AR,JUN,PHYSICAL PORT DOWN,2025-10-24 17:26:17,2025-10-24 17:26:17,4608.517222222222,1.0,unknown,unknown,unknown,unknown,NORMAL,link_down,0.76
alarm_02163,2026-05-04 17:57:19,CRITICAL,AR,PIU,PHYSICAL PORT DOWN,2025-10-24 17:58:17,2025-10-24 17:58:17,4607.983888888889,1.0,unknown,unknown,unknown,unknown,NORMAL,link_down,0.76
alarm_02164,2026-05-04 17:57:19,CRITICAL,AR,PIU,PHYSICAL PORT DOWN,2025-10-24 18:08:34,2025-10-24 18:08:34,4607.8125,1.0,unknown,unknown,unknown,unknown,NORMAL,link_down,0.76
alarm_02165,2026-05-04 17:57:19,CRITICAL,AR,SAN,PHYSICAL PORT DOWN,2025-10-24 19:01:12,2025-10-24 19:01:12,4606.935277777778,1.0,unknown,unknown,unknown,unknown,NORMAL,link_down,0.76
alarm_02166,2026-05-04 17:57:19,CRITICAL,AR,JUN,PHYSICAL PORT DOWN,2025-10-24 19:08:55,2025-10-24 19:08:55,4606.806666666666,1.0,unknown,unknown,unknown,unknown,NORMAL,link_down,0.76
alarm_02167,2026-05-04 17:57:19,CRITICAL,AR,JUN,PHYSICAL PORT DOWN,2025-10-25 05:51:13,2025-10-25 05:51:13,4596.1016666666665,1.0,unknown,unknown,unknown,unknown,NORMAL,link_down,0.76
alarm_02168,2026-05-04 17:57:19,CRITICAL,AR,CUS,PHYSICAL PORT DOWN,2025-10-25 05:56:56,2025-10-25 05:56:56,4596.006388888889,1.0,unknown,unknown,unknown,unknown,NORMAL,link_down,0.76
alarm_02169,2026-05-04 17:57:19,CRITICAL,AR,JUN,PHYSICAL PORT DOWN,2025-10-25 06:38:21,2025-10-25 06:38:21,4595.316111111111,1.0,unknown,unknown,unknown,unknown,NORMAL,link_down,0.76
alarm_02170,2026-05-04 17:57:19,CRITICAL,AR,JUN,PHYSICAL PORT DOWN,2025-10-25 06:38:21,2025-10-25 06:38:21,4595.316111111111,1.0,unknown,unknown,unknown,unknown,NORMAL,link_down,0.76
alarm_02171,2026-05-04 17:57:19,CRITICAL,AR,JUN,PHYSICAL PORT DOWN,2025-10-25 06:38:21,2025-10-25 06:38:21,4595.316111111111,1.0,unknown,unknown,unknown,unknown,NORMAL,link_down,0.76
alarm_02172,2026-05-04 17:57:19,CRITICAL,AR,JUN,PHYSICAL PORT DOWN,2025-10-25 06:38:21,2025-10-25 06:38:21,4595.316111111111,1.0,unknown,unknown,unknown,unknown,NORMAL,link_down,0.76
alarm_02173,2026-05-04 17:57:19,CRITICAL,AR,PIU,PHYSICAL PORT DOWN,2025-10-25 07:34:32,2025-10-25 07:34:32,4594.379722222222,1.0,unknown,unknown,unknown,unknown,NORMAL,link_down,0.76
alarm_02174,2026-05-04 17:57:19,CRITICAL,AR,SAN,PHYSICAL PORT DOWN,2025-10-25 08:17:58,2025-10-25 08:17:58,4593.655833333333,1.0,unknown,unknown,unknown,unknown,NORMAL,link_down,0.76
alarm_02175,2026-05-04 17:57:19,CRITICAL,AR,SAN,PHYSICAL PORT DOWN,2025-10-25 08:17:58,2025-10-25 08:17:58,4593.655833333333,1.0,unknown,unknown,unknown,unknown,NORMAL,link_down,0.76
alarm_02176,2026-05-04 17:57:19,CRITICAL,AR,PIU,PHYSICAL PORT DOWN,2025-10-25 09:37:52,2025-10-25 09:37:52,4592.324166666666,1.0,unknown,unknown,unknown,unknown,NORMAL,link_down,0.76
alarm_02177,2026-05-04 17:57:19,CRITICAL,AR,CAJ,PHYSICAL PORT DOWN,2025-10-25 11:13:57,2025-10-25 11:13:57,4590.722777777778,1.0,unknown,unknown,unknown,unknown,NORMAL,link_down,0.76
alarm_02178,2026-05-04 17:57:19,CRITICAL,AR,ARE,PHYSICAL PORT DOWN,2025-10-25 11:32:59,2025-10-25 11:32:59,4590.405555555555,1.0,unknown,unknown,unknown,unknown,NORMAL,link_down,0.76
alarm_02179,2026-05-04 17:57:19,CRITICAL,AR,JUN,PHYSICAL PORT DOWN,2025-10-25 11:39:49,2025-10-25 11:39:49,4590.291666666667,1.0,unknown,unknown,unknown,unknown,NORMAL,link_down,0.76
alarm_02180,2026-05-04 17:57:19,CRITICAL,AR,LAL,PHYSICAL PORT DOWN,2025-10-25 11:47:43,2025-10-25 11:47:43,4590.16,1.0,unknown,unknown,unknown,unknown,NORMAL,link_down,0.76
alarm_02181,2026-05-04 17:57:19,CRITICAL,AR,LAL,PHYSICAL PORT DOWN,2025-10-25 11:51:11,2025-10-25 11:51:11,4590.102222222222,1.0,unknown,unknown,unknown,unknown,NORMAL,link_down,0.76
alarm_02182,2026-05-04 17:57:19,CRITICAL,AR,LAM,THE DEVICE IS OFFLINE,2025-10-27 03:47:29,2025-10-27 03:47:29,4550.163888888889,1.0,unknown,unknown,unknown,unknown,NORMAL,other,0.66
alarm_02183,2026-05-04 17:57:19,CRITICAL,AG,MAD,PHYSICAL PORT DOWN,2025-10-28 04:42:55,2025-10-28 04:42:55,4525.24,1.0,unknown,unknown,unknown,unknown,NORMAL,link_down,0.76
alarm_02184,2026-05-04 17:57:19,CRITICAL,AR,MAD,PHYSICAL PORT DOWN,2025-10-28 04:42:58,2025-10-28 04:42:58,4525.239166666666,1.0,unknown,unknown,unknown,unknown,NORMAL,link_down,0.76
alarm_02185,2026-05-04 17:57:19,CRITICAL,AG,LAM,PHYSICAL PORT DOWN,2025-10-28 10:37:36,2025-10-28 10:37:36,4519.328611111111,1.0,unknown,unknown,unknown,unknown,NORMAL,link_down,0.76
alarm_02186,2026-05-04 17:57:19,CRITICAL,AR,LAM,PHYSICAL PORT DOWN,2025-10-28 12:54:50,2025-10-28 12:54:50,4517.041388888889,1.0,unknown,unknown,unknown,unknown,NORMAL,link_down,0.76
alarm_02187,2026-05-04 17:57:19,CRITICAL,AR,PIU,PHYSICAL PORT DOWN,2025-10-28 14:12:04,2025-10-28 14:12:04,4515.754166666667,1.0,unknown,unknown,unknown,unknown,NORMAL,link_down,0.76
alarm_02188,2026-05-04 17:57:19,CRITICAL,AG,LIP,PHYSICAL PORT DOWN,2025-10-28 18:38:33,2025-10-28 18:38:33,4511.312777777778,1.0,unknown,unknown,unknown,unknown,NORMAL,link_down,0.76
alarm_02189,2026-05-04 17:57:19,CRITICAL,AG,LIP,PHYSICAL PORT DOWN,2025-10-28 18:39:11,2025-10-28 18:39:11,4511.302222222223,1.0,unknown,unknown,unknown,unknown,NORMAL,link_down,0.76
alarm_02190,2026-05-04 17:57:19,CRITICAL,AR,CAJ,PHYSICAL PORT DOWN,2025-10-28 19:26:49,2025-10-28 19:26:49,4510.508333333333,1.0,unknown,unknown,unknown,unknown,NORMAL,link_down,0.76
alarm_02191,2026-05-04 17:57:19,CRITICAL,AG,LAM,PHYSICAL PORT DOWN,2025-10-29 16:01:02,2025-10-29 16:01:02,4489.938055555555,1.0,unknown,unknown,unknown,unknown,NORMAL,link_down,0.76
alarm_02192,2026-05-04 17:57:19,CRITICAL,AR,ANC,PHYSICAL PORT DOWN,2025-10-29 18:46:05,2025-10-29 18:46:05,4487.187222222222,1.0,unknown,unknown,unknown,unknown,NORMAL,link_down,0.76
alarm_02193,2026-05-04 17:57:19,CRITICAL,AR,ANC,PHYSICAL PORT DOWN,2025-10-29 19:39:53,2025-10-29 19:39:53,4486.290555555555,1.0,unknown,unknown,unknown,unknown,NORMAL,link_down,0.76
alarm_02194,2026-05-04 17:57:19,CRITICAL,AR,ANC,PHYSICAL PORT DOWN,2025-10-29 20:39:49,2025-10-29 20:39:49,4485.291666666667,1.0,unknown,unknown,unknown,unknown,NORMAL,link_down,0.76
alarm_02195,2026-05-04 17:57:19,CRITICAL,CA,SOU,PHYSICAL PORT DOWN,2025-10-30 01:44:25,2025-10-30 01:44:25,4480.215,1.0,unknown,unknown,unknown,unknown,NORMAL,link_down,0.76
alarm_02196,2026-05-04 17:57:19,CRITICAL,CA,SOU,PHYSICAL PORT DOWN,2025-10-30 01:44:25,2025-10-30 01:44:25,4480.215,1.0,unknown,unknown,unknown,unknown,NORMAL,link_down,0.76
alarm_02197,2026-05-04 17:57:19,CRITICAL,CA,SOU,PHYSICAL PORT DOWN,2025-10-30 01:44:30,2025-10-30 01:44:30,4480.213611111111,1.0,unknown,unknown,unknown,unknown,NORMAL,link_down,0.76
alarm_02198,2026-05-04 17:57:19,CRITICAL,CA,SOU,PHYSICAL PORT DOWN,2025-10-30 01:44:30,2025-10-30 01:44:30,4480.213611111111,1.0,unknown,unknown,unknown,unknown,NORMAL,link_down,0.76
alarm_02199,2026-05-04 17:57:19,CRITICAL,CA,SOU,PHYSICAL PORT DOWN,2025-10-30 01:44:33,2025-10-30 01:44:33,4480.212777777778,1.0,unknown,unknown,unknown,unknown,NORMAL,link_down,0.76
alarm_02200,2026-05-04 17:57:19,CRITICAL,CA,SOU,PHYSICAL PORT DOWN,2025-10-30 01:44:33,2025-10-30 01:44:33,4480.212777777778,1.0,unknown,unknown,unknown,unknown,NORMAL,link_down,0.76
alarm_02201,2026-05-04 17:57:19,CRITICAL,CA,SOU,PHYSICAL PORT DOWN,2025-10-30 01:44:36,2025-10-30 01:44:36,4480.211944444444,1.0,unknown,unknown,unknown,unknown,NORMAL,link_down,0.76
alarm_02202,2026-05-04 17:57:19,CRITICAL,CA,SOU,PHYSICAL PORT DOWN,2025-10-30 01:44:36,2025-10-30 01:44:36,4480.211944444444,1.0,unknown,unknown,unknown,unknown,NORMAL,link_down,0.76
alarm_02203,2026-05-04 17:57:19,CRITICAL,CA,SOU,THE DEVICE IS OFFLINE,2025-10-30 01:44:58,2025-10-30 01:44:58,4480.205833333333,1.0,unknown,unknown,unknown,unknown,NORMAL,other,0.66
alarm_02204,2026-05-04 17:57:19,CRITICAL,CA,SOU,THE DEVICE IS OFFLINE,2025-10-30 01:51:31,2025-10-30 01:51:31,4480.096666666666,1.0,unknown,unknown,unknown,unknown,NORMAL,other,0.66
alarm_02205,2026-05-04 17:57:19,CRITICAL,AR,LOR,PHYSICAL PORT DOWN,2025-10-30 12:36:45,2025-10-30 12:36:45,4469.342777777778,1.0,unknown,unknown,unknown,unknown,NORMAL,link_down,0.76
alarm_02206,2026-05-04 17:57:19,CRITICAL,AR,LOR,PHYSICAL PORT DOWN,2025-10-30 12:40:40,2025-10-30 12:40:40,4469.2775,1.0,unknown,unknown,unknown,unknown,NORMAL,link_down,0.76
alarm_02207,2026-05-04 17:57:19,CRITICAL,AR,LIC,PHYSICAL PORT DOWN,2025-10-30 17:43:30,2025-10-30 17:43:30,4464.230277777778,1.0,unknown,unknown,unknown,unknown,NORMAL,link_down,0.76
alarm_02208,2026-05-04 17:57:19,CRITICAL,AR,ANC,PHYSICAL PORT DOWN,2025-10-31 12:01:33,2025-10-31 12:01:33,4445.929444444444,1.0,unknown,unknown,unknown,unknown,NORMAL,link_down,0.76
alarm_02209,2026-05-04 17:57:19,CRITICAL,AR,LIC,PHYSICAL PORT DOWN,2025-10-31 14:00:12,2025-10-31 14:00:12,4443.951944444444,1.0,unknown,unknown,unknown,unknown,NORMAL,link_down,0.76
alarm_02210,2026-05-04 17:57:19,CRITICAL,AG,TAC,PHYSICAL PORT DOWN,2025-10-31 14:21:08,2025-10-31 14:21:08,4443.603055555555,1.0,unknown,unknown,unknown,unknown,NORMAL,link_down,0.76
alarm_02211,2026-05-04 17:57:19,CRITICAL,CP,ARE,PHYSICAL PORT DOWN,2025-11-01 01:18:51,2025-11-01 01:18:51,4432.641111111111,1.0,unknown,unknown,unknown,unknown,NORMAL,link_down,0.76
alarm_02212,2026-05-04 17:57:19,CRITICAL,CP,ARE,PHYSICAL PORT DOWN,2025-11-01 01:18:51,2025-11-01 01:18:51,4432.641111111111,1.0,unknown,unknown,unknown,unknown,NORMAL,link_down,0.76
alarm_02213,2026-05-04 17:57:19,CRITICAL,AR,LOR,PHYSICAL PORT DOWN,2025-11-03 10:33:19,2025-11-03 10:33:19,4375.4,1.0,unknown,unknown,unknown,unknown,NORMAL,link_down,0.76
alarm_02214,2026-05-04 17:57:19,CRITICAL,AR,CUS,PHYSICAL PORT DOWN,2025-11-03 12:15:19,2025-11-03 12:15:19,4373.7,1.0,unknown,unknown,unknown,unknown,NORMAL,link_down,0.76
alarm_02215,2026-05-04 17:57:19,CRITICAL,AR,CAJ,PHYSICAL PORT DOWN,2025-11-03 12:48:41,2025-11-03 12:48:41,4373.143888888889,1.0,unknown,unknown,unknown,unknown,NORMAL,link_down,0.76
alarm_02216,2026-05-04 17:57:19,CRITICAL,AG,PIU,PHYSICAL PORT DOWN,2025-11-04 11:12:59,2025-11-04 11:12:59,4350.738888888889,1.0,unknown,unknown,unknown,unknown,NORMAL,link_down,0.76
alarm_02217,2026-05-04 17:57:19,CRITICAL,AR,LIC,PHYSICAL PORT DOWN,2025-11-04 16:50:14,2025-11-04 16:50:14,4345.118055555556,1.0,unknown,unknown,unknown,unknown,NORMAL,link_down,0.76
alarm_02218,2026-05-04 17:57:19,CRITICAL,AR,CAJ,PHYSICAL PORT DOWN,2025-11-04 18:18:20,2025-11-04 18:18:20,4343.649722222222,1.0,unknown,unknown,unknown,unknown,NORMAL,link_down,0.76
alarm_02219,2026-05-04 17:57:19,CRITICAL,AG,LAL,PHYSICAL PORT DOWN,2025-11-05 00:40:25,2025-11-05 00:40:25,4337.281666666667,1.0,unknown,unknown,unknown,unknown,NORMAL,link_down,0.76
alarm_02220,2026-05-04 17:57:19,CRITICAL,AG,LAL,PHYSICAL PORT DOWN,2025-11-05 00:40:33,2025-11-05 00:40:33,4337.279444444444,1.0,unknown,unknown,unknown,unknown,NORMAL,link_down,0.76
alarm_02221,2026-05-04 17:57:19,CRITICAL,AR,CUS,PHYSICAL PORT DOWN,2025-11-06 12:43:51,2025-11-06 12:43:51,4301.224444444444,1.0,unknown,unknown,unknown,unknown,NORMAL,link_down,0.76
alarm_02222,2026-05-04 17:57:19,CRITICAL,AG,LIC,PHYSICAL PORT DOWN,2025-11-06 14:02:41,2025-11-06 14:02:41,4299.910555555555,1.0,unknown,unknown,unknown,unknown,NORMAL,link_down,0.76
alarm_02223,2026-05-04 17:57:19,CRITICAL,AR,ANC,PHYSICAL PORT DOWN,2025-11-07 13:39:00,2025-11-07 13:39:00,4276.3052777777775,1.0,unknown,unknown,unknown,unknown,NORMAL,link_down,0.76
alarm_02224,2026-05-04 17:57:19,CRITICAL,AR,ANC,PHYSICAL PORT DOWN,2025-11-07 13:39:00,2025-11-07 13:39:00,4276.3052777777775,1.0,unknown,unknown,unknown,unknown,NORMAL,link_down,0.76
alarm_02225,2026-05-04 17:57:19,CRITICAL,AR,PAS,PHYSICAL PORT DOWN,2025-11-07 15:14:42,2025-11-07 15:14:42,4274.710277777778,1.0,unknown,unknown,unknown,unknown,NORMAL,link_down,0.76
alarm_02226,2026-05-04 17:57:19,CRITICAL,AR,CUS,PHYSICAL PORT DOWN,2025-11-07 17:51:25,2025-11-07 17:51:25,4272.098333333333,1.0,unknown,unknown,unknown,unknown,NORMAL,link_down,0.76
alarm_02227,2026-05-04 17:57:19,CRITICAL,AR,LIC,PHYSICAL PORT DOWN,2025-11-07 18:03:23,2025-11-07 18:03:23,4271.898888888889,1.0,unknown,unknown,unknown,unknown,NORMAL,link_down,0.76
alarm_02228,2026-05-04 17:57:19,CRITICAL,AR,LAL,PHYSICAL PORT DOWN,2025-11-07 18:14:30,2025-11-07 18:14:30,4271.713611111111,1.0,unknown,unknown,unknown,unknown,NORMAL,link_down,0.76
alarm_02229,2026-05-04 17:57:19,CRITICAL,AG,ANC,PHYSICAL PORT DOWN,2025-11-08 12:38:50,2025-11-08 12:38:50,4253.308055555555,1.0,unknown,unknown,unknown,unknown,NORMAL,link_down,0.76
alarm_02230,2026-05-04 17:57:19,CRITICAL,AR,LIC,PHYSICAL PORT DOWN,2025-11-10 10:36:52,2025-11-10 10:36:52,4207.340833333334,1.0,unknown,unknown,unknown,unknown,NORMAL,link_down,0.76
alarm_02231,2026-05-04 17:57:19,CRITICAL,AG,JUN,PHYSICAL PORT DOWN,2025-11-10 16:05:17,2025-11-10 16:05:17,4201.867222222222,1.0,unknown,unknown,unknown,unknown,NORMAL,link_down,0.76
alarm_02232,2026-05-04 17:57:19,CRITICAL,AG,JUN,PHYSICAL PORT DOWN,2025-11-10 16:05:17,2025-11-10 16:05:17,4201.867222222222,1.0,unknown,unknown,unknown,unknown,NORMAL,link_down,0.76
alarm_02233,2026-05-04 17:57:19,CRITICAL,AG,JUN,BOARD INVALID,2025-11-10 20:15:28,2025-11-10 20:15:28,4197.6975,1.0,unknown,unknown,unknown,unknown,NORMAL,other,0.66
alarm_02234,2026-05-04 17:57:19,CRITICAL,AG,JUN,BOARD INVALID,2025-11-10 20:33:33,2025-11-10 20:33:33,4197.396111111111,1.0,unknown,unknown,unknown,unknown,NORMAL,other,0.66
alarm_02235,2026-05-04 17:57:19,CRITICAL,AR,LAM,PHYSICAL PORT DOWN,2025-11-11 15:18:13,2025-11-11 15:18:13,4178.651666666667,1.0,unknown,unknown,unknown,unknown,NORMAL,link_down,0.76
alarm_02236,2026-05-04 17:57:19,CRITICAL,CA,NOR,PHYSICAL PORT DOWN,2025-11-12 00:38:12,2025-11-12 00:38:12,4169.318611111111,1.0,unknown,unknown,unknown,unknown,NORMAL,link_down,0.76
alarm_02237,2026-05-04 17:57:19,CRITICAL,AG,HUN,PHYSICAL PORT DOWN,2025-11-12 08:54:50,2025-11-12 08:54:50,4161.041388888889,1.0,unknown,unknown,unknown,unknown,NORMAL,link_down,0.76
alarm_02238,2026-05-04 17:57:19,CRITICAL,AR,PIU,PHYSICAL PORT DOWN,2025-11-13 08:29:36,2025-11-13 08:29:36,4137.461944444444,1.0,unknown,unknown,unknown,unknown,NORMAL,link_down,0.76
alarm_02239,2026-05-04 17:57:19,CRITICAL,AG,LIC,PHYSICAL PORT DOWN,2025-11-13 08:48:41,2025-11-13 08:48:41,4137.143888888889,1.0,unknown,unknown,unknown,unknown,NORMAL,link_down,0.76
alarm_02240,2026-05-04 17:57:19,CRITICAL,AR,PUN,PHYSICAL PORT DOWN,2025-11-13 12:23:44,2025-11-13 12:23:44,4133.559722222222,1.0,unknown,unknown,unknown,unknown,NORMAL,link_down,0.76
alarm_02241,2026-05-04 17:57:19,CRITICAL,AR,PUN,PHYSICAL PORT DOWN,2025-11-13 12:28:10,2025-11-13 12:28:10,4133.485833333333,1.0,unknown,unknown,unknown,unknown,NORMAL,link_down,0.76
alarm_02242,2026-05-04 17:57:19,CRITICAL,AR,LIC,PHYSICAL PORT DOWN,2025-11-13 18:26:06,2025-11-13 18:26:06,4127.520277777778,1.0,unknown,unknown,unknown,unknown,NORMAL,link_down,0.76
alarm_02243,2026-05-04 17:57:19,CRITICAL,AR,LOR,PHYSICAL PORT DOWN,2025-11-13 18:47:20,2025-11-13 18:47:20,4127.166388888889,1.0,unknown,unknown,unknown,unknown,NORMAL,link_down,0.76
alarm_02244,2026-05-04 17:57:19,CRITICAL,AR,LOR,PHYSICAL PORT DOWN,2025-11-13 18:48:44,2025-11-13 18:48:44,4127.143055555555,1.0,unknown,unknown,unknown,unknown,NORMAL,link_down,0.76
alarm_02245,2026-05-04 17:57:19,CRITICAL,AR,MAD,PHYSICAL PORT DOWN,2025-11-14 02:40:44,2025-11-14 02:40:44,4119.2763888888885,1.0,unknown,unknown,unknown,unknown,NORMAL,link_down,0.76
alarm_02246,2026-05-04 17:57:19,CRITICAL,AR,LOR,PHYSICAL PORT DOWN,2025-11-14 10:30:07,2025-11-14 10:30:07,4111.453333333333,1.0,unknown,unknown,unknown,unknown,NORMAL,link_down,0.76
alarm_02247,2026-05-04 17:57:19,CRITICAL,AR,LIC,PHYSICAL PORT DOWN,2025-11-15 17:28:27,2025-11-15 17:28:27,4080.481111111111,1.0,unknown,unknown,unknown,unknown,NORMAL,link_down,0.76
alarm_02248,2026-05-04 17:57:19,CRITICAL,AR,ANC,PHYSICAL PORT DOWN,2025-11-17 17:31:12,2025-11-17 17:31:12,4032.4352777777776,1.0,unknown,unknown,unknown,unknown,NORMAL,link_down,0.76
alarm_02249,2026-05-04 17:57:19,CRITICAL,AR,LIP,PHYSICAL PORT DOWN,2025-11-17 17:57:15,2025-11-17 17:57:15,4032.001111111111,1.0,unknown,unknown,unknown,unknown,NORMAL,link_down,0.76
alarm_02250,2026-05-04 17:57:19,CRITICAL,AG,UNKNOWN,PHYSICAL PORT DOWN,2025-11-18 10:26:50,2025-11-18 10:26:50,4015.5080555555555,1.0,unknown,unknown,unknown,unknown,NORMAL,link_down,0.76
alarm_02251,2026-05-04 17:57:19,CRITICAL,AR,JUN,PHYSICAL PORT DOWN,2025-11-18 14:49:08,2025-11-18 14:49:08,4011.136388888889,1.0,unknown,unknown,unknown,unknown,NORMAL,link_down,0.76
alarm_02252,2026-05-04 17:57:19,CRITICAL,AR,ARE,PHYSICAL PORT DOWN,2025-11-18 17:15:07,2025-11-18 17:15:07,4008.7033333333334,1.0,unknown,unknown,unknown,unknown,NORMAL,link_down,0.76
alarm_02253,2026-05-04 17:57:19,CRITICAL,AR,PUN,PHYSICAL PORT DOWN,2025-11-18 17:38:38,2025-11-18 17:38:38,4008.311388888889,1.0,unknown,unknown,unknown,unknown,NORMAL,link_down,0.76
alarm_02254,2026-05-04 17:57:19,CRITICAL,AG,TAC,PHYSICAL PORT DOWN,2025-11-19 12:43:09,2025-11-19 12:43:09,3989.2361111111113,1.0,unknown,unknown,unknown,unknown,NORMAL,link_down,0.76
alarm_02255,2026-05-04 17:57:19,CRITICAL,AG,TAC,PHYSICAL PORT DOWN,2025-11-19 12:43:32,2025-11-19 12:43:32,3989.2297222222223,1.0,unknown,unknown,unknown,unknown,NORMAL,link_down,0.76
alarm_02256,2026-05-04 17:57:19,CRITICAL,AG,TAC,PHYSICAL PORT DOWN,2025-11-19 13:10:41,2025-11-19 13:10:41,3988.777222222222,1.0,unknown,unknown,unknown,unknown,NORMAL,link_down,0.76
alarm_02257,2026-05-04 17:57:19,CRITICAL,AG,TAC,PHYSICAL PORT DOWN,2025-11-19 13:10:46,2025-11-19 13:10:46,3988.775833333333,1.0,unknown,unknown,unknown,unknown,NORMAL,link_down,0.76
alarm_02258,2026-05-04 17:57:19,CRITICAL,AR,MOQ,PHYSICAL PORT DOWN,2025-11-19 16:34:50,2025-11-19 16:34:50,3985.3747222222223,1.0,unknown,unknown,unknown,unknown,NORMAL,link_down,0.76
alarm_02259,2026-05-04 17:57:19,CRITICAL,AG,HUC,PHYSICAL PORT DOWN,2025-11-19 17:10:23,2025-11-19 17:10:23,3984.782222222222,1.0,unknown,unknown,unknown,unknown,NORMAL,link_down,0.76
alarm_02260,2026-05-04 17:57:19,CRITICAL,AG,TAC,PHYSICAL PORT DOWN,2025-11-19 18:34:16,2025-11-19 18:34:16,3983.3841666666667,1.0,unknown,unknown,unknown,unknown,NORMAL,link_down,0.76
alarm_02261,2026-05-04 17:57:19,CRITICAL,AG,TAC,PHYSICAL PORT DOWN,2025-11-19 18:39:25,2025-11-19 18:39:25,3983.298333333333,1.0,unknown,unknown,unknown,unknown,NORMAL,link_down,0.76
alarm_02262,2026-05-04 17:57:19,CRITICAL,AR,HUC,PHYSICAL PORT DOWN,2025-11-19 18:53:36,2025-11-19 18:53:36,3983.0619444444446,1.0,unknown,unknown,unknown,unknown,NORMAL,link_down,0.76
alarm_02263,2026-05-04 17:57:19,CRITICAL,AG,JUN,PHYSICAL PORT DOWN,2025-11-19 19:24:57,2025-11-19 19:24:57,3982.5394444444446,1.0,unknown,unknown,unknown,unknown,NORMAL,link_down,0.76
alarm_02264,2026-05-04 17:57:19,CRITICAL,CA,NOR,PHYSICAL PORT DOWN,2025-11-20 03:11:16,2025-11-20 03:11:16,3974.7675,1.0,unknown,unknown,unknown,unknown,NORMAL,link_down,0.76
alarm_02265,2026-05-04 17:57:19,CRITICAL,AR,JUN,PHYSICAL PORT DOWN,2025-11-20 13:54:39,2025-11-20 13:54:39,3964.0444444444443,1.0,unknown,unknown,unknown,unknown,NORMAL,link_down,0.76
alarm_02266,2026-05-04 17:57:19,CRITICAL,AG,LAL,PHYSICAL PORT DOWN,2025-11-20 19:13:02,2025-11-20 19:13:02,3958.7380555555555,1.0,unknown,unknown,unknown,unknown,NORMAL,link_down,0.76
alarm_02267,2026-05-04 17:57:19,CRITICAL,AG,LIC,PHYSICAL PORT DOWN,2025-11-20 23:01:55,2025-11-20 23:01:55,3954.923333333333,1.0,unknown,unknown,unknown,unknown,NORMAL,link_down,0.76
alarm_02268,2026-05-04 17:57:19,CRITICAL,AG,LIC,PHYSICAL PORT DOWN,2025-11-20 23:02:06,2025-11-20 23:02:06,3954.9202777777778,1.0,unknown,unknown,unknown,unknown,NORMAL,link_down,0.76
alarm_02269,2026-05-04 17:57:19,CRITICAL,AR,LIC,PHYSICAL PORT DOWN,2025-11-21 11:11:43,2025-11-21 11:11:43,3942.76,1.0,unknown,unknown,unknown,unknown,NORMAL,link_down,0.76
alarm_02270,2026-05-04 17:57:19,CRITICAL,AR,LIC,PHYSICAL PORT DOWN,2025-11-21 11:28:40,2025-11-21 11:28:40,3942.4775,1.0,unknown,unknown,unknown,unknown,NORMAL,link_down,0.76
alarm_02271,2026-05-04 17:57:19,CRITICAL,AR,JUN,PHYSICAL PORT DOWN,2025-11-21 15:39:59,2025-11-21 15:39:59,3938.288888888889,1.0,unknown,unknown,unknown,unknown,NORMAL,link_down,0.76
alarm_02272,2026-05-04 17:57:19,CRITICAL,AR,LIC,PHYSICAL PORT DOWN,2025-11-21 17:18:55,2025-11-21 17:18:55,3936.64,1.0,unknown,unknown,unknown,unknown,NORMAL,link_down,0.76
alarm_02273,2026-05-04 17:57:19,CRITICAL,AR,LAL,PHYSICAL PORT DOWN,2025-11-21 19:10:28,2025-11-21 19:10:28,3934.7808333333332,1.0,unknown,unknown,unknown,unknown,NORMAL,link_down,0.76
alarm_02274,2026-05-04 17:57:19,CRITICAL,AR,LAM,PHYSICAL PORT DOWN,2025-11-24 11:38:08,2025-11-24 11:38:08,3870.319722222222,1.0,unknown,unknown,unknown,unknown,NORMAL,link_down,0.76
alarm_02275,2026-05-04 17:57:19,CRITICAL,AR,LAM,PHYSICAL PORT DOWN,2025-11-25 15:53:30,2025-11-25 15:53:30,3842.063611111111,1.0,unknown,unknown,unknown,unknown,NORMAL,link_down,0.76
alarm_02276,2026-05-04 17:57:19,CRITICAL,CP,HUN,PHYSICAL PORT DOWN,2025-11-25 16:54:12,2025-11-25 16:54:12,3841.0519444444444,1.0,unknown,unknown,unknown,unknown,NORMAL,link_down,0.76
alarm_02277,2026-05-04 17:57:19,CRITICAL,AG,CAL,PHYSICAL PORT DOWN,2025-11-26 05:00:45,2025-11-26 05:00:45,3828.942777777778,1.0,unknown,unknown,unknown,unknown,NORMAL,link_down,0.76
alarm_02278,2026-05-04 17:57:19,CRITICAL,AG,SAN,PHYSICAL PORT DOWN,2025-11-26 08:57:44,2025-11-26 08:57:44,3824.9930555555557,1.0,unknown,unknown,unknown,unknown,NORMAL,link_down,0.76
alarm_02279,2026-05-04 17:57:19,CRITICAL,AG,SAN,PHYSICAL PORT DOWN,2025-11-26 08:57:44,2025-11-26 08:57:44,3824.9930555555557,1.0,unknown,unknown,unknown,unknown,NORMAL,link_down,0.76
alarm_02280,2026-05-04 17:57:19,CRITICAL,AR,LIC,PHYSICAL PORT DOWN,2025-11-26 12:14:36,2025-11-26 12:14:36,3821.7119444444443,1.0,unknown,unknown,unknown,unknown,NORMAL,link_down,0.76
alarm_02281,2026-05-04 17:57:19,CRITICAL,AR,CAJ,PHYSICAL PORT DOWN,2025-11-26 16:01:25,2025-11-26 16:01:25,3817.931666666667,1.0,unknown,unknown,unknown,unknown,NORMAL,link_down,0.76
alarm_02282,2026-05-04 17:57:19,CRITICAL,AG,SAN,PHYSICAL PORT DOWN,2025-11-26 18:18:07,2025-11-26 18:18:07,3815.653333333333,1.0,unknown,unknown,unknown,unknown,NORMAL,link_down,0.76
alarm_02283,2026-05-04 17:57:19,CRITICAL,AR,CAJ,PHYSICAL PORT DOWN,2025-11-27 08:23:26,2025-11-27 08:23:26,3801.5647222222224,1.0,unknown,unknown,unknown,unknown,NORMAL,link_down,0.76
alarm_02284,2026-05-04 17:57:19,CRITICAL,AR,CAJ,PHYSICAL PORT DOWN,2025-11-27 08:23:26,2025-11-27 08:23:26,3801.5647222222224,1.0,unknown,unknown,unknown,unknown,NORMAL,link_down,0.76
alarm_02285,2026-05-04 17:57:19,CRITICAL,AR,AMA,THE DEVICE IS OFFLINE,2025-11-27 14:39:29,2025-11-27 14:39:29,3795.2972222222224,1.0,unknown,unknown,unknown,unknown,NORMAL,other,0.66
alarm_02286,2026-05-04 17:57:19,CRITICAL,AG,ICA,PHYSICAL PORT DOWN,2025-11-27 16:37:27,2025-11-27 16:37:27,3793.331111111111,1.0,unknown,unknown,unknown,unknown,NORMAL,link_down,0.76
alarm_02287,2026-05-04 17:57:19,CRITICAL,AG,ICA,PHYSICAL PORT DOWN,2025-11-27 16:37:27,2025-11-27 16:37:27,3793.331111111111,1.0,unknown,unknown,unknown,unknown,NORMAL,link_down,0.76
alarm_02288,2026-05-04 17:57:19,CRITICAL,AG,SAN,PHYSICAL PORT DOWN,2025-11-27 19:32:22,2025-11-27 19:32:22,3790.4158333333335,1.0,unknown,unknown,unknown,unknown,NORMAL,link_down,0.76
alarm_02289,2026-05-04 17:57:19,CRITICAL,AR,ICA,PHYSICAL PORT DOWN,2025-11-28 10:52:47,2025-11-28 10:52:47,3775.0755555555556,1.0,unknown,unknown,unknown,unknown,NORMAL,link_down,0.76
alarm_02290,2026-05-04 17:57:19,CRITICAL,AG,ICA,PHYSICAL PORT DOWN,2025-11-28 12:02:18,2025-11-28 12:02:18,3773.9169444444447,1.0,unknown,unknown,unknown,unknown,NORMAL,link_down,0.76
alarm_02291,2026-05-04 17:57:19,CRITICAL,AR,CUS,PHYSICAL PORT DOWN,2025-11-28 13:38:23,2025-11-28 13:38:23,3772.3155555555554,1.0,unknown,unknown,unknown,unknown,NORMAL,link_down,0.76
alarm_02292,2026-05-04 17:57:19,CRITICAL,AR,LIC,PHYSICAL PORT DOWN,2025-11-28 14:13:50,2025-11-28 14:13:50,3771.724722222222,1.0,unknown,unknown,unknown,unknown,NORMAL,link_down,0.76
alarm_02293,2026-05-04 17:57:19,CRITICAL,AR,HUC,PHYSICAL PORT DOWN,2025-11-28 16:02:05,2025-11-28 16:02:05,3769.9205555555554,1.0,unknown,unknown,unknown,ACKNOWLEDGED,NORMAL,link_down,0.76
alarm_02294,2026-05-04 17:57:19,CRITICAL,AR,LOR,PHYSICAL PORT DOWN,2025-11-29 18:08:22,2025-11-29 18:08:22,3743.8158333333336,1.0,unknown,unknown,unknown,unknown,NORMAL,link_down,0.76
alarm_02295,2026-05-04 17:57:19,CRITICAL,AR,LOR,PHYSICAL PORT DOWN,2025-11-30 11:36:56,2025-11-30 11:36:56,3726.339722222222,1.0,unknown,unknown,unknown,unknown,NORMAL,link_down,0.76
alarm_02296,2026-05-04 17:57:19,CRITICAL,CP,HUN,PHYSICAL PORT DOWN,2025-12-01 09:38:13,2025-12-01 09:38:13,3704.318333333333,1.0,unknown,unknown,unknown,unknown,NORMAL,link_down,0.76
alarm_02297,2026-05-04 17:57:19,CRITICAL,AG,LAM,PHYSICAL PORT DOWN,2025-12-01 10:19:41,2025-12-01 10:19:41,3703.6272222222224,1.0,unknown,unknown,unknown,unknown,NORMAL,link_down,0.76
alarm_02298,2026-05-04 17:57:19,CRITICAL,AR,LAM,PHYSICAL PORT DOWN,2025-12-01 13:07:34,2025-12-01 13:07:34,3700.829166666667,1.0,unknown,unknown,unknown,unknown,NORMAL,link_down,0.76
alarm_02299,2026-05-04 17:57:19,CRITICAL,AG,LAM,PHYSICAL PORT DOWN,2025-12-01 16:18:13,2025-12-01 16:18:13,3697.6516666666666,1.0,unknown,unknown,unknown,unknown,NORMAL,link_down,0.76
alarm_02300,2026-05-04 17:57:19,CRITICAL,AR,LAM,PHYSICAL PORT DOWN,2025-12-01 16:38:32,2025-12-01 16:38:32,3697.3130555555554,1.0,unknown,unknown,unknown,unknown,NORMAL,link_down,0.76
alarm_02301,2026-05-04 17:57:19,CRITICAL,AG,LAM,PHYSICAL PORT DOWN,2025-12-01 16:39:51,2025-12-01 16:39:51,3697.291111111111,1.0,unknown,unknown,unknown,unknown,NORMAL,link_down,0.76
alarm_02302,2026-05-04 17:57:19,CRITICAL,AG,APU,PHYSICAL PORT DOWN,2025-12-02 12:23:32,2025-12-02 12:23:32,3677.5630555555554,1.0,unknown,unknown,unknown,unknown,NORMAL,link_down,0.76
alarm_02303,2026-05-04 17:57:19,CRITICAL,AG,MOQ,PHYSICAL PORT DOWN,2025-12-02 12:44:09,2025-12-02 12:44:09,3677.2194444444444,1.0,unknown,unknown,unknown,unknown,NORMAL,link_down,0.76
alarm_02304,2026-05-04 17:57:19,CRITICAL,AG,PIU,PHYSICAL PORT DOWN,2025-12-02 13:21:01,2025-12-02 13:21:01,3676.605,1.0,unknown,unknown,unknown,unknown,NORMAL,link_down,0.76
alarm_02305,2026-05-04 17:57:19,CRITICAL,AG,PIU,BOARD INVALID,2025-12-02 13:23:26,2025-12-02 13:23:26,3676.5647222222224,1.0,unknown,unknown,unknown,unknown,NORMAL,other,0.66
alarm_02306,2026-05-04 17:57:19,CRITICAL,AG,PIU,BOARD INVALID,2025-12-02 13:23:26,2025-12-02 13:23:26,3676.5647222222224,1.0,unknown,unknown,unknown,unknown,NORMAL,other,0.66
alarm_02307,2026-05-04 17:57:19,CRITICAL,AG,CAL,PHYSICAL PORT DOWN,2025-12-02 17:49:46,2025-12-02 17:49:46,3672.1258333333335,1.0,unknown,unknown,unknown,unknown,NORMAL,link_down,0.76
alarm_02308,2026-05-04 17:57:19,CRITICAL,AR,MAD,PHYSICAL PORT DOWN,2025-12-03 08:14:45,2025-12-03 08:14:45,3657.7094444444447,1.0,unknown,unknown,unknown,unknown,NORMAL,link_down,0.76
alarm_02309,2026-05-04 17:57:19,CRITICAL,AG,LIC,PHYSICAL PORT DOWN,2025-12-03 10:59:08,2025-12-03 10:59:08,3654.969722222222,1.0,unknown,unknown,unknown,unknown,NORMAL,link_down,0.76
alarm_02310,2026-05-04 17:57:19,CRITICAL,AR,LIC,PHYSICAL PORT DOWN,2025-12-03 23:19:40,2025-12-03 23:19:40,3642.6275,1.0,unknown,unknown,unknown,unknown,NORMAL,link_down,0.76
alarm_02311,2026-05-04 17:57:19,CRITICAL,AR,AYA,PHYSICAL PORT DOWN,2025-12-04 10:17:54,2025-12-04 10:17:54,3631.6569444444444,1.0,unknown,unknown,unknown,unknown,NORMAL,link_down,0.76
alarm_02312,2026-05-04 17:57:19,CRITICAL,AR,AYA,PHYSICAL PORT DOWN,2025-12-04 10:19:14,2025-12-04 10:19:14,3631.634722222222,1.0,unknown,unknown,unknown,unknown,NORMAL,link_down,0.76
alarm_02313,2026-05-04 17:57:19,CRITICAL,AR,CUS,PHYSICAL PORT DOWN,2025-12-04 12:14:54,2025-12-04 12:14:54,3629.7069444444446,1.0,unknown,unknown,unknown,unknown,NORMAL,link_down,0.76
alarm_02314,2026-05-04 17:57:19,CRITICAL,AR,AYA,PHYSICAL PORT DOWN,2025-12-04 15:11:25,2025-12-04 15:11:25,3626.765,1.0,unknown,unknown,unknown,unknown,NORMAL,link_down,0.76
alarm_02315,2026-05-04 17:57:19,CRITICAL,AG,JUN,PHYSICAL PORT DOWN,2025-12-04 16:33:50,2025-12-04 16:33:50,3625.3913888888887,1.0,unknown,unknown,unknown,unknown,NORMAL,link_down,0.76
alarm_02316,2026-05-04 17:57:19,CRITICAL,CA,NOR,PHYSICAL PORT DOWN,2025-12-04 16:46:30,2025-12-04 16:46:30,3625.180277777778,1.0,unknown,unknown,unknown,unknown,NORMAL,link_down,0.76
alarm_02317,2026-05-04 17:57:19,CRITICAL,AR,LOR,PHYSICAL PORT DOWN,2025-12-05 17:36:13,2025-12-05 17:36:13,3600.3516666666665,1.0,unknown,unknown,unknown,unknown,NORMAL,link_down,0.76
alarm_02318,2026-05-04 17:57:19,CRITICAL,AR,CAL,PHYSICAL PORT DOWN,2025-12-05 18:07:14,2025-12-05 18:07:14,3599.8347222222224,1.0,unknown,unknown,unknown,unknown,NORMAL,link_down,0.76
alarm_02319,2026-05-04 17:57:19,CRITICAL,AG,ARE,PHYSICAL PORT DOWN,2025-12-05 19:30:07,2025-12-05 19:30:07,3598.4533333333334,1.0,unknown,unknown,unknown,unknown,NORMAL,link_down,0.76
alarm_02320,2026-05-04 17:57:19,CRITICAL,AG,ARE,PHYSICAL PORT DOWN,2025-12-05 19:30:18,2025-12-05 19:30:18,3598.450277777778,1.0,unknown,unknown,unknown,unknown,NORMAL,link_down,0.76
alarm_02321,2026-05-04 17:57:19,CRITICAL,AR,CAJ,PHYSICAL PORT DOWN,2025-12-08 16:35:27,2025-12-08 16:35:27,3529.3644444444444,1.0,unknown,unknown,unknown,unknown,NORMAL,link_down,0.76
alarm_02322,2026-05-04 17:57:19,CRITICAL,AR,PIU,PHYSICAL PORT DOWN,2025-12-10 07:37:37,2025-12-10 07:37:37,3490.3283333333334,1.0,unknown,unknown,unknown,unknown,NORMAL,link_down,0.76
alarm_02323,2026-05-04 17:57:19,CRITICAL,AR,CUS,PHYSICAL PORT DOWN,2025-12-10 15:59:26,2025-12-10 15:59:26,3481.964722222222,1.0,unknown,unknown,unknown,unknown,NORMAL,link_down,0.76
alarm_02324,2026-05-04 17:57:19,CRITICAL,AR,CUS,PHYSICAL PORT DOWN,2025-12-10 15:59:52,2025-12-10 15:59:52,3481.9575,1.0,unknown,unknown,unknown,unknown,NORMAL,link_down,0.76
alarm_02325,2026-05-04 17:57:19,CRITICAL,AR,PUN,PHYSICAL PORT DOWN,2025-12-10 17:19:30,2025-12-10 17:19:30,3480.630277777778,1.0,unknown,unknown,unknown,unknown,NORMAL,link_down,0.76
alarm_02326,2026-05-04 17:57:19,CRITICAL,AR,LIC,PHYSICAL PORT DOWN,2025-12-11 18:19:50,2025-12-11 18:19:50,3455.6247222222223,1.0,unknown,unknown,unknown,unknown,NORMAL,link_down,0.76
alarm_02327,2026-05-04 17:57:19,CRITICAL,AR,PIU,PHYSICAL PORT DOWN,2025-12-12 15:16:59,2025-12-12 15:16:59,3434.6722222222224,1.0,unknown,unknown,unknown,unknown,NORMAL,link_down,0.76
alarm_02328,2026-05-04 17:57:19,CRITICAL,AR,SAN,PHYSICAL PORT DOWN,2025-12-12 16:49:54,2025-12-12 16:49:54,3433.123611111111,1.0,unknown,unknown,unknown,unknown,NORMAL,link_down,0.76
alarm_02329,2026-05-04 17:57:19,CRITICAL,AR,CAJ,PHYSICAL PORT DOWN,2025-12-13 00:33:46,2025-12-13 00:33:46,3425.3925,1.0,unknown,unknown,unknown,unknown,NORMAL,link_down,0.76
alarm_02330,2026-05-04 17:57:19,CRITICAL,CP,CAJ,PHYSICAL PORT DOWN,2025-12-13 00:36:23,2025-12-13 00:36:23,3425.3488888888887,1.0,unknown,unknown,unknown,unknown,NORMAL,link_down,0.76
alarm_02331,2026-05-04 17:57:19,CRITICAL,AR,AYA,PHYSICAL PORT DOWN,2025-12-13 13:40:17,2025-12-13 13:40:17,3412.2838888888887,1.0,unknown,unknown,unknown,unknown,NORMAL,link_down,0.76
alarm_02332,2026-05-04 17:57:19,CRITICAL,AR,PIU,THE DEVICE IS OFFLINE,2025-12-15 14:20:11,2025-12-15 14:20:11,3363.6188888888887,1.0,unknown,unknown,unknown,unknown,NORMAL,other,0.66
alarm_02333,2026-05-04 17:57:19,CRITICAL,AR,CUS,PHYSICAL PORT DOWN,2025-12-15 14:40:58,2025-12-15 14:40:58,3363.2725,1.0,unknown,unknown,unknown,unknown,NORMAL,link_down,0.76
alarm_02334,2026-05-04 17:57:19,CRITICAL,AR,LIC,PHYSICAL PORT DOWN,2025-12-15 15:24:01,2025-12-15 15:24:01,3362.555,1.0,unknown,unknown,unknown,unknown,NORMAL,link_down,0.76
alarm_02335,2026-05-04 17:57:19,CRITICAL,AG,ARE,PHYSICAL PORT DOWN,2025-12-17 11:42:23,2025-12-17 11:42:23,3318.248888888889,1.0,unknown,unknown,unknown,unknown,NORMAL,link_down,0.76
alarm_02336,2026-05-04 17:57:19,CRITICAL,AG,ARE,PHYSICAL PORT DOWN,2025-12-17 11:42:23,2025-12-17 11:42:23,3318.248888888889,1.0,unknown,unknown,unknown,unknown,NORMAL,link_down,0.76
alarm_02337,2026-05-04 17:57:19,CRITICAL,AG,SAN,PHYSICAL PORT DOWN,2025-12-17 12:00:07,2025-12-17 12:00:07,3317.9533333333334,1.0,unknown,unknown,unknown,unknown,NORMAL,link_down,0.76
alarm_02338,2026-05-04 17:57:19,CRITICAL,AR,LOR,PHYSICAL PORT DOWN,2025-12-17 17:57:20,2025-12-17 17:57:20,3311.9997222222223,1.0,unknown,unknown,unknown,unknown,NORMAL,link_down,0.76
alarm_02339,2026-05-04 17:57:19,CRITICAL,AR,PIU,PHYSICAL PORT DOWN,2025-12-18 11:45:25,2025-12-18 11:45:25,3294.1983333333333,1.0,unknown,unknown,unknown,unknown,NORMAL,link_down,0.76
alarm_02340,2026-05-04 17:57:19,CRITICAL,AR,PIU,THE DEVICE IS OFFLINE,2025-12-18 12:12:45,2025-12-18 12:12:45,3293.742777777778,1.0,unknown,unknown,unknown,unknown,NORMAL,other,0.66
alarm_02341,2026-05-04 17:57:19,CRITICAL,AG,ICA,BOARD INVALID,2025-12-18 15:13:42,2025-12-18 15:13:42,3290.7269444444446,1.0,unknown,unknown,unknown,unknown,NORMAL,other,0.66
alarm_02342,2026-05-04 17:57:19,CRITICAL,AG,ICA,BOARD INVALID,2025-12-18 15:27:41,2025-12-18 15:27:41,3290.4938888888887,1.0,unknown,unknown,unknown,unknown,NORMAL,other,0.66
alarm_02343,2026-05-04 17:57:19,CRITICAL,AR,PIU,PHYSICAL PORT DOWN,2025-12-18 15:35:55,2025-12-18 15:35:55,3290.3566666666666,1.0,unknown,unknown,unknown,unknown,NORMAL,link_down,0.76
alarm_02344,2026-05-04 17:57:19,CRITICAL,AG,LAM,PHYSICAL PORT DOWN,2025-12-18 16:06:31,2025-12-18 16:06:31,3289.846666666667,1.0,unknown,unknown,unknown,unknown,NORMAL,link_down,0.76
alarm_02345,2026-05-04 17:57:19,CRITICAL,AR,LOR,PHYSICAL PORT DOWN,2025-12-18 17:16:49,2025-12-18 17:16:49,3288.675,1.0,unknown,unknown,unknown,unknown,NORMAL,link_down,0.76
alarm_02346,2026-05-04 17:57:19,CRITICAL,AR,AYA,PHYSICAL PORT DOWN,2025-12-19 11:42:38,2025-12-19 11:42:38,3270.244722222222,1.0,unknown,unknown,unknown,unknown,NORMAL,link_down,0.76
alarm_02347,2026-05-04 17:57:19,CRITICAL,AG,CUS,PHYSICAL PORT DOWN,2025-12-19 12:18:03,2025-12-19 12:18:03,3269.6544444444444,1.0,unknown,unknown,unknown,unknown,NORMAL,link_down,0.76
alarm_02348,2026-05-04 17:57:19,CRITICAL,AG,CUS,PHYSICAL PORT DOWN,2025-12-19 12:22:08,2025-12-19 12:22:08,3269.586388888889,1.0,unknown,unknown,unknown,unknown,NORMAL,link_down,0.76
alarm_02349,2026-05-04 17:57:19,CRITICAL,AG,PUN,PHYSICAL PORT DOWN,2025-12-19 13:23:14,2025-12-19 13:23:14,3268.5680555555555,1.0,unknown,unknown,unknown,unknown,NORMAL,link_down,0.76
alarm_02350,2026-05-04 17:57:19,CRITICAL,AR,ARE,PHYSICAL PORT DOWN,2025-12-19 19:48:06,2025-12-19 19:48:06,3262.1536111111113,1.0,unknown,unknown,unknown,unknown,NORMAL,link_down,0.76
alarm_02351,2026-05-04 17:57:19,CRITICAL,SW,MOQ,THE DEVICE IS OFFLINE,2025-12-20 10:19:10,2025-12-20 10:19:10,3247.6358333333333,1.0,unknown,unknown,unknown,unknown,NORMAL,other,0.66
alarm_02352,2026-05-04 17:57:19,CRITICAL,SW,MOQ,THE DEVICE IS OFFLINE,2025-12-20 10:19:10,2025-12-20 10:19:10,3247.6358333333333,1.0,unknown,unknown,unknown,unknown,NORMAL,other,0.66
alarm_02353,2026-05-04 17:57:19,CRITICAL,AR,ARE,PHYSICAL PORT DOWN,2025-12-20 11:02:53,2025-12-20 11:02:53,3246.907222222222,1.0,unknown,unknown,unknown,unknown,NORMAL,link_down,0.76
alarm_02354,2026-05-04 17:57:19,CRITICAL,AR,ARE,PHYSICAL PORT DOWN,2025-12-20 19:47:44,2025-12-20 19:47:44,3238.159722222222,1.0,unknown,unknown,unknown,unknown,NORMAL,link_down,0.76
alarm_02355,2026-05-04 17:57:19,CRITICAL,AR,JUN,PHYSICAL PORT DOWN,2025-12-22 15:02:24,2025-12-22 15:02:24,3194.9152777777776,1.0,unknown,unknown,unknown,unknown,NORMAL,link_down,0.76
alarm_02356,2026-05-04 17:57:19,CRITICAL,AR,ARE,PHYSICAL PORT DOWN,2025-12-22 16:54:00,2025-12-22 16:54:00,3193.055277777778,1.0,unknown,unknown,unknown,unknown,NORMAL,link_down,0.76
alarm_02357,2026-05-04 17:57:19,CRITICAL,AR,ARE,PHYSICAL PORT DOWN,2025-12-22 17:07:07,2025-12-22 17:07:07,3192.8366666666666,1.0,unknown,unknown,unknown,unknown,NORMAL,link_down,0.76
alarm_02358,2026-05-04 17:57:19,CRITICAL,AG,CAJ,PHYSICAL PORT DOWN,2025-12-22 18:03:35,2025-12-22 18:03:35,3191.8955555555553,1.0,unknown,unknown,unknown,unknown,NORMAL,link_down,0.76
alarm_02359,2026-05-04 17:57:19,CRITICAL,AG,CAJ,PHYSICAL PORT DOWN,2025-12-22 18:03:35,2025-12-22 18:03:35,3191.8955555555553,1.0,unknown,unknown,unknown,unknown,NORMAL,link_down,0.76
alarm_02360,2026-05-04 17:57:19,CRITICAL,AR,ARE,PHYSICAL PORT DOWN,2025-12-22 18:11:52,2025-12-22 18:11:52,3191.7575,1.0,unknown,unknown,unknown,unknown,NORMAL,link_down,0.76
alarm_02361,2026-05-04 17:57:19,CRITICAL,AR,ARE,PHYSICAL PORT DOWN,2025-12-22 18:36:07,2025-12-22 18:36:07,3191.3533333333335,1.0,unknown,unknown,unknown,unknown,NORMAL,link_down,0.76
alarm_02362,2026-05-04 17:57:19,CRITICAL,AR,ARE,PHYSICAL PORT DOWN,2025-12-22 19:21:50,2025-12-22 19:21:50,3190.591388888889,1.0,unknown,unknown,unknown,unknown,NORMAL,link_down,0.76
alarm_02363,2026-05-04 17:57:19,CRITICAL,AR,CAJ,THE DEVICE IS OFFLINE,2025-12-22 23:22:11,2025-12-22 23:22:11,3186.5855555555554,1.0,unknown,unknown,unknown,unknown,NORMAL,other,0.66
alarm_02364,2026-05-04 17:57:19,CRITICAL,AR,ARE,PHYSICAL PORT DOWN,2025-12-23 12:02:42,2025-12-23 12:02:42,3173.910277777778,1.0,unknown,unknown,unknown,unknown,NORMAL,link_down,0.76
alarm_02365,2026-05-04 17:57:19,CRITICAL,AR,LIC,PHYSICAL PORT DOWN,2025-12-24 10:58:40,2025-12-24 10:58:40,3150.9775,1.0,unknown,unknown,unknown,unknown,NORMAL,link_down,0.76
alarm_02366,2026-05-04 17:57:19,CRITICAL,AR,CAJ,PHYSICAL PORT DOWN,2025-12-25 08:43:37,2025-12-25 08:43:37,3129.2283333333335,1.0,unknown,unknown,unknown,unknown,NORMAL,link_down,0.76
alarm_02367,2026-05-04 17:57:19,CRITICAL,AR,CAJ,PHYSICAL PORT DOWN,2025-12-25 08:43:37,2025-12-25 08:43:37,3129.2283333333335,1.0,unknown,unknown,unknown,unknown,NORMAL,link_down,0.76
alarm_02368,2026-05-04 17:57:19,CRITICAL,AR,ARE,PHYSICAL PORT DOWN,2025-12-26 16:18:34,2025-12-26 16:18:34,3097.6458333333335,1.0,unknown,unknown,unknown,unknown,NORMAL,link_down,0.76
alarm_02369,2026-05-04 17:57:19,CRITICAL,AG,CUS,PHYSICAL PORT DOWN,2025-12-29 17:46:13,2025-12-29 17:46:13,3024.185,1.0,unknown,unknown,unknown,unknown,NORMAL,link_down,0.76
alarm_02370,2026-05-04 17:57:19,CRITICAL,AR,LOR,PHYSICAL PORT DOWN,2025-12-30 11:13:44,2025-12-30 11:13:44,3006.726388888889,1.0,unknown,unknown,unknown,unknown,NORMAL,link_down,0.76
alarm_02371,2026-05-04 17:57:19,CRITICAL,AR,LIC,PHYSICAL PORT DOWN,2025-12-31 04:19:08,2025-12-31 04:19:08,2989.636388888889,1.0,unknown,unknown,unknown,unknown,NORMAL,link_down,0.76
alarm_02372,2026-05-04 17:57:19,CRITICAL,AG,PIU,BOARD INVALID,2025-12-31 11:45:45,2025-12-31 11:45:45,2982.192777777778,1.0,unknown,unknown,unknown,unknown,NORMAL,other,0.66
alarm_02373,2026-05-04 17:57:19,CRITICAL,AR,MOQ,PHYSICAL PORT DOWN,2025-12-31 17:41:49,2025-12-31 17:41:49,2976.258333333333,1.0,unknown,unknown,unknown,unknown,NORMAL,link_down,0.76
alarm_02374,2026-05-04 17:57:19,CRITICAL,AR,AYA,PHYSICAL PORT DOWN,2026-01-01 17:29:00,2026-01-01 17:29:00,2952.4719444444445,1.0,unknown,unknown,unknown,unknown,NORMAL,link_down,0.76
alarm_02375,2026-05-04 17:57:19,CRITICAL,AG,AYA,PHYSICAL PORT DOWN,2026-01-01 17:29:04,2026-01-01 17:29:04,2952.4708333333333,1.0,unknown,unknown,unknown,unknown,NORMAL,link_down,0.76
alarm_02376,2026-05-04 17:57:19,CRITICAL,AR,LIC,PHYSICAL PORT DOWN,2026-01-03 08:12:39,2026-01-03 08:12:39,2913.7444444444445,1.0,unknown,unknown,unknown,unknown,NORMAL,link_down,0.76
alarm_02377,2026-05-04 17:57:19,CRITICAL,AR,LIP,PHYSICAL PORT DOWN,2026-01-03 10:30:49,2026-01-03 10:30:49,2911.4416666666666,1.0,unknown,unknown,unknown,unknown,NORMAL,link_down,0.76
alarm_02378,2026-05-04 17:57:19,CRITICAL,AR,LIC,PHYSICAL PORT DOWN,2026-01-03 10:42:25,2026-01-03 10:42:25,2911.2483333333334,1.0,unknown,unknown,unknown,unknown,NORMAL,link_down,0.76
alarm_02379,2026-05-04 17:57:19,CRITICAL,AR,ARE,THE DEVICE IS OFFLINE,2026-01-03 12:24:02,2026-01-03 12:24:02,2909.554722222222,1.0,unknown,unknown,unknown,unknown,NORMAL,other,0.66
alarm_02380,2026-05-04 17:57:19,CRITICAL,AR,PIU,THE DEVICE IS OFFLINE,2026-01-04 19:50:47,2026-01-04 19:50:47,2878.108888888889,1.0,unknown,unknown,unknown,unknown,NORMAL,other,0.66
alarm_02381,2026-05-04 17:57:19,CRITICAL,AR,JUN,THE DEVICE IS OFFLINE,2026-01-05 00:48:33,2026-01-05 00:48:33,2873.146111111111,1.0,unknown,unknown,unknown,unknown,NORMAL,other,0.66
alarm_02382,2026-05-04 17:57:19,CRITICAL,AR,LIC,PHYSICAL PORT DOWN,2026-01-05 11:03:38,2026-01-05 11:03:38,2862.8947222222223,1.0,unknown,unknown,unknown,unknown,NORMAL,link_down,0.76
alarm_02383,2026-05-04 17:57:19,CRITICAL,AR,PUN,PHYSICAL PORT DOWN,2026-01-05 11:28:25,2026-01-05 11:28:25,2862.4816666666666,1.0,unknown,unknown,unknown,unknown,NORMAL,link_down,0.76
alarm_02384,2026-05-04 17:57:19,CRITICAL,CA,LIM,PHYSICAL PORT DOWN,2026-01-05 20:54:07,2026-01-05 20:54:07,2853.0533333333333,1.0,unknown,unknown,unknown,unknown,NORMAL,link_down,0.76
alarm_02385,2026-05-04 17:57:19,CRITICAL,AR,LAL,PHYSICAL PORT DOWN,2026-01-06 10:48:22,2026-01-06 10:48:22,2839.1491666666666,1.0,unknown,unknown,unknown,unknown,NORMAL,link_down,0.76
alarm_02386,2026-05-04 17:57:19,CRITICAL,AR,PUN,PHYSICAL PORT DOWN,2026-01-06 14:10:39,2026-01-06 14:10:39,2835.777777777778,1.0,unknown,unknown,unknown,unknown,NORMAL,link_down,0.76
alarm_02387,2026-05-04 17:57:19,CRITICAL,AR,LIC,PHYSICAL PORT DOWN,2026-01-07 11:27:31,2026-01-07 11:27:31,2814.4966666666664,1.0,unknown,unknown,unknown,unknown,NORMAL,link_down,0.76
alarm_02388,2026-05-04 17:57:19,CRITICAL,AR,LIC,PHYSICAL PORT DOWN,2026-01-07 11:36:09,2026-01-07 11:36:09,2814.3527777777776,1.0,unknown,unknown,unknown,unknown,NORMAL,link_down,0.76
alarm_02389,2026-05-04 17:57:19,CRITICAL,AR,CAJ,PHYSICAL PORT DOWN,2026-01-07 13:39:05,2026-01-07 13:39:05,2812.303888888889,1.0,unknown,unknown,unknown,unknown,NORMAL,link_down,0.76
alarm_02390,2026-05-04 17:57:19,CRITICAL,AR,LOR,PHYSICAL PORT DOWN,2026-01-07 14:12:28,2026-01-07 14:12:28,2811.7475,1.0,unknown,unknown,unknown,unknown,NORMAL,link_down,0.76
alarm_02391,2026-05-04 17:57:19,CRITICAL,AR,LOR,PHYSICAL PORT DOWN,2026-01-08 03:58:16,2026-01-08 03:58:16,2797.9841666666666,1.0,unknown,unknown,unknown,unknown,NORMAL,link_down,0.76
alarm_02392,2026-05-04 17:57:19,CRITICAL,AR,LOR,PHYSICAL PORT DOWN,2026-01-08 03:58:16,2026-01-08 03:58:16,2797.9841666666666,1.0,unknown,unknown,unknown,unknown,NORMAL,link_down,0.76
alarm_02393,2026-05-04 17:57:19,CRITICAL,AR,LOR,PHYSICAL PORT DOWN,2026-01-08 03:58:26,2026-01-08 03:58:26,2797.981388888889,1.0,unknown,unknown,unknown,unknown,NORMAL,link_down,0.76
alarm_02394,2026-05-04 17:57:19,CRITICAL,AR,LOR,PHYSICAL PORT DOWN,2026-01-08 12:11:27,2026-01-08 12:11:27,2789.7644444444445,1.0,unknown,unknown,unknown,unknown,NORMAL,link_down,0.76
alarm_02395,2026-05-04 17:57:19,CRITICAL,AR,APU,PHYSICAL PORT DOWN,2026-01-08 12:42:14,2026-01-08 12:42:14,2789.251388888889,1.0,unknown,unknown,unknown,unknown,NORMAL,link_down,0.76
alarm_02396,2026-05-04 17:57:19,CRITICAL,AR,LOR,PHYSICAL PORT DOWN,2026-01-09 02:22:25,2026-01-09 02:22:25,2775.5816666666665,1.0,unknown,unknown,unknown,unknown,NORMAL,link_down,0.76
alarm_02397,2026-05-04 17:57:19,CRITICAL,AR,LOR,PHYSICAL PORT DOWN,2026-01-09 04:39:19,2026-01-09 04:39:19,2773.3,1.0,unknown,unknown,unknown,unknown,NORMAL,link_down,0.76
alarm_02398,2026-05-04 17:57:19,CRITICAL,AG,PAS,PHYSICAL PORT DOWN,2026-01-09 13:13:40,2026-01-09 13:13:40,2764.7275,1.0,unknown,unknown,unknown,unknown,NORMAL,link_down,0.76
alarm_02399,2026-05-04 17:57:19,CRITICAL,AR,AMA,PHYSICAL PORT DOWN,2026-01-09 15:21:05,2026-01-09 15:21:05,2762.603888888889,1.0,unknown,unknown,unknown,unknown,NORMAL,link_down,0.76
alarm_02400,2026-05-04 17:57:19,CRITICAL,AG,PIU,BOARD INVALID,2026-01-10 04:26:27,2026-01-10 04:26:27,2749.5144444444445,1.0,unknown,unknown,unknown,unknown,NORMAL,other,0.66
alarm_02401,2026-05-04 17:57:19,CRITICAL,AG,CUS,PHYSICAL PORT DOWN,2026-01-10 18:43:20,2026-01-10 18:43:20,2735.2330555555554,1.0,unknown,unknown,unknown,unknown,NORMAL,link_down,0.76
alarm_02402,2026-05-04 17:57:19,CRITICAL,AG,LIC,BOARD INVALID,2026-01-11 13:20:13,2026-01-11 13:20:13,2716.6183333333333,1.0,unknown,unknown,unknown,unknown,NORMAL,other,0.66
alarm_02403,2026-05-04 17:57:19,CRITICAL,AR,LAL,PHYSICAL PORT DOWN,2026-01-11 16:14:14,2026-01-11 16:14:14,2713.7180555555556,1.0,unknown,unknown,unknown,unknown,NORMAL,link_down,0.76
alarm_02404,2026-05-04 17:57:19,CRITICAL,AR,HUN,THE DEVICE IS OFFLINE,2026-01-11 16:23:28,2026-01-11 16:23:28,2713.5641666666666,1.0,unknown,unknown,unknown,unknown,NORMAL,other,0.66
alarm_02405,2026-05-04 17:57:19,CRITICAL,AR,CAJ,PHYSICAL PORT DOWN,2026-01-12 10:56:06,2026-01-12 10:56:06,2695.0202777777777,1.0,unknown,unknown,unknown,unknown,NORMAL,link_down,0.76
alarm_02406,2026-05-04 17:57:19,CRITICAL,AR,CAJ,PHYSICAL PORT DOWN,2026-01-12 10:56:06,2026-01-12 10:56:06,2695.0202777777777,1.0,unknown,unknown,unknown,unknown,NORMAL,link_down,0.76
alarm_02407,2026-05-04 17:57:19,CRITICAL,AR,CAJ,PHYSICAL PORT DOWN,2026-01-12 10:56:06,2026-01-12 10:56:06,2695.0202777777777,1.0,unknown,unknown,unknown,unknown,NORMAL,link_down,0.76
alarm_02408,2026-05-04 17:57:19,CRITICAL,AR,CAJ,PHYSICAL PORT DOWN,2026-01-13 11:15:19,2026-01-13 11:15:19,2670.7,1.0,unknown,unknown,unknown,unknown,NORMAL,link_down,0.76
alarm_02409,2026-05-04 17:57:19,CRITICAL,AR,ICA,PHYSICAL PORT DOWN,2026-01-13 12:03:43,2026-01-13 12:03:43,2669.8933333333334,1.0,unknown,unknown,unknown,unknown,NORMAL,link_down,0.76
alarm_02410,2026-05-04 17:57:19,CRITICAL,AR,LIC,PHYSICAL PORT DOWN,2026-01-13 14:04:05,2026-01-13 14:04:05,2667.887222222222,1.0,unknown,unknown,unknown,unknown,NORMAL,link_down,0.76
alarm_02411,2026-05-04 17:57:19,CRITICAL,AR,LIC,PHYSICAL PORT DOWN,2026-01-13 17:02:28,2026-01-13 17:02:28,2664.9141666666665,1.0,unknown,unknown,unknown,unknown,NORMAL,link_down,0.76
alarm_02412,2026-05-04 17:57:19,CRITICAL,AR,SAN,PHYSICAL PORT DOWN,2026-01-13 23:11:11,2026-01-13 23:11:11,2658.768888888889,1.0,unknown,unknown,unknown,unknown,NORMAL,link_down,0.76
alarm_02413,2026-05-04 17:57:19,CRITICAL,AR,CAJ,PHYSICAL PORT DOWN,2026-01-14 10:32:12,2026-01-14 10:32:12,2647.418611111111,1.0,unknown,unknown,unknown,unknown,NORMAL,link_down,0.76
alarm_02414,2026-05-04 17:57:19,CRITICAL,AG,PIU,PHYSICAL PORT DOWN,2026-01-14 10:45:04,2026-01-14 10:45:04,2647.204166666667,1.0,unknown,unknown,unknown,unknown,NORMAL,link_down,0.76
alarm_02415,2026-05-04 17:57:19,CRITICAL,AG,PIU,PHYSICAL PORT DOWN,2026-01-14 10:45:45,2026-01-14 10:45:45,2647.192777777778,1.0,unknown,unknown,unknown,unknown,NORMAL,link_down,0.76
alarm_02416,2026-05-04 17:57:19,CRITICAL,AG,SAN,PHYSICAL PORT DOWN,2026-01-14 11:27:17,2026-01-14 11:27:17,2646.5005555555554,1.0,unknown,unknown,unknown,unknown,NORMAL,link_down,0.76
alarm_02417,2026-05-04 17:57:19,CRITICAL,AG,SAN,PHYSICAL PORT DOWN,2026-01-14 11:27:17,2026-01-14 11:27:17,2646.5005555555554,1.0,unknown,unknown,unknown,unknown,NORMAL,link_down,0.76
alarm_02418,2026-05-04 17:57:19,CRITICAL,AR,SAN,PHYSICAL PORT DOWN,2026-01-14 14:48:03,2026-01-14 14:48:03,2643.1544444444444,1.0,unknown,unknown,unknown,unknown,NORMAL,link_down,0.76
alarm_02419,2026-05-04 17:57:19,CRITICAL,AR,LIC,PHYSICAL PORT DOWN,2026-01-14 15:11:01,2026-01-14 15:11:01,2642.7716666666665,1.0,unknown,unknown,unknown,unknown,NORMAL,link_down,0.76
alarm_02420,2026-05-04 17:57:19,CRITICAL,AR,LIC,PHYSICAL PORT DOWN,2026-01-14 15:19:11,2026-01-14 15:19:11,2642.6355555555556,1.0,unknown,unknown,unknown,unknown,NORMAL,link_down,0.76
alarm_02421,2026-05-04 17:57:19,CRITICAL,AR,SAN,PHYSICAL PORT DOWN,2026-01-14 17:04:03,2026-01-14 17:04:03,2640.887777777778,1.0,unknown,unknown,unknown,unknown,NORMAL,link_down,0.76
alarm_02422,2026-05-04 17:57:19,CRITICAL,AR,SAN,PHYSICAL PORT DOWN,2026-01-14 17:05:48,2026-01-14 17:05:48,2640.8586111111113,1.0,unknown,unknown,unknown,unknown,NORMAL,link_down,0.76
alarm_02423,2026-05-04 17:57:19,CRITICAL,AR,LIC,PHYSICAL PORT DOWN,2026-01-14 17:13:44,2026-01-14 17:13:44,2640.726388888889,1.0,unknown,unknown,unknown,unknown,NORMAL,link_down,0.76
alarm_02424,2026-05-04 17:57:19,CRITICAL,AG,CAL,PHYSICAL PORT DOWN,2026-01-14 17:16:51,2026-01-14 17:16:51,2640.6744444444444,1.0,unknown,unknown,unknown,unknown,NORMAL,link_down,0.76
alarm_02425,2026-05-04 17:57:19,CRITICAL,AG,CAL,PHYSICAL PORT DOWN,2026-01-14 17:17:13,2026-01-14 17:17:13,2640.6683333333335,1.0,unknown,unknown,unknown,unknown,NORMAL,link_down,0.76
alarm_02426,2026-05-04 17:57:19,CRITICAL,AG,CAL,PHYSICAL PORT DOWN,2026-01-14 17:17:13,2026-01-14 17:17:13,2640.6683333333335,1.0,unknown,unknown,unknown,unknown,NORMAL,link_down,0.76
alarm_02427,2026-05-04 17:57:19,CRITICAL,AG,CAL,BOARD INVALID,2026-01-14 17:17:14,2026-01-14 17:17:14,2640.6680555555554,1.0,unknown,unknown,unknown,unknown,NORMAL,other,0.66
alarm_02428,2026-05-04 17:57:19,CRITICAL,AG,CAL,PHYSICAL PORT DOWN,2026-01-14 17:17:15,2026-01-14 17:17:15,2640.6677777777777,1.0,unknown,unknown,unknown,unknown,NORMAL,link_down,0.76
alarm_02429,2026-05-04 17:57:19,CRITICAL,AG,CAL,PHYSICAL PORT DOWN,2026-01-14 17:17:15,2026-01-14 17:17:15,2640.6677777777777,1.0,unknown,unknown,unknown,unknown,NORMAL,link_down,0.76
alarm_02430,2026-05-04 17:57:19,CRITICAL,AR,SAN,PHYSICAL PORT DOWN,2026-01-14 23:48:36,2026-01-14 23:48:36,2634.1452777777777,1.0,unknown,unknown,unknown,unknown,NORMAL,link_down,0.76
alarm_02431,2026-05-04 17:57:19,CRITICAL,AR,UCA,PHYSICAL PORT DOWN,2026-01-15 07:47:13,2026-01-15 07:47:13,2626.1683333333335,1.0,unknown,unknown,unknown,unknown,NORMAL,link_down,0.76
alarm_02432,2026-05-04 17:57:19,CRITICAL,AR,UCA,PHYSICAL PORT DOWN,2026-01-15 07:47:13,2026-01-15 07:47:13,2626.1683333333335,1.0,unknown,unknown,unknown,unknown,NORMAL,link_down,0.76
alarm_02433,2026-05-04 17:57:19,CRITICAL,CP,ICA,PHYSICAL PORT DOWN,2026-01-15 17:09:36,2026-01-15 17:09:36,2616.7952777777778,1.0,unknown,unknown,unknown,unknown,NORMAL,link_down,0.76
alarm_02434,2026-05-04 17:57:19,CRITICAL,AG,TAC,PHYSICAL PORT DOWN,2026-01-15 18:37:49,2026-01-15 18:37:49,2615.325,1.0,unknown,unknown,unknown,unknown,NORMAL,link_down,0.76
alarm_02435,2026-05-04 17:57:19,CRITICAL,AG,CAJ,PHYSICAL PORT DOWN,2026-01-16 15:45:34,2026-01-16 15:45:34,2594.195833333333,1.0,unknown,unknown,unknown,unknown,NORMAL,link_down,0.76
alarm_02436,2026-05-04 17:57:19,CRITICAL,AG,CAJ,BOARD INVALID,2026-01-16 15:49:33,2026-01-16 15:49:33,2594.1294444444443,1.0,unknown,unknown,unknown,unknown,NORMAL,other,0.66
alarm_02437,2026-05-04 17:57:19,CRITICAL,AG,TAC,PHYSICAL PORT DOWN,2026-01-17 10:32:41,2026-01-17 10:32:41,2575.4105555555557,1.0,unknown,unknown,unknown,unknown,NORMAL,link_down,0.76
alarm_02438,2026-05-04 17:57:19,CRITICAL,AR,SAN,PHYSICAL PORT DOWN,2026-01-17 12:09:09,2026-01-17 12:09:09,2573.802777777778,1.0,unknown,unknown,unknown,unknown,NORMAL,link_down,0.76
alarm_02439,2026-05-04 17:57:19,CRITICAL,AR,SAN,PHYSICAL PORT DOWN,2026-01-17 12:09:09,2026-01-17 12:09:09,2573.802777777778,1.0,unknown,unknown,unknown,unknown,NORMAL,link_down,0.76
alarm_02440,2026-05-04 17:57:19,CRITICAL,AR,SAN,PHYSICAL PORT DOWN,2026-01-17 12:09:09,2026-01-17 12:09:09,2573.802777777778,1.0,unknown,unknown,unknown,unknown,NORMAL,link_down,0.76
alarm_02441,2026-05-04 17:57:19,CRITICAL,AR,ARE,PHYSICAL PORT DOWN,2026-01-17 19:03:03,2026-01-17 19:03:03,2566.9044444444444,1.0,unknown,unknown,unknown,unknown,NORMAL,link_down,0.76
alarm_02442,2026-05-04 17:57:19,CRITICAL,AR,JUN,THE DEVICE IS OFFLINE,2026-01-18 00:56:38,2026-01-18 00:56:38,2561.011388888889,1.0,unknown,unknown,unknown,unknown,NORMAL,other,0.66
alarm_02443,2026-05-04 17:57:19,CRITICAL,AR,AYA,PHYSICAL PORT DOWN,2026-01-18 15:22:23,2026-01-18 15:22:23,2546.5822222222223,1.0,unknown,unknown,unknown,unknown,NORMAL,link_down,0.76
alarm_02444,2026-05-04 17:57:19,CRITICAL,AR,AYA,PHYSICAL PORT DOWN,2026-01-18 15:22:23,2026-01-18 15:22:23,2546.5822222222223,1.0,unknown,unknown,unknown,unknown,NORMAL,link_down,0.76
alarm_02445,2026-05-04 17:57:19,CRITICAL,AR,AYA,PHYSICAL PORT DOWN,2026-01-18 15:22:23,2026-01-18 15:22:23,2546.5822222222223,1.0,unknown,unknown,unknown,unknown,NORMAL,link_down,0.76
alarm_02446,2026-05-04 17:57:19,CRITICAL,AR,AYA,PHYSICAL PORT DOWN,2026-01-18 15:22:23,2026-01-18 15:22:23,2546.5822222222223,1.0,unknown,unknown,unknown,unknown,NORMAL,link_down,0.76
alarm_02447,2026-05-04 17:57:19,CRITICAL,AR,LOR,PHYSICAL PORT DOWN,2026-01-19 02:44:56,2026-01-19 02:44:56,2535.206388888889,1.0,unknown,unknown,unknown,unknown,NORMAL,link_down,0.76
alarm_02448,2026-05-04 17:57:19,CRITICAL,AR,PIU,THE DEVICE IS OFFLINE,2026-01-19 08:17:03,2026-01-19 08:17:03,2529.6711111111113,1.0,unknown,unknown,unknown,unknown,NORMAL,other,0.66
alarm_02449,2026-05-04 17:57:19,CRITICAL,AR,LIC,PHYSICAL PORT DOWN,2026-01-19 12:28:07,2026-01-19 12:28:07,2525.4866666666667,1.0,unknown,unknown,unknown,unknown,NORMAL,link_down,0.76
alarm_02450,2026-05-04 17:57:19,CRITICAL,AR,CAJ,PHYSICAL PORT DOWN,2026-01-19 19:44:03,2026-01-19 19:44:03,2518.221111111111,1.0,unknown,unknown,unknown,unknown,NORMAL,link_down,0.76
alarm_02451,2026-05-04 17:57:19,CRITICAL,AR,CAJ,PHYSICAL PORT DOWN,2026-01-19 19:44:04,2026-01-19 19:44:04,2518.2208333333333,1.0,unknown,unknown,unknown,unknown,NORMAL,link_down,0.76
alarm_02452,2026-05-04 17:57:19,CRITICAL,AG,ARE,PHYSICAL PORT DOWN,2026-01-21 11:44:58,2026-01-21 11:44:58,2478.2058333333334,1.0,unknown,unknown,unknown,unknown,NORMAL,link_down,0.76
alarm_02453,2026-05-04 17:57:19,CRITICAL,AR,ARE,PHYSICAL PORT DOWN,2026-01-21 16:12:19,2026-01-21 16:12:19,2473.75,1.0,unknown,unknown,unknown,unknown,NORMAL,link_down,0.76
alarm_02454,2026-05-04 17:57:19,CRITICAL,AR,ARE,PHYSICAL PORT DOWN,2026-01-21 16:37:22,2026-01-21 16:37:22,2473.3325,1.0,unknown,unknown,unknown,unknown,NORMAL,link_down,0.76
alarm_02455,2026-05-04 17:57:19,CRITICAL,AR,LIC,PHYSICAL PORT DOWN,2026-01-22 10:50:51,2026-01-22 10:50:51,2455.1077777777778,1.0,unknown,unknown,unknown,unknown,NORMAL,link_down,0.76
alarm_02456,2026-05-04 17:57:19,CRITICAL,AR,LIC,PHYSICAL PORT DOWN,2026-01-22 15:42:15,2026-01-22 15:42:15,2450.251111111111,1.0,unknown,unknown,unknown,unknown,NORMAL,link_down,0.76
alarm_02457,2026-05-04 17:57:19,CRITICAL,AG,LIC,PHYSICAL PORT DOWN,2026-01-23 11:01:21,2026-01-23 11:01:21,2430.9327777777776,1.0,unknown,unknown,unknown,unknown,NORMAL,link_down,0.76
alarm_02458,2026-05-04 17:57:19,CRITICAL,AG,LIC,PHYSICAL PORT DOWN,2026-01-23 11:05:47,2026-01-23 11:05:47,2430.858888888889,1.0,unknown,unknown,unknown,unknown,NORMAL,link_down,0.76
alarm_02459,2026-05-04 17:57:19,CRITICAL,AR,UCA,THE DEVICE IS OFFLINE,2026-01-24 10:30:46,2026-01-24 10:30:46,2407.4425,1.0,unknown,unknown,unknown,unknown,NORMAL,other,0.66
alarm_02460,2026-05-04 17:57:19,CRITICAL,AR,LIP,PHYSICAL PORT DOWN,2026-01-24 20:22:17,2026-01-24 20:22:17,2397.583888888889,1.0,unknown,unknown,unknown,unknown,NORMAL,link_down,0.76
alarm_02461,2026-05-04 17:57:19,CRITICAL,AG,CAJ,PHYSICAL PORT DOWN,2026-01-25 21:17:17,2026-01-25 21:17:17,2372.6672222222223,1.0,unknown,unknown,unknown,unknown,NORMAL,link_down,0.76
alarm_02462,2026-05-04 17:57:19,CRITICAL,AG,CAJ,PHYSICAL PORT DOWN,2026-01-25 21:17:17,2026-01-25 21:17:17,2372.6672222222223,1.0,unknown,unknown,unknown,unknown,NORMAL,link_down,0.76
alarm_02463,2026-05-04 17:57:19,CRITICAL,AG,CAJ,PHYSICAL PORT DOWN,2026-01-25 21:17:17,2026-01-25 21:17:17,2372.6672222222223,1.0,unknown,unknown,unknown,unknown,NORMAL,link_down,0.76
alarm_02464,2026-05-04 17:57:19,CRITICAL,AG,CAJ,PHYSICAL PORT DOWN,2026-01-25 21:17:17,2026-01-25 21:17:17,2372.6672222222223,1.0,unknown,unknown,unknown,unknown,NORMAL,link_down,0.76
alarm_02465,2026-05-04 17:57:19,CRITICAL,AG,CAJ,PHYSICAL PORT DOWN,2026-01-25 21:17:17,2026-01-25 21:17:17,2372.6672222222223,1.0,unknown,unknown,unknown,unknown,NORMAL,link_down,0.76
alarm_02466,2026-05-04 17:57:19,CRITICAL,AG,CAJ,PHYSICAL PORT DOWN,2026-01-25 21:17:17,2026-01-25 21:17:17,2372.6672222222223,1.0,unknown,unknown,unknown,unknown,NORMAL,link_down,0.76
alarm_02467,2026-05-04 17:57:19,CRITICAL,AG,CAJ,PHYSICAL PORT DOWN,2026-01-25 21:17:17,2026-01-25 21:17:17,2372.6672222222223,1.0,unknown,unknown,unknown,unknown,NORMAL,link_down,0.76
alarm_02468,2026-05-04 17:57:19,CRITICAL,AG,CAJ,PHYSICAL PORT DOWN,2026-01-25 21:17:17,2026-01-25 21:17:17,2372.6672222222223,1.0,unknown,unknown,unknown,unknown,NORMAL,link_down,0.76
alarm_02469,2026-05-04 17:57:19,CRITICAL,AG,CAJ,PHYSICAL PORT DOWN,2026-01-25 21:17:29,2026-01-25 21:17:29,2372.663888888889,1.0,unknown,unknown,unknown,unknown,NORMAL,link_down,0.76
alarm_02470,2026-05-04 17:57:19,CRITICAL,AG,CAJ,PHYSICAL PORT DOWN,2026-01-25 21:17:29,2026-01-25 21:17:29,2372.663888888889,1.0,unknown,unknown,unknown,unknown,NORMAL,link_down,0.76
alarm_02471,2026-05-04 17:57:19,CRITICAL,AG,CAJ,PHYSICAL PORT DOWN,2026-01-25 21:17:29,2026-01-25 21:17:29,2372.663888888889,1.0,unknown,unknown,unknown,unknown,NORMAL,link_down,0.76
alarm_02472,2026-05-04 17:57:19,CRITICAL,AG,CAJ,PHYSICAL PORT DOWN,2026-01-25 21:17:29,2026-01-25 21:17:29,2372.663888888889,1.0,unknown,unknown,unknown,unknown,NORMAL,link_down,0.76
alarm_02473,2026-05-04 17:57:19,CRITICAL,AR,LIC,THE DEVICE IS OFFLINE,2026-01-26 01:03:07,2026-01-26 01:03:07,2368.903333333333,1.0,unknown,unknown,unknown,unknown,NORMAL,other,0.66
alarm_02474,2026-05-04 17:57:19,CRITICAL,AR,ANC,PHYSICAL PORT DOWN,2026-01-26 13:58:52,2026-01-26 13:58:52,2355.974166666667,1.0,unknown,unknown,unknown,unknown,NORMAL,link_down,0.76
alarm_02475,2026-05-04 17:57:19,CRITICAL,AG,LAL,PHYSICAL PORT DOWN,2026-01-26 16:54:05,2026-01-26 16:54:05,2353.053888888889,1.0,unknown,unknown,unknown,unknown,NORMAL,link_down,0.76
alarm_02476,2026-05-04 17:57:19,CRITICAL,AR,LAL,PHYSICAL PORT DOWN,2026-01-26 18:25:12,2026-01-26 18:25:12,2351.535277777778,1.0,unknown,unknown,unknown,unknown,NORMAL,link_down,0.76
alarm_02477,2026-05-04 17:57:19,CRITICAL,AR,ARE,THE DEVICE IS OFFLINE,2026-01-26 20:25:01,2026-01-26 20:25:01,2349.5383333333334,1.0,unknown,unknown,unknown,unknown,NORMAL,other,0.66
alarm_02478,2026-05-04 17:57:19,CRITICAL,AR,SAN,PHYSICAL PORT DOWN,2026-01-27 03:19:06,2026-01-27 03:19:06,2342.6369444444445,1.0,unknown,unknown,unknown,unknown,NORMAL,link_down,0.76
alarm_02479,2026-05-04 17:57:19,CRITICAL,AR,LIC,PHYSICAL PORT DOWN,2026-01-27 14:34:40,2026-01-27 14:34:40,2331.3775,1.0,unknown,unknown,unknown,unknown,NORMAL,link_down,0.76
alarm_02480,2026-05-04 17:57:19,CRITICAL,AR,LIP,PHYSICAL PORT DOWN,2026-01-27 16:26:03,2026-01-27 16:26:03,2329.521111111111,1.0,unknown,unknown,unknown,unknown,NORMAL,link_down,0.76
alarm_02481,2026-05-04 17:57:19,CRITICAL,AR,CAJ,PHYSICAL PORT DOWN,2026-01-27 16:36:14,2026-01-27 16:36:14,2329.351388888889,1.0,unknown,unknown,unknown,unknown,NORMAL,link_down,0.76
alarm_02482,2026-05-04 17:57:19,CRITICAL,AG,TAC,PHYSICAL PORT DOWN,2026-01-27 16:42:01,2026-01-27 16:42:01,2329.255,1.0,unknown,unknown,unknown,unknown,NORMAL,link_down,0.76
alarm_02483,2026-05-04 17:57:19,CRITICAL,AG,TAC,PHYSICAL PORT DOWN,2026-01-27 16:42:03,2026-01-27 16:42:03,2329.2544444444443,1.0,unknown,unknown,unknown,unknown,NORMAL,link_down,0.76
alarm_02484,2026-05-04 17:57:19,CRITICAL,AR,LIP,PHYSICAL PORT DOWN,2026-01-27 16:52:10,2026-01-27 16:52:10,2329.0858333333335,1.0,unknown,unknown,unknown,unknown,NORMAL,link_down,0.76
alarm_02485,2026-05-04 17:57:19,CRITICAL,AG,TAC,PHYSICAL PORT DOWN,2026-01-27 18:29:21,2026-01-27 18:29:21,2327.4661111111113,1.0,unknown,unknown,unknown,unknown,NORMAL,link_down,0.76
alarm_02486,2026-05-04 17:57:19,CRITICAL,AG,TAC,PHYSICAL PORT DOWN,2026-01-27 18:29:27,2026-01-27 18:29:27,2327.4644444444443,1.0,unknown,unknown,unknown,unknown,NORMAL,link_down,0.76
alarm_02487,2026-05-04 17:57:19,CRITICAL,AG,LIP,PHYSICAL PORT DOWN,2026-01-28 10:53:03,2026-01-28 10:53:03,2311.071111111111,1.0,unknown,unknown,unknown,unknown,NORMAL,link_down,0.76
alarm_02488,2026-05-04 17:57:19,CRITICAL,AG,LIP,PHYSICAL PORT DOWN,2026-01-28 10:53:11,2026-01-28 10:53:11,2311.068888888889,1.0,unknown,unknown,unknown,unknown,NORMAL,link_down,0.76
alarm_02489,2026-05-04 17:57:19,CRITICAL,AR,LIC,PHYSICAL PORT DOWN,2026-01-28 11:54:48,2026-01-28 11:54:48,2310.0419444444447,1.0,unknown,unknown,unknown,unknown,NORMAL,link_down,0.76
alarm_02490,2026-05-04 17:57:19,CRITICAL,AR,LAL,PHYSICAL PORT DOWN,2026-01-28 13:50:14,2026-01-28 13:50:14,2308.1180555555557,1.0,unknown,unknown,unknown,unknown,NORMAL,link_down,0.76
alarm_02491,2026-05-04 17:57:19,CRITICAL,AR,JUN,PHYSICAL PORT DOWN,2026-01-28 13:50:30,2026-01-28 13:50:30,2308.113611111111,1.0,unknown,unknown,unknown,unknown,NORMAL,link_down,0.76
alarm_02492,2026-05-04 17:57:19,CRITICAL,AR,LAL,PHYSICAL PORT DOWN,2026-01-28 14:26:12,2026-01-28 14:26:12,2307.518611111111,1.0,unknown,unknown,unknown,unknown,NORMAL,link_down,0.76
alarm_02493,2026-05-04 17:57:19,CRITICAL,AG,LAL,BOARD INVALID,2026-01-28 14:34:18,2026-01-28 14:34:18,2307.383611111111,1.0,unknown,unknown,unknown,unknown,NORMAL,other,0.66
alarm_02494,2026-05-04 17:57:19,CRITICAL,AR,LIC,PHYSICAL PORT DOWN,2026-01-28 18:42:50,2026-01-28 18:42:50,2303.241388888889,1.0,unknown,unknown,unknown,unknown,NORMAL,link_down,0.76
alarm_02495,2026-05-04 17:57:19,CRITICAL,AR,CUS,THE DEVICE IS OFFLINE,2026-01-28 19:10:24,2026-01-28 19:10:24,2302.7819444444444,1.0,unknown,unknown,unknown,unknown,NORMAL,other,0.66
alarm_02496,2026-05-04 17:57:19,CRITICAL,AR,CUS,PHYSICAL PORT DOWN,2026-01-29 09:36:54,2026-01-29 09:36:54,2288.340277777778,1.0,unknown,unknown,unknown,unknown,NORMAL,link_down,0.76
alarm_02497,2026-05-04 17:57:19,CRITICAL,AR,CUS,PHYSICAL PORT DOWN,2026-01-29 10:40:21,2026-01-29 10:40:21,2287.282777777778,1.0,unknown,unknown,unknown,unknown,NORMAL,link_down,0.76
alarm_02498,2026-05-04 17:57:19,CRITICAL,AR,ANC,PHYSICAL PORT DOWN,2026-01-29 11:16:21,2026-01-29 11:16:21,2286.6827777777776,1.0,unknown,unknown,unknown,unknown,NORMAL,link_down,0.76
alarm_02499,2026-05-04 17:57:19,CRITICAL,AG,AMA,PHYSICAL PORT DOWN,2026-01-30 00:18:24,2026-01-30 00:18:24,2273.648611111111,1.0,unknown,unknown,unknown,unknown,NORMAL,link_down,0.76
alarm_02500,2026-05-04 17:57:19,CRITICAL,AR,APU,PHYSICAL PORT DOWN,2026-01-30 11:28:25,2026-01-30 11:28:25,2262.4816666666666,1.0,unknown,unknown,unknown,unknown,NORMAL,link_down,0.76
alarm_02501,2026-05-04 17:57:19,CRITICAL,AR,LIC,PHYSICAL PORT DOWN,2026-01-30 14:56:07,2026-01-30 14:56:07,2259.02,1.0,unknown,unknown,unknown,unknown,NORMAL,link_down,0.76
alarm_02502,2026-05-04 17:57:19,CRITICAL,AR,LIC,PHYSICAL PORT DOWN,2026-01-30 17:31:51,2026-01-30 17:31:51,2256.4244444444444,1.0,unknown,unknown,unknown,unknown,NORMAL,link_down,0.76
alarm_02503,2026-05-04 17:57:19,CRITICAL,AR,LIC,PHYSICAL PORT DOWN,2026-01-30 17:32:12,2026-01-30 17:32:12,2256.418611111111,1.0,unknown,unknown,unknown,unknown,NORMAL,link_down,0.76
alarm_02504,2026-05-04 17:57:19,CRITICAL,AR,LIC,PHYSICAL PORT DOWN,2026-01-30 17:35:04,2026-01-30 17:35:04,2256.3708333333334,1.0,unknown,unknown,unknown,unknown,NORMAL,link_down,0.76
alarm_02505,2026-05-04 17:57:19,CRITICAL,AR,LIC,PHYSICAL PORT DOWN,2026-01-30 17:35:11,2026-01-30 17:35:11,2256.3688888888887,1.0,unknown,unknown,unknown,unknown,NORMAL,link_down,0.76
alarm_02506,2026-05-04 17:57:19,CRITICAL,AR,LIC,PHYSICAL PORT DOWN,2026-01-30 17:46:13,2026-01-30 17:46:13,2256.185,1.0,unknown,unknown,unknown,unknown,NORMAL,link_down,0.76
alarm_02507,2026-05-04 17:57:19,CRITICAL,AR,LIC,PHYSICAL PORT DOWN,2026-01-30 18:17:34,2026-01-30 18:17:34,2255.6625,1.0,unknown,unknown,unknown,unknown,NORMAL,link_down,0.76
alarm_02508,2026-05-04 17:57:19,CRITICAL,AG,LIC,PHYSICAL PORT DOWN,2026-01-30 19:19:14,2026-01-30 19:19:14,2254.634722222222,1.0,unknown,unknown,unknown,unknown,NORMAL,link_down,0.76
alarm_02509,2026-05-04 17:57:19,CRITICAL,AR,PIU,PHYSICAL PORT DOWN,2026-01-31 11:04:51,2026-01-31 11:04:51,2238.8744444444446,1.0,unknown,unknown,unknown,unknown,NORMAL,link_down,0.76
alarm_02510,2026-05-04 17:57:19,CRITICAL,AR,CUS,PHYSICAL PORT DOWN,2026-01-31 11:31:44,2026-01-31 11:31:44,2238.426388888889,1.0,unknown,unknown,unknown,unknown,NORMAL,link_down,0.76
alarm_02511,2026-05-04 17:57:19,CRITICAL,AR,CUS,PHYSICAL PORT DOWN,2026-01-31 11:31:44,2026-01-31 11:31:44,2238.426388888889,1.0,unknown,unknown,unknown,unknown,NORMAL,link_down,0.76
alarm_02512,2026-05-04 17:57:19,CRITICAL,AR,PUN,PHYSICAL PORT DOWN,2026-01-31 14:47:03,2026-01-31 14:47:03,2235.1711111111113,1.0,unknown,unknown,unknown,unknown,NORMAL,link_down,0.76
alarm_02513,2026-05-04 17:57:19,CRITICAL,AR,LAL,PHYSICAL PORT DOWN,2026-02-01 14:32:45,2026-02-01 14:32:45,2211.4094444444445,1.0,unknown,unknown,unknown,unknown,NORMAL,link_down,0.76
alarm_02514,2026-05-04 17:57:19,CRITICAL,AR,LAM,PHYSICAL PORT DOWN,2026-02-01 19:47:13,2026-02-01 19:47:13,2206.1683333333335,1.0,unknown,unknown,unknown,unknown,NORMAL,link_down,0.76
alarm_02515,2026-05-04 17:57:19,CRITICAL,AR,CUS,THE DEVICE IS OFFLINE,2026-02-02 14:48:34,2026-02-02 14:48:34,2187.1458333333335,1.0,unknown,unknown,unknown,unknown,NORMAL,other,0.66
alarm_02516,2026-05-04 17:57:19,CRITICAL,AR,PIU,THE DEVICE IS OFFLINE,2026-02-02 15:22:15,2026-02-02 15:22:15,2186.5844444444447,1.0,unknown,unknown,unknown,unknown,NORMAL,other,0.66
alarm_02517,2026-05-04 17:57:19,CRITICAL,AR,ANC,PHYSICAL PORT DOWN,2026-02-02 16:08:22,2026-02-02 16:08:22,2185.8158333333336,1.0,unknown,unknown,unknown,unknown,NORMAL,link_down,0.76
alarm_02518,2026-05-04 17:57:19,CRITICAL,AG,LIC,PHYSICAL PORT DOWN,2026-02-02 17:02:12,2026-02-02 17:02:12,2184.918611111111,1.0,unknown,unknown,unknown,unknown,NORMAL,link_down,0.76
alarm_02519,2026-05-04 17:57:19,CRITICAL,AR,LIC,PHYSICAL PORT DOWN,2026-02-03 09:17:24,2026-02-03 09:17:24,2168.6652777777776,1.0,unknown,unknown,unknown,unknown,NORMAL,link_down,0.76
alarm_02520,2026-05-04 17:57:19,CRITICAL,AG,TAC,PHYSICAL PORT DOWN,2026-02-03 10:18:49,2026-02-03 10:18:49,2167.641666666667,1.0,unknown,unknown,unknown,unknown,NORMAL,link_down,0.76
alarm_02521,2026-05-04 17:57:19,CRITICAL,AG,TAC,PHYSICAL PORT DOWN,2026-02-03 10:19:06,2026-02-03 10:19:06,2167.6369444444445,1.0,unknown,unknown,unknown,unknown,NORMAL,link_down,0.76
alarm_02522,2026-05-04 17:57:19,CRITICAL,AR,HUN,PHYSICAL PORT DOWN,2026-02-03 11:51:12,2026-02-03 11:51:12,2166.1019444444446,1.0,unknown,unknown,unknown,unknown,NORMAL,link_down,0.76
alarm_02523,2026-05-04 17:57:19,CRITICAL,AR,TAC,PHYSICAL PORT DOWN,2026-02-03 12:44:43,2026-02-03 12:44:43,2165.21,1.0,unknown,unknown,unknown,unknown,NORMAL,link_down,0.76
alarm_02524,2026-05-04 17:57:19,CRITICAL,AR,TAC,PHYSICAL PORT DOWN,2026-02-03 14:58:09,2026-02-03 14:58:09,2162.9861111111113,1.0,unknown,unknown,unknown,unknown,NORMAL,link_down,0.76
alarm_02525,2026-05-04 17:57:19,CRITICAL,AR,TAC,PHYSICAL PORT DOWN,2026-02-03 15:19:40,2026-02-03 15:19:40,2162.6275,1.0,unknown,unknown,unknown,unknown,NORMAL,link_down,0.76
alarm_02526,2026-05-04 17:57:19,CRITICAL,AR,TAC,PHYSICAL PORT DOWN,2026-02-03 15:32:26,2026-02-03 15:32:26,2162.4147222222223,1.0,unknown,unknown,unknown,unknown,NORMAL,link_down,0.76
alarm_02527,2026-05-04 17:57:19,CRITICAL,AR,TAC,PHYSICAL PORT DOWN,2026-02-03 16:35:21,2026-02-03 16:35:21,2161.366111111111,1.0,unknown,unknown,unknown,unknown,NORMAL,link_down,0.76
alarm_02528,2026-05-04 17:57:19,CRITICAL,AG,UCA,PHYSICAL PORT DOWN,2026-02-03 17:55:24,2026-02-03 17:55:24,2160.0319444444444,1.0,unknown,unknown,unknown,unknown,NORMAL,link_down,0.76
alarm_02529,2026-05-04 17:57:19,CRITICAL,AR,CAJ,PHYSICAL PORT DOWN,2026-02-03 18:04:31,2026-02-03 18:04:31,2159.88,1.0,unknown,unknown,unknown,unknown,NORMAL,link_down,0.76
alarm_02530,2026-05-04 17:57:19,CRITICAL,AR,TAC,PHYSICAL PORT DOWN,2026-02-03 18:19:52,2026-02-03 18:19:52,2159.6241666666665,1.0,unknown,unknown,unknown,unknown,NORMAL,link_down,0.76
alarm_02531,2026-05-04 17:57:19,CRITICAL,AR,LIC,PHYSICAL PORT DOWN,2026-02-04 11:40:28,2026-02-04 11:40:28,2142.2808333333332,1.0,unknown,unknown,unknown,unknown,NORMAL,link_down,0.76
alarm_02532,2026-05-04 17:57:19,CRITICAL,AR,LIC,PHYSICAL PORT DOWN,2026-02-04 12:49:36,2026-02-04 12:49:36,2141.1286111111112,1.0,unknown,unknown,unknown,unknown,NORMAL,link_down,0.76
alarm_02533,2026-05-04 17:57:19,CRITICAL,AR,LIC,PHYSICAL PORT DOWN,2026-02-04 13:33:21,2026-02-04 13:33:21,2140.3994444444443,1.0,unknown,unknown,unknown,unknown,NORMAL,link_down,0.76
alarm_02534,2026-05-04 17:57:19,CRITICAL,AR,LIC,PHYSICAL PORT DOWN,2026-02-04 13:33:33,2026-02-04 13:33:33,2140.396111111111,1.0,unknown,unknown,unknown,unknown,NORMAL,link_down,0.76
alarm_02535,2026-05-04 17:57:19,CRITICAL,AR,LIC,PHYSICAL PORT DOWN,2026-02-04 13:38:13,2026-02-04 13:38:13,2140.318333333333,1.0,unknown,unknown,unknown,unknown,NORMAL,link_down,0.76
alarm_02536,2026-05-04 17:57:19,CRITICAL,AR,LIP,PHYSICAL PORT DOWN,2026-02-04 15:04:54,2026-02-04 15:04:54,2138.873611111111,1.0,unknown,unknown,unknown,unknown,NORMAL,link_down,0.76
alarm_02537,2026-05-04 17:57:19,CRITICAL,CP,JUN,PHYSICAL PORT DOWN,2026-02-04 22:27:25,2026-02-04 22:27:25,2131.4983333333334,1.0,unknown,unknown,unknown,unknown,NORMAL,link_down,0.76
alarm_02538,2026-05-04 17:57:19,CRITICAL,CP,JUN,PHYSICAL PORT DOWN,2026-02-04 22:27:25,2026-02-04 22:27:25,2131.4983333333334,1.0,unknown,unknown,unknown,unknown,NORMAL,link_down,0.76
alarm_02539,2026-05-04 17:57:19,CRITICAL,CP,JUN,PHYSICAL PORT DOWN,2026-02-04 22:27:25,2026-02-04 22:27:25,2131.4983333333334,1.0,unknown,unknown,unknown,unknown,NORMAL,link_down,0.76
alarm_02540,2026-05-04 17:57:19,CRITICAL,CP,JUN,PHYSICAL PORT DOWN,2026-02-04 22:27:25,2026-02-04 22:27:25,2131.4983333333334,1.0,unknown,unknown,unknown,unknown,NORMAL,link_down,0.76
alarm_02541,2026-05-04 17:57:19,CRITICAL,CP,JUN,PHYSICAL PORT DOWN,2026-02-04 22:27:25,2026-02-04 22:27:25,2131.4983333333334,1.0,unknown,unknown,unknown,unknown,NORMAL,link_down,0.76
alarm_02542,2026-05-04 17:57:19,CRITICAL,CP,JUN,PHYSICAL PORT DOWN,2026-02-04 22:27:25,2026-02-04 22:27:25,2131.4983333333334,1.0,unknown,unknown,unknown,unknown,NORMAL,link_down,0.76
alarm_02543,2026-05-04 17:57:19,CRITICAL,CP,JUN,PHYSICAL PORT DOWN,2026-02-04 22:27:25,2026-02-04 22:27:25,2131.4983333333334,1.0,unknown,unknown,unknown,unknown,NORMAL,link_down,0.76
alarm_02544,2026-05-04 17:57:19,CRITICAL,CP,JUN,PHYSICAL PORT DOWN,2026-02-04 22:27:25,2026-02-04 22:27:25,2131.4983333333334,1.0,unknown,unknown,unknown,unknown,NORMAL,link_down,0.76
alarm_02545,2026-05-04 17:57:19,CRITICAL,CP,JUN,PHYSICAL PORT DOWN,2026-02-04 22:27:25,2026-02-04 22:27:25,2131.4983333333334,1.0,unknown,unknown,unknown,unknown,NORMAL,link_down,0.76
alarm_02546,2026-05-04 17:57:19,CRITICAL,CP,JUN,PHYSICAL PORT DOWN,2026-02-04 22:27:25,2026-02-04 22:27:25,2131.4983333333334,1.0,unknown,unknown,unknown,unknown,NORMAL,link_down,0.76
alarm_02547,2026-05-04 17:57:19,CRITICAL,CP,JUN,PHYSICAL PORT DOWN,2026-02-04 22:42:51,2026-02-04 22:42:51,2131.241111111111,1.0,unknown,unknown,unknown,unknown,NORMAL,link_down,0.76
alarm_02548,2026-05-04 17:57:19,CRITICAL,CP,JUN,PHYSICAL PORT DOWN,2026-02-04 22:42:51,2026-02-04 22:42:51,2131.241111111111,1.0,unknown,unknown,unknown,unknown,NORMAL,link_down,0.76
alarm_02549,2026-05-04 17:57:19,CRITICAL,CP,JUN,PHYSICAL PORT DOWN,2026-02-04 22:42:51,2026-02-04 22:42:51,2131.241111111111,1.0,unknown,unknown,unknown,unknown,NORMAL,link_down,0.76
alarm_02550,2026-05-04 17:57:19,CRITICAL,CP,JUN,PHYSICAL PORT DOWN,2026-02-04 22:42:51,2026-02-04 22:42:51,2131.241111111111,1.0,unknown,unknown,unknown,unknown,NORMAL,link_down,0.76
alarm_02551,2026-05-04 17:57:19,CRITICAL,CP,JUN,PHYSICAL PORT DOWN,2026-02-04 22:42:51,2026-02-04 22:42:51,2131.241111111111,1.0,unknown,unknown,unknown,unknown,NORMAL,link_down,0.76
alarm_02552,2026-05-04 17:57:19,CRITICAL,CP,JUN,PHYSICAL PORT DOWN,2026-02-04 22:42:52,2026-02-04 22:42:52,2131.2408333333333,1.0,unknown,unknown,unknown,unknown,NORMAL,link_down,0.76
alarm_02553,2026-05-04 17:57:19,CRITICAL,CP,JUN,PHYSICAL PORT DOWN,2026-02-04 22:51:42,2026-02-04 22:51:42,2131.093611111111,1.0,unknown,unknown,unknown,unknown,NORMAL,link_down,0.76
alarm_02554,2026-05-04 17:57:19,CRITICAL,CP,JUN,PHYSICAL PORT DOWN,2026-02-04 22:51:42,2026-02-04 22:51:42,2131.093611111111,1.0,unknown,unknown,unknown,unknown,NORMAL,link_down,0.76
alarm_02555,2026-05-04 17:57:19,CRITICAL,CP,JUN,PHYSICAL PORT DOWN,2026-02-04 22:51:42,2026-02-04 22:51:42,2131.093611111111,1.0,unknown,unknown,unknown,unknown,NORMAL,link_down,0.76
alarm_02556,2026-05-04 17:57:19,CRITICAL,CP,JUN,PHYSICAL PORT DOWN,2026-02-04 22:51:42,2026-02-04 22:51:42,2131.093611111111,1.0,unknown,unknown,unknown,unknown,NORMAL,link_down,0.76
alarm_02557,2026-05-04 17:57:19,CRITICAL,CP,JUN,PHYSICAL PORT DOWN,2026-02-04 22:51:42,2026-02-04 22:51:42,2131.093611111111,1.0,unknown,unknown,unknown,unknown,NORMAL,link_down,0.76
alarm_02558,2026-05-04 17:57:19,CRITICAL,CP,JUN,PHYSICAL PORT DOWN,2026-02-04 22:51:42,2026-02-04 22:51:42,2131.093611111111,1.0,unknown,unknown,unknown,unknown,NORMAL,link_down,0.76
alarm_02559,2026-05-04 17:57:19,CRITICAL,CP,JUN,PHYSICAL PORT DOWN,2026-02-04 22:51:42,2026-02-04 22:51:42,2131.093611111111,1.0,unknown,unknown,unknown,unknown,NORMAL,link_down,0.76
alarm_02560,2026-05-04 17:57:19,CRITICAL,CP,JUN,PHYSICAL PORT DOWN,2026-02-04 22:51:43,2026-02-04 22:51:43,2131.0933333333332,1.0,unknown,unknown,unknown,unknown,NORMAL,link_down,0.76
alarm_02561,2026-05-04 17:57:19,CRITICAL,CP,JUN,PHYSICAL PORT DOWN,2026-02-04 22:51:43,2026-02-04 22:51:43,2131.0933333333332,1.0,unknown,unknown,unknown,unknown,NORMAL,link_down,0.76
alarm_02562,2026-05-04 17:57:19,CRITICAL,CP,JUN,PHYSICAL PORT DOWN,2026-02-04 22:51:43,2026-02-04 22:51:43,2131.0933333333332,1.0,unknown,unknown,unknown,unknown,NORMAL,link_down,0.76
alarm_02563,2026-05-04 17:57:19,CRITICAL,CP,JUN,PHYSICAL PORT DOWN,2026-02-04 22:51:43,2026-02-04 22:51:43,2131.0933333333332,1.0,unknown,unknown,unknown,unknown,NORMAL,link_down,0.76
alarm_02564,2026-05-04 17:57:19,CRITICAL,CP,JUN,PHYSICAL PORT DOWN,2026-02-04 22:51:43,2026-02-04 22:51:43,2131.0933333333332,1.0,unknown,unknown,unknown,unknown,NORMAL,link_down,0.76
alarm_02565,2026-05-04 17:57:19,CRITICAL,CP,JUN,PHYSICAL PORT DOWN,2026-02-04 22:51:43,2026-02-04 22:51:43,2131.0933333333332,1.0,unknown,unknown,unknown,unknown,NORMAL,link_down,0.76
alarm_02566,2026-05-04 17:57:19,CRITICAL,CP,JUN,PHYSICAL PORT DOWN,2026-02-04 22:51:43,2026-02-04 22:51:43,2131.0933333333332,1.0,unknown,unknown,unknown,unknown,NORMAL,link_down,0.76
alarm_02567,2026-05-04 17:57:19,CRITICAL,CP,JUN,PHYSICAL PORT DOWN,2026-02-04 22:51:43,2026-02-04 22:51:43,2131.0933333333332,1.0,unknown,unknown,unknown,unknown,NORMAL,link_down,0.76
alarm_02568,2026-05-04 17:57:19,CRITICAL,CP,JUN,PHYSICAL PORT DOWN,2026-02-04 22:51:43,2026-02-04 22:51:43,2131.0933333333332,1.0,unknown,unknown,unknown,unknown,NORMAL,link_down,0.76
alarm_02569,2026-05-04 17:57:19,CRITICAL,CP,JUN,PHYSICAL PORT DOWN,2026-02-04 22:51:43,2026-02-04 22:51:43,2131.0933333333332,1.0,unknown,unknown,unknown,unknown,NORMAL,link_down,0.76
alarm_02570,2026-05-04 17:57:19,CRITICAL,CP,JUN,PHYSICAL PORT DOWN,2026-02-04 22:51:43,2026-02-04 22:51:43,2131.0933333333332,1.0,unknown,unknown,unknown,unknown,NORMAL,link_down,0.76
alarm_02571,2026-05-04 17:57:19,CRITICAL,CP,JUN,PHYSICAL PORT DOWN,2026-02-04 22:51:43,2026-02-04 22:51:43,2131.0933333333332,1.0,unknown,unknown,unknown,unknown,NORMAL,link_down,0.76
alarm_02572,2026-05-04 17:57:19,CRITICAL,CP,JUN,PHYSICAL PORT DOWN,2026-02-04 22:51:43,2026-02-04 22:51:43,2131.0933333333332,1.0,unknown,unknown,unknown,unknown,NORMAL,link_down,0.76
alarm_02573,2026-05-04 17:57:19,CRITICAL,CP,JUN,PHYSICAL PORT DOWN,2026-02-04 22:52:10,2026-02-04 22:52:10,2131.0858333333335,1.0,unknown,unknown,unknown,unknown,NORMAL,link_down,0.76
alarm_02574,2026-05-04 17:57:19,CRITICAL,CP,JUN,PHYSICAL PORT DOWN,2026-02-04 22:52:10,2026-02-04 22:52:10,2131.0858333333335,1.0,unknown,unknown,unknown,unknown,NORMAL,link_down,0.76
alarm_02575,2026-05-04 17:57:19,CRITICAL,CP,JUN,PHYSICAL PORT DOWN,2026-02-04 22:52:10,2026-02-04 22:52:10,2131.0858333333335,1.0,unknown,unknown,unknown,unknown,NORMAL,link_down,0.76
alarm_02576,2026-05-04 17:57:19,CRITICAL,CP,JUN,PHYSICAL PORT DOWN,2026-02-04 22:52:10,2026-02-04 22:52:10,2131.0858333333335,1.0,unknown,unknown,unknown,unknown,NORMAL,link_down,0.76
alarm_02577,2026-05-04 17:57:19,CRITICAL,CP,JUN,PHYSICAL PORT DOWN,2026-02-04 22:52:10,2026-02-04 22:52:10,2131.0858333333335,1.0,unknown,unknown,unknown,unknown,NORMAL,link_down,0.76
alarm_02578,2026-05-04 17:57:19,CRITICAL,CP,JUN,PHYSICAL PORT DOWN,2026-02-04 22:52:10,2026-02-04 22:52:10,2131.0858333333335,1.0,unknown,unknown,unknown,unknown,NORMAL,link_down,0.76
alarm_02579,2026-05-04 17:57:19,CRITICAL,CP,JUN,PHYSICAL PORT DOWN,2026-02-04 22:52:10,2026-02-04 22:52:10,2131.0858333333335,1.0,unknown,unknown,unknown,unknown,NORMAL,link_down,0.76
alarm_02580,2026-05-04 17:57:19,CRITICAL,CP,JUN,PHYSICAL PORT DOWN,2026-02-04 22:52:10,2026-02-04 22:52:10,2131.0858333333335,1.0,unknown,unknown,unknown,unknown,NORMAL,link_down,0.76
alarm_02581,2026-05-04 17:57:19,CRITICAL,CP,JUN,PHYSICAL PORT DOWN,2026-02-04 22:52:10,2026-02-04 22:52:10,2131.0858333333335,1.0,unknown,unknown,unknown,unknown,NORMAL,link_down,0.76
alarm_02582,2026-05-04 17:57:19,CRITICAL,CP,JUN,PHYSICAL PORT DOWN,2026-02-04 22:52:10,2026-02-04 22:52:10,2131.0858333333335,1.0,unknown,unknown,unknown,unknown,NORMAL,link_down,0.76
alarm_02583,2026-05-04 17:57:19,CRITICAL,CP,JUN,PHYSICAL PORT DOWN,2026-02-04 22:52:10,2026-02-04 22:52:10,2131.0858333333335,1.0,unknown,unknown,unknown,unknown,NORMAL,link_down,0.76
alarm_02584,2026-05-04 17:57:19,CRITICAL,CP,JUN,PHYSICAL PORT DOWN,2026-02-04 22:52:10,2026-02-04 22:52:10,2131.0858333333335,1.0,unknown,unknown,unknown,unknown,NORMAL,link_down,0.76
alarm_02585,2026-05-04 17:57:19,CRITICAL,CP,JUN,PHYSICAL PORT DOWN,2026-02-04 22:52:10,2026-02-04 22:52:10,2131.0858333333335,1.0,unknown,unknown,unknown,unknown,NORMAL,link_down,0.76
alarm_02586,2026-05-04 17:57:19,CRITICAL,CP,JUN,PHYSICAL PORT DOWN,2026-02-04 22:52:10,2026-02-04 22:52:10,2131.0858333333335,1.0,unknown,unknown,unknown,unknown,NORMAL,link_down,0.76
alarm_02587,2026-05-04 17:57:19,CRITICAL,CP,JUN,PHYSICAL PORT DOWN,2026-02-04 22:52:10,2026-02-04 22:52:10,2131.0858333333335,1.0,unknown,unknown,unknown,unknown,NORMAL,link_down,0.76
alarm_02588,2026-05-04 17:57:19,CRITICAL,CP,JUN,PHYSICAL PORT DOWN,2026-02-04 22:52:10,2026-02-04 22:52:10,2131.0858333333335,1.0,unknown,unknown,unknown,unknown,NORMAL,link_down,0.76
alarm_02589,2026-05-04 17:57:19,CRITICAL,CP,JUN,PHYSICAL PORT DOWN,2026-02-04 22:52:10,2026-02-04 22:52:10,2131.0858333333335,1.0,unknown,unknown,unknown,unknown,NORMAL,link_down,0.76
alarm_02590,2026-05-04 17:57:19,CRITICAL,CP,JUN,PHYSICAL PORT DOWN,2026-02-04 22:52:10,2026-02-04 22:52:10,2131.0858333333335,1.0,unknown,unknown,unknown,unknown,NORMAL,link_down,0.76
alarm_02591,2026-05-04 17:57:19,CRITICAL,CP,JUN,PHYSICAL PORT DOWN,2026-02-04 22:57:36,2026-02-04 22:57:36,2130.9952777777776,1.0,unknown,unknown,unknown,unknown,NORMAL,link_down,0.76
alarm_02592,2026-05-04 17:57:19,CRITICAL,CP,JUN,PHYSICAL PORT DOWN,2026-02-04 22:57:36,2026-02-04 22:57:36,2130.9952777777776,1.0,unknown,unknown,unknown,unknown,NORMAL,link_down,0.76
alarm_02593,2026-05-04 17:57:19,CRITICAL,CP,JUN,PHYSICAL PORT DOWN,2026-02-04 22:57:36,2026-02-04 22:57:36,2130.9952777777776,1.0,unknown,unknown,unknown,unknown,NORMAL,link_down,0.76
alarm_02594,2026-05-04 17:57:19,CRITICAL,CP,JUN,PHYSICAL PORT DOWN,2026-02-04 22:57:36,2026-02-04 22:57:36,2130.9952777777776,1.0,unknown,unknown,unknown,unknown,NORMAL,link_down,0.76
alarm_02595,2026-05-04 17:57:19,CRITICAL,CP,JUN,PHYSICAL PORT DOWN,2026-02-04 22:57:36,2026-02-04 22:57:36,2130.9952777777776,1.0,unknown,unknown,unknown,unknown,NORMAL,link_down,0.76
alarm_02596,2026-05-04 17:57:19,CRITICAL,CP,JUN,PHYSICAL PORT DOWN,2026-02-04 22:57:36,2026-02-04 22:57:36,2130.9952777777776,1.0,unknown,unknown,unknown,unknown,NORMAL,link_down,0.76
alarm_02597,2026-05-04 17:57:19,CRITICAL,CP,JUN,PHYSICAL PORT DOWN,2026-02-04 22:57:36,2026-02-04 22:57:36,2130.9952777777776,1.0,unknown,unknown,unknown,unknown,NORMAL,link_down,0.76
alarm_02598,2026-05-04 17:57:19,CRITICAL,CP,JUN,PHYSICAL PORT DOWN,2026-02-04 22:57:36,2026-02-04 22:57:36,2130.9952777777776,1.0,unknown,unknown,unknown,unknown,NORMAL,link_down,0.76
alarm_02599,2026-05-04 17:57:19,CRITICAL,CP,JUN,PHYSICAL PORT DOWN,2026-02-04 22:57:36,2026-02-04 22:57:36,2130.9952777777776,1.0,unknown,unknown,unknown,unknown,NORMAL,link_down,0.76
alarm_02600,2026-05-04 17:57:19,CRITICAL,CP,JUN,PHYSICAL PORT DOWN,2026-02-04 22:57:36,2026-02-04 22:57:36,2130.9952777777776,1.0,unknown,unknown,unknown,unknown,NORMAL,link_down,0.76
alarm_02601,2026-05-04 17:57:19,CRITICAL,CP,JUN,PHYSICAL PORT DOWN,2026-02-04 22:58:19,2026-02-04 22:58:19,2130.983333333333,1.0,unknown,unknown,unknown,unknown,NORMAL,link_down,0.76
alarm_02602,2026-05-04 17:57:19,CRITICAL,CP,JUN,PHYSICAL PORT DOWN,2026-02-04 22:58:19,2026-02-04 22:58:19,2130.983333333333,1.0,unknown,unknown,unknown,unknown,NORMAL,link_down,0.76
alarm_02603,2026-05-04 17:57:19,CRITICAL,CP,JUN,PHYSICAL PORT DOWN,2026-02-04 22:58:19,2026-02-04 22:58:19,2130.983333333333,1.0,unknown,unknown,unknown,unknown,NORMAL,link_down,0.76
alarm_02604,2026-05-04 17:57:19,CRITICAL,CP,JUN,PHYSICAL PORT DOWN,2026-02-04 22:58:19,2026-02-04 22:58:19,2130.983333333333,1.0,unknown,unknown,unknown,unknown,NORMAL,link_down,0.76
alarm_02605,2026-05-04 17:57:19,CRITICAL,CP,JUN,PHYSICAL PORT DOWN,2026-02-04 22:58:19,2026-02-04 22:58:19,2130.983333333333,1.0,unknown,unknown,unknown,unknown,NORMAL,link_down,0.76
alarm_02606,2026-05-04 17:57:19,CRITICAL,CP,JUN,PHYSICAL PORT DOWN,2026-02-04 22:58:19,2026-02-04 22:58:19,2130.983333333333,1.0,unknown,unknown,unknown,unknown,NORMAL,link_down,0.76
alarm_02607,2026-05-04 17:57:19,CRITICAL,CP,JUN,PHYSICAL PORT DOWN,2026-02-04 22:58:19,2026-02-04 22:58:19,2130.983333333333,1.0,unknown,unknown,unknown,unknown,NORMAL,link_down,0.76
alarm_02608,2026-05-04 17:57:19,CRITICAL,CP,JUN,PHYSICAL PORT DOWN,2026-02-04 22:58:19,2026-02-04 22:58:19,2130.983333333333,1.0,unknown,unknown,unknown,unknown,NORMAL,link_down,0.76
alarm_02609,2026-05-04 17:57:19,CRITICAL,CP,JUN,PHYSICAL PORT DOWN,2026-02-04 22:58:19,2026-02-04 22:58:19,2130.983333333333,1.0,unknown,unknown,unknown,unknown,NORMAL,link_down,0.76
alarm_02610,2026-05-04 17:57:19,CRITICAL,CP,JUN,PHYSICAL PORT DOWN,2026-02-04 22:58:19,2026-02-04 22:58:19,2130.983333333333,1.0,unknown,unknown,unknown,unknown,NORMAL,link_down,0.76
alarm_02611,2026-05-04 17:57:19,CRITICAL,CP,ICA,PHYSICAL PORT DOWN,2026-02-04 23:09:18,2026-02-04 23:09:18,2130.800277777778,1.0,unknown,unknown,unknown,unknown,NORMAL,link_down,0.76
alarm_02612,2026-05-04 17:57:19,CRITICAL,CP,ICA,PHYSICAL PORT DOWN,2026-02-04 23:09:19,2026-02-04 23:09:19,2130.8,1.0,unknown,unknown,unknown,unknown,NORMAL,link_down,0.76
alarm_02613,2026-05-04 17:57:19,CRITICAL,CP,ICA,PHYSICAL PORT DOWN,2026-02-04 23:09:19,2026-02-04 23:09:19,2130.8,1.0,unknown,unknown,unknown,unknown,NORMAL,link_down,0.76
alarm_02614,2026-05-04 17:57:19,CRITICAL,CP,ICA,PHYSICAL PORT DOWN,2026-02-04 23:09:19,2026-02-04 23:09:19,2130.8,1.0,unknown,unknown,unknown,unknown,NORMAL,link_down,0.76
alarm_02615,2026-05-04 17:57:19,CRITICAL,CP,ICA,PHYSICAL PORT DOWN,2026-02-04 23:09:19,2026-02-04 23:09:19,2130.8,1.0,unknown,unknown,unknown,unknown,NORMAL,link_down,0.76
alarm_02616,2026-05-04 17:57:19,CRITICAL,CP,ICA,PHYSICAL PORT DOWN,2026-02-04 23:09:19,2026-02-04 23:09:19,2130.8,1.0,unknown,unknown,unknown,unknown,NORMAL,link_down,0.76
alarm_02617,2026-05-04 17:57:19,CRITICAL,CP,ICA,PHYSICAL PORT DOWN,2026-02-04 23:09:19,2026-02-04 23:09:19,2130.8,1.0,unknown,unknown,unknown,unknown,NORMAL,link_down,0.76
alarm_02618,2026-05-04 17:57:19,CRITICAL,CP,ICA,PHYSICAL PORT DOWN,2026-02-04 23:09:19,2026-02-04 23:09:19,2130.8,1.0,unknown,unknown,unknown,unknown,NORMAL,link_down,0.76
alarm_02619,2026-05-04 17:57:19,CRITICAL,CP,ICA,PHYSICAL PORT DOWN,2026-02-04 23:09:19,2026-02-04 23:09:19,2130.8,1.0,unknown,unknown,unknown,unknown,NORMAL,link_down,0.76
alarm_02620,2026-05-04 17:57:19,CRITICAL,CP,ICA,PHYSICAL PORT DOWN,2026-02-04 23:09:19,2026-02-04 23:09:19,2130.8,1.0,unknown,unknown,unknown,unknown,NORMAL,link_down,0.76
alarm_02621,2026-05-04 17:57:19,CRITICAL,CP,ICA,PHYSICAL PORT DOWN,2026-02-04 23:09:47,2026-02-04 23:09:47,2130.7922222222223,1.0,unknown,unknown,unknown,unknown,NORMAL,link_down,0.76
alarm_02622,2026-05-04 17:57:19,CRITICAL,CP,ICA,PHYSICAL PORT DOWN,2026-02-04 23:09:47,2026-02-04 23:09:47,2130.7922222222223,1.0,unknown,unknown,unknown,unknown,NORMAL,link_down,0.76
alarm_02623,2026-05-04 17:57:19,CRITICAL,CP,ICA,PHYSICAL PORT DOWN,2026-02-04 23:09:47,2026-02-04 23:09:47,2130.7922222222223,1.0,unknown,unknown,unknown,unknown,NORMAL,link_down,0.76
alarm_02624,2026-05-04 17:57:19,CRITICAL,CP,ICA,PHYSICAL PORT DOWN,2026-02-04 23:09:47,2026-02-04 23:09:47,2130.7922222222223,1.0,unknown,unknown,unknown,unknown,NORMAL,link_down,0.76
alarm_02625,2026-05-04 17:57:19,CRITICAL,CP,ICA,PHYSICAL PORT DOWN,2026-02-04 23:09:48,2026-02-04 23:09:48,2130.7919444444447,1.0,unknown,unknown,unknown,unknown,NORMAL,link_down,0.76
alarm_02626,2026-05-04 17:57:19,CRITICAL,CP,ICA,PHYSICAL PORT DOWN,2026-02-04 23:09:48,2026-02-04 23:09:48,2130.7919444444447,1.0,unknown,unknown,unknown,unknown,NORMAL,link_down,0.76
alarm_02627,2026-05-04 17:57:19,CRITICAL,CP,ICA,PHYSICAL PORT DOWN,2026-02-04 23:09:48,2026-02-04 23:09:48,2130.7919444444447,1.0,unknown,unknown,unknown,unknown,NORMAL,link_down,0.76
alarm_02628,2026-05-04 17:57:19,CRITICAL,CP,ICA,PHYSICAL PORT DOWN,2026-02-04 23:09:48,2026-02-04 23:09:48,2130.7919444444447,1.0,unknown,unknown,unknown,unknown,NORMAL,link_down,0.76
alarm_02629,2026-05-04 17:57:19,CRITICAL,CP,ICA,PHYSICAL PORT DOWN,2026-02-04 23:09:50,2026-02-04 23:09:50,2130.791388888889,1.0,unknown,unknown,unknown,unknown,NORMAL,link_down,0.76
alarm_02630,2026-05-04 17:57:19,CRITICAL,CP,ICA,PHYSICAL PORT DOWN,2026-02-04 23:09:51,2026-02-04 23:09:51,2130.791111111111,1.0,unknown,unknown,unknown,unknown,NORMAL,link_down,0.76
alarm_02631,2026-05-04 17:57:19,CRITICAL,AG,AYA,PHYSICAL PORT DOWN,2026-02-05 18:10:28,2026-02-05 18:10:28,2111.7808333333332,1.0,unknown,unknown,unknown,unknown,NORMAL,link_down,0.76
alarm_02632,2026-05-04 17:57:19,CRITICAL,AG,AYA,PHYSICAL PORT DOWN,2026-02-05 18:10:28,2026-02-05 18:10:28,2111.7808333333332,1.0,unknown,unknown,unknown,unknown,NORMAL,link_down,0.76
alarm_02633,2026-05-04 17:57:19,CRITICAL,AR,UCA,PHYSICAL PORT DOWN,2026-02-06 12:14:44,2026-02-06 12:14:44,2093.7097222222224,1.0,unknown,unknown,unknown,unknown,NORMAL,link_down,0.76
alarm_02634,2026-05-04 17:57:19,CRITICAL,AR,ANC,PHYSICAL PORT DOWN,2026-02-06 17:39:14,2026-02-06 17:39:14,2088.301388888889,1.0,unknown,unknown,unknown,unknown,NORMAL,link_down,0.76
alarm_02635,2026-05-04 17:57:19,CRITICAL,AR,LIP,PHYSICAL PORT DOWN,2026-02-06 17:40:23,2026-02-06 17:40:23,2088.282222222222,1.0,unknown,unknown,unknown,unknown,NORMAL,link_down,0.76
alarm_02636,2026-05-04 17:57:19,CRITICAL,AR,APU,PHYSICAL PORT DOWN,2026-02-06 18:03:59,2026-02-06 18:03:59,2087.8888888888887,1.0,unknown,unknown,unknown,unknown,NORMAL,link_down,0.76
alarm_02637,2026-05-04 17:57:19,CRITICAL,AR,APU,PHYSICAL PORT DOWN,2026-02-06 18:03:59,2026-02-06 18:03:59,2087.8888888888887,1.0,unknown,unknown,unknown,unknown,NORMAL,link_down,0.76
alarm_02638,2026-05-04 17:57:19,CRITICAL,AR,HUN,THE DEVICE IS OFFLINE,2026-02-08 12:03:23,2026-02-08 12:03:23,2045.898888888889,1.0,unknown,unknown,unknown,unknown,NORMAL,other,0.66
alarm_02639,2026-05-04 17:57:19,CRITICAL,AR,PIU,PHYSICAL PORT DOWN,2026-02-08 16:16:18,2026-02-08 16:16:18,2041.683611111111,1.0,unknown,unknown,unknown,unknown,NORMAL,link_down,0.76
alarm_02640,2026-05-04 17:57:19,CRITICAL,AR,LIC,PHYSICAL PORT DOWN,2026-02-08 20:32:40,2026-02-08 20:32:40,2037.4108333333334,1.0,unknown,unknown,unknown,unknown,NORMAL,link_down,0.76
alarm_02641,2026-05-04 17:57:19,CRITICAL,CP,AYA,PHYSICAL PORT DOWN,2026-02-09 14:36:28,2026-02-09 14:36:28,2019.3475,1.0,unknown,unknown,unknown,unknown,NORMAL,link_down,0.76
alarm_02642,2026-05-04 17:57:19,CRITICAL,CP,AYA,PHYSICAL PORT DOWN,2026-02-09 14:36:28,2026-02-09 14:36:28,2019.3475,1.0,unknown,unknown,unknown,unknown,NORMAL,link_down,0.76
alarm_02643,2026-05-04 17:57:19,CRITICAL,CP,AYA,PHYSICAL PORT DOWN,2026-02-09 14:36:28,2026-02-09 14:36:28,2019.3475,1.0,unknown,unknown,unknown,unknown,NORMAL,link_down,0.76
alarm_02644,2026-05-04 17:57:19,CRITICAL,CP,AYA,PHYSICAL PORT DOWN,2026-02-09 14:36:28,2026-02-09 14:36:28,2019.3475,1.0,unknown,unknown,unknown,unknown,NORMAL,link_down,0.76
alarm_02645,2026-05-04 17:57:19,CRITICAL,CP,AYA,PHYSICAL PORT DOWN,2026-02-09 14:36:28,2026-02-09 14:36:28,2019.3475,1.0,unknown,unknown,unknown,unknown,NORMAL,link_down,0.76
alarm_02646,2026-05-04 17:57:19,CRITICAL,CP,AYA,PHYSICAL PORT DOWN,2026-02-09 14:36:28,2026-02-09 14:36:28,2019.3475,1.0,unknown,unknown,unknown,unknown,NORMAL,link_down,0.76
alarm_02647,2026-05-04 17:57:19,CRITICAL,CP,AYA,PHYSICAL PORT DOWN,2026-02-09 14:36:28,2026-02-09 14:36:28,2019.3475,1.0,unknown,unknown,unknown,unknown,NORMAL,link_down,0.76
alarm_02648,2026-05-04 17:57:19,CRITICAL,CP,AYA,PHYSICAL PORT DOWN,2026-02-09 14:36:28,2026-02-09 14:36:28,2019.3475,1.0,unknown,unknown,unknown,unknown,NORMAL,link_down,0.76
alarm_02649,2026-05-04 17:57:19,CRITICAL,CP,AYA,PHYSICAL PORT DOWN,2026-02-09 14:36:28,2026-02-09 14:36:28,2019.3475,1.0,unknown,unknown,unknown,unknown,NORMAL,link_down,0.76
alarm_02650,2026-05-04 17:57:19,CRITICAL,CP,AYA,PHYSICAL PORT DOWN,2026-02-09 14:36:28,2026-02-09 14:36:28,2019.3475,1.0,unknown,unknown,unknown,unknown,NORMAL,link_down,0.76
alarm_02651,2026-05-04 17:57:19,CRITICAL,CP,AYA,PHYSICAL PORT DOWN,2026-02-09 14:36:28,2026-02-09 14:36:28,2019.3475,1.0,unknown,unknown,unknown,unknown,NORMAL,link_down,0.76
alarm_02652,2026-05-04 17:57:19,CRITICAL,CP,AYA,PHYSICAL PORT DOWN,2026-02-09 14:36:28,2026-02-09 14:36:28,2019.3475,1.0,unknown,unknown,unknown,unknown,NORMAL,link_down,0.76
alarm_02653,2026-05-04 17:57:19,CRITICAL,CP,AYA,PHYSICAL PORT DOWN,2026-02-09 14:36:28,2026-02-09 14:36:28,2019.3475,1.0,unknown,unknown,unknown,unknown,NORMAL,link_down,0.76
alarm_02654,2026-05-04 17:57:19,CRITICAL,CP,AYA,PHYSICAL PORT DOWN,2026-02-09 14:36:28,2026-02-09 14:36:28,2019.3475,1.0,unknown,unknown,unknown,unknown,NORMAL,link_down,0.76
alarm_02655,2026-05-04 17:57:19,CRITICAL,CP,AYA,PHYSICAL PORT DOWN,2026-02-09 14:36:29,2026-02-09 14:36:29,2019.3472222222222,1.0,unknown,unknown,unknown,unknown,NORMAL,link_down,0.76
alarm_02656,2026-05-04 17:57:19,CRITICAL,CP,AYA,PHYSICAL PORT DOWN,2026-02-09 14:36:29,2026-02-09 14:36:29,2019.3472222222222,1.0,unknown,unknown,unknown,unknown,NORMAL,link_down,0.76
alarm_02657,2026-05-04 17:57:19,CRITICAL,CP,AYA,PHYSICAL PORT DOWN,2026-02-09 14:36:29,2026-02-09 14:36:29,2019.3472222222222,1.0,unknown,unknown,unknown,unknown,NORMAL,link_down,0.76
alarm_02658,2026-05-04 17:57:19,CRITICAL,CP,AYA,PHYSICAL PORT DOWN,2026-02-09 14:36:29,2026-02-09 14:36:29,2019.3472222222222,1.0,unknown,unknown,unknown,unknown,NORMAL,link_down,0.76
alarm_02659,2026-05-04 17:57:19,CRITICAL,CP,AYA,PHYSICAL PORT DOWN,2026-02-09 14:37:00,2026-02-09 14:37:00,2019.338611111111,1.0,unknown,unknown,unknown,unknown,NORMAL,link_down,0.76
alarm_02660,2026-05-04 17:57:19,CRITICAL,CP,AYA,PHYSICAL PORT DOWN,2026-02-09 14:37:00,2026-02-09 14:37:00,2019.338611111111,1.0,unknown,unknown,unknown,unknown,NORMAL,link_down,0.76
alarm_02661,2026-05-04 17:57:19,CRITICAL,CP,AYA,PHYSICAL PORT DOWN,2026-02-09 14:37:00,2026-02-09 14:37:00,2019.338611111111,1.0,unknown,unknown,unknown,unknown,NORMAL,link_down,0.76
alarm_02662,2026-05-04 17:57:19,CRITICAL,CP,AYA,PHYSICAL PORT DOWN,2026-02-09 14:37:00,2026-02-09 14:37:00,2019.338611111111,1.0,unknown,unknown,unknown,unknown,NORMAL,link_down,0.76
alarm_02663,2026-05-04 17:57:19,CRITICAL,CP,AYA,PHYSICAL PORT DOWN,2026-02-09 14:37:00,2026-02-09 14:37:00,2019.338611111111,1.0,unknown,unknown,unknown,unknown,NORMAL,link_down,0.76
alarm_02664,2026-05-04 17:57:19,CRITICAL,CP,AYA,PHYSICAL PORT DOWN,2026-02-09 14:37:00,2026-02-09 14:37:00,2019.338611111111,1.0,unknown,unknown,unknown,unknown,NORMAL,link_down,0.76
alarm_02665,2026-05-04 17:57:19,CRITICAL,CP,AYA,PHYSICAL PORT DOWN,2026-02-09 14:37:00,2026-02-09 14:37:00,2019.338611111111,1.0,unknown,unknown,unknown,unknown,NORMAL,link_down,0.76
alarm_02666,2026-05-04 17:57:19,CRITICAL,CP,AYA,PHYSICAL PORT DOWN,2026-02-09 14:37:00,2026-02-09 14:37:00,2019.338611111111,1.0,unknown,unknown,unknown,unknown,NORMAL,link_down,0.76
alarm_02667,2026-05-04 17:57:19,CRITICAL,CP,AYA,PHYSICAL PORT DOWN,2026-02-09 14:37:01,2026-02-09 14:37:01,2019.3383333333334,1.0,unknown,unknown,unknown,unknown,NORMAL,link_down,0.76
alarm_02668,2026-05-04 17:57:19,CRITICAL,CP,AYA,PHYSICAL PORT DOWN,2026-02-09 14:37:01,2026-02-09 14:37:01,2019.3383333333334,1.0,unknown,unknown,unknown,unknown,NORMAL,link_down,0.76
alarm_02669,2026-05-04 17:57:19,CRITICAL,CP,AYA,PHYSICAL PORT DOWN,2026-02-09 14:37:01,2026-02-09 14:37:01,2019.3383333333334,1.0,unknown,unknown,unknown,unknown,NORMAL,link_down,0.76
alarm_02670,2026-05-04 17:57:19,CRITICAL,CP,AYA,PHYSICAL PORT DOWN,2026-02-09 14:37:19,2026-02-09 14:37:19,2019.3333333333333,1.0,unknown,unknown,unknown,unknown,NORMAL,link_down,0.76
alarm_02671,2026-05-04 17:57:19,CRITICAL,CP,AYA,PHYSICAL PORT DOWN,2026-02-09 14:37:19,2026-02-09 14:37:19,2019.3333333333333,1.0,unknown,unknown,unknown,unknown,NORMAL,link_down,0.76
alarm_02672,2026-05-04 17:57:19,CRITICAL,CP,AYA,PHYSICAL PORT DOWN,2026-02-09 14:37:19,2026-02-09 14:37:19,2019.3333333333333,1.0,unknown,unknown,unknown,unknown,NORMAL,link_down,0.76
alarm_02673,2026-05-04 17:57:19,CRITICAL,CP,AYA,PHYSICAL PORT DOWN,2026-02-09 14:37:19,2026-02-09 14:37:19,2019.3333333333333,1.0,unknown,unknown,unknown,unknown,NORMAL,link_down,0.76
alarm_02674,2026-05-04 17:57:19,CRITICAL,CP,AYA,PHYSICAL PORT DOWN,2026-02-09 14:37:19,2026-02-09 14:37:19,2019.3333333333333,1.0,unknown,unknown,unknown,unknown,NORMAL,link_down,0.76
alarm_02675,2026-05-04 17:57:19,CRITICAL,CP,AYA,PHYSICAL PORT DOWN,2026-02-09 14:37:19,2026-02-09 14:37:19,2019.3333333333333,1.0,unknown,unknown,unknown,unknown,NORMAL,link_down,0.76
alarm_02676,2026-05-04 17:57:19,CRITICAL,CP,AYA,PHYSICAL PORT DOWN,2026-02-09 14:38:26,2026-02-09 14:38:26,2019.3147222222221,1.0,unknown,unknown,unknown,unknown,NORMAL,link_down,0.76
alarm_02677,2026-05-04 17:57:19,CRITICAL,CP,AYA,PHYSICAL PORT DOWN,2026-02-09 14:38:26,2026-02-09 14:38:26,2019.3147222222221,1.0,unknown,unknown,unknown,unknown,NORMAL,link_down,0.76
alarm_02678,2026-05-04 17:57:19,CRITICAL,AG,ARE,PHYSICAL PORT DOWN,2026-02-10 00:15:07,2026-02-10 00:15:07,2009.7033333333334,1.0,unknown,unknown,unknown,unknown,NORMAL,link_down,0.76
alarm_02679,2026-05-04 17:57:19,CRITICAL,AG,ARE,PHYSICAL PORT DOWN,2026-02-10 00:15:08,2026-02-10 00:15:08,2009.7030555555555,1.0,unknown,unknown,unknown,unknown,NORMAL,link_down,0.76
alarm_02680,2026-05-04 17:57:19,CRITICAL,AG,ARE,PHYSICAL PORT DOWN,2026-02-10 00:15:08,2026-02-10 00:15:08,2009.7030555555555,1.0,unknown,unknown,unknown,unknown,NORMAL,link_down,0.76
alarm_02681,2026-05-04 17:57:19,CRITICAL,AG,ARE,PHYSICAL PORT DOWN,2026-02-10 00:15:08,2026-02-10 00:15:08,2009.7030555555555,1.0,unknown,unknown,unknown,unknown,NORMAL,link_down,0.76
alarm_02682,2026-05-04 17:57:19,CRITICAL,AG,ARE,PHYSICAL PORT DOWN,2026-02-10 00:15:09,2026-02-10 00:15:09,2009.7027777777778,1.0,unknown,unknown,unknown,unknown,NORMAL,link_down,0.76
alarm_02683,2026-05-04 17:57:19,CRITICAL,AG,ARE,PHYSICAL PORT DOWN,2026-02-10 00:15:09,2026-02-10 00:15:09,2009.7027777777778,1.0,unknown,unknown,unknown,unknown,NORMAL,link_down,0.76
alarm_02684,2026-05-04 17:57:19,CRITICAL,CP,PUN,PHYSICAL PORT DOWN,2026-02-10 09:29:03,2026-02-10 09:29:03,2000.4711111111112,1.0,unknown,unknown,unknown,unknown,NORMAL,link_down,0.76
alarm_02685,2026-05-04 17:57:19,CRITICAL,AR,CAJ,PHYSICAL PORT DOWN,2026-02-10 11:19:13,2026-02-10 11:19:13,1998.635,1.0,unknown,unknown,unknown,unknown,NORMAL,link_down,0.76
alarm_02686,2026-05-04 17:57:19,CRITICAL,AR,CAJ,PHYSICAL PORT DOWN,2026-02-10 14:48:55,2026-02-10 14:48:55,1995.14,1.0,unknown,unknown,unknown,unknown,NORMAL,link_down,0.76
alarm_02687,2026-05-04 17:57:19,CRITICAL,AG,MAD,PHYSICAL PORT DOWN,2026-02-11 19:24:11,2026-02-11 19:24:11,1966.5522222222223,1.0,unknown,unknown,unknown,unknown,NORMAL,link_down,0.76
alarm_02688,2026-05-04 17:57:19,CRITICAL,AG,LIC,BOARD INVALID,2026-02-11 22:52:32,2026-02-11 22:52:32,1963.0797222222222,1.0,unknown,unknown,unknown,unknown,NORMAL,other,0.66
alarm_02689,2026-05-04 17:57:19,CRITICAL,AG,ARE,PHYSICAL PORT DOWN,2026-02-11 23:10:52,2026-02-11 23:10:52,1962.7741666666666,1.0,unknown,unknown,unknown,unknown,NORMAL,link_down,0.76
alarm_02690,2026-05-04 17:57:19,CRITICAL,AG,ARE,PHYSICAL PORT DOWN,2026-02-11 23:10:52,2026-02-11 23:10:52,1962.7741666666666,1.0,unknown,unknown,unknown,unknown,NORMAL,link_down,0.76
alarm_02691,2026-05-04 17:57:19,CRITICAL,AG,ARE,PHYSICAL PORT DOWN,2026-02-11 23:10:52,2026-02-11 23:10:52,1962.7741666666666,1.0,unknown,unknown,unknown,unknown,NORMAL,link_down,0.76
alarm_02692,2026-05-04 17:57:19,CRITICAL,AG,ARE,PHYSICAL PORT DOWN,2026-02-11 23:10:52,2026-02-11 23:10:52,1962.7741666666666,1.0,unknown,unknown,unknown,unknown,NORMAL,link_down,0.76
alarm_02693,2026-05-04 17:57:19,CRITICAL,AG,ARE,PHYSICAL PORT DOWN,2026-02-11 23:10:52,2026-02-11 23:10:52,1962.7741666666666,1.0,unknown,unknown,unknown,unknown,NORMAL,link_down,0.76
alarm_02694,2026-05-04 17:57:19,CRITICAL,AG,ARE,PHYSICAL PORT DOWN,2026-02-11 23:10:53,2026-02-11 23:10:53,1962.773888888889,1.0,unknown,unknown,unknown,unknown,NORMAL,link_down,0.76
alarm_02695,2026-05-04 17:57:19,CRITICAL,AG,ARE,PHYSICAL PORT DOWN,2026-02-11 23:21:25,2026-02-11 23:21:25,1962.5983333333334,1.0,unknown,unknown,unknown,unknown,NORMAL,link_down,0.76
alarm_02696,2026-05-04 17:57:19,CRITICAL,AG,ARE,PHYSICAL PORT DOWN,2026-02-11 23:25:19,2026-02-11 23:25:19,1962.5333333333333,1.0,unknown,unknown,unknown,unknown,NORMAL,link_down,0.76
alarm_02697,2026-05-04 17:57:19,CRITICAL,AR,MOQ,PHYSICAL PORT DOWN,2026-02-12 11:01:09,2026-02-12 11:01:09,1950.9361111111111,1.0,unknown,unknown,unknown,unknown,NORMAL,link_down,0.76
alarm_02698,2026-05-04 17:57:19,CRITICAL,AG,PIU,PHYSICAL PORT DOWN,2026-02-12 17:10:26,2026-02-12 17:10:26,1944.7813888888888,1.0,unknown,unknown,unknown,unknown,NORMAL,link_down,0.76
alarm_02699,2026-05-04 17:57:19,CRITICAL,AR,UCA,PHYSICAL PORT DOWN,2026-02-12 18:01:04,2026-02-12 18:01:04,1943.9375,1.0,unknown,unknown,unknown,unknown,NORMAL,link_down,0.76
alarm_02700,2026-05-04 17:57:19,CRITICAL,AR,AYA,PHYSICAL PORT DOWN,2026-02-12 18:37:18,2026-02-12 18:37:18,1943.3336111111112,1.0,unknown,unknown,unknown,unknown,NORMAL,link_down,0.76
alarm_02701,2026-05-04 17:57:19,CRITICAL,AR,CUS,PHYSICAL PORT DOWN,2026-02-13 11:15:24,2026-02-13 11:15:24,1926.6986111111112,1.0,unknown,unknown,unknown,unknown,NORMAL,link_down,0.76
alarm_02702,2026-05-04 17:57:19,CRITICAL,AR,CUS,PHYSICAL PORT DOWN,2026-02-13 11:15:24,2026-02-13 11:15:24,1926.6986111111112,1.0,unknown,unknown,unknown,unknown,NORMAL,link_down,0.76
alarm_02703,2026-05-04 17:57:19,CRITICAL,AR,CUS,PHYSICAL PORT DOWN,2026-02-13 11:15:24,2026-02-13 11:15:24,1926.6986111111112,1.0,unknown,unknown,unknown,unknown,NORMAL,link_down,0.76
alarm_02704,2026-05-04 17:57:19,CRITICAL,AR,LIC,PHYSICAL PORT DOWN,2026-02-13 23:43:23,2026-02-13 23:43:23,1914.2322222222222,1.0,unknown,unknown,unknown,unknown,NORMAL,link_down,0.76
alarm_02705,2026-05-04 17:57:19,CRITICAL,AR,CAJ,PHYSICAL PORT DOWN,2026-02-14 10:09:35,2026-02-14 10:09:35,1903.7955555555557,1.0,unknown,unknown,unknown,unknown,NORMAL,link_down,0.76
alarm_02706,2026-05-04 17:57:19,CRITICAL,CP,AYA,PHYSICAL PORT DOWN,2026-02-14 20:38:48,2026-02-14 20:38:48,1893.308611111111,1.0,unknown,unknown,unknown,unknown,NORMAL,link_down,0.76
alarm_02707,2026-05-04 17:57:19,CRITICAL,AR,LIC,PHYSICAL PORT DOWN,2026-02-15 06:28:39,2026-02-15 06:28:39,1883.4777777777779,1.0,unknown,unknown,unknown,unknown,NORMAL,link_down,0.76
alarm_02708,2026-05-04 17:57:19,CRITICAL,AR,LIC,PHYSICAL PORT DOWN,2026-02-15 06:28:39,2026-02-15 06:28:39,1883.4777777777779,1.0,unknown,unknown,unknown,unknown,NORMAL,link_down,0.76
alarm_02709,2026-05-04 17:57:19,CRITICAL,AR,CUS,PHYSICAL PORT DOWN,2026-02-15 07:42:49,2026-02-15 07:42:49,1882.2416666666666,1.0,unknown,unknown,unknown,unknown,NORMAL,link_down,0.76
alarm_02710,2026-05-04 17:57:19,CRITICAL,AR,LAL,PHYSICAL PORT DOWN,2026-02-15 11:41:57,2026-02-15 11:41:57,1878.256111111111,1.0,unknown,unknown,unknown,unknown,NORMAL,link_down,0.76
alarm_02711,2026-05-04 17:57:19,CRITICAL,AR,LAL,PHYSICAL PORT DOWN,2026-02-15 11:41:57,2026-02-15 11:41:57,1878.256111111111,1.0,unknown,unknown,unknown,unknown,NORMAL,link_down,0.76
alarm_02712,2026-05-04 17:57:19,CRITICAL,AR,LIC,PHYSICAL PORT DOWN,2026-02-15 12:16:08,2026-02-15 12:16:08,1877.6863888888888,1.0,unknown,unknown,unknown,unknown,NORMAL,link_down,0.76
alarm_02713,2026-05-04 17:57:19,CRITICAL,AR,ARE,PHYSICAL PORT DOWN,2026-02-15 14:27:38,2026-02-15 14:27:38,1875.4947222222222,1.0,unknown,unknown,unknown,unknown,NORMAL,link_down,0.76
alarm_02714,2026-05-04 17:57:19,CRITICAL,AR,UCA,PHYSICAL PORT DOWN,2026-02-16 14:51:11,2026-02-16 14:51:11,1851.1022222222223,1.0,unknown,unknown,unknown,unknown,NORMAL,link_down,0.76
alarm_02715,2026-05-04 17:57:19,CRITICAL,AR,UCA,THE DEVICE IS OFFLINE,2026-02-16 14:52:59,2026-02-16 14:52:59,1851.0722222222223,1.0,unknown,unknown,unknown,unknown,NORMAL,other,0.66
alarm_02716,2026-05-04 17:57:19,CRITICAL,AR,CUS,PHYSICAL PORT DOWN,2026-02-16 17:51:59,2026-02-16 17:51:59,1848.088888888889,1.0,unknown,unknown,unknown,unknown,NORMAL,link_down,0.76
alarm_02717,2026-05-04 17:57:19,CRITICAL,AR,CUS,THE DEVICE IS OFFLINE,2026-02-16 17:52:07,2026-02-16 17:52:07,1848.0866666666666,1.0,unknown,unknown,unknown,unknown,NORMAL,other,0.66
alarm_02718,2026-05-04 17:57:19,CRITICAL,AR,JUN,PHYSICAL PORT DOWN,2026-02-17 10:55:29,2026-02-17 10:55:29,1831.0305555555556,1.0,unknown,unknown,unknown,unknown,NORMAL,link_down,0.76
alarm_02719,2026-05-04 17:57:19,CRITICAL,AR,TAC,PHYSICAL PORT DOWN,2026-02-18 12:28:29,2026-02-18 12:28:29,1805.4805555555556,1.0,unknown,unknown,unknown,unknown,NORMAL,link_down,0.76
alarm_02720,2026-05-04 17:57:19,CRITICAL,AG,LAM,PHYSICAL PORT DOWN,2026-02-18 13:07:14,2026-02-18 13:07:14,1804.8347222222221,1.0,unknown,unknown,unknown,unknown,NORMAL,link_down,0.76
alarm_02721,2026-05-04 17:57:19,CRITICAL,AG,LIC,PHYSICAL PORT DOWN,2026-02-18 14:58:51,2026-02-18 14:58:51,1802.9744444444445,1.0,unknown,unknown,unknown,unknown,NORMAL,link_down,0.76
alarm_02722,2026-05-04 17:57:19,CRITICAL,AG,LIC,BOARD INVALID,2026-02-19 10:10:39,2026-02-19 10:10:39,1783.7777777777778,1.0,unknown,unknown,unknown,unknown,NORMAL,other,0.66
alarm_02723,2026-05-04 17:57:19,CRITICAL,AG,LIC,BOARD INVALID,2026-02-19 10:10:47,2026-02-19 10:10:47,1783.7755555555555,1.0,unknown,unknown,unknown,unknown,NORMAL,other,0.66
alarm_02724,2026-05-04 17:57:19,CRITICAL,AR,LIC,PHYSICAL PORT DOWN,2026-02-19 11:30:06,2026-02-19 11:30:06,1782.453611111111,1.0,unknown,unknown,unknown,unknown,NORMAL,link_down,0.76
alarm_02725,2026-05-04 17:57:19,CRITICAL,CP,LIP,PHYSICAL PORT DOWN,2026-02-19 21:14:51,2026-02-19 21:14:51,1772.7077777777777,1.0,unknown,unknown,unknown,unknown,NORMAL,link_down,0.76
alarm_02726,2026-05-04 17:57:19,CRITICAL,CP,LIP,PHYSICAL PORT DOWN,2026-02-19 21:14:51,2026-02-19 21:14:51,1772.7077777777777,1.0,unknown,unknown,unknown,unknown,NORMAL,link_down,0.76
alarm_02727,2026-05-04 17:57:19,CRITICAL,CP,LIP,PHYSICAL PORT DOWN,2026-02-19 21:14:51,2026-02-19 21:14:51,1772.7077777777777,1.0,unknown,unknown,unknown,unknown,NORMAL,link_down,0.76
alarm_02728,2026-05-04 17:57:19,CRITICAL,CP,LIP,PHYSICAL PORT DOWN,2026-02-19 21:14:55,2026-02-19 21:14:55,1772.7066666666667,1.0,unknown,unknown,unknown,unknown,NORMAL,link_down,0.76
alarm_02729,2026-05-04 17:57:19,CRITICAL,CP,LIP,PHYSICAL PORT DOWN,2026-02-19 21:14:55,2026-02-19 21:14:55,1772.7066666666667,1.0,unknown,unknown,unknown,unknown,NORMAL,link_down,0.76
alarm_02730,2026-05-04 17:57:19,CRITICAL,CP,LIP,PHYSICAL PORT DOWN,2026-02-19 21:14:55,2026-02-19 21:14:55,1772.7066666666667,1.0,unknown,unknown,unknown,unknown,NORMAL,link_down,0.76
alarm_02731,2026-05-04 17:57:19,CRITICAL,CP,LIP,PHYSICAL PORT DOWN,2026-02-19 21:14:55,2026-02-19 21:14:55,1772.7066666666667,1.0,unknown,unknown,unknown,unknown,NORMAL,link_down,0.76
alarm_02732,2026-05-04 17:57:19,CRITICAL,AR,SAN,PHYSICAL PORT DOWN,2026-02-20 09:29:56,2026-02-20 09:29:56,1760.4563888888888,1.0,unknown,unknown,unknown,unknown,NORMAL,link_down,0.76
alarm_02733,2026-05-04 17:57:19,CRITICAL,AR,ANC,PHYSICAL PORT DOWN,2026-02-20 11:29:34,2026-02-20 11:29:34,1758.4625,1.0,unknown,unknown,unknown,unknown,NORMAL,link_down,0.76
alarm_02734,2026-05-04 17:57:19,CRITICAL,AR,HUN,PHYSICAL PORT DOWN,2026-02-20 14:23:18,2026-02-20 14:23:18,1755.5669444444445,1.0,unknown,unknown,unknown,unknown,NORMAL,link_down,0.76
alarm_02735,2026-05-04 17:57:19,CRITICAL,AR,AMA,THE DEVICE IS OFFLINE,2026-02-20 15:49:53,2026-02-20 15:49:53,1754.1238888888888,1.0,unknown,unknown,unknown,unknown,NORMAL,other,0.66
alarm_02736,2026-05-04 17:57:19,CRITICAL,AR,CAJ,THE DEVICE IS OFFLINE,2026-02-20 15:50:13,2026-02-20 15:50:13,1754.1183333333333,1.0,unknown,unknown,unknown,unknown,NORMAL,other,0.66
alarm_02737,2026-05-04 17:57:19,CRITICAL,AR,CAJ,THE DEVICE IS OFFLINE,2026-02-20 15:50:13,2026-02-20 15:50:13,1754.1183333333333,1.0,unknown,unknown,unknown,unknown,NORMAL,other,0.66
alarm_02738,2026-05-04 17:57:19,CRITICAL,AR,AMA,THE DEVICE IS OFFLINE,2026-02-20 15:51:20,2026-02-20 15:51:20,1754.0997222222222,1.0,unknown,unknown,unknown,unknown,NORMAL,other,0.66
alarm_02739,2026-05-04 17:57:19,CRITICAL,AR,JUN,PHYSICAL PORT DOWN,2026-02-20 18:22:59,2026-02-20 18:22:59,1751.5722222222223,1.0,unknown,unknown,unknown,unknown,NORMAL,link_down,0.76
alarm_02740,2026-05-04 17:57:19,CRITICAL,AR,JUN,PHYSICAL PORT DOWN,2026-02-20 18:23:07,2026-02-20 18:23:07,1751.57,1.0,unknown,unknown,unknown,unknown,NORMAL,link_down,0.76
alarm_02741,2026-05-04 17:57:19,CRITICAL,AR,CAJ,PHYSICAL PORT DOWN,2026-02-20 20:07:51,2026-02-20 20:07:51,1749.8244444444445,1.0,unknown,unknown,unknown,unknown,NORMAL,link_down,0.76
alarm_02742,2026-05-04 17:57:19,CRITICAL,AR,PIU,PHYSICAL PORT DOWN,2026-02-20 23:35:55,2026-02-20 23:35:55,1746.3566666666666,1.0,unknown,unknown,unknown,unknown,NORMAL,link_down,0.76
alarm_02743,2026-05-04 17:57:19,CRITICAL,AR,LAL,PHYSICAL PORT DOWN,2026-02-22 10:45:17,2026-02-22 10:45:17,1711.2005555555556,1.0,unknown,unknown,unknown,unknown,NORMAL,link_down,0.76
alarm_02744,2026-05-04 17:57:19,CRITICAL,AR,LAL,PHYSICAL PORT DOWN,2026-02-22 10:45:18,2026-02-22 10:45:18,1711.2002777777777,1.0,unknown,unknown,unknown,unknown,NORMAL,link_down,0.76
alarm_02745,2026-05-04 17:57:19,CRITICAL,AR,CAJ,PHYSICAL PORT DOWN,2026-02-22 15:00:21,2026-02-22 15:00:21,1706.9494444444445,1.0,unknown,unknown,unknown,unknown,NORMAL,link_down,0.76
alarm_02746,2026-05-04 17:57:19,CRITICAL,AR,CAJ,PHYSICAL PORT DOWN,2026-02-22 15:00:21,2026-02-22 15:00:21,1706.9494444444445,1.0,unknown,unknown,unknown,unknown,NORMAL,link_down,0.76
alarm_02747,2026-05-04 17:57:19,CRITICAL,AR,CAJ,PHYSICAL PORT DOWN,2026-02-22 15:15:27,2026-02-22 15:15:27,1706.6977777777777,1.0,unknown,unknown,unknown,unknown,NORMAL,link_down,0.76
alarm_02748,2026-05-04 17:57:19,CRITICAL,AR,AYA,PHYSICAL PORT DOWN,2026-02-22 18:41:03,2026-02-22 18:41:03,1703.2711111111112,1.0,unknown,unknown,unknown,unknown,NORMAL,link_down,0.76
alarm_02749,2026-05-04 17:57:19,CRITICAL,AR,LIC,PHYSICAL PORT DOWN,2026-02-23 09:59:25,2026-02-23 09:59:25,1687.965,1.0,unknown,unknown,unknown,unknown,NORMAL,link_down,0.76
alarm_02750,2026-05-04 17:57:19,CRITICAL,AR,LIC,PHYSICAL PORT DOWN,2026-02-23 14:04:19,2026-02-23 14:04:19,1683.8833333333334,1.0,unknown,unknown,unknown,unknown,NORMAL,link_down,0.76
alarm_02751,2026-05-04 17:57:19,CRITICAL,AR,LIC,PHYSICAL PORT DOWN,2026-02-23 16:16:12,2026-02-23 16:16:12,1681.6852777777779,1.0,unknown,unknown,unknown,unknown,NORMAL,link_down,0.76
alarm_02752,2026-05-04 17:57:19,CRITICAL,AR,LIC,PHYSICAL PORT DOWN,2026-02-23 16:20:20,2026-02-23 16:20:20,1681.6163888888889,1.0,unknown,unknown,unknown,unknown,NORMAL,link_down,0.76
alarm_02753,2026-05-04 17:57:19,CRITICAL,AR,LIC,PHYSICAL PORT DOWN,2026-02-23 17:09:13,2026-02-23 17:09:13,1680.8016666666667,1.0,unknown,unknown,unknown,unknown,NORMAL,link_down,0.76
alarm_02754,2026-05-04 17:57:19,CRITICAL,AR,UCA,PHYSICAL PORT DOWN,2026-02-23 17:34:26,2026-02-23 17:34:26,1680.381388888889,1.0,unknown,unknown,unknown,unknown,NORMAL,link_down,0.76
alarm_02755,2026-05-04 17:57:19,CRITICAL,AR,CAL,PHYSICAL PORT DOWN,2026-02-24 14:08:16,2026-02-24 14:08:16,1659.8175,1.0,unknown,unknown,unknown,unknown,NORMAL,link_down,0.76
alarm_02756,2026-05-04 17:57:19,CRITICAL,AG,LIC,PHYSICAL PORT DOWN,2026-02-24 15:20:01,2026-02-24 15:20:01,1658.6216666666667,1.0,unknown,unknown,unknown,unknown,NORMAL,link_down,0.76
alarm_02757,2026-05-04 17:57:19,CRITICAL,AR,CAL,PHYSICAL PORT DOWN,2026-02-24 16:24:22,2026-02-24 16:24:22,1657.5491666666667,1.0,unknown,unknown,unknown,unknown,NORMAL,link_down,0.76
alarm_02758,2026-05-04 17:57:19,CRITICAL,AR,PIU,PHYSICAL PORT DOWN,2026-02-24 16:57:43,2026-02-24 16:57:43,1656.9933333333333,1.0,unknown,unknown,unknown,unknown,NORMAL,link_down,0.76
alarm_02759,2026-05-04 17:57:19,CRITICAL,AR,CAL,PHYSICAL PORT DOWN,2026-02-24 17:04:59,2026-02-24 17:04:59,1656.8722222222223,1.0,unknown,unknown,unknown,unknown,NORMAL,link_down,0.76
alarm_02760,2026-05-04 17:57:19,CRITICAL,AR,CAL,PHYSICAL PORT DOWN,2026-02-24 17:12:12,2026-02-24 17:12:12,1656.7519444444445,1.0,unknown,unknown,unknown,unknown,NORMAL,link_down,0.76
alarm_02761,2026-05-04 17:57:19,CRITICAL,AR,LIC,PHYSICAL PORT DOWN,2026-02-24 17:28:17,2026-02-24 17:28:17,1656.483888888889,1.0,unknown,unknown,unknown,unknown,NORMAL,link_down,0.76
alarm_02762,2026-05-04 17:57:19,CRITICAL,IPBN,UNKNOWN,PHYSICAL PORT DOWN,2026-02-24 19:18:40,2026-02-24 19:18:40,1654.6441666666667,1.0,unknown,unknown,unknown,unknown,NORMAL,link_down,0.76
alarm_02763,2026-05-04 17:57:19,CRITICAL,IPBN,UNKNOWN,PHYSICAL PORT DOWN,2026-02-24 19:18:40,2026-02-24 19:18:40,1654.6441666666667,1.0,unknown,unknown,unknown,unknown,NORMAL,link_down,0.76
alarm_02764,2026-05-04 17:57:19,CRITICAL,IPBN,UNKNOWN,PHYSICAL PORT DOWN,2026-02-24 19:18:40,2026-02-24 19:18:40,1654.6441666666667,1.0,unknown,unknown,unknown,unknown,NORMAL,link_down,0.76
alarm_02765,2026-05-04 17:57:19,CRITICAL,IPBN,UNKNOWN,PHYSICAL PORT DOWN,2026-02-24 19:18:40,2026-02-24 19:18:40,1654.6441666666667,1.0,unknown,unknown,unknown,unknown,NORMAL,link_down,0.76
alarm_02766,2026-05-04 17:57:19,CRITICAL,IPBN,UNKNOWN,PHYSICAL PORT DOWN,2026-02-24 19:18:40,2026-02-24 19:18:40,1654.6441666666667,1.0,unknown,unknown,unknown,unknown,NORMAL,link_down,0.76
alarm_02767,2026-05-04 17:57:19,CRITICAL,IPBN,UNKNOWN,PHYSICAL PORT DOWN,2026-02-24 19:18:40,2026-02-24 19:18:40,1654.6441666666667,1.0,unknown,unknown,unknown,unknown,NORMAL,link_down,0.76
alarm_02768,2026-05-04 17:57:19,CRITICAL,IPBN,UNKNOWN,PHYSICAL PORT DOWN,2026-02-24 19:18:40,2026-02-24 19:18:40,1654.6441666666667,1.0,unknown,unknown,unknown,unknown,NORMAL,link_down,0.76
alarm_02769,2026-05-04 17:57:19,CRITICAL,IPBN,UNKNOWN,PHYSICAL PORT DOWN,2026-02-24 19:18:40,2026-02-24 19:18:40,1654.6441666666667,1.0,unknown,unknown,unknown,unknown,NORMAL,link_down,0.76
alarm_02770,2026-05-04 17:57:19,CRITICAL,IPBN,UNKNOWN,PHYSICAL PORT DOWN,2026-02-24 19:18:41,2026-02-24 19:18:41,1654.6438888888888,1.0,unknown,unknown,unknown,unknown,NORMAL,link_down,0.76
alarm_02771,2026-05-04 17:57:19,CRITICAL,IPBN,UNKNOWN,PHYSICAL PORT DOWN,2026-02-24 19:18:41,2026-02-24 19:18:41,1654.6438888888888,1.0,unknown,unknown,unknown,unknown,NORMAL,link_down,0.76
alarm_02772,2026-05-04 17:57:19,CRITICAL,AG,ICA,PHYSICAL PORT DOWN,2026-02-25 15:04:08,2026-02-25 15:04:08,1634.8863888888889,1.0,unknown,unknown,unknown,unknown,NORMAL,link_down,0.76
alarm_02773,2026-05-04 17:57:19,CRITICAL,AR,ICA,PHYSICAL PORT DOWN,2026-02-25 17:36:51,2026-02-25 17:36:51,1632.341111111111,1.0,unknown,unknown,unknown,unknown,NORMAL,link_down,0.76
alarm_02774,2026-05-04 17:57:19,CRITICAL,SW,ICA,THE DEVICE IS OFFLINE,2026-02-25 18:40:20,2026-02-25 18:40:20,1631.2830555555556,1.0,unknown,unknown,unknown,unknown,NORMAL,other,0.66
alarm_02775,2026-05-04 17:57:19,CRITICAL,AR,LIC,PHYSICAL PORT DOWN,2026-02-25 20:53:49,2026-02-25 20:53:49,1629.0583333333334,1.0,unknown,unknown,unknown,unknown,NORMAL,link_down,0.76
alarm_02776,2026-05-04 17:57:19,CRITICAL,AR,LAM,PHYSICAL PORT DOWN,2026-02-25 23:13:32,2026-02-25 23:13:32,1626.7297222222223,1.0,unknown,unknown,unknown,unknown,NORMAL,link_down,0.76
alarm_02777,2026-05-04 17:57:19,CRITICAL,AR,LAL,PHYSICAL PORT DOWN,2026-02-26 11:14:53,2026-02-26 11:14:53,1614.7072222222223,1.0,unknown,unknown,unknown,unknown,NORMAL,link_down,0.76
alarm_02778,2026-05-04 17:57:19,CRITICAL,AR,LAL,PHYSICAL PORT DOWN,2026-02-26 11:20:45,2026-02-26 11:20:45,1614.6094444444445,1.0,unknown,unknown,unknown,unknown,NORMAL,link_down,0.76
alarm_02779,2026-05-04 17:57:19,CRITICAL,AR,LIP,PHYSICAL PORT DOWN,2026-02-26 11:22:04,2026-02-26 11:22:04,1614.5875,1.0,unknown,unknown,unknown,unknown,NORMAL,link_down,0.76
alarm_02780,2026-05-04 17:57:19,CRITICAL,AG,LIC,PHYSICAL PORT DOWN,2026-02-26 12:25:44,2026-02-26 12:25:44,1613.526388888889,1.0,unknown,unknown,unknown,unknown,NORMAL,link_down,0.76
alarm_02781,2026-05-04 17:57:19,CRITICAL,AR,LIC,PHYSICAL PORT DOWN,2026-02-26 12:25:44,2026-02-26 12:25:44,1613.526388888889,1.0,unknown,unknown,unknown,unknown,NORMAL,link_down,0.76
alarm_02782,2026-05-04 17:57:19,CRITICAL,AG,LIC,PHYSICAL PORT DOWN,2026-02-26 13:28:57,2026-02-26 13:28:57,1612.4727777777778,1.0,unknown,unknown,unknown,unknown,NORMAL,link_down,0.76
alarm_02783,2026-05-04 17:57:19,CRITICAL,AG,LIC,PHYSICAL PORT DOWN,2026-02-26 15:22:52,2026-02-26 15:22:52,1610.5741666666668,1.0,unknown,unknown,unknown,unknown,NORMAL,link_down,0.76
alarm_02784,2026-05-04 17:57:19,CRITICAL,SW,ICA,THE DEVICE IS OFFLINE,2026-02-26 16:11:35,2026-02-26 16:11:35,1609.7622222222221,1.0,unknown,unknown,unknown,unknown,NORMAL,other,0.66
alarm_02785,2026-05-04 17:57:19,CRITICAL,AR,ICA,PHYSICAL PORT DOWN,2026-02-26 16:11:55,2026-02-26 16:11:55,1609.7566666666667,1.0,unknown,unknown,unknown,unknown,NORMAL,link_down,0.76
alarm_02786,2026-05-04 17:57:19,CRITICAL,AR,LAL,PHYSICAL PORT DOWN,2026-02-26 18:57:26,2026-02-26 18:57:26,1606.9980555555555,1.0,unknown,unknown,unknown,unknown,NORMAL,link_down,0.76
alarm_02787,2026-05-04 17:57:19,CRITICAL,AR,LAL,PHYSICAL PORT DOWN,2026-02-26 18:57:26,2026-02-26 18:57:26,1606.9980555555555,1.0,unknown,unknown,unknown,unknown,NORMAL,link_down,0.76
alarm_02788,2026-05-04 17:57:19,CRITICAL,AR,CUS,THE DEVICE IS OFFLINE,2026-02-26 19:26:00,2026-02-26 19:26:00,1606.5219444444444,1.0,unknown,unknown,unknown,unknown,NORMAL,other,0.66
alarm_02789,2026-05-04 17:57:19,CRITICAL,AR,LIC,PHYSICAL PORT DOWN,2026-02-26 21:00:03,2026-02-26 21:00:03,1604.9544444444443,1.0,unknown,unknown,unknown,unknown,NORMAL,link_down,0.76
alarm_02790,2026-05-04 17:57:19,CRITICAL,AG,AYA,PHYSICAL PORT DOWN,2026-02-27 12:23:18,2026-02-27 12:23:18,1589.5669444444445,1.0,unknown,unknown,unknown,unknown,NORMAL,link_down,0.76
alarm_02791,2026-05-04 17:57:19,CRITICAL,AG,AYA,PHYSICAL PORT DOWN,2026-02-27 12:23:20,2026-02-27 12:23:20,1589.566388888889,1.0,unknown,unknown,unknown,unknown,NORMAL,link_down,0.76
alarm_02792,2026-05-04 17:57:19,CRITICAL,AR,LAM,PHYSICAL PORT DOWN,2026-02-27 13:51:59,2026-02-27 13:51:59,1588.088888888889,1.0,unknown,unknown,unknown,unknown,NORMAL,link_down,0.76
alarm_02793,2026-05-04 17:57:19,CRITICAL,AR,CAJ,PHYSICAL PORT DOWN,2026-02-27 13:54:40,2026-02-27 13:54:40,1588.0441666666666,1.0,unknown,unknown,unknown,unknown,NORMAL,link_down,0.76
alarm_02794,2026-05-04 17:57:19,CRITICAL,AR,CAJ,PHYSICAL PORT DOWN,2026-02-27 14:09:38,2026-02-27 14:09:38,1587.7947222222222,1.0,unknown,unknown,unknown,unknown,NORMAL,link_down,0.76
alarm_02795,2026-05-04 17:57:19,CRITICAL,AR,PIU,PHYSICAL PORT DOWN,2026-02-27 15:59:35,2026-02-27 15:59:35,1585.9622222222222,1.0,unknown,unknown,unknown,unknown,NORMAL,link_down,0.76
alarm_02796,2026-05-04 17:57:19,CRITICAL,AR,LIC,PHYSICAL PORT DOWN,2026-02-27 17:15:06,2026-02-27 17:15:06,1584.703611111111,1.0,unknown,unknown,unknown,unknown,NORMAL,link_down,0.76
alarm_02797,2026-05-04 17:57:19,CRITICAL,AR,SAN,PHYSICAL PORT DOWN,2026-02-27 17:44:54,2026-02-27 17:44:54,1584.2069444444444,1.0,unknown,unknown,unknown,unknown,NORMAL,link_down,0.76
alarm_02798,2026-05-04 17:57:19,CRITICAL,AR,LIC,PHYSICAL PORT DOWN,2026-02-27 18:08:56,2026-02-27 18:08:56,1583.806388888889,1.0,unknown,unknown,unknown,unknown,NORMAL,link_down,0.76
alarm_02799,2026-05-04 17:57:19,CRITICAL,AG,HUC,PHYSICAL PORT DOWN,2026-02-27 18:22:26,2026-02-27 18:22:26,1583.5813888888888,1.0,unknown,unknown,unknown,unknown,NORMAL,link_down,0.76
alarm_02800,2026-05-04 17:57:19,CRITICAL,AR,LIC,THE DEVICE IS OFFLINE,2026-02-27 18:51:36,2026-02-27 18:51:36,1583.0952777777777,1.0,unknown,unknown,unknown,unknown,NORMAL,other,0.66
alarm_02801,2026-05-04 17:57:19,CRITICAL,AR,HUN,PHYSICAL PORT DOWN,2026-02-28 11:23:46,2026-02-28 11:23:46,1566.5591666666667,1.0,unknown,unknown,unknown,unknown,NORMAL,link_down,0.76
alarm_02802,2026-05-04 17:57:19,CRITICAL,AR,HUN,PHYSICAL PORT DOWN,2026-02-28 11:23:46,2026-02-28 11:23:46,1566.5591666666667,1.0,unknown,unknown,unknown,unknown,NORMAL,link_down,0.76
alarm_02803,2026-05-04 17:57:19,CRITICAL,AR,HUN,PHYSICAL PORT DOWN,2026-02-28 11:23:46,2026-02-28 11:23:46,1566.5591666666667,1.0,unknown,unknown,unknown,unknown,NORMAL,link_down,0.76
alarm_02804,2026-05-04 17:57:19,CRITICAL,AR,LIC,PHYSICAL PORT DOWN,2026-02-28 13:27:29,2026-02-28 13:27:29,1564.4972222222223,1.0,unknown,unknown,unknown,unknown,NORMAL,link_down,0.76
alarm_02805,2026-05-04 17:57:19,CRITICAL,AR,LIC,PHYSICAL PORT DOWN,2026-02-28 13:41:50,2026-02-28 13:41:50,1564.2580555555555,1.0,unknown,unknown,unknown,unknown,NORMAL,link_down,0.76
alarm_02806,2026-05-04 17:57:19,CRITICAL,AG,LAM,PHYSICAL PORT DOWN,2026-02-28 14:40:45,2026-02-28 14:40:45,1563.276111111111,1.0,unknown,unknown,unknown,unknown,NORMAL,link_down,0.76
alarm_02807,2026-05-04 17:57:19,CRITICAL,AG,LAM,PHYSICAL PORT DOWN,2026-02-28 15:02:23,2026-02-28 15:02:23,1562.9155555555556,1.0,unknown,unknown,unknown,unknown,NORMAL,link_down,0.76
alarm_02808,2026-05-04 17:57:19,CRITICAL,AR,PUN,PHYSICAL PORT DOWN,2026-02-28 15:34:42,2026-02-28 15:34:42,1562.3769444444445,1.0,unknown,unknown,unknown,unknown,NORMAL,link_down,0.76
alarm_02809,2026-05-04 17:57:19,CRITICAL,AG,JUN,PHYSICAL PORT DOWN,2026-02-28 20:39:35,2026-02-28 20:39:35,1557.2955555555557,1.0,unknown,unknown,unknown,unknown,NORMAL,link_down,0.76
alarm_02810,2026-05-04 17:57:19,CRITICAL,AR,CAL,PHYSICAL PORT DOWN,2026-02-28 22:51:18,2026-02-28 22:51:18,1555.1002777777778,1.0,unknown,unknown,unknown,unknown,NORMAL,link_down,0.76
alarm_02811,2026-05-04 17:57:19,CRITICAL,AR,CAL,PHYSICAL PORT DOWN,2026-02-28 23:27:52,2026-02-28 23:27:52,1554.4908333333333,1.0,unknown,unknown,unknown,unknown,NORMAL,link_down,0.76
alarm_02812,2026-05-04 17:57:19,CRITICAL,AR,ANC,PHYSICAL PORT DOWN,2026-03-01 16:14:16,2026-03-01 16:14:16,1537.7175,1.0,unknown,unknown,unknown,unknown,NORMAL,link_down,0.76
alarm_02813,2026-05-04 17:57:19,CRITICAL,AR,ANC,PHYSICAL PORT DOWN,2026-03-01 16:14:16,2026-03-01 16:14:16,1537.7175,1.0,unknown,unknown,unknown,unknown,NORMAL,link_down,0.76
alarm_02814,2026-05-04 17:57:19,CRITICAL,AR,MAD,THE DEVICE IS OFFLINE,2026-03-01 18:49:58,2026-03-01 18:49:58,1535.1225,1.0,unknown,unknown,unknown,unknown,NORMAL,other,0.66
alarm_02815,2026-05-04 17:57:19,CRITICAL,AR,LAL,PHYSICAL PORT DOWN,2026-03-02 13:26:53,2026-03-02 13:26:53,1516.5072222222223,1.0,unknown,unknown,unknown,unknown,NORMAL,link_down,0.76
alarm_02816,2026-05-04 17:57:19,CRITICAL,AR,LAL,PHYSICAL PORT DOWN,2026-03-02 19:34:38,2026-03-02 19:34:38,1510.3780555555556,1.0,unknown,unknown,unknown,unknown,NORMAL,link_down,0.76
alarm_02817,2026-05-04 17:57:19,CRITICAL,AR,UCA,PHYSICAL PORT DOWN,2026-03-03 06:19:16,2026-03-03 06:19:16,1499.6341666666667,1.0,unknown,unknown,unknown,unknown,NORMAL,link_down,0.76
alarm_02818,2026-05-04 17:57:19,CRITICAL,AR,ANC,PHYSICAL PORT DOWN,2026-03-03 06:30:59,2026-03-03 06:30:59,1499.4388888888889,1.0,unknown,unknown,unknown,unknown,NORMAL,link_down,0.76
alarm_02819,2026-05-04 17:57:19,CRITICAL,AR,PIU,PHYSICAL PORT DOWN,2026-03-03 14:34:55,2026-03-03 14:34:55,1491.3733333333332,1.0,unknown,unknown,unknown,unknown,NORMAL,link_down,0.76
alarm_02820,2026-05-04 17:57:19,CRITICAL,AR,ARE,PHYSICAL PORT DOWN,2026-03-03 18:02:30,2026-03-03 18:02:30,1487.913611111111,1.0,unknown,unknown,unknown,unknown,NORMAL,link_down,0.76
alarm_02821,2026-05-04 17:57:19,CRITICAL,AG,ARE,PHYSICAL PORT DOWN,2026-03-04 12:08:00,2026-03-04 12:08:00,1469.8219444444444,1.0,unknown,unknown,unknown,unknown,NORMAL,link_down,0.76
alarm_02822,2026-05-04 17:57:19,CRITICAL,AG,ARE,PHYSICAL PORT DOWN,2026-03-04 12:08:00,2026-03-04 12:08:00,1469.8219444444444,1.0,unknown,unknown,unknown,unknown,NORMAL,link_down,0.76
alarm_02823,2026-05-04 17:57:19,CRITICAL,AR,CUS,PHYSICAL PORT DOWN,2026-03-05 08:07:54,2026-03-05 08:07:54,1449.8236111111112,1.0,unknown,unknown,unknown,unknown,NORMAL,link_down,0.76
alarm_02824,2026-05-04 17:57:19,CRITICAL,AR,CAJ,PHYSICAL PORT DOWN,2026-03-05 08:16:34,2026-03-05 08:16:34,1449.6791666666666,1.0,unknown,unknown,unknown,unknown,NORMAL,link_down,0.76
alarm_02825,2026-05-04 17:57:19,CRITICAL,AR,CAJ,PHYSICAL PORT DOWN,2026-03-05 08:16:34,2026-03-05 08:16:34,1449.6791666666666,1.0,unknown,unknown,unknown,unknown,NORMAL,link_down,0.76
alarm_02826,2026-05-04 17:57:19,CRITICAL,AR,LIC,PHYSICAL PORT DOWN,2026-03-05 12:37:37,2026-03-05 12:37:37,1445.3283333333334,1.0,unknown,unknown,unknown,unknown,NORMAL,link_down,0.76
alarm_02827,2026-05-04 17:57:19,CRITICAL,AR,MOQ,PHYSICAL PORT DOWN,2026-03-05 12:40:02,2026-03-05 12:40:02,1445.2880555555555,1.0,unknown,unknown,unknown,unknown,NORMAL,link_down,0.76
alarm_02828,2026-05-04 17:57:19,CRITICAL,AR,HUN,PHYSICAL PORT DOWN,2026-03-05 13:08:07,2026-03-05 13:08:07,1444.82,1.0,unknown,unknown,unknown,unknown,NORMAL,link_down,0.76
alarm_02829,2026-05-04 17:57:19,CRITICAL,AR,LAM,PHYSICAL PORT DOWN,2026-03-05 15:27:41,2026-03-05 15:27:41,1442.493888888889,1.0,unknown,unknown,unknown,unknown,NORMAL,link_down,0.76
alarm_02830,2026-05-04 17:57:19,CRITICAL,AR,LIP,PHYSICAL PORT DOWN,2026-03-05 15:41:12,2026-03-05 15:41:12,1442.268611111111,1.0,unknown,unknown,unknown,unknown,NORMAL,link_down,0.76
alarm_02831,2026-05-04 17:57:19,CRITICAL,AR,ARE,PHYSICAL PORT DOWN,2026-03-05 17:03:00,2026-03-05 17:03:00,1440.9052777777779,1.0,unknown,unknown,unknown,unknown,NORMAL,link_down,0.76
alarm_02832,2026-05-04 17:57:19,CRITICAL,CP,AYA,PHYSICAL PORT DOWN,2026-03-05 20:08:20,2026-03-05 20:08:20,1437.816388888889,1.0,unknown,unknown,unknown,unknown,NORMAL,link_down,0.76
alarm_02833,2026-05-04 17:57:19,CRITICAL,AR,PIU,PHYSICAL PORT DOWN,2026-03-06 07:29:34,2026-03-06 07:29:34,1426.4625,1.0,unknown,unknown,unknown,unknown,NORMAL,link_down,0.76
alarm_02834,2026-05-04 17:57:19,CRITICAL,AR,CUS,PHYSICAL PORT DOWN,2026-03-06 09:40:30,2026-03-06 09:40:30,1424.2802777777779,1.0,unknown,unknown,unknown,unknown,NORMAL,link_down,0.76
alarm_02835,2026-05-04 17:57:19,CRITICAL,AR,CUS,PHYSICAL PORT DOWN,2026-03-06 10:30:11,2026-03-06 10:30:11,1423.4522222222222,1.0,unknown,unknown,unknown,unknown,NORMAL,link_down,0.76
alarm_02836,2026-05-04 17:57:19,CRITICAL,AR,LOR,PHYSICAL PORT DOWN,2026-03-06 12:18:51,2026-03-06 12:18:51,1421.641111111111,1.0,unknown,unknown,unknown,unknown,NORMAL,link_down,0.76
alarm_02837,2026-05-04 17:57:19,CRITICAL,AR,AMA,PHYSICAL PORT DOWN,2026-03-06 12:20:09,2026-03-06 12:20:09,1421.6194444444445,1.0,unknown,unknown,unknown,unknown,NORMAL,link_down,0.76
alarm_02838,2026-05-04 17:57:19,CRITICAL,AR,LAM,PHYSICAL PORT DOWN,2026-03-06 12:59:43,2026-03-06 12:59:43,1420.96,1.0,unknown,unknown,unknown,unknown,NORMAL,link_down,0.76
alarm_02839,2026-05-04 17:57:19,CRITICAL,AR,AYA,PHYSICAL PORT DOWN,2026-03-06 14:02:57,2026-03-06 14:02:57,1419.9061111111112,1.0,unknown,unknown,unknown,unknown,NORMAL,link_down,0.76
alarm_02840,2026-05-04 17:57:19,CRITICAL,AR,LOR,PHYSICAL PORT DOWN,2026-03-06 16:04:35,2026-03-06 16:04:35,1417.878888888889,1.0,unknown,unknown,unknown,unknown,NORMAL,link_down,0.76
alarm_02841,2026-05-04 17:57:19,CRITICAL,AR,LOR,PHYSICAL PORT DOWN,2026-03-06 16:14:27,2026-03-06 16:14:27,1417.7144444444446,1.0,unknown,unknown,unknown,unknown,NORMAL,link_down,0.76
alarm_02842,2026-05-04 17:57:19,CRITICAL,AR,LIC,PHYSICAL PORT DOWN,2026-03-06 16:28:45,2026-03-06 16:28:45,1417.476111111111,1.0,unknown,unknown,unknown,unknown,NORMAL,link_down,0.76
alarm_02843,2026-05-04 17:57:19,CRITICAL,AR,LOR,PHYSICAL PORT DOWN,2026-03-06 16:41:13,2026-03-06 16:41:13,1417.2683333333334,1.0,unknown,unknown,unknown,unknown,NORMAL,link_down,0.76
alarm_02844,2026-05-04 17:57:19,CRITICAL,AR,LOR,PHYSICAL PORT DOWN,2026-03-06 17:08:50,2026-03-06 17:08:50,1416.8080555555555,1.0,unknown,unknown,unknown,unknown,NORMAL,link_down,0.76
alarm_02845,2026-05-04 17:57:19,CRITICAL,AR,LAM,PHYSICAL PORT DOWN,2026-03-06 17:49:15,2026-03-06 17:49:15,1416.1344444444444,1.0,unknown,unknown,unknown,unknown,NORMAL,link_down,0.76
alarm_02846,2026-05-04 17:57:19,CRITICAL,AR,LAM,PHYSICAL PORT DOWN,2026-03-06 18:01:24,2026-03-06 18:01:24,1415.9319444444445,1.0,unknown,unknown,unknown,unknown,NORMAL,link_down,0.76
alarm_02847,2026-05-04 17:57:19,CRITICAL,AR,LAM,PHYSICAL PORT DOWN,2026-03-06 18:14:09,2026-03-06 18:14:09,1415.7194444444444,1.0,unknown,unknown,unknown,unknown,NORMAL,link_down,0.76
alarm_02848,2026-05-04 17:57:19,CRITICAL,AR,LAM,PHYSICAL PORT DOWN,2026-03-06 18:14:09,2026-03-06 18:14:09,1415.7194444444444,1.0,unknown,unknown,unknown,unknown,NORMAL,link_down,0.76
alarm_02849,2026-05-04 17:57:19,CRITICAL,AG,LAM,PHYSICAL PORT DOWN,2026-03-06 18:23:40,2026-03-06 18:23:40,1415.5608333333332,1.0,unknown,unknown,unknown,unknown,NORMAL,link_down,0.76
alarm_02850,2026-05-04 17:57:19,CRITICAL,AR,LAM,PHYSICAL PORT DOWN,2026-03-06 22:07:36,2026-03-06 22:07:36,1411.828611111111,1.0,unknown,unknown,unknown,unknown,NORMAL,link_down,0.76
alarm_02851,2026-05-04 17:57:19,CRITICAL,AG,UNKNOWN,PHYSICAL PORT DOWN,2026-03-06 23:55:21,2026-03-06 23:55:21,1410.0327777777777,1.0,unknown,unknown,unknown,unknown,NORMAL,link_down,0.76
alarm_02852,2026-05-04 17:57:19,CRITICAL,AR,LAM,PHYSICAL PORT DOWN,2026-03-07 09:18:53,2026-03-07 09:18:53,1400.6405555555555,1.0,unknown,unknown,unknown,unknown,NORMAL,link_down,0.76
alarm_02853,2026-05-04 17:57:19,CRITICAL,AR,LAL,PHYSICAL PORT DOWN,2026-03-07 10:58:04,2026-03-07 10:58:04,1398.9875,1.0,unknown,unknown,unknown,unknown,NORMAL,link_down,0.76
alarm_02854,2026-05-04 17:57:19,CRITICAL,AG,ARE,PHYSICAL PORT DOWN,2026-03-07 11:13:01,2026-03-07 11:13:01,1398.7383333333332,1.0,unknown,unknown,unknown,unknown,NORMAL,link_down,0.76
alarm_02855,2026-05-04 17:57:19,CRITICAL,AG,ARE,PHYSICAL PORT DOWN,2026-03-07 11:13:04,2026-03-07 11:13:04,1398.7375,1.0,unknown,unknown,unknown,unknown,NORMAL,link_down,0.76
alarm_02856,2026-05-04 17:57:19,CRITICAL,AR,LOR,PHYSICAL PORT DOWN,2026-03-07 11:16:07,2026-03-07 11:16:07,1398.6866666666667,1.0,unknown,unknown,unknown,unknown,NORMAL,link_down,0.76
alarm_02857,2026-05-04 17:57:19,CRITICAL,AR,LOR,PHYSICAL PORT DOWN,2026-03-07 11:26:12,2026-03-07 11:26:12,1398.518611111111,1.0,unknown,unknown,unknown,unknown,NORMAL,link_down,0.76
alarm_02858,2026-05-04 17:57:19,CRITICAL,AR,LOR,PHYSICAL PORT DOWN,2026-03-07 11:36:44,2026-03-07 11:36:44,1398.3430555555556,1.0,unknown,unknown,unknown,unknown,NORMAL,link_down,0.76
alarm_02859,2026-05-04 17:57:19,CRITICAL,AR,LOR,PHYSICAL PORT DOWN,2026-03-07 11:43:26,2026-03-07 11:43:26,1398.231388888889,1.0,unknown,unknown,unknown,unknown,NORMAL,link_down,0.76
alarm_02860,2026-05-04 17:57:19,CRITICAL,AR,LOR,PHYSICAL PORT DOWN,2026-03-07 11:58:59,2026-03-07 11:58:59,1397.9722222222222,1.0,unknown,unknown,unknown,unknown,NORMAL,link_down,0.76
alarm_02861,2026-05-04 17:57:19,CRITICAL,AR,LOR,PHYSICAL PORT DOWN,2026-03-07 12:15:49,2026-03-07 12:15:49,1397.6916666666666,1.0,unknown,unknown,unknown,unknown,NORMAL,link_down,0.76
alarm_02862,2026-05-04 17:57:19,CRITICAL,AR,LOR,PHYSICAL PORT DOWN,2026-03-07 12:41:27,2026-03-07 12:41:27,1397.2644444444445,1.0,unknown,unknown,unknown,unknown,NORMAL,link_down,0.76
alarm_02863,2026-05-04 17:57:19,CRITICAL,AR,LOR,PHYSICAL PORT DOWN,2026-03-07 13:14:55,2026-03-07 13:14:55,1396.7066666666667,1.0,unknown,unknown,unknown,unknown,NORMAL,link_down,0.76
alarm_02864,2026-05-04 17:57:19,CRITICAL,AR,LOR,PHYSICAL PORT DOWN,2026-03-07 13:18:09,2026-03-07 13:18:09,1396.6527777777778,1.0,unknown,unknown,unknown,unknown,NORMAL,link_down,0.76
alarm_02865,2026-05-04 17:57:19,CRITICAL,AR,LOR,PHYSICAL PORT DOWN,2026-03-07 13:25:44,2026-03-07 13:25:44,1396.526388888889,1.0,unknown,unknown,unknown,unknown,NORMAL,link_down,0.76
alarm_02866,2026-05-04 17:57:19,CRITICAL,AR,LOR,PHYSICAL PORT DOWN,2026-03-07 13:34:37,2026-03-07 13:34:37,1396.3783333333333,1.0,unknown,unknown,unknown,unknown,NORMAL,link_down,0.76
alarm_02867,2026-05-04 17:57:19,CRITICAL,AR,LOR,PHYSICAL PORT DOWN,2026-03-07 13:44:16,2026-03-07 13:44:16,1396.2175,1.0,unknown,unknown,unknown,unknown,NORMAL,link_down,0.76
alarm_02868,2026-05-04 17:57:19,CRITICAL,AR,LOR,PHYSICAL PORT DOWN,2026-03-07 14:11:54,2026-03-07 14:11:54,1395.7569444444443,1.0,unknown,unknown,unknown,unknown,NORMAL,link_down,0.76
alarm_02869,2026-05-04 17:57:19,CRITICAL,AR,LIC,PHYSICAL PORT DOWN,2026-03-07 14:18:47,2026-03-07 14:18:47,1395.6422222222222,1.0,unknown,unknown,unknown,unknown,NORMAL,link_down,0.76
alarm_02870,2026-05-04 17:57:19,CRITICAL,AR,LAL,PHYSICAL PORT DOWN,2026-03-07 16:42:30,2026-03-07 16:42:30,1393.2469444444444,1.0,unknown,unknown,unknown,unknown,NORMAL,link_down,0.76
alarm_02871,2026-05-04 17:57:19,CRITICAL,AR,LAL,PHYSICAL PORT DOWN,2026-03-07 17:10:13,2026-03-07 17:10:13,1392.785,1.0,unknown,unknown,unknown,unknown,NORMAL,link_down,0.76
alarm_02872,2026-05-04 17:57:19,CRITICAL,AR,PUN,PHYSICAL PORT DOWN,2026-03-08 16:50:23,2026-03-08 16:50:23,1369.1155555555556,1.0,unknown,unknown,unknown,unknown,NORMAL,link_down,0.76
alarm_02873,2026-05-04 17:57:19,CRITICAL,AR,MOQ,PHYSICAL PORT DOWN,2026-03-08 17:13:07,2026-03-08 17:13:07,1368.7366666666667,1.0,unknown,unknown,unknown,unknown,NORMAL,link_down,0.76
alarm_02874,2026-05-04 17:57:19,CRITICAL,AR,LIC,PHYSICAL PORT DOWN,2026-03-09 09:58:40,2026-03-09 09:58:40,1351.9775,1.0,unknown,unknown,unknown,unknown,NORMAL,link_down,0.76
alarm_02875,2026-05-04 17:57:19,CRITICAL,AR,LOR,PHYSICAL PORT DOWN,2026-03-09 11:56:41,2026-03-09 11:56:41,1350.0105555555556,1.0,unknown,unknown,unknown,unknown,NORMAL,link_down,0.76
alarm_02876,2026-05-04 17:57:19,CRITICAL,AR,PUN,PHYSICAL PORT DOWN,2026-03-09 14:09:14,2026-03-09 14:09:14,1347.8013888888888,1.0,unknown,unknown,unknown,unknown,NORMAL,link_down,0.76
alarm_02877,2026-05-04 17:57:19,CRITICAL,AR,LIC,PHYSICAL PORT DOWN,2026-03-09 14:38:20,2026-03-09 14:38:20,1347.316388888889,1.0,unknown,unknown,unknown,unknown,NORMAL,link_down,0.76
alarm_02878,2026-05-04 17:57:19,CRITICAL,AR,LOR,PHYSICAL PORT DOWN,2026-03-09 15:59:45,2026-03-09 15:59:45,1345.9594444444444,1.0,unknown,unknown,unknown,unknown,NORMAL,link_down,0.76
alarm_02879,2026-05-04 17:57:19,CRITICAL,AR,MOQ,PHYSICAL PORT DOWN,2026-03-09 16:21:59,2026-03-09 16:21:59,1345.588888888889,1.0,unknown,unknown,unknown,unknown,NORMAL,link_down,0.76
alarm_02880,2026-05-04 17:57:19,CRITICAL,AR,PIU,PHYSICAL PORT DOWN,2026-03-09 17:34:21,2026-03-09 17:34:21,1344.3827777777778,1.0,unknown,unknown,unknown,unknown,NORMAL,link_down,0.76
alarm_02881,2026-05-04 17:57:19,CRITICAL,AR,PIU,PHYSICAL PORT DOWN,2026-03-10 03:21:37,2026-03-10 03:21:37,1334.595,1.0,unknown,unknown,unknown,unknown,NORMAL,link_down,0.76
alarm_02882,2026-05-04 17:57:19,CRITICAL,AR,TAC,PHYSICAL PORT DOWN,2026-03-10 13:01:05,2026-03-10 13:01:05,1324.9372222222223,1.0,unknown,unknown,unknown,unknown,NORMAL,link_down,0.76
alarm_02883,2026-05-04 17:57:19,CRITICAL,AG,UCA,PHYSICAL PORT DOWN,2026-03-10 13:06:42,2026-03-10 13:06:42,1324.8436111111112,1.0,unknown,unknown,unknown,unknown,NORMAL,link_down,0.76
alarm_02884,2026-05-04 17:57:19,CRITICAL,AR,SAN,PHYSICAL PORT DOWN,2026-03-10 14:19:36,2026-03-10 14:19:36,1323.628611111111,1.0,unknown,unknown,unknown,unknown,NORMAL,link_down,0.76
alarm_02885,2026-05-04 17:57:19,CRITICAL,AG,UCA,PHYSICAL PORT DOWN,2026-03-10 15:36:54,2026-03-10 15:36:54,1322.3402777777778,1.0,unknown,unknown,unknown,unknown,NORMAL,link_down,0.76
alarm_02886,2026-05-04 17:57:19,CRITICAL,CP,LAM,PHYSICAL PORT DOWN,2026-03-10 18:01:25,2026-03-10 18:01:25,1319.9316666666666,1.0,unknown,unknown,unknown,unknown,NORMAL,link_down,0.76
alarm_02887,2026-05-04 17:57:19,CRITICAL,AR,LIC,PHYSICAL PORT DOWN,2026-03-10 20:28:13,2026-03-10 20:28:13,1317.485,1.0,unknown,unknown,unknown,unknown,NORMAL,link_down,0.76
alarm_02888,2026-05-04 17:57:19,CRITICAL,AR,LIC,PHYSICAL PORT DOWN,2026-03-11 00:59:35,2026-03-11 00:59:35,1312.9622222222222,1.0,unknown,unknown,unknown,unknown,NORMAL,link_down,0.76
alarm_02889,2026-05-04 17:57:19,CRITICAL,AR,PAS,THE DEVICE IS OFFLINE,2026-03-11 11:15:06,2026-03-11 11:15:06,1302.703611111111,1.0,unknown,unknown,unknown,unknown,NORMAL,other,0.66
alarm_02890,2026-05-04 17:57:19,CRITICAL,AR,LIC,PHYSICAL PORT DOWN,2026-03-11 11:34:54,2026-03-11 11:34:54,1302.3736111111111,1.0,unknown,unknown,unknown,unknown,NORMAL,link_down,0.76
alarm_02891,2026-05-04 17:57:19,CRITICAL,AR,MOQ,PHYSICAL PORT DOWN,2026-03-11 12:24:25,2026-03-11 12:24:25,1301.5483333333334,1.0,unknown,unknown,unknown,unknown,NORMAL,link_down,0.76
alarm_02892,2026-05-04 17:57:19,CRITICAL,AR,UCA,PHYSICAL PORT DOWN,2026-03-11 12:28:02,2026-03-11 12:28:02,1301.4880555555555,1.0,unknown,unknown,unknown,unknown,NORMAL,link_down,0.76
alarm_02893,2026-05-04 17:57:19,CRITICAL,AR,LOR,PHYSICAL PORT DOWN,2026-03-11 13:55:48,2026-03-11 13:55:48,1300.0252777777778,1.0,unknown,unknown,unknown,unknown,NORMAL,link_down,0.76
alarm_02894,2026-05-04 17:57:19,CRITICAL,AR,MOQ,PHYSICAL PORT DOWN,2026-03-11 14:05:04,2026-03-11 14:05:04,1299.8708333333334,1.0,unknown,unknown,unknown,unknown,NORMAL,link_down,0.76
alarm_02895,2026-05-04 17:57:19,CRITICAL,AR,LOR,PHYSICAL PORT DOWN,2026-03-11 14:57:00,2026-03-11 14:57:00,1299.0052777777778,1.0,unknown,unknown,unknown,unknown,NORMAL,link_down,0.76
alarm_02896,2026-05-04 17:57:19,CRITICAL,AR,LOR,PHYSICAL PORT DOWN,2026-03-11 15:12:37,2026-03-11 15:12:37,1298.745,1.0,unknown,unknown,unknown,unknown,NORMAL,link_down,0.76
alarm_02897,2026-05-04 17:57:19,CRITICAL,AR,PAS,PHYSICAL PORT DOWN,2026-03-11 20:28:27,2026-03-11 20:28:27,1293.4811111111112,1.0,unknown,unknown,unknown,unknown,NORMAL,link_down,0.76
alarm_02898,2026-05-04 17:57:19,CRITICAL,AR,PIU,PHYSICAL PORT DOWN,2026-03-11 20:30:42,2026-03-11 20:30:42,1293.443611111111,1.0,unknown,unknown,unknown,unknown,NORMAL,link_down,0.76
alarm_02899,2026-05-04 17:57:19,CRITICAL,AR,PIU,PHYSICAL PORT DOWN,2026-03-11 20:36:32,2026-03-11 20:36:32,1293.346388888889,1.0,unknown,unknown,unknown,unknown,NORMAL,link_down,0.76
alarm_02900,2026-05-04 17:57:19,CRITICAL,AR,PIU,PHYSICAL PORT DOWN,2026-03-11 20:47:21,2026-03-11 20:47:21,1293.1661111111111,1.0,unknown,unknown,unknown,unknown,NORMAL,link_down,0.76
alarm_02901,2026-05-04 17:57:19,CRITICAL,AR,PIU,PHYSICAL PORT DOWN,2026-03-11 20:48:35,2026-03-11 20:48:35,1293.1455555555556,1.0,unknown,unknown,unknown,unknown,NORMAL,link_down,0.76
alarm_02902,2026-05-04 17:57:19,CRITICAL,AR,PIU,PHYSICAL PORT DOWN,2026-03-11 20:50:00,2026-03-11 20:50:00,1293.1219444444444,1.0,unknown,unknown,unknown,unknown,NORMAL,link_down,0.76
alarm_02903,2026-05-04 17:57:19,CRITICAL,AR,PIU,PHYSICAL PORT DOWN,2026-03-11 21:27:15,2026-03-11 21:27:15,1292.5011111111112,1.0,unknown,unknown,unknown,unknown,NORMAL,link_down,0.76
alarm_02904,2026-05-04 17:57:19,CRITICAL,AR,CAL,PHYSICAL PORT DOWN,2026-03-12 09:30:28,2026-03-12 09:30:28,1280.4475,1.0,unknown,unknown,unknown,unknown,NORMAL,link_down,0.76
alarm_02905,2026-05-04 17:57:19,CRITICAL,AR,MOQ,PHYSICAL PORT DOWN,2026-03-12 09:47:51,2026-03-12 09:47:51,1280.1577777777777,1.0,unknown,unknown,unknown,unknown,NORMAL,link_down,0.76
alarm_02906,2026-05-04 17:57:19,CRITICAL,AR,PIU,PHYSICAL PORT DOWN,2026-03-12 12:14:05,2026-03-12 12:14:05,1277.7205555555556,1.0,unknown,unknown,unknown,unknown,NORMAL,link_down,0.76
alarm_02907,2026-05-04 17:57:19,CRITICAL,AR,PIU,PHYSICAL PORT DOWN,2026-03-12 12:14:44,2026-03-12 12:14:44,1277.7097222222221,1.0,unknown,unknown,unknown,unknown,NORMAL,link_down,0.76
alarm_02908,2026-05-04 17:57:19,CRITICAL,AR,PIU,PHYSICAL PORT DOWN,2026-03-12 12:14:44,2026-03-12 12:14:44,1277.7097222222221,1.0,unknown,unknown,unknown,unknown,NORMAL,link_down,0.76
alarm_02909,2026-05-04 17:57:19,CRITICAL,AR,CAJ,PHYSICAL PORT DOWN,2026-03-12 14:11:33,2026-03-12 14:11:33,1275.7627777777777,1.0,unknown,unknown,unknown,unknown,NORMAL,link_down,0.76
alarm_02910,2026-05-04 17:57:19,CRITICAL,AR,LAL,PHYSICAL PORT DOWN,2026-03-12 15:29:58,2026-03-12 15:29:58,1274.4558333333334,1.0,unknown,unknown,unknown,unknown,NORMAL,link_down,0.76
alarm_02911,2026-05-04 17:57:19,CRITICAL,AR,CAJ,PHYSICAL PORT DOWN,2026-03-12 17:21:28,2026-03-12 17:21:28,1272.5975,1.0,unknown,unknown,unknown,unknown,NORMAL,link_down,0.76
alarm_02912,2026-05-04 17:57:19,CRITICAL,AR,HUN,PHYSICAL PORT DOWN,2026-03-12 17:29:32,2026-03-12 17:29:32,1272.4630555555555,1.0,unknown,unknown,unknown,unknown,NORMAL,link_down,0.76
alarm_02913,2026-05-04 17:57:19,CRITICAL,AR,LAL,PHYSICAL PORT DOWN,2026-03-12 17:31:31,2026-03-12 17:31:31,1272.43,1.0,unknown,unknown,unknown,unknown,NORMAL,link_down,0.76
alarm_02914,2026-05-04 17:57:19,CRITICAL,AR,HUN,PHYSICAL PORT DOWN,2026-03-12 17:55:30,2026-03-12 17:55:30,1272.0302777777779,1.0,unknown,unknown,unknown,unknown,NORMAL,link_down,0.76
alarm_02915,2026-05-04 17:57:19,CRITICAL,AR,LOR,PHYSICAL PORT DOWN,2026-03-12 18:47:22,2026-03-12 18:47:22,1271.1658333333332,1.0,unknown,unknown,unknown,unknown,NORMAL,link_down,0.76
alarm_02916,2026-05-04 17:57:19,CRITICAL,AR,LIC,PHYSICAL PORT DOWN,2026-03-12 21:43:41,2026-03-12 21:43:41,1268.2272222222223,1.0,unknown,unknown,unknown,unknown,NORMAL,link_down,0.76
alarm_02917,2026-05-04 17:57:19,CRITICAL,AR,ARE,THE DEVICE IS OFFLINE,2026-03-12 23:41:21,2026-03-12 23:41:21,1266.266111111111,1.0,unknown,unknown,unknown,unknown,NORMAL,other,0.66
alarm_02918,2026-05-04 17:57:19,CRITICAL,AR,ARE,THE DEVICE IS OFFLINE,2026-03-12 23:41:21,2026-03-12 23:41:21,1266.266111111111,1.0,unknown,unknown,unknown,unknown,NORMAL,other,0.66
alarm_02919,2026-05-04 17:57:19,CRITICAL,AG,ARE,PHYSICAL PORT DOWN,2026-03-12 23:41:37,2026-03-12 23:41:37,1266.2616666666668,1.0,unknown,unknown,unknown,unknown,NORMAL,link_down,0.76
alarm_02920,2026-05-04 17:57:19,CRITICAL,AG,ARE,PHYSICAL PORT DOWN,2026-03-12 23:41:37,2026-03-12 23:41:37,1266.2616666666668,1.0,unknown,unknown,unknown,unknown,NORMAL,link_down,0.76
alarm_02921,2026-05-04 17:57:19,CRITICAL,AG,ARE,PHYSICAL PORT DOWN,2026-03-12 23:41:37,2026-03-12 23:41:37,1266.2616666666668,1.0,unknown,unknown,unknown,unknown,NORMAL,link_down,0.76
alarm_02922,2026-05-04 17:57:19,CRITICAL,AR,ARE,THE DEVICE IS OFFLINE,2026-03-12 23:42:58,2026-03-12 23:42:58,1266.2391666666667,1.0,unknown,unknown,unknown,unknown,NORMAL,other,0.66
alarm_02923,2026-05-04 17:57:19,CRITICAL,AR,ARE,THE DEVICE IS OFFLINE,2026-03-12 23:42:58,2026-03-12 23:42:58,1266.2391666666667,1.0,unknown,unknown,unknown,unknown,NORMAL,other,0.66
alarm_02924,2026-05-04 17:57:19,CRITICAL,AR,ARE,THE DEVICE IS OFFLINE,2026-03-12 23:43:08,2026-03-12 23:43:08,1266.236388888889,1.0,unknown,unknown,unknown,unknown,NORMAL,other,0.66
alarm_02925,2026-05-04 17:57:19,CRITICAL,AG,CAJ,PHYSICAL PORT DOWN,2026-03-13 00:21:20,2026-03-13 00:21:20,1265.5997222222222,1.0,unknown,unknown,unknown,unknown,NORMAL,link_down,0.76
alarm_02926,2026-05-04 17:57:19,CRITICAL,AG,CAJ,PHYSICAL PORT DOWN,2026-03-13 00:26:16,2026-03-13 00:26:16,1265.5175,1.0,unknown,unknown,unknown,unknown,NORMAL,link_down,0.76
alarm_02927,2026-05-04 17:57:19,CRITICAL,AG,CAJ,PHYSICAL PORT DOWN,2026-03-13 00:26:16,2026-03-13 00:26:16,1265.5175,1.0,unknown,unknown,unknown,unknown,NORMAL,link_down,0.76
alarm_02928,2026-05-04 17:57:19,CRITICAL,AG,CAJ,PHYSICAL PORT DOWN,2026-03-13 00:26:16,2026-03-13 00:26:16,1265.5175,1.0,unknown,unknown,unknown,unknown,NORMAL,link_down,0.76
alarm_02929,2026-05-04 17:57:19,CRITICAL,AR,CAJ,THE DEVICE IS OFFLINE,2026-03-13 00:29:49,2026-03-13 00:29:49,1265.4583333333333,1.0,unknown,unknown,unknown,unknown,NORMAL,other,0.66
alarm_02930,2026-05-04 17:57:19,CRITICAL,CP,JUN,PHYSICAL PORT DOWN,2026-03-13 02:29:54,2026-03-13 02:29:54,1263.4569444444444,1.0,unknown,unknown,unknown,unknown,NORMAL,link_down,0.76
alarm_02931,2026-05-04 17:57:19,CRITICAL,CP,HUN,PHYSICAL PORT DOWN,2026-03-13 02:29:57,2026-03-13 02:29:57,1263.456111111111,1.0,unknown,unknown,unknown,unknown,NORMAL,link_down,0.76
alarm_02932,2026-05-04 17:57:19,CRITICAL,AG,CAJ,PHYSICAL PORT DOWN,2026-03-13 05:42:32,2026-03-13 05:42:32,1260.246388888889,1.0,unknown,unknown,unknown,unknown,NORMAL,link_down,0.76
alarm_02933,2026-05-04 17:57:19,CRITICAL,AR,TUM,THE DEVICE IS OFFLINE,2026-03-13 09:16:07,2026-03-13 09:16:07,1256.6866666666667,1.0,unknown,unknown,unknown,unknown,NORMAL,other,0.66
alarm_02934,2026-05-04 17:57:19,CRITICAL,AG,UCA,PHYSICAL PORT DOWN,2026-03-13 10:23:30,2026-03-13 10:23:30,1255.5636111111112,1.0,unknown,unknown,unknown,unknown,NORMAL,link_down,0.76
alarm_02935,2026-05-04 17:57:19,CRITICAL,AR,UCA,PHYSICAL PORT DOWN,2026-03-13 11:27:58,2026-03-13 11:27:58,1254.4891666666667,1.0,unknown,unknown,unknown,unknown,NORMAL,link_down,0.76
alarm_02936,2026-05-04 17:57:19,CRITICAL,AG,UCA,PHYSICAL PORT DOWN,2026-03-13 11:28:09,2026-03-13 11:28:09,1254.486111111111,1.0,unknown,unknown,unknown,unknown,NORMAL,link_down,0.76
alarm_02937,2026-05-04 17:57:19,CRITICAL,AG,LAM,PHYSICAL PORT DOWN,2026-03-13 11:32:24,2026-03-13 11:32:24,1254.4152777777779,1.0,unknown,unknown,unknown,unknown,NORMAL,link_down,0.76
alarm_02938,2026-05-04 17:57:19,CRITICAL,AR,UCA,PHYSICAL PORT DOWN,2026-03-13 11:40:58,2026-03-13 11:40:58,1254.2725,1.0,unknown,unknown,unknown,unknown,NORMAL,link_down,0.76
alarm_02939,2026-05-04 17:57:19,CRITICAL,AR,CUS,PHYSICAL PORT DOWN,2026-03-13 12:47:11,2026-03-13 12:47:11,1253.168888888889,1.0,unknown,unknown,unknown,unknown,NORMAL,link_down,0.76
alarm_02940,2026-05-04 17:57:19,CRITICAL,AG,CUS,PHYSICAL PORT DOWN,2026-03-13 12:59:22,2026-03-13 12:59:22,1252.9658333333334,1.0,unknown,unknown,unknown,unknown,NORMAL,link_down,0.76
alarm_02941,2026-05-04 17:57:19,CRITICAL,AR,SAN,PHYSICAL PORT DOWN,2026-03-13 14:38:57,2026-03-13 14:38:57,1251.306111111111,1.0,unknown,unknown,unknown,unknown,NORMAL,link_down,0.76
alarm_02942,2026-05-04 17:57:19,CRITICAL,AR,CAJ,PHYSICAL PORT DOWN,2026-03-13 16:27:48,2026-03-13 16:27:48,1249.4919444444445,1.0,unknown,unknown,unknown,unknown,NORMAL,link_down,0.76
alarm_02943,2026-05-04 17:57:19,CRITICAL,CP,ICA,PHYSICAL PORT DOWN,2026-03-13 18:14:23,2026-03-13 18:14:23,1247.7155555555555,1.0,unknown,unknown,unknown,unknown,NORMAL,link_down,0.76
alarm_02944,2026-05-04 17:57:19,CRITICAL,AR,LAL,PHYSICAL PORT DOWN,2026-03-13 20:20:20,2026-03-13 20:20:20,1245.6163888888889,1.0,unknown,unknown,unknown,unknown,NORMAL,link_down,0.76
alarm_02945,2026-05-04 17:57:19,CRITICAL,CP,ARE,PHYSICAL PORT DOWN,2026-03-13 21:40:11,2026-03-13 21:40:11,1244.2855555555554,1.0,unknown,unknown,unknown,unknown,NORMAL,link_down,0.76
alarm_02946,2026-05-04 17:57:19,CRITICAL,AR,ARE,PHYSICAL PORT DOWN,2026-03-14 09:14:40,2026-03-14 09:14:40,1232.7108333333333,1.0,unknown,unknown,unknown,unknown,NORMAL,link_down,0.76
alarm_02947,2026-05-04 17:57:19,CRITICAL,AR,ARE,PHYSICAL PORT DOWN,2026-03-14 10:12:27,2026-03-14 10:12:27,1231.7477777777779,1.0,unknown,unknown,unknown,unknown,NORMAL,link_down,0.76
alarm_02948,2026-05-04 17:57:19,CRITICAL,AG,LIC,PHYSICAL PORT DOWN,2026-03-14 10:15:40,2026-03-14 10:15:40,1231.6941666666667,1.0,unknown,unknown,unknown,unknown,NORMAL,link_down,0.76
alarm_02949,2026-05-04 17:57:19,CRITICAL,AG,LIC,PHYSICAL PORT DOWN,2026-03-14 12:06:03,2026-03-14 12:06:03,1229.8544444444444,1.0,unknown,unknown,unknown,unknown,NORMAL,link_down,0.76
alarm_02950,2026-05-04 17:57:19,CRITICAL,AR,LIC,PHYSICAL PORT DOWN,2026-03-14 12:06:34,2026-03-14 12:06:34,1229.8458333333333,1.0,unknown,unknown,unknown,unknown,NORMAL,link_down,0.76
alarm_02951,2026-05-04 17:57:19,CRITICAL,AR,JUN,PHYSICAL PORT DOWN,2026-03-14 12:32:38,2026-03-14 12:32:38,1229.411388888889,1.0,unknown,unknown,unknown,unknown,NORMAL,link_down,0.76
alarm_02952,2026-05-04 17:57:19,CRITICAL,AR,JUN,PHYSICAL PORT DOWN,2026-03-14 12:33:08,2026-03-14 12:33:08,1229.4030555555555,1.0,unknown,unknown,unknown,unknown,NORMAL,link_down,0.76
alarm_02953,2026-05-04 17:57:19,CRITICAL,AR,LIC,PHYSICAL PORT DOWN,2026-03-14 13:01:30,2026-03-14 13:01:30,1228.9302777777777,1.0,unknown,unknown,unknown,unknown,NORMAL,link_down,0.76
alarm_02954,2026-05-04 17:57:19,CRITICAL,AR,LIC,PHYSICAL PORT DOWN,2026-03-14 13:01:30,2026-03-14 13:01:30,1228.9302777777777,1.0,unknown,unknown,unknown,unknown,NORMAL,link_down,0.76
alarm_02955,2026-05-04 17:57:19,CRITICAL,AR,LIC,PHYSICAL PORT DOWN,2026-03-14 14:07:55,2026-03-14 14:07:55,1227.8233333333333,1.0,unknown,unknown,unknown,unknown,NORMAL,link_down,0.76
alarm_02956,2026-05-04 17:57:19,CRITICAL,AR,AYA,PHYSICAL PORT DOWN,2026-03-14 14:21:07,2026-03-14 14:21:07,1227.6033333333332,1.0,unknown,unknown,unknown,unknown,NORMAL,link_down,0.76
alarm_02957,2026-05-04 17:57:19,CRITICAL,AR,LIC,PHYSICAL PORT DOWN,2026-03-14 14:36:08,2026-03-14 14:36:08,1227.3530555555556,1.0,unknown,unknown,unknown,unknown,NORMAL,link_down,0.76
alarm_02958,2026-05-04 17:57:19,CRITICAL,AR,LOR,PHYSICAL PORT DOWN,2026-03-14 16:56:46,2026-03-14 16:56:46,1225.0091666666667,1.0,unknown,unknown,unknown,unknown,NORMAL,link_down,0.76
alarm_02959,2026-05-04 17:57:19,CRITICAL,AR,JUN,PHYSICAL PORT DOWN,2026-03-14 17:17:14,2026-03-14 17:17:14,1224.6680555555556,1.0,unknown,unknown,unknown,unknown,NORMAL,link_down,0.76
alarm_02960,2026-05-04 17:57:19,CRITICAL,AR,PIU,PHYSICAL PORT DOWN,2026-03-14 17:29:19,2026-03-14 17:29:19,1224.4666666666667,1.0,unknown,unknown,unknown,unknown,NORMAL,link_down,0.76
alarm_02961,2026-05-04 17:57:19,CRITICAL,AR,SAN,PHYSICAL PORT DOWN,2026-03-15 01:21:40,2026-03-15 01:21:40,1216.5941666666668,1.0,unknown,unknown,unknown,unknown,NORMAL,link_down,0.76
alarm_02962,2026-05-04 17:57:19,CRITICAL,AR,UCA,PHYSICAL PORT DOWN,2026-03-15 06:21:21,2026-03-15 06:21:21,1211.5994444444445,1.0,unknown,unknown,unknown,unknown,NORMAL,link_down,0.76
alarm_02963,2026-05-04 17:57:19,CRITICAL,AR,CAJ,PHYSICAL PORT DOWN,2026-03-15 08:19:29,2026-03-15 08:19:29,1209.6305555555555,1.0,unknown,unknown,unknown,unknown,NORMAL,link_down,0.76
alarm_02964,2026-05-04 17:57:19,CRITICAL,AR,UCA,PHYSICAL PORT DOWN,2026-03-15 08:58:03,2026-03-15 08:58:03,1208.9877777777779,1.0,unknown,unknown,unknown,unknown,NORMAL,link_down,0.76
alarm_02965,2026-05-04 17:57:19,CRITICAL,AR,ICA,PHYSICAL PORT DOWN,2026-03-15 09:13:34,2026-03-15 09:13:34,1208.7291666666667,1.0,unknown,unknown,unknown,unknown,NORMAL,link_down,0.76
alarm_02966,2026-05-04 17:57:19,CRITICAL,SW,HUN,THE DEVICE IS OFFLINE,2026-03-15 09:47:23,2026-03-15 09:47:23,1208.1655555555556,1.0,unknown,unknown,unknown,unknown,NORMAL,other,0.66
alarm_02967,2026-05-04 17:57:19,CRITICAL,AR,UCA,PHYSICAL PORT DOWN,2026-03-15 12:03:15,2026-03-15 12:03:15,1205.901111111111,1.0,unknown,unknown,unknown,unknown,NORMAL,link_down,0.76
alarm_02968,2026-05-04 17:57:19,CRITICAL,AR,UCA,PHYSICAL PORT DOWN,2026-03-15 12:03:15,2026-03-15 12:03:15,1205.901111111111,1.0,unknown,unknown,unknown,unknown,NORMAL,link_down,0.76
alarm_02969,2026-05-04 17:57:19,CRITICAL,AR,UCA,PHYSICAL PORT DOWN,2026-03-15 12:03:15,2026-03-15 12:03:15,1205.901111111111,1.0,unknown,unknown,unknown,unknown,NORMAL,link_down,0.76
alarm_02970,2026-05-04 17:57:19,CRITICAL,AR,ARE,PHYSICAL PORT DOWN,2026-03-15 13:15:18,2026-03-15 13:15:18,1204.7002777777777,1.0,unknown,unknown,unknown,unknown,NORMAL,link_down,0.76
alarm_02971,2026-05-04 17:57:19,CRITICAL,CP,HUC,PHYSICAL PORT DOWN,2026-03-15 13:56:51,2026-03-15 13:56:51,1204.0077777777778,1.0,unknown,unknown,unknown,unknown,NORMAL,link_down,0.76
alarm_02972,2026-05-04 17:57:19,CRITICAL,CP,HUC,PHYSICAL PORT DOWN,2026-03-15 13:56:51,2026-03-15 13:56:51,1204.0077777777778,1.0,unknown,unknown,unknown,unknown,NORMAL,link_down,0.76
alarm_02973,2026-05-04 17:57:19,CRITICAL,CP,HUC,PHYSICAL PORT DOWN,2026-03-15 13:56:51,2026-03-15 13:56:51,1204.0077777777778,1.0,unknown,unknown,unknown,unknown,NORMAL,link_down,0.76
alarm_02974,2026-05-04 17:57:19,CRITICAL,CP,HUC,PHYSICAL PORT DOWN,2026-03-15 13:56:51,2026-03-15 13:56:51,1204.0077777777778,1.0,unknown,unknown,unknown,unknown,NORMAL,link_down,0.76
alarm_02975,2026-05-04 17:57:19,CRITICAL,CP,HUC,PHYSICAL PORT DOWN,2026-03-15 13:56:51,2026-03-15 13:56:51,1204.0077777777778,1.0,unknown,unknown,unknown,unknown,NORMAL,link_down,0.76
alarm_02976,2026-05-04 17:57:19,CRITICAL,CP,HUC,PHYSICAL PORT DOWN,2026-03-15 13:56:51,2026-03-15 13:56:51,1204.0077777777778,1.0,unknown,unknown,unknown,unknown,NORMAL,link_down,0.76
alarm_02977,2026-05-04 17:57:19,CRITICAL,CP,HUC,PHYSICAL PORT DOWN,2026-03-15 13:56:51,2026-03-15 13:56:51,1204.0077777777778,1.0,unknown,unknown,unknown,unknown,NORMAL,link_down,0.76
alarm_02978,2026-05-04 17:57:19,CRITICAL,CP,HUC,PHYSICAL PORT DOWN,2026-03-15 13:56:51,2026-03-15 13:56:51,1204.0077777777778,1.0,unknown,unknown,unknown,unknown,NORMAL,link_down,0.76
alarm_02979,2026-05-04 17:57:19,CRITICAL,CP,HUC,PHYSICAL PORT DOWN,2026-03-15 13:56:51,2026-03-15 13:56:51,1204.0077777777778,1.0,unknown,unknown,unknown,unknown,NORMAL,link_down,0.76
alarm_02980,2026-05-04 17:57:19,CRITICAL,CP,HUC,PHYSICAL PORT DOWN,2026-03-15 13:56:51,2026-03-15 13:56:51,1204.0077777777778,1.0,unknown,unknown,unknown,unknown,NORMAL,link_down,0.76
alarm_02981,2026-05-04 17:57:19,CRITICAL,CP,HUC,PHYSICAL PORT DOWN,2026-03-15 13:56:51,2026-03-15 13:56:51,1204.0077777777778,1.0,unknown,unknown,unknown,unknown,NORMAL,link_down,0.76
alarm_02982,2026-05-04 17:57:19,CRITICAL,CP,HUC,PHYSICAL PORT DOWN,2026-03-15 13:56:51,2026-03-15 13:56:51,1204.0077777777778,1.0,unknown,unknown,unknown,unknown,NORMAL,link_down,0.76
alarm_02983,2026-05-04 17:57:19,CRITICAL,CP,HUC,PHYSICAL PORT DOWN,2026-03-15 13:56:51,2026-03-15 13:56:51,1204.0077777777778,1.0,unknown,unknown,unknown,unknown,NORMAL,link_down,0.76
alarm_02984,2026-05-04 17:57:19,CRITICAL,CP,HUC,PHYSICAL PORT DOWN,2026-03-15 13:56:51,2026-03-15 13:56:51,1204.0077777777778,1.0,unknown,unknown,unknown,unknown,NORMAL,link_down,0.76
alarm_02985,2026-05-04 17:57:19,CRITICAL,CP,HUC,PHYSICAL PORT DOWN,2026-03-15 13:56:51,2026-03-15 13:56:51,1204.0077777777778,1.0,unknown,unknown,unknown,unknown,NORMAL,link_down,0.76
alarm_02986,2026-05-04 17:57:19,CRITICAL,CP,HUC,PHYSICAL PORT DOWN,2026-03-15 13:56:51,2026-03-15 13:56:51,1204.0077777777778,1.0,unknown,unknown,unknown,unknown,NORMAL,link_down,0.76
alarm_02987,2026-05-04 17:57:19,CRITICAL,CP,HUC,PHYSICAL PORT DOWN,2026-03-15 13:56:51,2026-03-15 13:56:51,1204.0077777777778,1.0,unknown,unknown,unknown,unknown,NORMAL,link_down,0.76
alarm_02988,2026-05-04 17:57:19,CRITICAL,CP,HUC,PHYSICAL PORT DOWN,2026-03-15 13:56:51,2026-03-15 13:56:51,1204.0077777777778,1.0,unknown,unknown,unknown,unknown,NORMAL,link_down,0.76
alarm_02989,2026-05-04 17:57:19,CRITICAL,CP,HUC,PHYSICAL PORT DOWN,2026-03-15 13:56:51,2026-03-15 13:56:51,1204.0077777777778,1.0,unknown,unknown,unknown,unknown,NORMAL,link_down,0.76
alarm_02990,2026-05-04 17:57:19,CRITICAL,CP,HUC,PHYSICAL PORT DOWN,2026-03-15 13:56:51,2026-03-15 13:56:51,1204.0077777777778,1.0,unknown,unknown,unknown,unknown,NORMAL,link_down,0.76
alarm_02991,2026-05-04 17:57:19,CRITICAL,CP,HUC,PHYSICAL PORT DOWN,2026-03-15 13:56:51,2026-03-15 13:56:51,1204.0077777777778,1.0,unknown,unknown,unknown,unknown,NORMAL,link_down,0.76
alarm_02992,2026-05-04 17:57:19,CRITICAL,CP,HUC,PHYSICAL PORT DOWN,2026-03-15 13:56:51,2026-03-15 13:56:51,1204.0077777777778,1.0,unknown,unknown,unknown,unknown,NORMAL,link_down,0.76
alarm_02993,2026-05-04 17:57:19,CRITICAL,CP,HUC,PHYSICAL PORT DOWN,2026-03-15 13:56:51,2026-03-15 13:56:51,1204.0077777777778,1.0,unknown,unknown,unknown,unknown,NORMAL,link_down,0.76
alarm_02994,2026-05-04 17:57:19,CRITICAL,CP,HUC,PHYSICAL PORT DOWN,2026-03-15 13:56:51,2026-03-15 13:56:51,1204.0077777777778,1.0,unknown,unknown,unknown,unknown,NORMAL,link_down,0.76
alarm_02995,2026-05-04 17:57:19,CRITICAL,CP,HUC,PHYSICAL PORT DOWN,2026-03-15 13:56:51,2026-03-15 13:56:51,1204.0077777777778,1.0,unknown,unknown,unknown,unknown,NORMAL,link_down,0.76
alarm_02996,2026-05-04 17:57:19,CRITICAL,CP,HUC,PHYSICAL PORT DOWN,2026-03-15 13:56:51,2026-03-15 13:56:51,1204.0077777777778,1.0,unknown,unknown,unknown,unknown,NORMAL,link_down,0.76
alarm_02997,2026-05-04 17:57:19,CRITICAL,CP,HUC,PHYSICAL PORT DOWN,2026-03-15 13:56:51,2026-03-15 13:56:51,1204.0077777777778,1.0,unknown,unknown,unknown,unknown,NORMAL,link_down,0.76
alarm_02998,2026-05-04 17:57:19,CRITICAL,CP,HUC,PHYSICAL PORT DOWN,2026-03-15 13:56:51,2026-03-15 13:56:51,1204.0077777777778,1.0,unknown,unknown,unknown,unknown,NORMAL,link_down,0.76
alarm_02999,2026-05-04 17:57:19,CRITICAL,CP,HUC,PHYSICAL PORT DOWN,2026-03-15 13:56:54,2026-03-15 13:56:54,1204.0069444444443,1.0,unknown,unknown,unknown,unknown,NORMAL,link_down,0.76
alarm_03000,2026-05-04 17:57:19,CRITICAL,CP,HUC,PHYSICAL PORT DOWN,2026-03-15 13:56:54,2026-03-15 13:56:54,1204.0069444444443,1.0,unknown,unknown,unknown,unknown,NORMAL,link_down,0.76
alarm_03001,2026-05-04 17:57:19,CRITICAL,CP,HUC,PHYSICAL PORT DOWN,2026-03-15 13:56:54,2026-03-15 13:56:54,1204.0069444444443,1.0,unknown,unknown,unknown,unknown,NORMAL,link_down,0.76
alarm_03002,2026-05-04 17:57:19,CRITICAL,CP,HUC,PHYSICAL PORT DOWN,2026-03-15 13:56:54,2026-03-15 13:56:54,1204.0069444444443,1.0,unknown,unknown,unknown,unknown,NORMAL,link_down,0.76
alarm_03003,2026-05-04 17:57:19,CRITICAL,CP,HUC,PHYSICAL PORT DOWN,2026-03-15 13:56:54,2026-03-15 13:56:54,1204.0069444444443,1.0,unknown,unknown,unknown,unknown,NORMAL,link_down,0.76
alarm_03004,2026-05-04 17:57:19,CRITICAL,CP,HUC,PHYSICAL PORT DOWN,2026-03-15 13:56:54,2026-03-15 13:56:54,1204.0069444444443,1.0,unknown,unknown,unknown,unknown,NORMAL,link_down,0.76
alarm_03005,2026-05-04 17:57:19,CRITICAL,CP,HUC,PHYSICAL PORT DOWN,2026-03-15 13:56:54,2026-03-15 13:56:54,1204.0069444444443,1.0,unknown,unknown,unknown,unknown,NORMAL,link_down,0.76
alarm_03006,2026-05-04 17:57:19,CRITICAL,CP,HUC,PHYSICAL PORT DOWN,2026-03-15 13:56:54,2026-03-15 13:56:54,1204.0069444444443,1.0,unknown,unknown,unknown,unknown,NORMAL,link_down,0.76
alarm_03007,2026-05-04 17:57:19,CRITICAL,CP,HUC,PHYSICAL PORT DOWN,2026-03-15 13:56:54,2026-03-15 13:56:54,1204.0069444444443,1.0,unknown,unknown,unknown,unknown,NORMAL,link_down,0.76
alarm_03008,2026-05-04 17:57:19,CRITICAL,CP,HUC,PHYSICAL PORT DOWN,2026-03-15 13:56:54,2026-03-15 13:56:54,1204.0069444444443,1.0,unknown,unknown,unknown,unknown,NORMAL,link_down,0.76
alarm_03009,2026-05-04 17:57:19,CRITICAL,CP,HUC,PHYSICAL PORT DOWN,2026-03-15 13:56:54,2026-03-15 13:56:54,1204.0069444444443,1.0,unknown,unknown,unknown,unknown,NORMAL,link_down,0.76
alarm_03010,2026-05-04 17:57:19,CRITICAL,CP,HUC,PHYSICAL PORT DOWN,2026-03-15 13:56:55,2026-03-15 13:56:55,1204.0066666666667,1.0,unknown,unknown,unknown,unknown,NORMAL,link_down,0.76
alarm_03011,2026-05-04 17:57:19,CRITICAL,AR,CAJ,PHYSICAL PORT DOWN,2026-03-15 14:16:31,2026-03-15 14:16:31,1203.68,1.0,unknown,unknown,unknown,unknown,NORMAL,link_down,0.76
alarm_03012,2026-05-04 17:57:19,CRITICAL,AG,CAJ,PHYSICAL PORT DOWN,2026-03-15 14:16:42,2026-03-15 14:16:42,1203.6769444444444,1.0,unknown,unknown,unknown,unknown,NORMAL,link_down,0.76
alarm_03013,2026-05-04 17:57:19,CRITICAL,AR,ICA,PHYSICAL PORT DOWN,2026-03-15 17:16:54,2026-03-15 17:16:54,1200.673611111111,1.0,unknown,unknown,unknown,unknown,NORMAL,link_down,0.76
alarm_03014,2026-05-04 17:57:19,CRITICAL,AR,ICA,PHYSICAL PORT DOWN,2026-03-15 17:16:54,2026-03-15 17:16:54,1200.673611111111,1.0,unknown,unknown,unknown,unknown,NORMAL,link_down,0.76
alarm_03015,2026-05-04 17:57:19,CRITICAL,AG,LAL,PHYSICAL PORT DOWN,2026-03-15 18:38:37,2026-03-15 18:38:37,1199.3116666666667,1.0,unknown,unknown,unknown,unknown,NORMAL,link_down,0.76
alarm_03016,2026-05-04 17:57:19,CRITICAL,AG,LAM,PHYSICAL PORT DOWN,2026-03-16 10:28:42,2026-03-16 10:28:42,1183.4769444444444,1.0,unknown,unknown,unknown,unknown,NORMAL,link_down,0.76
alarm_03017,2026-05-04 17:57:19,CRITICAL,AG,LAM,PHYSICAL PORT DOWN,2026-03-16 10:28:49,2026-03-16 10:28:49,1183.475,1.0,unknown,unknown,unknown,unknown,NORMAL,link_down,0.76
alarm_03018,2026-05-04 17:57:19,CRITICAL,AR,LOR,PHYSICAL PORT DOWN,2026-03-16 13:47:23,2026-03-16 13:47:23,1180.1655555555556,1.0,unknown,unknown,unknown,unknown,NORMAL,link_down,0.76
alarm_03019,2026-05-04 17:57:19,CRITICAL,AR,LIC,THE DEVICE IS OFFLINE,2026-03-16 23:08:12,2026-03-16 23:08:12,1170.818611111111,1.0,unknown,unknown,unknown,unknown,NORMAL,other,0.66
alarm_03020,2026-05-04 17:57:19,CRITICAL,AR,LOR,PHYSICAL PORT DOWN,2026-03-17 08:38:43,2026-03-17 08:38:43,1161.31,1.0,unknown,unknown,unknown,unknown,NORMAL,link_down,0.76
alarm_03021,2026-05-04 17:57:19,CRITICAL,AG,ICA,PHYSICAL PORT DOWN,2026-03-17 12:18:54,2026-03-17 12:18:54,1157.6402777777778,1.0,unknown,unknown,unknown,unknown,NORMAL,link_down,0.76
alarm_03022,2026-05-04 17:57:19,CRITICAL,AR,CUS,PHYSICAL PORT DOWN,2026-03-17 14:30:04,2026-03-17 14:30:04,1155.4541666666667,1.0,unknown,unknown,unknown,unknown,NORMAL,link_down,0.76
alarm_03023,2026-05-04 17:57:19,CRITICAL,AR,APU,PHYSICAL PORT DOWN,2026-03-17 15:57:37,2026-03-17 15:57:37,1153.995,1.0,unknown,unknown,unknown,unknown,NORMAL,link_down,0.76
alarm_03024,2026-05-04 17:57:19,CRITICAL,AR,SAN,PHYSICAL PORT DOWN,2026-03-17 19:18:06,2026-03-17 19:18:06,1150.653611111111,1.0,unknown,unknown,unknown,unknown,NORMAL,link_down,0.76
alarm_03025,2026-05-04 17:57:19,CRITICAL,AG,CAJ,PHYSICAL PORT DOWN,2026-03-17 23:20:04,2026-03-17 23:20:04,1146.6208333333334,1.0,unknown,unknown,unknown,unknown,NORMAL,link_down,0.76
alarm_03026,2026-05-04 17:57:19,CRITICAL,AG,CAJ,PHYSICAL PORT DOWN,2026-03-17 23:20:04,2026-03-17 23:20:04,1146.6208333333334,1.0,unknown,unknown,unknown,unknown,NORMAL,link_down,0.76
alarm_03027,2026-05-04 17:57:19,CRITICAL,AG,CAJ,PHYSICAL PORT DOWN,2026-03-17 23:20:04,2026-03-17 23:20:04,1146.6208333333334,1.0,unknown,unknown,unknown,unknown,NORMAL,link_down,0.76
alarm_03028,2026-05-04 17:57:19,CRITICAL,AG,CAJ,PHYSICAL PORT DOWN,2026-03-17 23:20:04,2026-03-17 23:20:04,1146.6208333333334,1.0,unknown,unknown,unknown,unknown,NORMAL,link_down,0.76
alarm_03029,2026-05-04 17:57:19,CRITICAL,AG,CAJ,PHYSICAL PORT DOWN,2026-03-17 23:20:05,2026-03-17 23:20:05,1146.6205555555555,1.0,unknown,unknown,unknown,unknown,NORMAL,link_down,0.76
alarm_03030,2026-05-04 17:57:19,CRITICAL,AG,CAJ,PHYSICAL PORT DOWN,2026-03-17 23:52:23,2026-03-17 23:52:23,1146.0822222222223,1.0,unknown,unknown,unknown,unknown,NORMAL,link_down,0.76
alarm_03031,2026-05-04 17:57:19,CRITICAL,AR,CAJ,THE DEVICE IS OFFLINE,2026-03-17 23:53:56,2026-03-17 23:53:56,1146.056388888889,1.0,unknown,unknown,unknown,unknown,NORMAL,other,0.66
alarm_03032,2026-05-04 17:57:19,CRITICAL,AR,PIU,PHYSICAL PORT DOWN,2026-03-18 09:11:37,2026-03-18 09:11:37,1136.7616666666668,1.0,unknown,unknown,unknown,unknown,NORMAL,link_down,0.76
alarm_03033,2026-05-04 17:57:19,CRITICAL,AR,ARE,PHYSICAL PORT DOWN,2026-03-18 16:11:22,2026-03-18 16:11:22,1129.7658333333334,1.0,unknown,unknown,unknown,unknown,NORMAL,link_down,0.76
alarm_03034,2026-05-04 17:57:19,CRITICAL,AR,UCA,PHYSICAL PORT DOWN,2026-03-19 11:49:02,2026-03-19 11:49:02,1110.1380555555556,1.0,unknown,unknown,unknown,unknown,NORMAL,link_down,0.76
alarm_03035,2026-05-04 17:57:19,CRITICAL,AG,TAC,PHYSICAL PORT DOWN,2026-03-19 12:09:41,2026-03-19 12:09:41,1109.793888888889,1.0,unknown,unknown,unknown,unknown,NORMAL,link_down,0.76
alarm_03036,2026-05-04 17:57:19,CRITICAL,AR,LIC,PHYSICAL PORT DOWN,2026-03-19 14:15:04,2026-03-19 14:15:04,1107.7041666666667,1.0,unknown,unknown,unknown,unknown,NORMAL,link_down,0.76
alarm_03037,2026-05-04 17:57:19,CRITICAL,AR,CUS,PHYSICAL PORT DOWN,2026-03-19 14:48:51,2026-03-19 14:48:51,1107.141111111111,1.0,unknown,unknown,unknown,unknown,NORMAL,link_down,0.76
alarm_03038,2026-05-04 17:57:19,CRITICAL,AR,LOR,PHYSICAL PORT DOWN,2026-03-19 16:22:31,2026-03-19 16:22:31,1105.58,1.0,unknown,unknown,unknown,unknown,NORMAL,link_down,0.76
alarm_03039,2026-05-04 17:57:19,CRITICAL,AR,CAL,PHYSICAL PORT DOWN,2026-03-19 16:48:52,2026-03-19 16:48:52,1105.1408333333334,1.0,unknown,unknown,unknown,unknown,NORMAL,link_down,0.76
alarm_03040,2026-05-04 17:57:19,CRITICAL,AR,CAL,PHYSICAL PORT DOWN,2026-03-19 16:48:52,2026-03-19 16:48:52,1105.1408333333334,1.0,unknown,unknown,unknown,unknown,NORMAL,link_down,0.76
alarm_03041,2026-05-04 17:57:19,CRITICAL,AG,UCA,PHYSICAL PORT DOWN,2026-03-19 17:59:09,2026-03-19 17:59:09,1103.9694444444444,1.0,unknown,unknown,unknown,unknown,NORMAL,link_down,0.76
alarm_03042,2026-05-04 17:57:19,CRITICAL,AR,CAL,PHYSICAL PORT DOWN,2026-03-19 18:02:50,2026-03-19 18:02:50,1103.9080555555556,1.0,unknown,unknown,unknown,unknown,NORMAL,link_down,0.76
alarm_03043,2026-05-04 17:57:19,CRITICAL,AR,LIC,PHYSICAL PORT DOWN,2026-03-19 18:09:45,2026-03-19 18:09:45,1103.7927777777777,1.0,unknown,unknown,unknown,unknown,NORMAL,link_down,0.76
alarm_03044,2026-05-04 17:57:19,CRITICAL,AR,LIC,PHYSICAL PORT DOWN,2026-03-19 22:08:24,2026-03-19 22:08:24,1099.8152777777777,1.0,unknown,unknown,unknown,unknown,NORMAL,link_down,0.76
alarm_03045,2026-05-04 17:57:19,CRITICAL,AR,LIC,PHYSICAL PORT DOWN,2026-03-19 23:08:56,2026-03-19 23:08:56,1098.806388888889,1.0,unknown,unknown,unknown,unknown,NORMAL,link_down,0.76
alarm_03046,2026-05-04 17:57:19,CRITICAL,AG,AYA,PHYSICAL PORT DOWN,2026-03-20 00:17:07,2026-03-20 00:17:07,1097.67,1.0,unknown,unknown,unknown,unknown,NORMAL,link_down,0.76
alarm_03047,2026-05-04 17:57:19,CRITICAL,AG,TAC,PHYSICAL PORT DOWN,2026-03-20 00:42:12,2026-03-20 00:42:12,1097.2519444444445,1.0,unknown,unknown,unknown,unknown,NORMAL,link_down,0.76
alarm_03048,2026-05-04 17:57:19,CRITICAL,AG,TAC,PHYSICAL PORT DOWN,2026-03-20 00:45:55,2026-03-20 00:45:55,1097.19,1.0,unknown,unknown,unknown,unknown,NORMAL,link_down,0.76
alarm_03049,2026-05-04 17:57:19,CRITICAL,AR,LIC,PHYSICAL PORT DOWN,2026-03-20 11:14:08,2026-03-20 11:14:08,1086.7197222222221,1.0,unknown,unknown,unknown,unknown,NORMAL,link_down,0.76
alarm_03050,2026-05-04 17:57:19,CRITICAL,AR,LAM,PHYSICAL PORT DOWN,2026-03-20 12:21:22,2026-03-20 12:21:22,1085.5991666666666,1.0,unknown,unknown,unknown,unknown,NORMAL,link_down,0.76
alarm_03051,2026-05-04 17:57:19,CRITICAL,AR,LIC,PHYSICAL PORT DOWN,2026-03-20 15:34:56,2026-03-20 15:34:56,1082.3730555555555,1.0,unknown,unknown,unknown,unknown,NORMAL,link_down,0.76
alarm_03052,2026-05-04 17:57:19,CRITICAL,AR,LAM,PHYSICAL PORT DOWN,2026-03-20 15:46:13,2026-03-20 15:46:13,1082.185,1.0,unknown,unknown,unknown,unknown,NORMAL,link_down,0.76
alarm_03053,2026-05-04 17:57:19,CRITICAL,AG,TAC,PHYSICAL PORT DOWN,2026-03-20 17:55:30,2026-03-20 17:55:30,1080.0302777777779,1.0,unknown,unknown,unknown,unknown,NORMAL,link_down,0.76
alarm_03054,2026-05-04 17:57:19,CRITICAL,AG,TAC,PHYSICAL PORT DOWN,2026-03-20 17:56:21,2026-03-20 17:56:21,1080.016111111111,1.0,unknown,unknown,unknown,unknown,NORMAL,link_down,0.76
alarm_03055,2026-05-04 17:57:19,CRITICAL,AR,CAJ,PHYSICAL PORT DOWN,2026-03-20 18:22:00,2026-03-20 18:22:00,1079.588611111111,1.0,unknown,unknown,unknown,unknown,NORMAL,link_down,0.76
alarm_03056,2026-05-04 17:57:19,CRITICAL,AR,AMA,PHYSICAL PORT DOWN,2026-03-20 20:08:24,2026-03-20 20:08:24,1077.8152777777777,1.0,unknown,unknown,unknown,unknown,NORMAL,link_down,0.76
alarm_03057,2026-05-04 17:57:19,CRITICAL,AR,JUN,PHYSICAL PORT DOWN,2026-03-20 22:02:24,2026-03-20 22:02:24,1075.9152777777779,1.0,unknown,unknown,unknown,unknown,NORMAL,link_down,0.76
alarm_03058,2026-05-04 17:57:19,CRITICAL,AR,LIC,PHYSICAL PORT DOWN,2026-03-21 08:11:01,2026-03-21 08:11:01,1065.7716666666668,1.0,unknown,unknown,unknown,unknown,NORMAL,link_down,0.76
alarm_03059,2026-05-04 17:57:19,CRITICAL,AR,ARE,PHYSICAL PORT DOWN,2026-03-21 12:54:46,2026-03-21 12:54:46,1061.0425,1.0,unknown,unknown,unknown,unknown,NORMAL,link_down,0.76
alarm_03060,2026-05-04 17:57:19,CRITICAL,AR,ARE,PHYSICAL PORT DOWN,2026-03-21 22:43:29,2026-03-21 22:43:29,1051.2305555555556,1.0,unknown,unknown,unknown,unknown,NORMAL,link_down,0.76
alarm_03061,2026-05-04 17:57:19,CRITICAL,AR,ICA,PHYSICAL PORT DOWN,2026-03-22 08:47:13,2026-03-22 08:47:13,1041.1683333333333,1.0,unknown,unknown,unknown,unknown,NORMAL,link_down,0.76
alarm_03062,2026-05-04 17:57:19,CRITICAL,AR,TAC,PHYSICAL PORT DOWN,2026-03-22 09:23:36,2026-03-22 09:23:36,1040.5619444444444,1.0,unknown,unknown,unknown,unknown,NORMAL,link_down,0.76
alarm_03063,2026-05-04 17:57:19,CRITICAL,AR,TAC,PHYSICAL PORT DOWN,2026-03-22 09:57:08,2026-03-22 09:57:08,1040.0030555555556,1.0,unknown,unknown,unknown,unknown,NORMAL,link_down,0.76
alarm_03064,2026-05-04 17:57:19,CRITICAL,AG,TAC,BOARD INVALID,2026-03-22 10:10:37,2026-03-22 10:10:37,1039.7783333333334,1.0,unknown,unknown,unknown,unknown,NORMAL,other,0.66
alarm_03065,2026-05-04 17:57:19,CRITICAL,AG,TAC,BOARD INVALID,2026-03-22 10:11:02,2026-03-22 10:11:02,1039.7713888888889,1.0,unknown,unknown,unknown,unknown,NORMAL,other,0.66
alarm_03066,2026-05-04 17:57:19,CRITICAL,AG,TAC,BOARD INVALID,2026-03-22 17:10:15,2026-03-22 17:10:15,1032.7844444444445,1.0,unknown,unknown,unknown,unknown,NORMAL,other,0.66
alarm_03067,2026-05-04 17:57:19,CRITICAL,AG,TAC,BOARD INVALID,2026-03-22 17:40:05,2026-03-22 17:40:05,1032.2872222222222,1.0,unknown,unknown,unknown,unknown,NORMAL,other,0.66
alarm_03068,2026-05-04 17:57:19,CRITICAL,AR,JUN,THE DEVICE IS OFFLINE,2026-03-22 20:56:57,2026-03-22 20:56:57,1029.006111111111,1.0,unknown,unknown,unknown,unknown,NORMAL,other,0.66
alarm_03069,2026-05-04 17:57:19,CRITICAL,AR,LIC,PHYSICAL PORT DOWN,2026-03-23 04:23:16,2026-03-23 04:23:16,1021.5675,1.0,unknown,unknown,unknown,unknown,NORMAL,link_down,0.76
alarm_03070,2026-05-04 17:57:19,CRITICAL,AR,LOR,PHYSICAL PORT DOWN,2026-03-23 09:41:03,2026-03-23 09:41:03,1016.2711111111112,1.0,unknown,unknown,unknown,unknown,NORMAL,link_down,0.76
alarm_03071,2026-05-04 17:57:19,CRITICAL,AR,LOR,PHYSICAL PORT DOWN,2026-03-23 09:41:03,2026-03-23 09:41:03,1016.2711111111112,1.0,unknown,unknown,unknown,unknown,NORMAL,link_down,0.76
alarm_03072,2026-05-04 17:57:19,CRITICAL,AR,LOR,PHYSICAL PORT DOWN,2026-03-23 09:41:03,2026-03-23 09:41:03,1016.2711111111112,1.0,unknown,unknown,unknown,unknown,NORMAL,link_down,0.76
alarm_03073,2026-05-04 17:57:19,CRITICAL,AR,LOR,PHYSICAL PORT DOWN,2026-03-23 09:41:03,2026-03-23 09:41:03,1016.2711111111112,1.0,unknown,unknown,unknown,unknown,NORMAL,link_down,0.76
alarm_03074,2026-05-04 17:57:19,CRITICAL,AR,CAJ,PHYSICAL PORT DOWN,2026-03-23 10:40:29,2026-03-23 10:40:29,1015.2805555555556,1.0,unknown,unknown,unknown,unknown,NORMAL,link_down,0.76
alarm_03075,2026-05-04 17:57:19,CRITICAL,AG,CAL,PHYSICAL PORT DOWN,2026-03-23 13:28:41,2026-03-23 13:28:41,1012.4772222222222,1.0,unknown,unknown,unknown,unknown,NORMAL,link_down,0.76
alarm_03076,2026-05-04 17:57:19,CRITICAL,AG,LIC,BOARD INVALID,2026-03-23 13:38:22,2026-03-23 13:38:22,1012.3158333333333,1.0,unknown,unknown,unknown,unknown,NORMAL,other,0.66
alarm_03077,2026-05-04 17:57:19,CRITICAL,AR,UCA,PHYSICAL PORT DOWN,2026-03-23 15:30:41,2026-03-23 15:30:41,1010.4438888888889,1.0,unknown,unknown,unknown,unknown,NORMAL,link_down,0.76
alarm_03078,2026-05-04 17:57:19,CRITICAL,AR,UCA,PHYSICAL PORT DOWN,2026-03-23 15:30:45,2026-03-23 15:30:45,1010.4427777777778,1.0,unknown,unknown,unknown,unknown,NORMAL,link_down,0.76
alarm_03079,2026-05-04 17:57:19,CRITICAL,AR,MOQ,PHYSICAL PORT DOWN,2026-03-23 15:51:22,2026-03-23 15:51:22,1010.0991666666666,1.0,unknown,unknown,unknown,unknown,NORMAL,link_down,0.76
alarm_03080,2026-05-04 17:57:19,CRITICAL,AR,LIC,PHYSICAL PORT DOWN,2026-03-23 17:18:24,2026-03-23 17:18:24,1008.6486111111111,1.0,unknown,unknown,unknown,unknown,NORMAL,link_down,0.76
alarm_03081,2026-05-04 17:57:19,CRITICAL,AR,LIC,PHYSICAL PORT DOWN,2026-03-23 18:50:31,2026-03-23 18:50:31,1007.1133333333333,1.0,unknown,unknown,unknown,unknown,NORMAL,link_down,0.76
alarm_03082,2026-05-04 17:57:19,CRITICAL,AR,LIC,PHYSICAL PORT DOWN,2026-03-24 03:05:33,2026-03-24 03:05:33,998.8627777777778,1.0,unknown,unknown,unknown,unknown,NORMAL,link_down,0.76
alarm_03083,2026-05-04 17:57:19,CRITICAL,AG,LIC,PHYSICAL PORT DOWN,2026-03-24 10:18:48,2026-03-24 10:18:48,991.6419444444444,1.0,unknown,unknown,unknown,unknown,NORMAL,link_down,0.76
alarm_03084,2026-05-04 17:57:19,CRITICAL,AR,UCA,PHYSICAL PORT DOWN,2026-03-24 10:45:18,2026-03-24 10:45:18,991.2002777777777,1.0,unknown,unknown,unknown,unknown,NORMAL,link_down,0.76
alarm_03085,2026-05-04 17:57:19,CRITICAL,AG,LIC,PHYSICAL PORT DOWN,2026-03-24 10:50:30,2026-03-24 10:50:30,991.1136111111111,1.0,unknown,unknown,unknown,unknown,NORMAL,link_down,0.76
alarm_03086,2026-05-04 17:57:19,CRITICAL,AR,PIU,PHYSICAL PORT DOWN,2026-03-24 12:19:09,2026-03-24 12:19:09,989.6361111111111,1.0,unknown,unknown,unknown,unknown,NORMAL,link_down,0.76
alarm_03087,2026-05-04 17:57:19,CRITICAL,AG,LIC,PHYSICAL PORT DOWN,2026-03-24 16:08:50,2026-03-24 16:08:50,985.8080555555556,1.0,unknown,unknown,unknown,unknown,NORMAL,link_down,0.76
alarm_03088,2026-05-04 17:57:19,CRITICAL,AR,TUM,PHYSICAL PORT DOWN,2026-03-24 19:40:55,2026-03-24 19:40:55,982.2733333333333,1.0,unknown,unknown,unknown,unknown,NORMAL,link_down,0.76
alarm_03089,2026-05-04 17:57:19,CRITICAL,AR,TUM,PHYSICAL PORT DOWN,2026-03-24 19:40:55,2026-03-24 19:40:55,982.2733333333333,1.0,unknown,unknown,unknown,unknown,NORMAL,link_down,0.76
alarm_03090,2026-05-04 17:57:19,CRITICAL,AR,LIC,PHYSICAL PORT DOWN,2026-03-25 00:06:26,2026-03-25 00:06:26,977.8480555555556,1.0,unknown,unknown,unknown,unknown,NORMAL,link_down,0.76
alarm_03091,2026-05-04 17:57:19,CRITICAL,AG,LIC,PHYSICAL PORT DOWN,2026-03-25 10:29:52,2026-03-25 10:29:52,967.4575,1.0,unknown,unknown,unknown,unknown,NORMAL,link_down,0.76
alarm_03092,2026-05-04 17:57:19,CRITICAL,AG,LIC,PHYSICAL PORT DOWN,2026-03-25 10:30:37,2026-03-25 10:30:37,967.445,1.0,unknown,unknown,unknown,unknown,NORMAL,link_down,0.76
alarm_03093,2026-05-04 17:57:19,CRITICAL,AG,LIC,PHYSICAL PORT DOWN,2026-03-25 11:43:58,2026-03-25 11:43:58,966.2225,1.0,unknown,unknown,unknown,unknown,NORMAL,link_down,0.76
alarm_03094,2026-05-04 17:57:19,CRITICAL,AG,LIC,PHYSICAL PORT DOWN,2026-03-25 11:44:30,2026-03-25 11:44:30,966.2136111111112,1.0,unknown,unknown,unknown,unknown,NORMAL,link_down,0.76
alarm_03095,2026-05-04 17:57:19,CRITICAL,AR,LOR,PHYSICAL PORT DOWN,2026-03-25 14:15:00,2026-03-25 14:15:00,963.7052777777777,1.0,unknown,unknown,unknown,unknown,NORMAL,link_down,0.76
alarm_03096,2026-05-04 17:57:19,CRITICAL,AR,LAL,PHYSICAL PORT DOWN,2026-03-25 14:50:55,2026-03-25 14:50:55,963.1066666666667,1.0,unknown,unknown,unknown,unknown,NORMAL,link_down,0.76
alarm_03097,2026-05-04 17:57:19,CRITICAL,AR,PAS,PHYSICAL PORT DOWN,2026-03-25 19:14:46,2026-03-25 19:14:46,958.7091666666666,1.0,unknown,unknown,unknown,unknown,NORMAL,link_down,0.76
alarm_03098,2026-05-04 17:57:19,CRITICAL,AR,LIC,PHYSICAL PORT DOWN,2026-03-26 00:50:17,2026-03-26 00:50:17,953.1172222222223,1.0,unknown,unknown,unknown,unknown,NORMAL,link_down,0.76
alarm_03099,2026-05-04 17:57:19,CRITICAL,AR,ANC,PHYSICAL PORT DOWN,2026-03-26 01:44:30,2026-03-26 01:44:30,952.2136111111112,1.0,unknown,unknown,unknown,unknown,NORMAL,link_down,0.76
alarm_03100,2026-05-04 17:57:19,CRITICAL,AR,PIU,PHYSICAL PORT DOWN,2026-03-26 02:03:49,2026-03-26 02:03:49,951.8916666666667,1.0,unknown,unknown,unknown,unknown,NORMAL,link_down,0.76
alarm_03101,2026-05-04 17:57:19,CRITICAL,AR,LOR,PHYSICAL PORT DOWN,2026-03-26 03:46:44,2026-03-26 03:46:44,950.1763888888889,1.0,unknown,unknown,unknown,unknown,NORMAL,link_down,0.76
alarm_03102,2026-05-04 17:57:19,CRITICAL,AR,LOR,PHYSICAL PORT DOWN,2026-03-26 03:46:44,2026-03-26 03:46:44,950.1763888888889,1.0,unknown,unknown,unknown,unknown,NORMAL,link_down,0.76
alarm_03103,2026-05-04 17:57:19,CRITICAL,AR,LOR,PHYSICAL PORT DOWN,2026-03-26 03:46:44,2026-03-26 03:46:44,950.1763888888889,1.0,unknown,unknown,unknown,unknown,NORMAL,link_down,0.76
alarm_03104,2026-05-04 17:57:19,CRITICAL,AR,AMA,PHYSICAL PORT DOWN,2026-03-26 07:20:18,2026-03-26 07:20:18,946.6169444444445,1.0,unknown,unknown,unknown,unknown,NORMAL,link_down,0.76
alarm_03105,2026-05-04 17:57:19,CRITICAL,AR,LOR,PHYSICAL PORT DOWN,2026-03-26 14:40:14,2026-03-26 14:40:14,939.2847222222222,1.0,unknown,unknown,unknown,unknown,NORMAL,link_down,0.76
alarm_03106,2026-05-04 17:57:19,CRITICAL,AR,AYA,PHYSICAL PORT DOWN,2026-03-26 14:48:54,2026-03-26 14:48:54,939.1402777777778,1.0,unknown,unknown,unknown,unknown,NORMAL,link_down,0.76
alarm_03107,2026-05-04 17:57:19,CRITICAL,AR,UCA,PHYSICAL PORT DOWN,2026-03-26 15:55:29,2026-03-26 15:55:29,938.0305555555556,1.0,unknown,unknown,unknown,unknown,NORMAL,link_down,0.76
alarm_03108,2026-05-04 17:57:19,CRITICAL,AR,LOR,PHYSICAL PORT DOWN,2026-03-26 17:19:24,2026-03-26 17:19:24,936.6319444444445,1.0,unknown,unknown,unknown,unknown,NORMAL,link_down,0.76
alarm_03109,2026-05-04 17:57:19,CRITICAL,AR,UCA,PHYSICAL PORT DOWN,2026-03-26 17:35:39,2026-03-26 17:35:39,936.3611111111111,1.0,unknown,unknown,unknown,unknown,NORMAL,link_down,0.76
alarm_03110,2026-05-04 17:57:19,CRITICAL,AR,SAN,PHYSICAL PORT DOWN,2026-03-26 19:08:37,2026-03-26 19:08:37,934.8116666666666,1.0,unknown,unknown,unknown,unknown,NORMAL,link_down,0.76
alarm_03111,2026-05-04 17:57:19,CRITICAL,AR,SAN,PHYSICAL PORT DOWN,2026-03-26 19:08:37,2026-03-26 19:08:37,934.8116666666666,1.0,unknown,unknown,unknown,unknown,NORMAL,link_down,0.76
alarm_03112,2026-05-04 17:57:19,CRITICAL,AR,SAN,PHYSICAL PORT DOWN,2026-03-26 19:08:37,2026-03-26 19:08:37,934.8116666666666,1.0,unknown,unknown,unknown,unknown,NORMAL,link_down,0.76
alarm_03113,2026-05-04 17:57:19,CRITICAL,AR,ARE,PHYSICAL PORT DOWN,2026-03-27 07:30:48,2026-03-27 07:30:48,922.4419444444444,1.0,unknown,unknown,unknown,unknown,NORMAL,link_down,0.76
alarm_03114,2026-05-04 17:57:19,CRITICAL,AR,LIC,PHYSICAL PORT DOWN,2026-03-27 11:12:39,2026-03-27 11:12:39,918.7444444444444,1.0,unknown,unknown,unknown,unknown,NORMAL,link_down,0.76
alarm_03115,2026-05-04 17:57:19,CRITICAL,AR,LIC,PHYSICAL PORT DOWN,2026-03-27 12:12:05,2026-03-27 12:12:05,917.7538888888889,1.0,unknown,unknown,unknown,unknown,NORMAL,link_down,0.76
alarm_03116,2026-05-04 17:57:19,CRITICAL,AR,PIU,PHYSICAL PORT DOWN,2026-03-27 14:39:38,2026-03-27 14:39:38,915.2947222222223,1.0,unknown,unknown,unknown,unknown,NORMAL,link_down,0.76
alarm_03117,2026-05-04 17:57:19,CRITICAL,AG,LIC,PHYSICAL PORT DOWN,2026-03-27 18:17:37,2026-03-27 18:17:37,911.6616666666666,1.0,unknown,unknown,unknown,unknown,NORMAL,link_down,0.76
alarm_03118,2026-05-04 17:57:19,CRITICAL,CP,ICA,PHYSICAL PORT DOWN,2026-03-28 00:13:31,2026-03-28 00:13:31,905.73,1.0,unknown,unknown,unknown,unknown,NORMAL,link_down,0.76
alarm_03119,2026-05-04 17:57:19,CRITICAL,CP,ICA,PHYSICAL PORT DOWN,2026-03-28 00:13:31,2026-03-28 00:13:31,905.73,1.0,unknown,unknown,unknown,unknown,NORMAL,link_down,0.76
alarm_03120,2026-05-04 17:57:19,CRITICAL,CP,ICA,PHYSICAL PORT DOWN,2026-03-28 00:13:31,2026-03-28 00:13:31,905.73,1.0,unknown,unknown,unknown,unknown,NORMAL,link_down,0.76
alarm_03121,2026-05-04 17:57:19,CRITICAL,CP,ICA,PHYSICAL PORT DOWN,2026-03-28 00:13:32,2026-03-28 00:13:32,905.7297222222222,1.0,unknown,unknown,unknown,unknown,NORMAL,link_down,0.76
alarm_03122,2026-05-04 17:57:19,CRITICAL,CP,ICA,PHYSICAL PORT DOWN,2026-03-28 00:13:32,2026-03-28 00:13:32,905.7297222222222,1.0,unknown,unknown,unknown,unknown,NORMAL,link_down,0.76
alarm_03123,2026-05-04 17:57:19,CRITICAL,CP,ICA,PHYSICAL PORT DOWN,2026-03-28 00:13:34,2026-03-28 00:13:34,905.7291666666666,1.0,unknown,unknown,unknown,unknown,NORMAL,link_down,0.76
alarm_03124,2026-05-04 17:57:19,CRITICAL,CP,ICA,PHYSICAL PORT DOWN,2026-03-28 00:13:34,2026-03-28 00:13:34,905.7291666666666,1.0,unknown,unknown,unknown,unknown,NORMAL,link_down,0.76
alarm_03125,2026-05-04 17:57:19,CRITICAL,CP,ICA,PHYSICAL PORT DOWN,2026-03-28 00:13:34,2026-03-28 00:13:34,905.7291666666666,1.0,unknown,unknown,unknown,unknown,NORMAL,link_down,0.76
alarm_03126,2026-05-04 17:57:19,CRITICAL,CP,ICA,PHYSICAL PORT DOWN,2026-03-28 00:13:34,2026-03-28 00:13:34,905.7291666666666,1.0,unknown,unknown,unknown,unknown,NORMAL,link_down,0.76
alarm_03127,2026-05-04 17:57:19,CRITICAL,AR,CAJ,THE DEVICE IS OFFLINE,2026-03-28 01:07:49,2026-03-28 01:07:49,904.825,1.0,unknown,unknown,unknown,unknown,NORMAL,other,0.66
alarm_03128,2026-05-04 17:57:19,CRITICAL,AR,CAJ,THE DEVICE IS OFFLINE,2026-03-28 01:08:30,2026-03-28 01:08:30,904.8136111111111,1.0,unknown,unknown,unknown,unknown,NORMAL,other,0.66
alarm_03129,2026-05-04 17:57:19,CRITICAL,AR,LOR,PHYSICAL PORT DOWN,2026-03-28 02:05:28,2026-03-28 02:05:28,903.8641666666666,1.0,unknown,unknown,unknown,unknown,NORMAL,link_down,0.76
alarm_03130,2026-05-04 17:57:19,CRITICAL,AR,HUN,PHYSICAL PORT DOWN,2026-03-28 05:20:56,2026-03-28 05:20:56,900.6063888888889,1.0,unknown,unknown,unknown,unknown,NORMAL,link_down,0.76
alarm_03131,2026-05-04 17:57:19,CRITICAL,AR,SAN,THE DEVICE IS OFFLINE,2026-03-28 06:13:41,2026-03-28 06:13:41,899.7272222222222,1.0,unknown,unknown,unknown,unknown,NORMAL,other,0.66
alarm_03132,2026-05-04 17:57:19,CRITICAL,AR,SAN,PHYSICAL PORT DOWN,2026-03-28 08:31:28,2026-03-28 08:31:28,897.4308333333333,1.0,unknown,unknown,unknown,unknown,NORMAL,link_down,0.76
alarm_03133,2026-05-04 17:57:19,CRITICAL,AR,LIC,PHYSICAL PORT DOWN,2026-03-28 09:08:14,2026-03-28 09:08:14,896.8180555555556,1.0,unknown,unknown,unknown,unknown,NORMAL,link_down,0.76
alarm_03134,2026-05-04 17:57:19,CRITICAL,AR,LIC,PHYSICAL PORT DOWN,2026-03-28 10:07:15,2026-03-28 10:07:15,895.8344444444444,1.0,unknown,unknown,unknown,unknown,NORMAL,link_down,0.76
alarm_03135,2026-05-04 17:57:19,CRITICAL,AR,LIC,PHYSICAL PORT DOWN,2026-03-28 10:07:15,2026-03-28 10:07:15,895.8344444444444,1.0,unknown,unknown,unknown,unknown,NORMAL,link_down,0.76
alarm_03136,2026-05-04 17:57:19,CRITICAL,AR,LAM,PHYSICAL PORT DOWN,2026-03-28 12:40:13,2026-03-28 12:40:13,893.285,1.0,unknown,unknown,unknown,unknown,NORMAL,link_down,0.76
alarm_03137,2026-05-04 17:57:19,CRITICAL,AR,ARE,PHYSICAL PORT DOWN,2026-03-28 12:59:36,2026-03-28 12:59:36,892.9619444444445,1.0,unknown,unknown,unknown,unknown,NORMAL,link_down,0.76
alarm_03138,2026-05-04 17:57:19,CRITICAL,AR,LIC,PHYSICAL PORT DOWN,2026-03-28 14:01:31,2026-03-28 14:01:31,891.93,1.0,unknown,unknown,unknown,unknown,NORMAL,link_down,0.76
alarm_03139,2026-05-04 17:57:19,CRITICAL,AR,LIC,PHYSICAL PORT DOWN,2026-03-28 16:30:51,2026-03-28 16:30:51,889.4411111111111,1.0,unknown,unknown,unknown,unknown,NORMAL,link_down,0.76
alarm_03140,2026-05-04 17:57:19,CRITICAL,AR,LIC,PHYSICAL PORT DOWN,2026-03-28 16:50:28,2026-03-28 16:50:28,889.1141666666666,1.0,unknown,unknown,unknown,unknown,NORMAL,link_down,0.76
alarm_03141,2026-05-04 17:57:19,CRITICAL,AR,ARE,PHYSICAL PORT DOWN,2026-03-28 18:17:02,2026-03-28 18:17:02,887.6713888888889,1.0,unknown,unknown,unknown,unknown,NORMAL,link_down,0.76
alarm_03142,2026-05-04 17:57:19,CRITICAL,AR,ARE,PHYSICAL PORT DOWN,2026-03-28 18:17:02,2026-03-28 18:17:02,887.6713888888889,1.0,unknown,unknown,unknown,unknown,NORMAL,link_down,0.76
alarm_03143,2026-05-04 17:57:19,CRITICAL,AR,JUN,PHYSICAL PORT DOWN,2026-03-29 06:00:04,2026-03-29 06:00:04,875.9541666666667,1.0,unknown,unknown,unknown,unknown,NORMAL,link_down,0.76
alarm_03144,2026-05-04 17:57:19,CRITICAL,AR,SAN,PHYSICAL PORT DOWN,2026-03-29 06:49:37,2026-03-29 06:49:37,875.1283333333333,1.0,unknown,unknown,unknown,unknown,NORMAL,link_down,0.76
alarm_03145,2026-05-04 17:57:19,CRITICAL,AR,JUN,PHYSICAL PORT DOWN,2026-03-29 07:22:27,2026-03-29 07:22:27,874.5811111111111,1.0,unknown,unknown,unknown,unknown,NORMAL,link_down,0.76
alarm_03146,2026-05-04 17:57:19,CRITICAL,AR,CAJ,PHYSICAL PORT DOWN,2026-03-29 08:56:00,2026-03-29 08:56:00,873.0219444444444,1.0,unknown,unknown,unknown,unknown,NORMAL,link_down,0.76
alarm_03147,2026-05-04 17:57:19,CRITICAL,AR,JUN,PHYSICAL PORT DOWN,2026-03-29 09:02:24,2026-03-29 09:02:24,872.9152777777778,1.0,unknown,unknown,unknown,unknown,NORMAL,link_down,0.76
alarm_03148,2026-05-04 17:57:19,CRITICAL,AR,JUN,PHYSICAL PORT DOWN,2026-03-29 09:12:32,2026-03-29 09:12:32,872.7463888888889,1.0,unknown,unknown,unknown,unknown,NORMAL,link_down,0.76
alarm_03149,2026-05-04 17:57:19,CRITICAL,AR,CUS,PHYSICAL PORT DOWN,2026-03-29 11:50:20,2026-03-29 11:50:20,870.1163888888889,1.0,unknown,unknown,unknown,unknown,NORMAL,link_down,0.76
alarm_03150,2026-05-04 17:57:19,CRITICAL,AR,ARE,PHYSICAL PORT DOWN,2026-03-29 12:31:29,2026-03-29 12:31:29,869.4305555555555,1.0,unknown,unknown,unknown,unknown,NORMAL,link_down,0.76
alarm_03151,2026-05-04 17:57:19,CRITICAL,AR,MAD,PHYSICAL PORT DOWN,2026-03-29 15:01:21,2026-03-29 15:01:21,866.9327777777778,1.0,unknown,unknown,unknown,unknown,NORMAL,link_down,0.76
alarm_03152,2026-05-04 17:57:19,CRITICAL,AR,LOR,PHYSICAL PORT DOWN,2026-03-30 09:34:35,2026-03-30 09:34:35,848.3788888888889,1.0,unknown,unknown,unknown,unknown,NORMAL,link_down,0.76
alarm_03153,2026-05-04 17:57:19,CRITICAL,AR,LOR,PHYSICAL PORT DOWN,2026-03-30 09:34:35,2026-03-30 09:34:35,848.3788888888889,1.0,unknown,unknown,unknown,unknown,NORMAL,link_down,0.76
alarm_03154,2026-05-04 17:57:19,CRITICAL,AR,UCA,PHYSICAL PORT DOWN,2026-03-30 09:52:34,2026-03-30 09:52:34,848.0791666666667,1.0,unknown,unknown,unknown,unknown,NORMAL,link_down,0.76
alarm_03155,2026-05-04 17:57:19,CRITICAL,AG,ANC,PHYSICAL PORT DOWN,2026-03-30 11:22:32,2026-03-30 11:22:32,846.5797222222222,1.0,unknown,unknown,unknown,unknown,NORMAL,link_down,0.76
alarm_03156,2026-05-04 17:57:19,CRITICAL,AR,UCA,PHYSICAL PORT DOWN,2026-03-30 11:23:32,2026-03-30 11:23:32,846.5630555555556,1.0,unknown,unknown,unknown,unknown,NORMAL,link_down,0.76
alarm_03157,2026-05-04 17:57:19,CRITICAL,AG,ANC,PHYSICAL PORT DOWN,2026-03-30 11:25:43,2026-03-30 11:25:43,846.5266666666666,1.0,unknown,unknown,unknown,unknown,NORMAL,link_down,0.76
alarm_03158,2026-05-04 17:57:19,CRITICAL,AR,UCA,PHYSICAL PORT DOWN,2026-03-30 12:05:32,2026-03-30 12:05:32,845.8630555555555,1.0,unknown,unknown,unknown,unknown,NORMAL,link_down,0.76
alarm_03159,2026-05-04 17:57:19,CRITICAL,AR,LAM,PHYSICAL PORT DOWN,2026-03-30 12:48:16,2026-03-30 12:48:16,845.1508333333334,1.0,unknown,unknown,unknown,unknown,NORMAL,link_down,0.76
alarm_03160,2026-05-04 17:57:19,CRITICAL,AR,LOR,PHYSICAL PORT DOWN,2026-03-30 16:17:40,2026-03-30 16:17:40,841.6608333333334,1.0,unknown,unknown,unknown,unknown,NORMAL,link_down,0.76
alarm_03161,2026-05-04 17:57:19,CRITICAL,AR,APU,PHYSICAL PORT DOWN,2026-03-30 18:51:12,2026-03-30 18:51:12,839.1019444444445,1.0,unknown,unknown,unknown,unknown,NORMAL,link_down,0.76
alarm_03162,2026-05-04 17:57:19,CRITICAL,AG,ARE,PHYSICAL PORT DOWN,2026-03-30 19:06:06,2026-03-30 19:06:06,838.8536111111111,1.0,unknown,unknown,unknown,unknown,NORMAL,link_down,0.76
alarm_03163,2026-05-04 17:57:19,CRITICAL,AG,ARE,PHYSICAL PORT DOWN,2026-03-30 19:06:33,2026-03-30 19:06:33,838.8461111111111,1.0,unknown,unknown,unknown,unknown,NORMAL,link_down,0.76
alarm_03164,2026-05-04 17:57:19,CRITICAL,AG,UNKNOWN,PHYSICAL PORT DOWN,2026-03-31 11:05:53,2026-03-31 11:05:53,822.8572222222223,1.0,unknown,unknown,unknown,unknown,NORMAL,link_down,0.76
alarm_03165,2026-05-04 17:57:19,CRITICAL,AR,LIC,PHYSICAL PORT DOWN,2026-03-31 11:07:22,2026-03-31 11:07:22,822.8325,1.0,unknown,unknown,unknown,unknown,NORMAL,link_down,0.76
alarm_03166,2026-05-04 17:57:19,CRITICAL,AR,LIC,PHYSICAL PORT DOWN,2026-03-31 11:16:02,2026-03-31 11:16:02,822.6880555555556,1.0,unknown,unknown,unknown,unknown,NORMAL,link_down,0.76
alarm_03167,2026-05-04 17:57:19,CRITICAL,AR,CUS,PHYSICAL PORT DOWN,2026-03-31 12:13:05,2026-03-31 12:13:05,821.7372222222223,1.0,unknown,unknown,unknown,unknown,NORMAL,link_down,0.76
alarm_03168,2026-05-04 17:57:19,CRITICAL,AR,UCA,PHYSICAL PORT DOWN,2026-03-31 16:03:36,2026-03-31 16:03:36,817.8952777777778,1.0,unknown,unknown,unknown,unknown,NORMAL,link_down,0.76
alarm_03169,2026-05-04 17:57:19,CRITICAL,AR,LIC,PHYSICAL PORT DOWN,2026-03-31 16:36:58,2026-03-31 16:36:58,817.3391666666666,1.0,unknown,unknown,unknown,unknown,NORMAL,link_down,0.76
alarm_03170,2026-05-04 17:57:19,CRITICAL,AR,AMA,PHYSICAL PORT DOWN,2026-03-31 16:53:29,2026-03-31 16:53:29,817.0638888888889,1.0,unknown,unknown,unknown,unknown,NORMAL,link_down,0.76
alarm_03171,2026-05-04 17:57:19,CRITICAL,AR,LIP,PHYSICAL PORT DOWN,2026-03-31 16:56:38,2026-03-31 16:56:38,817.0113888888889,1.0,unknown,unknown,unknown,unknown,NORMAL,link_down,0.76
alarm_03172,2026-05-04 17:57:19,CRITICAL,AR,ARE,PHYSICAL PORT DOWN,2026-03-31 17:34:30,2026-03-31 17:34:30,816.3802777777778,1.0,unknown,unknown,unknown,unknown,NORMAL,link_down,0.76
alarm_03173,2026-05-04 17:57:19,CRITICAL,AR,AYA,PHYSICAL PORT DOWN,2026-03-31 19:27:23,2026-03-31 19:27:23,814.4988888888889,1.0,unknown,unknown,unknown,unknown,NORMAL,link_down,0.76
alarm_03174,2026-05-04 17:57:19,CRITICAL,AR,LAL,PHYSICAL PORT DOWN,2026-04-01 10:17:52,2026-04-01 10:17:52,799.6575,1.0,unknown,unknown,unknown,unknown,NORMAL,link_down,0.76
alarm_03175,2026-05-04 17:57:19,CRITICAL,AR,LIC,PHYSICAL PORT DOWN,2026-04-01 10:40:54,2026-04-01 10:40:54,799.2736111111111,1.0,unknown,unknown,unknown,unknown,NORMAL,link_down,0.76
alarm_03176,2026-05-04 17:57:19,CRITICAL,AG,LIP,PHYSICAL PORT DOWN,2026-04-01 11:13:45,2026-04-01 11:13:45,798.7261111111111,1.0,unknown,unknown,unknown,unknown,NORMAL,link_down,0.76
alarm_03177,2026-05-04 17:57:19,CRITICAL,AG,LIP,PHYSICAL PORT DOWN,2026-04-01 11:14:02,2026-04-01 11:14:02,798.7213888888889,1.0,unknown,unknown,unknown,unknown,NORMAL,link_down,0.76
alarm_03178,2026-05-04 17:57:19,CRITICAL,AR,SAN,PHYSICAL PORT DOWN,2026-04-01 11:55:47,2026-04-01 11:55:47,798.0255555555556,1.0,unknown,unknown,unknown,unknown,NORMAL,link_down,0.76
alarm_03179,2026-05-04 17:57:19,CRITICAL,AR,APU,PHYSICAL PORT DOWN,2026-04-01 12:20:20,2026-04-01 12:20:20,797.6163888888889,1.0,unknown,unknown,unknown,unknown,NORMAL,link_down,0.76
alarm_03180,2026-05-04 17:57:19,CRITICAL,AR,CAL,PHYSICAL PORT DOWN,2026-04-01 14:58:59,2026-04-01 14:58:59,794.9722222222222,1.0,unknown,unknown,unknown,unknown,NORMAL,link_down,0.76
alarm_03181,2026-05-04 17:57:19,CRITICAL,AR,CAL,PHYSICAL PORT DOWN,2026-04-01 15:04:51,2026-04-01 15:04:51,794.8744444444444,1.0,unknown,unknown,unknown,unknown,NORMAL,link_down,0.76
alarm_03182,2026-05-04 17:57:19,CRITICAL,AR,CAL,PHYSICAL PORT DOWN,2026-04-01 15:08:49,2026-04-01 15:08:49,794.8083333333333,1.0,unknown,unknown,unknown,unknown,NORMAL,link_down,0.76
alarm_03183,2026-05-04 17:57:19,CRITICAL,AR,CAL,PHYSICAL PORT DOWN,2026-04-01 15:32:18,2026-04-01 15:32:18,794.4169444444444,1.0,unknown,unknown,unknown,unknown,NORMAL,link_down,0.76
alarm_03184,2026-05-04 17:57:19,CRITICAL,AG,SAN,PHYSICAL PORT DOWN,2026-04-01 16:30:42,2026-04-01 16:30:42,793.4436111111111,1.0,unknown,unknown,unknown,unknown,NORMAL,link_down,0.76
alarm_03185,2026-05-04 17:57:19,CRITICAL,AG,SAN,PHYSICAL PORT DOWN,2026-04-01 16:30:45,2026-04-01 16:30:45,793.4427777777778,1.0,unknown,unknown,unknown,unknown,NORMAL,link_down,0.76
alarm_03186,2026-05-04 17:57:19,CRITICAL,AR,MOQ,PHYSICAL PORT DOWN,2026-04-01 16:57:36,2026-04-01 16:57:36,792.9952777777778,1.0,unknown,unknown,unknown,unknown,NORMAL,link_down,0.76
alarm_03187,2026-05-04 17:57:19,CRITICAL,AR,SAN,PHYSICAL PORT DOWN,2026-04-01 19:50:07,2026-04-01 19:50:07,790.12,1.0,unknown,unknown,unknown,unknown,NORMAL,link_down,0.76
alarm_03188,2026-05-04 17:57:19,CRITICAL,AR,SAN,PHYSICAL PORT DOWN,2026-04-01 19:50:07,2026-04-01 19:50:07,790.12,1.0,unknown,unknown,unknown,unknown,NORMAL,link_down,0.76
alarm_03189,2026-05-04 17:57:19,CRITICAL,AR,SAN,PHYSICAL PORT DOWN,2026-04-01 20:35:49,2026-04-01 20:35:49,789.3583333333333,1.0,unknown,unknown,unknown,unknown,NORMAL,link_down,0.76
alarm_03190,2026-05-04 17:57:19,CRITICAL,AR,CAL,PHYSICAL PORT DOWN,2026-04-01 22:06:43,2026-04-01 22:06:43,787.8433333333334,1.0,unknown,unknown,unknown,unknown,NORMAL,link_down,0.76
alarm_03191,2026-05-04 17:57:19,CRITICAL,AR,PIU,PHYSICAL PORT DOWN,2026-04-02 09:25:50,2026-04-02 09:25:50,776.5247222222222,1.0,unknown,unknown,unknown,unknown,NORMAL,link_down,0.76
alarm_03192,2026-05-04 17:57:19,CRITICAL,AR,LOR,PHYSICAL PORT DOWN,2026-04-02 11:06:14,2026-04-02 11:06:14,774.8513888888889,1.0,unknown,unknown,unknown,unknown,NORMAL,link_down,0.76
alarm_03193,2026-05-04 17:57:19,CRITICAL,AR,LIC,PHYSICAL PORT DOWN,2026-04-02 11:42:20,2026-04-02 11:42:20,774.2497222222222,1.0,unknown,unknown,unknown,unknown,NORMAL,link_down,0.76
alarm_03194,2026-05-04 17:57:19,CRITICAL,AR,LIC,PHYSICAL PORT DOWN,2026-04-02 12:22:53,2026-04-02 12:22:53,773.5738888888889,1.0,unknown,unknown,unknown,unknown,NORMAL,link_down,0.76
alarm_03195,2026-05-04 17:57:19,CRITICAL,AR,JUN,PHYSICAL PORT DOWN,2026-04-02 12:33:17,2026-04-02 12:33:17,773.4005555555556,1.0,unknown,unknown,unknown,unknown,NORMAL,link_down,0.76
alarm_03196,2026-05-04 17:57:19,CRITICAL,AR,LIC,PHYSICAL PORT DOWN,2026-04-02 17:13:20,2026-04-02 17:13:20,768.7330555555556,1.0,unknown,unknown,unknown,unknown,NORMAL,link_down,0.76
alarm_03197,2026-05-04 17:57:19,CRITICAL,AR,LIC,PHYSICAL PORT DOWN,2026-04-02 18:47:34,2026-04-02 18:47:34,767.1625,1.0,unknown,unknown,unknown,unknown,NORMAL,link_down,0.76
alarm_03198,2026-05-04 17:57:19,CRITICAL,AR,UCA,PHYSICAL PORT DOWN,2026-04-02 23:41:45,2026-04-02 23:41:45,762.2594444444444,1.0,unknown,unknown,unknown,unknown,NORMAL,link_down,0.76
alarm_03199,2026-05-04 17:57:19,CRITICAL,AR,TAC,PHYSICAL PORT DOWN,2026-04-03 10:15:03,2026-04-03 10:15:03,751.7044444444444,1.0,unknown,unknown,unknown,unknown,NORMAL,link_down,0.76
alarm_03200,2026-05-04 17:57:19,CRITICAL,AR,LAL,PHYSICAL PORT DOWN,2026-04-03 11:05:40,2026-04-03 11:05:40,750.8608333333333,1.0,unknown,unknown,unknown,unknown,NORMAL,link_down,0.76
alarm_03201,2026-05-04 17:57:19,CRITICAL,AR,LAL,PHYSICAL PORT DOWN,2026-04-03 11:05:40,2026-04-03 11:05:40,750.8608333333333,1.0,unknown,unknown,unknown,unknown,NORMAL,link_down,0.76
alarm_03202,2026-05-04 17:57:19,CRITICAL,AR,CAL,PHYSICAL PORT DOWN,2026-04-03 20:17:30,2026-04-03 20:17:30,741.6636111111111,1.0,unknown,unknown,unknown,unknown,NORMAL,link_down,0.76
alarm_03203,2026-05-04 17:57:19,CRITICAL,AR,PUN,PHYSICAL PORT DOWN,2026-04-04 05:22:17,2026-04-04 05:22:17,732.5838888888889,1.0,unknown,unknown,unknown,unknown,NORMAL,link_down,0.76
alarm_03204,2026-05-04 17:57:19,CRITICAL,AR,MOQ,PHYSICAL PORT DOWN,2026-04-04 12:40:58,2026-04-04 12:40:58,725.2725,1.0,unknown,unknown,unknown,unknown,NORMAL,link_down,0.76
alarm_03205,2026-05-04 17:57:19,CRITICAL,AR,SAN,PHYSICAL PORT DOWN,2026-04-04 15:46:34,2026-04-04 15:46:34,722.1791666666667,1.0,unknown,unknown,unknown,unknown,NORMAL,link_down,0.76
alarm_03206,2026-05-04 17:57:19,CRITICAL,AR,LIC,PHYSICAL PORT DOWN,2026-04-05 14:30:27,2026-04-05 14:30:27,699.4477777777778,1.0,unknown,unknown,unknown,unknown,NORMAL,link_down,0.756
alarm_03207,2026-05-04 17:57:19,CRITICAL,AR,LIC,PHYSICAL PORT DOWN,2026-04-05 14:30:27,2026-04-05 14:30:27,699.4477777777778,1.0,unknown,unknown,unknown,unknown,NORMAL,link_down,0.756
alarm_03208,2026-05-04 17:57:19,CRITICAL,AR,LIC,PHYSICAL PORT DOWN,2026-04-05 14:30:27,2026-04-05 14:30:27,699.4477777777778,1.0,unknown,unknown,unknown,unknown,NORMAL,link_down,0.756
alarm_03209,2026-05-04 17:57:19,CRITICAL,AR,UCA,PHYSICAL PORT DOWN,2026-04-05 15:19:30,2026-04-05 15:19:30,698.6302777777778,1.0,unknown,unknown,unknown,unknown,NORMAL,link_down,0.756
alarm_03210,2026-05-04 17:57:19,CRITICAL,AR,LAL,PHYSICAL PORT DOWN,2026-04-05 19:04:51,2026-04-05 19:04:51,694.8744444444444,1.0,unknown,unknown,unknown,unknown,NORMAL,link_down,0.755
alarm_03211,2026-05-04 17:57:19,CRITICAL,AG,CAL,BOARD INVALID,2026-04-05 20:16:53,2026-04-05 20:16:53,693.6738888888889,1.0,unknown,unknown,unknown,unknown,NORMAL,other,0.655
alarm_03212,2026-05-04 17:57:19,CRITICAL,AR,UCA,PHYSICAL PORT DOWN,2026-04-05 22:11:54,2026-04-05 22:11:54,691.7569444444445,1.0,unknown,unknown,unknown,unknown,NORMAL,link_down,0.754
alarm_03213,2026-05-04 17:57:19,CRITICAL,AR,LIP,PHYSICAL PORT DOWN,2026-04-06 01:30:34,2026-04-06 01:30:34,688.4458333333333,1.0,unknown,unknown,unknown,unknown,NORMAL,link_down,0.753
alarm_03214,2026-05-04 17:57:19,CRITICAL,AR,ARE,PHYSICAL PORT DOWN,2026-04-06 05:26:59,2026-04-06 05:26:59,684.5055555555556,1.0,unknown,unknown,unknown,unknown,NORMAL,link_down,0.753
alarm_03215,2026-05-04 17:57:19,CRITICAL,AR,ARE,PHYSICAL PORT DOWN,2026-04-06 07:02:05,2026-04-06 07:02:05,682.9205555555556,1.0,unknown,unknown,unknown,unknown,NORMAL,link_down,0.752
alarm_03216,2026-05-04 17:57:19,CRITICAL,AR,TAC,THE DEVICE IS OFFLINE,2026-04-06 07:22:09,2026-04-06 07:22:09,682.5861111111111,1.0,unknown,unknown,unknown,unknown,NORMAL,other,0.652
alarm_03217,2026-05-04 17:57:19,CRITICAL,AR,LIC,PHYSICAL PORT DOWN,2026-04-06 08:38:57,2026-04-06 08:38:57,681.3061111111111,1.0,unknown,unknown,unknown,unknown,NORMAL,link_down,0.752
alarm_03218,2026-05-04 17:57:19,CRITICAL,AR,LIC,PHYSICAL PORT DOWN,2026-04-06 08:38:57,2026-04-06 08:38:57,681.3061111111111,1.0,unknown,unknown,unknown,unknown,NORMAL,link_down,0.752
alarm_03219,2026-05-04 17:57:19,CRITICAL,AR,LAM,PHYSICAL PORT DOWN,2026-04-06 11:08:40,2026-04-06 11:08:40,678.8108333333333,1.0,unknown,unknown,unknown,unknown,NORMAL,link_down,0.751
alarm_03220,2026-05-04 17:57:19,CRITICAL,AR,LIC,PHYSICAL PORT DOWN,2026-04-06 14:38:27,2026-04-06 14:38:27,675.3144444444445,1.0,unknown,unknown,unknown,unknown,NORMAL,link_down,0.751
alarm_03221,2026-05-04 17:57:19,CRITICAL,AR,LIC,PHYSICAL PORT DOWN,2026-04-06 14:38:27,2026-04-06 14:38:27,675.3144444444445,1.0,unknown,unknown,unknown,unknown,NORMAL,link_down,0.751
alarm_03222,2026-05-04 17:57:19,CRITICAL,AR,UCA,PHYSICAL PORT DOWN,2026-04-06 15:06:50,2026-04-06 15:06:50,674.8413888888889,1.0,unknown,unknown,unknown,unknown,NORMAL,link_down,0.751
alarm_03223,2026-05-04 17:57:19,CRITICAL,AR,CAL,PHYSICAL PORT DOWN,2026-04-06 17:02:52,2026-04-06 17:02:52,672.9075,1.0,unknown,unknown,unknown,unknown,NORMAL,link_down,0.75
alarm_03224,2026-05-04 17:57:19,CRITICAL,AR,CAL,PHYSICAL PORT DOWN,2026-04-06 22:11:31,2026-04-06 22:11:31,667.7633333333333,1.0,unknown,unknown,unknown,unknown,NORMAL,link_down,0.749
alarm_03225,2026-05-04 17:57:19,CRITICAL,AR,LIC,PHYSICAL PORT DOWN,2026-04-06 22:46:25,2026-04-06 22:46:25,667.1816666666666,1.0,unknown,unknown,unknown,unknown,NORMAL,link_down,0.749
alarm_03226,2026-05-04 17:57:19,CRITICAL,AG,ARE,PHYSICAL PORT DOWN,2026-04-07 08:06:30,2026-04-07 08:06:30,657.8469444444445,1.0,unknown,unknown,unknown,unknown,NORMAL,link_down,0.747
alarm_03227,2026-05-04 17:57:19,CRITICAL,CP,ICA,PHYSICAL PORT DOWN,2026-04-07 08:06:34,2026-04-07 08:06:34,657.8458333333333,1.0,unknown,unknown,unknown,unknown,NORMAL,link_down,0.747
alarm_03228,2026-05-04 17:57:19,CRITICAL,AR,PAS,PHYSICAL PORT DOWN,2026-04-07 08:50:12,2026-04-07 08:50:12,657.1186111111111,1.0,unknown,unknown,unknown,unknown,NORMAL,link_down,0.747
alarm_03229,2026-05-04 17:57:19,CRITICAL,CP,AYA,PHYSICAL PORT DOWN,2026-04-07 12:10:12,2026-04-07 12:10:12,653.7852777777778,1.0,unknown,unknown,unknown,unknown,NORMAL,link_down,0.746
alarm_03230,2026-05-04 17:57:19,CRITICAL,AR,UCA,PHYSICAL PORT DOWN,2026-04-07 15:31:45,2026-04-07 15:31:45,650.4261111111111,1.0,unknown,unknown,unknown,unknown,NORMAL,link_down,0.746
alarm_03231,2026-05-04 17:57:19,CRITICAL,AR,LIC,PHYSICAL PORT DOWN,2026-04-07 16:05:52,2026-04-07 16:05:52,649.8575,1.0,unknown,unknown,unknown,unknown,NORMAL,link_down,0.745
alarm_03232,2026-05-04 17:57:19,CRITICAL,AR,LIC,PHYSICAL PORT DOWN,2026-04-07 16:05:52,2026-04-07 16:05:52,649.8575,1.0,unknown,unknown,unknown,unknown,NORMAL,link_down,0.745
alarm_03233,2026-05-04 17:57:19,CRITICAL,AR,PAS,PHYSICAL PORT DOWN,2026-04-07 17:32:15,2026-04-07 17:32:15,648.4177777777778,1.0,unknown,unknown,unknown,unknown,NORMAL,link_down,0.745
alarm_03234,2026-05-04 17:57:19,CRITICAL,AR,PAS,PHYSICAL PORT DOWN,2026-04-07 17:32:15,2026-04-07 17:32:15,648.4177777777778,1.0,unknown,unknown,unknown,unknown,NORMAL,link_down,0.745
alarm_03235,2026-05-04 17:57:19,CRITICAL,AR,PAS,PHYSICAL PORT DOWN,2026-04-07 17:32:15,2026-04-07 17:32:15,648.4177777777778,1.0,unknown,unknown,unknown,unknown,NORMAL,link_down,0.745
alarm_03236,2026-05-04 17:57:19,CRITICAL,AR,SAN,PHYSICAL PORT DOWN,2026-04-07 23:38:50,2026-04-07 23:38:50,642.3080555555556,1.0,unknown,unknown,unknown,unknown,NORMAL,link_down,0.744
alarm_03237,2026-05-04 17:57:19,CRITICAL,AR,JUN,PHYSICAL PORT DOWN,2026-04-08 08:24:03,2026-04-08 08:24:03,633.5544444444445,1.0,unknown,unknown,unknown,unknown,NORMAL,link_down,0.742
alarm_03238,2026-05-04 17:57:19,CRITICAL,AR,LAM,PHYSICAL PORT DOWN,2026-04-08 09:59:42,2026-04-08 09:59:42,631.9602777777778,1.0,unknown,unknown,unknown,unknown,NORMAL,link_down,0.742
alarm_03239,2026-05-04 17:57:19,CRITICAL,AG,ICA,PHYSICAL PORT DOWN,2026-04-08 10:58:16,2026-04-08 10:58:16,630.9841666666666,1.0,unknown,unknown,unknown,unknown,NORMAL,link_down,0.741
alarm_03240,2026-05-04 17:57:19,CRITICAL,AG,ICA,PHYSICAL PORT DOWN,2026-04-08 10:58:24,2026-04-08 10:58:24,630.9819444444445,1.0,unknown,unknown,unknown,unknown,NORMAL,link_down,0.741
alarm_03241,2026-05-04 17:57:19,CRITICAL,AR,ICA,PHYSICAL PORT DOWN,2026-04-08 12:28:25,2026-04-08 12:28:25,629.4816666666667,1.0,unknown,unknown,unknown,unknown,NORMAL,link_down,0.741
alarm_03242,2026-05-04 17:57:19,CRITICAL,AR,CUS,PHYSICAL PORT DOWN,2026-04-08 15:09:03,2026-04-08 15:09:03,626.8044444444445,1.0,unknown,unknown,unknown,unknown,NORMAL,link_down,0.741
alarm_03243,2026-05-04 17:57:19,CRITICAL,AR,UCA,PHYSICAL PORT DOWN,2026-04-08 17:30:57,2026-04-08 17:30:57,624.4394444444445,1.0,unknown,unknown,unknown,unknown,NORMAL,link_down,0.74
alarm_03244,2026-05-04 17:57:19,CRITICAL,AR,APU,PHYSICAL PORT DOWN,2026-04-08 17:59:29,2026-04-08 17:59:29,623.9638888888888,1.0,unknown,unknown,unknown,unknown,NORMAL,link_down,0.74
alarm_03245,2026-05-04 17:57:19,CRITICAL,AR,APU,PHYSICAL PORT DOWN,2026-04-08 17:59:29,2026-04-08 17:59:29,623.9638888888888,1.0,unknown,unknown,unknown,unknown,NORMAL,link_down,0.74
alarm_03246,2026-05-04 17:57:19,CRITICAL,AR,APU,PHYSICAL PORT DOWN,2026-04-08 17:59:29,2026-04-08 17:59:29,623.9638888888888,1.0,unknown,unknown,unknown,unknown,NORMAL,link_down,0.74
alarm_03247,2026-05-04 17:57:19,CRITICAL,AR,APU,PHYSICAL PORT DOWN,2026-04-08 18:00:26,2026-04-08 18:00:26,623.9480555555556,1.0,unknown,unknown,unknown,unknown,NORMAL,link_down,0.74
alarm_03248,2026-05-04 17:57:19,CRITICAL,AR,APU,PHYSICAL PORT DOWN,2026-04-08 18:00:26,2026-04-08 18:00:26,623.9480555555556,1.0,unknown,unknown,unknown,unknown,NORMAL,link_down,0.74
alarm_03249,2026-05-04 17:57:19,CRITICAL,AR,ARE,PHYSICAL PORT DOWN,2026-04-08 18:01:17,2026-04-08 18:01:17,623.9338888888889,1.0,unknown,unknown,unknown,unknown,NORMAL,link_down,0.74
alarm_03250,2026-05-04 17:57:19,CRITICAL,AG,SAN,PHYSICAL PORT DOWN,2026-04-08 18:44:03,2026-04-08 18:44:03,623.2211111111111,1.0,unknown,unknown,unknown,unknown,NORMAL,link_down,0.74
alarm_03251,2026-05-04 17:57:19,CRITICAL,AG,SAN,PHYSICAL PORT DOWN,2026-04-08 18:44:03,2026-04-08 18:44:03,623.2211111111111,1.0,unknown,unknown,unknown,unknown,NORMAL,link_down,0.74
alarm_03252,2026-05-04 17:57:19,CRITICAL,AR,APU,PHYSICAL PORT DOWN,2026-04-08 19:37:40,2026-04-08 19:37:40,622.3275,1.0,unknown,unknown,unknown,unknown,NORMAL,link_down,0.74
alarm_03253,2026-05-04 17:57:19,CRITICAL,AR,CAJ,PHYSICAL PORT DOWN,2026-04-09 13:39:03,2026-04-09 13:39:03,604.3044444444445,1.0,unknown,unknown,unknown,unknown,NORMAL,link_down,0.736
alarm_03254,2026-05-04 17:57:19,CRITICAL,AR,LIC,PHYSICAL PORT DOWN,2026-04-09 14:52:32,2026-04-09 14:52:32,603.0797222222222,1.0,unknown,unknown,unknown,unknown,NORMAL,link_down,0.736
alarm_03255,2026-05-04 17:57:19,CRITICAL,AR,AYA,PHYSICAL PORT DOWN,2026-04-09 15:43:04,2026-04-09 15:43:04,602.2375,1.0,unknown,unknown,unknown,unknown,NORMAL,link_down,0.735
alarm_03256,2026-05-04 17:57:19,CRITICAL,AG,UNKNOWN,PHYSICAL PORT DOWN,2026-04-09 17:42:57,2026-04-09 17:42:57,600.2394444444444,1.0,unknown,unknown,unknown,unknown,NORMAL,link_down,0.735
alarm_03257,2026-05-04 17:57:19,CRITICAL,AG,UNKNOWN,PHYSICAL PORT DOWN,2026-04-09 17:42:58,2026-04-09 17:42:58,600.2391666666666,1.0,unknown,unknown,unknown,unknown,NORMAL,link_down,0.735
alarm_03258,2026-05-04 17:57:19,CRITICAL,AR,UCA,PHYSICAL PORT DOWN,2026-04-09 18:17:24,2026-04-09 18:17:24,599.6652777777778,1.0,unknown,unknown,unknown,unknown,NORMAL,link_down,0.735
alarm_03259,2026-05-04 17:57:19,CRITICAL,AR,UCA,PHYSICAL PORT DOWN,2026-04-09 18:23:40,2026-04-09 18:23:40,599.5608333333333,1.0,unknown,unknown,unknown,unknown,NORMAL,link_down,0.735
alarm_03260,2026-05-04 17:57:19,CRITICAL,AR,TAC,PHYSICAL PORT DOWN,2026-04-09 22:13:43,2026-04-09 22:13:43,595.7266666666667,1.0,unknown,unknown,unknown,unknown,NORMAL,link_down,0.734
alarm_03261,2026-05-04 17:57:19,CRITICAL,AR,LIC,PHYSICAL PORT DOWN,2026-04-09 22:18:23,2026-04-09 22:18:23,595.6488888888889,1.0,unknown,unknown,unknown,unknown,NORMAL,link_down,0.734
alarm_03262,2026-05-04 17:57:19,CRITICAL,AR,CAJ,PHYSICAL PORT DOWN,2026-04-10 11:03:43,2026-04-10 11:03:43,582.8933333333333,1.0,unknown,unknown,unknown,unknown,NORMAL,link_down,0.731
alarm_03263,2026-05-04 17:57:19,CRITICAL,AR,LIC,PHYSICAL PORT DOWN,2026-04-10 11:10:43,2026-04-10 11:10:43,582.7766666666666,1.0,unknown,unknown,unknown,unknown,NORMAL,link_down,0.731
alarm_03264,2026-05-04 17:57:19,CRITICAL,AR,LAL,PHYSICAL PORT DOWN,2026-04-10 12:03:11,2026-04-10 12:03:11,581.9022222222222,1.0,unknown,unknown,unknown,unknown,NORMAL,link_down,0.731
alarm_03265,2026-05-04 17:57:19,CRITICAL,AR,ARE,PHYSICAL PORT DOWN,2026-04-10 12:10:42,2026-04-10 12:10:42,581.7769444444444,1.0,unknown,unknown,unknown,unknown,NORMAL,link_down,0.731
alarm_03266,2026-05-04 17:57:19,CRITICAL,AR,APU,PHYSICAL PORT DOWN,2026-04-10 13:00:14,2026-04-10 13:00:14,580.9513888888889,1.0,unknown,unknown,unknown,unknown,NORMAL,link_down,0.731
alarm_03267,2026-05-04 17:57:19,CRITICAL,AR,CUS,PHYSICAL PORT DOWN,2026-04-10 13:00:14,2026-04-10 13:00:14,580.9513888888889,1.0,unknown,unknown,unknown,unknown,NORMAL,link_down,0.731
alarm_03268,2026-05-04 17:57:19,CRITICAL,AR,CUS,PHYSICAL PORT DOWN,2026-04-10 14:21:22,2026-04-10 14:21:22,579.5991666666666,1.0,unknown,unknown,unknown,unknown,NORMAL,link_down,0.731
alarm_03269,2026-05-04 17:57:19,CRITICAL,AR,APU,PHYSICAL PORT DOWN,2026-04-10 14:21:22,2026-04-10 14:21:22,579.5991666666666,1.0,unknown,unknown,unknown,unknown,NORMAL,link_down,0.731
alarm_03270,2026-05-04 17:57:19,CRITICAL,AG,PIU,PHYSICAL PORT DOWN,2026-04-10 17:01:58,2026-04-10 17:01:58,576.9225,1.0,unknown,unknown,unknown,unknown,NORMAL,link_down,0.73
alarm_03271,2026-05-04 17:57:19,CRITICAL,AR,AYA,PHYSICAL PORT DOWN,2026-04-10 17:31:09,2026-04-10 17:31:09,576.4361111111111,1.0,unknown,unknown,unknown,unknown,NORMAL,link_down,0.73
alarm_03272,2026-05-04 17:57:19,CRITICAL,AR,ICA,PHYSICAL PORT DOWN,2026-04-10 18:12:54,2026-04-10 18:12:54,575.7402777777778,1.0,unknown,unknown,unknown,unknown,NORMAL,link_down,0.73
alarm_03273,2026-05-04 17:57:19,CRITICAL,AG,ICA,PHYSICAL PORT DOWN,2026-04-10 18:18:50,2026-04-10 18:18:50,575.6413888888889,1.0,unknown,unknown,unknown,unknown,NORMAL,link_down,0.73
alarm_03274,2026-05-04 17:57:19,CRITICAL,AG,ICA,PHYSICAL PORT DOWN,2026-04-10 18:24:09,2026-04-10 18:24:09,575.5527777777778,1.0,unknown,unknown,unknown,unknown,NORMAL,link_down,0.73
alarm_03275,2026-05-04 17:57:19,CRITICAL,AR,LIC,PHYSICAL PORT DOWN,2026-04-10 20:54:06,2026-04-10 20:54:06,573.0536111111111,1.0,unknown,unknown,unknown,unknown,NORMAL,link_down,0.729
alarm_03276,2026-05-04 17:57:19,CRITICAL,AR,ICA,PHYSICAL PORT DOWN,2026-04-10 21:08:37,2026-04-10 21:08:37,572.8116666666666,1.0,unknown,unknown,unknown,unknown,NORMAL,link_down,0.729
alarm_03277,2026-05-04 17:57:19,CRITICAL,AR,LOR,PHYSICAL PORT DOWN,2026-04-11 09:41:36,2026-04-11 09:41:36,560.2619444444445,1.0,unknown,unknown,unknown,unknown,NORMAL,link_down,0.727
alarm_03278,2026-05-04 17:57:19,CRITICAL,AR,LIC,PHYSICAL PORT DOWN,2026-04-11 16:35:17,2026-04-11 16:35:17,553.3672222222223,1.0,unknown,unknown,unknown,unknown,NORMAL,link_down,0.725
alarm_03279,2026-05-04 17:57:19,CRITICAL,AR,UCA,PHYSICAL PORT DOWN,2026-04-11 18:53:09,2026-04-11 18:53:09,551.0694444444445,1.0,unknown,unknown,unknown,unknown,NORMAL,link_down,0.725
alarm_03280,2026-05-04 17:57:19,CRITICAL,AG,MAD,PHYSICAL PORT DOWN,2026-04-11 21:35:48,2026-04-11 21:35:48,548.3586111111111,1.0,unknown,unknown,unknown,unknown,NORMAL,link_down,0.724
alarm_03281,2026-05-04 17:57:19,CRITICAL,AR,AYA,THE DEVICE IS OFFLINE,2026-04-11 22:18:24,2026-04-11 22:18:24,547.6486111111111,1.0,unknown,unknown,unknown,unknown,NORMAL,other,0.624
alarm_03282,2026-05-04 17:57:19,CRITICAL,AR,ANC,PHYSICAL PORT DOWN,2026-04-11 22:39:37,2026-04-11 22:39:37,547.295,1.0,unknown,unknown,unknown,unknown,NORMAL,link_down,0.724
alarm_03283,2026-05-04 17:57:19,CRITICAL,AR,LIC,PHYSICAL PORT DOWN,2026-04-12 04:53:36,2026-04-12 04:53:36,541.0619444444444,1.0,unknown,unknown,unknown,unknown,NORMAL,link_down,0.723
alarm_03284,2026-05-04 17:57:19,CRITICAL,AR,LIC,PHYSICAL PORT DOWN,2026-04-12 16:33:04,2026-04-12 16:33:04,529.4041666666667,1.0,unknown,unknown,unknown,unknown,NORMAL,link_down,0.72
alarm_03285,2026-05-04 17:57:19,CRITICAL,AR,CAJ,PHYSICAL PORT DOWN,2026-04-12 17:01:58,2026-04-12 17:01:58,528.9225,1.0,unknown,unknown,unknown,unknown,NORMAL,link_down,0.72
alarm_03286,2026-05-04 17:57:19,CRITICAL,AR,ANC,PHYSICAL PORT DOWN,2026-04-12 17:59:53,2026-04-12 17:59:53,527.9572222222222,1.0,unknown,unknown,unknown,unknown,NORMAL,link_down,0.72
alarm_03287,2026-05-04 17:57:19,CRITICAL,AR,ICA,PHYSICAL PORT DOWN,2026-04-12 21:14:31,2026-04-12 21:14:31,524.7133333333334,1.0,unknown,unknown,unknown,unknown,NORMAL,link_down,0.719
alarm_03288,2026-05-04 17:57:19,CRITICAL,AR,CAJ,PHYSICAL PORT DOWN,2026-04-12 21:44:47,2026-04-12 21:44:47,524.2088888888889,1.0,unknown,unknown,unknown,unknown,NORMAL,link_down,0.719
alarm_03289,2026-05-04 17:57:19,CRITICAL,AR,CAJ,PHYSICAL PORT DOWN,2026-04-12 21:44:47,2026-04-12 21:44:47,524.2088888888889,1.0,unknown,unknown,unknown,unknown,NORMAL,link_down,0.719
alarm_03290,2026-05-04 17:57:19,CRITICAL,AR,CAJ,PHYSICAL PORT DOWN,2026-04-12 21:44:47,2026-04-12 21:44:47,524.2088888888889,1.0,unknown,unknown,unknown,unknown,NORMAL,link_down,0.719
alarm_03291,2026-05-04 17:57:19,CRITICAL,AR,CAJ,PHYSICAL PORT DOWN,2026-04-12 21:44:47,2026-04-12 21:44:47,524.2088888888889,1.0,unknown,unknown,unknown,unknown,NORMAL,link_down,0.719
alarm_03292,2026-05-04 17:57:19,CRITICAL,AR,CAJ,PHYSICAL PORT DOWN,2026-04-12 21:44:47,2026-04-12 21:44:47,524.2088888888889,1.0,unknown,unknown,unknown,unknown,NORMAL,link_down,0.719
alarm_03293,2026-05-04 17:57:19,CRITICAL,AR,CAJ,PHYSICAL PORT DOWN,2026-04-12 21:44:47,2026-04-12 21:44:47,524.2088888888889,1.0,unknown,unknown,unknown,unknown,NORMAL,link_down,0.719
alarm_03294,2026-05-04 17:57:19,CRITICAL,AR,CAJ,PHYSICAL PORT DOWN,2026-04-12 21:44:47,2026-04-12 21:44:47,524.2088888888889,1.0,unknown,unknown,unknown,unknown,NORMAL,link_down,0.719
alarm_03295,2026-05-04 17:57:19,CRITICAL,AR,CAJ,PHYSICAL PORT DOWN,2026-04-12 21:44:47,2026-04-12 21:44:47,524.2088888888889,1.0,unknown,unknown,unknown,unknown,NORMAL,link_down,0.719
alarm_03296,2026-05-04 17:57:19,CRITICAL,CA,NOR,PHYSICAL PORT DOWN,2026-04-13 10:33:58,2026-04-13 10:33:58,511.38916666666665,1.0,unknown,unknown,unknown,unknown,NORMAL,link_down,0.717
alarm_03297,2026-05-04 17:57:19,CRITICAL,AR,LIC,PHYSICAL PORT DOWN,2026-04-13 11:03:33,2026-04-13 11:03:33,510.8961111111111,1.0,unknown,unknown,unknown,unknown,NORMAL,link_down,0.716
alarm_03298,2026-05-04 17:57:19,CRITICAL,AR,CAL,PHYSICAL PORT DOWN,2026-04-13 11:49:25,2026-04-13 11:49:25,510.13166666666666,1.0,unknown,unknown,unknown,unknown,NORMAL,link_down,0.716
alarm_03299,2026-05-04 17:57:19,CRITICAL,AR,CAL,PHYSICAL PORT DOWN,2026-04-13 11:49:25,2026-04-13 11:49:25,510.13166666666666,1.0,unknown,unknown,unknown,unknown,NORMAL,link_down,0.716
alarm_03300,2026-05-04 17:57:19,CRITICAL,AR,LIC,PHYSICAL PORT DOWN,2026-04-13 12:37:32,2026-04-13 12:37:32,509.32972222222224,1.0,unknown,unknown,unknown,unknown,NORMAL,link_down,0.716
alarm_03301,2026-05-04 17:57:19,CRITICAL,AR,ANC,PHYSICAL PORT DOWN,2026-04-13 13:14:23,2026-04-13 13:14:23,508.71555555555557,1.0,unknown,unknown,unknown,unknown,NORMAL,link_down,0.716
alarm_03302,2026-05-04 17:57:19,CRITICAL,AR,SAN,PHYSICAL PORT DOWN,2026-04-13 15:38:40,2026-04-13 15:38:40,506.31083333333333,1.0,unknown,unknown,unknown,unknown,NORMAL,link_down,0.715
alarm_03303,2026-05-04 17:57:19,CRITICAL,AR,LAM,PHYSICAL PORT DOWN,2026-04-13 16:16:34,2026-04-13 16:16:34,505.6791666666667,1.0,unknown,unknown,unknown,unknown,NORMAL,link_down,0.715
alarm_03304,2026-05-04 17:57:19,CRITICAL,AR,HUN,PHYSICAL PORT DOWN,2026-04-13 16:40:00,2026-04-13 16:40:00,505.2886111111111,1.0,unknown,unknown,unknown,unknown,NORMAL,link_down,0.715
alarm_03305,2026-05-04 17:57:19,CRITICAL,AR,APU,PHYSICAL PORT DOWN,2026-04-13 17:23:23,2026-04-13 17:23:23,504.56555555555553,1.0,unknown,unknown,unknown,unknown,NORMAL,link_down,0.715
alarm_03306,2026-05-04 17:57:19,CRITICAL,AR,PUN,THE DEVICE IS OFFLINE,2026-04-13 17:46:18,2026-04-13 17:46:18,504.18361111111113,1.0,unknown,unknown,unknown,unknown,NORMAL,other,0.615
alarm_03307,2026-05-04 17:57:19,CRITICAL,AR,LIP,PHYSICAL PORT DOWN,2026-04-13 17:55:10,2026-04-13 17:55:10,504.03583333333336,1.0,unknown,unknown,unknown,unknown,NORMAL,link_down,0.715
alarm_03308,2026-05-04 17:57:19,CRITICAL,AR,LAM,PHYSICAL PORT DOWN,2026-04-13 20:11:19,2026-04-13 20:11:19,501.76666666666665,1.0,unknown,unknown,unknown,unknown,NORMAL,link_down,0.715
alarm_03309,2026-05-04 17:57:19,CRITICAL,AR,LIC,PHYSICAL PORT DOWN,2026-04-13 20:33:48,2026-04-13 20:33:48,501.39194444444445,1.0,unknown,unknown,unknown,unknown,NORMAL,link_down,0.714
alarm_03310,2026-05-04 17:57:19,CRITICAL,AR,CAL,BOARD INVALID,2026-04-14 03:01:43,2026-04-14 03:01:43,494.9266666666667,1.0,unknown,unknown,unknown,unknown,NORMAL,other,0.613
alarm_03311,2026-05-04 17:57:19,CRITICAL,AR,ARE,PHYSICAL PORT DOWN,2026-04-14 09:22:50,2026-04-14 09:22:50,488.57472222222225,1.0,unknown,unknown,unknown,unknown,NORMAL,link_down,0.712
alarm_03312,2026-05-04 17:57:19,CRITICAL,AG,HUC,PHYSICAL PORT DOWN,2026-04-14 10:53:00,2026-04-14 10:53:00,487.07194444444445,1.0,unknown,unknown,unknown,unknown,NORMAL,link_down,0.711
alarm_03313,2026-05-04 17:57:19,CRITICAL,AG,HUC,PHYSICAL PORT DOWN,2026-04-14 10:53:01,2026-04-14 10:53:01,487.07166666666666,1.0,unknown,unknown,unknown,unknown,NORMAL,link_down,0.711
alarm_03314,2026-05-04 17:57:19,CRITICAL,AR,LIC,PHYSICAL PORT DOWN,2026-04-14 11:39:57,2026-04-14 11:39:57,486.2894444444444,1.0,unknown,unknown,unknown,unknown,NORMAL,link_down,0.711
alarm_03315,2026-05-04 17:57:19,CRITICAL,AR,HUC,PHYSICAL PORT DOWN,2026-04-14 13:15:21,2026-04-14 13:15:21,484.69944444444445,1.0,unknown,unknown,unknown,unknown,NORMAL,link_down,0.711
alarm_03316,2026-05-04 17:57:19,CRITICAL,AR,MOQ,PHYSICAL PORT DOWN,2026-04-14 13:32:21,2026-04-14 13:32:21,484.4161111111111,1.0,unknown,unknown,unknown,unknown,NORMAL,link_down,0.711
alarm_03317,2026-05-04 17:57:19,CRITICAL,AG,ICA,PHYSICAL PORT DOWN,2026-04-14 15:41:17,2026-04-14 15:41:17,482.26722222222224,1.0,unknown,unknown,unknown,unknown,NORMAL,link_down,0.71
alarm_03318,2026-05-04 17:57:19,CRITICAL,AR,SAN,PHYSICAL PORT DOWN,2026-04-14 19:05:52,2026-04-14 19:05:52,478.8575,1.0,unknown,unknown,unknown,unknown,NORMAL,link_down,0.71
alarm_03319,2026-05-04 17:57:19,CRITICAL,AR,AMA,PHYSICAL PORT DOWN,2026-04-14 19:05:52,2026-04-14 19:05:52,478.8575,1.0,unknown,unknown,unknown,unknown,NORMAL,link_down,0.71
alarm_03320,2026-05-04 17:57:19,CRITICAL,AR,LIC,PHYSICAL PORT DOWN,2026-04-15 00:22:38,2026-04-15 00:22:38,473.5780555555556,1.0,unknown,unknown,unknown,unknown,NORMAL,link_down,0.709
alarm_03321,2026-05-04 17:57:19,CRITICAL,AR,LAL,PHYSICAL PORT DOWN,2026-04-15 01:24:51,2026-04-15 01:24:51,472.5411111111111,1.0,unknown,unknown,unknown,unknown,NORMAL,link_down,0.708
alarm_03322,2026-05-04 17:57:19,CRITICAL,AG,HUC,PHYSICAL PORT DOWN,2026-04-15 10:23:57,2026-04-15 10:23:57,463.55611111111114,1.0,unknown,unknown,unknown,unknown,NORMAL,link_down,0.707
alarm_03323,2026-05-04 17:57:19,CRITICAL,AG,HUC,PHYSICAL PORT DOWN,2026-04-15 10:24:00,2026-04-15 10:24:00,463.5552777777778,1.0,unknown,unknown,unknown,unknown,NORMAL,link_down,0.707
alarm_03324,2026-05-04 17:57:19,CRITICAL,AR,LIC,PHYSICAL PORT DOWN,2026-04-15 10:51:32,2026-04-15 10:51:32,463.0963888888889,1.0,unknown,unknown,unknown,unknown,NORMAL,link_down,0.706
alarm_03325,2026-05-04 17:57:19,CRITICAL,AR,LAL,PHYSICAL PORT DOWN,2026-04-15 11:24:03,2026-04-15 11:24:03,462.55444444444447,1.0,unknown,unknown,unknown,unknown,NORMAL,link_down,0.706
alarm_03326,2026-05-04 17:57:19,CRITICAL,AR,LIC,PHYSICAL PORT DOWN,2026-04-15 12:19:43,2026-04-15 12:19:43,461.62666666666667,1.0,unknown,unknown,unknown,unknown,NORMAL,link_down,0.706
alarm_03327,2026-05-04 17:57:19,CRITICAL,AR,LIC,PHYSICAL PORT DOWN,2026-04-15 12:35:56,2026-04-15 12:35:56,461.3563888888889,1.0,unknown,unknown,unknown,unknown,NORMAL,link_down,0.706
alarm_03328,2026-05-04 17:57:19,CRITICAL,AR,APU,THE DEVICE IS OFFLINE,2026-04-15 14:00:08,2026-04-15 14:00:08,459.9530555555556,1.0,unknown,unknown,unknown,unknown,NORMAL,other,0.606
alarm_03329,2026-05-04 17:57:19,CRITICAL,AR,APU,PHYSICAL PORT DOWN,2026-04-15 14:00:38,2026-04-15 14:00:38,459.9447222222222,1.0,unknown,unknown,unknown,unknown,NORMAL,link_down,0.706
alarm_03330,2026-05-04 17:57:19,CRITICAL,AR,JUN,PHYSICAL PORT DOWN,2026-04-15 14:15:32,2026-04-15 14:15:32,459.69638888888886,1.0,unknown,unknown,unknown,unknown,NORMAL,link_down,0.706
alarm_03331,2026-05-04 17:57:19,CRITICAL,AR,CAJ,PHYSICAL PORT DOWN,2026-04-15 14:43:13,2026-04-15 14:43:13,459.235,1.0,unknown,unknown,unknown,unknown,NORMAL,link_down,0.706
alarm_03332,2026-05-04 17:57:19,CRITICAL,AR,CAJ,PHYSICAL PORT DOWN,2026-04-15 14:54:19,2026-04-15 14:54:19,459.05,1.0,unknown,unknown,unknown,unknown,NORMAL,link_down,0.706
alarm_03333,2026-05-04 17:57:19,CRITICAL,AR,JUN,PHYSICAL PORT DOWN,2026-04-15 16:29:17,2026-04-15 16:29:17,457.46722222222223,1.0,unknown,unknown,unknown,unknown,NORMAL,link_down,0.705
alarm_03334,2026-05-04 17:57:19,CRITICAL,AR,JUN,PHYSICAL PORT DOWN,2026-04-15 18:54:52,2026-04-15 18:54:52,455.04083333333335,1.0,unknown,unknown,unknown,unknown,NORMAL,link_down,0.705
alarm_03335,2026-05-04 17:57:19,CRITICAL,AR,APU,PHYSICAL PORT DOWN,2026-04-16 10:22:31,2026-04-16 10:22:31,439.58,1.0,unknown,unknown,unknown,unknown,NORMAL,link_down,0.702
alarm_03336,2026-05-04 17:57:19,CRITICAL,AR,CAJ,PHYSICAL PORT DOWN,2026-04-16 10:55:40,2026-04-16 10:55:40,439.0275,1.0,unknown,unknown,unknown,unknown,NORMAL,link_down,0.701
alarm_03337,2026-05-04 17:57:19,CRITICAL,AR,JUN,PHYSICAL PORT DOWN,2026-04-16 11:08:29,2026-04-16 11:08:29,438.81388888888887,1.0,unknown,unknown,unknown,unknown,NORMAL,link_down,0.701
alarm_03338,2026-05-04 17:57:19,CRITICAL,AR,LOR,PHYSICAL PORT DOWN,2026-04-16 11:30:26,2026-04-16 11:30:26,438.4480555555556,1.0,unknown,unknown,unknown,unknown,NORMAL,link_down,0.701
alarm_03339,2026-05-04 17:57:19,CRITICAL,AG,LIP,PHYSICAL PORT DOWN,2026-04-16 12:11:35,2026-04-16 12:11:35,437.76222222222225,1.0,unknown,unknown,unknown,unknown,NORMAL,link_down,0.701
alarm_03340,2026-05-04 17:57:19,CRITICAL,AR,ARE,PHYSICAL PORT DOWN,2026-04-16 12:44:20,2026-04-16 12:44:20,437.2163888888889,1.0,unknown,unknown,unknown,unknown,NORMAL,link_down,0.701
alarm_03341,2026-05-04 17:57:19,CRITICAL,AR,PIU,PHYSICAL PORT DOWN,2026-04-16 12:48:48,2026-04-16 12:48:48,437.14194444444445,1.0,unknown,unknown,unknown,unknown,NORMAL,link_down,0.701
alarm_03342,2026-05-04 17:57:19,CRITICAL,AR,CAJ,PHYSICAL PORT DOWN,2026-04-16 17:08:34,2026-04-16 17:08:34,432.8125,1.0,unknown,unknown,unknown,unknown,NORMAL,link_down,0.7
alarm_03343,2026-05-04 17:57:19,CRITICAL,AR,CAL,PHYSICAL PORT DOWN,2026-04-17 03:56:08,2026-04-17 03:56:08,422.01972222222224,1.0,unknown,unknown,unknown,unknown,NORMAL,link_down,0.698
alarm_03344,2026-05-04 17:57:19,CRITICAL,AG,CAJ,PHYSICAL PORT DOWN,2026-04-17 09:38:28,2026-04-17 09:38:28,416.31416666666667,1.0,unknown,unknown,unknown,unknown,NORMAL,link_down,0.697
alarm_03345,2026-05-04 17:57:19,CRITICAL,AG,CAJ,PHYSICAL PORT DOWN,2026-04-17 09:38:28,2026-04-17 09:38:28,416.31416666666667,1.0,unknown,unknown,unknown,unknown,NORMAL,link_down,0.697
alarm_03346,2026-05-04 17:57:19,CRITICAL,AR,CAJ,PHYSICAL PORT DOWN,2026-04-17 09:43:05,2026-04-17 09:43:05,416.2372222222222,1.0,unknown,unknown,unknown,unknown,NORMAL,link_down,0.697
alarm_03347,2026-05-04 17:57:19,CRITICAL,AR,LIC,PHYSICAL PORT DOWN,2026-04-17 12:26:19,2026-04-17 12:26:19,413.51666666666665,1.0,unknown,unknown,unknown,unknown,NORMAL,link_down,0.696
alarm_03348,2026-05-04 17:57:19,CRITICAL,AR,LIP,PHYSICAL PORT DOWN,2026-04-17 13:54:30,2026-04-17 13:54:30,412.0469444444444,1.0,unknown,unknown,unknown,unknown,NORMAL,link_down,0.696
alarm_03349,2026-05-04 17:57:19,CRITICAL,AR,LIP,PHYSICAL PORT DOWN,2026-04-17 13:54:30,2026-04-17 13:54:30,412.0469444444444,1.0,unknown,unknown,unknown,unknown,NORMAL,link_down,0.696
alarm_03350,2026-05-04 17:57:19,CRITICAL,AR,LIC,PHYSICAL PORT DOWN,2026-04-17 14:18:50,2026-04-17 14:18:50,411.6413888888889,1.0,unknown,unknown,unknown,unknown,NORMAL,link_down,0.696
alarm_03351,2026-05-04 17:57:19,CRITICAL,AR,LIC,PHYSICAL PORT DOWN,2026-04-17 14:19:37,2026-04-17 14:19:37,411.62833333333333,1.0,unknown,unknown,unknown,unknown,NORMAL,link_down,0.696
alarm_03352,2026-05-04 17:57:19,CRITICAL,AR,LIC,PHYSICAL PORT DOWN,2026-04-17 14:28:45,2026-04-17 14:28:45,411.4761111111111,1.0,unknown,unknown,unknown,unknown,NORMAL,link_down,0.696
alarm_03353,2026-05-04 17:57:19,CRITICAL,AG,LIC,PHYSICAL PORT DOWN,2026-04-17 14:33:13,2026-04-17 14:33:13,411.40166666666664,1.0,unknown,unknown,unknown,unknown,NORMAL,link_down,0.696
alarm_03354,2026-05-04 17:57:19,CRITICAL,AG,LIC,PHYSICAL PORT DOWN,2026-04-17 14:33:59,2026-04-17 14:33:59,411.3888888888889,1.0,unknown,unknown,unknown,unknown,NORMAL,link_down,0.696
alarm_03355,2026-05-04 17:57:19,CRITICAL,AR,ARE,PHYSICAL PORT DOWN,2026-04-17 15:09:58,2026-04-17 15:09:58,410.7891666666667,1.0,unknown,unknown,unknown,unknown,NORMAL,link_down,0.696
alarm_03356,2026-05-04 17:57:19,CRITICAL,AR,LIC,PHYSICAL PORT DOWN,2026-04-17 16:09:04,2026-04-17 16:09:04,409.8041666666667,1.0,unknown,unknown,unknown,unknown,NORMAL,link_down,0.695
alarm_03357,2026-05-04 17:57:19,CRITICAL,AR,LAM,PHYSICAL PORT DOWN,2026-04-17 16:46:47,2026-04-17 16:46:47,409.17555555555555,1.0,unknown,unknown,unknown,unknown,NORMAL,link_down,0.695
alarm_03358,2026-05-04 17:57:19,CRITICAL,AG,AMA,PHYSICAL PORT DOWN,2026-04-17 16:47:21,2026-04-17 16:47:21,409.1661111111111,1.0,unknown,unknown,unknown,unknown,NORMAL,link_down,0.695
alarm_03359,2026-05-04 17:57:19,CRITICAL,AG,AMA,PHYSICAL PORT DOWN,2026-04-17 16:47:24,2026-04-17 16:47:24,409.16527777777776,1.0,unknown,unknown,unknown,unknown,NORMAL,link_down,0.695
alarm_03360,2026-05-04 17:57:19,CRITICAL,AG,AMA,PHYSICAL PORT DOWN,2026-04-17 17:02:52,2026-04-17 17:02:52,408.9075,1.0,unknown,unknown,unknown,unknown,NORMAL,link_down,0.695
alarm_03361,2026-05-04 17:57:19,CRITICAL,AR,LIC,PHYSICAL PORT DOWN,2026-04-17 17:23:44,2026-04-17 17:23:44,408.5597222222222,1.0,unknown,unknown,unknown,unknown,NORMAL,link_down,0.695
alarm_03362,2026-05-04 17:57:19,CRITICAL,AR,ARE,PHYSICAL PORT DOWN,2026-04-17 18:57:58,2026-04-17 18:57:58,406.9891666666667,1.0,unknown,unknown,unknown,unknown,NORMAL,link_down,0.695
alarm_03363,2026-05-04 17:57:19,CRITICAL,AG,ANC,PHYSICAL PORT DOWN,2026-04-17 19:05:16,2026-04-17 19:05:16,406.8675,1.0,unknown,unknown,unknown,unknown,NORMAL,link_down,0.695
alarm_03364,2026-05-04 17:57:19,CRITICAL,AG,ANC,PHYSICAL PORT DOWN,2026-04-17 19:05:36,2026-04-17 19:05:36,406.8619444444444,1.0,unknown,unknown,unknown,unknown,NORMAL,link_down,0.695
alarm_03365,2026-05-04 17:57:19,CRITICAL,AR,LOR,PHYSICAL PORT DOWN,2026-04-17 19:39:38,2026-04-17 19:39:38,406.2947222222222,1.0,unknown,unknown,unknown,unknown,NORMAL,link_down,0.695
alarm_03366,2026-05-04 17:57:19,CRITICAL,AR,LOR,PHYSICAL PORT DOWN,2026-04-17 19:40:18,2026-04-17 19:40:18,406.2836111111111,1.0,unknown,unknown,unknown,unknown,NORMAL,link_down,0.695
alarm_03367,2026-05-04 17:57:19,CRITICAL,AR,LIC,PHYSICAL PORT DOWN,2026-04-17 19:49:12,2026-04-17 19:49:12,406.1352777777778,1.0,unknown,unknown,unknown,unknown,NORMAL,link_down,0.695
alarm_03368,2026-05-04 17:57:19,CRITICAL,AR,CUS,PHYSICAL PORT DOWN,2026-04-17 19:57:56,2026-04-17 19:57:56,405.9897222222222,1.0,unknown,unknown,unknown,unknown,NORMAL,link_down,0.695
alarm_03369,2026-05-04 17:57:19,CRITICAL,AR,LIC,PHYSICAL PORT DOWN,2026-04-17 22:53:54,2026-04-17 22:53:54,403.05694444444447,1.0,unknown,unknown,unknown,unknown,NORMAL,link_down,0.694
alarm_03370,2026-05-04 17:57:19,CRITICAL,AR,LIC,PHYSICAL PORT DOWN,2026-04-18 00:49:19,2026-04-18 00:49:19,401.1333333333333,1.0,unknown,unknown,unknown,unknown,NORMAL,link_down,0.694
alarm_03371,2026-05-04 17:57:19,CRITICAL,AR,JUN,PHYSICAL PORT DOWN,2026-04-18 08:46:53,2026-04-18 08:46:53,393.1738888888889,1.0,unknown,unknown,unknown,unknown,NORMAL,link_down,0.692
alarm_03372,2026-05-04 17:57:19,CRITICAL,AR,LIC,PHYSICAL PORT DOWN,2026-04-18 09:54:21,2026-04-18 09:54:21,392.0494444444444,1.0,unknown,unknown,unknown,unknown,NORMAL,link_down,0.692
alarm_03373,2026-05-04 17:57:19,CRITICAL,AR,LIC,PHYSICAL PORT DOWN,2026-04-18 09:54:21,2026-04-18 09:54:21,392.0494444444444,1.0,unknown,unknown,unknown,unknown,NORMAL,link_down,0.692
alarm_03374,2026-05-04 17:57:19,CRITICAL,AR,LIC,PHYSICAL PORT DOWN,2026-04-18 09:54:23,2026-04-18 09:54:23,392.0488888888889,1.0,unknown,unknown,unknown,unknown,NORMAL,link_down,0.692
alarm_03375,2026-05-04 17:57:19,CRITICAL,AR,ARE,PHYSICAL PORT DOWN,2026-04-18 10:31:24,2026-04-18 10:31:24,391.43194444444447,1.0,unknown,unknown,unknown,unknown,NORMAL,link_down,0.692
alarm_03376,2026-05-04 17:57:19,CRITICAL,AR,LOR,PHYSICAL PORT DOWN,2026-04-18 10:40:26,2026-04-18 10:40:26,391.2813888888889,1.0,unknown,unknown,unknown,unknown,NORMAL,link_down,0.692
alarm_03377,2026-05-04 17:57:19,CRITICAL,AR,HUC,PHYSICAL PORT DOWN,2026-04-18 11:28:31,2026-04-18 11:28:31,390.48,1.0,unknown,unknown,unknown,unknown,NORMAL,link_down,0.691
alarm_03378,2026-05-04 17:57:19,CRITICAL,AR,HUC,PHYSICAL PORT DOWN,2026-04-18 11:28:31,2026-04-18 11:28:31,390.48,1.0,unknown,unknown,unknown,unknown,NORMAL,link_down,0.691
alarm_03379,2026-05-04 17:57:19,CRITICAL,AR,LIC,PHYSICAL PORT DOWN,2026-04-18 11:46:59,2026-04-18 11:46:59,390.1722222222222,1.0,unknown,unknown,unknown,unknown,NORMAL,link_down,0.691
alarm_03380,2026-05-04 17:57:19,CRITICAL,AR,SAN,PHYSICAL PORT DOWN,2026-04-18 11:56:42,2026-04-18 11:56:42,390.0102777777778,1.0,unknown,unknown,unknown,unknown,NORMAL,link_down,0.691
alarm_03381,2026-05-04 17:57:19,CRITICAL,AR,ANC,PHYSICAL PORT DOWN,2026-04-18 14:13:42,2026-04-18 14:13:42,387.7269444444444,1.0,unknown,unknown,unknown,unknown,NORMAL,link_down,0.691
alarm_03382,2026-05-04 17:57:19,CRITICAL,AG,LIC,BOARD INVALID,2026-04-18 14:14:16,2026-04-18 14:14:16,387.7175,1.0,unknown,unknown,unknown,unknown,NORMAL,other,0.591
alarm_03383,2026-05-04 17:57:19,CRITICAL,AR,LIC,PHYSICAL PORT DOWN,2026-04-18 16:11:23,2026-04-18 16:11:23,385.7655555555556,1.0,unknown,unknown,unknown,unknown,NORMAL,link_down,0.69
alarm_03384,2026-05-04 17:57:19,CRITICAL,AR,CAJ,PHYSICAL PORT DOWN,2026-04-18 19:02:13,2026-04-18 19:02:13,382.91833333333335,1.0,unknown,unknown,unknown,unknown,NORMAL,link_down,0.69
alarm_03385,2026-05-04 17:57:19,CRITICAL,AR,SAN,PHYSICAL PORT DOWN,2026-04-19 01:21:10,2026-04-19 01:21:10,376.6025,1.0,unknown,unknown,unknown,unknown,NORMAL,link_down,0.688
alarm_03386,2026-05-04 17:57:19,CRITICAL,AR,SAN,PHYSICAL PORT DOWN,2026-04-19 01:21:10,2026-04-19 01:21:10,376.6025,1.0,unknown,unknown,unknown,unknown,NORMAL,link_down,0.688
alarm_03387,2026-05-04 17:57:19,CRITICAL,AR,SAN,PHYSICAL PORT DOWN,2026-04-19 01:21:10,2026-04-19 01:21:10,376.6025,1.0,unknown,unknown,unknown,unknown,NORMAL,link_down,0.688
alarm_03388,2026-05-04 17:57:19,CRITICAL,AR,SAN,PHYSICAL PORT DOWN,2026-04-19 01:21:10,2026-04-19 01:21:10,376.6025,1.0,unknown,unknown,unknown,unknown,NORMAL,link_down,0.688
alarm_03389,2026-05-04 17:57:19,CRITICAL,AR,SAN,PHYSICAL PORT DOWN,2026-04-19 01:21:10,2026-04-19 01:21:10,376.6025,1.0,unknown,unknown,unknown,unknown,NORMAL,link_down,0.688
alarm_03390,2026-05-04 17:57:19,CRITICAL,AR,SAN,PHYSICAL PORT DOWN,2026-04-19 01:21:10,2026-04-19 01:21:10,376.6025,1.0,unknown,unknown,unknown,unknown,NORMAL,link_down,0.688
alarm_03391,2026-05-04 17:57:19,CRITICAL,AR,ANC,PHYSICAL PORT DOWN,2026-04-19 03:45:04,2026-04-19 03:45:04,374.20416666666665,1.0,unknown,unknown,unknown,unknown,NORMAL,link_down,0.688
alarm_03392,2026-05-04 17:57:19,CRITICAL,AR,LAL,PHYSICAL PORT DOWN,2026-04-19 05:56:47,2026-04-19 05:56:47,372.00888888888886,1.0,unknown,unknown,unknown,unknown,NORMAL,link_down,0.688
alarm_03393,2026-05-04 17:57:19,CRITICAL,AR,LAL,PHYSICAL PORT DOWN,2026-04-19 05:56:47,2026-04-19 05:56:47,372.00888888888886,1.0,unknown,unknown,unknown,unknown,NORMAL,link_down,0.688
alarm_03394,2026-05-04 17:57:19,CRITICAL,AR,LAL,PHYSICAL PORT DOWN,2026-04-19 06:27:05,2026-04-19 06:27:05,371.50388888888887,1.0,unknown,unknown,unknown,unknown,NORMAL,link_down,0.687
alarm_03395,2026-05-04 17:57:19,CRITICAL,AG,ICA,PHYSICAL PORT DOWN,2026-04-19 06:30:38,2026-04-19 06:30:38,371.4447222222222,1.0,unknown,unknown,unknown,unknown,NORMAL,link_down,0.687
alarm_03396,2026-05-04 17:57:19,CRITICAL,CA,NOR,PHYSICAL PORT DOWN,2026-04-19 10:46:50,2026-04-19 10:46:50,367.1747222222222,1.0,unknown,unknown,unknown,unknown,NORMAL,link_down,0.686
alarm_03397,2026-05-04 17:57:19,CRITICAL,CA,NOR,PHYSICAL PORT DOWN,2026-04-19 10:46:54,2026-04-19 10:46:54,367.1736111111111,1.0,unknown,unknown,unknown,unknown,NORMAL,link_down,0.686
alarm_03398,2026-05-04 17:57:19,CRITICAL,AR,JUN,PHYSICAL PORT DOWN,2026-04-19 11:08:21,2026-04-19 11:08:21,366.8161111111111,1.0,unknown,unknown,unknown,unknown,NORMAL,link_down,0.686
alarm_03399,2026-05-04 17:57:19,CRITICAL,AR,HUC,PHYSICAL PORT DOWN,2026-04-19 11:19:39,2026-04-19 11:19:39,366.6277777777778,1.0,unknown,unknown,unknown,unknown,NORMAL,link_down,0.686
alarm_03400,2026-05-04 17:57:19,CRITICAL,AR,HUC,PHYSICAL PORT DOWN,2026-04-19 11:19:39,2026-04-19 11:19:39,366.6277777777778,1.0,unknown,unknown,unknown,unknown,NORMAL,link_down,0.686
alarm_03401,2026-05-04 17:57:19,CRITICAL,AR,HUC,PHYSICAL PORT DOWN,2026-04-19 11:19:39,2026-04-19 11:19:39,366.6277777777778,1.0,unknown,unknown,unknown,unknown,NORMAL,link_down,0.686
alarm_03402,2026-05-04 17:57:19,CRITICAL,AR,HUC,PHYSICAL PORT DOWN,2026-04-19 11:19:39,2026-04-19 11:19:39,366.6277777777778,1.0,unknown,unknown,unknown,unknown,NORMAL,link_down,0.686
alarm_03403,2026-05-04 17:57:19,CRITICAL,AR,CUS,THE DEVICE IS OFFLINE,2026-04-19 13:01:58,2026-04-19 13:01:58,364.9225,1.0,unknown,unknown,unknown,unknown,NORMAL,other,0.586
alarm_03404,2026-05-04 17:57:19,CRITICAL,AR,LAL,PHYSICAL PORT DOWN,2026-04-19 23:19:57,2026-04-19 23:19:57,354.6227777777778,1.0,unknown,unknown,unknown,unknown,NORMAL,link_down,0.684
alarm_03405,2026-05-04 17:57:19,CRITICAL,AR,LAL,PHYSICAL PORT DOWN,2026-04-19 23:19:57,2026-04-19 23:19:57,354.6227777777778,1.0,unknown,unknown,unknown,unknown,NORMAL,link_down,0.684
alarm_03406,2026-05-04 17:57:19,CRITICAL,AR,LAL,PHYSICAL PORT DOWN,2026-04-19 23:19:57,2026-04-19 23:19:57,354.6227777777778,1.0,unknown,unknown,unknown,unknown,NORMAL,link_down,0.684
alarm_03407,2026-05-04 17:57:19,CRITICAL,AR,LAL,PHYSICAL PORT DOWN,2026-04-19 23:19:57,2026-04-19 23:19:57,354.6227777777778,1.0,unknown,unknown,unknown,unknown,NORMAL,link_down,0.684
alarm_03408,2026-05-04 17:57:19,CRITICAL,AR,LAL,PHYSICAL PORT DOWN,2026-04-19 23:19:57,2026-04-19 23:19:57,354.6227777777778,1.0,unknown,unknown,unknown,unknown,NORMAL,link_down,0.684
alarm_03409,2026-05-04 17:57:19,CRITICAL,AR,LAL,PHYSICAL PORT DOWN,2026-04-19 23:19:57,2026-04-19 23:19:57,354.6227777777778,1.0,unknown,unknown,unknown,unknown,NORMAL,link_down,0.684
alarm_03410,2026-05-04 17:57:19,CRITICAL,AR,LAL,PHYSICAL PORT DOWN,2026-04-19 23:19:57,2026-04-19 23:19:57,354.6227777777778,1.0,unknown,unknown,unknown,unknown,NORMAL,link_down,0.684
alarm_03411,2026-05-04 17:57:19,CRITICAL,AR,LAL,PHYSICAL PORT DOWN,2026-04-19 23:19:57,2026-04-19 23:19:57,354.6227777777778,1.0,unknown,unknown,unknown,unknown,NORMAL,link_down,0.684
alarm_03412,2026-05-04 17:57:19,CRITICAL,AR,LOR,PHYSICAL PORT DOWN,2026-04-20 07:58:26,2026-04-20 07:58:26,345.9813888888889,1.0,unknown,unknown,unknown,unknown,NORMAL,link_down,0.682
alarm_03413,2026-05-04 17:57:19,CRITICAL,AR,ANC,PHYSICAL PORT DOWN,2026-04-20 08:28:13,2026-04-20 08:28:13,345.485,1.0,unknown,unknown,unknown,unknown,NORMAL,link_down,0.682
alarm_03414,2026-05-04 17:57:19,CRITICAL,AR,ANC,PHYSICAL PORT DOWN,2026-04-20 08:28:13,2026-04-20 08:28:13,345.485,1.0,unknown,unknown,unknown,unknown,NORMAL,link_down,0.682
alarm_03415,2026-05-04 17:57:19,CRITICAL,AR,ANC,PHYSICAL PORT DOWN,2026-04-20 08:28:13,2026-04-20 08:28:13,345.485,1.0,unknown,unknown,unknown,unknown,NORMAL,link_down,0.682
alarm_03416,2026-05-04 17:57:19,CRITICAL,AR,PAS,PHYSICAL PORT DOWN,2026-04-20 10:43:47,2026-04-20 10:43:47,343.22555555555556,1.0,unknown,unknown,unknown,unknown,NORMAL,link_down,0.682
alarm_03417,2026-05-04 17:57:19,CRITICAL,AR,PAS,PHYSICAL PORT DOWN,2026-04-20 10:49:15,2026-04-20 10:49:15,343.13444444444445,1.0,unknown,unknown,unknown,unknown,NORMAL,link_down,0.681
alarm_03418,2026-05-04 17:57:19,CRITICAL,AR,PAS,PHYSICAL PORT DOWN,2026-04-20 10:56:15,2026-04-20 10:56:15,343.0177777777778,1.0,unknown,unknown,unknown,unknown,NORMAL,link_down,0.681
alarm_03419,2026-05-04 17:57:19,CRITICAL,AR,PAS,PHYSICAL PORT DOWN,2026-04-20 11:13:23,2026-04-20 11:13:23,342.7322222222222,1.0,unknown,unknown,unknown,unknown,NORMAL,link_down,0.681
alarm_03420,2026-05-04 17:57:19,CRITICAL,AR,LIC,PHYSICAL PORT DOWN,2026-04-20 11:16:35,2026-04-20 11:16:35,342.6788888888889,1.0,unknown,unknown,unknown,unknown,NORMAL,link_down,0.681
alarm_03421,2026-05-04 17:57:19,CRITICAL,AR,LIC,PHYSICAL PORT DOWN,2026-04-20 11:30:22,2026-04-20 11:30:22,342.44916666666666,1.0,unknown,unknown,unknown,unknown,NORMAL,link_down,0.681
alarm_03422,2026-05-04 17:57:19,CRITICAL,AR,CUS,PHYSICAL PORT DOWN,2026-04-20 11:38:00,2026-04-20 11:38:00,342.32194444444445,1.0,unknown,unknown,unknown,unknown,NORMAL,link_down,0.681
alarm_03423,2026-05-04 17:57:19,CRITICAL,AR,CUS,PHYSICAL PORT DOWN,2026-04-20 11:38:00,2026-04-20 11:38:00,342.32194444444445,1.0,unknown,unknown,unknown,unknown,NORMAL,link_down,0.681
alarm_03424,2026-05-04 17:57:19,CRITICAL,AR,CUS,PHYSICAL PORT DOWN,2026-04-20 11:38:00,2026-04-20 11:38:00,342.32194444444445,1.0,unknown,unknown,unknown,unknown,NORMAL,link_down,0.681
alarm_03425,2026-05-04 17:57:19,CRITICAL,AR,CUS,PHYSICAL PORT DOWN,2026-04-20 11:38:00,2026-04-20 11:38:00,342.32194444444445,1.0,unknown,unknown,unknown,unknown,NORMAL,link_down,0.681
alarm_03426,2026-05-04 17:57:19,CRITICAL,AR,CUS,PHYSICAL PORT DOWN,2026-04-20 11:38:00,2026-04-20 11:38:00,342.32194444444445,1.0,unknown,unknown,unknown,unknown,NORMAL,link_down,0.681
alarm_03427,2026-05-04 17:57:19,CRITICAL,AR,LAL,PHYSICAL PORT DOWN,2026-04-20 11:43:21,2026-04-20 11:43:21,342.23277777777776,1.0,unknown,unknown,unknown,unknown,NORMAL,link_down,0.681
alarm_03428,2026-05-04 17:57:19,CRITICAL,AR,AYA,PHYSICAL PORT DOWN,2026-04-20 12:13:46,2026-04-20 12:13:46,341.72583333333336,1.0,unknown,unknown,unknown,unknown,NORMAL,link_down,0.681
alarm_03429,2026-05-04 17:57:19,CRITICAL,AR,SAN,THE DEVICE IS OFFLINE,2026-04-20 14:01:34,2026-04-20 14:01:34,339.9291666666667,1.0,unknown,unknown,unknown,unknown,NORMAL,other,0.581
alarm_03430,2026-05-04 17:57:19,CRITICAL,AR,JUN,PHYSICAL PORT DOWN,2026-04-20 14:52:13,2026-04-20 14:52:13,339.085,1.0,unknown,unknown,unknown,unknown,NORMAL,link_down,0.681
alarm_03431,2026-05-04 17:57:19,CRITICAL,AR,LIC,PHYSICAL PORT DOWN,2026-04-20 15:04:46,2026-04-20 15:04:46,338.87583333333333,1.0,unknown,unknown,unknown,unknown,NORMAL,link_down,0.681
alarm_03432,2026-05-04 17:57:19,CRITICAL,AR,HUC,PHYSICAL PORT DOWN,2026-04-20 15:59:08,2026-04-20 15:59:08,337.96972222222223,1.0,unknown,unknown,unknown,unknown,NORMAL,link_down,0.68
alarm_03433,2026-05-04 17:57:19,CRITICAL,AR,LIC,PHYSICAL PORT DOWN,2026-04-20 16:45:40,2026-04-20 16:45:40,337.19416666666666,1.0,unknown,unknown,unknown,unknown,NORMAL,link_down,0.68
alarm_03434,2026-05-04 17:57:19,CRITICAL,AR,CUS,PHYSICAL PORT DOWN,2026-04-20 18:04:11,2026-04-20 18:04:11,335.8855555555556,1.0,unknown,unknown,unknown,unknown,NORMAL,link_down,0.68
alarm_03435,2026-05-04 17:57:19,CRITICAL,AR,CUS,PHYSICAL PORT DOWN,2026-04-20 18:04:11,2026-04-20 18:04:11,335.8855555555556,1.0,unknown,unknown,unknown,unknown,NORMAL,link_down,0.68
alarm_03436,2026-05-04 17:57:19,CRITICAL,AR,JUN,PHYSICAL PORT DOWN,2026-04-20 18:11:57,2026-04-20 18:11:57,335.7561111111111,1.0,unknown,unknown,unknown,unknown,NORMAL,link_down,0.68
alarm_03437,2026-05-04 17:57:19,CRITICAL,AR,UCA,PHYSICAL PORT DOWN,2026-04-20 18:16:47,2026-04-20 18:16:47,335.67555555555555,1.0,unknown,unknown,unknown,unknown,NORMAL,link_down,0.68
alarm_03438,2026-05-04 17:57:19,CRITICAL,AR,JUN,PHYSICAL PORT DOWN,2026-04-20 18:26:16,2026-04-20 18:26:16,335.5175,1.0,unknown,unknown,unknown,unknown,NORMAL,link_down,0.68
alarm_03439,2026-05-04 17:57:19,CRITICAL,AR,AMA,PHYSICAL PORT DOWN,2026-04-20 21:00:29,2026-04-20 21:00:29,332.9472222222222,1.0,unknown,unknown,unknown,unknown,NORMAL,link_down,0.679
alarm_03440,2026-05-04 17:57:19,CRITICAL,AR,AMA,PHYSICAL PORT DOWN,2026-04-20 21:00:30,2026-04-20 21:00:30,332.94694444444445,1.0,unknown,unknown,unknown,unknown,NORMAL,link_down,0.679
alarm_03441,2026-05-04 17:57:19,CRITICAL,SW,JUN,THE DEVICE IS OFFLINE,2026-04-20 23:04:26,2026-04-20 23:04:26,330.88138888888886,1.0,unknown,unknown,unknown,unknown,NORMAL,other,0.579
alarm_03442,2026-05-04 17:57:19,CRITICAL,AR,LOR,PHYSICAL PORT DOWN,2026-04-21 00:15:38,2026-04-21 00:15:38,329.6947222222222,1.0,unknown,unknown,unknown,unknown,NORMAL,link_down,0.679
alarm_03443,2026-05-04 17:57:19,CRITICAL,CA,LIM,PHYSICAL PORT DOWN,2026-04-21 00:56:40,2026-04-21 00:56:40,329.0108333333333,1.0,unknown,unknown,unknown,unknown,NORMAL,link_down,0.679
alarm_03444,2026-05-04 17:57:19,CRITICAL,AR,LIC,PHYSICAL PORT DOWN,2026-04-21 03:44:00,2026-04-21 03:44:00,326.22194444444443,1.0,unknown,unknown,unknown,unknown,NORMAL,link_down,0.678
alarm_03445,2026-05-04 17:57:19,CRITICAL,AR,ARE,PHYSICAL PORT DOWN,2026-04-21 09:07:59,2026-04-21 09:07:59,320.8222222222222,1.0,unknown,unknown,unknown,unknown,NORMAL,link_down,0.677
alarm_03446,2026-05-04 17:57:19,CRITICAL,AR,ARE,PHYSICAL PORT DOWN,2026-04-21 09:07:59,2026-04-21 09:07:59,320.8222222222222,1.0,unknown,unknown,unknown,unknown,NORMAL,link_down,0.677
alarm_03447,2026-05-04 17:57:19,CRITICAL,AR,ARE,PHYSICAL PORT DOWN,2026-04-21 09:07:59,2026-04-21 09:07:59,320.8222222222222,1.0,unknown,unknown,unknown,unknown,NORMAL,link_down,0.677
alarm_03448,2026-05-04 17:57:19,CRITICAL,AR,JUN,PHYSICAL PORT DOWN,2026-04-21 10:17:03,2026-04-21 10:17:03,319.6711111111111,1.0,unknown,unknown,unknown,unknown,NORMAL,link_down,0.677
alarm_03449,2026-05-04 17:57:19,CRITICAL,AG,PIU,PHYSICAL PORT DOWN,2026-04-21 10:28:56,2026-04-21 10:28:56,319.47305555555556,1.0,unknown,unknown,unknown,unknown,NORMAL,link_down,0.677
alarm_03450,2026-05-04 17:57:19,CRITICAL,AG,PIU,PHYSICAL PORT DOWN,2026-04-21 10:28:56,2026-04-21 10:28:56,319.47305555555556,1.0,unknown,unknown,unknown,unknown,NORMAL,link_down,0.677
alarm_03451,2026-05-04 17:57:19,CRITICAL,AR,CAL,PHYSICAL PORT DOWN,2026-04-21 10:57:22,2026-04-21 10:57:22,318.99916666666667,1.0,unknown,unknown,unknown,unknown,NORMAL,link_down,0.676
alarm_03452,2026-05-04 17:57:19,CRITICAL,AR,TAC,PHYSICAL PORT DOWN,2026-04-21 11:02:12,2026-04-21 11:02:12,318.9186111111111,1.0,unknown,unknown,unknown,unknown,NORMAL,link_down,0.676
alarm_03453,2026-05-04 17:57:19,CRITICAL,AR,LIC,PHYSICAL PORT DOWN,2026-04-21 11:54:58,2026-04-21 11:54:58,318.0391666666667,1.0,unknown,unknown,unknown,unknown,NORMAL,link_down,0.676
alarm_03454,2026-05-04 17:57:19,CRITICAL,AR,LIC,PHYSICAL PORT DOWN,2026-04-21 11:55:05,2026-04-21 11:55:05,318.0372222222222,1.0,unknown,unknown,unknown,unknown,NORMAL,link_down,0.676
alarm_03455,2026-05-04 17:57:19,CRITICAL,AR,LIC,PHYSICAL PORT DOWN,2026-04-21 11:55:13,2026-04-21 11:55:13,318.035,1.0,unknown,unknown,unknown,unknown,NORMAL,link_down,0.676
alarm_03456,2026-05-04 17:57:19,CRITICAL,AR,LIC,PHYSICAL PORT DOWN,2026-04-21 11:55:13,2026-04-21 11:55:13,318.035,1.0,unknown,unknown,unknown,unknown,NORMAL,link_down,0.676
alarm_03457,2026-05-04 17:57:19,CRITICAL,AR,HUC,PHYSICAL PORT DOWN,2026-04-21 13:00:34,2026-04-21 13:00:34,316.9458333333333,1.0,unknown,unknown,unknown,unknown,NORMAL,link_down,0.676
alarm_03458,2026-05-04 17:57:19,CRITICAL,AR,LIC,PHYSICAL PORT DOWN,2026-04-21 13:08:53,2026-04-21 13:08:53,316.8072222222222,1.0,unknown,unknown,unknown,unknown,NORMAL,link_down,0.676
alarm_03459,2026-05-04 17:57:19,CRITICAL,AR,LIC,PHYSICAL PORT DOWN,2026-04-21 13:08:53,2026-04-21 13:08:53,316.8072222222222,1.0,unknown,unknown,unknown,unknown,NORMAL,link_down,0.676
alarm_03460,2026-05-04 17:57:19,CRITICAL,AR,LIC,PHYSICAL PORT DOWN,2026-04-21 13:09:12,2026-04-21 13:09:12,316.8019444444444,1.0,unknown,unknown,unknown,unknown,NORMAL,link_down,0.676
alarm_03461,2026-05-04 17:57:19,CRITICAL,AR,LIC,PHYSICAL PORT DOWN,2026-04-21 13:09:13,2026-04-21 13:09:13,316.8016666666667,1.0,unknown,unknown,unknown,unknown,NORMAL,link_down,0.676
alarm_03462,2026-05-04 17:57:19,CRITICAL,AR,LIP,PHYSICAL PORT DOWN,2026-04-21 13:42:53,2026-04-21 13:42:53,316.24055555555555,1.0,unknown,unknown,unknown,unknown,NORMAL,link_down,0.676
alarm_03463,2026-05-04 17:57:19,CRITICAL,AR,TAC,PHYSICAL PORT DOWN,2026-04-21 14:22:32,2026-04-21 14:22:32,315.57972222222224,1.0,unknown,unknown,unknown,unknown,NORMAL,link_down,0.676
alarm_03464,2026-05-04 17:57:19,CRITICAL,AR,PIU,PHYSICAL PORT DOWN,2026-04-21 14:42:29,2026-04-21 14:42:29,315.2472222222222,1.0,unknown,unknown,unknown,unknown,NORMAL,link_down,0.676
alarm_03465,2026-05-04 17:57:19,CRITICAL,AR,JUN,PHYSICAL PORT DOWN,2026-04-21 15:59:25,2026-04-21 15:59:25,313.965,1.0,unknown,unknown,unknown,unknown,NORMAL,link_down,0.675
alarm_03466,2026-05-04 17:57:19,CRITICAL,AR,LAL,PHYSICAL PORT DOWN,2026-04-21 17:13:45,2026-04-21 17:13:45,312.7261111111111,1.0,unknown,unknown,unknown,unknown,NORMAL,link_down,0.675
alarm_03467,2026-05-04 17:57:19,CRITICAL,AR,SAN,PHYSICAL PORT DOWN,2026-04-21 18:13:47,2026-04-21 18:13:47,311.72555555555556,1.0,unknown,unknown,unknown,unknown,NORMAL,link_down,0.675
alarm_03468,2026-05-04 17:57:19,CRITICAL,AR,ARE,PHYSICAL PORT DOWN,2026-04-21 22:45:42,2026-04-21 22:45:42,307.1936111111111,1.0,unknown,unknown,unknown,unknown,NORMAL,link_down,0.674
alarm_03469,2026-05-04 17:57:19,CRITICAL,AR,ARE,PHYSICAL PORT DOWN,2026-04-21 22:45:42,2026-04-21 22:45:42,307.1936111111111,1.0,unknown,unknown,unknown,unknown,NORMAL,link_down,0.674
alarm_03470,2026-05-04 17:57:19,CRITICAL,AR,LIC,PHYSICAL PORT DOWN,2026-04-21 23:22:50,2026-04-21 23:22:50,306.57472222222225,1.0,unknown,unknown,unknown,unknown,NORMAL,link_down,0.674
alarm_03471,2026-05-04 17:57:19,CRITICAL,AR,LIC,PHYSICAL PORT DOWN,2026-04-22 02:46:04,2026-04-22 02:46:04,303.1875,1.0,unknown,unknown,unknown,unknown,NORMAL,link_down,0.673
alarm_03472,2026-05-04 17:57:19,CRITICAL,AR,PIU,PHYSICAL PORT DOWN,2026-04-22 08:48:25,2026-04-22 08:48:25,297.1483333333333,1.0,unknown,unknown,unknown,unknown,NORMAL,link_down,0.672
alarm_03473,2026-05-04 17:57:19,CRITICAL,AR,PIU,PHYSICAL PORT DOWN,2026-04-22 08:48:25,2026-04-22 08:48:25,297.1483333333333,1.0,unknown,unknown,unknown,unknown,NORMAL,link_down,0.672
alarm_03474,2026-05-04 17:57:19,CRITICAL,AR,PIU,PHYSICAL PORT DOWN,2026-04-22 08:48:25,2026-04-22 08:48:25,297.1483333333333,1.0,unknown,unknown,unknown,unknown,NORMAL,link_down,0.672
alarm_03475,2026-05-04 17:57:19,CRITICAL,AR,PIU,PHYSICAL PORT DOWN,2026-04-22 08:48:25,2026-04-22 08:48:25,297.1483333333333,1.0,unknown,unknown,unknown,unknown,NORMAL,link_down,0.672
alarm_03476,2026-05-04 17:57:19,CRITICAL,AR,PIU,PHYSICAL PORT DOWN,2026-04-22 08:48:25,2026-04-22 08:48:25,297.1483333333333,1.0,unknown,unknown,unknown,unknown,NORMAL,link_down,0.672
alarm_03477,2026-05-04 17:57:19,CRITICAL,AR,PIU,PHYSICAL PORT DOWN,2026-04-22 08:48:35,2026-04-22 08:48:35,297.1455555555556,1.0,unknown,unknown,unknown,unknown,NORMAL,link_down,0.672
alarm_03478,2026-05-04 17:57:19,CRITICAL,AR,PIU,PHYSICAL PORT DOWN,2026-04-22 08:48:35,2026-04-22 08:48:35,297.1455555555556,1.0,unknown,unknown,unknown,unknown,NORMAL,link_down,0.672
alarm_03479,2026-05-04 17:57:19,CRITICAL,AR,CUS,PHYSICAL PORT DOWN,2026-04-22 09:35:27,2026-04-22 09:35:27,296.3644444444444,1.0,unknown,unknown,unknown,unknown,NORMAL,link_down,0.672
alarm_03480,2026-05-04 17:57:19,CRITICAL,AR,ARE,PHYSICAL PORT DOWN,2026-04-22 10:29:10,2026-04-22 10:29:10,295.4691666666667,1.0,unknown,unknown,unknown,unknown,NORMAL,link_down,0.672
alarm_03481,2026-05-04 17:57:19,CRITICAL,AR,ARE,PHYSICAL PORT DOWN,2026-04-22 10:29:10,2026-04-22 10:29:10,295.4691666666667,1.0,unknown,unknown,unknown,unknown,NORMAL,link_down,0.672
alarm_03482,2026-05-04 17:57:19,CRITICAL,AR,ARE,PHYSICAL PORT DOWN,2026-04-22 10:29:10,2026-04-22 10:29:10,295.4691666666667,1.0,unknown,unknown,unknown,unknown,NORMAL,link_down,0.672
alarm_03483,2026-05-04 17:57:19,CRITICAL,AG,PIU,PHYSICAL PORT DOWN,2026-04-22 10:36:05,2026-04-22 10:36:05,295.3538888888889,1.0,unknown,unknown,unknown,unknown,NORMAL,link_down,0.672
alarm_03484,2026-05-04 17:57:19,CRITICAL,AG,PIU,PHYSICAL PORT DOWN,2026-04-22 10:36:06,2026-04-22 10:36:06,295.3536111111111,1.0,unknown,unknown,unknown,unknown,NORMAL,link_down,0.672
alarm_03485,2026-05-04 17:57:19,CRITICAL,AR,ICA,THE DEVICE IS OFFLINE,2026-04-22 11:19:10,2026-04-22 11:19:10,294.6358333333333,1.0,unknown,unknown,unknown,unknown,NORMAL,other,0.571
alarm_03486,2026-05-04 17:57:19,CRITICAL,AR,ANC,PHYSICAL PORT DOWN,2026-04-22 11:58:44,2026-04-22 11:58:44,293.9763888888889,1.0,unknown,unknown,unknown,unknown,NORMAL,link_down,0.671
alarm_03487,2026-05-04 17:57:19,CRITICAL,AR,CAL,PHYSICAL PORT DOWN,2026-04-22 12:14:31,2026-04-22 12:14:31,293.7133333333333,1.0,unknown,unknown,unknown,unknown,NORMAL,link_down,0.671
alarm_03488,2026-05-04 17:57:19,CRITICAL,AR,CAL,PHYSICAL PORT DOWN,2026-04-22 12:14:31,2026-04-22 12:14:31,293.7133333333333,1.0,unknown,unknown,unknown,unknown,NORMAL,link_down,0.671
alarm_03489,2026-05-04 17:57:19,CRITICAL,AR,CAL,PHYSICAL PORT DOWN,2026-04-22 12:14:33,2026-04-22 12:14:33,293.7127777777778,1.0,unknown,unknown,unknown,unknown,NORMAL,link_down,0.671
alarm_03490,2026-05-04 17:57:19,CRITICAL,AR,TUM,PHYSICAL PORT DOWN,2026-04-22 14:45:47,2026-04-22 14:45:47,291.1922222222222,1.0,unknown,unknown,unknown,unknown,NORMAL,link_down,0.671
alarm_03491,2026-05-04 17:57:19,CRITICAL,AR,ARE,PHYSICAL PORT DOWN,2026-04-22 15:20:44,2026-04-22 15:20:44,290.6097222222222,1.0,unknown,unknown,unknown,unknown,NORMAL,link_down,0.671
alarm_03492,2026-05-04 17:57:19,CRITICAL,AR,ARE,PHYSICAL PORT DOWN,2026-04-22 15:20:44,2026-04-22 15:20:44,290.6097222222222,1.0,unknown,unknown,unknown,unknown,NORMAL,link_down,0.671
alarm_03493,2026-05-04 17:57:19,CRITICAL,AR,ARE,PHYSICAL PORT DOWN,2026-04-22 15:20:44,2026-04-22 15:20:44,290.6097222222222,1.0,unknown,unknown,unknown,unknown,NORMAL,link_down,0.671
alarm_03494,2026-05-04 17:57:19,CRITICAL,AG,LIC,PHYSICAL PORT DOWN,2026-04-22 15:28:51,2026-04-22 15:28:51,290.47444444444443,1.0,unknown,unknown,unknown,unknown,NORMAL,link_down,0.671
alarm_03495,2026-05-04 17:57:19,CRITICAL,AG,LIC,PHYSICAL PORT DOWN,2026-04-22 15:28:56,2026-04-22 15:28:56,290.47305555555556,1.0,unknown,unknown,unknown,unknown,NORMAL,link_down,0.671
alarm_03496,2026-05-04 17:57:19,CRITICAL,AR,LIC,PHYSICAL PORT DOWN,2026-04-22 15:32:06,2026-04-22 15:32:06,290.42027777777776,1.0,unknown,unknown,unknown,unknown,NORMAL,link_down,0.671
alarm_03497,2026-05-04 17:57:19,CRITICAL,AR,LIC,PHYSICAL PORT DOWN,2026-04-22 15:32:47,2026-04-22 15:32:47,290.4088888888889,1.0,unknown,unknown,unknown,unknown,NORMAL,link_down,0.671
alarm_03498,2026-05-04 17:57:19,CRITICAL,AR,LIC,PHYSICAL PORT DOWN,2026-04-22 15:32:51,2026-04-22 15:32:51,290.40777777777777,1.0,unknown,unknown,unknown,unknown,NORMAL,link_down,0.671
alarm_03499,2026-05-04 17:57:19,CRITICAL,AG,TUM,PHYSICAL PORT DOWN,2026-04-22 16:05:35,2026-04-22 16:05:35,289.8622222222222,1.0,unknown,unknown,unknown,unknown,NORMAL,link_down,0.67
alarm_03500,2026-05-04 17:57:19,CRITICAL,AG,TUM,PHYSICAL PORT DOWN,2026-04-22 16:05:38,2026-04-22 16:05:38,289.8613888888889,1.0,unknown,unknown,unknown,unknown,NORMAL,link_down,0.67
alarm_03501,2026-05-04 17:57:19,CRITICAL,AR,TUM,PHYSICAL PORT DOWN,2026-04-22 16:09:49,2026-04-22 16:09:49,289.7916666666667,1.0,unknown,unknown,unknown,unknown,NORMAL,link_down,0.67
alarm_03502,2026-05-04 17:57:19,CRITICAL,AR,LIC,PHYSICAL PORT DOWN,2026-04-22 16:26:23,2026-04-22 16:26:23,289.5155555555556,1.0,unknown,unknown,unknown,unknown,NORMAL,link_down,0.67
alarm_03503,2026-05-04 17:57:19,CRITICAL,AR,LIC,PHYSICAL PORT DOWN,2026-04-22 16:33:14,2026-04-22 16:33:14,289.4013888888889,1.0,unknown,unknown,unknown,unknown,NORMAL,link_down,0.67
alarm_03504,2026-05-04 17:57:19,CRITICAL,AR,LIC,PHYSICAL PORT DOWN,2026-04-22 16:58:20,2026-04-22 16:58:20,288.98305555555555,1.0,unknown,unknown,unknown,unknown,NORMAL,link_down,0.67
alarm_03505,2026-05-04 17:57:19,CRITICAL,AR,MOQ,PHYSICAL PORT DOWN,2026-04-22 17:13:13,2026-04-22 17:13:13,288.735,1.0,unknown,unknown,unknown,unknown,NORMAL,link_down,0.67
alarm_03506,2026-05-04 17:57:19,CRITICAL,AR,LIC,PHYSICAL PORT DOWN,2026-04-22 17:42:30,2026-04-22 17:42:30,288.24694444444447,1.0,unknown,unknown,unknown,unknown,NORMAL,link_down,0.67
alarm_03507,2026-05-04 17:57:19,CRITICAL,AR,LIC,PHYSICAL PORT DOWN,2026-04-22 18:36:37,2026-04-22 18:36:37,287.345,1.0,unknown,unknown,unknown,unknown,NORMAL,link_down,0.67
alarm_03508,2026-05-04 17:57:19,CRITICAL,AR,AYA,PHYSICAL PORT DOWN,2026-04-22 18:36:44,2026-04-22 18:36:44,287.34305555555557,1.0,unknown,unknown,unknown,unknown,NORMAL,link_down,0.67
alarm_03509,2026-05-04 17:57:19,CRITICAL,CP,CUS,PHYSICAL PORT DOWN,2026-04-22 19:25:15,2026-04-22 19:25:15,286.53444444444443,1.0,unknown,unknown,unknown,unknown,NORMAL,link_down,0.67
alarm_03510,2026-05-04 17:57:19,CRITICAL,AG,PUN,BOARD INVALID,2026-04-23 01:44:41,2026-04-23 01:44:41,280.2105555555556,1.0,unknown,unknown,unknown,unknown,NORMAL,other,0.568
alarm_03511,2026-05-04 17:57:19,CRITICAL,AR,LIC,PHYSICAL PORT DOWN,2026-04-23 10:44:41,2026-04-23 10:44:41,271.2105555555556,1.0,unknown,unknown,unknown,unknown,NORMAL,link_down,0.667
alarm_03512,2026-05-04 17:57:19,CRITICAL,AR,PIU,PHYSICAL PORT DOWN,2026-04-23 11:20:20,2026-04-23 11:20:20,270.6163888888889,1.0,unknown,unknown,unknown,unknown,NORMAL,link_down,0.666
alarm_03513,2026-05-04 17:57:19,CRITICAL,AR,LIC,PHYSICAL PORT DOWN,2026-04-23 12:42:51,2026-04-23 12:42:51,269.24111111111114,1.0,unknown,unknown,unknown,unknown,NORMAL,link_down,0.666
alarm_03514,2026-05-04 17:57:19,CRITICAL,AR,LIC,PHYSICAL PORT DOWN,2026-04-23 12:59:10,2026-04-23 12:59:10,268.9691666666667,1.0,unknown,unknown,unknown,unknown,NORMAL,link_down,0.666
alarm_03515,2026-05-04 17:57:19,CRITICAL,AG,SAN,PHYSICAL PORT DOWN,2026-04-23 13:06:00,2026-04-23 13:06:00,268.85527777777776,1.0,unknown,unknown,unknown,unknown,NORMAL,link_down,0.666
alarm_03516,2026-05-04 17:57:19,CRITICAL,AG,SAN,PHYSICAL PORT DOWN,2026-04-23 13:07:03,2026-04-23 13:07:03,268.8377777777778,1.0,unknown,unknown,unknown,unknown,NORMAL,link_down,0.666
alarm_03517,2026-05-04 17:57:19,CRITICAL,AR,LOR,PHYSICAL PORT DOWN,2026-04-23 14:32:32,2026-04-23 14:32:32,267.41305555555556,1.0,unknown,unknown,unknown,unknown,NORMAL,link_down,0.666
alarm_03518,2026-05-04 17:57:19,CRITICAL,AR,LOR,PHYSICAL PORT DOWN,2026-04-23 14:32:32,2026-04-23 14:32:32,267.41305555555556,1.0,unknown,unknown,unknown,unknown,NORMAL,link_down,0.666
alarm_03519,2026-05-04 17:57:19,CRITICAL,AR,ICA,PHYSICAL PORT DOWN,2026-04-23 16:37:22,2026-04-23 16:37:22,265.3325,1.0,unknown,unknown,unknown,unknown,NORMAL,link_down,0.665
alarm_03520,2026-05-04 17:57:19,CRITICAL,AR,ICA,PHYSICAL PORT DOWN,2026-04-23 17:20:46,2026-04-23 17:20:46,264.6091666666667,1.0,unknown,unknown,unknown,unknown,NORMAL,link_down,0.665
alarm_03521,2026-05-04 17:57:19,CRITICAL,AR,UCA,PHYSICAL PORT DOWN,2026-04-24 03:02:34,2026-04-24 03:02:34,254.9125,1.0,unknown,unknown,unknown,unknown,NORMAL,link_down,0.663
alarm_03522,2026-05-04 17:57:19,CRITICAL,AR,LIC,PHYSICAL PORT DOWN,2026-04-24 04:25:55,2026-04-24 04:25:55,253.52333333333334,1.0,unknown,unknown,unknown,unknown,NORMAL,link_down,0.663
alarm_03523,2026-05-04 17:57:19,CRITICAL,AR,UCA,PHYSICAL PORT DOWN,2026-04-24 06:30:49,2026-04-24 06:30:49,251.44166666666666,1.0,unknown,unknown,unknown,unknown,NORMAL,link_down,0.662
alarm_03524,2026-05-04 17:57:19,CRITICAL,AR,UCA,PHYSICAL PORT DOWN,2026-04-24 06:30:49,2026-04-24 06:30:49,251.44166666666666,1.0,unknown,unknown,unknown,unknown,NORMAL,link_down,0.662
alarm_03525,2026-05-04 17:57:19,CRITICAL,AR,ANC,PHYSICAL PORT DOWN,2026-04-24 07:53:14,2026-04-24 07:53:14,250.06805555555556,1.0,unknown,unknown,unknown,unknown,NORMAL,link_down,0.662
alarm_03526,2026-05-04 17:57:19,CRITICAL,AR,TAC,PHYSICAL PORT DOWN,2026-04-24 09:54:53,2026-04-24 09:54:53,248.04055555555556,1.0,unknown,unknown,unknown,unknown,NORMAL,link_down,0.662
alarm_03527,2026-05-04 17:57:19,CRITICAL,AR,MAD,PHYSICAL PORT DOWN,2026-04-24 10:13:26,2026-04-24 10:13:26,247.7313888888889,1.0,unknown,unknown,unknown,unknown,NORMAL,link_down,0.662
alarm_03528,2026-05-04 17:57:19,CRITICAL,AR,PIU,PHYSICAL PORT DOWN,2026-04-24 10:20:19,2026-04-24 10:20:19,247.61666666666667,1.0,unknown,unknown,unknown,unknown,NORMAL,link_down,0.662
alarm_03529,2026-05-04 17:57:19,CRITICAL,AR,CUS,PHYSICAL PORT DOWN,2026-04-24 10:54:09,2026-04-24 10:54:09,247.05277777777778,1.0,unknown,unknown,unknown,unknown,NORMAL,link_down,0.661
alarm_03530,2026-05-04 17:57:19,CRITICAL,AR,UCA,PHYSICAL PORT DOWN,2026-04-24 11:21:09,2026-04-24 11:21:09,246.6027777777778,1.0,unknown,unknown,unknown,unknown,NORMAL,link_down,0.661
alarm_03531,2026-05-04 17:57:19,CRITICAL,AR,LAM,PHYSICAL PORT DOWN,2026-04-24 11:32:12,2026-04-24 11:32:12,246.41861111111112,1.0,unknown,unknown,unknown,unknown,NORMAL,link_down,0.661
alarm_03532,2026-05-04 17:57:19,CRITICAL,AR,TUM,PHYSICAL PORT DOWN,2026-04-24 12:07:24,2026-04-24 12:07:24,245.83194444444445,1.0,unknown,unknown,unknown,unknown,NORMAL,link_down,0.661
alarm_03533,2026-05-04 17:57:19,CRITICAL,AR,CUS,PHYSICAL PORT DOWN,2026-04-24 12:35:53,2026-04-24 12:35:53,245.35722222222222,1.0,unknown,unknown,unknown,unknown,NORMAL,link_down,0.661
alarm_03534,2026-05-04 17:57:19,CRITICAL,AR,CUS,PHYSICAL PORT DOWN,2026-04-24 12:42:21,2026-04-24 12:42:21,245.24944444444444,1.0,unknown,unknown,unknown,unknown,NORMAL,link_down,0.661
alarm_03535,2026-05-04 17:57:19,CRITICAL,AR,TUM,PHYSICAL PORT DOWN,2026-04-24 12:46:23,2026-04-24 12:46:23,245.1822222222222,1.0,unknown,unknown,unknown,unknown,NORMAL,link_down,0.661
alarm_03536,2026-05-04 17:57:19,CRITICAL,AR,LAM,PHYSICAL PORT DOWN,2026-04-24 12:55:30,2026-04-24 12:55:30,245.03027777777777,1.0,unknown,unknown,unknown,unknown,NORMAL,link_down,0.661
alarm_03537,2026-05-04 17:57:19,CRITICAL,AR,LAM,PHYSICAL PORT DOWN,2026-04-24 12:55:30,2026-04-24 12:55:30,245.03027777777777,1.0,unknown,unknown,unknown,unknown,NORMAL,link_down,0.661
alarm_03538,2026-05-04 17:57:19,CRITICAL,AR,LAM,PHYSICAL PORT DOWN,2026-04-24 12:55:30,2026-04-24 12:55:30,245.03027777777777,1.0,unknown,unknown,unknown,unknown,NORMAL,link_down,0.661
alarm_03539,2026-05-04 17:57:19,CRITICAL,AR,MAD,PHYSICAL PORT DOWN,2026-04-24 12:55:53,2026-04-24 12:55:53,245.02388888888888,1.0,unknown,unknown,unknown,unknown,NORMAL,link_down,0.661
alarm_03540,2026-05-04 17:57:19,CRITICAL,AR,ARE,PHYSICAL PORT DOWN,2026-04-24 13:43:40,2026-04-24 13:43:40,244.2275,1.0,unknown,unknown,unknown,unknown,NORMAL,link_down,0.661
alarm_03541,2026-05-04 17:57:19,CRITICAL,AR,LAM,PHYSICAL PORT DOWN,2026-04-24 13:47:52,2026-04-24 13:47:52,244.1575,1.0,unknown,unknown,unknown,unknown,NORMAL,link_down,0.661
alarm_03542,2026-05-04 17:57:19,CRITICAL,AR,LAM,PHYSICAL PORT DOWN,2026-04-24 13:47:52,2026-04-24 13:47:52,244.1575,1.0,unknown,unknown,unknown,unknown,NORMAL,link_down,0.661
alarm_03543,2026-05-04 17:57:19,CRITICAL,AR,AYA,THE DEVICE IS OFFLINE,2026-04-24 13:53:07,2026-04-24 13:53:07,244.07,1.0,unknown,unknown,unknown,unknown,NORMAL,other,0.561
alarm_03544,2026-05-04 17:57:19,CRITICAL,AR,APU,PHYSICAL PORT DOWN,2026-04-24 14:32:56,2026-04-24 14:32:56,243.4063888888889,1.0,unknown,unknown,unknown,unknown,NORMAL,link_down,0.661
alarm_03545,2026-05-04 17:57:19,CRITICAL,AR,APU,PHYSICAL PORT DOWN,2026-04-24 14:33:03,2026-04-24 14:33:03,243.40444444444444,1.0,unknown,unknown,unknown,unknown,NORMAL,link_down,0.661
alarm_03546,2026-05-04 17:57:19,CRITICAL,AR,PIU,PHYSICAL PORT DOWN,2026-04-24 14:47:09,2026-04-24 14:47:09,243.16944444444445,1.0,unknown,unknown,unknown,unknown,NORMAL,link_down,0.661
alarm_03547,2026-05-04 17:57:19,CRITICAL,AR,APU,PHYSICAL PORT DOWN,2026-04-24 15:01:59,2026-04-24 15:01:59,242.92222222222222,1.0,unknown,unknown,unknown,unknown,NORMAL,link_down,0.661
alarm_03548,2026-05-04 17:57:19,CRITICAL,AR,LOR,PHYSICAL PORT DOWN,2026-04-24 15:15:13,2026-04-24 15:15:13,242.70166666666665,1.0,unknown,unknown,unknown,unknown,NORMAL,link_down,0.661
alarm_03549,2026-05-04 17:57:19,CRITICAL,AR,TUM,PHYSICAL PORT DOWN,2026-04-24 15:21:32,2026-04-24 15:21:32,242.5963888888889,1.0,unknown,unknown,unknown,unknown,NORMAL,link_down,0.661
alarm_03550,2026-05-04 17:57:19,CRITICAL,AR,LIC,PHYSICAL PORT DOWN,2026-04-24 15:42:37,2026-04-24 15:42:37,242.245,1.0,unknown,unknown,unknown,unknown,NORMAL,link_down,0.66
alarm_03551,2026-05-04 17:57:19,CRITICAL,AR,PIU,PHYSICAL PORT DOWN,2026-04-24 15:44:12,2026-04-24 15:44:12,242.2186111111111,1.0,unknown,unknown,unknown,unknown,NORMAL,link_down,0.66
alarm_03552,2026-05-04 17:57:19,CRITICAL,AR,LAL,THE DEVICE IS OFFLINE,2026-04-24 15:57:23,2026-04-24 15:57:23,241.9988888888889,1.0,unknown,unknown,unknown,unknown,NORMAL,other,0.56
alarm_03553,2026-05-04 17:57:19,CRITICAL,AR,LOR,PHYSICAL PORT DOWN,2026-04-24 16:13:46,2026-04-24 16:13:46,241.72583333333333,1.0,unknown,unknown,unknown,unknown,NORMAL,link_down,0.66
alarm_03554,2026-05-04 17:57:19,CRITICAL,AR,LOR,PHYSICAL PORT DOWN,2026-04-24 16:30:13,2026-04-24 16:30:13,241.45166666666665,1.0,unknown,unknown,unknown,unknown,NORMAL,link_down,0.66
alarm_03555,2026-05-04 17:57:19,CRITICAL,AR,PUN,PHYSICAL PORT DOWN,2026-04-24 16:57:38,2026-04-24 16:57:38,240.9947222222222,1.0,unknown,unknown,unknown,unknown,NORMAL,link_down,0.66
alarm_03556,2026-05-04 17:57:19,CRITICAL,AR,PUN,PHYSICAL PORT DOWN,2026-04-24 16:57:38,2026-04-24 16:57:38,240.9947222222222,1.0,unknown,unknown,unknown,unknown,NORMAL,link_down,0.66
alarm_03557,2026-05-04 17:57:19,CRITICAL,AG,ANC,PHYSICAL PORT DOWN,2026-04-24 18:37:06,2026-04-24 18:37:06,239.33694444444444,1.0,unknown,unknown,unknown,unknown,NORMAL,link_down,0.66
alarm_03558,2026-05-04 17:57:19,CRITICAL,AG,ANC,PHYSICAL PORT DOWN,2026-04-24 18:37:17,2026-04-24 18:37:17,239.33388888888888,1.0,unknown,unknown,unknown,unknown,NORMAL,link_down,0.66
alarm_03559,2026-05-04 17:57:19,CRITICAL,AR,PIU,PHYSICAL PORT DOWN,2026-04-25 08:27:33,2026-04-25 08:27:33,225.4961111111111,1.0,unknown,unknown,unknown,unknown,NORMAL,link_down,0.657
alarm_03560,2026-05-04 17:57:19,CRITICAL,AR,PIU,PHYSICAL PORT DOWN,2026-04-25 08:44:32,2026-04-25 08:44:32,225.21305555555554,1.0,unknown,unknown,unknown,unknown,NORMAL,link_down,0.657
alarm_03561,2026-05-04 17:57:19,CRITICAL,AR,SAN,PHYSICAL PORT DOWN,2026-04-25 11:12:47,2026-04-25 11:12:47,222.7422222222222,1.0,unknown,unknown,unknown,unknown,NORMAL,link_down,0.656
alarm_03562,2026-05-04 17:57:19,CRITICAL,AR,PIU,PHYSICAL PORT DOWN,2026-04-25 11:21:13,2026-04-25 11:21:13,222.60166666666666,1.0,unknown,unknown,unknown,unknown,NORMAL,link_down,0.656
alarm_03563,2026-05-04 17:57:19,CRITICAL,AR,PIU,PHYSICAL PORT DOWN,2026-04-25 11:21:13,2026-04-25 11:21:13,222.60166666666666,1.0,unknown,unknown,unknown,unknown,NORMAL,link_down,0.656
alarm_03564,2026-05-04 17:57:19,CRITICAL,AR,LIC,PHYSICAL PORT DOWN,2026-04-25 11:36:26,2026-04-25 11:36:26,222.34805555555556,1.0,unknown,unknown,unknown,unknown,NORMAL,link_down,0.656
alarm_03565,2026-05-04 17:57:19,CRITICAL,AG,PIU,PHYSICAL PORT DOWN,2026-04-25 11:50:00,2026-04-25 11:50:00,222.12194444444444,1.0,unknown,unknown,unknown,unknown,NORMAL,link_down,0.656
alarm_03566,2026-05-04 17:57:19,CRITICAL,AG,PIU,PHYSICAL PORT DOWN,2026-04-25 11:50:01,2026-04-25 11:50:01,222.12166666666667,1.0,unknown,unknown,unknown,unknown,NORMAL,link_down,0.656
alarm_03567,2026-05-04 17:57:19,CRITICAL,AR,TAC,PHYSICAL PORT DOWN,2026-04-25 17:07:55,2026-04-25 17:07:55,216.82333333333332,1.0,unknown,unknown,unknown,unknown,NORMAL,link_down,0.655
alarm_03568,2026-05-04 17:57:19,CRITICAL,AR,UCA,PHYSICAL PORT DOWN,2026-04-25 17:08:46,2026-04-25 17:08:46,216.80916666666667,1.0,unknown,unknown,unknown,unknown,NORMAL,link_down,0.655
alarm_03569,2026-05-04 17:57:19,CRITICAL,AR,LIC,PHYSICAL PORT DOWN,2026-04-25 19:11:55,2026-04-25 19:11:55,214.75666666666666,1.0,unknown,unknown,unknown,unknown,NORMAL,link_down,0.655
alarm_03570,2026-05-04 17:57:19,CRITICAL,AR,LIC,PHYSICAL PORT DOWN,2026-04-25 19:20:19,2026-04-25 19:20:19,214.61666666666667,1.0,unknown,unknown,unknown,unknown,NORMAL,link_down,0.655
alarm_03571,2026-05-04 17:57:19,CRITICAL,AR,CAL,PHYSICAL PORT DOWN,2026-04-26 08:31:35,2026-04-26 08:31:35,201.42888888888888,1.0,unknown,unknown,unknown,unknown,NORMAL,link_down,0.652
alarm_03572,2026-05-04 17:57:19,CRITICAL,AR,TUM,PHYSICAL PORT DOWN,2026-04-26 09:54:08,2026-04-26 09:54:08,200.05305555555555,1.0,unknown,unknown,unknown,unknown,NORMAL,link_down,0.652
alarm_03573,2026-05-04 17:57:19,CRITICAL,AR,TUM,PHYSICAL PORT DOWN,2026-04-26 09:54:08,2026-04-26 09:54:08,200.05305555555555,1.0,unknown,unknown,unknown,unknown,NORMAL,link_down,0.652
alarm_03574,2026-05-04 17:57:19,CRITICAL,AR,TUM,PHYSICAL PORT DOWN,2026-04-26 09:54:08,2026-04-26 09:54:08,200.05305555555555,1.0,unknown,unknown,unknown,unknown,NORMAL,link_down,0.652
alarm_03575,2026-05-04 17:57:19,CRITICAL,AR,TUM,PHYSICAL PORT DOWN,2026-04-26 09:54:08,2026-04-26 09:54:08,200.05305555555555,1.0,unknown,unknown,unknown,unknown,NORMAL,link_down,0.652
alarm_03576,2026-05-04 17:57:19,CRITICAL,AR,ANC,PHYSICAL PORT DOWN,2026-04-26 11:48:08,2026-04-26 11:48:08,198.15305555555557,1.0,unknown,unknown,unknown,unknown,NORMAL,link_down,0.651
alarm_03577,2026-05-04 17:57:19,CRITICAL,AR,CUS,PHYSICAL PORT DOWN,2026-04-26 11:59:46,2026-04-26 11:59:46,197.95916666666668,1.0,unknown,unknown,unknown,unknown,NORMAL,link_down,0.651
alarm_03578,2026-05-04 17:57:19,CRITICAL,AR,CAL,PHYSICAL PORT DOWN,2026-04-26 12:19:12,2026-04-26 12:19:12,197.6352777777778,1.0,unknown,unknown,unknown,unknown,NORMAL,link_down,0.651
alarm_03579,2026-05-04 17:57:19,CRITICAL,AR,TUM,PHYSICAL PORT DOWN,2026-04-26 16:29:21,2026-04-26 16:29:21,193.4661111111111,1.0,unknown,unknown,unknown,unknown,NORMAL,link_down,0.65
alarm_03580,2026-05-04 17:57:19,CRITICAL,AR,TUM,PHYSICAL PORT DOWN,2026-04-26 16:29:21,2026-04-26 16:29:21,193.4661111111111,1.0,unknown,unknown,unknown,unknown,NORMAL,link_down,0.65
alarm_03581,2026-05-04 17:57:19,CRITICAL,AR,CAJ,PHYSICAL PORT DOWN,2026-04-26 18:12:51,2026-04-26 18:12:51,191.7411111111111,1.0,unknown,unknown,unknown,unknown,NORMAL,link_down,0.65
alarm_03582,2026-05-04 17:57:19,CRITICAL,AR,ARE,PHYSICAL PORT DOWN,2026-04-26 19:05:29,2026-04-26 19:05:29,190.86388888888888,1.0,unknown,unknown,unknown,unknown,NORMAL,link_down,0.65
alarm_03583,2026-05-04 17:57:19,CRITICAL,AR,ARE,PHYSICAL PORT DOWN,2026-04-26 19:05:29,2026-04-26 19:05:29,190.86388888888888,1.0,unknown,unknown,unknown,unknown,NORMAL,link_down,0.65
alarm_03584,2026-05-04 17:57:19,CRITICAL,AR,ARE,PHYSICAL PORT DOWN,2026-04-26 19:05:29,2026-04-26 19:05:29,190.86388888888888,1.0,unknown,unknown,unknown,unknown,NORMAL,link_down,0.65
alarm_03585,2026-05-04 17:57:19,CRITICAL,AR,ARE,PHYSICAL PORT DOWN,2026-04-26 19:05:29,2026-04-26 19:05:29,190.86388888888888,1.0,unknown,unknown,unknown,unknown,NORMAL,link_down,0.65
alarm_03586,2026-05-04 17:57:19,CRITICAL,AR,ARE,PHYSICAL PORT DOWN,2026-04-26 19:05:29,2026-04-26 19:05:29,190.86388888888888,1.0,unknown,unknown,unknown,unknown,NORMAL,link_down,0.65
alarm_03587,2026-05-04 17:57:19,CRITICAL,AR,ARE,PHYSICAL PORT DOWN,2026-04-26 19:05:29,2026-04-26 19:05:29,190.86388888888888,1.0,unknown,unknown,unknown,unknown,NORMAL,link_down,0.65
alarm_03588,2026-05-04 17:57:19,CRITICAL,AR,HUN,PHYSICAL PORT DOWN,2026-04-26 20:02:47,2026-04-26 20:02:47,189.9088888888889,1.0,unknown,unknown,unknown,unknown,NORMAL,link_down,0.65
alarm_03589,2026-05-04 17:57:19,CRITICAL,AR,HUN,PHYSICAL PORT DOWN,2026-04-26 20:02:47,2026-04-26 20:02:47,189.9088888888889,1.0,unknown,unknown,unknown,unknown,NORMAL,link_down,0.65
alarm_03590,2026-05-04 17:57:19,CRITICAL,AR,SAN,PHYSICAL PORT DOWN,2026-04-26 20:38:05,2026-04-26 20:38:05,189.32055555555556,1.0,unknown,unknown,unknown,unknown,NORMAL,link_down,0.649
alarm_03591,2026-05-04 17:57:19,CRITICAL,AR,SAN,PHYSICAL PORT DOWN,2026-04-26 20:38:05,2026-04-26 20:38:05,189.32055555555556,1.0,unknown,unknown,unknown,unknown,NORMAL,link_down,0.649
alarm_03592,2026-05-04 17:57:19,CRITICAL,AR,SAN,PHYSICAL PORT DOWN,2026-04-26 20:38:05,2026-04-26 20:38:05,189.32055555555556,1.0,unknown,unknown,unknown,unknown,NORMAL,link_down,0.649
alarm_03593,2026-05-04 17:57:19,CRITICAL,AR,SAN,PHYSICAL PORT DOWN,2026-04-26 20:38:05,2026-04-26 20:38:05,189.32055555555556,1.0,unknown,unknown,unknown,unknown,NORMAL,link_down,0.649
alarm_03594,2026-05-04 17:57:19,CRITICAL,AR,SAN,PHYSICAL PORT DOWN,2026-04-26 20:38:05,2026-04-26 20:38:05,189.32055555555556,1.0,unknown,unknown,unknown,unknown,NORMAL,link_down,0.649
alarm_03595,2026-05-04 17:57:19,CRITICAL,AR,ARE,PHYSICAL PORT DOWN,2026-04-26 23:35:42,2026-04-26 23:35:42,186.36027777777778,1.0,unknown,unknown,unknown,unknown,NORMAL,link_down,0.649
alarm_03596,2026-05-04 17:57:19,CRITICAL,AR,ARE,PHYSICAL PORT DOWN,2026-04-26 23:35:42,2026-04-26 23:35:42,186.36027777777778,1.0,unknown,unknown,unknown,unknown,NORMAL,link_down,0.649
alarm_03597,2026-05-04 17:57:19,CRITICAL,AR,ARE,PHYSICAL PORT DOWN,2026-04-26 23:35:42,2026-04-26 23:35:42,186.36027777777778,1.0,unknown,unknown,unknown,unknown,NORMAL,link_down,0.649
alarm_03598,2026-05-04 17:57:19,CRITICAL,AR,ARE,PHYSICAL PORT DOWN,2026-04-26 23:35:42,2026-04-26 23:35:42,186.36027777777778,1.0,unknown,unknown,unknown,unknown,NORMAL,link_down,0.649
alarm_03599,2026-05-04 17:57:19,CRITICAL,AR,ARE,PHYSICAL PORT DOWN,2026-04-26 23:35:42,2026-04-26 23:35:42,186.36027777777778,1.0,unknown,unknown,unknown,unknown,NORMAL,link_down,0.649
alarm_03600,2026-05-04 17:57:19,CRITICAL,AR,LIC,PHYSICAL PORT DOWN,2026-04-27 06:42:09,2026-04-27 06:42:09,179.25277777777777,1.0,unknown,unknown,unknown,unknown,NORMAL,link_down,0.647
alarm_03601,2026-05-04 17:57:19,CRITICAL,AR,CAJ,PHYSICAL PORT DOWN,2026-04-27 10:06:23,2026-04-27 10:06:23,175.8488888888889,1.0,unknown,unknown,unknown,unknown,NORMAL,link_down,0.647
alarm_03602,2026-05-04 17:57:19,CRITICAL,AR,SAN,THE DEVICE IS OFFLINE,2026-04-27 11:15:29,2026-04-27 11:15:29,174.69722222222222,1.0,unknown,unknown,unknown,unknown,NORMAL,other,0.546
alarm_03603,2026-05-04 17:57:19,CRITICAL,AR,PIU,PHYSICAL PORT DOWN,2026-04-27 11:55:49,2026-04-27 11:55:49,174.025,1.0,unknown,unknown,unknown,unknown,NORMAL,link_down,0.646
alarm_03604,2026-05-04 17:57:19,CRITICAL,AR,PIU,PHYSICAL PORT DOWN,2026-04-27 11:55:49,2026-04-27 11:55:49,174.025,1.0,unknown,unknown,unknown,unknown,NORMAL,link_down,0.646
alarm_03605,2026-05-04 17:57:19,CRITICAL,AR,PIU,PHYSICAL PORT DOWN,2026-04-27 11:55:49,2026-04-27 11:55:49,174.025,1.0,unknown,unknown,unknown,unknown,NORMAL,link_down,0.646
alarm_03606,2026-05-04 17:57:19,CRITICAL,AR,AYA,PHYSICAL PORT DOWN,2026-04-27 12:10:16,2026-04-27 12:10:16,173.78416666666666,1.0,unknown,unknown,unknown,unknown,NORMAL,link_down,0.646
alarm_03607,2026-05-04 17:57:19,CRITICAL,AR,AYA,PHYSICAL PORT DOWN,2026-04-27 12:12:34,2026-04-27 12:12:34,173.74583333333334,1.0,unknown,unknown,unknown,unknown,NORMAL,link_down,0.646
alarm_03608,2026-05-04 17:57:19,CRITICAL,SW,ANC,THE DEVICE IS OFFLINE,2026-04-27 12:58:20,2026-04-27 12:58:20,172.98305555555555,1.0,unknown,unknown,unknown,unknown,NORMAL,other,0.546
alarm_03609,2026-05-04 17:57:19,CRITICAL,AG,LIC,PHYSICAL PORT DOWN,2026-04-27 13:30:25,2026-04-27 13:30:25,172.44833333333332,1.0,unknown,unknown,unknown,unknown,NORMAL,link_down,0.646
alarm_03610,2026-05-04 17:57:19,CRITICAL,AR,AYA,PHYSICAL PORT DOWN,2026-04-27 14:16:16,2026-04-27 14:16:16,171.68416666666667,1.0,unknown,unknown,unknown,unknown,NORMAL,link_down,0.646
alarm_03611,2026-05-04 17:57:19,CRITICAL,AR,AYA,THE DEVICE IS OFFLINE,2026-04-27 14:20:11,2026-04-27 14:20:11,171.61888888888888,1.0,unknown,unknown,unknown,unknown,NORMAL,other,0.546
alarm_03612,2026-05-04 17:57:19,CRITICAL,AR,AYA,THE DEVICE IS OFFLINE,2026-04-27 14:21:27,2026-04-27 14:21:27,171.59777777777776,1.0,unknown,unknown,unknown,unknown,NORMAL,other,0.546
alarm_03613,2026-05-04 17:57:19,CRITICAL,AR,AYA,THE DEVICE IS OFFLINE,2026-04-27 14:21:37,2026-04-27 14:21:37,171.595,1.0,unknown,unknown,unknown,unknown,NORMAL,other,0.546
alarm_03614,2026-05-04 17:57:19,CRITICAL,AR,AYA,THE DEVICE IS OFFLINE,2026-04-27 14:21:56,2026-04-27 14:21:56,171.58972222222224,1.0,unknown,unknown,unknown,unknown,NORMAL,other,0.546
alarm_03615,2026-05-04 17:57:19,CRITICAL,AR,AYA,THE DEVICE IS OFFLINE,2026-04-27 14:22:06,2026-04-27 14:22:06,171.58694444444444,1.0,unknown,unknown,unknown,unknown,NORMAL,other,0.546
alarm_03616,2026-05-04 17:57:19,CRITICAL,AR,AYA,THE DEVICE IS OFFLINE,2026-04-27 14:22:16,2026-04-27 14:22:16,171.58416666666668,1.0,unknown,unknown,unknown,unknown,NORMAL,other,0.546
alarm_03617,2026-05-04 17:57:19,CRITICAL,AR,AYA,THE DEVICE IS OFFLINE,2026-04-27 14:22:35,2026-04-27 14:22:35,171.57888888888888,1.0,unknown,unknown,unknown,unknown,NORMAL,other,0.546
alarm_03618,2026-05-04 17:57:19,CRITICAL,AR,AYA,PHYSICAL PORT DOWN,2026-04-27 14:36:44,2026-04-27 14:36:44,171.34305555555557,1.0,unknown,unknown,unknown,unknown,NORMAL,link_down,0.646
alarm_03619,2026-05-04 17:57:19,CRITICAL,AR,AYA,PHYSICAL PORT DOWN,2026-04-27 14:37:45,2026-04-27 14:37:45,171.32611111111112,1.0,unknown,unknown,unknown,unknown,NORMAL,link_down,0.646
alarm_03620,2026-05-04 17:57:19,CRITICAL,AR,HUC,PHYSICAL PORT DOWN,2026-04-27 15:03:49,2026-04-27 15:03:49,170.89166666666668,1.0,unknown,unknown,unknown,unknown,NORMAL,link_down,0.646
alarm_03621,2026-05-04 17:57:19,CRITICAL,AR,AYA,PHYSICAL PORT DOWN,2026-04-27 15:27:10,2026-04-27 15:27:10,170.5025,1.0,unknown,unknown,unknown,unknown,NORMAL,link_down,0.646
alarm_03622,2026-05-04 17:57:19,CRITICAL,CA,LIM,PHYSICAL PORT DOWN,2026-04-27 15:27:39,2026-04-27 15:27:39,170.49444444444444,1.0,unknown,unknown,unknown,unknown,NORMAL,link_down,0.646
alarm_03623,2026-05-04 17:57:19,CRITICAL,AR,AYA,PHYSICAL PORT DOWN,2026-04-27 16:17:10,2026-04-27 16:17:10,169.66916666666665,1.0,unknown,unknown,unknown,unknown,NORMAL,link_down,0.645
alarm_03624,2026-05-04 17:57:19,CRITICAL,AR,CUS,PHYSICAL PORT DOWN,2026-04-27 16:44:30,2026-04-27 16:44:30,169.2136111111111,1.0,unknown,unknown,unknown,unknown,NORMAL,link_down,0.645
alarm_03625,2026-05-04 17:57:19,CRITICAL,AR,LOR,PHYSICAL PORT DOWN,2026-04-27 18:49:05,2026-04-27 18:49:05,167.13722222222222,1.0,unknown,unknown,unknown,unknown,NORMAL,link_down,0.645
alarm_03626,2026-05-04 17:57:19,CRITICAL,AR,CUS,PHYSICAL PORT DOWN,2026-04-27 19:15:17,2026-04-27 19:15:17,166.70055555555555,1.0,unknown,unknown,unknown,unknown,NORMAL,link_down,0.645
alarm_03627,2026-05-04 17:57:19,CRITICAL,AR,CUS,PHYSICAL PORT DOWN,2026-04-27 19:15:17,2026-04-27 19:15:17,166.70055555555555,1.0,unknown,unknown,unknown,unknown,NORMAL,link_down,0.645
alarm_03628,2026-05-04 17:57:19,CRITICAL,AR,MAD,PHYSICAL PORT DOWN,2026-04-27 20:56:52,2026-04-27 20:56:52,165.0075,1.0,unknown,unknown,unknown,unknown,NORMAL,link_down,0.644
alarm_03629,2026-05-04 17:57:19,CRITICAL,AR,PAS,THE DEVICE IS OFFLINE,2026-04-27 22:57:01,2026-04-27 22:57:01,163.005,1.0,unknown,unknown,unknown,unknown,NORMAL,other,0.544
alarm_03630,2026-05-04 17:57:19,CRITICAL,AR,HUN,THE DEVICE IS OFFLINE,2026-04-27 22:57:11,2026-04-27 22:57:11,163.00222222222223,1.0,unknown,unknown,unknown,unknown,NORMAL,other,0.544
alarm_03631,2026-05-04 17:57:19,CRITICAL,AR,UCA,THE DEVICE IS OFFLINE,2026-04-27 22:57:41,2026-04-27 22:57:41,162.99388888888888,1.0,unknown,unknown,unknown,unknown,NORMAL,other,0.544
alarm_03632,2026-05-04 17:57:19,CRITICAL,AR,JUN,PHYSICAL PORT DOWN,2026-04-27 23:53:46,2026-04-27 23:53:46,162.05916666666667,1.0,unknown,unknown,unknown,unknown,NORMAL,link_down,0.644
alarm_03633,2026-05-04 17:57:19,CRITICAL,AR,JUN,PHYSICAL PORT DOWN,2026-04-27 23:53:46,2026-04-27 23:53:46,162.05916666666667,1.0,unknown,unknown,unknown,unknown,NORMAL,link_down,0.644
alarm_03634,2026-05-04 17:57:19,CRITICAL,AR,JUN,PHYSICAL PORT DOWN,2026-04-27 23:53:46,2026-04-27 23:53:46,162.05916666666667,1.0,unknown,unknown,unknown,unknown,NORMAL,link_down,0.644
alarm_03635,2026-05-04 17:57:19,CRITICAL,AR,JUN,PHYSICAL PORT DOWN,2026-04-27 23:53:46,2026-04-27 23:53:46,162.05916666666667,1.0,unknown,unknown,unknown,unknown,NORMAL,link_down,0.644
alarm_03636,2026-05-04 17:57:19,CRITICAL,AR,LOR,PHYSICAL PORT DOWN,2026-04-28 00:00:24,2026-04-28 00:00:24,161.94861111111112,1.0,unknown,unknown,unknown,unknown,NORMAL,link_down,0.644
alarm_03637,2026-05-04 17:57:19,CRITICAL,AR,LIC,PHYSICAL PORT DOWN,2026-04-28 02:35:37,2026-04-28 02:35:37,159.36166666666668,1.0,unknown,unknown,unknown,unknown,NORMAL,link_down,0.643
alarm_03638,2026-05-04 17:57:19,CRITICAL,AR,LOR,PHYSICAL PORT DOWN,2026-04-28 03:06:21,2026-04-28 03:06:21,158.84944444444446,1.0,unknown,unknown,unknown,unknown,NORMAL,link_down,0.643
alarm_03639,2026-05-04 17:57:19,CRITICAL,AR,ARE,PHYSICAL PORT DOWN,2026-04-28 07:57:23,2026-04-28 07:57:23,153.9988888888889,1.0,unknown,unknown,unknown,unknown,NORMAL,link_down,0.642
alarm_03640,2026-05-04 17:57:19,CRITICAL,AR,ARE,PHYSICAL PORT DOWN,2026-04-28 07:57:23,2026-04-28 07:57:23,153.9988888888889,1.0,unknown,unknown,unknown,unknown,NORMAL,link_down,0.642
alarm_03641,2026-05-04 17:57:19,CRITICAL,AR,LIC,PHYSICAL PORT DOWN,2026-04-28 09:41:18,2026-04-28 09:41:18,152.26694444444445,1.0,unknown,unknown,unknown,unknown,NORMAL,link_down,0.642
alarm_03642,2026-05-04 17:57:19,CRITICAL,AR,ICA,PHYSICAL PORT DOWN,2026-04-28 10:17:00,2026-04-28 10:17:00,151.67194444444445,1.0,unknown,unknown,unknown,unknown,NORMAL,link_down,0.642
alarm_03643,2026-05-04 17:57:19,CRITICAL,AR,ICA,PHYSICAL PORT DOWN,2026-04-28 10:17:00,2026-04-28 10:17:00,151.67194444444445,1.0,unknown,unknown,unknown,unknown,NORMAL,link_down,0.642
alarm_03644,2026-05-04 17:57:19,CRITICAL,AR,ICA,PHYSICAL PORT DOWN,2026-04-28 10:17:00,2026-04-28 10:17:00,151.67194444444445,1.0,unknown,unknown,unknown,unknown,NORMAL,link_down,0.642
alarm_03645,2026-05-04 17:57:19,CRITICAL,AR,LIC,PHYSICAL PORT DOWN,2026-04-28 10:58:53,2026-04-28 10:58:53,150.9738888888889,1.0,unknown,unknown,unknown,unknown,NORMAL,link_down,0.641
alarm_03646,2026-05-04 17:57:19,CRITICAL,AR,LIC,PHYSICAL PORT DOWN,2026-04-28 10:58:53,2026-04-28 10:58:53,150.9738888888889,1.0,unknown,unknown,unknown,unknown,NORMAL,link_down,0.641
alarm_03647,2026-05-04 17:57:19,CRITICAL,AR,PIU,PHYSICAL PORT DOWN,2026-04-28 11:17:49,2026-04-28 11:17:49,150.65833333333333,1.0,unknown,unknown,unknown,unknown,NORMAL,link_down,0.641
alarm_03648,2026-05-04 17:57:19,CRITICAL,AR,PIU,PHYSICAL PORT DOWN,2026-04-28 11:17:49,2026-04-28 11:17:49,150.65833333333333,1.0,unknown,unknown,unknown,unknown,NORMAL,link_down,0.641
alarm_03649,2026-05-04 17:57:19,CRITICAL,AR,PIU,PHYSICAL PORT DOWN,2026-04-28 11:17:49,2026-04-28 11:17:49,150.65833333333333,1.0,unknown,unknown,unknown,unknown,NORMAL,link_down,0.641
alarm_03650,2026-05-04 17:57:19,CRITICAL,AR,PIU,PHYSICAL PORT DOWN,2026-04-28 11:17:49,2026-04-28 11:17:49,150.65833333333333,1.0,unknown,unknown,unknown,unknown,NORMAL,link_down,0.641
alarm_03651,2026-05-04 17:57:19,CRITICAL,AR,PIU,PHYSICAL PORT DOWN,2026-04-28 11:17:49,2026-04-28 11:17:49,150.65833333333333,1.0,unknown,unknown,unknown,unknown,NORMAL,link_down,0.641
alarm_03652,2026-05-04 17:57:19,CRITICAL,AR,PIU,PHYSICAL PORT DOWN,2026-04-28 11:17:49,2026-04-28 11:17:49,150.65833333333333,1.0,unknown,unknown,unknown,unknown,NORMAL,link_down,0.641
alarm_03653,2026-05-04 17:57:19,CRITICAL,AR,LIP,PHYSICAL PORT DOWN,2026-04-28 11:24:22,2026-04-28 11:24:22,150.54916666666668,1.0,unknown,unknown,unknown,unknown,NORMAL,link_down,0.641
alarm_03654,2026-05-04 17:57:19,CRITICAL,AR,LAL,PHYSICAL PORT DOWN,2026-04-28 12:51:53,2026-04-28 12:51:53,149.09055555555557,1.0,unknown,unknown,unknown,unknown,NORMAL,link_down,0.641
alarm_03655,2026-05-04 17:57:19,CRITICAL,AR,LAL,PHYSICAL PORT DOWN,2026-04-28 12:51:53,2026-04-28 12:51:53,149.09055555555557,1.0,unknown,unknown,unknown,unknown,NORMAL,link_down,0.641
alarm_03656,2026-05-04 17:57:19,CRITICAL,AR,ARE,PHYSICAL PORT DOWN,2026-04-28 14:10:41,2026-04-28 14:10:41,147.77722222222224,1.0,unknown,unknown,unknown,unknown,NORMAL,link_down,0.641
alarm_03657,2026-05-04 17:57:19,CRITICAL,AR,ANC,PHYSICAL PORT DOWN,2026-04-28 14:22:07,2026-04-28 14:22:07,147.58666666666667,1.0,unknown,unknown,unknown,unknown,NORMAL,link_down,0.641
alarm_03658,2026-05-04 17:57:19,CRITICAL,AR,HUN,PHYSICAL PORT DOWN,2026-04-28 15:05:39,2026-04-28 15:05:39,146.86111111111111,1.0,unknown,unknown,unknown,unknown,NORMAL,link_down,0.641
alarm_03659,2026-05-04 17:57:19,CRITICAL,AR,CAJ,PHYSICAL PORT DOWN,2026-04-28 15:45:39,2026-04-28 15:45:39,146.19444444444446,1.0,unknown,unknown,unknown,unknown,NORMAL,link_down,0.64
alarm_03660,2026-05-04 17:57:19,CRITICAL,AR,LIC,PHYSICAL PORT DOWN,2026-04-28 16:08:34,2026-04-28 16:08:34,145.8125,1.0,unknown,unknown,unknown,unknown,NORMAL,link_down,0.64
alarm_03661,2026-05-04 17:57:19,CRITICAL,AR,LIC,PHYSICAL PORT DOWN,2026-04-28 16:29:57,2026-04-28 16:29:57,145.4561111111111,1.0,unknown,unknown,unknown,unknown,NORMAL,link_down,0.64
alarm_03662,2026-05-04 17:57:19,CRITICAL,AR,LIC,PHYSICAL PORT DOWN,2026-04-28 18:11:34,2026-04-28 18:11:34,143.7625,1.0,unknown,unknown,unknown,unknown,NORMAL,link_down,0.64
alarm_03663,2026-05-04 17:57:19,CRITICAL,AR,CAJ,THE DEVICE IS OFFLINE,2026-04-28 18:38:17,2026-04-28 18:38:17,143.31722222222223,1.0,unknown,unknown,unknown,unknown,NORMAL,other,0.54
alarm_03664,2026-05-04 17:57:19,CRITICAL,AR,HUN,PHYSICAL PORT DOWN,2026-04-28 18:49:56,2026-04-28 18:49:56,143.12305555555557,1.0,unknown,unknown,unknown,unknown,NORMAL,link_down,0.64
alarm_03665,2026-05-04 17:57:19,CRITICAL,AR,AYA,PHYSICAL PORT DOWN,2026-04-28 19:00:03,2026-04-28 19:00:03,142.95444444444445,1.0,unknown,unknown,unknown,unknown,NORMAL,link_down,0.64
alarm_03666,2026-05-04 17:57:19,CRITICAL,AR,HUN,PHYSICAL PORT DOWN,2026-04-28 19:01:30,2026-04-28 19:01:30,142.93027777777777,1.0,unknown,unknown,unknown,unknown,NORMAL,link_down,0.64
alarm_03667,2026-05-04 17:57:19,CRITICAL,AR,HUN,PHYSICAL PORT DOWN,2026-04-28 19:09:06,2026-04-28 19:09:06,142.8036111111111,1.0,unknown,unknown,unknown,unknown,NORMAL,link_down,0.64
alarm_03668,2026-05-04 17:57:19,CRITICAL,AR,HUN,PHYSICAL PORT DOWN,2026-04-28 19:10:25,2026-04-28 19:10:25,142.78166666666667,1.0,unknown,unknown,unknown,unknown,NORMAL,link_down,0.64
alarm_03669,2026-05-04 17:57:19,CRITICAL,AR,HUN,PHYSICAL PORT DOWN,2026-04-28 19:15:38,2026-04-28 19:15:38,142.69472222222223,1.0,unknown,unknown,unknown,unknown,NORMAL,link_down,0.64
alarm_03670,2026-05-04 17:57:19,CRITICAL,AR,HUN,PHYSICAL PORT DOWN,2026-04-28 19:38:59,2026-04-28 19:38:59,142.30555555555554,1.0,unknown,unknown,unknown,unknown,NORMAL,link_down,0.64
alarm_03671,2026-05-04 17:57:19,CRITICAL,AR,HUN,PHYSICAL PORT DOWN,2026-04-28 19:39:15,2026-04-28 19:39:15,142.3011111111111,1.0,unknown,unknown,unknown,unknown,NORMAL,link_down,0.64
alarm_03672,2026-05-04 17:57:19,CRITICAL,AR,HUN,PHYSICAL PORT DOWN,2026-04-28 19:51:20,2026-04-28 19:51:20,142.09972222222223,1.0,unknown,unknown,unknown,unknown,NORMAL,link_down,0.64
alarm_03673,2026-05-04 17:57:19,CRITICAL,AR,AYA,PHYSICAL PORT DOWN,2026-04-28 20:09:11,2026-04-28 20:09:11,141.8022222222222,1.0,unknown,unknown,unknown,unknown,NORMAL,link_down,0.64
alarm_03674,2026-05-04 17:57:19,CRITICAL,AR,LIC,PHYSICAL PORT DOWN,2026-04-28 22:52:28,2026-04-28 22:52:28,139.08083333333335,1.0,unknown,unknown,unknown,unknown,NORMAL,link_down,0.639
alarm_03675,2026-05-04 17:57:19,CRITICAL,AR,LIC,PHYSICAL PORT DOWN,2026-04-29 02:33:47,2026-04-29 02:33:47,135.39222222222222,1.0,unknown,unknown,unknown,unknown,NORMAL,link_down,0.638
alarm_03676,2026-05-04 17:57:19,CRITICAL,AR,AYA,PHYSICAL PORT DOWN,2026-04-29 04:09:29,2026-04-29 04:09:29,133.79722222222222,1.0,unknown,unknown,unknown,unknown,NORMAL,link_down,0.638
alarm_03677,2026-05-04 17:57:19,CRITICAL,AR,CUS,PHYSICAL PORT DOWN,2026-04-29 06:06:25,2026-04-29 06:06:25,131.84833333333333,1.0,unknown,unknown,unknown,unknown,NORMAL,link_down,0.637
alarm_03678,2026-05-04 17:57:19,CRITICAL,AR,CUS,PHYSICAL PORT DOWN,2026-04-29 06:06:25,2026-04-29 06:06:25,131.84833333333333,1.0,unknown,unknown,unknown,unknown,NORMAL,link_down,0.637
alarm_03679,2026-05-04 17:57:19,CRITICAL,AR,LOR,PHYSICAL PORT DOWN,2026-04-29 08:02:51,2026-04-29 08:02:51,129.90777777777777,1.0,unknown,unknown,unknown,unknown,NORMAL,link_down,0.637
alarm_03680,2026-05-04 17:57:19,CRITICAL,AR,AYA,PHYSICAL PORT DOWN,2026-04-29 08:22:46,2026-04-29 08:22:46,129.57583333333332,1.0,unknown,unknown,unknown,unknown,NORMAL,link_down,0.637
alarm_03681,2026-05-04 17:57:19,CRITICAL,AR,PIU,PHYSICAL PORT DOWN,2026-04-29 08:38:31,2026-04-29 08:38:31,129.31333333333333,1.0,unknown,unknown,unknown,unknown,NORMAL,link_down,0.637
alarm_03682,2026-05-04 17:57:19,CRITICAL,AR,JUN,PHYSICAL PORT DOWN,2026-04-29 09:01:37,2026-04-29 09:01:37,128.92833333333334,1.0,unknown,unknown,unknown,unknown,NORMAL,link_down,0.637
alarm_03683,2026-05-04 17:57:19,CRITICAL,AR,LOR,PHYSICAL PORT DOWN,2026-04-29 09:22:23,2026-04-29 09:22:23,128.5822222222222,1.0,unknown,unknown,unknown,unknown,NORMAL,link_down,0.637
alarm_03684,2026-05-04 17:57:19,CRITICAL,AR,LOR,PHYSICAL PORT DOWN,2026-04-29 09:23:45,2026-04-29 09:23:45,128.55944444444444,1.0,unknown,unknown,unknown,unknown,NORMAL,link_down,0.637
alarm_03685,2026-05-04 17:57:19,CRITICAL,AR,PUN,PHYSICAL PORT DOWN,2026-04-29 09:23:56,2026-04-29 09:23:56,128.55638888888888,1.0,unknown,unknown,unknown,unknown,NORMAL,link_down,0.637
alarm_03686,2026-05-04 17:57:19,CRITICAL,AR,UCA,PHYSICAL PORT DOWN,2026-04-29 10:06:31,2026-04-29 10:06:31,127.84666666666666,1.0,unknown,unknown,unknown,unknown,NORMAL,link_down,0.637
alarm_03687,2026-05-04 17:57:19,CRITICAL,AR,LIC,PHYSICAL PORT DOWN,2026-04-29 10:24:26,2026-04-29 10:24:26,127.54805555555555,1.0,unknown,unknown,unknown,unknown,NORMAL,link_down,0.637
alarm_03688,2026-05-04 17:57:19,CRITICAL,AR,CAL,PHYSICAL PORT DOWN,2026-04-29 11:55:50,2026-04-29 11:55:50,126.02472222222222,1.0,unknown,unknown,unknown,unknown,NORMAL,link_down,0.636
alarm_03689,2026-05-04 17:57:19,CRITICAL,AR,LIC,PHYSICAL PORT DOWN,2026-04-29 13:13:14,2026-04-29 13:13:14,124.73472222222222,1.0,unknown,unknown,unknown,unknown,NORMAL,link_down,0.636
alarm_03690,2026-05-04 17:57:19,CRITICAL,AR,ARE,PHYSICAL PORT DOWN,2026-04-29 13:30:59,2026-04-29 13:30:59,124.43888888888888,1.0,unknown,unknown,unknown,unknown,NORMAL,link_down,0.636
alarm_03691,2026-05-04 17:57:19,CRITICAL,AR,UCA,PHYSICAL PORT DOWN,2026-04-29 13:47:01,2026-04-29 13:47:01,124.17166666666667,1.0,unknown,unknown,unknown,unknown,NORMAL,link_down,0.636
alarm_03692,2026-05-04 17:57:19,CRITICAL,AR,LIC,PHYSICAL PORT DOWN,2026-04-29 13:52:29,2026-04-29 13:52:29,124.08055555555555,1.0,unknown,unknown,unknown,unknown,NORMAL,link_down,0.636
alarm_03693,2026-05-04 17:57:19,CRITICAL,AR,ANC,PHYSICAL PORT DOWN,2026-04-29 14:33:06,2026-04-29 14:33:06,123.4036111111111,1.0,unknown,unknown,unknown,unknown,NORMAL,link_down,0.636
alarm_03694,2026-05-04 17:57:19,CRITICAL,AR,HUN,PHYSICAL PORT DOWN,2026-04-29 15:09:00,2026-04-29 15:09:00,122.80527777777777,1.0,unknown,unknown,unknown,unknown,NORMAL,link_down,0.636
alarm_03695,2026-05-04 17:57:19,CRITICAL,AR,AYA,PHYSICAL PORT DOWN,2026-04-29 15:30:34,2026-04-29 15:30:34,122.44583333333334,1.0,unknown,unknown,unknown,unknown,NORMAL,link_down,0.636
alarm_03696,2026-05-04 17:57:19,CRITICAL,AR,ARE,PHYSICAL PORT DOWN,2026-04-29 16:54:04,2026-04-29 16:54:04,121.05416666666666,1.0,unknown,unknown,unknown,unknown,NORMAL,link_down,0.635
alarm_03697,2026-05-04 17:57:19,CRITICAL,AG,UNKNOWN,PHYSICAL PORT DOWN,2026-04-29 16:59:12,2026-04-29 16:59:12,120.96861111111112,1.0,unknown,unknown,unknown,unknown,NORMAL,link_down,0.635
alarm_03698,2026-05-04 17:57:19,CRITICAL,AR,PIU,PHYSICAL PORT DOWN,2026-04-29 17:05:27,2026-04-29 17:05:27,120.86444444444444,1.0,unknown,unknown,unknown,unknown,NORMAL,link_down,0.635
alarm_03699,2026-05-04 17:57:19,CRITICAL,AR,LIC,PHYSICAL PORT DOWN,2026-04-29 17:10:36,2026-04-29 17:10:36,120.7786111111111,1.0,unknown,unknown,unknown,unknown,NORMAL,link_down,0.635
alarm_03700,2026-05-04 17:57:19,CRITICAL,AR,LIC,PHYSICAL PORT DOWN,2026-04-29 17:17:16,2026-04-29 17:17:16,120.6675,1.0,unknown,unknown,unknown,unknown,NORMAL,link_down,0.635
alarm_03701,2026-05-04 17:57:19,CRITICAL,AR,LIC,PHYSICAL PORT DOWN,2026-04-29 17:35:20,2026-04-29 17:35:20,120.36638888888889,1.0,unknown,unknown,unknown,unknown,NORMAL,link_down,0.635
alarm_03702,2026-05-04 17:57:19,CRITICAL,AR,LIC,PHYSICAL PORT DOWN,2026-04-29 17:49:00,2026-04-29 17:49:00,120.13861111111112,1.0,unknown,unknown,unknown,unknown,NORMAL,link_down,0.635
alarm_03703,2026-05-04 17:57:19,CRITICAL,AR,LIC,PHYSICAL PORT DOWN,2026-04-29 17:54:51,2026-04-29 17:54:51,120.0411111111111,1.0,unknown,unknown,unknown,unknown,NORMAL,link_down,0.635
alarm_03704,2026-05-04 17:57:19,CRITICAL,AR,SAN,PHYSICAL PORT DOWN,2026-04-29 18:04:46,2026-04-29 18:04:46,119.87583333333333,1.0,unknown,unknown,unknown,unknown,NORMAL,link_down,0.635
alarm_03705,2026-05-04 17:57:19,CRITICAL,AR,CAJ,PHYSICAL PORT DOWN,2026-04-29 18:28:58,2026-04-29 18:28:58,119.4725,1.0,unknown,unknown,unknown,unknown,NORMAL,link_down,0.635
alarm_03706,2026-05-04 17:57:19,CRITICAL,AR,CUS,PHYSICAL PORT DOWN,2026-04-29 23:15:21,2026-04-29 23:15:21,114.69944444444444,1.0,unknown,unknown,unknown,unknown,NORMAL,link_down,0.634
alarm_03707,2026-05-04 17:57:19,CRITICAL,AR,LIC,PHYSICAL PORT DOWN,2026-04-29 23:58:33,2026-04-29 23:58:33,113.97944444444444,1.0,unknown,unknown,unknown,unknown,NORMAL,link_down,0.634
alarm_03708,2026-05-04 17:57:19,CRITICAL,AR,LIC,PHYSICAL PORT DOWN,2026-04-29 23:58:40,2026-04-29 23:58:40,113.9775,1.0,unknown,unknown,unknown,unknown,NORMAL,link_down,0.634
alarm_03709,2026-05-04 17:57:19,CRITICAL,AR,LIC,PHYSICAL PORT DOWN,2026-04-29 23:59:17,2026-04-29 23:59:17,113.96722222222222,1.0,unknown,unknown,unknown,unknown,NORMAL,link_down,0.634
alarm_03710,2026-05-04 17:57:19,CRITICAL,AR,LIC,PHYSICAL PORT DOWN,2026-04-30 00:04:56,2026-04-30 00:04:56,113.87305555555555,1.0,unknown,unknown,unknown,unknown,NORMAL,link_down,0.634
alarm_03711,2026-05-04 17:57:19,CRITICAL,AR,LIP,PHYSICAL PORT DOWN,2026-04-30 02:16:12,2026-04-30 02:16:12,111.68527777777778,1.0,unknown,unknown,unknown,unknown,NORMAL,link_down,0.633
alarm_03712,2026-05-04 17:57:19,CRITICAL,AR,ANC,PHYSICAL PORT DOWN,2026-04-30 02:32:45,2026-04-30 02:32:45,111.40944444444445,1.0,unknown,unknown,unknown,unknown,NORMAL,link_down,0.633
alarm_03713,2026-05-04 17:57:19,CRITICAL,AR,LOR,PHYSICAL PORT DOWN,2026-04-30 06:38:58,2026-04-30 06:38:58,107.30583333333334,1.0,unknown,unknown,unknown,unknown,NORMAL,link_down,0.632
alarm_03714,2026-05-04 17:57:19,CRITICAL,AR,PAS,THE DEVICE IS OFFLINE,2026-04-30 09:08:41,2026-04-30 09:08:41,104.81055555555555,1.0,unknown,unknown,unknown,unknown,NORMAL,other,0.532
alarm_03715,2026-05-04 17:57:19,CRITICAL,AR,PUN,PHYSICAL PORT DOWN,2026-04-30 09:18:42,2026-04-30 09:18:42,104.64361111111111,1.0,unknown,unknown,unknown,unknown,NORMAL,link_down,0.632
alarm_03716,2026-05-04 17:57:19,CRITICAL,AR,ANC,PHYSICAL PORT DOWN,2026-04-30 09:19:34,2026-04-30 09:19:34,104.62916666666666,1.0,unknown,unknown,unknown,unknown,NORMAL,link_down,0.632
alarm_03717,2026-05-04 17:57:19,CRITICAL,AR,ANC,PHYSICAL PORT DOWN,2026-04-30 09:19:34,2026-04-30 09:19:34,104.62916666666666,1.0,unknown,unknown,unknown,unknown,NORMAL,link_down,0.632
alarm_03718,2026-05-04 17:57:19,CRITICAL,AR,PIU,PHYSICAL PORT DOWN,2026-04-30 09:35:21,2026-04-30 09:35:21,104.36611111111111,1.0,unknown,unknown,unknown,unknown,NORMAL,link_down,0.632
alarm_03719,2026-05-04 17:57:19,CRITICAL,AR,LIC,PHYSICAL PORT DOWN,2026-04-30 10:18:31,2026-04-30 10:18:31,103.64666666666666,1.0,unknown,unknown,unknown,unknown,NORMAL,link_down,0.632
alarm_03720,2026-05-04 17:57:19,CRITICAL,AR,JUN,PHYSICAL PORT DOWN,2026-04-30 11:02:35,2026-04-30 11:02:35,102.91222222222223,1.0,unknown,unknown,unknown,unknown,NORMAL,link_down,0.631
alarm_03721,2026-05-04 17:57:19,CRITICAL,AR,CAL,PHYSICAL PORT DOWN,2026-04-30 11:50:02,2026-04-30 11:50:02,102.12138888888889,1.0,unknown,unknown,unknown,unknown,NORMAL,link_down,0.631
alarm_03722,2026-05-04 17:57:19,CRITICAL,AR,CAL,PHYSICAL PORT DOWN,2026-04-30 11:52:46,2026-04-30 11:52:46,102.07583333333334,1.0,unknown,unknown,unknown,unknown,NORMAL,link_down,0.631
alarm_03723,2026-05-04 17:57:19,CRITICAL,AR,LIC,PHYSICAL PORT DOWN,2026-04-30 12:10:59,2026-04-30 12:10:59,101.77222222222223,1.0,unknown,unknown,unknown,unknown,NORMAL,link_down,0.631
alarm_03724,2026-05-04 17:57:19,CRITICAL,AR,PUN,PHYSICAL PORT DOWN,2026-04-30 12:31:35,2026-04-30 12:31:35,101.42888888888889,1.0,unknown,unknown,unknown,unknown,NORMAL,link_down,0.631
alarm_03725,2026-05-04 17:57:19,CRITICAL,AR,CAJ,PHYSICAL PORT DOWN,2026-04-30 12:35:31,2026-04-30 12:35:31,101.36333333333333,1.0,unknown,unknown,unknown,unknown,NORMAL,link_down,0.631
alarm_03726,2026-05-04 17:57:19,CRITICAL,AR,LOR,PHYSICAL PORT DOWN,2026-04-30 12:38:34,2026-04-30 12:38:34,101.3125,1.0,unknown,unknown,unknown,unknown,NORMAL,link_down,0.631
alarm_03727,2026-05-04 17:57:19,CRITICAL,AR,ARE,PHYSICAL PORT DOWN,2026-04-30 12:52:58,2026-04-30 12:52:58,101.0725,1.0,unknown,unknown,unknown,unknown,NORMAL,link_down,0.631
alarm_03728,2026-05-04 17:57:19,CRITICAL,AR,PUN,PHYSICAL PORT DOWN,2026-04-30 13:05:11,2026-04-30 13:05:11,100.86888888888889,1.0,unknown,unknown,unknown,unknown,NORMAL,link_down,0.631
alarm_03729,2026-05-04 17:57:19,CRITICAL,AR,SAN,THE DEVICE IS OFFLINE,2026-04-30 13:21:48,2026-04-30 13:21:48,100.59194444444445,1.0,unknown,unknown,unknown,unknown,NORMAL,other,0.531
alarm_03730,2026-05-04 17:57:19,CRITICAL,AR,ARE,PHYSICAL PORT DOWN,2026-04-30 13:29:07,2026-04-30 13:29:07,100.47,1.0,unknown,unknown,unknown,unknown,NORMAL,link_down,0.631
alarm_03731,2026-05-04 17:57:19,CRITICAL,AR,LIC,THE DEVICE IS OFFLINE,2026-04-30 14:07:05,2026-04-30 14:07:05,99.83722222222222,1.0,unknown,unknown,unknown,unknown,NORMAL,other,0.531
alarm_03732,2026-05-04 17:57:19,CRITICAL,AR,SAN,THE DEVICE IS OFFLINE,2026-04-30 14:21:52,2026-04-30 14:21:52,99.59083333333334,1.0,unknown,unknown,unknown,unknown,NORMAL,other,0.531
alarm_03733,2026-05-04 17:57:19,CRITICAL,AR,SAN,THE DEVICE IS OFFLINE,2026-04-30 14:22:02,2026-04-30 14:22:02,99.58805555555556,1.0,unknown,unknown,unknown,unknown,NORMAL,other,0.531
alarm_03734,2026-05-04 17:57:19,CRITICAL,AR,SAN,THE DEVICE IS OFFLINE,2026-04-30 14:23:42,2026-04-30 14:23:42,99.56027777777778,1.0,unknown,unknown,unknown,unknown,NORMAL,other,0.531
alarm_03735,2026-05-04 17:57:19,CRITICAL,AR,CAJ,PHYSICAL PORT DOWN,2026-04-30 14:31:53,2026-04-30 14:31:53,99.42388888888888,1.0,unknown,unknown,unknown,unknown,NORMAL,link_down,0.631
alarm_03736,2026-05-04 17:57:19,CRITICAL,AR,CAJ,PHYSICAL PORT DOWN,2026-04-30 14:31:53,2026-04-30 14:31:53,99.42388888888888,1.0,unknown,unknown,unknown,unknown,NORMAL,link_down,0.631
alarm_03737,2026-05-04 17:57:19,CRITICAL,AR,CAJ,PHYSICAL PORT DOWN,2026-04-30 14:31:53,2026-04-30 14:31:53,99.42388888888888,1.0,unknown,unknown,unknown,unknown,NORMAL,link_down,0.631
alarm_03738,2026-05-04 17:57:19,CRITICAL,AR,LIC,PHYSICAL PORT DOWN,2026-04-30 14:38:31,2026-04-30 14:38:31,99.31333333333333,1.0,unknown,unknown,unknown,unknown,NORMAL,link_down,0.631
alarm_03739,2026-05-04 17:57:19,CRITICAL,AR,CAL,PHYSICAL PORT DOWN,2026-04-30 14:46:29,2026-04-30 14:46:29,99.18055555555556,1.0,unknown,unknown,unknown,unknown,NORMAL,link_down,0.631
alarm_03740,2026-05-04 17:57:19,CRITICAL,AR,CAL,PHYSICAL PORT DOWN,2026-04-30 14:46:42,2026-04-30 14:46:42,99.17694444444444,1.0,unknown,unknown,unknown,unknown,NORMAL,link_down,0.631
alarm_03741,2026-05-04 17:57:19,CRITICAL,AR,LOR,PHYSICAL PORT DOWN,2026-04-30 15:56:03,2026-04-30 15:56:03,98.02111111111111,1.0,unknown,unknown,unknown,unknown,NORMAL,link_down,0.63
alarm_03742,2026-05-04 17:57:19,CRITICAL,AR,LIC,PHYSICAL PORT DOWN,2026-04-30 16:08:24,2026-04-30 16:08:24,97.81527777777778,1.0,unknown,unknown,unknown,unknown,NORMAL,link_down,0.63
alarm_03743,2026-05-04 17:57:19,CRITICAL,AR,CAJ,PHYSICAL PORT DOWN,2026-04-30 16:26:38,2026-04-30 16:26:38,97.51138888888889,1.0,unknown,unknown,unknown,unknown,NORMAL,link_down,0.63
alarm_03744,2026-05-04 17:57:19,CRITICAL,AR,LIC,PHYSICAL PORT DOWN,2026-04-30 17:00:02,2026-04-30 17:00:02,96.95472222222222,1.0,unknown,unknown,unknown,unknown,NORMAL,link_down,0.63
alarm_03745,2026-05-04 17:57:19,CRITICAL,AR,TUM,PHYSICAL PORT DOWN,2026-04-30 17:02:45,2026-04-30 17:02:45,96.90944444444445,1.0,unknown,unknown,unknown,unknown,NORMAL,link_down,0.63
alarm_03746,2026-05-04 17:57:19,CRITICAL,AR,SAN,PHYSICAL PORT DOWN,2026-04-30 18:07:43,2026-04-30 18:07:43,95.82666666666667,1.0,unknown,unknown,unknown,unknown,NORMAL,link_down,0.63
alarm_03747,2026-05-04 17:57:19,CRITICAL,AR,ANC,PHYSICAL PORT DOWN,2026-04-30 21:16:22,2026-04-30 21:16:22,92.6825,1.0,unknown,unknown,unknown,unknown,NORMAL,link_down,0.629
alarm_03748,2026-05-04 17:57:19,CRITICAL,AR,LOR,PHYSICAL PORT DOWN,2026-04-30 21:49:53,2026-04-30 21:49:53,92.12388888888889,1.0,unknown,unknown,unknown,unknown,NORMAL,link_down,0.629
alarm_03749,2026-05-04 17:57:19,CRITICAL,AR,LOR,PHYSICAL PORT DOWN,2026-04-30 21:50:06,2026-04-30 21:50:06,92.12027777777777,1.0,unknown,unknown,unknown,unknown,NORMAL,link_down,0.629
alarm_03750,2026-05-04 17:57:19,CRITICAL,AR,ANC,PHYSICAL PORT DOWN,2026-04-30 22:21:52,2026-04-30 22:21:52,91.59083333333334,1.0,unknown,unknown,unknown,unknown,NORMAL,link_down,0.629
alarm_03751,2026-05-04 17:57:19,CRITICAL,AR,HUC,PHYSICAL PORT DOWN,2026-05-01 00:44:02,2026-05-01 00:44:02,89.2213888888889,1.0,unknown,unknown,unknown,unknown,NORMAL,link_down,0.629
alarm_03752,2026-05-04 17:57:19,CRITICAL,AR,JUN,PHYSICAL PORT DOWN,2026-05-01 01:11:38,2026-05-01 01:11:38,88.76138888888889,1.0,unknown,unknown,unknown,unknown,NORMAL,link_down,0.628
alarm_03753,2026-05-04 17:57:19,CRITICAL,AR,CAJ,PHYSICAL PORT DOWN,2026-05-01 03:20:57,2026-05-01 03:20:57,86.6061111111111,1.0,unknown,unknown,unknown,unknown,NORMAL,link_down,0.628
alarm_03754,2026-05-04 17:57:19,CRITICAL,AR,LAL,PHYSICAL PORT DOWN,2026-05-01 04:59:11,2026-05-01 04:59:11,84.96888888888888,1.0,unknown,unknown,unknown,unknown,NORMAL,link_down,0.628
alarm_03755,2026-05-04 17:57:19,CRITICAL,AR,AYA,PHYSICAL PORT DOWN,2026-05-01 08:05:16,2026-05-01 08:05:16,81.8675,1.0,unknown,unknown,unknown,unknown,NORMAL,link_down,0.627
alarm_03756,2026-05-04 17:57:19,CRITICAL,AR,PUN,THE DEVICE IS OFFLINE,2026-05-01 09:44:36,2026-05-01 09:44:36,80.21194444444444,1.0,unknown,unknown,unknown,unknown,NORMAL,other,0.527
alarm_03757,2026-05-04 17:57:19,CRITICAL,AR,LIC,PHYSICAL PORT DOWN,2026-05-01 09:56:04,2026-05-01 09:56:04,80.02083333333333,1.0,unknown,unknown,unknown,unknown,NORMAL,link_down,0.627
alarm_03758,2026-05-04 17:57:19,CRITICAL,AR,TUM,PHYSICAL PORT DOWN,2026-05-01 10:34:12,2026-05-01 10:34:12,79.38527777777777,1.0,unknown,unknown,unknown,unknown,NORMAL,link_down,0.627
alarm_03759,2026-05-04 17:57:19,CRITICAL,AR,TUM,PHYSICAL PORT DOWN,2026-05-01 10:34:12,2026-05-01 10:34:12,79.38527777777777,1.0,unknown,unknown,unknown,unknown,NORMAL,link_down,0.627
alarm_03760,2026-05-04 17:57:19,CRITICAL,AR,TUM,PHYSICAL PORT DOWN,2026-05-01 10:34:12,2026-05-01 10:34:12,79.38527777777777,1.0,unknown,unknown,unknown,unknown,NORMAL,link_down,0.627
alarm_03761,2026-05-04 17:57:19,CRITICAL,AR,PUN,PHYSICAL PORT DOWN,2026-05-01 10:39:45,2026-05-01 10:39:45,79.29277777777777,1.0,unknown,unknown,unknown,unknown,NORMAL,link_down,0.627
alarm_03762,2026-05-04 17:57:19,CRITICAL,AR,CAJ,THE DEVICE IS OFFLINE,2026-05-01 11:00:33,2026-05-01 11:00:33,78.94611111111111,1.0,unknown,unknown,unknown,unknown,NORMAL,other,0.526
alarm_03763,2026-05-04 17:57:19,CRITICAL,AR,SAN,PHYSICAL PORT DOWN,2026-05-01 11:45:43,2026-05-01 11:45:43,78.19333333333333,1.0,unknown,unknown,unknown,unknown,NORMAL,link_down,0.626
alarm_03764,2026-05-04 17:57:19,CRITICAL,AR,LIC,PHYSICAL PORT DOWN,2026-05-01 12:03:40,2026-05-01 12:03:40,77.89416666666666,1.0,unknown,unknown,unknown,unknown,NORMAL,link_down,0.626
alarm_03765,2026-05-04 17:57:19,CRITICAL,AR,ARE,PHYSICAL PORT DOWN,2026-05-01 12:15:01,2026-05-01 12:15:01,77.705,1.0,unknown,unknown,unknown,unknown,NORMAL,link_down,0.626
alarm_03766,2026-05-04 17:57:19,CRITICAL,AR,CAL,PHYSICAL PORT DOWN,2026-05-01 12:50:44,2026-05-01 12:50:44,77.10972222222222,1.0,unknown,unknown,unknown,unknown,NORMAL,link_down,0.626
alarm_03767,2026-05-04 17:57:19,CRITICAL,AR,LIC,PHYSICAL PORT DOWN,2026-05-01 13:41:27,2026-05-01 13:41:27,76.26444444444445,1.0,unknown,unknown,unknown,unknown,NORMAL,link_down,0.626
alarm_03768,2026-05-04 17:57:19,CRITICAL,AR,LIC,PHYSICAL PORT DOWN,2026-05-01 13:41:27,2026-05-01 13:41:27,76.26444444444445,1.0,unknown,unknown,unknown,unknown,NORMAL,link_down,0.626
alarm_03769,2026-05-04 17:57:19,CRITICAL,AR,LIC,PHYSICAL PORT DOWN,2026-05-01 14:02:34,2026-05-01 14:02:34,75.9125,1.0,unknown,unknown,unknown,unknown,NORMAL,link_down,0.626
alarm_03770,2026-05-04 17:57:19,CRITICAL,AR,JUN,PHYSICAL PORT DOWN,2026-05-01 19:35:04,2026-05-01 19:35:04,70.37083333333334,1.0,unknown,unknown,unknown,unknown,NORMAL,link_down,0.625
alarm_03771,2026-05-04 17:57:19,CRITICAL,AR,JUN,PHYSICAL PORT DOWN,2026-05-01 19:35:04,2026-05-01 19:35:04,70.37083333333334,1.0,unknown,unknown,unknown,unknown,NORMAL,link_down,0.625
alarm_03772,2026-05-04 17:57:19,CRITICAL,AR,JUN,PHYSICAL PORT DOWN,2026-05-01 19:36:07,2026-05-01 19:36:07,70.35333333333334,1.0,unknown,unknown,unknown,unknown,NORMAL,link_down,0.625
alarm_03773,2026-05-04 17:57:19,CRITICAL,AR,LAL,PHYSICAL PORT DOWN,2026-05-02 00:46:04,2026-05-02 00:46:04,65.1875,1.0,unknown,unknown,unknown,unknown,NORMAL,link_down,0.624
alarm_03774,2026-05-04 17:57:19,CRITICAL,AR,LAL,PHYSICAL PORT DOWN,2026-05-02 00:46:04,2026-05-02 00:46:04,65.1875,1.0,unknown,unknown,unknown,unknown,NORMAL,link_down,0.624
alarm_03775,2026-05-04 17:57:19,CRITICAL,AR,LAL,PHYSICAL PORT DOWN,2026-05-02 00:46:04,2026-05-02 00:46:04,65.1875,1.0,unknown,unknown,unknown,unknown,NORMAL,link_down,0.624
alarm_03776,2026-05-04 17:57:19,CRITICAL,AR,LAL,PHYSICAL PORT DOWN,2026-05-02 00:46:04,2026-05-02 00:46:04,65.1875,1.0,unknown,unknown,unknown,unknown,NORMAL,link_down,0.624
alarm_03777,2026-05-04 17:57:19,CRITICAL,AR,LAL,PHYSICAL PORT DOWN,2026-05-02 00:46:04,2026-05-02 00:46:04,65.1875,1.0,unknown,unknown,unknown,unknown,NORMAL,link_down,0.624
alarm_03778,2026-05-04 17:57:19,CRITICAL,AR,PIU,PHYSICAL PORT DOWN,2026-05-02 02:25:50,2026-05-02 02:25:50,63.52472222222222,1.0,unknown,unknown,unknown,unknown,NORMAL,link_down,0.623
alarm_03779,2026-05-04 17:57:19,CRITICAL,AR,LIC,PHYSICAL PORT DOWN,2026-05-02 02:53:13,2026-05-02 02:53:13,63.068333333333335,1.0,unknown,unknown,unknown,unknown,NORMAL,link_down,0.623
alarm_03780,2026-05-04 17:57:19,CRITICAL,AR,PIU,PHYSICAL PORT DOWN,2026-05-02 04:09:23,2026-05-02 04:09:23,61.79888888888889,1.0,unknown,unknown,unknown,unknown,NORMAL,link_down,0.623
alarm_03781,2026-05-04 17:57:19,CRITICAL,AR,PIU,PHYSICAL PORT DOWN,2026-05-02 04:09:23,2026-05-02 04:09:23,61.79888888888889,1.0,unknown,unknown,unknown,unknown,NORMAL,link_down,0.623
alarm_03782,2026-05-04 17:57:19,CRITICAL,AR,PIU,PHYSICAL PORT DOWN,2026-05-02 04:10:44,2026-05-02 04:10:44,61.77638888888889,1.0,unknown,unknown,unknown,unknown,NORMAL,link_down,0.623
alarm_03783,2026-05-04 17:57:19,CRITICAL,AR,TUM,PHYSICAL PORT DOWN,2026-05-02 04:13:11,2026-05-02 04:13:11,61.73555555555556,1.0,unknown,unknown,unknown,unknown,NORMAL,link_down,0.623
alarm_03784,2026-05-04 17:57:19,CRITICAL,AR,APU,PHYSICAL PORT DOWN,2026-05-02 05:36:04,2026-05-02 05:36:04,60.354166666666664,1.0,unknown,unknown,unknown,unknown,NORMAL,link_down,0.623
alarm_03785,2026-05-04 17:57:19,CRITICAL,AR,PIU,PHYSICAL PORT DOWN,2026-05-02 08:17:27,2026-05-02 08:17:27,57.66444444444444,1.0,unknown,unknown,unknown,unknown,NORMAL,link_down,0.622
alarm_03786,2026-05-04 17:57:19,CRITICAL,AR,LAL,PHYSICAL PORT DOWN,2026-05-02 08:52:26,2026-05-02 08:52:26,57.08138888888889,1.0,unknown,unknown,unknown,unknown,NORMAL,link_down,0.622
alarm_03787,2026-05-04 17:57:19,CRITICAL,AR,LAL,PHYSICAL PORT DOWN,2026-05-02 08:52:28,2026-05-02 08:52:28,57.08083333333333,1.0,unknown,unknown,unknown,unknown,NORMAL,link_down,0.622
alarm_03788,2026-05-04 17:57:19,CRITICAL,AR,LAL,PHYSICAL PORT DOWN,2026-05-02 08:52:28,2026-05-02 08:52:28,57.08083333333333,1.0,unknown,unknown,unknown,unknown,NORMAL,link_down,0.622
alarm_03789,2026-05-04 17:57:19,CRITICAL,AR,LAL,PHYSICAL PORT DOWN,2026-05-02 08:52:28,2026-05-02 08:52:28,57.08083333333333,1.0,unknown,unknown,unknown,unknown,NORMAL,link_down,0.622
alarm_03790,2026-05-04 17:57:19,CRITICAL,AR,CUS,PHYSICAL PORT DOWN,2026-05-02 10:02:01,2026-05-02 10:02:01,55.92166666666667,1.0,unknown,unknown,unknown,unknown,NORMAL,link_down,0.622
alarm_03791,2026-05-04 17:57:19,CRITICAL,AR,PIU,PHYSICAL PORT DOWN,2026-05-02 10:10:05,2026-05-02 10:10:05,55.78722222222222,1.0,unknown,unknown,unknown,unknown,NORMAL,link_down,0.622
alarm_03792,2026-05-04 17:57:19,CRITICAL,AR,LIC,PHYSICAL PORT DOWN,2026-05-02 10:28:36,2026-05-02 10:28:36,55.478611111111114,1.0,unknown,unknown,unknown,unknown,NORMAL,link_down,0.622
alarm_03793,2026-05-04 17:57:19,CRITICAL,AR,PIU,PHYSICAL PORT DOWN,2026-05-02 11:44:51,2026-05-02 11:44:51,54.20777777777778,1.0,unknown,unknown,unknown,unknown,NORMAL,link_down,0.621
alarm_03794,2026-05-04 17:57:19,CRITICAL,AR,LAL,PHYSICAL PORT DOWN,2026-05-02 12:01:23,2026-05-02 12:01:23,53.93222222222222,1.0,unknown,unknown,unknown,unknown,NORMAL,link_down,0.621
alarm_03795,2026-05-04 17:57:19,CRITICAL,AR,LAL,PHYSICAL PORT DOWN,2026-05-02 12:01:23,2026-05-02 12:01:23,53.93222222222222,1.0,unknown,unknown,unknown,unknown,NORMAL,link_down,0.621
alarm_03796,2026-05-04 17:57:19,CRITICAL,AR,LIC,PHYSICAL PORT DOWN,2026-05-02 12:40:35,2026-05-02 12:40:35,53.278888888888886,1.0,unknown,unknown,unknown,unknown,NORMAL,link_down,0.621
alarm_03797,2026-05-04 17:57:19,CRITICAL,AR,PUN,PHYSICAL PORT DOWN,2026-05-02 13:52:06,2026-05-02 13:52:06,52.08694444444444,1.0,unknown,unknown,unknown,unknown,NORMAL,link_down,0.621
alarm_03798,2026-05-04 17:57:19,CRITICAL,AR,LIC,PHYSICAL PORT DOWN,2026-05-02 13:55:25,2026-05-02 13:55:25,52.031666666666666,1.0,unknown,unknown,unknown,unknown,NORMAL,link_down,0.621
alarm_03799,2026-05-04 17:57:19,CRITICAL,AR,ICA,PHYSICAL PORT DOWN,2026-05-02 14:56:04,2026-05-02 14:56:04,51.020833333333336,1.0,unknown,unknown,unknown,unknown,NORMAL,link_down,0.621
alarm_03800,2026-05-04 17:57:19,CRITICAL,AR,HUC,PHYSICAL PORT DOWN,2026-05-02 16:18:54,2026-05-02 16:18:54,49.640277777777776,1.0,unknown,unknown,unknown,unknown,NORMAL,link_down,0.62
alarm_03801,2026-05-04 17:57:19,CRITICAL,AR,HUC,PHYSICAL PORT DOWN,2026-05-02 16:27:15,2026-05-02 16:27:15,49.50111111111111,1.0,unknown,unknown,unknown,unknown,NORMAL,link_down,0.62
alarm_03802,2026-05-04 17:57:19,CRITICAL,AR,CAL,PHYSICAL PORT DOWN,2026-05-02 17:53:56,2026-05-02 17:53:56,48.05638888888889,1.0,unknown,unknown,unknown,unknown,NORMAL,link_down,0.62
alarm_03803,2026-05-04 17:57:19,CRITICAL,AR,CAJ,THE DEVICE IS OFFLINE,2026-05-02 20:11:16,2026-05-02 20:11:16,45.7675,1.0,unknown,unknown,unknown,unknown,NORMAL,other,0.52
alarm_03804,2026-05-04 17:57:19,CRITICAL,AR,LIC,PHYSICAL PORT DOWN,2026-05-02 20:59:34,2026-05-02 20:59:34,44.9625,1.0,unknown,unknown,unknown,unknown,NORMAL,link_down,0.619
alarm_03805,2026-05-04 17:57:19,CRITICAL,AR,LIC,BOARD INVALID,2026-05-02 21:40:21,2026-05-02 21:40:21,44.28277777777778,1.0,unknown,unknown,unknown,unknown,NORMAL,other,0.519
alarm_03806,2026-05-04 17:57:19,CRITICAL,AR,ARE,PHYSICAL PORT DOWN,2026-05-03 00:35:28,2026-05-03 00:35:28,41.36416666666667,1.0,unknown,unknown,unknown,unknown,NORMAL,link_down,0.619
alarm_03807,2026-05-04 17:57:19,CRITICAL,AG,PUN,BOARD INVALID,2026-05-03 01:34:28,2026-05-03 01:34:28,40.380833333333335,1.0,unknown,unknown,unknown,unknown,NORMAL,other,0.518
alarm_03808,2026-05-04 17:57:19,CRITICAL,AR,HUN,PHYSICAL PORT DOWN,2026-05-03 04:47:24,2026-05-03 04:47:24,37.165277777777774,1.0,unknown,unknown,unknown,unknown,NORMAL,link_down,0.618
alarm_03809,2026-05-04 17:57:19,CRITICAL,AR,APU,PHYSICAL PORT DOWN,2026-05-03 09:34:18,2026-05-03 09:34:18,32.38361111111111,1.0,unknown,unknown,unknown,unknown,NORMAL,link_down,0.617
alarm_03810,2026-05-04 17:57:19,CRITICAL,AR,PUN,PHYSICAL PORT DOWN,2026-05-03 10:09:29,2026-05-03 10:09:29,31.79722222222222,1.0,unknown,unknown,unknown,unknown,NORMAL,link_down,0.617
alarm_03811,2026-05-04 17:57:19,CRITICAL,AR,PIU,PHYSICAL PORT DOWN,2026-05-03 10:57:28,2026-05-03 10:57:28,30.9975,1.0,unknown,unknown,unknown,unknown,NORMAL,link_down,0.616
alarm_03812,2026-05-04 17:57:19,CRITICAL,AR,PIU,PHYSICAL PORT DOWN,2026-05-03 10:57:28,2026-05-03 10:57:28,30.9975,1.0,unknown,unknown,unknown,unknown,NORMAL,link_down,0.616
alarm_03813,2026-05-04 17:57:19,CRITICAL,AR,PIU,PHYSICAL PORT DOWN,2026-05-03 10:57:28,2026-05-03 10:57:28,30.9975,1.0,unknown,unknown,unknown,unknown,NORMAL,link_down,0.616
alarm_03814,2026-05-04 17:57:19,CRITICAL,AR,CUS,PHYSICAL PORT DOWN,2026-05-03 12:12:32,2026-05-03 12:12:32,29.746388888888887,1.0,unknown,unknown,unknown,unknown,NORMAL,link_down,0.616
alarm_03815,2026-05-04 17:57:19,CRITICAL,AR,PIU,PHYSICAL PORT DOWN,2026-05-03 12:32:06,2026-05-03 12:32:06,29.420277777777777,1.0,unknown,unknown,unknown,unknown,NORMAL,link_down,0.616
alarm_03816,2026-05-04 17:57:19,CRITICAL,AR,ANC,PHYSICAL PORT DOWN,2026-05-03 12:40:03,2026-05-03 12:40:03,29.287777777777777,1.0,unknown,unknown,unknown,unknown,NORMAL,link_down,0.616
alarm_03817,2026-05-04 17:57:19,CRITICAL,AR,MAD,PHYSICAL PORT DOWN,2026-05-03 12:45:48,2026-05-03 12:45:48,29.191944444444445,1.0,unknown,unknown,unknown,unknown,NORMAL,link_down,0.616
alarm_03818,2026-05-04 17:57:19,CRITICAL,AR,CUS,PHYSICAL PORT DOWN,2026-05-03 12:49:06,2026-05-03 12:49:06,29.136944444444445,1.0,unknown,unknown,unknown,unknown,NORMAL,link_down,0.616
alarm_03819,2026-05-04 17:57:19,CRITICAL,AR,AYA,PHYSICAL PORT DOWN,2026-05-03 12:49:06,2026-05-03 12:49:06,29.136944444444445,1.0,unknown,unknown,unknown,unknown,NORMAL,link_down,0.616
alarm_03820,2026-05-04 17:57:19,CRITICAL,AR,AYA,PHYSICAL PORT DOWN,2026-05-03 13:46:18,2026-05-03 13:46:18,28.183611111111112,1.0,unknown,unknown,unknown,unknown,NORMAL,link_down,0.616
alarm_03821,2026-05-04 17:57:19,CRITICAL,AR,SAN,PHYSICAL PORT DOWN,2026-05-03 15:54:40,2026-05-03 15:54:40,26.044166666666666,1.0,unknown,unknown,unknown,unknown,NORMAL,link_down,0.615
alarm_03822,2026-05-04 17:57:19,CRITICAL,AR,SAN,PHYSICAL PORT DOWN,2026-05-03 15:54:40,2026-05-03 15:54:40,26.044166666666666,1.0,unknown,unknown,unknown,unknown,NORMAL,link_down,0.615
alarm_03823,2026-05-04 17:57:19,CRITICAL,AR,SAN,PHYSICAL PORT DOWN,2026-05-03 15:54:40,2026-05-03 15:54:40,26.044166666666666,1.0,unknown,unknown,unknown,unknown,NORMAL,link_down,0.615
alarm_03824,2026-05-04 17:57:19,CRITICAL,AR,ANC,PHYSICAL PORT DOWN,2026-05-03 16:31:24,2026-05-03 16:31:24,25.431944444444444,1.0,unknown,unknown,unknown,unknown,NORMAL,link_down,0.615
alarm_03825,2026-05-04 17:57:19,CRITICAL,AR,PIU,PHYSICAL PORT DOWN,2026-05-03 16:35:27,2026-05-03 16:35:27,25.364444444444445,1.0,unknown,unknown,unknown,unknown,NORMAL,link_down,0.615
alarm_03826,2026-05-04 17:57:19,CRITICAL,AR,APU,THE DEVICE IS OFFLINE,2026-05-03 20:16:29,2026-05-03 20:16:29,21.680555555555557,1.0,unknown,unknown,unknown,unknown,NORMAL,other,0.515
alarm_03827,2026-05-04 17:57:19,CRITICAL,AR,APU,THE DEVICE IS OFFLINE,2026-05-03 20:16:38,2026-05-03 20:16:38,21.678055555555556,1.0,unknown,unknown,unknown,unknown,NORMAL,other,0.515
alarm_03828,2026-05-04 17:57:19,CRITICAL,AR,JUN,PHYSICAL PORT DOWN,2026-05-03 20:34:36,2026-05-03 20:34:36,21.378611111111113,1.0,unknown,unknown,unknown,unknown,NORMAL,link_down,0.614
alarm_03829,2026-05-04 17:57:19,CRITICAL,AR,ANC,PHYSICAL PORT DOWN,2026-05-03 20:43:46,2026-05-03 20:43:46,21.225833333333334,1.0,unknown,unknown,unknown,unknown,NORMAL,link_down,0.614
alarm_03830,2026-05-04 17:57:19,CRITICAL,AR,ANC,PHYSICAL PORT DOWN,2026-05-03 20:49:26,2026-05-03 20:49:26,21.13138888888889,1.0,unknown,unknown,unknown,unknown,NORMAL,link_down,0.614
alarm_03831,2026-05-04 17:57:19,CRITICAL,AR,ANC,PHYSICAL PORT DOWN,2026-05-03 20:49:27,2026-05-03 20:49:27,21.13111111111111,1.0,unknown,unknown,unknown,unknown,NORMAL,link_down,0.614
alarm_03832,2026-05-04 17:57:19,CRITICAL,AR,ANC,PHYSICAL PORT DOWN,2026-05-03 21:46:30,2026-05-03 21:46:30,20.18027777777778,1.0,unknown,unknown,unknown,unknown,NORMAL,link_down,0.614
alarm_03833,2026-05-04 17:57:19,CRITICAL,AR,LOR,PHYSICAL PORT DOWN,2026-05-03 23:05:15,2026-05-03 23:05:15,18.86777777777778,1.0,unknown,unknown,unknown,unknown,NORMAL,link_down,0.614
alarm_03834,2026-05-04 17:57:19,CRITICAL,AR,LOR,PHYSICAL PORT DOWN,2026-05-03 23:05:15,2026-05-03 23:05:15,18.86777777777778,1.0,unknown,unknown,unknown,unknown,NORMAL,link_down,0.614
alarm_03835,2026-05-04 17:57:19,CRITICAL,AR,ICA,PHYSICAL PORT DOWN,2026-05-04 00:16:21,2026-05-04 00:16:21,17.682777777777776,1.0,unknown,unknown,unknown,unknown,NORMAL,link_down,0.614
alarm_03836,2026-05-04 17:57:19,CRITICAL,AR,ANC,THE DEVICE IS OFFLINE,2026-05-04 01:26:14,2026-05-04 01:26:14,16.518055555555556,1.0,unknown,unknown,unknown,unknown,NORMAL,other,0.513
alarm_03837,2026-05-04 17:57:19,CRITICAL,AR,LIC,PHYSICAL PORT DOWN,2026-05-04 02:37:14,2026-05-04 02:37:14,15.334722222222222,1.0,unknown,unknown,unknown,unknown,NORMAL,link_down,0.613
alarm_03838,2026-05-04 17:57:19,CRITICAL,AR,JUN,PHYSICAL PORT DOWN,2026-05-04 03:41:51,2026-05-04 03:41:51,14.257777777777777,1.0,unknown,unknown,unknown,unknown,NORMAL,link_down,0.613
alarm_03839,2026-05-04 17:57:19,CRITICAL,AR,JUN,PHYSICAL PORT DOWN,2026-05-04 03:43:30,2026-05-04 03:43:30,14.230277777777777,1.0,unknown,unknown,unknown,unknown,NORMAL,link_down,0.613
alarm_03840,2026-05-04 17:57:19,CRITICAL,AR,JUN,PHYSICAL PORT DOWN,2026-05-04 03:43:30,2026-05-04 03:43:30,14.230277777777777,1.0,unknown,unknown,unknown,unknown,NORMAL,link_down,0.613
alarm_03841,2026-05-04 17:57:19,CRITICAL,AR,LIC,PHYSICAL PORT DOWN,2026-05-04 04:38:39,2026-05-04 04:38:39,13.311111111111112,1.0,unknown,unknown,unknown,unknown,NORMAL,link_down,0.613
alarm_03842,2026-05-04 17:57:19,CRITICAL,AR,CAL,PHYSICAL PORT DOWN,2026-05-04 05:24:01,2026-05-04 05:24:01,12.555,1.0,unknown,unknown,unknown,unknown,NORMAL,link_down,0.613
alarm_03843,2026-05-04 17:57:19,CRITICAL,AG,PUN,BOARD INVALID,2026-05-04 05:50:39,2026-05-04 05:50:39,12.11111111111111,1.0,unknown,unknown,unknown,unknown,NORMAL,other,0.513
alarm_03844,2026-05-04 17:57:19,CRITICAL,AG,PUN,BOARD INVALID,2026-05-04 05:51:02,2026-05-04 05:51:02,12.104722222222222,1.0,unknown,unknown,unknown,unknown,NORMAL,other,0.513
alarm_03845,2026-05-04 17:57:19,CRITICAL,AG,PUN,BOARD INVALID,2026-05-04 05:52:09,2026-05-04 05:52:09,12.08611111111111,1.0,unknown,unknown,unknown,unknown,NORMAL,other,0.513
alarm_03846,2026-05-04 17:57:19,CRITICAL,AG,PUN,BOARD INVALID,2026-05-04 05:53:37,2026-05-04 05:53:37,12.061666666666667,1.0,unknown,unknown,unknown,unknown,NORMAL,other,0.513
alarm_03847,2026-05-04 17:57:19,CRITICAL,AG,PUN,BOARD INVALID,2026-05-04 05:54:49,2026-05-04 05:54:49,12.041666666666666,1.0,unknown,unknown,unknown,unknown,NORMAL,other,0.513
alarm_03848,2026-05-04 17:57:19,CRITICAL,AG,PUN,BOARD INVALID,2026-05-04 05:55:10,2026-05-04 05:55:10,12.035833333333333,1.0,unknown,unknown,unknown,unknown,NORMAL,other,0.513
alarm_03849,2026-05-04 17:57:19,CRITICAL,AG,PUN,BOARD INVALID,2026-05-04 05:56:21,2026-05-04 05:56:21,12.016111111111112,1.0,unknown,unknown,unknown,unknown,NORMAL,other,0.513
alarm_03850,2026-05-04 17:57:19,CRITICAL,AG,PUN,BOARD INVALID,2026-05-04 05:59:20,2026-05-04 05:59:20,11.966388888888888,1.0,unknown,unknown,unknown,unknown,NORMAL,other,0.512
alarm_03851,2026-05-04 17:57:19,CRITICAL,AR,CUS,PHYSICAL PORT DOWN,2026-05-04 06:42:35,2026-05-04 06:42:35,11.245555555555555,1.0,unknown,unknown,unknown,unknown,NORMAL,link_down,0.612
alarm_03852,2026-05-04 17:57:19,CRITICAL,AR,ANC,PHYSICAL PORT DOWN,2026-05-04 07:14:30,2026-05-04 07:14:30,10.713611111111112,1.0,unknown,unknown,unknown,unknown,NORMAL,link_down,0.612
alarm_03853,2026-05-04 17:57:19,CRITICAL,AR,ANC,PHYSICAL PORT DOWN,2026-05-04 07:14:30,2026-05-04 07:14:30,10.713611111111112,1.0,unknown,unknown,unknown,unknown,NORMAL,link_down,0.612
alarm_03854,2026-05-04 17:57:19,CRITICAL,AR,ANC,THE DEVICE IS OFFLINE,2026-05-04 07:15:48,2026-05-04 07:15:48,10.691944444444445,1.0,unknown,unknown,unknown,unknown,NORMAL,other,0.512
alarm_03855,2026-05-04 17:57:19,CRITICAL,AR,PIU,PHYSICAL PORT DOWN,2026-05-04 07:16:50,2026-05-04 07:16:50,10.674722222222222,1.0,unknown,unknown,unknown,unknown,NORMAL,link_down,0.612
alarm_03856,2026-05-04 17:57:19,CRITICAL,CP,CUS,PHYSICAL PORT DOWN,2026-05-04 07:30:10,2026-05-04 07:30:10,10.4525,1.0,unknown,unknown,unknown,unknown,NORMAL,link_down,0.612
alarm_03857,2026-05-04 17:57:19,CRITICAL,CP,CUS,PHYSICAL PORT DOWN,2026-05-04 07:30:10,2026-05-04 07:30:10,10.4525,1.0,unknown,unknown,unknown,unknown,NORMAL,link_down,0.612
alarm_03858,2026-05-04 17:57:19,CRITICAL,CP,CUS,PHYSICAL PORT DOWN,2026-05-04 07:30:10,2026-05-04 07:30:10,10.4525,1.0,unknown,unknown,unknown,unknown,NORMAL,link_down,0.612
alarm_03859,2026-05-04 17:57:19,CRITICAL,CP,CUS,PHYSICAL PORT DOWN,2026-05-04 07:30:10,2026-05-04 07:30:10,10.4525,1.0,unknown,unknown,unknown,unknown,NORMAL,link_down,0.612
alarm_03860,2026-05-04 17:57:19,CRITICAL,AR,JUN,PHYSICAL PORT DOWN,2026-05-04 07:36:02,2026-05-04 07:36:02,10.354722222222222,1.0,unknown,unknown,unknown,unknown,NORMAL,link_down,0.612
alarm_03861,2026-05-04 17:57:19,CRITICAL,AR,ANC,PHYSICAL PORT DOWN,2026-05-04 07:41:33,2026-05-04 07:41:33,10.262777777777778,1.0,unknown,unknown,unknown,unknown,NORMAL,link_down,0.612
alarm_03862,2026-05-04 17:57:19,CRITICAL,AR,CAL,PHYSICAL PORT DOWN,2026-05-04 07:45:47,2026-05-04 07:45:47,10.192222222222222,1.0,unknown,unknown,unknown,unknown,NORMAL,link_down,0.612
alarm_03863,2026-05-04 17:57:19,CRITICAL,AR,CAL,THE DEVICE IS OFFLINE,2026-05-04 07:47:55,2026-05-04 07:47:55,10.156666666666666,1.0,unknown,unknown,unknown,unknown,NORMAL,other,0.512
alarm_03864,2026-05-04 17:57:19,CRITICAL,AR,LAL,PHYSICAL PORT DOWN,2026-05-04 08:01:53,2026-05-04 08:01:53,9.92388888888889,1.0,unknown,unknown,unknown,unknown,NORMAL,link_down,0.612
alarm_03865,2026-05-04 17:57:19,CRITICAL,AR,TUM,PHYSICAL PORT DOWN,2026-05-04 08:07:40,2026-05-04 08:07:40,9.8275,1.0,unknown,unknown,unknown,unknown,NORMAL,link_down,0.612
alarm_03866,2026-05-04 17:57:19,CRITICAL,AR,ARE,PHYSICAL PORT DOWN,2026-05-04 08:31:25,2026-05-04 08:31:25,9.431666666666667,1.0,unknown,unknown,unknown,unknown,NORMAL,link_down,0.612
alarm_03867,2026-05-04 17:57:19,CRITICAL,AR,ARE,PHYSICAL PORT DOWN,2026-05-04 08:31:25,2026-05-04 08:31:25,9.431666666666667,1.0,unknown,unknown,unknown,unknown,NORMAL,link_down,0.612
alarm_03868,2026-05-04 17:57:19,CRITICAL,AR,ARE,PHYSICAL PORT DOWN,2026-05-04 08:36:59,2026-05-04 08:36:59,9.338888888888889,1.0,unknown,unknown,unknown,unknown,NORMAL,link_down,0.612
alarm_03869,2026-05-04 17:57:19,CRITICAL,AR,ARE,THE DEVICE IS OFFLINE,2026-05-04 08:37:51,2026-05-04 08:37:51,9.324444444444444,1.0,unknown,unknown,unknown,unknown,NORMAL,other,0.512
alarm_03870,2026-05-04 17:57:19,CRITICAL,AR,LIP,PHYSICAL PORT DOWN,2026-05-04 09:36:46,2026-05-04 09:36:46,8.3425,1.0,unknown,unknown,unknown,unknown,NORMAL,link_down,0.612
alarm_03871,2026-05-04 17:57:19,CRITICAL,AR,JUN,PHYSICAL PORT DOWN,2026-05-04 09:42:15,2026-05-04 09:42:15,8.251111111111111,1.0,unknown,unknown,unknown,unknown,NORMAL,link_down,0.612
alarm_03872,2026-05-04 17:57:19,CRITICAL,AR,SAN,PHYSICAL PORT DOWN,2026-05-04 09:51:58,2026-05-04 09:51:58,8.089166666666667,1.0,unknown,unknown,unknown,unknown,NORMAL,link_down,0.612
alarm_03873,2026-05-04 17:57:19,CRITICAL,AR,CUS,PHYSICAL PORT DOWN,2026-05-04 09:52:17,2026-05-04 09:52:17,8.08388888888889,1.0,unknown,unknown,unknown,unknown,NORMAL,link_down,0.612
alarm_03874,2026-05-04 17:57:19,CRITICAL,AR,CUS,PHYSICAL PORT DOWN,2026-05-04 09:52:17,2026-05-04 09:52:17,8.08388888888889,1.0,unknown,unknown,unknown,unknown,NORMAL,link_down,0.612
alarm_03875,2026-05-04 17:57:19,CRITICAL,AR,UCA,PHYSICAL PORT DOWN,2026-05-04 09:55:15,2026-05-04 09:55:15,8.034444444444444,1.0,unknown,unknown,unknown,unknown,NORMAL,link_down,0.612
alarm_03876,2026-05-04 17:57:19,CRITICAL,AG,CAJ,PHYSICAL PORT DOWN,2026-05-04 09:58:29,2026-05-04 09:58:29,7.980555555555555,1.0,unknown,unknown,unknown,unknown,NORMAL,link_down,0.612
alarm_03877,2026-05-04 17:57:19,CRITICAL,AG,AMA,PHYSICAL PORT DOWN,2026-05-04 10:03:16,2026-05-04 10:03:16,7.900833333333333,1.0,unknown,unknown,unknown,unknown,NORMAL,link_down,0.612
alarm_03878,2026-05-04 17:57:19,CRITICAL,AR,LIC,PHYSICAL PORT DOWN,2026-05-04 10:17:02,2026-05-04 10:17:02,7.671388888888889,1.0,unknown,unknown,unknown,unknown,NORMAL,link_down,0.612
alarm_03879,2026-05-04 17:57:19,CRITICAL,AR,CAL,BOARD INVALID,2026-05-04 10:17:10,2026-05-04 10:17:10,7.6691666666666665,1.0,unknown,unknown,unknown,unknown,NORMAL,other,0.512
alarm_03880,2026-05-04 17:57:19,CRITICAL,AR,LIC,PHYSICAL PORT DOWN,2026-05-04 10:18:32,2026-05-04 10:18:32,7.646388888888889,1.0,unknown,unknown,unknown,unknown,NORMAL,link_down,0.612
alarm_03881,2026-05-04 17:57:19,CRITICAL,AR,ICA,PHYSICAL PORT DOWN,2026-05-04 10:38:32,2026-05-04 10:38:32,7.313055555555556,1.0,unknown,unknown,unknown,unknown,NORMAL,link_down,0.612
alarm_03882,2026-05-04 17:57:19,CRITICAL,AR,LIC,PHYSICAL PORT DOWN,2026-05-04 10:58:50,2026-05-04 10:58:50,6.974722222222222,1.0,unknown,unknown,unknown,unknown,NORMAL,link_down,0.611
alarm_03883,2026-05-04 17:57:19,MAJOR,AR,LIC,BOARD TEMPERATURE THRESHOLD,2026-05-04 10:59:25,2026-05-04 10:59:25,6.965,1.0,unknown,unknown,unknown,unknown,NORMAL,temperature_environment,0.361
alarm_03884,2026-05-04 17:57:19,CRITICAL,AR,LIC,PHYSICAL PORT DOWN,2026-05-04 11:03:00,2026-05-04 11:03:00,6.905277777777778,1.0,unknown,unknown,unknown,unknown,NORMAL,link_down,0.611
alarm_03885,2026-05-04 17:57:19,CRITICAL,AR,CUS,THE DEVICE IS OFFLINE,2026-05-04 11:04:49,2026-05-04 11:04:49,6.875,1.0,unknown,unknown,unknown,unknown,NORMAL,other,0.511
alarm_03886,2026-05-04 17:57:19,CRITICAL,AR,LIC,PHYSICAL PORT DOWN,2026-05-04 11:06:49,2026-05-04 11:06:49,6.841666666666667,1.0,unknown,unknown,unknown,unknown,NORMAL,link_down,0.611
alarm_03887,2026-05-04 17:57:19,CRITICAL,AR,LIP,THE DEVICE IS OFFLINE,2026-05-04 11:19:31,2026-05-04 11:19:31,6.63,1.0,unknown,unknown,unknown,unknown,NORMAL,other,0.511
alarm_03888,2026-05-04 17:57:19,CRITICAL,AR,LIC,PHYSICAL PORT DOWN,2026-05-04 11:22:06,2026-05-04 11:22:06,6.586944444444445,1.0,unknown,unknown,unknown,unknown,NORMAL,link_down,0.611
alarm_03889,2026-05-04 17:57:19,CRITICAL,AG,PIU,PHYSICAL PORT DOWN,2026-05-04 12:08:44,2026-05-04 12:08:44,5.809722222222222,1.0,unknown,unknown,unknown,unknown,NORMAL,link_down,0.611
alarm_03890,2026-05-04 17:57:19,CRITICAL,AG,PIU,PHYSICAL PORT DOWN,2026-05-04 12:08:44,2026-05-04 12:08:44,5.809722222222222,1.0,unknown,unknown,unknown,unknown,NORMAL,link_down,0.611
alarm_03891,2026-05-04 17:57:19,CRITICAL,AR,PIU,THE DEVICE IS OFFLINE,2026-05-04 12:09:40,2026-05-04 12:09:40,5.7941666666666665,1.0,unknown,unknown,unknown,unknown,NORMAL,other,0.511
alarm_03892,2026-05-04 17:57:19,CRITICAL,AR,JUN,PHYSICAL PORT DOWN,2026-05-04 12:14:29,2026-05-04 12:14:29,5.713888888888889,1.0,unknown,unknown,unknown,unknown,NORMAL,link_down,0.611
alarm_03893,2026-05-04 17:57:19,MAJOR,AG,MAD,BOARD TEMPERATURE THRESHOLD,2026-05-04 12:24:09,2026-05-04 12:24:09,5.552777777777778,1.0,unknown,unknown,unknown,unknown,NORMAL,temperature_environment,0.361
alarm_03894,2026-05-04 17:57:19,CRITICAL,AG,LIC,BOARD INVALID,2026-05-04 12:26:07,2026-05-04 12:26:07,5.52,1.0,unknown,unknown,unknown,unknown,NORMAL,other,0.511
alarm_03895,2026-05-04 17:57:19,CRITICAL,AR,JUN,PHYSICAL PORT DOWN,2026-05-04 12:36:57,2026-05-04 12:36:57,5.339444444444444,1.0,unknown,unknown,unknown,unknown,NORMAL,link_down,0.611
alarm_03896,2026-05-04 17:57:19,CRITICAL,AR,JUN,PHYSICAL PORT DOWN,2026-05-04 12:36:57,2026-05-04 12:36:57,5.339444444444444,1.0,unknown,unknown,unknown,unknown,NORMAL,link_down,0.611
alarm_03897,2026-05-04 17:57:19,CRITICAL,AR,LIC,PHYSICAL PORT DOWN,2026-05-04 12:47:03,2026-05-04 12:47:03,5.171111111111111,1.0,unknown,unknown,unknown,unknown,NORMAL,link_down,0.611
alarm_03898,2026-05-04 17:57:19,CRITICAL,AR,LIC,THE DEVICE IS OFFLINE,2026-05-04 12:47:06,2026-05-04 12:47:06,5.170277777777778,1.0,unknown,unknown,unknown,unknown,NORMAL,other,0.511
alarm_03899,2026-05-04 17:57:19,CRITICAL,AR,ARE,PHYSICAL PORT DOWN,2026-05-04 12:53:53,2026-05-04 12:53:53,5.057222222222222,1.0,unknown,unknown,unknown,unknown,NORMAL,link_down,0.611
alarm_03900,2026-05-04 17:57:19,CRITICAL,AR,LAL,PHYSICAL PORT DOWN,2026-05-04 12:58:56,2026-05-04 12:58:56,4.973055555555556,1.0,unknown,unknown,unknown,unknown,NORMAL,link_down,0.611
alarm_03901,2026-05-04 17:57:19,CRITICAL,AR,PIU,PHYSICAL PORT DOWN,2026-05-04 12:59:02,2026-05-04 12:59:02,4.971388888888889,1.0,unknown,unknown,unknown,unknown,NORMAL,link_down,0.611
alarm_03902,2026-05-04 17:57:19,CRITICAL,AR,LIC,PHYSICAL PORT DOWN,2026-05-04 13:04:34,2026-05-04 13:04:34,4.879166666666666,1.0,unknown,unknown,unknown,unknown,NORMAL,link_down,0.611
alarm_03903,2026-05-04 17:57:19,CRITICAL,AR,LAL,PHYSICAL PORT DOWN,2026-05-04 13:05:33,2026-05-04 13:05:33,4.862777777777778,1.0,unknown,unknown,unknown,unknown,NORMAL,link_down,0.611
alarm_03904,2026-05-04 17:57:19,CRITICAL,AR,CAJ,PHYSICAL PORT DOWN,2026-05-04 13:09:13,2026-05-04 13:09:13,4.801666666666667,1.0,unknown,unknown,unknown,unknown,NORMAL,link_down,0.611
alarm_03905,2026-05-04 17:57:19,CRITICAL,AR,CAJ,PHYSICAL PORT DOWN,2026-05-04 13:10:49,2026-05-04 13:10:49,4.775,1.0,unknown,unknown,unknown,unknown,NORMAL,link_down,0.611
alarm_03906,2026-05-04 17:57:19,CRITICAL,AR,UCA,PHYSICAL PORT DOWN,2026-05-04 13:11:22,2026-05-04 13:11:22,4.765833333333333,1.0,unknown,unknown,unknown,unknown,NORMAL,link_down,0.611
alarm_03907,2026-05-04 17:57:19,CRITICAL,AR,ARE,PHYSICAL PORT DOWN,2026-05-04 13:15:30,2026-05-04 13:15:30,4.696944444444444,1.0,unknown,unknown,unknown,unknown,NORMAL,link_down,0.611
alarm_03908,2026-05-04 17:57:19,CRITICAL,AR,LIP,PHYSICAL PORT DOWN,2026-05-04 13:20:08,2026-05-04 13:20:08,4.619722222222222,1.0,unknown,unknown,unknown,unknown,NORMAL,link_down,0.611
alarm_03909,2026-05-04 17:57:19,CRITICAL,AR,ARE,PHYSICAL PORT DOWN,2026-05-04 13:24:37,2026-05-04 13:24:37,4.545,1.0,unknown,unknown,unknown,unknown,NORMAL,link_down,0.611
alarm_03910,2026-05-04 17:57:19,CRITICAL,AR,CAJ,PHYSICAL PORT DOWN,2026-05-04 13:25:06,2026-05-04 13:25:06,4.536944444444444,1.0,unknown,unknown,unknown,unknown,NORMAL,link_down,0.611
alarm_03911,2026-05-04 17:57:19,CRITICAL,AR,PUN,PHYSICAL PORT DOWN,2026-05-04 13:32:15,2026-05-04 13:32:15,4.417777777777777,1.0,unknown,unknown,unknown,unknown,NORMAL,link_down,0.611
alarm_03912,2026-05-04 17:57:19,MAJOR,AR,CAL,BOARD TEMPERATURE THRESHOLD,2026-05-04 13:34:24,2026-05-04 13:34:24,4.381944444444445,1.0,unknown,unknown,unknown,unknown,NORMAL,temperature_environment,0.361
alarm_03913,2026-05-04 17:57:19,CRITICAL,AR,ARE,PHYSICAL PORT DOWN,2026-05-04 13:35:05,2026-05-04 13:35:05,4.370555555555556,1.0,unknown,unknown,unknown,unknown,NORMAL,link_down,0.611
alarm_03914,2026-05-04 17:57:19,MAJOR,AR,LAL,BOARD TEMPERATURE THRESHOLD,2026-05-04 13:35:18,2026-05-04 13:35:18,4.366944444444444,1.0,unknown,unknown,unknown,unknown,NORMAL,temperature_environment,0.361
alarm_03915,2026-05-04 17:57:19,CRITICAL,AR,PUN,PHYSICAL PORT DOWN,2026-05-04 13:36:14,2026-05-04 13:36:14,4.351388888888889,1.0,unknown,unknown,unknown,unknown,NORMAL,link_down,0.611
alarm_03916,2026-05-04 17:57:19,CRITICAL,AR,PUN,PHYSICAL PORT DOWN,2026-05-04 13:36:14,2026-05-04 13:36:14,4.351388888888889,1.0,unknown,unknown,unknown,unknown,NORMAL,link_down,0.611
alarm_03917,2026-05-04 17:57:19,CRITICAL,AR,PUN,PHYSICAL PORT DOWN,2026-05-04 13:42:28,2026-05-04 13:42:28,4.2475,1.0,unknown,unknown,unknown,unknown,NORMAL,link_down,0.611
alarm_03918,2026-05-04 17:57:19,CRITICAL,AR,LIC,PHYSICAL PORT DOWN,2026-05-04 13:43:30,2026-05-04 13:43:30,4.230277777777777,1.0,unknown,unknown,unknown,unknown,NORMAL,link_down,0.611
alarm_03919,2026-05-04 17:57:19,CRITICAL,AR,LIC,PHYSICAL PORT DOWN,2026-05-04 13:44:04,2026-05-04 13:44:04,4.220833333333333,1.0,unknown,unknown,unknown,unknown,NORMAL,link_down,0.611
alarm_03920,2026-05-04 17:57:19,CRITICAL,AR,LIC,PHYSICAL PORT DOWN,2026-05-04 13:59:59,2026-05-04 13:59:59,3.9555555555555557,1.0,unknown,unknown,unknown,unknown,NORMAL,link_down,0.611
alarm_03921,2026-05-04 17:57:19,CRITICAL,AR,SAN,PHYSICAL PORT DOWN,2026-05-04 14:00:02,2026-05-04 14:00:02,3.9547222222222222,1.0,unknown,unknown,unknown,unknown,NORMAL,link_down,0.611
alarm_03922,2026-05-04 17:57:19,CRITICAL,AR,PIU,PHYSICAL PORT DOWN,2026-05-04 14:01:31,2026-05-04 14:01:31,3.93,1.0,unknown,unknown,unknown,unknown,NORMAL,link_down,0.611
alarm_03923,2026-05-04 17:57:19,CRITICAL,AR,UCA,PHYSICAL PORT DOWN,2026-05-04 14:16:34,2026-05-04 14:16:34,3.6791666666666667,1.0,unknown,unknown,unknown,unknown,NORMAL,link_down,0.611
alarm_03924,2026-05-04 17:57:19,CRITICAL,AR,CAJ,PHYSICAL PORT DOWN,2026-05-04 14:17:36,2026-05-04 14:17:36,3.6619444444444444,1.0,unknown,unknown,unknown,unknown,NORMAL,link_down,0.611
alarm_03925,2026-05-04 17:57:19,CRITICAL,AR,HUC,PHYSICAL PORT DOWN,2026-05-04 14:29:05,2026-05-04 14:29:05,3.4705555555555554,1.0,unknown,unknown,unknown,unknown,NORMAL,link_down,0.611
alarm_03926,2026-05-04 17:57:19,CRITICAL,AR,HUC,PHYSICAL PORT DOWN,2026-05-04 14:29:05,2026-05-04 14:29:05,3.4705555555555554,1.0,unknown,unknown,unknown,unknown,NORMAL,link_down,0.611
alarm_03927,2026-05-04 17:57:19,CRITICAL,AR,LIC,PHYSICAL PORT DOWN,2026-05-04 14:35:01,2026-05-04 14:35:01,3.3716666666666666,1.0,unknown,unknown,unknown,unknown,NORMAL,link_down,0.611
alarm_03928,2026-05-04 17:57:19,CRITICAL,AR,LIP,PHYSICAL PORT DOWN,2026-05-04 14:45:29,2026-05-04 14:45:29,3.1972222222222224,1.0,unknown,unknown,unknown,unknown,NORMAL,link_down,0.611
alarm_03929,2026-05-04 17:57:19,CRITICAL,AR,CAL,PHYSICAL PORT DOWN,2026-05-04 14:50:33,2026-05-04 14:50:33,3.1127777777777776,1.0,unknown,unknown,unknown,unknown,NORMAL,link_down,0.611
alarm_03930,2026-05-04 17:57:19,CRITICAL,AR,LOR,PHYSICAL PORT DOWN,2026-05-04 14:52:01,2026-05-04 14:52:01,3.0883333333333334,1.0,unknown,unknown,unknown,unknown,NORMAL,link_down,0.611
alarm_03931,2026-05-04 17:57:19,CRITICAL,AR,LOR,PHYSICAL PORT DOWN,2026-05-04 14:52:01,2026-05-04 14:52:01,3.0883333333333334,1.0,unknown,unknown,unknown,unknown,NORMAL,link_down,0.611
alarm_03932,2026-05-04 17:57:19,CRITICAL,AR,LIC,PHYSICAL PORT DOWN,2026-05-04 14:56:49,2026-05-04 14:56:49,3.0083333333333333,1.0,unknown,unknown,unknown,unknown,NORMAL,link_down,0.611
alarm_03933,2026-05-04 17:57:19,CRITICAL,AR,CAJ,PHYSICAL PORT DOWN,2026-05-04 15:03:47,2026-05-04 15:03:47,2.8922222222222222,1.0,unknown,unknown,unknown,unknown,NORMAL,link_down,0.611
alarm_03934,2026-05-04 17:57:19,CRITICAL,AR,LIC,PHYSICAL PORT DOWN,2026-05-04 15:05:48,2026-05-04 15:05:48,2.858611111111111,1.0,unknown,unknown,unknown,unknown,NORMAL,link_down,0.611
alarm_03935,2026-05-04 17:57:19,CRITICAL,AR,CUS,PHYSICAL PORT DOWN,2026-05-04 15:06:04,2026-05-04 15:06:04,2.8541666666666665,1.0,unknown,unknown,unknown,unknown,NORMAL,link_down,0.611
alarm_03936,2026-05-04 17:57:19,CRITICAL,AR,LIC,PHYSICAL PORT DOWN,2026-05-04 15:11:01,2026-05-04 15:11:01,2.7716666666666665,1.0,unknown,unknown,unknown,unknown,NORMAL,link_down,0.611
alarm_03937,2026-05-04 17:57:19,CRITICAL,AR,PAS,PHYSICAL PORT DOWN,2026-05-04 15:17:25,2026-05-04 15:17:25,2.665,1.0,unknown,unknown,unknown,unknown,NORMAL,link_down,0.611
alarm_03938,2026-05-04 17:57:19,CRITICAL,AR,JUN,PHYSICAL PORT DOWN,2026-05-04 15:17:57,2026-05-04 15:17:57,2.656111111111111,1.0,unknown,unknown,unknown,unknown,NORMAL,link_down,0.611
alarm_03939,2026-05-04 17:57:19,CRITICAL,AR,CUS,PHYSICAL PORT DOWN,2026-05-04 15:20:19,2026-05-04 15:20:19,2.6166666666666667,1.0,unknown,unknown,unknown,unknown,NORMAL,link_down,0.611
alarm_03940,2026-05-04 17:57:19,CRITICAL,AR,LIC,PHYSICAL PORT DOWN,2026-05-04 15:28:34,2026-05-04 15:28:34,2.4791666666666665,1.0,unknown,unknown,unknown,unknown,NORMAL,link_down,0.611
alarm_03941,2026-05-04 17:57:19,CRITICAL,AR,CAJ,PHYSICAL PORT DOWN,2026-05-04 15:29:53,2026-05-04 15:29:53,2.457222222222222,1.0,unknown,unknown,unknown,unknown,NORMAL,link_down,0.611
alarm_03942,2026-05-04 17:57:19,CRITICAL,AR,PUN,PHYSICAL PORT DOWN,2026-05-04 15:33:43,2026-05-04 15:33:43,2.3933333333333335,1.0,unknown,unknown,unknown,unknown,NORMAL,link_down,0.61
alarm_03943,2026-05-04 17:57:19,CRITICAL,AR,PIU,THE DEVICE IS OFFLINE,2026-05-04 15:40:41,2026-05-04 15:40:41,2.277222222222222,1.0,unknown,unknown,unknown,unknown,NORMAL,other,0.51
alarm_03944,2026-05-04 17:57:19,CRITICAL,AR,ANC,PHYSICAL PORT DOWN,2026-05-04 15:44:52,2026-05-04 15:44:52,2.2075,1.0,unknown,unknown,unknown,unknown,NORMAL,link_down,0.61
alarm_03945,2026-05-04 17:57:19,CRITICAL,AR,ANC,PHYSICAL PORT DOWN,2026-05-04 15:44:52,2026-05-04 15:44:52,2.2075,1.0,unknown,unknown,unknown,unknown,NORMAL,link_down,0.61
alarm_03946,2026-05-04 17:57:19,CRITICAL,AR,PUN,PHYSICAL PORT DOWN,2026-05-04 15:45:35,2026-05-04 15:45:35,2.1955555555555555,1.0,unknown,unknown,unknown,unknown,NORMAL,link_down,0.61
alarm_03947,2026-05-04 17:57:19,CRITICAL,SW,ANC,THE DEVICE IS OFFLINE,2026-05-04 15:46:34,2026-05-04 15:46:34,2.1791666666666667,1.0,unknown,unknown,unknown,unknown,NORMAL,other,0.51
alarm_03948,2026-05-04 17:57:19,CRITICAL,AR,ARE,THE DEVICE IS OFFLINE,2026-05-04 15:54:47,2026-05-04 15:54:47,2.042222222222222,1.0,unknown,unknown,unknown,unknown,NORMAL,other,0.51
alarm_03949,2026-05-04 17:57:19,CRITICAL,AR,ICA,THE DEVICE IS OFFLINE,2026-05-04 15:55:26,2026-05-04 15:55:26,2.031388888888889,1.0,unknown,unknown,unknown,unknown,NORMAL,other,0.51
alarm_03950,2026-05-04 17:57:19,CRITICAL,AG,LIC,PHYSICAL PORT DOWN,2026-05-04 16:10:44,2026-05-04 16:10:44,1.7763888888888888,1.0,unknown,unknown,unknown,unknown,NORMAL,link_down,0.61
alarm_03951,2026-05-04 17:57:19,CRITICAL,AG,LIC,PHYSICAL PORT DOWN,2026-05-04 16:10:44,2026-05-04 16:10:44,1.7763888888888888,1.0,unknown,unknown,unknown,unknown,NORMAL,link_down,0.61
alarm_03952,2026-05-04 17:57:19,CRITICAL,AR,CAJ,PHYSICAL PORT DOWN,2026-05-04 16:11:10,2026-05-04 16:11:10,1.7691666666666668,1.0,unknown,unknown,unknown,unknown,NORMAL,link_down,0.61
alarm_03953,2026-05-04 17:57:19,CRITICAL,AR,LIC,PHYSICAL PORT DOWN,2026-05-04 16:11:46,2026-05-04 16:11:46,1.7591666666666668,1.0,unknown,unknown,unknown,unknown,NORMAL,link_down,0.61
alarm_03954,2026-05-04 17:57:19,CRITICAL,AR,LIC,PHYSICAL PORT DOWN,2026-05-04 16:14:04,2026-05-04 16:14:04,1.7208333333333334,1.0,unknown,unknown,unknown,unknown,NORMAL,link_down,0.61
alarm_03955,2026-05-04 17:57:19,CRITICAL,AR,LIC,PHYSICAL PORT DOWN,2026-05-04 16:14:05,2026-05-04 16:14:05,1.7205555555555556,1.0,unknown,unknown,unknown,unknown,NORMAL,link_down,0.61
alarm_03956,2026-05-04 17:57:19,CRITICAL,AR,LIC,PHYSICAL PORT DOWN,2026-05-04 16:14:44,2026-05-04 16:14:44,1.7097222222222221,1.0,unknown,unknown,unknown,unknown,NORMAL,link_down,0.61
alarm_03957,2026-05-04 17:57:19,CRITICAL,AR,LIC,PHYSICAL PORT DOWN,2026-05-04 16:14:44,2026-05-04 16:14:44,1.7097222222222221,1.0,unknown,unknown,unknown,unknown,NORMAL,link_down,0.61
alarm_03958,2026-05-04 17:57:19,CRITICAL,CP,HUN,PHYSICAL PORT DOWN,2026-05-04 16:16:40,2026-05-04 16:16:40,1.6775,1.0,unknown,unknown,unknown,unknown,NORMAL,link_down,0.61
alarm_03959,2026-05-04 17:57:19,CRITICAL,AR,SAN,THE DEVICE IS OFFLINE,2026-05-04 16:18:54,2026-05-04 16:18:54,1.6402777777777777,1.0,unknown,unknown,unknown,unknown,NORMAL,other,0.51
alarm_03960,2026-05-04 17:57:19,CRITICAL,AR,CUS,PHYSICAL PORT DOWN,2026-05-04 16:32:19,2026-05-04 16:32:19,1.4166666666666667,1.0,unknown,unknown,unknown,unknown,NORMAL,link_down,0.61
alarm_03961,2026-05-04 17:57:19,CRITICAL,AR,APU,PHYSICAL PORT DOWN,2026-05-04 16:34:42,2026-05-04 16:34:42,1.3769444444444445,1.0,unknown,unknown,unknown,unknown,NORMAL,link_down,0.61
alarm_03962,2026-05-04 17:57:19,CRITICAL,AR,LIC,PHYSICAL PORT DOWN,2026-05-04 16:40:45,2026-05-04 16:40:45,1.2761111111111112,1.0,unknown,unknown,unknown,unknown,NORMAL,link_down,0.61
alarm_03963,2026-05-04 17:57:19,CRITICAL,AR,UCA,PHYSICAL PORT DOWN,2026-05-04 16:42:12,2026-05-04 16:42:12,1.2519444444444445,1.0,unknown,unknown,unknown,unknown,NORMAL,link_down,0.61
alarm_03964,2026-05-04 17:57:19,CRITICAL,AR,PUN,PHYSICAL PORT DOWN,2026-05-04 16:44:07,2026-05-04 16:44:07,1.22,1.0,unknown,unknown,unknown,unknown,NORMAL,link_down,0.61
alarm_03965,2026-05-04 17:57:19,CRITICAL,AR,PUN,THE DEVICE IS OFFLINE,2026-05-04 16:44:49,2026-05-04 16:44:49,1.2083333333333333,1.0,unknown,unknown,unknown,unknown,NORMAL,other,0.51
alarm_03966,2026-05-04 17:57:19,CRITICAL,AR,PUN,THE DEVICE IS OFFLINE,2026-05-04 16:45:38,2026-05-04 16:45:38,1.1947222222222222,1.0,unknown,unknown,unknown,unknown,NORMAL,other,0.51
alarm_03967,2026-05-04 17:57:19,CRITICAL,AR,SAN,PHYSICAL PORT DOWN,2026-05-04 16:53:27,2026-05-04 16:53:27,1.0644444444444445,1.0,unknown,unknown,unknown,unknown,NORMAL,link_down,0.61
alarm_03968,2026-05-04 17:57:19,CRITICAL,AR,TAC,PHYSICAL PORT DOWN,2026-05-04 16:55:11,2026-05-04 16:55:11,1.0355555555555556,1.0,unknown,unknown,unknown,unknown,NORMAL,link_down,0.61
alarm_03969,2026-05-04 17:57:19,CRITICAL,AG,TAC,BOARD INVALID,2026-05-04 16:57:28,2026-05-04 16:57:28,0.9975,1.0,unknown,unknown,unknown,unknown,NORMAL,other,0.51
alarm_03970,2026-05-04 17:57:19,CRITICAL,AR,ICA,PHYSICAL PORT DOWN,2026-05-04 17:04:32,2026-05-04 17:04:32,0.8797222222222222,1.0,unknown,unknown,unknown,unknown,NORMAL,link_down,0.61
alarm_03971,2026-05-04 17:57:19,CRITICAL,AR,LIP,PHYSICAL PORT DOWN,2026-05-04 17:06:07,2026-05-04 17:06:07,0.8533333333333334,1.0,unknown,unknown,unknown,unknown,NORMAL,link_down,0.61
alarm_03972,2026-05-04 17:57:19,CRITICAL,AR,LOR,THE DEVICE IS OFFLINE,2026-05-04 17:06:29,2026-05-04 17:06:29,0.8472222222222222,1.0,unknown,unknown,unknown,unknown,NORMAL,other,0.51
alarm_03973,2026-05-04 17:57:19,CRITICAL,AR,LIC,PHYSICAL PORT DOWN,2026-05-04 17:10:21,2026-05-04 17:10:21,0.7827777777777778,1.0,unknown,unknown,unknown,unknown,NORMAL,link_down,0.61
alarm_03974,2026-05-04 17:57:19,CRITICAL,AR,LOR,PHYSICAL PORT DOWN,2026-05-04 17:11:25,2026-05-04 17:11:25,0.765,1.0,unknown,unknown,unknown,unknown,NORMAL,link_down,0.61
alarm_03975,2026-05-04 17:57:19,CRITICAL,AR,PUN,PHYSICAL PORT DOWN,2026-05-04 17:13:16,2026-05-04 17:13:16,0.7341666666666666,1.0,unknown,unknown,unknown,unknown,NORMAL,link_down,0.61
alarm_03976,2026-05-04 17:57:19,CRITICAL,AR,LIC,PHYSICAL PORT DOWN,2026-05-04 17:13:33,2026-05-04 17:13:33,0.7294444444444445,1.0,unknown,unknown,unknown,unknown,NORMAL,link_down,0.61
alarm_03977,2026-05-04 17:57:19,CRITICAL,AR,LOR,PHYSICAL PORT DOWN,2026-05-04 17:13:53,2026-05-04 17:13:53,0.7238888888888889,1.0,unknown,unknown,unknown,unknown,NORMAL,link_down,0.61
alarm_03978,2026-05-04 17:57:19,CRITICAL,AR,ICA,PHYSICAL PORT DOWN,2026-05-04 17:19:37,2026-05-04 17:19:37,0.6283333333333333,1.0,unknown,unknown,unknown,unknown,NORMAL,link_down,0.61
alarm_03979,2026-05-04 17:57:19,CRITICAL,AR,LOR,PHYSICAL PORT DOWN,2026-05-04 17:21:21,2026-05-04 17:21:21,0.5994444444444444,1.0,unknown,unknown,unknown,unknown,NORMAL,link_down,0.61
alarm_03980,2026-05-04 17:57:19,CRITICAL,AR,PIU,THE DEVICE IS OFFLINE,2026-05-04 17:23:54,2026-05-04 17:23:54,0.5569444444444445,1.0,unknown,unknown,unknown,unknown,NORMAL,other,0.51
alarm_03981,2026-05-04 17:57:19,CRITICAL,AR,PIU,THE DEVICE IS OFFLINE,2026-05-04 17:24:13,2026-05-04 17:24:13,0.5516666666666666,1.0,unknown,unknown,unknown,unknown,NORMAL,other,0.51
alarm_03982,2026-05-04 17:57:19,CRITICAL,AR,PIU,THE DEVICE IS OFFLINE,2026-05-04 17:24:52,2026-05-04 17:24:52,0.5408333333333334,1.0,unknown,unknown,unknown,unknown,NORMAL,other,0.51
alarm_03983,2026-05-04 17:57:19,CRITICAL,AR,PIU,THE DEVICE IS OFFLINE,2026-05-04 17:24:52,2026-05-04 17:24:52,0.5408333333333334,1.0,unknown,unknown,unknown,unknown,NORMAL,other,0.51
alarm_03984,2026-05-04 17:57:19,CRITICAL,AR,PIU,THE DEVICE IS OFFLINE,2026-05-04 17:24:52,2026-05-04 17:24:52,0.5408333333333334,1.0,unknown,unknown,unknown,unknown,NORMAL,other,0.51
alarm_03985,2026-05-04 17:57:19,CRITICAL,AR,PIU,THE DEVICE IS OFFLINE,2026-05-04 17:24:52,2026-05-04 17:24:52,0.5408333333333334,1.0,unknown,unknown,unknown,unknown,NORMAL,other,0.51
alarm_03986,2026-05-04 17:57:19,CRITICAL,AR,PIU,THE DEVICE IS OFFLINE,2026-05-04 17:25:04,2026-05-04 17:25:04,0.5375,1.0,unknown,unknown,unknown,unknown,NORMAL,other,0.51
alarm_03987,2026-05-04 17:57:19,CRITICAL,AR,PIU,THE DEVICE IS OFFLINE,2026-05-04 17:25:43,2026-05-04 17:25:43,0.5266666666666666,1.0,unknown,unknown,unknown,unknown,NORMAL,other,0.51
alarm_03988,2026-05-04 17:57:19,CRITICAL,AR,PIU,THE DEVICE IS OFFLINE,2026-05-04 17:25:43,2026-05-04 17:25:43,0.5266666666666666,1.0,unknown,unknown,unknown,unknown,NORMAL,other,0.51
alarm_03989,2026-05-04 17:57:19,CRITICAL,AR,PIU,THE DEVICE IS OFFLINE,2026-05-04 17:25:52,2026-05-04 17:25:52,0.5241666666666667,1.0,unknown,unknown,unknown,unknown,NORMAL,other,0.51
alarm_03990,2026-05-04 17:57:19,CRITICAL,AG,PIU,PHYSICAL PORT DOWN,2026-05-04 17:26:44,2026-05-04 17:26:44,0.5097222222222222,1.0,unknown,unknown,unknown,unknown,NORMAL,link_down,0.61
alarm_03991,2026-05-04 17:57:19,CRITICAL,AR,CAJ,PHYSICAL PORT DOWN,2026-05-04 17:51:28,2026-05-04 17:51:28,0.0975,1.0,unknown,unknown,unknown,unknown,NORMAL,link_down,0.61
alarm_03992,2026-05-04 17:57:19,CRITICAL,AR,CUS,PHYSICAL PORT DOWN,2026-05-04 17:53:13,2026-05-04 17:53:13,0.06833333333333333,1.0,unknown,unknown,unknown,unknown,NORMAL,link_down,0.61
alarm_03993,2026-05-04 17:57:19,CRITICAL,AR,CUS,PHYSICAL PORT DOWN,2026-05-04 17:54:59,2026-05-04 17:54:59,0.03888888888888889,1.0,unknown,unknown,unknown,unknown,NORMAL,link_down,0.61
alarm_03994,2026-05-04 17:57:19,CRITICAL,AR,CUS,PHYSICAL PORT DOWN,2026-05-04 17:54:59,2026-05-04 17:54:59,0.03888888888888889,1.0,unknown,unknown,unknown,unknown,NORMAL,link_down,0.61
alarm_03995,2026-05-04 17:57:19,CRITICAL,AR,LOR,PHYSICAL PORT DOWN,2026-05-04 17:57:15,2026-05-04 17:57:15,0.0011111111111111111,1.0,unknown,unknown,unknown,unknown,NORMAL,link_down,0.61
alarm_03996,2026-05-04 17:57:19,CRITICAL,AR,LIC,PHYSICAL PORT DOWN,2026-05-04 17:58:32,2026-05-04 17:58:32,0.0,1.0,unknown,unknown,unknown,unknown,NORMAL,link_down,0.61
alarm_03997,2026-05-04 17:57:19,CRITICAL,AR,LIC,PHYSICAL PORT DOWN,2026-05-04 17:58:32,2026-05-04 17:58:32,0.0,1.0,unknown,unknown,unknown,unknown,NORMAL,link_down,0.61
alarm_03998,2026-05-04 17:57:19,CRITICAL,AR,AYA,PHYSICAL PORT DOWN,2026-05-04 17:58:52,2026-05-04 17:58:52,0.0,1.0,unknown,unknown,unknown,unknown,NORMAL,link_down,0.61
alarm_03999,2026-05-04 17:57:19,CRITICAL,AR,APU,PHYSICAL PORT DOWN,2026-05-04 17:59:10,2026-05-04 17:59:10,0.0,1.0,unknown,unknown,unknown,unknown,NORMAL,link_down,0.61
alarm_04000,2026-05-04 17:57:19,CRITICAL,AR,APU,PHYSICAL PORT DOWN,2026-05-04 17:59:10,2026-05-04 17:59:10,0.0,1.0,unknown,unknown,unknown,unknown,NORMAL,link_down,0.61
alarm_04001,2026-05-04 17:57:19,CRITICAL,AR,APU,PHYSICAL PORT DOWN,2026-05-04 17:59:10,2026-05-04 17:59:10,0.0,1.0,unknown,unknown,unknown,unknown,NORMAL,link_down,0.61
alarm_04002,2026-05-04 17:57:19,CRITICAL,AG,LIC,BOARD INVALID,2026-05-04 18:00:06,2026-05-04 18:00:06,0.0,1.0,unknown,unknown,unknown,unknown,NORMAL,other,0.51
alarm_04003,2026-05-04 17:57:19,CRITICAL,AR,LIC,THE DEVICE IS OFFLINE,2026-05-04 18:00:29,2026-05-04 18:00:29,0.0,1.0,unknown,unknown,unknown,unknown,NORMAL,other,0.51
alarm_04004,2026-05-04 17:57:19,CRITICAL,AR,CUS,THE DEVICE IS OFFLINE,2026-05-04 18:00:29,2026-05-04 18:00:29,0.0,1.0,unknown,unknown,unknown,unknown,NORMAL,other,0.51
alarm_04005,2026-05-04 17:57:19,CRITICAL,AR,CUS,THE DEVICE IS OFFLINE,2026-05-04 18:00:29,2026-05-04 18:00:29,0.0,1.0,unknown,unknown,unknown,unknown,NORMAL,other,0.51
alarm_04006,2026-05-04 17:57:19,CRITICAL,AR,LIC,PHYSICAL PORT DOWN,2026-05-04 18:01:47,2026-05-04 18:01:47,0.0,1.0,unknown,unknown,unknown,unknown,NORMAL,link_down,0.61
alarm_04007,2026-05-04 17:57:19,CRITICAL,CP,CUS,PHYSICAL PORT DOWN,2026-05-04 18:01:57,2026-05-04 18:01:57,0.0,1.0,unknown,unknown,unknown,unknown,NORMAL,link_down,0.61
alarm_04008,2026-05-04 17:57:19,CRITICAL,AR,CUS,PHYSICAL PORT DOWN,2026-05-04 18:03:02,2026-05-04 18:03:02,0.0,1.0,unknown,unknown,unknown,unknown,NORMAL,link_down,0.61
alarm_04009,2026-05-04 17:57:19,CRITICAL,AR,LIP,PHYSICAL PORT DOWN,2026-05-04 18:04:00,2026-05-04 18:04:00,0.0,1.0,unknown,unknown,unknown,unknown,NORMAL,link_down,0.61
alarm_04010,2026-05-04 17:57:19,CRITICAL,AR,JUN,THE DEVICE IS OFFLINE,2026-05-04 18:01:37,2026-05-04 18:07:32,0.0,1.0,unknown,unknown,unknown,unknown,NORMAL,other,0.51
alarm_04011,2026-05-04 17:57:19,CRITICAL,AR,CAJ,THE DEVICE IS OFFLINE,2026-05-04 17:56:50,2026-05-04 18:09:27,0.0,1.0,unknown,unknown,unknown,unknown,NORMAL,other,0.51
alarm_04012,2026-05-04 17:57:19,CRITICAL,AR,CAJ,THE DEVICE IS OFFLINE,2026-05-04 17:56:50,2026-05-04 18:09:27,0.0,1.0,unknown,unknown,unknown,unknown,NORMAL,other,0.51
alarm_04013,2026-05-04 17:57:19,CRITICAL,AR,CAJ,THE DEVICE IS OFFLINE,2026-05-04 17:56:50,2026-05-04 18:09:27,0.0,1.0,unknown,unknown,unknown,unknown,NORMAL,other,0.51
alarm_04014,2026-05-04 17:57:19,CRITICAL,AR,CAJ,THE DEVICE IS OFFLINE,2026-05-04 17:56:50,2026-05-04 18:09:27,0.0,1.0,unknown,unknown,unknown,unknown,NORMAL,other,0.51
alarm_04015,2026-05-04 17:57:19,CRITICAL,AR,SAN,PHYSICAL PORT DOWN,2026-05-02 17:28:30,2026-05-04 18:11:23,0.0,1.0,unknown,unknown,unknown,unknown,NORMAL,link_down,0.61
alarm_04016,2026-05-04 17:57:19,CRITICAL,AR,SAN,PHYSICAL PORT DOWN,2026-05-02 17:28:30,2026-05-04 18:11:23,0.0,1.0,unknown,unknown,unknown,unknown,NORMAL,link_down,0.61
alarm_04017,2026-05-04 17:57:19,CRITICAL,AR,LIC,PHYSICAL PORT DOWN,2026-04-29 12:12:09,2026-05-04 18:13:11,0.0,1.0,unknown,unknown,unknown,unknown,NORMAL,link_down,0.61
alarm_04018,2026-05-04 17:57:19,CRITICAL,AR,ANC,THE DEVICE IS OFFLINE,2026-05-03 10:48:01,2026-05-04 18:14:28,0.0,1.0,unknown,unknown,unknown,unknown,NORMAL,other,0.51
alarm_04019,2026-05-04 17:57:19,CRITICAL,AR,APU,THE DEVICE IS OFFLINE,2026-05-04 18:00:49,2026-05-04 18:16:38,0.0,1.0,unknown,unknown,unknown,unknown,NORMAL,other,0.51
alarm_04020,2026-05-04 17:57:19,CRITICAL,AR,CUS,THE DEVICE IS OFFLINE,2026-05-04 18:03:12,2026-05-04 18:16:49,0.0,1.0,unknown,unknown,unknown,unknown,NORMAL,other,0.51
alarm_04021,2026-05-04 17:57:19,CRITICAL,AR,CAL,THE DEVICE IS OFFLINE,2026-05-04 17:52:44,2026-05-04 18:17:18,0.0,1.0,unknown,unknown,unknown,unknown,NORMAL,other,0.51
alarm_04022,2026-05-04 17:57:19,CRITICAL,AR,LOR,PHYSICAL PORT DOWN,2026-05-04 18:05:08,2026-05-04 18:19:10,0.0,1.0,unknown,unknown,unknown,unknown,NORMAL,link_down,0.61
alarm_04023,2026-05-04 17:57:19,CRITICAL,AR,LIC,PHYSICAL PORT DOWN,2026-05-04 17:30:01,2026-05-04 18:19:16,0.0,1.0,unknown,unknown,unknown,unknown,NORMAL,link_down,0.61
alarm_04024,2026-05-04 17:57:19,CRITICAL,AR,LIC,PHYSICAL PORT DOWN,2026-05-04 17:30:02,2026-05-04 18:19:16,0.0,1.0,unknown,unknown,unknown,unknown,NORMAL,link_down,0.61
alarm_04025,2026-05-04 17:57:19,CRITICAL,AR,LIC,PHYSICAL PORT DOWN,2026-05-04 05:57:13,2026-05-04 18:19:22,0.0,1.0,unknown,unknown,unknown,unknown,NORMAL,link_down,0.61
alarm_04026,2026-05-04 17:57:19,CRITICAL,AR,AYA,PHYSICAL PORT DOWN,2026-05-04 19:54:50,2026-05-04 19:54:50,0.0,1.0,unknown,unknown,unknown,unknown,NORMAL,link_down,0.61
alarm_04027,2026-05-04 17:57:19,CRITICAL,AR,AYA,PHYSICAL PORT DOWN,2026-05-04 19:54:50,2026-05-04 19:54:50,0.0,1.0,unknown,unknown,unknown,unknown,NORMAL,link_down,0.61
alarm_04028,2026-05-04 17:57:19,CRITICAL,AR,AYA,PHYSICAL PORT DOWN,2026-05-05 02:00:01,2026-05-05 02:00:01,0.0,1.0,unknown,unknown,unknown,unknown,NORMAL,link_down,0.61
alarm_04029,2026-05-04 17:57:19,CRITICAL,AR,SAN,PHYSICAL PORT DOWN,2026-05-04 17:28:44,2026-05-04 18:20:17,0.0,1.0,unknown,unknown,unknown,unknown,NORMAL,link_down,0.61
alarm_04030,2026-05-04 17:57:19,,,,,,,,,,,,,,other,0.11
