alarm_record_id,data_source,snapshot_time,severity,alarm_source_id,alarm_source_type,alarm_name,first_occurred_at,last_occurred_at,alarm_age_hours,occurrence_times,down_reason,port_oper_status,port_admin_status,clearance_status,acknowledgment_status,maintenance_status,candidate_risk_score,reason_group_candidate
alarm_00001,current_alarm_snapshot,2026-05-04 17:57:19,CRITICAL,asset_aa46ebdde4,AG,Physical Port Down,2015-12-19 01:40:10,2015-12-19 01:40:10,90952.29,1,SHUTDOWN,DOWN,DOWN,-,-,NORMAL,0.88,link_down
alarm_00002,current_alarm_snapshot,2026-05-04 17:57:19,CRITICAL,asset_02c4dea2ed,AG,Physical Port Down,2016-08-25 15:04:22,2016-08-25 15:04:22,84938.88,1,LOS,DOWN,UP,-,-,NORMAL,0.88,link_down
alarm_00003,current_alarm_snapshot,2026-05-04 17:57:19,CRITICAL,asset_aa46ebdde4,AG,Physical Port Down,2016-12-07 16:46:48,2016-12-07 16:46:48,82441.18,1,LOS,DOWN,UP,-,-,NORMAL,0.88,link_down
alarm_00004,current_alarm_snapshot,2026-05-04 17:57:19,CRITICAL,asset_d0aacbf21a,AG,Physical Port Down,2016-12-09 17:03:09,2016-12-09 17:03:09,82392.9,1,SHUTDOWN,DOWN,DOWN,-,-,NORMAL,0.88,link_down
alarm_00005,current_alarm_snapshot,2026-05-04 17:57:19,CRITICAL,asset_d0aacbf21a,AG,Physical Port Down,2016-12-10 12:59:13,2016-12-10 12:59:13,82372.97,1,SHUTDOWN,DOWN,DOWN,-,-,NORMAL,0.88,link_down
alarm_00006,current_alarm_snapshot,2026-05-04 17:57:19,CRITICAL,asset_685e16a0a6,AG,Physical Port Down,2017-04-01 00:27:15,2017-04-01 00:27:15,79697.5,1,LOS,DOWN,UP,-,-,NORMAL,0.88,link_down
alarm_00007,current_alarm_snapshot,2026-05-04 17:57:19,CRITICAL,asset_1fefd1e765,AG,Physical Port Down,2017-06-12 18:50:34,2017-06-12 18:50:34,77951.11,1,SHUTDOWN,DOWN,DOWN,-,-,NORMAL,0.88,link_down
alarm_00008,current_alarm_snapshot,2026-05-04 17:57:19,CRITICAL,asset_21a7eae782,CA,Physical Port Down,2017-08-29 08:40:40,2017-08-29 08:40:40,76089.28,1,SHUTDOWN,DOWN,DOWN,-,-,NORMAL,0.88,equipment_module
alarm_00009,current_alarm_snapshot,2026-05-04 17:57:19,CRITICAL,asset_685e16a0a6,AG,Physical Port Down,2017-09-26 23:51:49,2017-09-26 23:51:49,75402.09,1,LOS,DOWN,UP,-,-,NORMAL,0.88,link_down
alarm_00010,current_alarm_snapshot,2026-05-04 17:57:19,CRITICAL,asset_685e16a0a6,AG,Physical Port Down,2017-09-26 23:57:34,2017-09-26 23:57:34,75402.0,1,LOS,DOWN,UP,-,-,NORMAL,0.88,link_down
alarm_00011,current_alarm_snapshot,2026-05-04 17:57:19,CRITICAL,asset_8d2941bf77,AG,Physical Port Down,2017-09-27 00:03:33,2017-09-27 00:03:33,75401.9,1,LOS,DOWN,UP,-,-,NORMAL,0.88,link_down
alarm_00012,current_alarm_snapshot,2026-05-04 17:57:19,CRITICAL,asset_4226e99132,CA,Physical Port Down,2017-12-05 00:08:41,2017-12-05 00:08:41,73745.81,1,SHUTDOWN,DOWN,DOWN,-,-,NORMAL,0.88,equipment_module
alarm_00013,current_alarm_snapshot,2026-05-04 17:57:19,CRITICAL,asset_4226e99132,CA,Physical Port Down,2017-12-05 00:08:41,2017-12-05 00:08:41,73745.81,1,SHUTDOWN,DOWN,DOWN,-,-,NORMAL,0.88,equipment_module
alarm_00014,current_alarm_snapshot,2026-05-04 17:57:19,CRITICAL,asset_4226e99132,CA,Physical Port Down,2017-12-05 00:08:46,2017-12-05 00:08:46,73745.81,1,SHUTDOWN,DOWN,DOWN,-,-,NORMAL,0.88,equipment_module
alarm_00015,current_alarm_snapshot,2026-05-04 17:57:19,CRITICAL,asset_4226e99132,CA,Physical Port Down,2017-12-05 00:08:46,2017-12-05 00:08:46,73745.81,1,SHUTDOWN,DOWN,DOWN,-,-,NORMAL,0.88,equipment_module
alarm_00016,current_alarm_snapshot,2026-05-04 17:57:19,CRITICAL,asset_4226e99132,CA,Physical Port Down,2017-12-05 00:08:47,2017-12-05 00:08:47,73745.81,1,SHUTDOWN,DOWN,DOWN,-,-,NORMAL,0.88,equipment_module
alarm_00017,current_alarm_snapshot,2026-05-04 17:57:19,CRITICAL,asset_4226e99132,CA,Physical Port Down,2017-12-05 00:08:47,2017-12-05 00:08:47,73745.81,1,SHUTDOWN,DOWN,DOWN,-,-,NORMAL,0.88,equipment_module
alarm_00018,current_alarm_snapshot,2026-05-04 17:57:19,CRITICAL,asset_21a7eae782,CA,Physical Port Down,2017-12-05 00:18:41,2017-12-05 00:18:41,73745.64,1,LOS,DOWN,UP,-,-,NORMAL,0.88,equipment_module
alarm_00019,current_alarm_snapshot,2026-05-04 17:57:19,CRITICAL,asset_21a7eae782,CA,Physical Port Down,2017-12-05 00:18:41,2017-12-05 00:18:41,73745.64,1,LOS,DOWN,UP,-,-,NORMAL,0.88,equipment_module
alarm_00020,current_alarm_snapshot,2026-05-04 17:57:19,CRITICAL,asset_21a7eae782,CA,Physical Port Down,2017-12-05 01:42:33,2017-12-05 01:42:33,73744.25,1,SHUTDOWN,DOWN,DOWN,-,-,NORMAL,0.88,equipment_module
alarm_00021,current_alarm_snapshot,2026-05-04 17:57:19,CRITICAL,asset_21a7eae782,CA,Physical Port Down,2017-12-05 01:42:38,2017-12-05 01:42:38,73744.24,1,SHUTDOWN,DOWN,DOWN,-,-,NORMAL,0.88,equipment_module
alarm_00022,current_alarm_snapshot,2026-05-04 17:57:19,CRITICAL,asset_21a7eae782,CA,Physical Port Down,2017-12-05 01:42:39,2017-12-05 01:42:39,73744.24,1,SHUTDOWN,DOWN,DOWN,-,-,NORMAL,0.88,equipment_module
alarm_00023,current_alarm_snapshot,2026-05-04 17:57:19,CRITICAL,asset_83911d0217,AG,Physical Port Down,2017-12-11 18:35:38,2017-12-11 18:35:38,73583.36,1,NEGOTIATION_FAIL,DOWN,UP,-,-,NORMAL,0.88,link_down
alarm_00024,current_alarm_snapshot,2026-05-04 17:57:19,CRITICAL,asset_21a7eae782,CA,Physical Port Down,2017-12-15 00:24:08,2017-12-15 00:24:08,73505.55,1,LOS,DOWN,UP,-,-,NORMAL,0.88,equipment_module
alarm_00025,current_alarm_snapshot,2026-05-04 17:57:19,CRITICAL,asset_21a7eae782,CA,Physical Port Down,2017-12-15 00:24:08,2017-12-15 00:24:08,73505.55,1,LOS,DOWN,UP,-,-,NORMAL,0.88,equipment_module
alarm_00026,current_alarm_snapshot,2026-05-04 17:57:19,CRITICAL,asset_21a7eae782,CA,Physical Port Down,2017-12-15 00:24:08,2017-12-15 00:24:08,73505.55,1,LOS,DOWN,UP,-,-,NORMAL,0.88,equipment_module
alarm_00027,current_alarm_snapshot,2026-05-04 17:57:19,CRITICAL,asset_21a7eae782,CA,Physical Port Down,2017-12-15 00:24:08,2017-12-15 00:24:08,73505.55,1,LOS,DOWN,UP,-,-,NORMAL,0.88,equipment_module
alarm_00028,current_alarm_snapshot,2026-05-04 17:57:19,CRITICAL,asset_21a7eae782,CA,Physical Port Down,2017-12-15 00:24:08,2017-12-15 00:24:08,73505.55,1,LOS,DOWN,UP,-,-,NORMAL,0.88,equipment_module
alarm_00029,current_alarm_snapshot,2026-05-04 17:57:19,CRITICAL,asset_4226e99132,CA,Physical Port Down,2017-12-15 00:24:09,2017-12-15 00:24:09,73505.55,1,LOS,DOWN,UP,-,-,NORMAL,0.88,equipment_module
alarm_00030,current_alarm_snapshot,2026-05-04 17:57:19,CRITICAL,asset_4226e99132,CA,Physical Port Down,2017-12-15 00:24:09,2017-12-15 00:24:09,73505.55,1,LOS,DOWN,UP,-,-,NORMAL,0.88,equipment_module
alarm_00031,current_alarm_snapshot,2026-05-04 17:57:19,CRITICAL,asset_4226e99132,CA,Physical Port Down,2017-12-15 00:24:09,2017-12-15 00:24:09,73505.55,1,LOS,DOWN,UP,-,-,NORMAL,0.88,equipment_module
alarm_00032,current_alarm_snapshot,2026-05-04 17:57:19,CRITICAL,asset_4226e99132,CA,Physical Port Down,2017-12-15 00:24:09,2017-12-15 00:24:09,73505.55,1,LOS,DOWN,UP,-,-,NORMAL,0.88,equipment_module
alarm_00033,current_alarm_snapshot,2026-05-04 17:57:19,CRITICAL,asset_4226e99132,CA,Physical Port Down,2017-12-15 00:24:09,2017-12-15 00:24:09,73505.55,1,LOS,DOWN,UP,-,-,NORMAL,0.88,equipment_module
alarm_00034,current_alarm_snapshot,2026-05-04 17:57:19,CRITICAL,asset_4226e99132,CA,Physical Port Down,2017-12-15 00:24:09,2017-12-15 00:24:09,73505.55,1,LOS,DOWN,UP,-,-,NORMAL,0.88,equipment_module
alarm_00035,current_alarm_snapshot,2026-05-04 17:57:19,CRITICAL,asset_4226e99132,CA,Physical Port Down,2017-12-15 00:24:09,2017-12-15 00:24:09,73505.55,1,LOS,DOWN,UP,-,-,NORMAL,0.88,equipment_module
alarm_00036,current_alarm_snapshot,2026-05-04 17:57:19,CRITICAL,asset_4226e99132,CA,Physical Port Down,2017-12-15 00:24:09,2017-12-15 00:24:09,73505.55,1,LOS,DOWN,UP,-,-,NORMAL,0.88,equipment_module
alarm_00037,current_alarm_snapshot,2026-05-04 17:57:19,CRITICAL,asset_4226e99132,CA,Physical Port Down,2017-12-15 00:24:09,2017-12-15 00:24:09,73505.55,1,LOS,DOWN,UP,-,-,NORMAL,0.88,equipment_module
alarm_00038,current_alarm_snapshot,2026-05-04 17:57:19,CRITICAL,asset_4226e99132,CA,Physical Port Down,2017-12-15 00:24:09,2017-12-15 00:24:09,73505.55,1,LOS,DOWN,UP,-,-,NORMAL,0.88,equipment_module
alarm_00039,current_alarm_snapshot,2026-05-04 17:57:19,CRITICAL,asset_4226e99132,CA,Physical Port Down,2017-12-15 00:24:09,2017-12-15 00:24:09,73505.55,1,LOS,DOWN,UP,-,-,NORMAL,0.88,equipment_module
alarm_00040,current_alarm_snapshot,2026-05-04 17:57:19,CRITICAL,asset_4226e99132,CA,Physical Port Down,2017-12-15 00:24:09,2017-12-15 00:24:09,73505.55,1,LOS,DOWN,UP,-,-,NORMAL,0.88,equipment_module
alarm_00041,current_alarm_snapshot,2026-05-04 17:57:19,CRITICAL,asset_4226e99132,CA,Physical Port Down,2017-12-15 00:24:09,2017-12-15 00:24:09,73505.55,1,LOS,DOWN,UP,-,-,NORMAL,0.88,equipment_module
alarm_00042,current_alarm_snapshot,2026-05-04 17:57:19,CRITICAL,asset_4226e99132,CA,Physical Port Down,2017-12-15 00:24:09,2017-12-15 00:24:09,73505.55,1,LOS,DOWN,UP,-,-,NORMAL,0.88,equipment_module
alarm_00043,current_alarm_snapshot,2026-05-04 17:57:19,CRITICAL,asset_4226e99132,CA,Physical Port Down,2017-12-15 00:24:09,2017-12-15 00:24:09,73505.55,1,LOS,DOWN,UP,-,-,NORMAL,0.88,equipment_module
alarm_00044,current_alarm_snapshot,2026-05-04 17:57:19,CRITICAL,asset_4226e99132,CA,Physical Port Down,2017-12-15 00:24:09,2017-12-15 00:24:09,73505.55,1,LOS,DOWN,UP,-,-,NORMAL,0.88,equipment_module
alarm_00045,current_alarm_snapshot,2026-05-04 17:57:19,CRITICAL,asset_4226e99132,CA,Physical Port Down,2017-12-15 00:24:09,2017-12-15 00:24:09,73505.55,1,LOS,DOWN,UP,-,-,NORMAL,0.88,equipment_module
alarm_00046,current_alarm_snapshot,2026-05-04 17:57:19,CRITICAL,asset_21a7eae782,CA,Physical Port Down,2017-12-15 00:24:09,2017-12-15 00:24:09,73505.55,1,LOS,DOWN,UP,-,-,NORMAL,0.88,equipment_module
alarm_00047,current_alarm_snapshot,2026-05-04 17:57:19,CRITICAL,asset_21a7eae782,CA,Physical Port Down,2017-12-15 00:24:09,2017-12-15 00:24:09,73505.55,1,LOS,DOWN,UP,-,-,NORMAL,0.88,equipment_module
alarm_00048,current_alarm_snapshot,2026-05-04 17:57:19,CRITICAL,asset_21a7eae782,CA,Physical Port Down,2017-12-15 00:24:09,2017-12-15 00:24:09,73505.55,1,LOS,DOWN,UP,-,-,NORMAL,0.88,equipment_module
alarm_00049,current_alarm_snapshot,2026-05-04 17:57:19,CRITICAL,asset_21a7eae782,CA,Physical Port Down,2017-12-15 00:24:09,2017-12-15 00:24:09,73505.55,1,LOS,DOWN,UP,-,-,NORMAL,0.88,equipment_module
alarm_00050,current_alarm_snapshot,2026-05-04 17:57:19,CRITICAL,asset_21a7eae782,CA,Physical Port Down,2017-12-15 00:24:09,2017-12-15 00:24:09,73505.55,1,LOS,DOWN,UP,-,-,NORMAL,0.88,equipment_module
alarm_00051,current_alarm_snapshot,2026-05-04 17:57:19,CRITICAL,asset_21a7eae782,CA,Physical Port Down,2017-12-15 00:24:09,2017-12-15 00:24:09,73505.55,1,LOS,DOWN,UP,-,-,NORMAL,0.88,equipment_module
alarm_00052,current_alarm_snapshot,2026-05-04 17:57:19,CRITICAL,asset_21a7eae782,CA,Physical Port Down,2017-12-15 00:24:09,2017-12-15 00:24:09,73505.55,1,LOS,DOWN,UP,-,-,NORMAL,0.88,equipment_module
alarm_00053,current_alarm_snapshot,2026-05-04 17:57:19,CRITICAL,asset_21a7eae782,CA,Physical Port Down,2017-12-15 00:24:09,2017-12-15 00:24:09,73505.55,1,LOS,DOWN,UP,-,-,NORMAL,0.88,equipment_module
alarm_00054,current_alarm_snapshot,2026-05-04 17:57:19,CRITICAL,asset_21a7eae782,CA,Physical Port Down,2017-12-15 00:24:09,2017-12-15 00:24:09,73505.55,1,LOS,DOWN,UP,-,-,NORMAL,0.88,equipment_module
alarm_00055,current_alarm_snapshot,2026-05-04 17:57:19,CRITICAL,asset_21a7eae782,CA,Physical Port Down,2017-12-15 00:24:09,2017-12-15 00:24:09,73505.55,1,LOS,DOWN,UP,-,-,NORMAL,0.88,equipment_module
alarm_00056,current_alarm_snapshot,2026-05-04 17:57:19,CRITICAL,asset_21a7eae782,CA,Physical Port Down,2017-12-15 00:24:09,2017-12-15 00:24:09,73505.55,1,LOS,DOWN,UP,-,-,NORMAL,0.88,equipment_module
alarm_00057,current_alarm_snapshot,2026-05-04 17:57:19,CRITICAL,asset_4226e99132,CA,Physical Port Down,2017-12-15 00:24:10,2017-12-15 00:24:10,73505.55,1,LOS,DOWN,UP,-,-,NORMAL,0.88,equipment_module
alarm_00058,current_alarm_snapshot,2026-05-04 17:57:19,CRITICAL,asset_4226e99132,CA,Physical Port Down,2017-12-15 00:45:23,2017-12-15 00:45:23,73505.2,1,SHUTDOWN,DOWN,DOWN,-,-,NORMAL,0.88,equipment_module
alarm_00059,current_alarm_snapshot,2026-05-04 17:57:19,CRITICAL,asset_4226e99132,CA,Physical Port Down,2017-12-15 00:45:24,2017-12-15 00:45:24,73505.2,1,SHUTDOWN,DOWN,DOWN,-,-,NORMAL,0.88,equipment_module
alarm_00060,current_alarm_snapshot,2026-05-04 17:57:19,CRITICAL,asset_4226e99132,CA,Physical Port Down,2017-12-15 00:45:25,2017-12-15 00:45:25,73505.2,1,SHUTDOWN,DOWN,DOWN,-,-,NORMAL,0.88,equipment_module
alarm_00061,current_alarm_snapshot,2026-05-04 17:57:19,CRITICAL,asset_4226e99132,CA,Physical Port Down,2017-12-15 00:45:26,2017-12-15 00:45:26,73505.2,1,SHUTDOWN,DOWN,DOWN,-,-,NORMAL,0.88,equipment_module
alarm_00062,current_alarm_snapshot,2026-05-04 17:57:19,CRITICAL,asset_4226e99132,CA,Physical Port Down,2017-12-15 00:45:27,2017-12-15 00:45:27,73505.2,1,SHUTDOWN,DOWN,DOWN,-,-,NORMAL,0.88,equipment_module
alarm_00063,current_alarm_snapshot,2026-05-04 17:57:19,CRITICAL,asset_4226e99132,CA,Physical Port Down,2017-12-15 00:45:28,2017-12-15 00:45:28,73505.2,1,SHUTDOWN,DOWN,DOWN,-,-,NORMAL,0.88,equipment_module
alarm_00064,current_alarm_snapshot,2026-05-04 17:57:19,CRITICAL,asset_4226e99132,CA,Physical Port Down,2017-12-15 00:45:29,2017-12-15 00:45:29,73505.2,1,SHUTDOWN,DOWN,DOWN,-,-,NORMAL,0.88,equipment_module
alarm_00065,current_alarm_snapshot,2026-05-04 17:57:19,CRITICAL,asset_4226e99132,CA,Physical Port Down,2017-12-15 00:45:30,2017-12-15 00:45:30,73505.2,1,SHUTDOWN,DOWN,DOWN,-,-,NORMAL,0.88,equipment_module
alarm_00066,current_alarm_snapshot,2026-05-04 17:57:19,CRITICAL,asset_4226e99132,CA,Physical Port Down,2017-12-15 00:45:31,2017-12-15 00:45:31,73505.2,1,SHUTDOWN,DOWN,DOWN,-,-,NORMAL,0.88,equipment_module
alarm_00067,current_alarm_snapshot,2026-05-04 17:57:19,CRITICAL,asset_4226e99132,CA,Physical Port Down,2017-12-15 00:45:32,2017-12-15 00:45:32,73505.2,1,SHUTDOWN,DOWN,DOWN,-,-,NORMAL,0.88,equipment_module
alarm_00068,current_alarm_snapshot,2026-05-04 17:57:19,CRITICAL,asset_4226e99132,CA,Physical Port Down,2017-12-15 00:45:33,2017-12-15 00:45:33,73505.2,1,SHUTDOWN,DOWN,DOWN,-,-,NORMAL,0.88,equipment_module
alarm_00069,current_alarm_snapshot,2026-05-04 17:57:19,CRITICAL,asset_4226e99132,CA,Physical Port Down,2017-12-15 00:45:34,2017-12-15 00:45:34,73505.2,1,SHUTDOWN,DOWN,DOWN,-,-,NORMAL,0.88,equipment_module
alarm_00070,current_alarm_snapshot,2026-05-04 17:57:19,CRITICAL,asset_4226e99132,CA,Physical Port Down,2017-12-15 00:45:36,2017-12-15 00:45:36,73505.2,1,SHUTDOWN,DOWN,DOWN,-,-,NORMAL,0.88,equipment_module
alarm_00071,current_alarm_snapshot,2026-05-04 17:57:19,CRITICAL,asset_4226e99132,CA,Physical Port Down,2017-12-15 00:45:37,2017-12-15 00:45:37,73505.2,1,SHUTDOWN,DOWN,DOWN,-,-,NORMAL,0.88,equipment_module
alarm_00072,current_alarm_snapshot,2026-05-04 17:57:19,CRITICAL,asset_4226e99132,CA,Physical Port Down,2017-12-15 00:45:38,2017-12-15 00:45:38,73505.19,1,SHUTDOWN,DOWN,DOWN,-,-,NORMAL,0.88,equipment_module
alarm_00073,current_alarm_snapshot,2026-05-04 17:57:19,CRITICAL,asset_4226e99132,CA,Physical Port Down,2017-12-15 00:45:39,2017-12-15 00:45:39,73505.19,1,SHUTDOWN,DOWN,DOWN,-,-,NORMAL,0.88,equipment_module
alarm_00074,current_alarm_snapshot,2026-05-04 17:57:19,CRITICAL,asset_4226e99132,CA,Physical Port Down,2017-12-15 00:45:40,2017-12-15 00:45:40,73505.19,1,SHUTDOWN,DOWN,DOWN,-,-,NORMAL,0.88,equipment_module
alarm_00075,current_alarm_snapshot,2026-05-04 17:57:19,CRITICAL,asset_21a7eae782,CA,Physical Port Down,2017-12-15 02:22:10,2017-12-15 02:22:10,73503.59,1,SHUTDOWN,DOWN,DOWN,-,-,NORMAL,0.88,equipment_module
alarm_00076,current_alarm_snapshot,2026-05-04 17:57:19,CRITICAL,asset_21a7eae782,CA,Physical Port Down,2017-12-15 02:22:11,2017-12-15 02:22:11,73503.59,1,SHUTDOWN,DOWN,DOWN,-,-,NORMAL,0.88,equipment_module
alarm_00077,current_alarm_snapshot,2026-05-04 17:57:19,CRITICAL,asset_21a7eae782,CA,Physical Port Down,2017-12-15 02:22:12,2017-12-15 02:22:12,73503.59,1,SHUTDOWN,DOWN,DOWN,-,-,NORMAL,0.88,equipment_module
alarm_00078,current_alarm_snapshot,2026-05-04 17:57:19,CRITICAL,asset_21a7eae782,CA,Physical Port Down,2017-12-15 02:22:13,2017-12-15 02:22:13,73503.59,1,SHUTDOWN,DOWN,DOWN,-,-,NORMAL,0.88,equipment_module
alarm_00079,current_alarm_snapshot,2026-05-04 17:57:19,CRITICAL,asset_21a7eae782,CA,Physical Port Down,2017-12-15 02:22:14,2017-12-15 02:22:14,73503.58,1,SHUTDOWN,DOWN,DOWN,-,-,NORMAL,0.88,equipment_module
alarm_00080,current_alarm_snapshot,2026-05-04 17:57:19,CRITICAL,asset_21a7eae782,CA,Physical Port Down,2017-12-15 02:22:15,2017-12-15 02:22:15,73503.58,1,SHUTDOWN,DOWN,DOWN,-,-,NORMAL,0.88,equipment_module
alarm_00081,current_alarm_snapshot,2026-05-04 17:57:19,CRITICAL,asset_21a7eae782,CA,Physical Port Down,2017-12-15 02:22:16,2017-12-15 02:22:16,73503.58,1,SHUTDOWN,DOWN,DOWN,-,-,NORMAL,0.88,equipment_module
alarm_00082,current_alarm_snapshot,2026-05-04 17:57:19,CRITICAL,asset_21a7eae782,CA,Physical Port Down,2017-12-15 02:22:17,2017-12-15 02:22:17,73503.58,1,SHUTDOWN,DOWN,DOWN,-,-,NORMAL,0.88,equipment_module
alarm_00083,current_alarm_snapshot,2026-05-04 17:57:19,CRITICAL,asset_21a7eae782,CA,Physical Port Down,2017-12-15 02:22:18,2017-12-15 02:22:18,73503.58,1,SHUTDOWN,DOWN,DOWN,-,-,NORMAL,0.88,equipment_module
alarm_00084,current_alarm_snapshot,2026-05-04 17:57:19,CRITICAL,asset_21a7eae782,CA,Physical Port Down,2017-12-15 02:22:19,2017-12-15 02:22:19,73503.58,1,SHUTDOWN,DOWN,DOWN,-,-,NORMAL,0.88,equipment_module
alarm_00085,current_alarm_snapshot,2026-05-04 17:57:19,CRITICAL,asset_21a7eae782,CA,Physical Port Down,2017-12-15 02:22:20,2017-12-15 02:22:20,73503.58,1,SHUTDOWN,DOWN,DOWN,-,-,NORMAL,0.88,equipment_module
alarm_00086,current_alarm_snapshot,2026-05-04 17:57:19,CRITICAL,asset_21a7eae782,CA,Physical Port Down,2017-12-15 02:22:21,2017-12-15 02:22:21,73503.58,1,SHUTDOWN,DOWN,DOWN,-,-,NORMAL,0.88,equipment_module
alarm_00087,current_alarm_snapshot,2026-05-04 17:57:19,CRITICAL,asset_21a7eae782,CA,Physical Port Down,2017-12-15 02:22:22,2017-12-15 02:22:22,73503.58,1,SHUTDOWN,DOWN,DOWN,-,-,NORMAL,0.88,equipment_module
alarm_00088,current_alarm_snapshot,2026-05-04 17:57:19,CRITICAL,asset_21a7eae782,CA,Physical Port Down,2017-12-15 02:22:23,2017-12-15 02:22:23,73503.58,1,SHUTDOWN,DOWN,DOWN,-,-,NORMAL,0.88,equipment_module
alarm_00089,current_alarm_snapshot,2026-05-04 17:57:19,CRITICAL,asset_21a7eae782,CA,Physical Port Down,2017-12-15 02:22:24,2017-12-15 02:22:24,73503.58,1,SHUTDOWN,DOWN,DOWN,-,-,NORMAL,0.88,equipment_module
alarm_00090,current_alarm_snapshot,2026-05-04 17:57:19,CRITICAL,asset_21a7eae782,CA,Physical Port Down,2017-12-15 02:22:25,2017-12-15 02:22:25,73503.58,1,SHUTDOWN,DOWN,DOWN,-,-,NORMAL,0.88,equipment_module
alarm_00091,current_alarm_snapshot,2026-05-04 17:57:19,CRITICAL,asset_21a7eae782,CA,Physical Port Down,2017-12-15 02:22:26,2017-12-15 02:22:26,73503.58,1,SHUTDOWN,DOWN,DOWN,-,-,NORMAL,0.88,equipment_module
alarm_00092,current_alarm_snapshot,2026-05-04 17:57:19,CRITICAL,asset_5235efd7d0,CA,Physical Port Down,2017-12-15 04:27:09,2017-12-15 04:27:09,73501.5,1,"PCS_UNLOCK,NEGOTIATION_FAIL",DOWN,UP,-,-,NORMAL,0.88,link_down
alarm_00093,current_alarm_snapshot,2026-05-04 17:57:19,CRITICAL,asset_4226e99132,CA,Physical Port Down,2017-12-19 00:06:40,2017-12-19 00:06:40,73409.84,1,LOS,DOWN,UP,-,-,NORMAL,0.88,equipment_module
alarm_00094,current_alarm_snapshot,2026-05-04 17:57:19,CRITICAL,asset_4226e99132,CA,Physical Port Down,2017-12-19 00:06:40,2017-12-19 00:06:40,73409.84,1,LOS,DOWN,UP,-,-,NORMAL,0.88,equipment_module
alarm_00095,current_alarm_snapshot,2026-05-04 17:57:19,CRITICAL,asset_4226e99132,CA,Physical Port Down,2017-12-19 00:06:40,2017-12-19 00:06:40,73409.84,1,LOS,DOWN,UP,-,-,NORMAL,0.88,equipment_module
alarm_00096,current_alarm_snapshot,2026-05-04 17:57:19,CRITICAL,asset_4226e99132,CA,Physical Port Down,2017-12-19 00:06:40,2017-12-19 00:06:40,73409.84,1,LOS,DOWN,UP,-,-,NORMAL,0.88,equipment_module
alarm_00097,current_alarm_snapshot,2026-05-04 17:57:19,CRITICAL,asset_4226e99132,CA,Physical Port Down,2017-12-19 00:06:40,2017-12-19 00:06:40,73409.84,1,LOS,DOWN,UP,-,-,NORMAL,0.88,equipment_module
alarm_00098,current_alarm_snapshot,2026-05-04 17:57:19,CRITICAL,asset_4226e99132,CA,Physical Port Down,2017-12-19 00:06:40,2017-12-19 00:06:40,73409.84,1,LOS,DOWN,UP,-,-,NORMAL,0.88,equipment_module
alarm_00099,current_alarm_snapshot,2026-05-04 17:57:19,CRITICAL,asset_4226e99132,CA,Physical Port Down,2017-12-19 00:06:40,2017-12-19 00:06:40,73409.84,1,LOS,DOWN,UP,-,-,NORMAL,0.88,equipment_module
alarm_00100,current_alarm_snapshot,2026-05-04 17:57:19,CRITICAL,asset_4226e99132,CA,Physical Port Down,2017-12-19 00:06:40,2017-12-19 00:06:40,73409.84,1,LOS,DOWN,UP,-,-,NORMAL,0.88,equipment_module
alarm_00101,current_alarm_snapshot,2026-05-04 17:57:19,CRITICAL,asset_4226e99132,CA,Physical Port Down,2017-12-19 00:06:40,2017-12-19 00:06:40,73409.84,1,LOS,DOWN,UP,-,-,NORMAL,0.88,equipment_module
alarm_00102,current_alarm_snapshot,2026-05-04 17:57:19,CRITICAL,asset_4226e99132,CA,Physical Port Down,2017-12-19 00:06:40,2017-12-19 00:06:40,73409.84,1,LOS,DOWN,UP,-,-,NORMAL,0.88,equipment_module
alarm_00103,current_alarm_snapshot,2026-05-04 17:57:19,CRITICAL,asset_4226e99132,CA,Physical Port Down,2017-12-19 00:06:40,2017-12-19 00:06:40,73409.84,1,LOS,DOWN,UP,-,-,NORMAL,0.88,equipment_module
alarm_00104,current_alarm_snapshot,2026-05-04 17:57:19,CRITICAL,asset_4226e99132,CA,Physical Port Down,2017-12-19 00:06:40,2017-12-19 00:06:40,73409.84,1,LOS,DOWN,UP,-,-,NORMAL,0.88,equipment_module
alarm_00105,current_alarm_snapshot,2026-05-04 17:57:19,CRITICAL,asset_4226e99132,CA,Physical Port Down,2017-12-19 00:06:40,2017-12-19 00:06:40,73409.84,1,LOS,DOWN,UP,-,-,NORMAL,0.88,equipment_module
alarm_00106,current_alarm_snapshot,2026-05-04 17:57:19,CRITICAL,asset_4226e99132,CA,Physical Port Down,2017-12-19 00:06:40,2017-12-19 00:06:40,73409.84,1,LOS,DOWN,UP,-,-,NORMAL,0.88,equipment_module
alarm_00107,current_alarm_snapshot,2026-05-04 17:57:19,CRITICAL,asset_4226e99132,CA,Physical Port Down,2017-12-19 00:06:40,2017-12-19 00:06:40,73409.84,1,LOS,DOWN,UP,-,-,NORMAL,0.88,equipment_module
alarm_00108,current_alarm_snapshot,2026-05-04 17:57:19,CRITICAL,asset_21a7eae782,CA,Physical Port Down,2017-12-19 00:06:40,2017-12-19 00:06:40,73409.84,1,LOS,DOWN,UP,-,-,NORMAL,0.88,equipment_module
alarm_00109,current_alarm_snapshot,2026-05-04 17:57:19,CRITICAL,asset_21a7eae782,CA,Physical Port Down,2017-12-19 00:06:40,2017-12-19 00:06:40,73409.84,1,LOS,DOWN,UP,-,-,NORMAL,0.88,equipment_module
alarm_00110,current_alarm_snapshot,2026-05-04 17:57:19,CRITICAL,asset_21a7eae782,CA,Physical Port Down,2017-12-19 00:06:40,2017-12-19 00:06:40,73409.84,1,LOS,DOWN,UP,-,-,NORMAL,0.88,equipment_module
alarm_00111,current_alarm_snapshot,2026-05-04 17:57:19,CRITICAL,asset_21a7eae782,CA,Physical Port Down,2017-12-19 00:06:40,2017-12-19 00:06:40,73409.84,1,LOS,DOWN,UP,-,-,NORMAL,0.88,equipment_module
alarm_00112,current_alarm_snapshot,2026-05-04 17:57:19,CRITICAL,asset_21a7eae782,CA,Physical Port Down,2017-12-19 00:06:40,2017-12-19 00:06:40,73409.84,1,LOS,DOWN,UP,-,-,NORMAL,0.88,equipment_module
alarm_00113,current_alarm_snapshot,2026-05-04 17:57:19,CRITICAL,asset_21a7eae782,CA,Physical Port Down,2017-12-19 00:06:40,2017-12-19 00:06:40,73409.84,1,LOS,DOWN,UP,-,-,NORMAL,0.88,equipment_module
alarm_00114,current_alarm_snapshot,2026-05-04 17:57:19,CRITICAL,asset_21a7eae782,CA,Physical Port Down,2017-12-19 00:06:40,2017-12-19 00:06:40,73409.84,1,LOS,DOWN,UP,-,-,NORMAL,0.88,equipment_module
alarm_00115,current_alarm_snapshot,2026-05-04 17:57:19,CRITICAL,asset_21a7eae782,CA,Physical Port Down,2017-12-19 00:06:40,2017-12-19 00:06:40,73409.84,1,LOS,DOWN,UP,-,-,NORMAL,0.88,equipment_module
alarm_00116,current_alarm_snapshot,2026-05-04 17:57:19,CRITICAL,asset_21a7eae782,CA,Physical Port Down,2017-12-19 00:06:40,2017-12-19 00:06:40,73409.84,1,LOS,DOWN,UP,-,-,NORMAL,0.88,equipment_module
alarm_00117,current_alarm_snapshot,2026-05-04 17:57:19,CRITICAL,asset_21a7eae782,CA,Physical Port Down,2017-12-19 00:06:40,2017-12-19 00:06:40,73409.84,1,LOS,DOWN,UP,-,-,NORMAL,0.88,equipment_module
alarm_00118,current_alarm_snapshot,2026-05-04 17:57:19,CRITICAL,asset_21a7eae782,CA,Physical Port Down,2017-12-19 00:06:40,2017-12-19 00:06:40,73409.84,1,LOS,DOWN,UP,-,-,NORMAL,0.88,equipment_module
alarm_00119,current_alarm_snapshot,2026-05-04 17:57:19,CRITICAL,asset_21a7eae782,CA,Physical Port Down,2017-12-19 00:06:40,2017-12-19 00:06:40,73409.84,1,LOS,DOWN,UP,-,-,NORMAL,0.88,equipment_module
alarm_00120,current_alarm_snapshot,2026-05-04 17:57:19,CRITICAL,asset_21a7eae782,CA,Physical Port Down,2017-12-19 00:06:40,2017-12-19 00:06:40,73409.84,1,LOS,DOWN,UP,-,-,NORMAL,0.88,equipment_module
alarm_00121,current_alarm_snapshot,2026-05-04 17:57:19,CRITICAL,asset_21a7eae782,CA,Physical Port Down,2017-12-19 00:06:40,2017-12-19 00:06:40,73409.84,1,LOS,DOWN,UP,-,-,NORMAL,0.88,equipment_module
alarm_00122,current_alarm_snapshot,2026-05-04 17:57:19,CRITICAL,asset_21a7eae782,CA,Physical Port Down,2017-12-19 00:06:40,2017-12-19 00:06:40,73409.84,1,LOS,DOWN,UP,-,-,NORMAL,0.88,equipment_module
alarm_00123,current_alarm_snapshot,2026-05-04 17:57:19,CRITICAL,asset_4226e99132,CA,Physical Port Down,2017-12-19 00:06:41,2017-12-19 00:06:41,73409.84,1,LOS,DOWN,UP,-,-,NORMAL,0.88,equipment_module
alarm_00124,current_alarm_snapshot,2026-05-04 17:57:19,CRITICAL,asset_4226e99132,CA,Physical Port Down,2017-12-19 00:08:09,2017-12-19 00:08:09,73409.82,1,SHUTDOWN,DOWN,DOWN,-,-,NORMAL,0.88,equipment_module
alarm_00125,current_alarm_snapshot,2026-05-04 17:57:19,CRITICAL,asset_4226e99132,CA,Physical Port Down,2017-12-19 00:08:10,2017-12-19 00:08:10,73409.82,1,SHUTDOWN,DOWN,DOWN,-,-,NORMAL,0.88,equipment_module
alarm_00126,current_alarm_snapshot,2026-05-04 17:57:19,CRITICAL,asset_4226e99132,CA,Physical Port Down,2017-12-19 00:08:11,2017-12-19 00:08:11,73409.82,1,SHUTDOWN,DOWN,DOWN,-,-,NORMAL,0.88,equipment_module
alarm_00127,current_alarm_snapshot,2026-05-04 17:57:19,CRITICAL,asset_4226e99132,CA,Physical Port Down,2017-12-19 00:08:13,2017-12-19 00:08:13,73409.82,1,SHUTDOWN,DOWN,DOWN,-,-,NORMAL,0.88,equipment_module
alarm_00128,current_alarm_snapshot,2026-05-04 17:57:19,CRITICAL,asset_4226e99132,CA,Physical Port Down,2017-12-19 00:08:14,2017-12-19 00:08:14,73409.82,1,SHUTDOWN,DOWN,DOWN,-,-,NORMAL,0.88,equipment_module
alarm_00129,current_alarm_snapshot,2026-05-04 17:57:19,CRITICAL,asset_4226e99132,CA,Physical Port Down,2017-12-19 00:08:16,2017-12-19 00:08:16,73409.82,1,SHUTDOWN,DOWN,DOWN,-,-,NORMAL,0.88,equipment_module
alarm_00130,current_alarm_snapshot,2026-05-04 17:57:19,CRITICAL,asset_4226e99132,CA,Physical Port Down,2017-12-19 00:08:17,2017-12-19 00:08:17,73409.82,1,SHUTDOWN,DOWN,DOWN,-,-,NORMAL,0.88,equipment_module
alarm_00131,current_alarm_snapshot,2026-05-04 17:57:19,CRITICAL,asset_4226e99132,CA,Physical Port Down,2017-12-19 00:08:18,2017-12-19 00:08:18,73409.82,1,SHUTDOWN,DOWN,DOWN,-,-,NORMAL,0.88,equipment_module
alarm_00132,current_alarm_snapshot,2026-05-04 17:57:19,CRITICAL,asset_4226e99132,CA,Physical Port Down,2017-12-19 00:08:19,2017-12-19 00:08:19,73409.82,1,SHUTDOWN,DOWN,DOWN,-,-,NORMAL,0.88,equipment_module
alarm_00133,current_alarm_snapshot,2026-05-04 17:57:19,CRITICAL,asset_4226e99132,CA,Physical Port Down,2017-12-19 00:08:21,2017-12-19 00:08:21,73409.82,1,SHUTDOWN,DOWN,DOWN,-,-,NORMAL,0.88,equipment_module
alarm_00134,current_alarm_snapshot,2026-05-04 17:57:19,CRITICAL,asset_4226e99132,CA,Physical Port Down,2017-12-19 00:08:22,2017-12-19 00:08:22,73409.82,1,SHUTDOWN,DOWN,DOWN,-,-,NORMAL,0.88,equipment_module
alarm_00135,current_alarm_snapshot,2026-05-04 17:57:19,CRITICAL,asset_4226e99132,CA,Physical Port Down,2017-12-19 00:08:23,2017-12-19 00:08:23,73409.82,1,SHUTDOWN,DOWN,DOWN,-,-,NORMAL,0.88,equipment_module
alarm_00136,current_alarm_snapshot,2026-05-04 17:57:19,CRITICAL,asset_4226e99132,CA,Physical Port Down,2017-12-19 00:08:25,2017-12-19 00:08:25,73409.82,1,SHUTDOWN,DOWN,DOWN,-,-,NORMAL,0.88,equipment_module
alarm_00137,current_alarm_snapshot,2026-05-04 17:57:19,CRITICAL,asset_4226e99132,CA,Physical Port Down,2017-12-19 00:08:26,2017-12-19 00:08:26,73409.81,1,SHUTDOWN,DOWN,DOWN,-,-,NORMAL,0.88,equipment_module
alarm_00138,current_alarm_snapshot,2026-05-04 17:57:19,CRITICAL,asset_4226e99132,CA,Physical Port Down,2017-12-19 00:08:27,2017-12-19 00:08:27,73409.81,1,SHUTDOWN,DOWN,DOWN,-,-,NORMAL,0.88,equipment_module
alarm_00139,current_alarm_snapshot,2026-05-04 17:57:19,CRITICAL,asset_21a7eae782,CA,Physical Port Down,2017-12-19 01:57:13,2017-12-19 01:57:13,73408.0,1,SHUTDOWN,DOWN,DOWN,-,-,NORMAL,0.88,equipment_module
alarm_00140,current_alarm_snapshot,2026-05-04 17:57:19,CRITICAL,asset_21a7eae782,CA,Physical Port Down,2017-12-19 01:57:14,2017-12-19 01:57:14,73408.0,1,SHUTDOWN,DOWN,DOWN,-,-,NORMAL,0.88,equipment_module
alarm_00141,current_alarm_snapshot,2026-05-04 17:57:19,CRITICAL,asset_21a7eae782,CA,Physical Port Down,2017-12-19 01:57:16,2017-12-19 01:57:16,73408.0,1,SHUTDOWN,DOWN,DOWN,-,-,NORMAL,0.88,equipment_module
alarm_00142,current_alarm_snapshot,2026-05-04 17:57:19,CRITICAL,asset_21a7eae782,CA,Physical Port Down,2017-12-19 01:57:17,2017-12-19 01:57:17,73408.0,1,SHUTDOWN,DOWN,DOWN,-,-,NORMAL,0.88,equipment_module
alarm_00143,current_alarm_snapshot,2026-05-04 17:57:19,CRITICAL,asset_21a7eae782,CA,Physical Port Down,2017-12-19 01:57:18,2017-12-19 01:57:18,73408.0,1,SHUTDOWN,DOWN,DOWN,-,-,NORMAL,0.88,equipment_module
alarm_00144,current_alarm_snapshot,2026-05-04 17:57:19,CRITICAL,asset_21a7eae782,CA,Physical Port Down,2017-12-19 01:57:19,2017-12-19 01:57:19,73408.0,1,SHUTDOWN,DOWN,DOWN,-,-,NORMAL,0.88,equipment_module
alarm_00145,current_alarm_snapshot,2026-05-04 17:57:19,CRITICAL,asset_21a7eae782,CA,Physical Port Down,2017-12-19 01:57:21,2017-12-19 01:57:21,73408.0,1,SHUTDOWN,DOWN,DOWN,-,-,NORMAL,0.88,equipment_module
alarm_00146,current_alarm_snapshot,2026-05-04 17:57:19,CRITICAL,asset_21a7eae782,CA,Physical Port Down,2017-12-19 01:57:22,2017-12-19 01:57:22,73408.0,1,SHUTDOWN,DOWN,DOWN,-,-,NORMAL,0.88,equipment_module
alarm_00147,current_alarm_snapshot,2026-05-04 17:57:19,CRITICAL,asset_21a7eae782,CA,Physical Port Down,2017-12-19 01:57:23,2017-12-19 01:57:23,73408.0,1,SHUTDOWN,DOWN,DOWN,-,-,NORMAL,0.88,equipment_module
alarm_00148,current_alarm_snapshot,2026-05-04 17:57:19,CRITICAL,asset_21a7eae782,CA,Physical Port Down,2017-12-19 01:57:24,2017-12-19 01:57:24,73408.0,1,SHUTDOWN,DOWN,DOWN,-,-,NORMAL,0.88,equipment_module
alarm_00149,current_alarm_snapshot,2026-05-04 17:57:19,CRITICAL,asset_21a7eae782,CA,Physical Port Down,2017-12-19 01:57:26,2017-12-19 01:57:26,73408.0,1,SHUTDOWN,DOWN,DOWN,-,-,NORMAL,0.88,equipment_module
alarm_00150,current_alarm_snapshot,2026-05-04 17:57:19,CRITICAL,asset_21a7eae782,CA,Physical Port Down,2017-12-19 01:57:27,2017-12-19 01:57:27,73408.0,1,SHUTDOWN,DOWN,DOWN,-,-,NORMAL,0.88,equipment_module
alarm_00151,current_alarm_snapshot,2026-05-04 17:57:19,CRITICAL,asset_21a7eae782,CA,Physical Port Down,2017-12-19 01:57:28,2017-12-19 01:57:28,73408.0,1,SHUTDOWN,DOWN,DOWN,-,-,NORMAL,0.88,equipment_module
alarm_00152,current_alarm_snapshot,2026-05-04 17:57:19,CRITICAL,asset_21a7eae782,CA,Physical Port Down,2017-12-19 01:57:30,2017-12-19 01:57:30,73408.0,1,SHUTDOWN,DOWN,DOWN,-,-,NORMAL,0.88,equipment_module
alarm_00153,current_alarm_snapshot,2026-05-04 17:57:19,CRITICAL,asset_21a7eae782,CA,Physical Port Down,2017-12-19 01:57:31,2017-12-19 01:57:31,73408.0,1,SHUTDOWN,DOWN,DOWN,-,-,NORMAL,0.88,equipment_module
alarm_00154,current_alarm_snapshot,2026-05-04 17:57:19,CRITICAL,asset_21a7eae782,CA,Physical Port Down,2017-12-19 01:57:32,2017-12-19 01:57:32,73408.0,1,SHUTDOWN,DOWN,DOWN,-,-,NORMAL,0.88,equipment_module
alarm_00155,current_alarm_snapshot,2026-05-04 17:57:19,CRITICAL,asset_ea13d97725,CA,Physical Port Down,2018-01-09 00:01:39,2018-01-09 00:01:39,72905.93,1,LOS,DOWN,UP,-,-,NORMAL,0.88,link_down
alarm_00156,current_alarm_snapshot,2026-05-04 17:57:19,CRITICAL,asset_ea13d97725,CA,Physical Port Down,2018-01-09 00:01:39,2018-01-09 00:01:39,72905.93,1,LOS,DOWN,UP,-,-,NORMAL,0.88,link_down
alarm_00157,current_alarm_snapshot,2026-05-04 17:57:19,CRITICAL,asset_ea13d97725,CA,Physical Port Down,2018-01-09 00:01:39,2018-01-09 00:01:39,72905.93,1,LOS,DOWN,UP,-,-,NORMAL,0.88,link_down
alarm_00158,current_alarm_snapshot,2026-05-04 17:57:19,CRITICAL,asset_ea13d97725,CA,Physical Port Down,2018-01-09 00:01:39,2018-01-09 00:01:39,72905.93,1,LOS,DOWN,UP,-,-,NORMAL,0.88,link_down
alarm_00159,current_alarm_snapshot,2026-05-04 17:57:19,CRITICAL,asset_ea13d97725,CA,Physical Port Down,2018-01-09 00:01:39,2018-01-09 00:01:39,72905.93,1,LOS,DOWN,UP,-,-,NORMAL,0.88,link_down
alarm_00160,current_alarm_snapshot,2026-05-04 17:57:19,CRITICAL,asset_5235efd7d0,CA,Physical Port Down,2018-01-09 00:01:39,2018-01-09 00:01:39,72905.93,1,LOS,DOWN,UP,-,-,NORMAL,0.88,link_down
alarm_00161,current_alarm_snapshot,2026-05-04 17:57:19,CRITICAL,asset_5235efd7d0,CA,Physical Port Down,2018-01-09 00:01:39,2018-01-09 00:01:39,72905.93,1,LOS,DOWN,UP,-,-,NORMAL,0.88,link_down
alarm_00162,current_alarm_snapshot,2026-05-04 17:57:19,CRITICAL,asset_5235efd7d0,CA,Physical Port Down,2018-01-09 00:01:39,2018-01-09 00:01:39,72905.93,1,LOS,DOWN,UP,-,-,NORMAL,0.88,link_down
alarm_00163,current_alarm_snapshot,2026-05-04 17:57:19,CRITICAL,asset_5235efd7d0,CA,Physical Port Down,2018-01-09 00:01:39,2018-01-09 00:01:39,72905.93,1,LOS,DOWN,UP,-,-,NORMAL,0.88,link_down
alarm_00164,current_alarm_snapshot,2026-05-04 17:57:19,CRITICAL,asset_5235efd7d0,CA,Physical Port Down,2018-01-09 00:01:39,2018-01-09 00:01:39,72905.93,1,LOS,DOWN,UP,-,-,NORMAL,0.88,link_down
alarm_00165,current_alarm_snapshot,2026-05-04 17:57:19,CRITICAL,asset_ea13d97725,CA,Physical Port Down,2018-01-09 00:01:40,2018-01-09 00:01:40,72905.93,1,LOS,DOWN,UP,-,-,NORMAL,0.88,link_down
alarm_00166,current_alarm_snapshot,2026-05-04 17:57:19,CRITICAL,asset_ea13d97725,CA,Physical Port Down,2018-01-09 00:01:40,2018-01-09 00:01:40,72905.93,1,LOS,DOWN,UP,-,-,NORMAL,0.88,link_down
alarm_00167,current_alarm_snapshot,2026-05-04 17:57:19,CRITICAL,asset_5235efd7d0,CA,Physical Port Down,2018-01-09 00:01:40,2018-01-09 00:01:40,72905.93,1,LOS,DOWN,UP,-,-,NORMAL,0.88,link_down
alarm_00168,current_alarm_snapshot,2026-05-04 17:57:19,CRITICAL,asset_5235efd7d0,CA,Physical Port Down,2018-01-09 00:01:40,2018-01-09 00:01:40,72905.93,1,LOS,DOWN,UP,-,-,NORMAL,0.88,link_down
alarm_00169,current_alarm_snapshot,2026-05-04 17:57:19,CRITICAL,asset_ea13d97725,CA,Physical Port Down,2018-01-09 00:28:27,2018-01-09 00:28:27,72905.48,1,SHUTDOWN,DOWN,DOWN,-,-,NORMAL,0.88,link_down
alarm_00170,current_alarm_snapshot,2026-05-04 17:57:19,CRITICAL,asset_ea13d97725,CA,Physical Port Down,2018-01-09 00:28:29,2018-01-09 00:28:29,72905.48,1,SHUTDOWN,DOWN,DOWN,-,-,NORMAL,0.88,link_down
alarm_00171,current_alarm_snapshot,2026-05-04 17:57:19,CRITICAL,asset_ea13d97725,CA,Physical Port Down,2018-01-09 00:28:30,2018-01-09 00:28:30,72905.48,1,SHUTDOWN,DOWN,DOWN,-,-,NORMAL,0.88,link_down
alarm_00172,current_alarm_snapshot,2026-05-04 17:57:19,CRITICAL,asset_ea13d97725,CA,Physical Port Down,2018-01-09 00:28:31,2018-01-09 00:28:31,72905.48,1,SHUTDOWN,DOWN,DOWN,-,-,NORMAL,0.88,link_down
alarm_00173,current_alarm_snapshot,2026-05-04 17:57:19,CRITICAL,asset_ea13d97725,CA,Physical Port Down,2018-01-09 00:28:33,2018-01-09 00:28:33,72905.48,1,SHUTDOWN,DOWN,DOWN,-,-,NORMAL,0.88,link_down
alarm_00174,current_alarm_snapshot,2026-05-04 17:57:19,CRITICAL,asset_ea13d97725,CA,Physical Port Down,2018-01-09 00:28:34,2018-01-09 00:28:34,72905.48,1,SHUTDOWN,DOWN,DOWN,-,-,NORMAL,0.88,link_down
alarm_00175,current_alarm_snapshot,2026-05-04 17:57:19,CRITICAL,asset_ea13d97725,CA,Physical Port Down,2018-01-09 00:28:35,2018-01-09 00:28:35,72905.48,1,SHUTDOWN,DOWN,DOWN,-,-,NORMAL,0.88,link_down
alarm_00176,current_alarm_snapshot,2026-05-04 17:57:19,CRITICAL,asset_5235efd7d0,CA,Physical Port Down,2018-01-09 02:03:57,2018-01-09 02:03:57,72903.89,1,SHUTDOWN,DOWN,DOWN,-,-,NORMAL,0.88,link_down
alarm_00177,current_alarm_snapshot,2026-05-04 17:57:19,CRITICAL,asset_5235efd7d0,CA,Physical Port Down,2018-01-09 02:03:58,2018-01-09 02:03:58,72903.89,1,SHUTDOWN,DOWN,DOWN,-,-,NORMAL,0.88,link_down
alarm_00178,current_alarm_snapshot,2026-05-04 17:57:19,CRITICAL,asset_5235efd7d0,CA,Physical Port Down,2018-01-09 02:03:59,2018-01-09 02:03:59,72903.89,1,SHUTDOWN,DOWN,DOWN,-,-,NORMAL,0.88,link_down
alarm_00179,current_alarm_snapshot,2026-05-04 17:57:19,CRITICAL,asset_5235efd7d0,CA,Physical Port Down,2018-01-09 02:04:01,2018-01-09 02:04:01,72903.89,1,SHUTDOWN,DOWN,DOWN,-,-,NORMAL,0.88,link_down
alarm_00180,current_alarm_snapshot,2026-05-04 17:57:19,CRITICAL,asset_5235efd7d0,CA,Physical Port Down,2018-01-09 02:04:02,2018-01-09 02:04:02,72903.89,1,SHUTDOWN,DOWN,DOWN,-,-,NORMAL,0.88,link_down
alarm_00181,current_alarm_snapshot,2026-05-04 17:57:19,CRITICAL,asset_5235efd7d0,CA,Physical Port Down,2018-01-09 02:04:03,2018-01-09 02:04:03,72903.89,1,SHUTDOWN,DOWN,DOWN,-,-,NORMAL,0.88,link_down
alarm_00182,current_alarm_snapshot,2026-05-04 17:57:19,CRITICAL,asset_5235efd7d0,CA,Physical Port Down,2018-01-09 02:04:05,2018-01-09 02:04:05,72903.89,1,SHUTDOWN,DOWN,DOWN,-,-,NORMAL,0.88,link_down
alarm_00183,current_alarm_snapshot,2026-05-04 17:57:19,CRITICAL,asset_ea13d97725,CA,Physical Port Down,2018-01-12 00:07:35,2018-01-12 00:07:35,72833.83,1,LOS,DOWN,UP,-,-,NORMAL,0.88,link_down
alarm_00184,current_alarm_snapshot,2026-05-04 17:57:19,CRITICAL,asset_ea13d97725,CA,Physical Port Down,2018-01-12 00:07:35,2018-01-12 00:07:35,72833.83,1,LOS,DOWN,UP,-,-,NORMAL,0.88,link_down
alarm_00185,current_alarm_snapshot,2026-05-04 17:57:19,CRITICAL,asset_ea13d97725,CA,Physical Port Down,2018-01-12 00:07:36,2018-01-12 00:07:36,72833.83,1,LOS,DOWN,UP,-,-,NORMAL,0.88,link_down
alarm_00186,current_alarm_snapshot,2026-05-04 17:57:19,CRITICAL,asset_5235efd7d0,CA,Physical Port Down,2018-01-12 00:07:36,2018-01-12 00:07:36,72833.83,1,LOS,DOWN,UP,-,-,NORMAL,0.88,link_down
alarm_00187,current_alarm_snapshot,2026-05-04 17:57:19,CRITICAL,asset_5235efd7d0,CA,Physical Port Down,2018-01-12 00:07:36,2018-01-12 00:07:36,72833.83,1,LOS,DOWN,UP,-,-,NORMAL,0.88,link_down
alarm_00188,current_alarm_snapshot,2026-05-04 17:57:19,CRITICAL,asset_5235efd7d0,CA,Physical Port Down,2018-01-12 00:07:36,2018-01-12 00:07:36,72833.83,1,LOS,DOWN,UP,-,-,NORMAL,0.88,link_down
alarm_00189,current_alarm_snapshot,2026-05-04 17:57:19,CRITICAL,asset_ea13d97725,CA,Physical Port Down,2018-01-12 00:07:37,2018-01-12 00:07:37,72833.83,1,LOS,DOWN,UP,-,-,NORMAL,0.88,link_down
alarm_00190,current_alarm_snapshot,2026-05-04 17:57:19,CRITICAL,asset_5235efd7d0,CA,Physical Port Down,2018-01-12 00:07:37,2018-01-12 00:07:37,72833.83,1,LOS,DOWN,UP,-,-,NORMAL,0.88,link_down
alarm_00191,current_alarm_snapshot,2026-05-04 17:57:19,CRITICAL,asset_ea13d97725,CA,Physical Port Down,2018-01-12 00:13:49,2018-01-12 00:13:49,72833.73,1,SHUTDOWN,DOWN,DOWN,-,-,NORMAL,0.88,link_down
alarm_00192,current_alarm_snapshot,2026-05-04 17:57:19,CRITICAL,asset_ea13d97725,CA,Physical Port Down,2018-01-12 00:13:49,2018-01-12 00:13:49,72833.73,1,SHUTDOWN,DOWN,DOWN,-,-,NORMAL,0.88,link_down
alarm_00193,current_alarm_snapshot,2026-05-04 17:57:19,CRITICAL,asset_ea13d97725,CA,Physical Port Down,2018-01-12 00:13:50,2018-01-12 00:13:50,72833.72,1,SHUTDOWN,DOWN,DOWN,-,-,NORMAL,0.88,link_down
alarm_00194,current_alarm_snapshot,2026-05-04 17:57:19,CRITICAL,asset_ea13d97725,CA,Physical Port Down,2018-01-12 00:13:51,2018-01-12 00:13:51,72833.72,1,SHUTDOWN,DOWN,DOWN,-,-,NORMAL,0.88,link_down
alarm_00195,current_alarm_snapshot,2026-05-04 17:57:19,CRITICAL,asset_ea13d97725,CA,Physical Port Down,2018-01-12 00:13:53,2018-01-12 00:13:53,72833.72,1,SHUTDOWN,DOWN,DOWN,-,-,NORMAL,0.88,link_down
alarm_00196,current_alarm_snapshot,2026-05-04 17:57:19,CRITICAL,asset_ea13d97725,CA,Physical Port Down,2018-01-12 00:13:54,2018-01-12 00:13:54,72833.72,1,SHUTDOWN,DOWN,DOWN,-,-,NORMAL,0.88,link_down
alarm_00197,current_alarm_snapshot,2026-05-04 17:57:19,CRITICAL,asset_5235efd7d0,CA,Physical Port Down,2018-01-12 02:01:46,2018-01-12 02:01:46,72831.93,1,SHUTDOWN,DOWN,DOWN,-,-,NORMAL,0.88,link_down
alarm_00198,current_alarm_snapshot,2026-05-04 17:57:19,CRITICAL,asset_5235efd7d0,CA,Physical Port Down,2018-01-12 02:01:46,2018-01-12 02:01:46,72831.93,1,SHUTDOWN,DOWN,DOWN,-,-,NORMAL,0.88,link_down
alarm_00199,current_alarm_snapshot,2026-05-04 17:57:19,CRITICAL,asset_5235efd7d0,CA,Physical Port Down,2018-01-12 02:01:47,2018-01-12 02:01:47,72831.93,1,SHUTDOWN,DOWN,DOWN,-,-,NORMAL,0.88,link_down
alarm_00200,current_alarm_snapshot,2026-05-04 17:57:19,CRITICAL,asset_5235efd7d0,CA,Physical Port Down,2018-01-12 02:01:48,2018-01-12 02:01:48,72831.93,1,SHUTDOWN,DOWN,DOWN,-,-,NORMAL,0.88,link_down
alarm_00201,current_alarm_snapshot,2026-05-04 17:57:19,CRITICAL,asset_5235efd7d0,CA,Physical Port Down,2018-01-12 02:01:49,2018-01-12 02:01:49,72831.93,1,SHUTDOWN,DOWN,DOWN,-,-,NORMAL,0.88,link_down
alarm_00202,current_alarm_snapshot,2026-05-04 17:57:19,CRITICAL,asset_5235efd7d0,CA,Physical Port Down,2018-01-12 02:01:51,2018-01-12 02:01:51,72831.92,1,SHUTDOWN,DOWN,DOWN,-,-,NORMAL,0.88,link_down
alarm_00203,current_alarm_snapshot,2026-05-04 17:57:19,CRITICAL,asset_4226e99132,CA,Physical Port Down,2018-01-16 00:02:08,2018-01-16 00:02:08,72737.92,1,LOS,DOWN,UP,-,-,NORMAL,0.88,equipment_module
alarm_00204,current_alarm_snapshot,2026-05-04 17:57:19,CRITICAL,asset_21a7eae782,CA,Physical Port Down,2018-01-16 00:02:09,2018-01-16 00:02:09,72737.92,1,LOS,DOWN,UP,-,-,NORMAL,0.88,equipment_module
alarm_00205,current_alarm_snapshot,2026-05-04 17:57:19,CRITICAL,asset_21a7eae782,CA,Physical Port Down,2018-01-16 00:02:09,2018-01-16 00:02:09,72737.92,1,LOS,DOWN,UP,-,-,NORMAL,0.88,equipment_module
alarm_00206,current_alarm_snapshot,2026-05-04 17:57:19,CRITICAL,asset_21a7eae782,CA,Physical Port Down,2018-01-16 00:02:09,2018-01-16 00:02:09,72737.92,1,LOS,DOWN,UP,-,-,NORMAL,0.88,equipment_module
alarm_00207,current_alarm_snapshot,2026-05-04 17:57:19,CRITICAL,asset_21a7eae782,CA,Physical Port Down,2018-01-16 00:02:09,2018-01-16 00:02:09,72737.92,1,LOS,DOWN,UP,-,-,NORMAL,0.88,equipment_module
alarm_00208,current_alarm_snapshot,2026-05-04 17:57:19,CRITICAL,asset_21a7eae782,CA,Physical Port Down,2018-01-16 00:02:09,2018-01-16 00:02:09,72737.92,1,LOS,DOWN,UP,-,-,NORMAL,0.88,equipment_module
alarm_00209,current_alarm_snapshot,2026-05-04 17:57:19,CRITICAL,asset_4226e99132,CA,Physical Port Down,2018-01-16 00:02:09,2018-01-16 00:02:09,72737.92,1,LOS,DOWN,UP,-,-,NORMAL,0.88,equipment_module
alarm_00210,current_alarm_snapshot,2026-05-04 17:57:19,CRITICAL,asset_4226e99132,CA,Physical Port Down,2018-01-16 00:02:09,2018-01-16 00:02:09,72737.92,1,LOS,DOWN,UP,-,-,NORMAL,0.88,equipment_module
alarm_00211,current_alarm_snapshot,2026-05-04 17:57:19,CRITICAL,asset_4226e99132,CA,Physical Port Down,2018-01-16 00:02:09,2018-01-16 00:02:09,72737.92,1,LOS,DOWN,UP,-,-,NORMAL,0.88,equipment_module
alarm_00212,current_alarm_snapshot,2026-05-04 17:57:19,CRITICAL,asset_4226e99132,CA,Physical Port Down,2018-01-16 00:02:09,2018-01-16 00:02:09,72737.92,1,LOS,DOWN,UP,-,-,NORMAL,0.88,equipment_module
alarm_00213,current_alarm_snapshot,2026-05-04 17:57:19,CRITICAL,asset_4226e99132,CA,Physical Port Down,2018-01-16 00:02:09,2018-01-16 00:02:09,72737.92,1,LOS,DOWN,UP,-,-,NORMAL,0.88,equipment_module
alarm_00214,current_alarm_snapshot,2026-05-04 17:57:19,CRITICAL,asset_21a7eae782,CA,Physical Port Down,2018-01-16 00:02:10,2018-01-16 00:02:10,72737.92,1,LOS,DOWN,UP,-,-,NORMAL,0.88,equipment_module
alarm_00215,current_alarm_snapshot,2026-05-04 17:57:19,CRITICAL,asset_21a7eae782,CA,Physical Port Down,2018-01-16 00:02:10,2018-01-16 00:02:10,72737.92,1,LOS,DOWN,UP,-,-,NORMAL,0.88,equipment_module
alarm_00216,current_alarm_snapshot,2026-05-04 17:57:19,CRITICAL,asset_21a7eae782,CA,Physical Port Down,2018-01-16 00:02:10,2018-01-16 00:02:10,72737.92,1,LOS,DOWN,UP,-,-,NORMAL,0.88,equipment_module
alarm_00217,current_alarm_snapshot,2026-05-04 17:57:19,CRITICAL,asset_4226e99132,CA,Physical Port Down,2018-01-16 00:02:10,2018-01-16 00:02:10,72737.92,1,LOS,DOWN,UP,-,-,NORMAL,0.88,equipment_module
alarm_00218,current_alarm_snapshot,2026-05-04 17:57:19,CRITICAL,asset_4226e99132,CA,Physical Port Down,2018-01-16 00:10:36,2018-01-16 00:10:36,72737.78,1,SHUTDOWN,DOWN,DOWN,-,-,NORMAL,0.88,equipment_module
alarm_00219,current_alarm_snapshot,2026-05-04 17:57:19,CRITICAL,asset_4226e99132,CA,Physical Port Down,2018-01-16 00:10:37,2018-01-16 00:10:37,72737.78,1,SHUTDOWN,DOWN,DOWN,-,-,NORMAL,0.88,equipment_module
alarm_00220,current_alarm_snapshot,2026-05-04 17:57:19,CRITICAL,asset_4226e99132,CA,Physical Port Down,2018-01-16 00:10:38,2018-01-16 00:10:38,72737.78,1,SHUTDOWN,DOWN,DOWN,-,-,NORMAL,0.88,equipment_module
alarm_00221,current_alarm_snapshot,2026-05-04 17:57:19,CRITICAL,asset_4226e99132,CA,Physical Port Down,2018-01-16 00:10:39,2018-01-16 00:10:39,72737.78,1,SHUTDOWN,DOWN,DOWN,-,-,NORMAL,0.88,equipment_module
alarm_00222,current_alarm_snapshot,2026-05-04 17:57:19,CRITICAL,asset_4226e99132,CA,Physical Port Down,2018-01-16 00:10:40,2018-01-16 00:10:40,72737.78,1,SHUTDOWN,DOWN,DOWN,-,-,NORMAL,0.88,equipment_module
alarm_00223,current_alarm_snapshot,2026-05-04 17:57:19,CRITICAL,asset_4226e99132,CA,Physical Port Down,2018-01-16 00:10:42,2018-01-16 00:10:42,72737.78,1,SHUTDOWN,DOWN,DOWN,-,-,NORMAL,0.88,equipment_module
alarm_00224,current_alarm_snapshot,2026-05-04 17:57:19,CRITICAL,asset_4226e99132,CA,Physical Port Down,2018-01-16 00:10:44,2018-01-16 00:10:44,72737.78,1,SHUTDOWN,DOWN,DOWN,-,-,NORMAL,0.88,equipment_module
alarm_00225,current_alarm_snapshot,2026-05-04 17:57:19,CRITICAL,asset_21a7eae782,CA,Physical Port Down,2018-01-16 01:56:23,2018-01-16 01:56:23,72736.02,1,SHUTDOWN,DOWN,DOWN,-,-,NORMAL,0.88,equipment_module
alarm_00226,current_alarm_snapshot,2026-05-04 17:57:19,CRITICAL,asset_21a7eae782,CA,Physical Port Down,2018-01-16 01:56:24,2018-01-16 01:56:24,72736.02,1,SHUTDOWN,DOWN,DOWN,-,-,NORMAL,0.88,equipment_module
alarm_00227,current_alarm_snapshot,2026-05-04 17:57:19,CRITICAL,asset_21a7eae782,CA,Physical Port Down,2018-01-16 01:56:25,2018-01-16 01:56:25,72736.01,1,SHUTDOWN,DOWN,DOWN,-,-,NORMAL,0.88,equipment_module
alarm_00228,current_alarm_snapshot,2026-05-04 17:57:19,CRITICAL,asset_21a7eae782,CA,Physical Port Down,2018-01-16 01:56:26,2018-01-16 01:56:26,72736.01,1,SHUTDOWN,DOWN,DOWN,-,-,NORMAL,0.88,equipment_module
alarm_00229,current_alarm_snapshot,2026-05-04 17:57:19,CRITICAL,asset_21a7eae782,CA,Physical Port Down,2018-01-16 01:56:27,2018-01-16 01:56:27,72736.01,1,SHUTDOWN,DOWN,DOWN,-,-,NORMAL,0.88,equipment_module
alarm_00230,current_alarm_snapshot,2026-05-04 17:57:19,CRITICAL,asset_21a7eae782,CA,Physical Port Down,2018-01-16 01:56:27,2018-01-16 01:56:27,72736.01,1,SHUTDOWN,DOWN,DOWN,-,-,NORMAL,0.88,equipment_module
alarm_00231,current_alarm_snapshot,2026-05-04 17:57:19,CRITICAL,asset_21a7eae782,CA,Physical Port Down,2018-01-16 01:56:28,2018-01-16 01:56:28,72736.01,1,SHUTDOWN,DOWN,DOWN,-,-,NORMAL,0.88,equipment_module
alarm_00232,current_alarm_snapshot,2026-05-04 17:57:19,CRITICAL,asset_21a7eae782,CA,Physical Port Down,2018-01-16 01:56:29,2018-01-16 01:56:29,72736.01,1,SHUTDOWN,DOWN,DOWN,-,-,NORMAL,0.88,equipment_module
alarm_00233,current_alarm_snapshot,2026-05-04 17:57:19,CRITICAL,asset_21a7eae782,CA,Physical Port Down,2018-01-16 01:56:30,2018-01-16 01:56:30,72736.01,1,SHUTDOWN,DOWN,DOWN,-,-,NORMAL,0.88,equipment_module
alarm_00234,current_alarm_snapshot,2026-05-04 17:57:19,CRITICAL,asset_21a7eae782,CA,Physical Port Down,2018-01-16 01:56:31,2018-01-16 01:56:31,72736.01,1,SHUTDOWN,DOWN,DOWN,-,-,NORMAL,0.88,equipment_module
alarm_00235,current_alarm_snapshot,2026-05-04 17:57:19,CRITICAL,asset_21a7eae782,CA,Physical Port Down,2018-01-16 01:56:33,2018-01-16 01:56:33,72736.01,1,SHUTDOWN,DOWN,DOWN,-,-,NORMAL,0.88,equipment_module
alarm_00236,current_alarm_snapshot,2026-05-04 17:57:19,CRITICAL,asset_21a7eae782,CA,Physical Port Down,2018-01-16 01:56:34,2018-01-16 01:56:34,72736.01,1,SHUTDOWN,DOWN,DOWN,-,-,NORMAL,0.88,equipment_module
alarm_00237,current_alarm_snapshot,2026-05-04 17:57:19,CRITICAL,asset_d0aacbf21a,AG,Physical Port Down,2018-01-23 11:20:32,2018-01-23 11:20:32,72558.61,1,LOS,DOWN,UP,-,-,NORMAL,0.88,link_down
alarm_00238,current_alarm_snapshot,2026-05-04 17:57:19,CRITICAL,asset_d0aacbf21a,AG,Physical Port Down,2018-01-23 11:20:32,2018-01-23 11:20:32,72558.61,1,LOS,DOWN,UP,-,-,NORMAL,0.88,link_down
alarm_00239,current_alarm_snapshot,2026-05-04 17:57:19,CRITICAL,asset_83911d0217,AG,Physical Port Down,2018-06-08 19:41:58,2018-06-08 19:41:58,69286.26,1,LOS,DOWN,UP,-,-,NORMAL,0.88,link_down
alarm_00240,current_alarm_snapshot,2026-05-04 17:57:19,CRITICAL,asset_83911d0217,AG,Physical Port Down,2018-06-08 19:43:16,2018-06-08 19:43:16,69286.23,1,LOS,DOWN,UP,-,-,NORMAL,0.88,link_down
alarm_00241,current_alarm_snapshot,2026-05-04 17:57:19,CRITICAL,asset_83911d0217,AG,Physical Port Down,2018-06-08 20:29:25,2018-06-08 20:29:25,69285.46,1,LOS,DOWN,UP,-,-,NORMAL,0.88,link_down
alarm_00242,current_alarm_snapshot,2026-05-04 17:57:19,CRITICAL,asset_21a7eae782,CA,Physical Port Down,2018-07-31 00:34:22,2018-07-31 00:34:22,68033.38,1,LOS,DOWN,UP,-,-,NORMAL,0.88,equipment_module
alarm_00243,current_alarm_snapshot,2026-05-04 17:57:19,CRITICAL,asset_21a7eae782,CA,Physical Port Down,2018-07-31 00:34:22,2018-07-31 00:34:22,68033.38,1,LOS,DOWN,UP,-,-,NORMAL,0.88,equipment_module
alarm_00244,current_alarm_snapshot,2026-05-04 17:57:19,CRITICAL,asset_21a7eae782,CA,Physical Port Down,2018-07-31 00:34:23,2018-07-31 00:34:23,68033.38,1,LOS,DOWN,UP,-,-,NORMAL,0.88,equipment_module
alarm_00245,current_alarm_snapshot,2026-05-04 17:57:19,CRITICAL,asset_21a7eae782,CA,Physical Port Down,2018-07-31 00:34:23,2018-07-31 00:34:23,68033.38,1,LOS,DOWN,UP,-,-,NORMAL,0.88,equipment_module
alarm_00246,current_alarm_snapshot,2026-05-04 17:57:19,CRITICAL,asset_21a7eae782,CA,Physical Port Down,2018-07-31 00:34:23,2018-07-31 00:34:23,68033.38,1,LOS,DOWN,UP,-,-,NORMAL,0.88,equipment_module
alarm_00247,current_alarm_snapshot,2026-05-04 17:57:19,CRITICAL,asset_21a7eae782,CA,Physical Port Down,2018-07-31 00:34:23,2018-07-31 00:34:23,68033.38,1,LOS,DOWN,UP,-,-,NORMAL,0.88,equipment_module
alarm_00248,current_alarm_snapshot,2026-05-04 17:57:19,CRITICAL,asset_21a7eae782,CA,Physical Port Down,2018-07-31 00:34:23,2018-07-31 00:34:23,68033.38,1,LOS,DOWN,UP,-,-,NORMAL,0.88,equipment_module
alarm_00249,current_alarm_snapshot,2026-05-04 17:57:19,CRITICAL,asset_21a7eae782,CA,Physical Port Down,2018-07-31 00:34:23,2018-07-31 00:34:23,68033.38,1,LOS,DOWN,UP,-,-,NORMAL,0.88,equipment_module
alarm_00250,current_alarm_snapshot,2026-05-04 17:57:19,CRITICAL,asset_21a7eae782,CA,Physical Port Down,2018-07-31 00:34:23,2018-07-31 00:34:23,68033.38,1,LOS,DOWN,UP,-,-,NORMAL,0.88,equipment_module
alarm_00251,current_alarm_snapshot,2026-05-04 17:57:19,CRITICAL,asset_21a7eae782,CA,Physical Port Down,2018-07-31 00:34:23,2018-07-31 00:34:23,68033.38,1,LOS,DOWN,UP,-,-,NORMAL,0.88,equipment_module
alarm_00252,current_alarm_snapshot,2026-05-04 17:57:19,CRITICAL,asset_21a7eae782,CA,Physical Port Down,2018-07-31 00:34:23,2018-07-31 00:34:23,68033.38,1,LOS,DOWN,UP,-,-,NORMAL,0.88,equipment_module
alarm_00253,current_alarm_snapshot,2026-05-04 17:57:19,CRITICAL,asset_21a7eae782,CA,Physical Port Down,2018-07-31 00:34:23,2018-07-31 00:34:23,68033.38,1,LOS,DOWN,UP,-,-,NORMAL,0.88,equipment_module
alarm_00254,current_alarm_snapshot,2026-05-04 17:57:19,CRITICAL,asset_21a7eae782,CA,Physical Port Down,2018-07-31 00:34:23,2018-07-31 00:34:23,68033.38,1,LOS,DOWN,UP,-,-,NORMAL,0.88,equipment_module
alarm_00255,current_alarm_snapshot,2026-05-04 17:57:19,CRITICAL,asset_21a7eae782,CA,Physical Port Down,2018-07-31 00:34:23,2018-07-31 00:34:23,68033.38,1,LOS,DOWN,UP,-,-,NORMAL,0.88,equipment_module
alarm_00256,current_alarm_snapshot,2026-05-04 17:57:19,CRITICAL,asset_21a7eae782,CA,Physical Port Down,2018-07-31 00:34:23,2018-07-31 00:34:23,68033.38,1,LOS,DOWN,UP,-,-,NORMAL,0.88,equipment_module
alarm_00257,current_alarm_snapshot,2026-05-04 17:57:19,CRITICAL,asset_21a7eae782,CA,Physical Port Down,2018-07-31 00:34:23,2018-07-31 00:34:23,68033.38,1,LOS,DOWN,UP,-,-,NORMAL,0.88,equipment_module
alarm_00258,current_alarm_snapshot,2026-05-04 17:57:19,CRITICAL,asset_21a7eae782,CA,Physical Port Down,2018-07-31 00:34:23,2018-07-31 00:34:23,68033.38,1,LOS,DOWN,UP,-,-,NORMAL,0.88,equipment_module
alarm_00259,current_alarm_snapshot,2026-05-04 17:57:19,CRITICAL,asset_21a7eae782,CA,Physical Port Down,2018-07-31 00:34:23,2018-07-31 00:34:23,68033.38,1,LOS,DOWN,UP,-,-,NORMAL,0.88,equipment_module
alarm_00260,current_alarm_snapshot,2026-05-04 17:57:19,CRITICAL,asset_4226e99132,CA,Physical Port Down,2018-07-31 00:34:23,2018-07-31 00:34:23,68033.38,1,LOS,DOWN,UP,-,-,NORMAL,0.88,equipment_module
alarm_00261,current_alarm_snapshot,2026-05-04 17:57:19,CRITICAL,asset_4226e99132,CA,Physical Port Down,2018-07-31 00:34:23,2018-07-31 00:34:23,68033.38,1,LOS,DOWN,UP,-,-,NORMAL,0.88,equipment_module
alarm_00262,current_alarm_snapshot,2026-05-04 17:57:19,CRITICAL,asset_4226e99132,CA,Physical Port Down,2018-07-31 00:34:23,2018-07-31 00:34:23,68033.38,1,LOS,DOWN,UP,-,-,NORMAL,0.88,equipment_module
alarm_00263,current_alarm_snapshot,2026-05-04 17:57:19,CRITICAL,asset_4226e99132,CA,Physical Port Down,2018-07-31 00:34:23,2018-07-31 00:34:23,68033.38,1,LOS,DOWN,UP,-,-,NORMAL,0.88,equipment_module
alarm_00264,current_alarm_snapshot,2026-05-04 17:57:19,CRITICAL,asset_4226e99132,CA,Physical Port Down,2018-07-31 00:34:23,2018-07-31 00:34:23,68033.38,1,LOS,DOWN,UP,-,-,NORMAL,0.88,equipment_module
alarm_00265,current_alarm_snapshot,2026-05-04 17:57:19,CRITICAL,asset_4226e99132,CA,Physical Port Down,2018-07-31 00:34:23,2018-07-31 00:34:23,68033.38,1,LOS,DOWN,UP,-,-,NORMAL,0.88,equipment_module
alarm_00266,current_alarm_snapshot,2026-05-04 17:57:19,CRITICAL,asset_4226e99132,CA,Physical Port Down,2018-07-31 00:34:23,2018-07-31 00:34:23,68033.38,1,LOS,DOWN,UP,-,-,NORMAL,0.88,equipment_module
alarm_00267,current_alarm_snapshot,2026-05-04 17:57:19,CRITICAL,asset_4226e99132,CA,Physical Port Down,2018-07-31 00:34:23,2018-07-31 00:34:23,68033.38,1,LOS,DOWN,UP,-,-,NORMAL,0.88,equipment_module
alarm_00268,current_alarm_snapshot,2026-05-04 17:57:19,CRITICAL,asset_4226e99132,CA,Physical Port Down,2018-07-31 00:34:23,2018-07-31 00:34:23,68033.38,1,LOS,DOWN,UP,-,-,NORMAL,0.88,equipment_module
alarm_00269,current_alarm_snapshot,2026-05-04 17:57:19,CRITICAL,asset_4226e99132,CA,Physical Port Down,2018-07-31 00:34:23,2018-07-31 00:34:23,68033.38,1,LOS,DOWN,UP,-,-,NORMAL,0.88,equipment_module
alarm_00270,current_alarm_snapshot,2026-05-04 17:57:19,CRITICAL,asset_4226e99132,CA,Physical Port Down,2018-07-31 00:34:23,2018-07-31 00:34:23,68033.38,1,LOS,DOWN,UP,-,-,NORMAL,0.88,equipment_module
alarm_00271,current_alarm_snapshot,2026-05-04 17:57:19,CRITICAL,asset_4226e99132,CA,Physical Port Down,2018-07-31 00:34:23,2018-07-31 00:34:23,68033.38,1,LOS,DOWN,UP,-,-,NORMAL,0.88,equipment_module
alarm_00272,current_alarm_snapshot,2026-05-04 17:57:19,CRITICAL,asset_4226e99132,CA,Physical Port Down,2018-07-31 00:34:23,2018-07-31 00:34:23,68033.38,1,LOS,DOWN,UP,-,-,NORMAL,0.88,equipment_module
alarm_00273,current_alarm_snapshot,2026-05-04 17:57:19,CRITICAL,asset_4226e99132,CA,Physical Port Down,2018-07-31 00:34:23,2018-07-31 00:34:23,68033.38,1,LOS,DOWN,UP,-,-,NORMAL,0.88,equipment_module
alarm_00274,current_alarm_snapshot,2026-05-04 17:57:19,CRITICAL,asset_4226e99132,CA,Physical Port Down,2018-07-31 00:34:23,2018-07-31 00:34:23,68033.38,1,LOS,DOWN,UP,-,-,NORMAL,0.88,equipment_module
alarm_00275,current_alarm_snapshot,2026-05-04 17:57:19,CRITICAL,asset_4226e99132,CA,Physical Port Down,2018-07-31 00:34:23,2018-07-31 00:34:23,68033.38,1,LOS,DOWN,UP,-,-,NORMAL,0.88,equipment_module
alarm_00276,current_alarm_snapshot,2026-05-04 17:57:19,CRITICAL,asset_4226e99132,CA,Physical Port Down,2018-07-31 00:34:23,2018-07-31 00:34:23,68033.38,1,LOS,DOWN,UP,-,-,NORMAL,0.88,equipment_module
alarm_00277,current_alarm_snapshot,2026-05-04 17:57:19,CRITICAL,asset_4226e99132,CA,Physical Port Down,2018-07-31 00:34:24,2018-07-31 00:34:24,68033.38,1,LOS,DOWN,UP,-,-,NORMAL,0.88,equipment_module
alarm_00278,current_alarm_snapshot,2026-05-04 17:57:19,CRITICAL,asset_4226e99132,CA,Physical Port Down,2018-07-31 00:34:24,2018-07-31 00:34:24,68033.38,1,LOS,DOWN,UP,-,-,NORMAL,0.88,equipment_module
alarm_00279,current_alarm_snapshot,2026-05-04 17:57:19,CRITICAL,asset_4226e99132,CA,Physical Port Down,2018-07-31 00:34:24,2018-07-31 00:34:24,68033.38,1,LOS,DOWN,UP,-,-,NORMAL,0.88,equipment_module
alarm_00280,current_alarm_snapshot,2026-05-04 17:57:19,CRITICAL,asset_4226e99132,CA,Physical Port Down,2018-07-31 00:34:24,2018-07-31 00:34:24,68033.38,1,LOS,DOWN,UP,-,-,NORMAL,0.88,equipment_module
alarm_00281,current_alarm_snapshot,2026-05-04 17:57:19,CRITICAL,asset_4226e99132,CA,Physical Port Down,2018-07-31 00:34:24,2018-07-31 00:34:24,68033.38,1,LOS,DOWN,UP,-,-,NORMAL,0.88,equipment_module
alarm_00282,current_alarm_snapshot,2026-05-04 17:57:19,CRITICAL,asset_4226e99132,CA,Physical Port Down,2018-07-31 00:34:24,2018-07-31 00:34:24,68033.38,1,LOS,DOWN,UP,-,-,NORMAL,0.88,equipment_module
alarm_00283,current_alarm_snapshot,2026-05-04 17:57:19,CRITICAL,asset_21a7eae782,CA,Physical Port Down,2018-08-01 23:56:36,2018-08-01 23:56:36,67986.01,1,LOS,DOWN,UP,-,-,NORMAL,0.88,equipment_module
alarm_00284,current_alarm_snapshot,2026-05-04 17:57:19,CRITICAL,asset_21a7eae782,CA,Physical Port Down,2018-08-01 23:56:36,2018-08-01 23:56:36,67986.01,1,LOS,DOWN,UP,-,-,NORMAL,0.88,equipment_module
alarm_00285,current_alarm_snapshot,2026-05-04 17:57:19,CRITICAL,asset_21a7eae782,CA,Physical Port Down,2018-08-01 23:56:36,2018-08-01 23:56:36,67986.01,1,LOS,DOWN,UP,-,-,NORMAL,0.88,equipment_module
alarm_00286,current_alarm_snapshot,2026-05-04 17:57:19,CRITICAL,asset_21a7eae782,CA,Physical Port Down,2018-08-01 23:56:36,2018-08-01 23:56:36,67986.01,1,LOS,DOWN,UP,-,-,NORMAL,0.88,equipment_module
alarm_00287,current_alarm_snapshot,2026-05-04 17:57:19,CRITICAL,asset_4226e99132,CA,Physical Port Down,2018-08-01 23:56:36,2018-08-01 23:56:36,67986.01,1,LOS,DOWN,UP,-,-,NORMAL,0.88,equipment_module
alarm_00288,current_alarm_snapshot,2026-05-04 17:57:19,CRITICAL,asset_4226e99132,CA,Physical Port Down,2018-08-01 23:56:36,2018-08-01 23:56:36,67986.01,1,LOS,DOWN,UP,-,-,NORMAL,0.88,equipment_module
alarm_00289,current_alarm_snapshot,2026-05-04 17:57:19,CRITICAL,asset_4226e99132,CA,Physical Port Down,2018-08-01 23:56:36,2018-08-01 23:56:36,67986.01,1,LOS,DOWN,UP,-,-,NORMAL,0.88,equipment_module
alarm_00290,current_alarm_snapshot,2026-05-04 17:57:19,CRITICAL,asset_4226e99132,CA,Physical Port Down,2018-08-01 23:56:37,2018-08-01 23:56:37,67986.01,1,LOS,DOWN,UP,-,-,NORMAL,0.88,equipment_module
alarm_00291,current_alarm_snapshot,2026-05-04 17:57:19,CRITICAL,asset_21a7eae782,CA,Physical Port Down,2018-08-01 23:56:38,2018-08-01 23:56:38,67986.01,1,LOS,DOWN,UP,-,-,NORMAL,0.88,equipment_module
alarm_00292,current_alarm_snapshot,2026-05-04 17:57:19,CRITICAL,asset_21a7eae782,CA,Physical Port Down,2018-08-01 23:56:38,2018-08-01 23:56:38,67986.01,1,LOS,DOWN,UP,-,-,NORMAL,0.88,equipment_module
alarm_00293,current_alarm_snapshot,2026-05-04 17:57:19,CRITICAL,asset_21a7eae782,CA,Physical Port Down,2018-08-01 23:56:38,2018-08-01 23:56:38,67986.01,1,LOS,DOWN,UP,-,-,NORMAL,0.88,equipment_module
alarm_00294,current_alarm_snapshot,2026-05-04 17:57:19,CRITICAL,asset_21a7eae782,CA,Physical Port Down,2018-08-01 23:56:38,2018-08-01 23:56:38,67986.01,1,LOS,DOWN,UP,-,-,NORMAL,0.88,equipment_module
alarm_00295,current_alarm_snapshot,2026-05-04 17:57:19,CRITICAL,asset_4226e99132,CA,Physical Port Down,2018-08-01 23:56:38,2018-08-01 23:56:38,67986.01,1,LOS,DOWN,UP,-,-,NORMAL,0.88,equipment_module
alarm_00296,current_alarm_snapshot,2026-05-04 17:57:19,CRITICAL,asset_4226e99132,CA,Physical Port Down,2018-08-01 23:56:38,2018-08-01 23:56:38,67986.01,1,LOS,DOWN,UP,-,-,NORMAL,0.88,equipment_module
alarm_00297,current_alarm_snapshot,2026-05-04 17:57:19,CRITICAL,asset_4226e99132,CA,Physical Port Down,2018-08-01 23:56:38,2018-08-01 23:56:38,67986.01,1,LOS,DOWN,UP,-,-,NORMAL,0.88,equipment_module
alarm_00298,current_alarm_snapshot,2026-05-04 17:57:19,CRITICAL,asset_4226e99132,CA,Physical Port Down,2018-08-01 23:56:38,2018-08-01 23:56:38,67986.01,1,LOS,DOWN,UP,-,-,NORMAL,0.88,equipment_module
alarm_00299,current_alarm_snapshot,2026-05-04 17:57:19,CRITICAL,asset_21a7eae782,CA,Physical Port Down,2018-08-31 11:33:06,2018-08-31 11:33:06,67278.4,1,LOS,DOWN,UP,-,-,NORMAL,0.88,equipment_module
alarm_00300,current_alarm_snapshot,2026-05-04 17:57:19,CRITICAL,asset_aa46ebdde4,AG,Physical Port Down,2018-09-17 23:55:17,2018-09-17 23:55:17,66858.03,1,SHUTDOWN,DOWN,DOWN,-,-,NORMAL,0.88,link_down
alarm_00301,current_alarm_snapshot,2026-05-04 17:57:19,CRITICAL,asset_aa46ebdde4,AG,Physical Port Down,2018-09-18 00:02:48,2018-09-18 00:02:48,66857.91,1,REMOTE_FAULT,DOWN,UP,-,-,NORMAL,0.88,link_down
alarm_00302,current_alarm_snapshot,2026-05-04 17:57:19,CRITICAL,asset_aa46ebdde4,AG,Physical Port Down,2018-09-18 00:27:09,2018-09-18 00:27:09,66857.5,1,LOS,DOWN,UP,-,-,NORMAL,0.88,link_down
alarm_00303,current_alarm_snapshot,2026-05-04 17:57:19,CRITICAL,asset_02caf2c9bf,AG,Physical Port Down,2018-10-26 00:10:48,2018-10-26 00:10:48,65945.78,1,LOS,DOWN,UP,-,-,NORMAL,0.88,link_down
alarm_00304,current_alarm_snapshot,2026-05-04 17:57:19,CRITICAL,asset_ad2516d834,AG,Physical Port Down,2018-11-30 11:58:34,2018-11-30 11:58:34,65093.98,1,LOS,DOWN,UP,-,-,NORMAL,0.88,link_down
alarm_00305,current_alarm_snapshot,2026-05-04 17:57:19,CRITICAL,asset_d933b20862,AG,Physical Port Down,2018-12-21 13:17:28,2018-12-21 13:17:28,64588.66,1,LOS,DOWN,UP,-,-,NORMAL,0.88,link_down
alarm_00306,current_alarm_snapshot,2026-05-04 17:57:19,CRITICAL,asset_d933b20862,AG,Physical Port Down,2018-12-28 15:45:25,2018-12-28 15:45:25,64418.2,1,SHUTDOWN,DOWN,DOWN,-,-,NORMAL,0.88,link_down
alarm_00307,current_alarm_snapshot,2026-05-04 17:57:19,CRITICAL,asset_ad2516d834,AG,Physical Port Down,2019-01-04 00:56:06,2019-01-04 00:56:06,64265.02,1,LOS,DOWN,UP,-,-,NORMAL,0.88,link_down
alarm_00308,current_alarm_snapshot,2026-05-04 17:57:19,CRITICAL,asset_8d2941bf77,AG,Physical Port Down,2019-01-25 00:36:05,2019-01-25 00:36:05,63761.35,1,SHUTDOWN,DOWN,DOWN,-,-,NORMAL,0.88,link_down
alarm_00309,current_alarm_snapshot,2026-05-04 17:57:19,CRITICAL,asset_02caf2c9bf,AG,Physical Port Down,2019-02-16 02:10:19,2019-02-16 02:10:19,63231.78,1,LOS,DOWN,UP,-,-,NORMAL,0.88,link_down
alarm_00310,current_alarm_snapshot,2026-05-04 17:57:19,CRITICAL,asset_02caf2c9bf,AG,Physical Port Down,2019-02-16 02:11:57,2019-02-16 02:11:57,63231.76,1,LOS,DOWN,UP,-,-,NORMAL,0.88,link_down
alarm_00311,current_alarm_snapshot,2026-05-04 17:57:19,CRITICAL,asset_83911d0217,AG,Physical Port Down,2019-05-02 23:47:37,2019-05-02 23:47:37,61410.16,1,SHUTDOWN,DOWN,DOWN,-,-,NORMAL,0.88,link_down
alarm_00312,current_alarm_snapshot,2026-05-04 17:57:19,CRITICAL,asset_02caf2c9bf,AG,Physical Port Down,2019-05-09 11:10:08,2019-05-09 11:10:08,61254.79,1,LOS,DOWN,UP,-,-,NORMAL,0.88,link_down
alarm_00313,current_alarm_snapshot,2026-05-04 17:57:19,CRITICAL,asset_8d2941bf77,AG,Physical Port Down,2019-08-08 11:32:31,2019-08-08 11:32:31,59070.41,1,SHUTDOWN,DOWN,DOWN,-,-,NORMAL,0.88,link_down
alarm_00314,current_alarm_snapshot,2026-05-04 17:57:19,CRITICAL,asset_f575df94cc,AG,Physical Port Down,2019-08-30 12:50:13,2019-08-30 12:50:13,58541.12,1,SHUTDOWN,DOWN,DOWN,-,-,NORMAL,0.88,link_down
alarm_00315,current_alarm_snapshot,2026-05-04 17:57:19,CRITICAL,asset_e85b76d2b0,AG,Board Invalid,2019-10-03 23:31:32,2019-10-03 23:31:32,57714.43,1,UNKNOWN,UNKNOWN,UNKNOWN,-,-,NORMAL,0.88,equipment_module
alarm_00316,current_alarm_snapshot,2026-05-04 17:57:19,CRITICAL,asset_21a7eae782,CA,Physical Port Down,2019-10-29 10:59:11,2019-10-29 10:59:11,57102.97,1,LOS,DOWN,UP,-,-,NORMAL,0.88,equipment_module
alarm_00317,current_alarm_snapshot,2026-05-04 17:57:19,CRITICAL,asset_21a7eae782,CA,Physical Port Down,2019-10-29 10:59:36,2019-10-29 10:59:36,57102.96,1,"PCS_UNLOCK,NEGOTIATION_FAIL",DOWN,UP,-,-,NORMAL,0.88,equipment_module
alarm_00318,current_alarm_snapshot,2026-05-04 17:57:19,CRITICAL,asset_76c3656efc,AG,Physical Port Down,2019-10-30 14:19:07,2019-10-30 14:19:07,57075.64,1,LOS,DOWN,UP,-,-,NORMAL,0.88,link_down
alarm_00319,current_alarm_snapshot,2026-05-04 17:57:19,CRITICAL,asset_db3c0f66fe,AG,Board Invalid,2019-11-29 12:30:23,2019-11-29 12:30:23,56357.45,1,UNKNOWN,UNKNOWN,UNKNOWN,-,-,NORMAL,0.88,power_energy
alarm_00320,current_alarm_snapshot,2026-05-04 17:57:19,CRITICAL,asset_074c2e8c02,AG,Physical Port Down,2019-12-18 10:24:40,2019-12-18 10:24:40,55903.54,1,SHUTDOWN,DOWN,DOWN,-,-,NORMAL,0.88,link_down
alarm_00321,current_alarm_snapshot,2026-05-04 17:57:19,CRITICAL,asset_ae138f1d32,AG,Physical Port Down,2019-12-19 23:44:20,2019-12-19 23:44:20,55866.22,1,SHUTDOWN,DOWN,DOWN,-,-,NORMAL,0.88,link_down
alarm_00322,current_alarm_snapshot,2026-05-04 17:57:19,CRITICAL,asset_074c2e8c02,AG,Physical Port Down,2020-01-10 00:02:00,2020-01-10 00:02:00,55361.92,1,LRDI,DOWN,UP,-,-,NORMAL,0.88,link_down
alarm_00323,current_alarm_snapshot,2026-05-04 17:57:19,CRITICAL,asset_074c2e8c02,AG,Board Invalid,2020-01-10 00:08:36,2020-01-10 00:08:36,55361.81,1,UNKNOWN,UNKNOWN,UNKNOWN,-,-,NORMAL,0.88,power_energy
alarm_00324,current_alarm_snapshot,2026-05-04 17:57:19,CRITICAL,asset_0661599e7d,AG,Physical Port Down,2020-01-17 19:35:49,2020-01-17 19:35:49,55174.36,1,LOS,DOWN,UP,-,-,NORMAL,0.88,link_down
alarm_00325,current_alarm_snapshot,2026-05-04 17:57:19,CRITICAL,asset_4d0af51c9e,AG,Physical Port Down,2020-01-23 22:05:56,2020-01-23 22:05:56,55027.86,1,"PMA_LOS,PCS_HIGHBER,REMOTE_FAULT",DOWN,UP,-,-,NORMAL,0.88,link_down
alarm_00326,current_alarm_snapshot,2026-05-04 17:57:19,CRITICAL,asset_4d0af51c9e,AG,Physical Port Down,2020-01-30 00:07:27,2020-01-30 00:07:27,54881.83,1,SHUTDOWN,DOWN,DOWN,-,-,NORMAL,0.88,link_down
alarm_00327,current_alarm_snapshot,2026-05-04 17:57:19,CRITICAL,asset_39663d5b92,AG,Physical Port Down,2020-02-04 23:59:06,2020-02-04 23:59:06,54737.97,1,LRDI,DOWN,UP,-,-,NORMAL,0.88,link_down
alarm_00328,current_alarm_snapshot,2026-05-04 17:57:19,CRITICAL,asset_39663d5b92,AG,Physical Port Down,2020-02-05 00:06:33,2020-02-05 00:06:33,54737.85,1,SD,DOWN,UP,-,-,NORMAL,0.88,link_down
alarm_00329,current_alarm_snapshot,2026-05-04 17:57:19,CRITICAL,asset_39663d5b92,AG,Board Invalid,2020-02-05 00:13:17,2020-02-05 00:13:17,54737.73,1,UNKNOWN,UNKNOWN,UNKNOWN,-,-,NORMAL,0.88,power_energy
alarm_00330,current_alarm_snapshot,2026-05-04 17:57:19,CRITICAL,asset_8637398ea8,AG,Board Invalid,2020-02-13 16:47:17,2020-02-13 16:47:17,54529.17,1,UNKNOWN,UNKNOWN,UNKNOWN,-,-,NORMAL,0.88,power_energy
alarm_00331,current_alarm_snapshot,2026-05-04 17:57:19,CRITICAL,asset_21a7eae782,CA,Physical Port Down,2020-02-20 00:34:03,2020-02-20 00:34:03,54377.39,1,LOS,DOWN,UP,-,-,NORMAL,0.88,equipment_module
alarm_00332,current_alarm_snapshot,2026-05-04 17:57:19,CRITICAL,asset_4226e99132,CA,Physical Port Down,2020-02-20 00:34:41,2020-02-20 00:34:41,54377.38,1,NEGOTIATION_FAIL,DOWN,UP,-,-,NORMAL,0.88,equipment_module
alarm_00333,current_alarm_snapshot,2026-05-04 17:57:19,CRITICAL,asset_21a7eae782,CA,Physical Port Down,2020-02-20 00:34:56,2020-02-20 00:34:56,54377.37,1,NEGOTIATION_FAIL,DOWN,UP,-,-,NORMAL,0.88,equipment_module
alarm_00334,current_alarm_snapshot,2026-05-04 17:57:19,CRITICAL,asset_4226e99132,CA,Physical Port Down,2020-02-20 00:35:05,2020-02-20 00:35:05,54377.37,1,NEGOTIATION_FAIL,DOWN,UP,-,-,NORMAL,0.88,equipment_module
alarm_00335,current_alarm_snapshot,2026-05-04 17:57:19,CRITICAL,asset_21a7eae782,CA,Physical Port Down,2020-02-20 00:35:31,2020-02-20 00:35:31,54377.36,1,NEGOTIATION_FAIL,DOWN,UP,-,-,NORMAL,0.88,equipment_module
alarm_00336,current_alarm_snapshot,2026-05-04 17:57:19,CRITICAL,asset_4226e99132,CA,Physical Port Down,2020-02-20 00:35:36,2020-02-20 00:35:36,54377.36,1,NEGOTIATION_FAIL,DOWN,UP,-,-,NORMAL,0.88,equipment_module
alarm_00337,current_alarm_snapshot,2026-05-04 17:57:19,CRITICAL,asset_21a7eae782,CA,Physical Port Down,2020-02-20 00:40:13,2020-02-20 00:40:13,54377.29,1,NEGOTIATION_FAIL,DOWN,UP,-,-,NORMAL,0.88,equipment_module
alarm_00338,current_alarm_snapshot,2026-05-04 17:57:19,CRITICAL,asset_4226e99132,CA,Physical Port Down,2020-02-20 00:40:18,2020-02-20 00:40:18,54377.28,1,NEGOTIATION_FAIL,DOWN,UP,-,-,NORMAL,0.88,equipment_module
alarm_00339,current_alarm_snapshot,2026-05-04 17:57:19,CRITICAL,asset_21a7eae782,CA,Physical Port Down,2020-02-20 00:41:08,2020-02-20 00:41:08,54377.27,1,NEGOTIATION_FAIL,DOWN,UP,-,-,NORMAL,0.88,equipment_module
alarm_00340,current_alarm_snapshot,2026-05-04 17:57:19,CRITICAL,asset_4226e99132,CA,Physical Port Down,2020-02-20 00:41:11,2020-02-20 00:41:11,54377.27,1,LOS,DOWN,UP,-,-,NORMAL,0.88,equipment_module
alarm_00341,current_alarm_snapshot,2026-05-04 17:57:19,CRITICAL,asset_21a7eae782,CA,Physical Port Down,2020-02-20 00:41:16,2020-02-20 00:41:16,54377.27,1,LOS,DOWN,UP,-,-,NORMAL,0.88,equipment_module
alarm_00342,current_alarm_snapshot,2026-05-04 17:57:19,CRITICAL,asset_4226e99132,CA,Physical Port Down,2020-02-20 00:41:18,2020-02-20 00:41:18,54377.27,1,LOS,DOWN,UP,-,-,NORMAL,0.88,equipment_module
alarm_00343,current_alarm_snapshot,2026-05-04 17:57:19,CRITICAL,asset_21a7eae782,CA,Physical Port Down,2020-02-20 00:41:27,2020-02-20 00:41:27,54377.26,1,LOS,DOWN,UP,-,-,NORMAL,0.88,equipment_module
alarm_00344,current_alarm_snapshot,2026-05-04 17:57:19,CRITICAL,asset_4226e99132,CA,Physical Port Down,2020-02-20 00:41:29,2020-02-20 00:41:29,54377.26,1,LOS,DOWN,UP,-,-,NORMAL,0.88,equipment_module
alarm_00345,current_alarm_snapshot,2026-05-04 17:57:19,CRITICAL,asset_21a7eae782,CA,Physical Port Down,2020-02-20 00:41:32,2020-02-20 00:41:32,54377.26,1,LOS,DOWN,UP,-,-,NORMAL,0.88,equipment_module
alarm_00346,current_alarm_snapshot,2026-05-04 17:57:19,CRITICAL,asset_4226e99132,CA,Physical Port Down,2020-02-20 00:41:34,2020-02-20 00:41:34,54377.26,1,LOS,DOWN,UP,-,-,NORMAL,0.88,equipment_module
alarm_00347,current_alarm_snapshot,2026-05-04 17:57:19,CRITICAL,asset_21a7eae782,CA,Physical Port Down,2020-02-20 00:41:46,2020-02-20 00:41:46,54377.26,1,NEGOTIATION_FAIL,DOWN,UP,-,-,NORMAL,0.88,equipment_module
alarm_00348,current_alarm_snapshot,2026-05-04 17:57:19,CRITICAL,asset_4226e99132,CA,Physical Port Down,2020-02-20 00:41:52,2020-02-20 00:41:52,54377.26,1,LOS,DOWN,UP,-,-,NORMAL,0.88,equipment_module
alarm_00349,current_alarm_snapshot,2026-05-04 17:57:19,CRITICAL,asset_21a7eae782,CA,Physical Port Down,2020-02-20 00:41:57,2020-02-20 00:41:57,54377.26,1,LOS,DOWN,UP,-,-,NORMAL,0.88,equipment_module
alarm_00350,current_alarm_snapshot,2026-05-04 17:57:19,CRITICAL,asset_4226e99132,CA,Physical Port Down,2020-02-20 00:42:03,2020-02-20 00:42:03,54377.25,1,LOS,DOWN,UP,-,-,NORMAL,0.88,equipment_module
alarm_00351,current_alarm_snapshot,2026-05-04 17:57:19,CRITICAL,asset_21a7eae782,CA,Physical Port Down,2020-02-20 00:42:13,2020-02-20 00:42:13,54377.25,1,LOS,DOWN,UP,-,-,NORMAL,0.88,equipment_module
alarm_00352,current_alarm_snapshot,2026-05-04 17:57:19,CRITICAL,asset_4226e99132,CA,Physical Port Down,2020-02-20 00:42:27,2020-02-20 00:42:27,54377.25,1,LOS,DOWN,UP,-,-,NORMAL,0.88,equipment_module
alarm_00353,current_alarm_snapshot,2026-05-04 17:57:19,CRITICAL,asset_21a7eae782,CA,Physical Port Down,2020-02-20 00:42:29,2020-02-20 00:42:29,54377.25,1,LOS,DOWN,UP,-,-,NORMAL,0.88,equipment_module
alarm_00354,current_alarm_snapshot,2026-05-04 17:57:19,CRITICAL,asset_4226e99132,CA,Physical Port Down,2020-02-20 00:42:47,2020-02-20 00:42:47,54377.24,1,LOS,DOWN,UP,-,-,NORMAL,0.88,equipment_module
alarm_00355,current_alarm_snapshot,2026-05-04 17:57:19,CRITICAL,asset_21a7eae782,CA,Physical Port Down,2020-02-20 00:42:57,2020-02-20 00:42:57,54377.24,1,LOS,DOWN,UP,-,-,NORMAL,0.88,equipment_module
alarm_00356,current_alarm_snapshot,2026-05-04 17:57:19,CRITICAL,asset_21a7eae782,CA,Physical Port Down,2020-02-20 00:42:59,2020-02-20 00:42:59,54377.24,1,NEGOTIATION_FAIL,DOWN,UP,-,-,NORMAL,0.88,equipment_module
alarm_00357,current_alarm_snapshot,2026-05-04 17:57:19,CRITICAL,asset_21a7eae782,CA,Physical Port Down,2020-02-20 00:43:01,2020-02-20 00:43:01,54377.24,1,NEGOTIATION_FAIL,DOWN,UP,-,-,NORMAL,0.88,equipment_module
alarm_00358,current_alarm_snapshot,2026-05-04 17:57:19,CRITICAL,asset_4226e99132,CA,Physical Port Down,2020-02-20 00:43:05,2020-02-20 00:43:05,54377.24,1,LOS,DOWN,UP,-,-,NORMAL,0.88,equipment_module
alarm_00359,current_alarm_snapshot,2026-05-04 17:57:19,CRITICAL,asset_4226e99132,CA,Physical Port Down,2020-02-20 00:43:09,2020-02-20 00:43:09,54377.24,1,LOS,DOWN,UP,-,-,NORMAL,0.88,equipment_module
alarm_00360,current_alarm_snapshot,2026-05-04 17:57:19,CRITICAL,asset_21a7eae782,CA,Physical Port Down,2020-02-20 00:43:13,2020-02-20 00:43:13,54377.24,1,LOS,DOWN,UP,-,-,NORMAL,0.88,equipment_module
alarm_00361,current_alarm_snapshot,2026-05-04 17:57:19,CRITICAL,asset_21a7eae782,CA,Physical Port Down,2020-02-20 00:43:13,2020-02-20 00:43:13,54377.24,1,LOS,DOWN,UP,-,-,NORMAL,0.88,equipment_module
alarm_00362,current_alarm_snapshot,2026-05-04 17:57:19,CRITICAL,asset_4226e99132,CA,Physical Port Down,2020-02-20 00:43:16,2020-02-20 00:43:16,54377.23,1,NEGOTIATION_FAIL,DOWN,UP,-,-,NORMAL,0.88,equipment_module
alarm_00363,current_alarm_snapshot,2026-05-04 17:57:19,CRITICAL,asset_4226e99132,CA,Physical Port Down,2020-02-20 00:43:18,2020-02-20 00:43:18,54377.23,1,LOS,DOWN,UP,-,-,NORMAL,0.88,equipment_module
alarm_00364,current_alarm_snapshot,2026-05-04 17:57:19,CRITICAL,asset_4226e99132,CA,Physical Port Down,2020-02-20 00:43:20,2020-02-20 00:43:20,54377.23,1,LOS,DOWN,UP,-,-,NORMAL,0.88,equipment_module
alarm_00365,current_alarm_snapshot,2026-05-04 17:57:19,CRITICAL,asset_0661599e7d,AG,Physical Port Down,2020-02-25 14:26:19,2020-02-25 14:26:19,54243.52,1,LOS,DOWN,UP,-,-,NORMAL,0.88,link_down
alarm_00366,current_alarm_snapshot,2026-05-04 17:57:19,CRITICAL,asset_ae138f1d32,AG,Physical Port Down,2020-03-18 00:20:39,2020-03-18 00:20:39,53729.61,1,NEGOTIATION_FAIL,DOWN,UP,-,-,NORMAL,0.88,link_down
alarm_00367,current_alarm_snapshot,2026-05-04 17:57:19,CRITICAL,asset_21a7eae782,CA,Physical Port Down,2020-04-05 10:21:58,2020-04-05 10:21:58,53287.59,1,LOS,DOWN,UP,-,-,NORMAL,0.88,equipment_module
alarm_00368,current_alarm_snapshot,2026-05-04 17:57:19,CRITICAL,asset_02caf2c9bf,AG,Physical Port Down,2020-04-20 13:01:19,2020-04-20 13:01:19,52924.93,1,LOS,DOWN,UP,-,-,NORMAL,0.88,link_down
alarm_00369,current_alarm_snapshot,2026-05-04 17:57:19,CRITICAL,asset_d0aacbf21a,AG,Physical Port Down,2020-04-22 14:44:35,2020-04-22 14:44:35,52875.21,1,LOS,DOWN,UP,-,-,NORMAL,0.88,link_down
alarm_00370,current_alarm_snapshot,2026-05-04 17:57:19,CRITICAL,asset_b033831ef6,AG,Physical Port Down,2020-04-24 10:10:10,2020-04-24 10:10:10,52831.79,1,LOS,DOWN,UP,-,-,NORMAL,0.88,link_down
alarm_00371,current_alarm_snapshot,2026-05-04 17:57:19,CRITICAL,asset_8d2941bf77,AG,Physical Port Down,2020-05-22 00:01:50,2020-05-22 00:01:50,52169.92,1,LOS,DOWN,UP,-,-,NORMAL,0.88,link_down
alarm_00372,current_alarm_snapshot,2026-05-04 17:57:19,CRITICAL,asset_5235efd7d0,CA,Physical Port Down,2020-05-28 23:29:51,2020-05-28 23:29:51,52002.46,1,"PMA_LOS,PCS_HIGHBER,LOCAL_FAULT",DOWN,UP,-,-,NORMAL,0.88,link_down
alarm_00373,current_alarm_snapshot,2026-05-04 17:57:19,CRITICAL,asset_074c2e8c02,AG,Physical Port Down,2020-06-05 08:45:21,2020-06-05 08:45:21,51825.2,1,"PCS_UNLOCK,NEGOTIATION_FAIL",DOWN,UP,-,-,NORMAL,0.88,link_down
alarm_00374,current_alarm_snapshot,2026-05-04 17:57:19,CRITICAL,asset_074c2e8c02,AG,Physical Port Down,2020-06-05 08:45:29,2020-06-05 08:45:29,51825.2,1,"PCS_UNLOCK,NEGOTIATION_FAIL",DOWN,UP,-,-,NORMAL,0.88,link_down
alarm_00375,current_alarm_snapshot,2026-05-04 17:57:19,CRITICAL,asset_db3c0f66fe,AG,Board Invalid,2020-06-23 02:52:30,2020-06-23 02:52:30,51399.08,1,UNKNOWN,UNKNOWN,UNKNOWN,-,-,NORMAL,0.88,power_energy
alarm_00376,current_alarm_snapshot,2026-05-04 17:57:19,CRITICAL,asset_0fb7725b12,AG,Physical Port Down,2020-08-03 18:17:19,2020-08-03 18:17:19,50399.67,1,LOS,DOWN,UP,-,-,NORMAL,0.88,link_down
alarm_00377,current_alarm_snapshot,2026-05-04 17:57:19,CRITICAL,asset_1a9d3b66ad,AG,Physical Port Down,2020-08-04 10:48:49,2020-08-04 10:48:49,50383.14,1,"REMOTE_FAULT,PCS_UNLOCK,NEGOTIATION_FAIL",DOWN,UP,-,-,NORMAL,0.88,link_down
alarm_00378,current_alarm_snapshot,2026-05-04 17:57:19,CRITICAL,asset_d92d8ea188,AR,Physical Port Down,2020-08-06 18:35:00,2020-08-06 18:35:00,50327.37,1,LOS,DOWN,UP,-,-,NORMAL,0.88,link_down
alarm_00379,current_alarm_snapshot,2026-05-04 17:57:19,CRITICAL,asset_6b46669c8f,AG,Physical Port Down,2020-08-21 14:40:21,2020-08-21 14:40:21,49971.28,1,NEGOTIATION_FAIL,DOWN,UP,-,-,NORMAL,0.88,link_down
alarm_00380,current_alarm_snapshot,2026-05-04 17:57:19,CRITICAL,asset_b616b40c81,AG,Physical Port Down,2020-08-26 14:31:54,2020-08-26 14:31:54,49851.42,1,LOS,DOWN,UP,-,-,NORMAL,0.88,link_down
alarm_00381,current_alarm_snapshot,2026-05-04 17:57:19,CRITICAL,asset_d92d8ea188,AR,Board Invalid,2020-08-31 11:08:11,2020-08-31 11:08:11,49734.82,1,UNKNOWN,UNKNOWN,UNKNOWN,-,-,NORMAL,0.88,equipment_module
alarm_00382,current_alarm_snapshot,2026-05-04 17:57:19,CRITICAL,asset_55248b67b7,AG,Physical Port Down,2020-09-15 12:15:13,2020-09-15 12:15:13,49373.7,1,LOS,DOWN,UP,-,-,NORMAL,0.88,link_down
alarm_00383,current_alarm_snapshot,2026-05-04 17:57:19,CRITICAL,asset_ad2516d834,AG,Physical Port Down,2020-09-18 14:53:14,2020-09-18 14:53:14,49299.07,1,SHUTDOWN,DOWN,DOWN,-,-,NORMAL,0.88,link_down
alarm_00384,current_alarm_snapshot,2026-05-04 17:57:19,CRITICAL,asset_d0aacbf21a,AG,Physical Port Down,2020-09-21 11:58:41,2020-09-21 11:58:41,49229.98,1,NEGOTIATION_FAIL,DOWN,UP,-,-,NORMAL,0.88,link_down
alarm_00385,current_alarm_snapshot,2026-05-04 17:57:19,CRITICAL,asset_21a7eae782,CA,Physical Port Down,2020-09-26 00:25:09,2020-09-26 00:25:09,49121.54,1,LOS,DOWN,UP,-,-,NORMAL,0.88,equipment_module
alarm_00386,current_alarm_snapshot,2026-05-04 17:57:19,CRITICAL,asset_4226e99132,CA,Physical Port Down,2020-09-26 00:25:31,2020-09-26 00:25:31,49121.53,1,LOS,DOWN,UP,-,-,NORMAL,0.88,equipment_module
alarm_00387,current_alarm_snapshot,2026-05-04 17:57:19,CRITICAL,asset_21a7eae782,CA,Physical Port Down,2020-09-26 00:26:27,2020-09-26 00:26:27,49121.51,1,LOS,DOWN,UP,-,-,NORMAL,0.88,equipment_module
alarm_00388,current_alarm_snapshot,2026-05-04 17:57:19,CRITICAL,asset_4226e99132,CA,Physical Port Down,2020-09-26 00:26:47,2020-09-26 00:26:47,49121.51,1,LOS,DOWN,UP,-,-,NORMAL,0.88,equipment_module
alarm_00389,current_alarm_snapshot,2026-05-04 17:57:19,CRITICAL,asset_21a7eae782,CA,Physical Port Down,2020-09-26 00:27:03,2020-09-26 00:27:03,49121.5,1,LOS,DOWN,UP,-,-,NORMAL,0.88,equipment_module
alarm_00390,current_alarm_snapshot,2026-05-04 17:57:19,CRITICAL,asset_4226e99132,CA,Physical Port Down,2020-09-26 00:27:18,2020-09-26 00:27:18,49121.5,1,LOS,DOWN,UP,-,-,NORMAL,0.88,equipment_module
alarm_00391,current_alarm_snapshot,2026-05-04 17:57:19,CRITICAL,asset_21a7eae782,CA,Physical Port Down,2020-09-26 00:27:38,2020-09-26 00:27:38,49121.49,1,LOS,DOWN,UP,-,-,NORMAL,0.88,equipment_module
alarm_00392,current_alarm_snapshot,2026-05-04 17:57:19,CRITICAL,asset_4226e99132,CA,Physical Port Down,2020-09-26 00:27:50,2020-09-26 00:27:50,49121.49,1,LOS,DOWN,UP,-,-,NORMAL,0.88,equipment_module
alarm_00393,current_alarm_snapshot,2026-05-04 17:57:19,CRITICAL,asset_21a7eae782,CA,Physical Port Down,2020-09-26 00:28:05,2020-09-26 00:28:05,49121.49,1,LOS,DOWN,UP,-,-,NORMAL,0.88,equipment_module
alarm_00394,current_alarm_snapshot,2026-05-04 17:57:19,CRITICAL,asset_4226e99132,CA,Physical Port Down,2020-09-26 00:28:29,2020-09-26 00:28:29,49121.48,1,LOS,DOWN,UP,-,-,NORMAL,0.88,equipment_module
alarm_00395,current_alarm_snapshot,2026-05-04 17:57:19,CRITICAL,asset_21a7eae782,CA,Physical Port Down,2020-09-26 00:28:53,2020-09-26 00:28:53,49121.47,1,NEGOTIATION_FAIL,DOWN,UP,-,-,NORMAL,0.88,equipment_module
alarm_00396,current_alarm_snapshot,2026-05-04 17:57:19,CRITICAL,asset_4226e99132,CA,Physical Port Down,2020-09-26 00:29:13,2020-09-26 00:29:13,49121.47,1,NEGOTIATION_FAIL,DOWN,UP,-,-,NORMAL,0.88,equipment_module
alarm_00397,current_alarm_snapshot,2026-05-04 17:57:19,CRITICAL,asset_21a7eae782,CA,Physical Port Down,2020-09-26 00:29:26,2020-09-26 00:29:26,49121.46,1,NEGOTIATION_FAIL,DOWN,UP,-,-,NORMAL,0.88,equipment_module
alarm_00398,current_alarm_snapshot,2026-05-04 17:57:19,CRITICAL,asset_4226e99132,CA,Physical Port Down,2020-09-26 00:29:45,2020-09-26 00:29:45,49121.46,1,LOS,DOWN,UP,-,-,NORMAL,0.88,equipment_module
alarm_00399,current_alarm_snapshot,2026-05-04 17:57:19,CRITICAL,asset_21a7eae782,CA,Physical Port Down,2020-09-26 00:30:10,2020-09-26 00:30:10,49121.45,1,LOS,DOWN,UP,-,-,NORMAL,0.88,equipment_module
alarm_00400,current_alarm_snapshot,2026-05-04 17:57:19,CRITICAL,asset_4226e99132,CA,Physical Port Down,2020-09-26 00:30:24,2020-09-26 00:30:24,49121.45,1,NEGOTIATION_FAIL,DOWN,UP,-,-,NORMAL,0.88,equipment_module
alarm_00401,current_alarm_snapshot,2026-05-04 17:57:19,CRITICAL,asset_21a7eae782,CA,Physical Port Down,2020-09-26 00:31:09,2020-09-26 00:31:09,49121.44,1,LOS,DOWN,UP,-,-,NORMAL,0.88,equipment_module
alarm_00402,current_alarm_snapshot,2026-05-04 17:57:19,CRITICAL,asset_21a7eae782,CA,Physical Port Down,2020-09-26 00:31:19,2020-09-26 00:31:19,49121.43,1,LOS,DOWN,UP,-,-,NORMAL,0.88,equipment_module
alarm_00403,current_alarm_snapshot,2026-05-04 17:57:19,CRITICAL,asset_4226e99132,CA,Physical Port Down,2020-09-26 00:31:33,2020-09-26 00:31:33,49121.43,1,LOS,DOWN,UP,-,-,NORMAL,0.88,equipment_module
alarm_00404,current_alarm_snapshot,2026-05-04 17:57:19,CRITICAL,asset_4226e99132,CA,Physical Port Down,2020-09-26 00:32:07,2020-09-26 00:32:07,49121.42,1,LOS,DOWN,UP,-,-,NORMAL,0.88,equipment_module
alarm_00405,current_alarm_snapshot,2026-05-04 17:57:19,CRITICAL,asset_21a7eae782,CA,Physical Port Down,2020-09-26 00:32:26,2020-09-26 00:32:26,49121.41,1,LOS,DOWN,UP,-,-,NORMAL,0.88,equipment_module
alarm_00406,current_alarm_snapshot,2026-05-04 17:57:19,CRITICAL,asset_21a7eae782,CA,Physical Port Down,2020-09-26 00:32:34,2020-09-26 00:32:34,49121.41,1,LOS,DOWN,UP,-,-,NORMAL,0.88,equipment_module
alarm_00407,current_alarm_snapshot,2026-05-04 17:57:19,CRITICAL,asset_4226e99132,CA,Physical Port Down,2020-09-26 00:32:38,2020-09-26 00:32:38,49121.41,1,LOS,DOWN,UP,-,-,NORMAL,0.88,equipment_module
alarm_00408,current_alarm_snapshot,2026-05-04 17:57:19,CRITICAL,asset_4226e99132,CA,Physical Port Down,2020-09-26 00:32:43,2020-09-26 00:32:43,49121.41,1,LOS,DOWN,UP,-,-,NORMAL,0.88,equipment_module
alarm_00409,current_alarm_snapshot,2026-05-04 17:57:19,CRITICAL,asset_21a7eae782,CA,Physical Port Down,2020-09-26 00:33:09,2020-09-26 00:33:09,49121.4,1,LOS,DOWN,UP,-,-,NORMAL,0.88,equipment_module
alarm_00410,current_alarm_snapshot,2026-05-04 17:57:19,CRITICAL,asset_4226e99132,CA,Physical Port Down,2020-09-26 00:33:30,2020-09-26 00:33:30,49121.4,1,LOS,DOWN,UP,-,-,NORMAL,0.88,equipment_module
alarm_00411,current_alarm_snapshot,2026-05-04 17:57:19,CRITICAL,asset_21a7eae782,CA,Physical Port Down,2020-09-26 00:33:46,2020-09-26 00:33:46,49121.39,1,LOS,DOWN,UP,-,-,NORMAL,0.88,equipment_module
alarm_00412,current_alarm_snapshot,2026-05-04 17:57:19,CRITICAL,asset_4226e99132,CA,Physical Port Down,2020-09-26 00:33:51,2020-09-26 00:33:51,49121.39,1,LOS,DOWN,UP,-,-,NORMAL,0.88,equipment_module
alarm_00413,current_alarm_snapshot,2026-05-04 17:57:19,CRITICAL,asset_21a7eae782,CA,Physical Port Down,2020-09-26 00:34:09,2020-09-26 00:34:09,49121.39,1,LOS,DOWN,UP,-,-,NORMAL,0.88,equipment_module
alarm_00414,current_alarm_snapshot,2026-05-04 17:57:19,CRITICAL,asset_4226e99132,CA,Physical Port Down,2020-09-26 00:34:14,2020-09-26 00:34:14,49121.38,1,LOS,DOWN,UP,-,-,NORMAL,0.88,equipment_module
alarm_00415,current_alarm_snapshot,2026-05-04 17:57:19,CRITICAL,asset_21a7eae782,CA,Physical Port Down,2020-09-26 00:34:24,2020-09-26 00:34:24,49121.38,1,LOS,DOWN,UP,-,-,NORMAL,0.88,equipment_module
alarm_00416,current_alarm_snapshot,2026-05-04 17:57:19,CRITICAL,asset_4226e99132,CA,Physical Port Down,2020-09-26 00:34:39,2020-09-26 00:34:39,49121.38,1,LOS,DOWN,UP,-,-,NORMAL,0.88,equipment_module
alarm_00417,current_alarm_snapshot,2026-05-04 17:57:19,CRITICAL,asset_21a7eae782,CA,Physical Port Down,2020-09-26 00:34:58,2020-09-26 00:34:58,49121.37,1,LOS,DOWN,UP,-,-,NORMAL,0.88,equipment_module
alarm_00418,current_alarm_snapshot,2026-05-04 17:57:19,CRITICAL,asset_21a7eae782,CA,Physical Port Down,2020-09-26 00:35:12,2020-09-26 00:35:12,49121.37,1,LOS,DOWN,UP,-,-,NORMAL,0.88,equipment_module
alarm_00419,current_alarm_snapshot,2026-05-04 17:57:19,CRITICAL,asset_4226e99132,CA,Physical Port Down,2020-09-26 00:35:18,2020-09-26 00:35:18,49121.37,1,LOS,DOWN,UP,-,-,NORMAL,0.88,equipment_module
alarm_00420,current_alarm_snapshot,2026-05-04 17:57:19,CRITICAL,asset_4226e99132,CA,Physical Port Down,2020-09-26 00:35:23,2020-09-26 00:35:23,49121.37,1,LOS,DOWN,UP,-,-,NORMAL,0.88,equipment_module
alarm_00421,current_alarm_snapshot,2026-05-04 17:57:19,CRITICAL,asset_21a7eae782,CA,Physical Port Down,2020-09-26 00:35:34,2020-09-26 00:35:34,49121.36,1,LOS,DOWN,UP,-,-,NORMAL,0.88,equipment_module
alarm_00422,current_alarm_snapshot,2026-05-04 17:57:19,CRITICAL,asset_21a7eae782,CA,Physical Port Down,2020-09-26 00:35:40,2020-09-26 00:35:40,49121.36,1,LOS,DOWN,UP,-,-,NORMAL,0.88,equipment_module
alarm_00423,current_alarm_snapshot,2026-05-04 17:57:19,CRITICAL,asset_4226e99132,CA,Physical Port Down,2020-09-26 00:35:44,2020-09-26 00:35:44,49121.36,1,LOS,DOWN,UP,-,-,NORMAL,0.88,equipment_module
alarm_00424,current_alarm_snapshot,2026-05-04 17:57:19,CRITICAL,asset_4226e99132,CA,Physical Port Down,2020-09-26 00:35:50,2020-09-26 00:35:50,49121.36,1,LOS,DOWN,UP,-,-,NORMAL,0.88,equipment_module
alarm_00425,current_alarm_snapshot,2026-05-04 17:57:19,CRITICAL,asset_21a7eae782,CA,Physical Port Down,2020-09-26 00:36:21,2020-09-26 00:36:21,49121.35,1,NEGOTIATION_FAIL,DOWN,UP,-,-,NORMAL,0.88,equipment_module
alarm_00426,current_alarm_snapshot,2026-05-04 17:57:19,CRITICAL,asset_4226e99132,CA,Physical Port Down,2020-09-26 00:36:30,2020-09-26 00:36:30,49121.35,1,NEGOTIATION_FAIL,DOWN,UP,-,-,NORMAL,0.88,equipment_module
alarm_00427,current_alarm_snapshot,2026-05-04 17:57:19,CRITICAL,asset_21a7eae782,CA,Physical Port Down,2020-09-26 00:36:42,2020-09-26 00:36:42,49121.34,1,NEGOTIATION_FAIL,DOWN,UP,-,-,NORMAL,0.88,equipment_module
alarm_00428,current_alarm_snapshot,2026-05-04 17:57:19,CRITICAL,asset_4226e99132,CA,Physical Port Down,2020-09-26 00:36:46,2020-09-26 00:36:46,49121.34,1,NEGOTIATION_FAIL,DOWN,UP,-,-,NORMAL,0.88,equipment_module
alarm_00429,current_alarm_snapshot,2026-05-04 17:57:19,CRITICAL,asset_21a7eae782,CA,Physical Port Down,2020-09-26 00:39:54,2020-09-26 00:39:54,49121.29,1,LOS,DOWN,UP,-,-,NORMAL,0.88,equipment_module
alarm_00430,current_alarm_snapshot,2026-05-04 17:57:19,CRITICAL,asset_4226e99132,CA,Physical Port Down,2020-09-26 00:40:01,2020-09-26 00:40:01,49121.29,1,LOS,DOWN,UP,-,-,NORMAL,0.88,equipment_module
alarm_00431,current_alarm_snapshot,2026-05-04 17:57:19,CRITICAL,asset_21a7eae782,CA,Physical Port Down,2020-09-26 00:40:13,2020-09-26 00:40:13,49121.29,1,LOS,DOWN,UP,-,-,NORMAL,0.88,equipment_module
alarm_00432,current_alarm_snapshot,2026-05-04 17:57:19,CRITICAL,asset_4226e99132,CA,Physical Port Down,2020-09-26 00:40:22,2020-09-26 00:40:22,49121.28,1,LOS,DOWN,UP,-,-,NORMAL,0.88,equipment_module
alarm_00433,current_alarm_snapshot,2026-05-04 17:57:19,CRITICAL,asset_21a7eae782,CA,Physical Port Down,2020-09-26 00:40:54,2020-09-26 00:40:54,49121.27,1,LOS,DOWN,UP,-,-,NORMAL,0.88,equipment_module
alarm_00434,current_alarm_snapshot,2026-05-04 17:57:19,CRITICAL,asset_21a7eae782,CA,Physical Port Down,2020-09-26 00:41:04,2020-09-26 00:41:04,49121.27,1,LOS,DOWN,UP,-,-,NORMAL,0.88,equipment_module
alarm_00435,current_alarm_snapshot,2026-05-04 17:57:19,CRITICAL,asset_4226e99132,CA,Physical Port Down,2020-09-26 00:41:14,2020-09-26 00:41:14,49121.27,1,NEGOTIATION_FAIL,DOWN,UP,-,-,NORMAL,0.88,equipment_module
alarm_00436,current_alarm_snapshot,2026-05-04 17:57:19,CRITICAL,asset_21a7eae782,CA,Physical Port Down,2020-09-26 00:41:28,2020-09-26 00:41:28,49121.26,1,LOS,DOWN,UP,-,-,NORMAL,0.88,equipment_module
alarm_00437,current_alarm_snapshot,2026-05-04 17:57:19,CRITICAL,asset_21a7eae782,CA,Physical Port Down,2020-09-26 00:41:32,2020-09-26 00:41:32,49121.26,1,LOS,DOWN,UP,-,-,NORMAL,0.88,equipment_module
alarm_00438,current_alarm_snapshot,2026-05-04 17:57:19,CRITICAL,asset_4226e99132,CA,Physical Port Down,2020-09-26 00:41:37,2020-09-26 00:41:37,49121.26,1,LOS,DOWN,UP,-,-,NORMAL,0.88,equipment_module
alarm_00439,current_alarm_snapshot,2026-05-04 17:57:19,CRITICAL,asset_21a7eae782,CA,Physical Port Down,2020-09-26 00:41:55,2020-09-26 00:41:55,49121.26,1,LOS,DOWN,UP,-,-,NORMAL,0.88,equipment_module
alarm_00440,current_alarm_snapshot,2026-05-04 17:57:19,CRITICAL,asset_4226e99132,CA,Physical Port Down,2020-09-26 00:42:03,2020-09-26 00:42:03,49121.25,1,LOS,DOWN,UP,-,-,NORMAL,0.88,equipment_module
alarm_00441,current_alarm_snapshot,2026-05-04 17:57:19,CRITICAL,asset_21a7eae782,CA,Physical Port Down,2020-09-26 00:42:15,2020-09-26 00:42:15,49121.25,1,LOS,DOWN,UP,-,-,NORMAL,0.88,equipment_module
alarm_00442,current_alarm_snapshot,2026-05-04 17:57:19,CRITICAL,asset_4226e99132,CA,Physical Port Down,2020-09-26 00:42:21,2020-09-26 00:42:21,49121.25,1,LOS,DOWN,UP,-,-,NORMAL,0.88,equipment_module
alarm_00443,current_alarm_snapshot,2026-05-04 17:57:19,CRITICAL,asset_21a7eae782,CA,Physical Port Down,2020-09-26 00:42:39,2020-09-26 00:42:39,49121.24,1,LOS,DOWN,UP,-,-,NORMAL,0.88,equipment_module
alarm_00444,current_alarm_snapshot,2026-05-04 17:57:19,CRITICAL,asset_4226e99132,CA,Physical Port Down,2020-09-26 00:42:50,2020-09-26 00:42:50,49121.24,1,NEGOTIATION_FAIL,DOWN,UP,-,-,NORMAL,0.88,equipment_module
alarm_00445,current_alarm_snapshot,2026-05-04 17:57:19,CRITICAL,asset_21a7eae782,CA,Physical Port Down,2020-09-26 00:43:08,2020-09-26 00:43:08,49121.24,1,NEGOTIATION_FAIL,DOWN,UP,-,-,NORMAL,0.88,equipment_module
alarm_00446,current_alarm_snapshot,2026-05-04 17:57:19,CRITICAL,asset_4226e99132,CA,Physical Port Down,2020-09-26 00:43:15,2020-09-26 00:43:15,49121.23,1,NEGOTIATION_FAIL,DOWN,UP,-,-,NORMAL,0.88,equipment_module
alarm_00447,current_alarm_snapshot,2026-05-04 17:57:19,CRITICAL,asset_21a7eae782,CA,Physical Port Down,2020-09-26 00:43:30,2020-09-26 00:43:30,49121.23,1,NEGOTIATION_FAIL,DOWN,UP,-,-,NORMAL,0.88,equipment_module
alarm_00448,current_alarm_snapshot,2026-05-04 17:57:19,CRITICAL,asset_21a7eae782,CA,Physical Port Down,2020-09-26 00:43:55,2020-09-26 00:43:55,49121.22,1,NEGOTIATION_FAIL,DOWN,UP,-,-,NORMAL,0.88,equipment_module
alarm_00449,current_alarm_snapshot,2026-05-04 17:57:19,CRITICAL,asset_21a7eae782,CA,Physical Port Down,2020-09-26 00:44:14,2020-09-26 00:44:14,49121.22,1,NEGOTIATION_FAIL,DOWN,UP,-,-,NORMAL,0.88,equipment_module
alarm_00450,current_alarm_snapshot,2026-05-04 17:57:19,CRITICAL,asset_4226e99132,CA,Physical Port Down,2020-09-26 00:44:21,2020-09-26 00:44:21,49121.22,1,NEGOTIATION_FAIL,DOWN,UP,-,-,NORMAL,0.88,equipment_module
alarm_00451,current_alarm_snapshot,2026-05-04 17:57:19,CRITICAL,asset_21a7eae782,CA,Physical Port Down,2020-09-26 00:44:33,2020-09-26 00:44:33,49121.21,1,NEGOTIATION_FAIL,DOWN,UP,-,-,NORMAL,0.88,equipment_module
alarm_00452,current_alarm_snapshot,2026-05-04 17:57:19,CRITICAL,asset_4226e99132,CA,Physical Port Down,2020-09-26 00:44:46,2020-09-26 00:44:46,49121.21,1,NEGOTIATION_FAIL,DOWN,UP,-,-,NORMAL,0.88,equipment_module
alarm_00453,current_alarm_snapshot,2026-05-04 17:57:19,CRITICAL,asset_21a7eae782,CA,Physical Port Down,2020-09-26 00:45:01,2020-09-26 00:45:01,49121.21,1,NEGOTIATION_FAIL,DOWN,UP,-,-,NORMAL,0.88,equipment_module
alarm_00454,current_alarm_snapshot,2026-05-04 17:57:19,CRITICAL,asset_21a7eae782,CA,Physical Port Down,2020-09-26 00:45:25,2020-09-26 00:45:25,49121.2,1,NEGOTIATION_FAIL,DOWN,UP,-,-,NORMAL,0.88,equipment_module
alarm_00455,current_alarm_snapshot,2026-05-04 17:57:19,CRITICAL,asset_21a7eae782,CA,Physical Port Down,2020-09-26 00:45:57,2020-09-26 00:45:57,49121.19,1,NEGOTIATION_FAIL,DOWN,UP,-,-,NORMAL,0.88,equipment_module
alarm_00456,current_alarm_snapshot,2026-05-04 17:57:19,CRITICAL,asset_21a7eae782,CA,Physical Port Down,2020-09-26 00:46:03,2020-09-26 00:46:03,49121.19,1,NEGOTIATION_FAIL,DOWN,UP,-,-,NORMAL,0.88,equipment_module
alarm_00457,current_alarm_snapshot,2026-05-04 17:57:19,CRITICAL,asset_4226e99132,CA,Physical Port Down,2020-09-26 00:46:13,2020-09-26 00:46:13,49121.18,1,NEGOTIATION_FAIL,DOWN,UP,-,-,NORMAL,0.88,equipment_module
alarm_00458,current_alarm_snapshot,2026-05-04 17:57:19,CRITICAL,asset_21a7eae782,CA,Physical Port Down,2020-09-26 00:46:30,2020-09-26 00:46:30,49121.18,1,NEGOTIATION_FAIL,DOWN,UP,-,-,NORMAL,0.88,equipment_module
alarm_00459,current_alarm_snapshot,2026-05-04 17:57:19,CRITICAL,asset_21a7eae782,CA,Physical Port Down,2020-09-26 00:46:34,2020-09-26 00:46:34,49121.18,1,NEGOTIATION_FAIL,DOWN,UP,-,-,NORMAL,0.88,equipment_module
alarm_00460,current_alarm_snapshot,2026-05-04 17:57:19,CRITICAL,asset_4226e99132,CA,Physical Port Down,2020-09-26 00:46:44,2020-09-26 00:46:44,49121.18,1,NEGOTIATION_FAIL,DOWN,UP,-,-,NORMAL,0.88,equipment_module
alarm_00461,current_alarm_snapshot,2026-05-04 17:57:19,CRITICAL,asset_21a7eae782,CA,Physical Port Down,2020-09-26 00:47:10,2020-09-26 00:47:10,49121.17,1,NEGOTIATION_FAIL,DOWN,UP,-,-,NORMAL,0.88,equipment_module
alarm_00462,current_alarm_snapshot,2026-05-04 17:57:19,CRITICAL,asset_4226e99132,CA,Physical Port Down,2020-09-26 00:47:13,2020-09-26 00:47:13,49121.17,1,NEGOTIATION_FAIL,DOWN,UP,-,-,NORMAL,0.88,equipment_module
alarm_00463,current_alarm_snapshot,2026-05-04 17:57:19,CRITICAL,asset_21a7eae782,CA,Physical Port Down,2020-09-26 00:47:24,2020-09-26 00:47:24,49121.17,1,NEGOTIATION_FAIL,DOWN,UP,-,-,NORMAL,0.88,equipment_module
alarm_00464,current_alarm_snapshot,2026-05-04 17:57:19,CRITICAL,asset_4226e99132,CA,Physical Port Down,2020-09-26 00:47:29,2020-09-26 00:47:29,49121.16,1,NEGOTIATION_FAIL,DOWN,UP,-,-,NORMAL,0.88,equipment_module
alarm_00465,current_alarm_snapshot,2026-05-04 17:57:19,CRITICAL,asset_074c2e8c02,AG,Physical Port Down,2020-10-14 13:06:52,2020-10-14 13:06:52,48676.84,1,LOS,DOWN,UP,-,-,NORMAL,0.88,link_down
alarm_00466,current_alarm_snapshot,2026-05-04 17:57:19,CRITICAL,asset_7eec39a6ea,AG,Physical Port Down,2020-12-02 09:18:18,2020-12-02 09:18:18,47504.65,1,LRDI,DOWN,UP,-,-,NORMAL,0.88,link_down
alarm_00467,current_alarm_snapshot,2026-05-04 17:57:19,CRITICAL,asset_b04fa4b282,AG,Physical Port Down,2020-12-10 12:44:22,2020-12-10 12:44:22,47309.22,1,LOS,DOWN,UP,-,-,NORMAL,0.88,link_down
alarm_00468,current_alarm_snapshot,2026-05-04 17:57:19,CRITICAL,asset_6b46669c8f,AG,Physical Port Down,2020-12-11 12:07:48,2020-12-11 12:07:48,47285.83,1,LRDI,DOWN,UP,-,-,NORMAL,0.88,link_down
alarm_00469,current_alarm_snapshot,2026-05-04 17:57:19,CRITICAL,asset_ad2516d834,AG,Physical Port Down,2021-01-05 08:50:13,2021-01-05 08:50:13,46689.12,1,SHUTDOWN,DOWN,DOWN,-,-,NORMAL,0.88,link_down
alarm_00470,current_alarm_snapshot,2026-05-04 17:57:19,CRITICAL,asset_8d2941bf77,AG,Physical Port Down,2021-01-20 04:34:50,2021-01-20 04:34:50,46333.37,1,"PCS_UNLOCK,NEGOTIATION_FAIL",DOWN,UP,-,-,NORMAL,0.88,link_down
alarm_00471,current_alarm_snapshot,2026-05-04 17:57:19,CRITICAL,asset_4ce9ff87e8,AR,Physical Port Down,2021-01-27 08:42:28,2021-01-27 08:42:28,46161.25,1,NEGOTIATION_FAIL,UNREPORTED,UNKNOWN,-,ACKNOWLEDGED,NORMAL,0.88,link_down
alarm_00472,current_alarm_snapshot,2026-05-04 17:57:19,CRITICAL,asset_aa46ebdde4,AG,Physical Port Down,2021-01-30 01:13:27,2021-01-30 01:13:27,46096.73,1,SHUTDOWN,DOWN,DOWN,-,-,NORMAL,0.88,link_down
alarm_00473,current_alarm_snapshot,2026-05-04 17:57:19,CRITICAL,asset_76c3656efc,AG,Physical Port Down,2021-02-05 11:37:14,2021-02-05 11:37:14,45942.33,1,LOS,DOWN,UP,-,-,NORMAL,0.88,link_down
alarm_00474,current_alarm_snapshot,2026-05-04 17:57:19,CRITICAL,asset_59ab1a6b52,AG,Physical Port Down,2021-02-06 00:21:04,2021-02-06 00:21:04,45929.6,1,LOS,DOWN,UP,-,-,NORMAL,0.88,link_down
alarm_00475,current_alarm_snapshot,2026-05-04 17:57:19,CRITICAL,asset_6fc79fbfd0,AG,Physical Port Down,2021-02-06 06:38:59,2021-02-06 06:38:59,45923.31,1,LOS,DOWN,UP,-,-,NORMAL,0.88,link_down
alarm_00476,current_alarm_snapshot,2026-05-04 17:57:19,CRITICAL,asset_6fc79fbfd0,AG,Board Invalid,2021-02-06 06:43:25,2021-02-06 06:43:25,45923.23,1,UNKNOWN,UNKNOWN,UNKNOWN,-,-,NORMAL,0.88,power_energy
alarm_00477,current_alarm_snapshot,2026-05-04 17:57:19,CRITICAL,asset_b616b40c81,AG,Physical Port Down,2021-02-18 10:41:32,2021-02-18 10:41:32,45631.26,1,NEGOTIATION_FAIL,DOWN,UP,-,-,NORMAL,0.88,link_down
alarm_00478,current_alarm_snapshot,2026-05-04 17:57:19,CRITICAL,asset_b616b40c81,AG,Physical Port Down,2021-02-18 18:25:39,2021-02-18 18:25:39,45623.53,1,"PCS_UNLOCK,NEGOTIATION_FAIL",DOWN,UP,-,-,NORMAL,0.88,link_down
alarm_00479,current_alarm_snapshot,2026-05-04 17:57:19,CRITICAL,asset_17a1fa1026,AG,Physical Port Down,2021-02-19 11:24:52,2021-02-19 11:24:52,45606.54,1,NEGOTIATION_FAIL,DOWN,UP,-,-,NORMAL,0.88,link_down
alarm_00480,current_alarm_snapshot,2026-05-04 17:57:19,CRITICAL,asset_e85b76d2b0,AG,Physical Port Down,2021-02-20 14:17:51,2021-02-20 14:17:51,45579.66,1,SD,DOWN,UP,-,-,NORMAL,0.88,link_down
alarm_00481,current_alarm_snapshot,2026-05-04 17:57:19,CRITICAL,asset_e85b76d2b0,AG,Physical Port Down,2021-02-20 14:21:07,2021-02-20 14:21:07,45579.6,1,LOS,DOWN,UP,-,-,NORMAL,0.88,link_down
alarm_00482,current_alarm_snapshot,2026-05-04 17:57:19,CRITICAL,asset_e85b76d2b0,AG,Board Invalid,2021-02-20 14:26:38,2021-02-20 14:26:38,45579.51,1,UNKNOWN,UNKNOWN,UNKNOWN,-,-,NORMAL,0.88,power_energy
alarm_00483,current_alarm_snapshot,2026-05-04 17:57:19,CRITICAL,asset_8d2941bf77,AG,Physical Port Down,2021-02-23 16:05:08,2021-02-23 16:05:08,45505.87,1,NEGOTIATION_FAIL,DOWN,UP,-,-,NORMAL,0.88,link_down
alarm_00484,current_alarm_snapshot,2026-05-04 17:57:19,CRITICAL,asset_17a1fa1026,AG,Physical Port Down,2021-03-08 16:02:11,2021-03-08 16:02:11,45193.92,1,NEGOTIATION_FAIL,DOWN,UP,-,-,NORMAL,0.88,link_down
alarm_00485,current_alarm_snapshot,2026-05-04 17:57:19,CRITICAL,asset_18b891f407,AG,Physical Port Down,2021-03-19 16:30:08,2021-03-19 16:30:08,44929.45,1,UNKNOWN,UNKNOWN,UNKNOWN,-,-,NORMAL,0.88,link_down
alarm_00486,current_alarm_snapshot,2026-05-04 17:57:19,CRITICAL,asset_17a1fa1026,AG,Physical Port Down,2021-03-24 14:08:43,2021-03-24 14:08:43,44811.81,1,LOS,DOWN,UP,-,-,NORMAL,0.88,link_down
alarm_00487,current_alarm_snapshot,2026-05-04 17:57:19,CRITICAL,asset_5235efd7d0,CA,Physical Port Down,2021-03-25 01:21:16,2021-03-25 01:21:16,44800.6,1,LOS,DOWN,UP,-,-,NORMAL,0.88,link_down
alarm_00488,current_alarm_snapshot,2026-05-04 17:57:19,CRITICAL,asset_5235efd7d0,CA,Physical Port Down,2021-03-25 01:21:30,2021-03-25 01:21:30,44800.6,1,LOS,DOWN,UP,-,-,NORMAL,0.88,link_down
alarm_00489,current_alarm_snapshot,2026-05-04 17:57:19,CRITICAL,asset_5235efd7d0,CA,Physical Port Down,2021-03-25 01:27:20,2021-03-25 01:27:20,44800.5,1,LOS,DOWN,UP,-,-,NORMAL,0.88,link_down
alarm_00490,current_alarm_snapshot,2026-05-04 17:57:19,CRITICAL,asset_ea13d97725,CA,Physical Port Down,2021-03-25 01:28:33,2021-03-25 01:28:33,44800.48,1,NEGOTIATION_FAIL,DOWN,UP,-,-,NORMAL,0.88,link_down
alarm_00491,current_alarm_snapshot,2026-05-04 17:57:19,CRITICAL,asset_ea13d97725,CA,Physical Port Down,2021-03-25 01:28:37,2021-03-25 01:28:37,44800.48,1,LOS,DOWN,UP,-,-,NORMAL,0.88,link_down
alarm_00492,current_alarm_snapshot,2026-05-04 17:57:19,CRITICAL,asset_ea13d97725,CA,Physical Port Down,2021-03-25 01:28:44,2021-03-25 01:28:44,44800.48,1,NEGOTIATION_FAIL,DOWN,UP,-,-,NORMAL,0.88,link_down
alarm_00493,current_alarm_snapshot,2026-05-04 17:57:19,CRITICAL,asset_5235efd7d0,CA,Physical Port Down,2021-03-25 01:28:59,2021-03-25 01:28:59,44800.47,1,LOS,DOWN,UP,-,-,NORMAL,0.88,link_down
alarm_00494,current_alarm_snapshot,2026-05-04 17:57:19,CRITICAL,asset_ea13d97725,CA,Physical Port Down,2021-03-25 01:29:11,2021-03-25 01:29:11,44800.47,1,LOS,DOWN,UP,-,-,NORMAL,0.88,link_down
alarm_00495,current_alarm_snapshot,2026-05-04 17:57:19,CRITICAL,asset_21a7eae782,CA,Physical Port Down,2021-03-25 01:49:47,2021-03-25 01:49:47,44800.13,1,LOS,DOWN,UP,-,-,NORMAL,0.88,equipment_module
alarm_00496,current_alarm_snapshot,2026-05-04 17:57:19,CRITICAL,asset_21a7eae782,CA,Physical Port Down,2021-03-25 01:49:52,2021-03-25 01:49:52,44800.12,1,LOS,DOWN,UP,-,-,NORMAL,0.88,equipment_module
alarm_00497,current_alarm_snapshot,2026-05-04 17:57:19,CRITICAL,asset_21a7eae782,CA,Physical Port Down,2021-03-25 01:50:01,2021-03-25 01:50:01,44800.12,1,NEGOTIATION_FAIL,DOWN,UP,-,-,NORMAL,0.88,equipment_module
alarm_00498,current_alarm_snapshot,2026-05-04 17:57:19,CRITICAL,asset_4226e99132,CA,Physical Port Down,2021-03-25 01:50:15,2021-03-25 01:50:15,44800.12,1,LOS,DOWN,UP,-,-,NORMAL,0.88,equipment_module
alarm_00499,current_alarm_snapshot,2026-05-04 17:57:19,CRITICAL,asset_4226e99132,CA,Physical Port Down,2021-03-25 01:50:18,2021-03-25 01:50:18,44800.12,1,LOS,DOWN,UP,-,-,NORMAL,0.88,equipment_module
alarm_00500,current_alarm_snapshot,2026-05-04 17:57:19,CRITICAL,asset_4226e99132,CA,Physical Port Down,2021-03-25 01:50:26,2021-03-25 01:50:26,44800.11,1,LOS,DOWN,UP,-,-,NORMAL,0.88,equipment_module
alarm_00501,current_alarm_snapshot,2026-05-04 17:57:19,CRITICAL,asset_21a7eae782,CA,Physical Port Down,2021-03-25 01:50:42,2021-03-25 01:50:42,44800.11,1,NEGOTIATION_FAIL,DOWN,UP,-,-,NORMAL,0.88,equipment_module
alarm_00502,current_alarm_snapshot,2026-05-04 17:57:19,CRITICAL,asset_4226e99132,CA,Physical Port Down,2021-03-25 01:51:02,2021-03-25 01:51:02,44800.1,1,LOS,DOWN,UP,-,-,NORMAL,0.88,equipment_module
alarm_00503,current_alarm_snapshot,2026-05-04 17:57:19,CRITICAL,asset_4226e99132,CA,Physical Port Down,2021-03-31 00:46:04,2021-03-31 00:46:04,44657.19,1,LOS,DOWN,UP,-,-,NORMAL,0.88,equipment_module
alarm_00504,current_alarm_snapshot,2026-05-04 17:57:19,CRITICAL,asset_4226e99132,CA,Physical Port Down,2021-03-31 00:46:04,2021-03-31 00:46:04,44657.19,1,LOS,DOWN,UP,-,-,NORMAL,0.88,equipment_module
alarm_00505,current_alarm_snapshot,2026-05-04 17:57:19,CRITICAL,asset_4226e99132,CA,Physical Port Down,2021-03-31 00:46:04,2021-03-31 00:46:04,44657.19,1,LOS,DOWN,UP,-,-,NORMAL,0.88,equipment_module
alarm_00506,current_alarm_snapshot,2026-05-04 17:57:19,CRITICAL,asset_4226e99132,CA,Physical Port Down,2021-03-31 00:46:04,2021-03-31 00:46:04,44657.19,1,LOS,DOWN,UP,-,-,NORMAL,0.88,equipment_module
alarm_00507,current_alarm_snapshot,2026-05-04 17:57:19,CRITICAL,asset_4226e99132,CA,Physical Port Down,2021-03-31 00:46:04,2021-03-31 00:46:04,44657.19,1,LOS,DOWN,UP,-,-,NORMAL,0.88,equipment_module
alarm_00508,current_alarm_snapshot,2026-05-04 17:57:19,CRITICAL,asset_4226e99132,CA,Physical Port Down,2021-03-31 00:46:04,2021-03-31 00:46:04,44657.19,1,LOS,DOWN,UP,-,-,NORMAL,0.88,equipment_module
alarm_00509,current_alarm_snapshot,2026-05-04 17:57:19,CRITICAL,asset_4226e99132,CA,Physical Port Down,2021-03-31 00:46:04,2021-03-31 00:46:04,44657.19,1,LOS,DOWN,UP,-,-,NORMAL,0.88,equipment_module
alarm_00510,current_alarm_snapshot,2026-05-04 17:57:19,CRITICAL,asset_4226e99132,CA,Physical Port Down,2021-03-31 00:46:04,2021-03-31 00:46:04,44657.19,1,LOS,DOWN,UP,-,-,NORMAL,0.88,equipment_module
alarm_00511,current_alarm_snapshot,2026-05-04 17:57:19,CRITICAL,asset_4226e99132,CA,Physical Port Down,2021-03-31 00:46:04,2021-03-31 00:46:04,44657.19,1,LOS,DOWN,UP,-,-,NORMAL,0.88,equipment_module
alarm_00512,current_alarm_snapshot,2026-05-04 17:57:19,CRITICAL,asset_4226e99132,CA,Physical Port Down,2021-03-31 00:46:04,2021-03-31 00:46:04,44657.19,1,LOS,DOWN,UP,-,-,NORMAL,0.88,equipment_module
alarm_00513,current_alarm_snapshot,2026-05-04 17:57:19,CRITICAL,asset_4226e99132,CA,Physical Port Down,2021-03-31 00:46:04,2021-03-31 00:46:04,44657.19,1,LOS,DOWN,UP,-,-,NORMAL,0.88,equipment_module
alarm_00514,current_alarm_snapshot,2026-05-04 17:57:19,CRITICAL,asset_21a7eae782,CA,Physical Port Down,2021-03-31 00:46:04,2021-03-31 00:46:04,44657.19,1,LOS,DOWN,UP,-,-,NORMAL,0.88,equipment_module
alarm_00515,current_alarm_snapshot,2026-05-04 17:57:19,CRITICAL,asset_21a7eae782,CA,Physical Port Down,2021-03-31 00:46:04,2021-03-31 00:46:04,44657.19,1,LOS,DOWN,UP,-,-,NORMAL,0.88,equipment_module
alarm_00516,current_alarm_snapshot,2026-05-04 17:57:19,CRITICAL,asset_21a7eae782,CA,Physical Port Down,2021-03-31 00:46:04,2021-03-31 00:46:04,44657.19,1,LOS,DOWN,UP,-,-,NORMAL,0.88,equipment_module
alarm_00517,current_alarm_snapshot,2026-05-04 17:57:19,CRITICAL,asset_21a7eae782,CA,Physical Port Down,2021-03-31 00:46:04,2021-03-31 00:46:04,44657.19,1,LOS,DOWN,UP,-,-,NORMAL,0.88,equipment_module
alarm_00518,current_alarm_snapshot,2026-05-04 17:57:19,CRITICAL,asset_21a7eae782,CA,Physical Port Down,2021-03-31 00:46:04,2021-03-31 00:46:04,44657.19,1,LOS,DOWN,UP,-,-,NORMAL,0.88,equipment_module
alarm_00519,current_alarm_snapshot,2026-05-04 17:57:19,CRITICAL,asset_21a7eae782,CA,Physical Port Down,2021-03-31 00:46:04,2021-03-31 00:46:04,44657.19,1,LOS,DOWN,UP,-,-,NORMAL,0.88,equipment_module
alarm_00520,current_alarm_snapshot,2026-05-04 17:57:19,CRITICAL,asset_4226e99132,CA,Physical Port Down,2021-03-31 00:46:05,2021-03-31 00:46:05,44657.19,1,LOS,DOWN,UP,-,-,NORMAL,0.88,equipment_module
alarm_00521,current_alarm_snapshot,2026-05-04 17:57:19,CRITICAL,asset_4226e99132,CA,Physical Port Down,2021-03-31 00:46:05,2021-03-31 00:46:05,44657.19,1,LOS,DOWN,UP,-,-,NORMAL,0.88,equipment_module
alarm_00522,current_alarm_snapshot,2026-05-04 17:57:19,CRITICAL,asset_4226e99132,CA,Physical Port Down,2021-03-31 00:46:05,2021-03-31 00:46:05,44657.19,1,LOS,DOWN,UP,-,-,NORMAL,0.88,equipment_module
alarm_00523,current_alarm_snapshot,2026-05-04 17:57:19,CRITICAL,asset_21a7eae782,CA,Physical Port Down,2021-03-31 00:46:05,2021-03-31 00:46:05,44657.19,1,LOS,DOWN,UP,-,-,NORMAL,0.88,equipment_module
alarm_00524,current_alarm_snapshot,2026-05-04 17:57:19,CRITICAL,asset_21a7eae782,CA,Physical Port Down,2021-03-31 00:46:05,2021-03-31 00:46:05,44657.19,1,LOS,DOWN,UP,-,-,NORMAL,0.88,equipment_module
alarm_00525,current_alarm_snapshot,2026-05-04 17:57:19,CRITICAL,asset_21a7eae782,CA,Physical Port Down,2021-03-31 00:46:05,2021-03-31 00:46:05,44657.19,1,LOS,DOWN,UP,-,-,NORMAL,0.88,equipment_module
alarm_00526,current_alarm_snapshot,2026-05-04 17:57:19,CRITICAL,asset_21a7eae782,CA,Physical Port Down,2021-03-31 00:46:05,2021-03-31 00:46:05,44657.19,1,LOS,DOWN,UP,-,-,NORMAL,0.88,equipment_module
alarm_00527,current_alarm_snapshot,2026-05-04 17:57:19,CRITICAL,asset_21a7eae782,CA,Physical Port Down,2021-03-31 00:46:05,2021-03-31 00:46:05,44657.19,1,LOS,DOWN,UP,-,-,NORMAL,0.88,equipment_module
alarm_00528,current_alarm_snapshot,2026-05-04 17:57:19,CRITICAL,asset_21a7eae782,CA,Physical Port Down,2021-03-31 00:46:05,2021-03-31 00:46:05,44657.19,1,LOS,DOWN,UP,-,-,NORMAL,0.88,equipment_module
alarm_00529,current_alarm_snapshot,2026-05-04 17:57:19,CRITICAL,asset_21a7eae782,CA,Physical Port Down,2021-03-31 00:46:05,2021-03-31 00:46:05,44657.19,1,LOS,DOWN,UP,-,-,NORMAL,0.88,equipment_module
alarm_00530,current_alarm_snapshot,2026-05-04 17:57:19,CRITICAL,asset_21a7eae782,CA,Physical Port Down,2021-03-31 00:46:05,2021-03-31 00:46:05,44657.19,1,LOS,DOWN,UP,-,-,NORMAL,0.88,equipment_module
alarm_00531,current_alarm_snapshot,2026-05-04 17:57:19,CRITICAL,asset_ea13d97725,CA,Physical Port Down,2021-03-31 01:09:05,2021-03-31 01:09:05,44656.8,1,LOS,DOWN,UP,-,-,NORMAL,0.88,link_down
alarm_00532,current_alarm_snapshot,2026-05-04 17:57:19,CRITICAL,asset_ea13d97725,CA,Physical Port Down,2021-03-31 01:09:05,2021-03-31 01:09:05,44656.8,1,LOS,DOWN,UP,-,-,NORMAL,0.88,link_down
alarm_00533,current_alarm_snapshot,2026-05-04 17:57:19,CRITICAL,asset_ea13d97725,CA,Physical Port Down,2021-03-31 01:09:05,2021-03-31 01:09:05,44656.8,1,LOS,DOWN,UP,-,-,NORMAL,0.88,link_down
alarm_00534,current_alarm_snapshot,2026-05-04 17:57:19,CRITICAL,asset_ea13d97725,CA,Physical Port Down,2021-03-31 01:09:05,2021-03-31 01:09:05,44656.8,1,LOS,DOWN,UP,-,-,NORMAL,0.88,link_down
alarm_00535,current_alarm_snapshot,2026-05-04 17:57:19,CRITICAL,asset_ea13d97725,CA,Physical Port Down,2021-03-31 01:09:05,2021-03-31 01:09:05,44656.8,1,LOS,DOWN,UP,-,-,NORMAL,0.88,link_down
alarm_00536,current_alarm_snapshot,2026-05-04 17:57:19,CRITICAL,asset_ea13d97725,CA,Physical Port Down,2021-03-31 01:09:05,2021-03-31 01:09:05,44656.8,1,LOS,DOWN,UP,-,-,NORMAL,0.88,link_down
alarm_00537,current_alarm_snapshot,2026-05-04 17:57:19,CRITICAL,asset_ea13d97725,CA,Physical Port Down,2021-03-31 01:09:05,2021-03-31 01:09:05,44656.8,1,LOS,DOWN,UP,-,-,NORMAL,0.88,link_down
alarm_00538,current_alarm_snapshot,2026-05-04 17:57:19,CRITICAL,asset_ea13d97725,CA,Physical Port Down,2021-03-31 01:09:05,2021-03-31 01:09:05,44656.8,1,LOS,DOWN,UP,-,-,NORMAL,0.88,link_down
alarm_00539,current_alarm_snapshot,2026-05-04 17:57:19,CRITICAL,asset_ea13d97725,CA,Physical Port Down,2021-03-31 01:09:05,2021-03-31 01:09:05,44656.8,1,LOS,DOWN,UP,-,-,NORMAL,0.88,link_down
alarm_00540,current_alarm_snapshot,2026-05-04 17:57:19,CRITICAL,asset_ea13d97725,CA,Physical Port Down,2021-03-31 01:09:05,2021-03-31 01:09:05,44656.8,1,LOS,DOWN,UP,-,-,NORMAL,0.88,link_down
alarm_00541,current_alarm_snapshot,2026-05-04 17:57:19,CRITICAL,asset_ea13d97725,CA,Physical Port Down,2021-03-31 01:09:05,2021-03-31 01:09:05,44656.8,1,LOS,DOWN,UP,-,-,NORMAL,0.88,link_down
alarm_00542,current_alarm_snapshot,2026-05-04 17:57:19,CRITICAL,asset_ea13d97725,CA,Physical Port Down,2021-03-31 01:09:05,2021-03-31 01:09:05,44656.8,1,LOS,DOWN,UP,-,-,NORMAL,0.88,link_down
alarm_00543,current_alarm_snapshot,2026-05-04 17:57:19,CRITICAL,asset_ea13d97725,CA,Physical Port Down,2021-03-31 01:09:05,2021-03-31 01:09:05,44656.8,1,LOS,DOWN,UP,-,-,NORMAL,0.88,link_down
alarm_00544,current_alarm_snapshot,2026-05-04 17:57:19,CRITICAL,asset_ea13d97725,CA,Physical Port Down,2021-03-31 01:09:05,2021-03-31 01:09:05,44656.8,1,LOS,DOWN,UP,-,-,NORMAL,0.88,link_down
alarm_00545,current_alarm_snapshot,2026-05-04 17:57:19,CRITICAL,asset_5235efd7d0,CA,Physical Port Down,2021-03-31 01:09:05,2021-03-31 01:09:05,44656.8,1,LOS,DOWN,UP,-,-,NORMAL,0.88,link_down
alarm_00546,current_alarm_snapshot,2026-05-04 17:57:19,CRITICAL,asset_5235efd7d0,CA,Physical Port Down,2021-03-31 01:09:05,2021-03-31 01:09:05,44656.8,1,LOS,DOWN,UP,-,-,NORMAL,0.88,link_down
alarm_00547,current_alarm_snapshot,2026-05-04 17:57:19,CRITICAL,asset_5235efd7d0,CA,Physical Port Down,2021-03-31 01:09:05,2021-03-31 01:09:05,44656.8,1,LOS,DOWN,UP,-,-,NORMAL,0.88,link_down
alarm_00548,current_alarm_snapshot,2026-05-04 17:57:19,CRITICAL,asset_5235efd7d0,CA,Physical Port Down,2021-03-31 01:09:05,2021-03-31 01:09:05,44656.8,1,LOS,DOWN,UP,-,-,NORMAL,0.88,link_down
alarm_00549,current_alarm_snapshot,2026-05-04 17:57:19,CRITICAL,asset_5235efd7d0,CA,Physical Port Down,2021-03-31 01:09:05,2021-03-31 01:09:05,44656.8,1,LOS,DOWN,UP,-,-,NORMAL,0.88,link_down
alarm_00550,current_alarm_snapshot,2026-05-04 17:57:19,CRITICAL,asset_5235efd7d0,CA,Physical Port Down,2021-03-31 01:09:05,2021-03-31 01:09:05,44656.8,1,LOS,DOWN,UP,-,-,NORMAL,0.88,link_down
alarm_00551,current_alarm_snapshot,2026-05-04 17:57:19,CRITICAL,asset_5235efd7d0,CA,Physical Port Down,2021-03-31 01:09:05,2021-03-31 01:09:05,44656.8,1,LOS,DOWN,UP,-,-,NORMAL,0.88,link_down
alarm_00552,current_alarm_snapshot,2026-05-04 17:57:19,CRITICAL,asset_5235efd7d0,CA,Physical Port Down,2021-03-31 01:09:05,2021-03-31 01:09:05,44656.8,1,LOS,DOWN,UP,-,-,NORMAL,0.88,link_down
alarm_00553,current_alarm_snapshot,2026-05-04 17:57:19,CRITICAL,asset_5235efd7d0,CA,Physical Port Down,2021-03-31 01:09:05,2021-03-31 01:09:05,44656.8,1,LOS,DOWN,UP,-,-,NORMAL,0.88,link_down
alarm_00554,current_alarm_snapshot,2026-05-04 17:57:19,CRITICAL,asset_5235efd7d0,CA,Physical Port Down,2021-03-31 01:09:05,2021-03-31 01:09:05,44656.8,1,LOS,DOWN,UP,-,-,NORMAL,0.88,link_down
alarm_00555,current_alarm_snapshot,2026-05-04 17:57:19,CRITICAL,asset_5235efd7d0,CA,Physical Port Down,2021-03-31 01:09:05,2021-03-31 01:09:05,44656.8,1,LOS,DOWN,UP,-,-,NORMAL,0.88,link_down
alarm_00556,current_alarm_snapshot,2026-05-04 17:57:19,CRITICAL,asset_5235efd7d0,CA,Physical Port Down,2021-03-31 01:09:05,2021-03-31 01:09:05,44656.8,1,LOS,DOWN,UP,-,-,NORMAL,0.88,link_down
alarm_00557,current_alarm_snapshot,2026-05-04 17:57:19,CRITICAL,asset_5235efd7d0,CA,Physical Port Down,2021-03-31 01:09:05,2021-03-31 01:09:05,44656.8,1,LOS,DOWN,UP,-,-,NORMAL,0.88,link_down
alarm_00558,current_alarm_snapshot,2026-05-04 17:57:19,CRITICAL,asset_5235efd7d0,CA,Physical Port Down,2021-03-31 01:09:05,2021-03-31 01:09:05,44656.8,1,LOS,DOWN,UP,-,-,NORMAL,0.88,link_down
alarm_00559,current_alarm_snapshot,2026-05-04 17:57:19,CRITICAL,asset_18b891f407,AG,Physical Port Down,2021-04-21 17:26:56,2021-04-21 17:26:56,44136.51,1,UNKNOWN,UNKNOWN,UNKNOWN,-,-,NORMAL,0.88,link_down
alarm_00560,current_alarm_snapshot,2026-05-04 17:57:19,CRITICAL,asset_a72fff5450,AG,Physical Port Down,2021-05-14 10:01:08,2021-05-14 10:01:08,43591.94,1,NEGOTIATION_FAIL,DOWN,UP,-,-,NORMAL,0.88,link_down
alarm_00561,current_alarm_snapshot,2026-05-04 17:57:19,CRITICAL,asset_18b891f407,AG,Physical Port Down,2021-06-11 11:17:44,2021-06-11 11:17:44,42918.66,1,UNKNOWN,UNKNOWN,UNKNOWN,-,-,NORMAL,0.88,link_down
alarm_00562,current_alarm_snapshot,2026-05-04 17:57:19,CRITICAL,asset_b616b40c81,AG,Physical Port Down,2021-06-15 05:25:54,2021-06-15 05:25:54,42828.52,1,LOS,DOWN,UP,-,-,NORMAL,0.88,link_down
alarm_00563,current_alarm_snapshot,2026-05-04 17:57:19,CRITICAL,asset_76c3656efc,AG,Physical Port Down,2021-06-24 16:42:49,2021-06-24 16:42:49,42601.24,1,LOS,DOWN,UP,-,-,NORMAL,0.88,link_down
alarm_00564,current_alarm_snapshot,2026-05-04 17:57:19,CRITICAL,asset_7184c50276,AG,Physical Port Down,2021-06-30 06:45:30,2021-06-30 06:45:30,42467.2,1,LOS,DOWN,UP,-,ACKNOWLEDGED,NORMAL,0.88,link_down
alarm_00565,current_alarm_snapshot,2026-05-04 17:57:19,CRITICAL,asset_76c3656efc,AG,Physical Port Down,2021-07-01 09:40:39,2021-07-01 09:40:39,42440.28,1,LOS,DOWN,UP,-,-,NORMAL,0.88,link_down
alarm_00566,current_alarm_snapshot,2026-05-04 17:57:19,CRITICAL,asset_e85b76d2b0,AG,Physical Port Down,2021-07-12 12:30:29,2021-07-12 12:30:29,42173.45,1,NEGOTIATION_FAIL,DOWN,UP,-,-,NORMAL,0.88,link_down
alarm_00567,current_alarm_snapshot,2026-05-04 17:57:19,CRITICAL,asset_6fc79fbfd0,AG,Physical Port Down,2021-07-13 23:04:57,2021-07-13 23:04:57,42138.87,1,SHUTDOWN,DOWN,DOWN,-,-,NORMAL,0.88,link_down
alarm_00568,current_alarm_snapshot,2026-05-04 17:57:19,CRITICAL,asset_02caf2c9bf,AG,Physical Port Down,2021-08-16 17:45:15,2021-08-16 17:45:15,41328.2,1,NEGOTIATION_FAIL,DOWN,UP,-,-,NORMAL,0.88,link_down
alarm_00569,current_alarm_snapshot,2026-05-04 17:57:19,CRITICAL,asset_83911d0217,AG,Physical Port Down,2021-08-18 10:43:25,2021-08-18 10:43:25,41287.23,1,LOS,DOWN,UP,-,-,NORMAL,0.88,link_down
alarm_00570,current_alarm_snapshot,2026-05-04 17:57:19,CRITICAL,asset_ad2516d834,AG,Physical Port Down,2021-08-19 13:05:25,2021-08-19 13:05:25,41260.86,1,SHUTDOWN,DOWN,DOWN,-,-,NORMAL,0.88,link_down
alarm_00571,current_alarm_snapshot,2026-05-04 17:57:19,CRITICAL,asset_e85b76d2b0,AG,Physical Port Down,2021-08-22 19:46:38,2021-08-22 19:46:38,41182.18,1,LOS,DOWN,UP,-,-,NORMAL,0.88,link_down
alarm_00572,current_alarm_snapshot,2026-05-04 17:57:19,CRITICAL,asset_e818a4aedc,AG,Physical Port Down,2021-08-23 18:54:27,2021-08-23 18:54:27,41159.05,1,LOS,DOWN,UP,-,-,NORMAL,0.88,link_down
alarm_00573,current_alarm_snapshot,2026-05-04 17:57:19,CRITICAL,asset_1fefd1e765,AG,Physical Port Down,2021-10-06 23:31:25,2021-10-06 23:31:25,40098.43,1,SHUTDOWN,DOWN,DOWN,-,-,NORMAL,0.88,link_down
alarm_00574,current_alarm_snapshot,2026-05-04 17:57:19,CRITICAL,asset_685e16a0a6,AG,Physical Port Down,2021-10-10 00:26:20,2021-10-10 00:26:20,40025.52,1,NEGOTIATION_FAIL,DOWN,UP,-,-,NORMAL,0.88,link_down
alarm_00575,current_alarm_snapshot,2026-05-04 17:57:19,CRITICAL,asset_18b891f407,AG,Physical Port Down,2021-10-27 00:40:20,2021-10-27 00:40:20,39617.28,1,UNKNOWN,UNKNOWN,UNKNOWN,-,-,NORMAL,0.88,link_down
alarm_00576,current_alarm_snapshot,2026-05-04 17:57:19,CRITICAL,asset_ad2516d834,AG,Physical Port Down,2021-11-10 16:24:45,2021-11-10 16:24:45,39265.54,1,LOS,DOWN,UP,-,-,NORMAL,0.88,link_down
alarm_00577,current_alarm_snapshot,2026-05-04 17:57:19,CRITICAL,asset_17a1fa1026,AG,Physical Port Down,2021-11-17 10:42:57,2021-11-17 10:42:57,39103.24,1,LOS,DOWN,UP,-,-,NORMAL,0.88,link_down
alarm_00578,current_alarm_snapshot,2026-05-04 17:57:19,CRITICAL,asset_76c3656efc,AG,Physical Port Down,2021-12-02 09:57:54,2021-12-02 09:57:54,38743.99,1,"PCS_UNLOCK,NEGOTIATION_FAIL",DOWN,UP,-,-,NORMAL,0.88,link_down
alarm_00579,current_alarm_snapshot,2026-05-04 17:57:19,CRITICAL,asset_aae3bbd02e,AG,Physical Port Down,2022-01-03 16:12:12,2022-01-03 16:12:12,37969.75,1,LOS,DOWN,UP,-,-,NORMAL,0.88,link_down
alarm_00580,current_alarm_snapshot,2026-05-04 17:57:19,CRITICAL,asset_b088d17723,AR,Physical Port Down,2022-02-07 14:34:42,2022-02-07 14:34:42,37131.38,1,LOS,UNREPORTED,UNKNOWN,-,-,NORMAL,0.88,link_down
alarm_00581,current_alarm_snapshot,2026-05-04 17:57:19,CRITICAL,asset_ac87b78b25,AR,Physical Port Down,2022-04-03 12:56:33,2022-04-03 12:56:33,35813.01,1,LOS,UNREPORTED,UNKNOWN,-,-,NORMAL,0.88,link_down
alarm_00582,current_alarm_snapshot,2026-05-04 17:57:19,CRITICAL,asset_8e5b488c21,AR,Physical Port Down,2022-04-08 11:01:51,2022-04-08 11:01:51,35694.92,1,SHUTDOWN,DOWN,DOWN,-,-,NORMAL,0.88,link_down
alarm_00583,current_alarm_snapshot,2026-05-04 17:57:19,CRITICAL,asset_8e5b488c21,AR,Physical Port Down,2022-04-08 11:01:57,2022-04-08 11:01:57,35694.92,1,SHUTDOWN,DOWN,DOWN,-,-,NORMAL,0.88,link_down
alarm_00584,current_alarm_snapshot,2026-05-04 17:57:19,CRITICAL,asset_ae138f1d32,AG,Physical Port Down,2022-04-14 21:45:11,2022-04-14 21:45:11,35540.2,1,LOS,DOWN,UP,-,-,NORMAL,0.88,link_down
alarm_00585,current_alarm_snapshot,2026-05-04 17:57:19,CRITICAL,asset_76c3656efc,AG,Physical Port Down,2022-04-29 16:25:24,2022-04-29 16:25:24,35185.53,1,LOS,DOWN,UP,-,-,NORMAL,0.88,link_down
alarm_00586,current_alarm_snapshot,2026-05-04 17:57:19,CRITICAL,asset_64e2635c15,AG,Physical Port Down,2022-05-01 13:11:37,2022-05-01 13:11:37,35140.76,1,"PCS_UNLOCK,NEGOTIATION_FAIL",DOWN,UP,-,-,NORMAL,0.88,link_down
alarm_00587,current_alarm_snapshot,2026-05-04 17:57:19,CRITICAL,asset_b616b40c81,AG,Physical Port Down,2022-05-24 06:57:37,2022-05-24 06:57:37,34595.0,1,NEGOTIATION_FAIL,DOWN,UP,-,-,NORMAL,0.88,link_down
alarm_00588,current_alarm_snapshot,2026-05-04 17:57:19,CRITICAL,asset_b062612355,AG,Physical Port Down,2022-06-13 10:43:44,2022-06-13 10:43:44,34111.23,1,SHUTDOWN,DOWN,DOWN,-,-,NORMAL,0.88,link_down
alarm_00589,current_alarm_snapshot,2026-05-04 17:57:19,CRITICAL,asset_0fb7725b12,AG,Physical Port Down,2022-06-22 12:20:49,2022-06-22 12:20:49,33893.61,1,SHUTDOWN,DOWN,DOWN,-,-,NORMAL,0.88,link_down
alarm_00590,current_alarm_snapshot,2026-05-04 17:57:19,CRITICAL,asset_7aa2dda6d7,AR,Physical Port Down,2022-06-24 23:56:17,2022-06-24 23:56:17,33834.02,1,TRANSCEIVER_OFFLINE,UNREPORTED,UNKNOWN,-,-,NORMAL,0.88,link_down
alarm_00591,current_alarm_snapshot,2026-05-04 17:57:19,CRITICAL,asset_4d0af51c9e,AG,Physical Port Down,2022-07-07 11:41:20,2022-07-07 11:41:20,33534.27,1,SHUTDOWN,DOWN,DOWN,-,-,NORMAL,0.88,link_down
alarm_00592,current_alarm_snapshot,2026-05-04 17:57:19,CRITICAL,asset_4226e99132,CA,Physical Port Down,2022-07-14 01:51:07,2022-07-14 01:51:07,33376.1,1,"PMA_LOS,PCS_HIGHBER,REMOTE_FAULT",DOWN,UP,-,-,NORMAL,0.88,equipment_module
alarm_00593,current_alarm_snapshot,2026-05-04 17:57:19,CRITICAL,asset_b088d17723,AR,Physical Port Down,2022-07-20 13:07:21,2022-07-20 13:07:21,33220.83,1,NEGOTIATION_FAIL,UNREPORTED,UNKNOWN,-,-,NORMAL,0.88,link_down
alarm_00594,current_alarm_snapshot,2026-05-04 17:57:19,CRITICAL,asset_2c74722ea6,AG,Physical Port Down,2022-07-21 15:56:27,2022-07-21 15:56:27,33194.01,1,SHUTDOWN,DOWN,DOWN,-,-,NORMAL,0.88,link_down
alarm_00595,current_alarm_snapshot,2026-05-04 17:57:19,CRITICAL,asset_2c74722ea6,AG,Physical Port Down,2022-07-21 15:56:27,2022-07-21 15:56:27,33194.01,1,SHUTDOWN,DOWN,DOWN,-,-,NORMAL,0.88,link_down
alarm_00596,current_alarm_snapshot,2026-05-04 17:57:19,CRITICAL,asset_64e2635c15,AG,Physical Port Down,2022-07-26 17:12:35,2022-07-26 17:12:35,33072.75,1,"PCS_UNLOCK,NEGOTIATION_FAIL",DOWN,UP,-,-,NORMAL,0.88,link_down
alarm_00597,current_alarm_snapshot,2026-05-04 17:57:19,CRITICAL,asset_21a7eae782,CA,Physical Port Down,2022-08-12 09:48:10,2022-08-12 09:48:10,32672.15,1,LOS,DOWN,UP,-,-,NORMAL,0.88,equipment_module
alarm_00598,current_alarm_snapshot,2026-05-04 17:57:19,CRITICAL,asset_af8a261b8a,AG,Physical Port Down,2022-08-15 11:35:02,2022-08-15 11:35:02,32598.37,1,LOS,DOWN,UP,-,-,NORMAL,0.88,link_down
alarm_00599,current_alarm_snapshot,2026-05-04 17:57:19,CRITICAL,asset_af8a261b8a,AG,Physical Port Down,2022-08-15 12:39:00,2022-08-15 12:39:00,32597.31,1,NEGOTIATION_FAIL,DOWN,UP,-,-,NORMAL,0.88,link_down
alarm_00600,current_alarm_snapshot,2026-05-04 17:57:19,CRITICAL,asset_59eeb7921b,AR,Physical Port Down,2022-08-17 15:51:47,2022-08-17 15:51:47,32546.09,1,LOS,UP,UP,-,-,NORMAL,0.88,link_down
alarm_00601,current_alarm_snapshot,2026-05-04 17:57:19,CRITICAL,asset_59eeb7921b,AR,Physical Port Down,2022-08-17 15:59:26,2022-08-17 15:59:26,32545.96,1,LOS,UP,UP,-,-,NORMAL,0.88,link_down
alarm_00602,current_alarm_snapshot,2026-05-04 17:57:19,CRITICAL,asset_b062612355,AG,Physical Port Down,2022-08-22 15:27:57,2022-08-22 15:27:57,32426.49,1,LOS,DOWN,UP,-,-,NORMAL,0.88,link_down
alarm_00603,current_alarm_snapshot,2026-05-04 17:57:19,CRITICAL,asset_0661599e7d,AG,Physical Port Down,2022-08-23 12:00:40,2022-08-23 12:00:40,32405.94,1,SHUTDOWN,DOWN,DOWN,-,-,NORMAL,0.88,link_down
alarm_00604,current_alarm_snapshot,2026-05-04 17:57:19,CRITICAL,asset_0661599e7d,AG,Physical Port Down,2022-08-23 12:00:46,2022-08-23 12:00:46,32405.94,1,SHUTDOWN,DOWN,DOWN,-,-,NORMAL,0.88,link_down
alarm_00605,current_alarm_snapshot,2026-05-04 17:57:19,CRITICAL,asset_c99df1fea1,AG,Physical Port Down,2022-08-25 12:20:46,2022-08-25 12:20:46,32357.61,1,LOS,DOWN,UP,-,-,NORMAL,0.88,link_down
alarm_00606,current_alarm_snapshot,2026-05-04 17:57:19,CRITICAL,asset_0fb7725b12,AG,Physical Port Down,2022-08-31 16:40:49,2022-08-31 16:40:49,32209.28,1,SHUTDOWN,DOWN,DOWN,-,-,NORMAL,0.88,link_down
alarm_00607,current_alarm_snapshot,2026-05-04 17:57:19,CRITICAL,asset_7eec39a6ea,AG,Physical Port Down,2022-09-13 12:55:58,2022-09-13 12:55:58,31901.02,1,LOS,DOWN,UP,-,-,NORMAL,0.88,link_down
alarm_00608,current_alarm_snapshot,2026-05-04 17:57:19,CRITICAL,asset_c99df1fea1,AG,Physical Port Down,2022-09-22 10:29:30,2022-09-22 10:29:30,31687.46,1,SHUTDOWN,DOWN,DOWN,-,-,NORMAL,0.88,link_down
alarm_00609,current_alarm_snapshot,2026-05-04 17:57:19,CRITICAL,asset_18b891f407,AG,Physical Port Down,2022-09-26 23:29:46,2022-09-26 23:29:46,31578.46,1,UNKNOWN,UNKNOWN,UNKNOWN,-,-,NORMAL,0.88,link_down
alarm_00610,current_alarm_snapshot,2026-05-04 17:57:19,CRITICAL,asset_02caf2c9bf,AG,Physical Port Down,2022-09-27 17:13:53,2022-09-27 17:13:53,31560.72,1,LOS,DOWN,UP,-,-,NORMAL,0.88,link_down
alarm_00611,current_alarm_snapshot,2026-05-04 17:57:19,CRITICAL,asset_a43df57ae9,AR,Physical Port Down,2022-10-01 16:17:56,2022-10-01 16:17:56,31465.66,1,LOS,DOWN,UP,-,-,NORMAL,0.88,link_down
alarm_00612,current_alarm_snapshot,2026-05-04 17:57:19,CRITICAL,asset_a43df57ae9,AR,Physical Port Down,2022-10-01 16:17:56,2022-10-01 16:17:56,31465.66,1,LOS,DOWN,UP,-,-,NORMAL,0.88,link_down
alarm_00613,current_alarm_snapshot,2026-05-04 17:57:19,CRITICAL,asset_a185bf4514,AG,Physical Port Down,2022-10-15 16:08:45,2022-10-15 16:08:45,31129.81,1,LOS,DOWN,UP,-,-,NORMAL,0.88,link_down
alarm_00614,current_alarm_snapshot,2026-05-04 17:57:19,CRITICAL,asset_e818a4aedc,AG,Physical Port Down,2022-10-17 10:55:35,2022-10-17 10:55:35,31087.03,1,SHUTDOWN,DOWN,DOWN,-,-,NORMAL,0.88,link_down
alarm_00615,current_alarm_snapshot,2026-05-04 17:57:19,CRITICAL,asset_e818a4aedc,AG,Physical Port Down,2022-10-20 15:34:28,2022-10-20 15:34:28,31010.38,1,TRANSCEIVER_OFFLINE,DOWN,UP,-,-,NORMAL,0.88,link_down
alarm_00616,current_alarm_snapshot,2026-05-04 17:57:19,CRITICAL,asset_e818a4aedc,AG,Physical Port Down,2022-10-20 15:39:50,2022-10-20 15:39:50,31010.29,1,LOS,DOWN,UP,-,-,NORMAL,0.88,link_down
alarm_00617,current_alarm_snapshot,2026-05-04 17:57:19,CRITICAL,asset_e818a4aedc,AG,Physical Port Down,2022-10-25 09:44:54,2022-10-25 09:44:54,30896.21,1,NEGOTIATION_FAIL,DOWN,UP,-,-,NORMAL,0.88,link_down
alarm_00618,current_alarm_snapshot,2026-05-04 17:57:19,CRITICAL,asset_e818a4aedc,AG,Physical Port Down,2022-10-25 10:03:41,2022-10-25 10:03:41,30895.89,1,LOS,DOWN,UP,-,-,NORMAL,0.88,link_down
alarm_00619,current_alarm_snapshot,2026-05-04 17:57:19,CRITICAL,asset_59ab1a6b52,AG,Physical Port Down,2022-10-28 05:40:48,2022-10-28 05:40:48,30828.28,1,LOS,DOWN,UP,-,-,NORMAL,0.88,link_down
alarm_00620,current_alarm_snapshot,2026-05-04 17:57:19,CRITICAL,asset_ad2516d834,AG,Physical Port Down,2022-11-09 10:59:16,2022-11-09 10:59:16,30534.97,1,LOS,DOWN,UP,-,-,NORMAL,0.88,link_down
alarm_00621,current_alarm_snapshot,2026-05-04 17:57:19,CRITICAL,asset_930d1f9c7b,AG,Physical Port Down,2022-11-09 12:17:35,2022-11-09 12:17:35,30533.66,1,LOS,DOWN,UP,-,-,NORMAL,0.88,link_down
alarm_00622,current_alarm_snapshot,2026-05-04 17:57:19,CRITICAL,asset_930d1f9c7b,AG,Physical Port Down,2022-11-11 10:40:09,2022-11-11 10:40:09,30487.29,1,LOS,DOWN,UP,-,-,NORMAL,0.88,link_down
alarm_00623,current_alarm_snapshot,2026-05-04 17:57:19,CRITICAL,asset_ac87b78b25,AR,Physical Port Down,2022-11-11 16:37:49,2022-11-11 16:37:49,30481.33,1,TRANSCEIVER_OFFLINE,UNREPORTED,UNKNOWN,-,-,NORMAL,0.88,link_down
alarm_00624,current_alarm_snapshot,2026-05-04 17:57:19,CRITICAL,asset_7eec39a6ea,AG,Physical Port Down,2022-11-16 15:30:35,2022-11-16 15:30:35,30362.45,1,LOS,DOWN,UP,-,-,NORMAL,0.88,link_down
alarm_00625,current_alarm_snapshot,2026-05-04 17:57:19,CRITICAL,asset_8e5b488c21,AR,Physical Port Down,2022-11-19 12:28:45,2022-11-19 12:28:45,30293.48,1,LOS,UP,UP,-,-,NORMAL,0.88,link_down
alarm_00626,current_alarm_snapshot,2026-05-04 17:57:19,CRITICAL,asset_a43df57ae9,AR,Physical Port Down,2022-11-25 12:20:49,2022-11-25 12:20:49,30149.61,1,LOS,DOWN,UP,-,-,NORMAL,0.88,equipment_module
alarm_00627,current_alarm_snapshot,2026-05-04 17:57:19,CRITICAL,asset_17a1fa1026,AG,Physical Port Down,2022-12-06 15:03:48,2022-12-06 15:03:48,29882.89,1,LOS,DOWN,UP,-,-,NORMAL,0.88,link_down
alarm_00628,current_alarm_snapshot,2026-05-04 17:57:19,CRITICAL,asset_2f1d5379c0,AR,Physical Port Down,2022-12-10 13:25:46,2022-12-10 13:25:46,29788.53,1,NEGOTIATION_FAIL,UNREPORTED,UNKNOWN,-,-,NORMAL,0.88,link_down
alarm_00629,current_alarm_snapshot,2026-05-04 17:57:19,CRITICAL,asset_2f1d5379c0,AR,Physical Port Down,2022-12-10 13:52:17,2022-12-10 13:52:17,29788.08,1,LOS,UNREPORTED,UNKNOWN,-,-,NORMAL,0.88,link_down
alarm_00630,current_alarm_snapshot,2026-05-04 17:57:19,CRITICAL,asset_2f1d5379c0,AR,Physical Port Down,2022-12-10 13:53:15,2022-12-10 13:53:15,29788.07,1,LOS,UNREPORTED,UNKNOWN,-,-,NORMAL,0.88,link_down
alarm_00631,current_alarm_snapshot,2026-05-04 17:57:19,CRITICAL,asset_5235efd7d0,CA,Physical Port Down,2022-12-29 00:23:38,2022-12-29 00:23:38,29345.56,1,SHUTDOWN,DOWN,DOWN,-,-,NORMAL,0.88,link_down
alarm_00632,current_alarm_snapshot,2026-05-04 17:57:19,CRITICAL,asset_5235efd7d0,CA,Physical Port Down,2022-12-29 00:23:59,2022-12-29 00:23:59,29345.56,1,SHUTDOWN,DOWN,DOWN,-,-,NORMAL,0.88,link_down
alarm_00633,current_alarm_snapshot,2026-05-04 17:57:19,CRITICAL,asset_5235efd7d0,CA,Physical Port Down,2022-12-29 00:24:16,2022-12-29 00:24:16,29345.55,1,SHUTDOWN,DOWN,DOWN,-,-,NORMAL,0.88,link_down
alarm_00634,current_alarm_snapshot,2026-05-04 17:57:19,CRITICAL,asset_5235efd7d0,CA,Physical Port Down,2022-12-29 00:24:33,2022-12-29 00:24:33,29345.55,1,SHUTDOWN,DOWN,DOWN,-,-,NORMAL,0.88,link_down
alarm_00635,current_alarm_snapshot,2026-05-04 17:57:19,CRITICAL,asset_ea13d97725,CA,Physical Port Down,2022-12-29 00:46:46,2022-12-29 00:46:46,29345.18,1,SHUTDOWN,DOWN,DOWN,-,-,NORMAL,0.88,link_down
alarm_00636,current_alarm_snapshot,2026-05-04 17:57:19,CRITICAL,asset_ea13d97725,CA,Physical Port Down,2022-12-29 00:47:05,2022-12-29 00:47:05,29345.17,1,SHUTDOWN,DOWN,DOWN,-,-,NORMAL,0.88,link_down
alarm_00637,current_alarm_snapshot,2026-05-04 17:57:19,CRITICAL,asset_ea13d97725,CA,Physical Port Down,2022-12-29 00:47:23,2022-12-29 00:47:23,29345.17,1,SHUTDOWN,DOWN,DOWN,-,-,NORMAL,0.88,link_down
alarm_00638,current_alarm_snapshot,2026-05-04 17:57:19,CRITICAL,asset_ea13d97725,CA,Physical Port Down,2022-12-29 00:47:37,2022-12-29 00:47:37,29345.16,1,SHUTDOWN,DOWN,DOWN,-,-,NORMAL,0.88,link_down
alarm_00639,current_alarm_snapshot,2026-05-04 17:57:19,CRITICAL,asset_59ab1a6b52,AG,Physical Port Down,2023-01-24 16:45:50,2023-01-24 16:45:50,28705.19,1,LOS,DOWN,UP,-,-,NORMAL,0.88,link_down
alarm_00640,current_alarm_snapshot,2026-05-04 17:57:19,CRITICAL,asset_7eec39a6ea,AG,Physical Port Down,2023-01-31 11:37:22,2023-01-31 11:37:22,28542.33,1,SHUTDOWN,DOWN,DOWN,-,-,NORMAL,0.88,link_down
alarm_00641,current_alarm_snapshot,2026-05-04 17:57:19,CRITICAL,asset_59ab1a6b52,AG,Physical Port Down,2023-02-01 10:48:46,2023-02-01 10:48:46,28519.14,1,NEGOTIATION_FAIL,DOWN,UP,-,-,NORMAL,0.88,link_down
alarm_00642,current_alarm_snapshot,2026-05-04 17:57:19,CRITICAL,asset_aa46ebdde4,AG,Physical Port Down,2023-02-10 00:19:18,2023-02-10 00:19:18,28313.63,1,LOS,DOWN,UP,-,-,NORMAL,0.88,link_down
alarm_00643,current_alarm_snapshot,2026-05-04 17:57:19,CRITICAL,asset_55248b67b7,AG,Physical Port Down,2023-02-10 11:22:18,2023-02-10 11:22:18,28302.58,1,LOS,DOWN,UP,-,-,NORMAL,0.88,link_down
alarm_00644,current_alarm_snapshot,2026-05-04 17:57:19,CRITICAL,asset_55248b67b7,AG,Physical Port Down,2023-02-10 15:46:33,2023-02-10 15:46:33,28298.18,1,LOS,DOWN,UP,-,-,NORMAL,0.88,link_down
alarm_00645,current_alarm_snapshot,2026-05-04 17:57:19,CRITICAL,asset_f575df94cc,AG,Physical Port Down,2023-02-14 18:27:47,2023-02-14 18:27:47,28199.49,1,NEGOTIATION_FAIL,DOWN,UP,-,-,NORMAL,0.88,link_down
alarm_00646,current_alarm_snapshot,2026-05-04 17:57:19,CRITICAL,asset_b04fa4b282,AG,Physical Port Down,2023-02-20 10:28:16,2023-02-20 10:28:16,28063.48,1,NEGOTIATION_FAIL,DOWN,UP,-,-,NORMAL,0.88,link_down
alarm_00647,current_alarm_snapshot,2026-05-04 17:57:19,CRITICAL,asset_59ab1a6b52,AG,Physical Port Down,2023-02-21 10:32:34,2023-02-21 10:32:34,28039.41,1,LOS,DOWN,UP,-,-,NORMAL,0.88,link_down
alarm_00648,current_alarm_snapshot,2026-05-04 17:57:19,CRITICAL,asset_59ab1a6b52,AG,Physical Port Down,2023-02-21 10:33:08,2023-02-21 10:33:08,28039.4,1,LOS,DOWN,UP,-,-,NORMAL,0.88,link_down
alarm_00649,current_alarm_snapshot,2026-05-04 17:57:19,CRITICAL,asset_76c3656efc,AG,Physical Port Down,2023-02-24 11:23:34,2023-02-24 11:23:34,27966.56,1,LOS,DOWN,UP,-,-,NORMAL,0.88,link_down
alarm_00650,current_alarm_snapshot,2026-05-04 17:57:19,CRITICAL,asset_a185bf4514,AG,Physical Port Down,2023-02-28 15:47:09,2023-02-28 15:47:09,27866.17,1,LOS,DOWN,UP,-,-,NORMAL,0.88,link_down
alarm_00651,current_alarm_snapshot,2026-05-04 17:57:19,CRITICAL,asset_21a7eae782,CA,Physical Port Down,2023-03-01 00:18:17,2023-03-01 00:18:17,27857.65,1,SHUTDOWN,DOWN,DOWN,-,-,NORMAL,0.88,equipment_module
alarm_00652,current_alarm_snapshot,2026-05-04 17:57:19,CRITICAL,asset_21a7eae782,CA,Physical Port Down,2023-03-01 00:42:38,2023-03-01 00:42:38,27857.24,1,SHUTDOWN,DOWN,DOWN,-,-,NORMAL,0.88,equipment_module
alarm_00653,current_alarm_snapshot,2026-05-04 17:57:19,CRITICAL,asset_21a7eae782,CA,Physical Port Down,2023-03-01 00:48:56,2023-03-01 00:48:56,27857.14,1,SHUTDOWN,DOWN,DOWN,-,-,NORMAL,0.88,equipment_module
alarm_00654,current_alarm_snapshot,2026-05-04 17:57:19,CRITICAL,asset_76c3656efc,AG,Physical Port Down,2023-03-01 10:32:58,2023-03-01 10:32:58,27847.41,1,"PMA_LOS,PCS_HIGHBER,PCS_UNLOCK,LOCAL_FAULT",DOWN,UP,-,-,NORMAL,0.88,link_down
alarm_00655,current_alarm_snapshot,2026-05-04 17:57:19,CRITICAL,asset_c2dc35bbdf,AR,Physical Port Down,2023-03-09 10:23:40,2023-03-09 10:23:40,27655.56,1,0,UNREPORTED,UNREPORTED,-,-,NORMAL,0.88,link_down
alarm_00656,current_alarm_snapshot,2026-05-04 17:57:19,CRITICAL,asset_a609963d4d,AR,Physical Port Down,2023-03-09 20:16:41,2023-03-09 20:16:41,27645.68,1,0,UNREPORTED,UNREPORTED,-,-,NORMAL,0.88,link_down
alarm_00657,current_alarm_snapshot,2026-05-04 17:57:19,CRITICAL,asset_21a7eae782,CA,Physical Port Down,2023-03-16 16:24:17,2023-03-16 16:24:17,27481.55,1,LOF,DOWN,UP,-,-,NORMAL,0.88,equipment_module
alarm_00658,current_alarm_snapshot,2026-05-04 17:57:19,CRITICAL,asset_21a7eae782,CA,Physical Port Down,2023-03-16 16:24:17,2023-03-16 16:24:17,27481.55,1,LOF,DOWN,UP,-,-,NORMAL,0.88,equipment_module
alarm_00659,current_alarm_snapshot,2026-05-04 17:57:19,CRITICAL,asset_65a58619d1,AR,Physical Port Down,2023-03-16 16:40:40,2023-03-16 16:40:40,27481.28,1,0,UNREPORTED,UNREPORTED,-,-,NORMAL,0.88,link_down
alarm_00660,current_alarm_snapshot,2026-05-04 17:57:19,CRITICAL,asset_21a7eae782,CA,Physical Port Down,2023-03-17 00:50:31,2023-03-17 00:50:31,27473.11,1,SHUTDOWN,DOWN,DOWN,-,-,NORMAL,0.88,equipment_module
alarm_00661,current_alarm_snapshot,2026-05-04 17:57:19,CRITICAL,asset_21a7eae782,CA,Physical Port Down,2023-03-17 01:08:50,2023-03-17 01:08:50,27472.81,1,SHUTDOWN,DOWN,DOWN,-,-,NORMAL,0.88,equipment_module
alarm_00662,current_alarm_snapshot,2026-05-04 17:57:19,CRITICAL,asset_4226e99132,CA,Physical Port Down,2023-03-17 01:50:00,2023-03-17 01:50:00,27472.12,1,SHUTDOWN,DOWN,DOWN,-,-,NORMAL,0.88,equipment_module
alarm_00663,current_alarm_snapshot,2026-05-04 17:57:19,CRITICAL,asset_4226e99132,CA,Physical Port Down,2023-03-17 01:54:52,2023-03-17 01:54:52,27472.04,1,SHUTDOWN,DOWN,DOWN,-,-,NORMAL,0.88,equipment_module
alarm_00664,current_alarm_snapshot,2026-05-04 17:57:19,CRITICAL,asset_d933b20862,AG,Physical Port Down,2023-03-25 01:31:00,2023-03-25 01:31:00,27280.44,1,LOS,DOWN,UP,-,-,NORMAL,0.88,link_down
alarm_00665,current_alarm_snapshot,2026-05-04 17:57:19,CRITICAL,asset_4226e99132,CA,Physical Port Down,2023-04-05 01:58:06,2023-04-05 01:58:06,27015.99,1,SHUTDOWN,DOWN,DOWN,-,-,NORMAL,0.88,equipment_module
alarm_00666,current_alarm_snapshot,2026-05-04 17:57:19,CRITICAL,asset_4226e99132,CA,Physical Port Down,2023-04-05 02:10:31,2023-04-05 02:10:31,27015.78,1,SHUTDOWN,DOWN,DOWN,-,-,NORMAL,0.88,equipment_module
alarm_00667,current_alarm_snapshot,2026-05-04 17:57:19,CRITICAL,asset_4226e99132,CA,Physical Port Down,2023-04-05 02:13:24,2023-04-05 02:13:24,27015.73,1,SHUTDOWN,DOWN,DOWN,-,-,NORMAL,0.88,equipment_module
alarm_00668,current_alarm_snapshot,2026-05-04 17:57:19,CRITICAL,asset_4d0af51c9e,AG,Physical Port Down,2023-04-05 12:01:31,2023-04-05 12:01:31,27005.93,1,LOS,DOWN,UP,-,-,NORMAL,0.88,link_down
alarm_00669,current_alarm_snapshot,2026-05-04 17:57:19,CRITICAL,asset_ea13d97725,CA,Physical Port Down,2023-04-10 01:51:31,2023-04-10 01:51:31,26896.1,1,SHUTDOWN,DOWN,DOWN,-,-,NORMAL,0.88,link_down
alarm_00670,current_alarm_snapshot,2026-05-04 17:57:19,CRITICAL,asset_ea13d97725,CA,Physical Port Down,2023-04-10 01:58:32,2023-04-10 01:58:32,26895.98,1,SHUTDOWN,DOWN,DOWN,-,-,NORMAL,0.88,link_down
alarm_00671,current_alarm_snapshot,2026-05-04 17:57:19,CRITICAL,asset_8e5b488c21,AR,Physical Port Down,2023-04-18 13:24:54,2023-04-18 13:24:54,26692.54,1,LOS,UP,UP,-,-,NORMAL,0.88,link_down
alarm_00672,current_alarm_snapshot,2026-05-04 17:57:19,CRITICAL,asset_dab18853eb,AR,Physical Port Down,2023-04-28 15:28:06,2023-04-28 15:28:06,26450.49,1,LOS,DOWN,UP,-,-,NORMAL,0.88,link_down
alarm_00673,current_alarm_snapshot,2026-05-04 17:57:19,CRITICAL,asset_c2dc35bbdf,AR,Physical Port Down,2023-05-12 14:46:39,2023-05-12 14:46:39,26115.18,1,LOS,DOWN,UP,-,-,NORMAL,0.88,link_down
alarm_00674,current_alarm_snapshot,2026-05-04 17:57:19,CRITICAL,asset_e818a4aedc,AG,Physical Port Down,2023-05-16 20:38:12,2023-05-16 20:38:12,26013.32,1,NEGOTIATION_FAIL,DOWN,UP,-,-,NORMAL,0.88,link_down
alarm_00675,current_alarm_snapshot,2026-05-04 17:57:19,CRITICAL,asset_262a896d55,AR,Physical Port Down,2023-05-17 12:13:36,2023-05-17 12:13:36,25997.73,1,NEGOTIATION_FAIL,DOWN,UP,-,-,NORMAL,0.88,link_down
alarm_00676,current_alarm_snapshot,2026-05-04 17:57:19,CRITICAL,asset_8fb7ee8a56,AR,Physical Port Down,2023-05-23 16:28:13,2023-05-23 16:28:13,25849.49,1,LOS,DOWN,UP,-,-,NORMAL,0.88,link_down
alarm_00677,current_alarm_snapshot,2026-05-04 17:57:19,CRITICAL,asset_ea13d97725,CA,Physical Port Down,2023-05-26 00:51:06,2023-05-26 00:51:06,25793.1,1,SHUTDOWN,DOWN,DOWN,-,-,NORMAL,0.88,link_down
alarm_00678,current_alarm_snapshot,2026-05-04 17:57:19,CRITICAL,asset_ea13d97725,CA,Physical Port Down,2023-05-26 01:25:36,2023-05-26 01:25:36,25792.53,1,SHUTDOWN,DOWN,DOWN,-,-,NORMAL,0.88,link_down
alarm_00679,current_alarm_snapshot,2026-05-04 17:57:19,CRITICAL,asset_ea13d97725,CA,Physical Port Down,2023-05-26 01:45:47,2023-05-26 01:45:47,25792.19,1,SHUTDOWN,DOWN,DOWN,-,-,NORMAL,0.88,link_down
alarm_00680,current_alarm_snapshot,2026-05-04 17:57:19,CRITICAL,asset_ea13d97725,CA,Physical Port Down,2023-05-26 02:05:27,2023-05-26 02:05:27,25791.86,1,SHUTDOWN,DOWN,DOWN,-,-,NORMAL,0.88,link_down
alarm_00681,current_alarm_snapshot,2026-05-04 17:57:19,CRITICAL,asset_ad2516d834,AG,Physical Port Down,2023-05-31 11:59:07,2023-05-31 11:59:07,25661.97,1,NEGOTIATION_FAIL,DOWN,UP,-,-,NORMAL,0.88,link_down
alarm_00682,current_alarm_snapshot,2026-05-04 17:57:19,CRITICAL,asset_5bea0b2f43,AR,Physical Port Down,2023-06-09 14:41:45,2023-06-09 14:41:45,25443.26,1,LOS,UNREPORTED,UNKNOWN,-,-,NORMAL,0.88,link_down
alarm_00683,current_alarm_snapshot,2026-05-04 17:57:19,CRITICAL,asset_7aa2dda6d7,AR,Physical Port Down,2023-06-13 00:06:39,2023-06-13 00:06:39,25361.84,1,LOS,UNREPORTED,UNKNOWN,-,-,NORMAL,0.88,link_down
alarm_00684,current_alarm_snapshot,2026-05-04 17:57:19,CRITICAL,asset_7aa2dda6d7,AR,Physical Port Down,2023-06-13 00:32:36,2023-06-13 00:32:36,25361.41,1,NEGOTIATION_FAIL,UNREPORTED,UNKNOWN,-,-,NORMAL,0.88,link_down
alarm_00685,current_alarm_snapshot,2026-05-04 17:57:19,CRITICAL,asset_76c3656efc,AG,Physical Port Down,2023-06-15 17:13:59,2023-06-15 17:13:59,25296.72,1,SHUTDOWN,DOWN,DOWN,-,-,NORMAL,0.88,link_down
alarm_00686,current_alarm_snapshot,2026-05-04 17:57:19,CRITICAL,asset_5235efd7d0,CA,Physical Port Down,2023-06-20 00:25:26,2023-06-20 00:25:26,25193.53,1,SHUTDOWN,DOWN,DOWN,-,-,NORMAL,0.88,link_down
alarm_00687,current_alarm_snapshot,2026-05-04 17:57:19,CRITICAL,asset_5235efd7d0,CA,Physical Port Down,2023-06-20 00:29:43,2023-06-20 00:29:43,25193.46,1,SHUTDOWN,DOWN,DOWN,-,-,NORMAL,0.88,link_down
alarm_00688,current_alarm_snapshot,2026-05-04 17:57:19,CRITICAL,asset_5235efd7d0,CA,Physical Port Down,2023-06-22 01:02:39,2023-06-22 01:02:39,25144.91,1,SHUTDOWN,DOWN,DOWN,-,-,NORMAL,0.88,link_down
alarm_00689,current_alarm_snapshot,2026-05-04 17:57:19,CRITICAL,asset_5235efd7d0,CA,Physical Port Down,2023-06-22 01:08:41,2023-06-22 01:08:41,25144.81,1,SHUTDOWN,DOWN,DOWN,-,-,NORMAL,0.88,link_down
alarm_00690,current_alarm_snapshot,2026-05-04 17:57:19,CRITICAL,asset_17a1fa1026,AG,Physical Port Down,2023-06-24 12:26:30,2023-06-24 12:26:30,25085.51,1,LOS,DOWN,UP,-,-,NORMAL,0.88,link_down
alarm_00691,current_alarm_snapshot,2026-05-04 17:57:19,CRITICAL,asset_e85b76d2b0,AG,Physical Port Down,2023-06-26 12:10:09,2023-06-26 12:10:09,25037.79,1,LOS,DOWN,UP,-,-,NORMAL,0.88,link_down
alarm_00692,current_alarm_snapshot,2026-05-04 17:57:19,CRITICAL,asset_5bea0b2f43,AR,Physical Port Down,2023-06-26 12:18:34,2023-06-26 12:18:34,25037.65,1,NEGOTIATION_FAIL,UNREPORTED,UNKNOWN,-,-,NORMAL,0.88,link_down
alarm_00693,current_alarm_snapshot,2026-05-04 17:57:19,CRITICAL,asset_8d2941bf77,AG,Physical Port Down,2023-06-26 22:15:24,2023-06-26 22:15:24,25027.7,1,LOS,DOWN,UP,-,-,NORMAL,0.88,link_down
alarm_00694,current_alarm_snapshot,2026-05-04 17:57:19,CRITICAL,asset_5235efd7d0,CA,Physical Port Down,2023-06-28 00:31:57,2023-06-28 00:31:57,25001.42,1,SHUTDOWN,DOWN,DOWN,-,-,NORMAL,0.88,link_down
alarm_00695,current_alarm_snapshot,2026-05-04 17:57:19,CRITICAL,asset_5235efd7d0,CA,Physical Port Down,2023-06-28 00:35:54,2023-06-28 00:35:54,25001.36,1,SHUTDOWN,DOWN,DOWN,-,-,NORMAL,0.88,link_down
alarm_00696,current_alarm_snapshot,2026-05-04 17:57:19,CRITICAL,asset_5235efd7d0,CA,Physical Port Down,2023-06-28 00:38:59,2023-06-28 00:38:59,25001.31,1,SHUTDOWN,DOWN,DOWN,-,-,NORMAL,0.88,link_down
alarm_00697,current_alarm_snapshot,2026-05-04 17:57:19,CRITICAL,asset_5235efd7d0,CA,Physical Port Down,2023-06-28 01:02:53,2023-06-28 01:02:53,25000.91,1,SHUTDOWN,DOWN,DOWN,-,-,NORMAL,0.88,link_down
alarm_00698,current_alarm_snapshot,2026-05-04 17:57:19,CRITICAL,asset_5235efd7d0,CA,Physical Port Down,2023-06-28 01:06:35,2023-06-28 01:06:35,25000.85,1,SHUTDOWN,DOWN,DOWN,-,-,NORMAL,0.88,link_down
alarm_00699,current_alarm_snapshot,2026-05-04 17:57:19,CRITICAL,asset_02c4dea2ed,AG,Physical Port Down,2023-07-19 16:39:37,2023-07-19 16:39:37,24481.29,1,"PCS_UNLOCK,NEGOTIATION_FAIL",DOWN,UP,-,-,NORMAL,0.88,link_down
alarm_00700,current_alarm_snapshot,2026-05-04 17:57:19,CRITICAL,asset_65a58619d1,AR,Physical Port Down,2023-07-25 17:25:46,2023-07-25 17:25:46,24336.53,1,LOS,DOWN,UP,-,-,NORMAL,0.88,link_down
alarm_00701,current_alarm_snapshot,2026-05-04 17:57:19,CRITICAL,asset_8637398ea8,AG,Physical Port Down,2023-08-08 18:21:09,2023-08-08 18:21:09,23999.6,1,NEGOTIATION_FAIL,DOWN,UP,-,-,NORMAL,0.88,link_down
alarm_00702,current_alarm_snapshot,2026-05-04 17:57:19,CRITICAL,asset_8d2941bf77,AG,Physical Port Down,2023-08-19 12:08:58,2023-08-19 12:08:58,23741.81,1,LOS,DOWN,UP,-,-,NORMAL,0.88,link_down
alarm_00703,current_alarm_snapshot,2026-05-04 17:57:19,CRITICAL,asset_db3c0f66fe,AG,Physical Port Down,2023-09-29 14:52:50,2023-09-29 14:52:50,22755.07,1,LOS,DOWN,UP,-,-,NORMAL,0.88,link_down
alarm_00704,current_alarm_snapshot,2026-05-04 17:57:19,CRITICAL,asset_d0aacbf21a,AG,Physical Port Down,2023-09-29 19:33:20,2023-09-29 19:33:20,22750.4,1,LOS,DOWN,UP,-,-,NORMAL,0.88,link_down
alarm_00705,current_alarm_snapshot,2026-05-04 17:57:19,CRITICAL,asset_5e27d6ffa0,AG,Physical Port Down,2023-10-02 15:31:49,2023-10-02 15:31:49,22682.42,1,NEGOTIATION_FAIL,DOWN,UP,-,-,NORMAL,0.88,link_down
alarm_00706,current_alarm_snapshot,2026-05-04 17:57:19,CRITICAL,asset_2b3da62f14,AR,Physical Port Down,2023-10-12 16:26:46,2023-10-12 16:26:46,22441.51,1,TRANSCEIVER_OFFLINE,UNREPORTED,UNKNOWN,-,-,NORMAL,0.88,link_down
alarm_00707,current_alarm_snapshot,2026-05-04 17:57:19,CRITICAL,asset_b616b40c81,AG,Physical Port Down,2023-10-12 17:00:29,2023-10-12 17:00:29,22440.95,1,NEGOTIATION_FAIL,DOWN,UP,-,-,NORMAL,0.88,link_down
alarm_00708,current_alarm_snapshot,2026-05-04 17:57:19,CRITICAL,asset_82a3f14cd8,AR,Physical Port Down,2023-10-13 08:27:25,2023-10-13 08:27:25,22425.5,1,LOS,UNREPORTED,UNKNOWN,-,-,NORMAL,0.88,link_down
alarm_00709,current_alarm_snapshot,2026-05-04 17:57:19,CRITICAL,asset_a185bf4514,AG,Physical Port Down,2023-10-21 08:32:49,2023-10-21 08:32:49,22233.41,1,"PCS_HIGHBER,LOCAL_FAULT",DOWN,UP,-,-,NORMAL,0.88,link_down
alarm_00710,current_alarm_snapshot,2026-05-04 17:57:19,CRITICAL,asset_1663c1c49f,AR,Physical Port Down,2023-10-23 17:27:02,2023-10-23 17:27:02,22176.5,1,SHUTDOWN,DOWN,DOWN,-,-,NORMAL,0.88,link_down
alarm_00711,current_alarm_snapshot,2026-05-04 17:57:19,CRITICAL,asset_d933b20862,AG,Physical Port Down,2023-10-26 15:12:45,2023-10-26 15:12:45,22106.74,1,NEGOTIATION_FAIL,DOWN,UP,-,-,NORMAL,0.88,link_down
alarm_00712,current_alarm_snapshot,2026-05-04 17:57:19,CRITICAL,asset_8d2941bf77,AG,Physical Port Down,2023-10-26 15:50:27,2023-10-26 15:50:27,22106.11,1,NEGOTIATION_FAIL,DOWN,UP,-,-,NORMAL,0.88,link_down
alarm_00713,current_alarm_snapshot,2026-05-04 17:57:19,CRITICAL,asset_18b891f407,AG,Physical Port Down,2023-11-02 13:55:07,2023-11-02 13:55:07,21940.04,1,UNKNOWN,UNKNOWN,UNKNOWN,-,-,NORMAL,0.88,link_down
alarm_00714,current_alarm_snapshot,2026-05-04 17:57:19,CRITICAL,asset_ac87b78b25,AR,Physical Port Down,2023-11-02 13:55:10,2023-11-02 13:55:10,21940.04,1,LOS,UNREPORTED,UNKNOWN,-,-,NORMAL,0.88,link_down
alarm_00715,current_alarm_snapshot,2026-05-04 17:57:19,CRITICAL,asset_362bf81872,AG,Physical Port Down,2023-11-02 17:37:59,2023-11-02 17:37:59,21936.32,1,NEGOTIATION_FAIL,DOWN,UP,-,-,NORMAL,0.88,link_down
alarm_00716,current_alarm_snapshot,2026-05-04 17:57:19,CRITICAL,asset_17a1fa1026,AG,Physical Port Down,2023-11-02 17:57:06,2023-11-02 17:57:06,21936.0,1,LOS,DOWN,UP,-,-,NORMAL,0.88,link_down
alarm_00717,current_alarm_snapshot,2026-05-04 17:57:19,CRITICAL,asset_ea13d97725,CA,Physical Port Down,2023-11-02 23:33:17,2023-11-02 23:33:17,21930.4,1,LOF,DOWN,UP,-,-,NORMAL,0.88,link_down
alarm_00718,current_alarm_snapshot,2026-05-04 17:57:19,CRITICAL,asset_d933b20862,AG,Physical Port Down,2023-11-13 20:16:09,2023-11-13 20:16:09,21669.69,1,OTHER_SOFT_DOWN,DOWN,UP,-,-,NORMAL,0.88,link_down
alarm_00719,current_alarm_snapshot,2026-05-04 17:57:19,CRITICAL,asset_af8a261b8a,AG,Physical Port Down,2023-11-16 11:13:55,2023-11-16 11:13:55,21606.72,1,LOS,DOWN,UP,-,-,NORMAL,0.88,link_down
alarm_00720,current_alarm_snapshot,2026-05-04 17:57:19,CRITICAL,asset_af8a261b8a,AG,Physical Port Down,2023-11-16 11:13:59,2023-11-16 11:13:59,21606.72,1,LOS,DOWN,UP,-,-,NORMAL,0.88,link_down
alarm_00721,current_alarm_snapshot,2026-05-04 17:57:19,CRITICAL,asset_b062612355,AG,Physical Port Down,2023-11-16 18:25:45,2023-11-16 18:25:45,21599.53,1,NEGOTIATION_FAIL,DOWN,UP,-,-,NORMAL,0.88,link_down
alarm_00722,current_alarm_snapshot,2026-05-04 17:57:19,CRITICAL,asset_a996240b2e,AG,Board Invalid,2023-11-17 10:11:20,2023-11-17 10:11:20,21583.77,1,UNKNOWN,UNKNOWN,UNKNOWN,-,-,NORMAL,0.88,equipment_module
alarm_00723,current_alarm_snapshot,2026-05-04 17:57:19,CRITICAL,asset_a996240b2e,AG,Physical Port Down,2023-11-17 10:58:57,2023-11-17 10:58:57,21582.97,1,LOS,DOWN,UP,-,-,NORMAL,0.88,link_down
alarm_00724,current_alarm_snapshot,2026-05-04 17:57:19,CRITICAL,asset_a996240b2e,AG,Physical Port Down,2023-11-17 10:58:57,2023-11-17 10:58:57,21582.97,1,LOS,DOWN,UP,-,-,NORMAL,0.88,link_down
alarm_00725,current_alarm_snapshot,2026-05-04 17:57:19,CRITICAL,asset_6fc79fbfd0,AG,Physical Port Down,2023-11-20 16:04:21,2023-11-20 16:04:21,21505.88,1,LOS,DOWN,UP,-,-,NORMAL,0.88,link_down
alarm_00726,current_alarm_snapshot,2026-05-04 17:57:19,CRITICAL,asset_b062612355,AG,Physical Port Down,2023-11-23 11:43:42,2023-11-23 11:43:42,21438.23,1,LOS,DOWN,UP,-,-,NORMAL,0.88,link_down
alarm_00727,current_alarm_snapshot,2026-05-04 17:57:19,CRITICAL,asset_b062612355,AG,Physical Port Down,2023-11-23 11:43:47,2023-11-23 11:43:47,21438.23,1,LOS,DOWN,UP,-,-,NORMAL,0.88,link_down
alarm_00728,current_alarm_snapshot,2026-05-04 17:57:19,CRITICAL,asset_af8a261b8a,AG,Physical Port Down,2023-11-23 15:44:02,2023-11-23 15:44:02,21434.22,1,LOS,DOWN,UP,-,-,NORMAL,0.88,link_down
alarm_00729,current_alarm_snapshot,2026-05-04 17:57:19,CRITICAL,asset_af8a261b8a,AG,Physical Port Down,2023-11-23 15:44:19,2023-11-23 15:44:19,21434.22,1,LOS,DOWN,UP,-,-,NORMAL,0.88,link_down
alarm_00730,current_alarm_snapshot,2026-05-04 17:57:19,CRITICAL,asset_a996240b2e,AG,Physical Port Down,2023-11-27 14:16:33,2023-11-27 14:16:33,21339.68,1,NEGOTIATION_FAIL,DOWN,UP,-,-,NORMAL,0.88,link_down
alarm_00731,current_alarm_snapshot,2026-05-04 17:57:19,CRITICAL,asset_e85b76d2b0,AG,Physical Port Down,2023-11-27 15:52:28,2023-11-27 15:52:28,21338.08,1,NEGOTIATION_FAIL,DOWN,UP,-,-,NORMAL,0.88,link_down
alarm_00732,current_alarm_snapshot,2026-05-04 17:57:19,CRITICAL,asset_5fb32fd5a8,AR,Physical Port Down,2023-11-28 15:28:42,2023-11-28 15:28:42,21314.48,1,LOS,UNREPORTED,UNKNOWN,-,-,NORMAL,0.88,link_down
alarm_00733,current_alarm_snapshot,2026-05-04 17:57:19,CRITICAL,asset_5fb32fd5a8,AR,Physical Port Down,2023-11-28 19:12:25,2023-11-28 19:12:25,21310.75,1,NEGOTIATION_FAIL,UNREPORTED,UNKNOWN,-,-,NORMAL,0.88,link_down
alarm_00734,current_alarm_snapshot,2026-05-04 17:57:19,CRITICAL,asset_59eda9a1ea,AG,Physical Port Down,2023-11-29 11:11:46,2023-11-29 11:11:46,21294.76,1,SHUTDOWN,DOWN,DOWN,-,-,NORMAL,0.88,link_down
alarm_00735,current_alarm_snapshot,2026-05-04 17:57:19,CRITICAL,asset_59eda9a1ea,AG,Physical Port Down,2023-11-29 12:28:39,2023-11-29 12:28:39,21293.48,1,SHUTDOWN,DOWN,DOWN,-,-,NORMAL,0.88,link_down
alarm_00736,current_alarm_snapshot,2026-05-04 17:57:19,CRITICAL,asset_a996240b2e,AG,Physical Port Down,2023-11-29 18:12:41,2023-11-29 18:12:41,21287.74,1,LOS,DOWN,UP,-,-,NORMAL,0.88,link_down
alarm_00737,current_alarm_snapshot,2026-05-04 17:57:19,CRITICAL,asset_e818a4aedc,AG,Physical Port Down,2023-12-01 10:32:24,2023-12-01 10:32:24,21247.42,1,NEGOTIATION_FAIL,DOWN,UP,-,-,NORMAL,0.88,link_down
alarm_00738,current_alarm_snapshot,2026-05-04 17:57:19,CRITICAL,asset_a996240b2e,AG,Physical Port Down,2023-12-05 10:04:13,2023-12-05 10:04:13,21151.88,1,LOS,DOWN,UP,-,-,NORMAL,0.88,link_down
alarm_00739,current_alarm_snapshot,2026-05-04 17:57:19,CRITICAL,asset_a996240b2e,AG,Physical Port Down,2023-12-05 10:04:24,2023-12-05 10:04:24,21151.88,1,LOS,DOWN,UP,-,-,NORMAL,0.88,link_down
alarm_00740,current_alarm_snapshot,2026-05-04 17:57:19,CRITICAL,asset_e818a4aedc,AG,Physical Port Down,2023-12-05 16:56:14,2023-12-05 16:56:14,21145.02,1,LOS,DOWN,UP,-,-,NORMAL,0.88,link_down
alarm_00741,current_alarm_snapshot,2026-05-04 17:57:19,CRITICAL,asset_76c3656efc,AG,Physical Port Down,2023-12-06 17:25:49,2023-12-06 17:25:49,21120.53,1,LOS,DOWN,UP,-,-,NORMAL,0.88,link_down
alarm_00742,current_alarm_snapshot,2026-05-04 17:57:19,CRITICAL,asset_76c3656efc,AG,Physical Port Down,2023-12-06 17:51:46,2023-12-06 17:51:46,21120.09,1,LOS,DOWN,UP,-,-,NORMAL,0.88,link_down
alarm_00743,current_alarm_snapshot,2026-05-04 17:57:19,CRITICAL,asset_a43df57ae9,AR,Physical Port Down,2023-12-06 18:37:04,2023-12-06 18:37:04,21119.34,1,SHUTDOWN,DOWN,DOWN,-,-,NORMAL,0.88,link_down
alarm_00744,current_alarm_snapshot,2026-05-04 17:57:19,CRITICAL,asset_a02bd94bfe,AG,Physical Port Down,2023-12-12 17:05:46,2023-12-12 17:05:46,20976.86,1,LOS,DOWN,UP,-,-,NORMAL,0.88,link_down
alarm_00745,current_alarm_snapshot,2026-05-04 17:57:19,CRITICAL,asset_a02bd94bfe,AG,Physical Port Down,2023-12-12 17:05:59,2023-12-12 17:05:59,20976.86,1,LOS,DOWN,UP,-,-,NORMAL,0.88,link_down
alarm_00746,current_alarm_snapshot,2026-05-04 17:57:19,CRITICAL,asset_8d2941bf77,AG,Physical Port Down,2023-12-14 11:47:59,2023-12-14 11:47:59,20934.16,1,LOS,DOWN,UP,-,-,NORMAL,0.88,link_down
alarm_00747,current_alarm_snapshot,2026-05-04 17:57:19,CRITICAL,asset_685e16a0a6,AG,Physical Port Down,2023-12-14 16:38:19,2023-12-14 16:38:19,20929.32,1,NEGOTIATION_FAIL,DOWN,UP,-,-,NORMAL,0.88,link_down
alarm_00748,current_alarm_snapshot,2026-05-04 17:57:19,CRITICAL,asset_685e16a0a6,AG,Physical Port Down,2023-12-14 17:09:14,2023-12-14 17:09:14,20928.8,1,NEGOTIATION_FAIL,DOWN,UP,-,-,NORMAL,0.88,link_down
alarm_00749,current_alarm_snapshot,2026-05-04 17:57:19,CRITICAL,asset_a996240b2e,AG,Physical Port Down,2023-12-15 10:25:30,2023-12-15 10:25:30,20911.53,1,LOS,DOWN,UP,-,-,NORMAL,0.88,link_down
alarm_00750,current_alarm_snapshot,2026-05-04 17:57:19,CRITICAL,asset_a996240b2e,AG,Physical Port Down,2023-12-15 10:25:37,2023-12-15 10:25:37,20911.53,1,LOS,DOWN,UP,-,-,NORMAL,0.88,link_down
alarm_00751,current_alarm_snapshot,2026-05-04 17:57:19,CRITICAL,asset_aae3bbd02e,AG,Physical Port Down,2023-12-16 10:17:43,2023-12-16 10:17:43,20887.66,1,NEGOTIATION_FAIL,DOWN,UP,-,-,NORMAL,0.88,link_down
alarm_00752,current_alarm_snapshot,2026-05-04 17:57:19,CRITICAL,asset_5d8dd95ad5,AR,Physical Port Down,2023-12-19 11:48:24,2023-12-19 11:48:24,20814.15,1,LOS,UNREPORTED,UNKNOWN,-,-,NORMAL,0.88,link_down
alarm_00753,current_alarm_snapshot,2026-05-04 17:57:19,CRITICAL,asset_e85b76d2b0,AG,Physical Port Down,2023-12-20 10:51:25,2023-12-20 10:51:25,20791.1,1,LOS,DOWN,UP,-,-,NORMAL,0.88,link_down
alarm_00754,current_alarm_snapshot,2026-05-04 17:57:19,CRITICAL,asset_a185bf4514,AG,Physical Port Down,2023-12-20 15:48:25,2023-12-20 15:48:25,20786.15,1,LOS,DOWN,UP,-,-,NORMAL,0.88,link_down
alarm_00755,current_alarm_snapshot,2026-05-04 17:57:19,CRITICAL,asset_17a1fa1026,AG,Physical Port Down,2023-12-26 14:16:41,2023-12-26 14:16:41,20643.68,1,LOS,DOWN,UP,-,-,NORMAL,0.88,link_down
alarm_00756,current_alarm_snapshot,2026-05-04 17:57:19,CRITICAL,asset_e818a4aedc,AG,Physical Port Down,2024-01-02 10:48:41,2024-01-02 10:48:41,20479.14,1,LOS,DOWN,UP,-,-,NORMAL,0.88,link_down
alarm_00757,current_alarm_snapshot,2026-05-04 17:57:19,CRITICAL,asset_33967611a1,AR,Physical Port Down,2024-01-06 12:21:13,2024-01-06 12:21:13,20381.6,1,0,UNREPORTED,UNREPORTED,-,-,NORMAL,0.88,link_down
alarm_00758,current_alarm_snapshot,2026-05-04 17:57:19,CRITICAL,asset_8d2941bf77,AG,Physical Port Down,2024-01-08 12:17:14,2024-01-08 12:17:14,20333.67,1,NEGOTIATION_FAIL,DOWN,UP,-,-,NORMAL,0.88,link_down
alarm_00759,current_alarm_snapshot,2026-05-04 17:57:19,CRITICAL,asset_362bf81872,AG,Physical Port Down,2024-01-08 14:23:12,2024-01-08 14:23:12,20331.57,1,LOS,DOWN,UP,-,-,NORMAL,0.88,link_down
alarm_00760,current_alarm_snapshot,2026-05-04 17:57:19,CRITICAL,asset_b256174f03,AG,Physical Port Down,2024-01-09 14:34:45,2024-01-09 14:34:45,20307.38,1,LOS,DOWN,UP,-,-,NORMAL,0.88,link_down
alarm_00761,current_alarm_snapshot,2026-05-04 17:57:19,CRITICAL,asset_b256174f03,AG,Physical Port Down,2024-01-09 14:34:48,2024-01-09 14:34:48,20307.38,1,LOS,DOWN,UP,-,-,NORMAL,0.88,link_down
alarm_00762,current_alarm_snapshot,2026-05-04 17:57:19,CRITICAL,asset_3465f7cc7f,AR,Physical Port Down,2024-01-10 09:30:08,2024-01-10 09:30:08,20288.45,1,LOS,DOWN,UP,-,-,NORMAL,0.88,link_down
alarm_00763,current_alarm_snapshot,2026-05-04 17:57:19,CRITICAL,asset_04f2eff20f,AR,Physical Port Down,2024-01-11 17:58:18,2024-01-11 17:58:18,20255.98,1,0,UNREPORTED,UNREPORTED,-,-,NORMAL,0.88,link_down
alarm_00764,current_alarm_snapshot,2026-05-04 17:57:19,CRITICAL,asset_c0587df271,AR,Physical Port Down,2024-01-12 14:47:25,2024-01-12 14:47:25,20235.17,1,NEGOTIATION_FAIL,UNREPORTED,UNKNOWN,-,-,NORMAL,0.88,link_down
alarm_00765,current_alarm_snapshot,2026-05-04 17:57:19,CRITICAL,asset_c0587df271,AR,Physical Port Down,2024-01-12 15:27:31,2024-01-12 15:27:31,20234.5,1,NEGOTIATION_FAIL,UNREPORTED,UNKNOWN,-,-,NORMAL,0.88,link_down
alarm_00766,current_alarm_snapshot,2026-05-04 17:57:19,CRITICAL,asset_c0587df271,AR,Physical Port Down,2024-01-12 15:27:42,2024-01-12 15:27:42,20234.49,1,LOS,UNREPORTED,UNKNOWN,-,-,NORMAL,0.88,link_down
alarm_00767,current_alarm_snapshot,2026-05-04 17:57:19,CRITICAL,asset_8d2941bf77,AG,Physical Port Down,2024-01-12 18:18:16,2024-01-12 18:18:16,20231.65,1,LOS,DOWN,UP,-,-,NORMAL,0.88,link_down
alarm_00768,current_alarm_snapshot,2026-05-04 17:57:19,CRITICAL,asset_34eac17bec,CP,Physical Port Down,2024-01-17 00:57:16,2024-01-17 00:57:16,20129.0,1,THE,UNREPORTED,UNKNOWN,-,-,NORMAL,0.88,link_down
alarm_00769,current_alarm_snapshot,2026-05-04 17:57:19,CRITICAL,asset_34eac17bec,CP,Physical Port Down,2024-01-17 00:57:16,2024-01-17 00:57:16,20129.0,1,THE,UNREPORTED,UNKNOWN,-,-,NORMAL,0.88,link_down
alarm_00770,current_alarm_snapshot,2026-05-04 17:57:19,CRITICAL,asset_34eac17bec,CP,Physical Port Down,2024-01-17 00:57:16,2024-01-17 00:57:16,20129.0,1,THE,UNREPORTED,UNKNOWN,-,-,NORMAL,0.88,link_down
alarm_00771,current_alarm_snapshot,2026-05-04 17:57:19,CRITICAL,asset_685e16a0a6,AG,Physical Port Down,2024-01-24 11:20:01,2024-01-24 11:20:01,19950.62,1,LOS,DOWN,UP,-,-,NORMAL,0.88,link_down
alarm_00772,current_alarm_snapshot,2026-05-04 17:57:19,CRITICAL,asset_685e16a0a6,AG,Physical Port Down,2024-01-24 11:21:49,2024-01-24 11:21:49,19950.59,1,LOS,DOWN,UP,-,-,NORMAL,0.88,link_down
alarm_00773,current_alarm_snapshot,2026-05-04 17:57:19,CRITICAL,asset_8d2941bf77,AG,Physical Port Down,2024-01-24 11:45:44,2024-01-24 11:45:44,19950.19,1,LOS,DOWN,UP,-,-,NORMAL,0.88,link_down
alarm_00774,current_alarm_snapshot,2026-05-04 17:57:19,CRITICAL,asset_b616b40c81,AG,Physical Port Down,2024-01-24 11:45:45,2024-01-24 11:45:45,19950.19,1,LOS,DOWN,UP,-,-,NORMAL,0.88,link_down
alarm_00775,current_alarm_snapshot,2026-05-04 17:57:19,CRITICAL,asset_8d2941bf77,AG,Physical Port Down,2024-01-24 11:50:38,2024-01-24 11:50:38,19950.11,1,LOS,DOWN,UP,-,-,NORMAL,0.88,link_down
alarm_00776,current_alarm_snapshot,2026-05-04 17:57:19,CRITICAL,asset_7eec39a6ea,AG,Physical Port Down,2024-01-25 09:29:17,2024-01-25 09:29:17,19928.47,1,LOS,DOWN,UP,-,-,NORMAL,0.88,link_down
alarm_00777,current_alarm_snapshot,2026-05-04 17:57:19,CRITICAL,asset_7eec39a6ea,AG,Physical Port Down,2024-01-25 09:29:36,2024-01-25 09:29:36,19928.46,1,LOS,DOWN,UP,-,-,NORMAL,0.88,link_down
alarm_00778,current_alarm_snapshot,2026-05-04 17:57:19,CRITICAL,asset_02c4dea2ed,AG,Physical Port Down,2024-01-25 14:53:18,2024-01-25 14:53:18,19923.07,1,LOS,DOWN,UP,-,-,NORMAL,0.88,link_down
alarm_00779,current_alarm_snapshot,2026-05-04 17:57:19,CRITICAL,asset_02c4dea2ed,AG,Physical Port Down,2024-01-25 14:56:26,2024-01-25 14:56:26,19923.01,1,LOS,DOWN,UP,-,-,NORMAL,0.88,link_down
alarm_00780,current_alarm_snapshot,2026-05-04 17:57:19,CRITICAL,asset_1bbadcf3b0,CP,Physical Port Down,2024-01-26 00:12:32,2024-01-26 00:12:32,19913.75,1,THE,UNREPORTED,UNKNOWN,-,-,NORMAL,0.88,link_down
alarm_00781,current_alarm_snapshot,2026-05-04 17:57:19,CRITICAL,asset_1bbadcf3b0,CP,Physical Port Down,2024-01-26 00:12:36,2024-01-26 00:12:36,19913.75,1,THE,UNREPORTED,UNKNOWN,-,-,NORMAL,0.88,link_down
alarm_00782,current_alarm_snapshot,2026-05-04 17:57:19,CRITICAL,asset_1bbadcf3b0,CP,Physical Port Down,2024-01-26 00:12:36,2024-01-26 00:12:36,19913.75,1,THE,UNREPORTED,UNKNOWN,-,-,NORMAL,0.88,link_down
alarm_00783,current_alarm_snapshot,2026-05-04 17:57:19,CRITICAL,asset_ede2da03c4,CP,Physical Port Down,2024-02-03 00:18:57,2024-02-03 00:18:57,19721.64,1,THE,UNREPORTED,UNKNOWN,-,-,NORMAL,0.88,link_down
alarm_00784,current_alarm_snapshot,2026-05-04 17:57:19,CRITICAL,asset_ea65ae712b,AG,Physical Port Down,2024-02-03 20:54:11,2024-02-03 20:54:11,19701.05,1,THE,UNREPORTED,UNKNOWN,-,ACKNOWLEDGED,NORMAL,0.88,link_down
alarm_00785,current_alarm_snapshot,2026-05-04 17:57:19,CRITICAL,asset_ea65ae712b,AG,Physical Port Down,2024-02-03 21:37:55,2024-02-03 21:37:55,19700.32,1,THE,UNREPORTED,UNKNOWN,-,ACKNOWLEDGED,NORMAL,0.88,link_down
alarm_00786,current_alarm_snapshot,2026-05-04 17:57:19,CRITICAL,asset_ea65ae712b,AG,Physical Port Down,2024-02-03 21:38:36,2024-02-03 21:38:36,19700.31,1,THE,UNREPORTED,UNKNOWN,-,ACKNOWLEDGED,NORMAL,0.88,link_down
alarm_00787,current_alarm_snapshot,2026-05-04 17:57:19,CRITICAL,asset_454eb25d1a,AR,Physical Port Down,2024-02-06 09:40:45,2024-02-06 09:40:45,19640.28,1,LOS,UNREPORTED,UNKNOWN,-,-,NORMAL,0.88,link_down
alarm_00788,current_alarm_snapshot,2026-05-04 17:57:19,CRITICAL,asset_e85b76d2b0,AG,Physical Port Down,2024-02-06 09:56:32,2024-02-06 09:56:32,19640.01,1,LOS,DOWN,UP,-,-,NORMAL,0.88,link_down
alarm_00789,current_alarm_snapshot,2026-05-04 17:57:19,CRITICAL,asset_b04fa4b282,AG,Physical Port Down,2024-02-12 15:50:08,2024-02-12 15:50:08,19490.12,1,--,DOWN,UP,-,-,NORMAL,0.88,link_down
alarm_00790,current_alarm_snapshot,2026-05-04 17:57:19,CRITICAL,asset_b04fa4b282,AG,Physical Port Down,2024-02-12 15:50:08,2024-02-12 15:50:08,19490.12,1,--,DOWN,UP,-,-,NORMAL,0.88,link_down
alarm_00791,current_alarm_snapshot,2026-05-04 17:57:19,CRITICAL,asset_a5e9f90618,AR,Physical Port Down,2024-02-14 12:32:26,2024-02-14 12:32:26,19445.41,1,0,UNREPORTED,UNREPORTED,-,-,NORMAL,0.88,link_down
alarm_00792,current_alarm_snapshot,2026-05-04 17:57:19,CRITICAL,asset_a72fff5450,AG,Board Invalid,2024-02-15 08:14:09,2024-02-15 08:14:09,19425.72,1,UNKNOWN,UNKNOWN,UNKNOWN,-,-,NORMAL,0.88,equipment_module
alarm_00793,current_alarm_snapshot,2026-05-04 17:57:19,CRITICAL,asset_a72fff5450,AG,Board Invalid,2024-02-15 08:14:37,2024-02-15 08:14:37,19425.71,1,UNKNOWN,UNKNOWN,UNKNOWN,-,-,NORMAL,0.88,equipment_module
alarm_00794,current_alarm_snapshot,2026-05-04 17:57:19,CRITICAL,asset_a72fff5450,AG,Board Invalid,2024-02-15 08:14:44,2024-02-15 08:14:44,19425.71,1,UNKNOWN,UNKNOWN,UNKNOWN,-,-,NORMAL,0.88,equipment_module
alarm_00795,current_alarm_snapshot,2026-05-04 17:57:19,CRITICAL,asset_a72fff5450,AG,Board Invalid,2024-02-15 08:15:08,2024-02-15 08:15:08,19425.7,1,UNKNOWN,UNKNOWN,UNKNOWN,-,-,NORMAL,0.88,equipment_module
alarm_00796,current_alarm_snapshot,2026-05-04 17:57:19,CRITICAL,asset_a72fff5450,AG,Board Invalid,2024-02-15 08:19:50,2024-02-15 08:19:50,19425.62,1,UNKNOWN,UNKNOWN,UNKNOWN,-,-,NORMAL,0.88,equipment_module
alarm_00797,current_alarm_snapshot,2026-05-04 17:57:19,CRITICAL,asset_2c74722ea6,AG,Physical Port Down,2024-02-21 15:36:06,2024-02-21 15:36:06,19274.35,1,LOS,DOWN,UP,-,-,NORMAL,0.88,link_down
alarm_00798,current_alarm_snapshot,2026-05-04 17:57:19,CRITICAL,asset_2c74722ea6,AG,Physical Port Down,2024-02-21 15:36:07,2024-02-21 15:36:07,19274.35,1,LOS,DOWN,UP,-,-,NORMAL,0.88,link_down
alarm_00799,current_alarm_snapshot,2026-05-04 17:57:19,CRITICAL,asset_82a3f14cd8,AR,Physical Port Down,2024-03-04 09:55:28,2024-03-04 09:55:28,18992.03,1,SHUTDOWN,UNREPORTED,UNKNOWN,-,-,NORMAL,0.88,link_down
alarm_00800,current_alarm_snapshot,2026-05-04 17:57:19,CRITICAL,asset_a89d37afff,AG,Physical Port Down,2024-03-08 00:05:41,2024-03-08 00:05:41,18905.86,1,THE,UNREPORTED,UNKNOWN,-,-,NORMAL,0.88,equipment_module
alarm_00801,current_alarm_snapshot,2026-05-04 17:57:19,CRITICAL,asset_ac87b78b25,AR,Physical Port Down,2024-03-09 06:46:32,2024-03-09 06:46:32,18875.18,1,LOS,UNREPORTED,UNKNOWN,-,-,NORMAL,0.88,fiber_cable
alarm_00802,current_alarm_snapshot,2026-05-04 17:57:19,CRITICAL,asset_262a896d55,AR,Physical Port Down,2024-03-18 14:38:28,2024-03-18 14:38:28,18651.31,1,LOS,DOWN,UP,-,-,NORMAL,0.88,link_down
alarm_00803,current_alarm_snapshot,2026-05-04 17:57:19,CRITICAL,asset_8637398ea8,AG,Physical Port Down,2024-03-18 17:12:12,2024-03-18 17:12:12,18648.75,1,LOF,DOWN,UP,-,-,NORMAL,0.88,link_down
alarm_00804,current_alarm_snapshot,2026-05-04 17:57:19,CRITICAL,asset_97558d4ebe,AG,Physical Port Down,2024-03-21 15:46:03,2024-03-21 15:46:03,18578.19,1,LOS,DOWN,UP,-,-,NORMAL,0.88,link_down
alarm_00805,current_alarm_snapshot,2026-05-04 17:57:19,CRITICAL,asset_18b891f407,AG,Physical Port Down,2024-03-21 15:58:27,2024-03-21 15:58:27,18577.98,1,UNKNOWN,UNKNOWN,UNKNOWN,-,-,NORMAL,0.88,link_down
alarm_00806,current_alarm_snapshot,2026-05-04 17:57:19,CRITICAL,asset_18b891f407,AG,Physical Port Down,2024-03-21 15:58:27,2024-03-21 15:58:27,18577.98,1,UNKNOWN,UNKNOWN,UNKNOWN,-,-,NORMAL,0.88,link_down
alarm_00807,current_alarm_snapshot,2026-05-04 17:57:19,CRITICAL,asset_1a9d3b66ad,AG,Physical Port Down,2024-03-22 16:44:38,2024-03-22 16:44:38,18553.21,1,SHUTDOWN,DOWN,DOWN,-,-,NORMAL,0.88,link_down
alarm_00808,current_alarm_snapshot,2026-05-04 17:57:19,CRITICAL,asset_ad2516d834,AG,Board Invalid,2024-03-25 15:13:44,2024-03-25 15:13:44,18482.73,1,UNKNOWN,UNKNOWN,UNKNOWN,-,-,NORMAL,0.88,power_energy
alarm_00809,current_alarm_snapshot,2026-05-04 17:57:19,CRITICAL,asset_ad2516d834,AG,Physical Port Down,2024-03-26 13:10:23,2024-03-26 13:10:23,18460.78,1,NEGOTIATION_FAIL,DOWN,UP,-,-,NORMAL,0.88,link_down
alarm_00810,current_alarm_snapshot,2026-05-04 17:57:19,CRITICAL,asset_91b241864c,AG,Physical Port Down,2024-04-04 17:23:08,2024-04-04 17:23:08,18240.57,1,THE,UNREPORTED,UNKNOWN,-,-,NORMAL,0.88,link_down
alarm_00811,current_alarm_snapshot,2026-05-04 17:57:19,CRITICAL,asset_e0649f65e5,AR,Physical Port Down,2024-04-15 11:48:09,2024-04-15 11:48:09,17982.15,1,LOS,UNREPORTED,UNKNOWN,-,-,NORMAL,0.88,link_down
alarm_00812,current_alarm_snapshot,2026-05-04 17:57:19,CRITICAL,asset_9265103f9b,AG,Physical Port Down,2024-04-15 13:49:34,2024-04-15 13:49:34,17980.13,1,NEGOTIATION_FAIL,DOWN,UP,-,-,NORMAL,0.88,link_down
alarm_00813,current_alarm_snapshot,2026-05-04 17:57:19,CRITICAL,asset_9d22813a20,AR,Physical Port Down,2024-04-18 15:17:40,2024-04-18 15:17:40,17906.66,1,LOS,DOWN,UP,-,-,NORMAL,0.88,link_down
alarm_00814,current_alarm_snapshot,2026-05-04 17:57:19,CRITICAL,asset_e818a4aedc,AG,Physical Port Down,2024-04-21 10:41:15,2024-04-21 10:41:15,17839.27,1,LOS,DOWN,UP,-,-,NORMAL,0.88,link_down
alarm_00815,current_alarm_snapshot,2026-05-04 17:57:19,CRITICAL,asset_077bfc6129,AR,Physical Port Down,2024-05-11 14:13:31,2024-05-11 14:13:31,17355.73,1,LOS,DOWN,UP,-,-,NORMAL,0.88,link_down
alarm_00816,current_alarm_snapshot,2026-05-04 17:57:19,CRITICAL,asset_ce8528669c,AR,Physical Port Down,2024-05-13 16:46:21,2024-05-13 16:46:21,17305.18,1,LOS,DOWN,UP,-,-,NORMAL,0.88,link_down
alarm_00817,current_alarm_snapshot,2026-05-04 17:57:19,CRITICAL,asset_a43df57ae9,AR,Physical Port Down,2024-05-14 08:35:42,2024-05-14 08:35:42,17289.36,1,NEGOTIATION_FAIL,DOWN,UP,-,-,NORMAL,0.88,link_down
alarm_00818,current_alarm_snapshot,2026-05-04 17:57:19,CRITICAL,asset_db3c0f66fe,AG,Physical Port Down,2024-05-15 12:50:26,2024-05-15 12:50:26,17261.11,1,LOS,DOWN,UP,-,-,NORMAL,0.88,link_down
alarm_00819,current_alarm_snapshot,2026-05-04 17:57:19,CRITICAL,asset_9265103f9b,AG,Physical Port Down,2024-05-15 15:18:58,2024-05-15 15:18:58,17258.64,1,LOS,DOWN,UP,-,-,NORMAL,0.88,link_down
alarm_00820,current_alarm_snapshot,2026-05-04 17:57:19,CRITICAL,asset_2c74722ea6,AG,Physical Port Down,2024-05-22 15:20:02,2024-05-22 15:20:02,17090.62,1,NEGOTIATION_FAIL,DOWN,UP,-,-,NORMAL,0.88,link_down
alarm_00821,current_alarm_snapshot,2026-05-04 17:57:19,CRITICAL,asset_2c74722ea6,AG,Physical Port Down,2024-05-22 15:20:34,2024-05-22 15:20:34,17090.61,1,LOS,DOWN,UP,-,-,NORMAL,0.88,link_down
alarm_00822,current_alarm_snapshot,2026-05-04 17:57:19,CRITICAL,asset_c99df1fea1,AG,Physical Port Down,2024-05-23 11:24:47,2024-05-23 11:24:47,17070.54,1,LOS,DOWN,UP,-,-,NORMAL,0.88,link_down
alarm_00823,current_alarm_snapshot,2026-05-04 17:57:19,CRITICAL,asset_0661599e7d,AG,Physical Port Down,2024-05-23 19:01:07,2024-05-23 19:01:07,17062.94,1,LOS,DOWN,UP,-,-,NORMAL,0.88,link_down
alarm_00824,current_alarm_snapshot,2026-05-04 17:57:19,CRITICAL,asset_0661599e7d,AG,Physical Port Down,2024-05-23 19:01:08,2024-05-23 19:01:08,17062.94,1,LOS,DOWN,UP,-,-,NORMAL,0.88,link_down
alarm_00825,current_alarm_snapshot,2026-05-04 17:57:19,CRITICAL,asset_c2dc35bbdf,AR,Physical Port Down,2024-05-25 18:37:27,2024-05-25 18:37:27,17015.33,1,LOS,DOWN,UP,-,-,NORMAL,0.88,link_down
alarm_00826,current_alarm_snapshot,2026-05-04 17:57:19,CRITICAL,asset_97558d4ebe,AG,Physical Port Down,2024-05-29 10:55:57,2024-05-29 10:55:57,16927.02,1,LOS,DOWN,UP,-,-,NORMAL,0.88,link_down
alarm_00827,current_alarm_snapshot,2026-05-04 17:57:19,CRITICAL,asset_97558d4ebe,AG,Physical Port Down,2024-05-29 10:57:01,2024-05-29 10:57:01,16927.01,1,LOS,DOWN,UP,-,-,NORMAL,0.88,link_down
alarm_00828,current_alarm_snapshot,2026-05-04 17:57:19,CRITICAL,asset_1adc312e45,AR,Physical Port Down,2024-06-04 09:49:03,2024-06-04 09:49:03,16784.14,1,NEGOTIATION_FAIL,UNREPORTED,UNKNOWN,-,-,NORMAL,0.88,link_down
alarm_00829,current_alarm_snapshot,2026-05-04 17:57:19,CRITICAL,asset_2c7bf8df07,CP,Physical Port Down,2024-06-06 10:54:19,2024-06-06 10:54:19,16735.05,1,THE,UNREPORTED,UNKNOWN,-,-,NORMAL,0.88,link_down
alarm_00830,current_alarm_snapshot,2026-05-04 17:57:19,CRITICAL,asset_35475a8d01,AR,Physical Port Down,2024-06-06 17:38:11,2024-06-06 17:38:11,16728.32,1,LOS,DOWN,UP,-,-,NORMAL,0.88,link_down
alarm_00831,current_alarm_snapshot,2026-05-04 17:57:19,CRITICAL,asset_a996240b2e,AG,Physical Port Down,2024-06-10 10:59:37,2024-06-10 10:59:37,16638.96,1,OTHER_SOFT_DOWN,DOWN,UP,-,-,NORMAL,0.88,link_down
alarm_00832,current_alarm_snapshot,2026-05-04 17:57:19,CRITICAL,asset_a996240b2e,AG,Physical Port Down,2024-06-10 10:59:37,2024-06-10 10:59:37,16638.96,1,OTHER_SOFT_DOWN,DOWN,UP,-,-,NORMAL,0.88,link_down
alarm_00833,current_alarm_snapshot,2026-05-04 17:57:19,CRITICAL,asset_a996240b2e,AG,Physical Port Down,2024-06-10 10:59:37,2024-06-10 10:59:37,16638.96,1,OTHER_SOFT_DOWN,DOWN,UP,-,-,NORMAL,0.88,link_down
alarm_00834,current_alarm_snapshot,2026-05-04 17:57:19,CRITICAL,asset_a996240b2e,AG,Physical Port Down,2024-06-10 12:58:22,2024-06-10 12:58:22,16636.98,1,SHUTDOWN,DOWN,DOWN,-,-,NORMAL,0.88,link_down
alarm_00835,current_alarm_snapshot,2026-05-04 17:57:19,CRITICAL,asset_8d6b835d22,AG,Physical Port Down,2024-06-13 13:54:34,2024-06-13 13:54:34,16564.05,1,NEGOTIATION_FAIL,DOWN,UP,-,-,NORMAL,0.88,link_down
alarm_00836,current_alarm_snapshot,2026-05-04 17:57:19,CRITICAL,asset_252e851bde,AR,Physical Port Down,2024-06-13 23:00:41,2024-06-13 23:00:41,16554.94,1,NEGOTIATION_FAIL,UNREPORTED,UNKNOWN,-,-,NORMAL,0.88,link_down
alarm_00837,current_alarm_snapshot,2026-05-04 17:57:19,CRITICAL,asset_252e851bde,AR,Physical Port Down,2024-06-14 00:14:04,2024-06-14 00:14:04,16553.72,1,LOS,UNREPORTED,UNKNOWN,-,-,NORMAL,0.88,link_down
alarm_00838,current_alarm_snapshot,2026-05-04 17:57:19,CRITICAL,asset_ce8528669c,AR,Physical Port Down,2024-06-21 12:32:49,2024-06-21 12:32:49,16373.41,1,LOS,DOWN,UP,-,-,NORMAL,0.88,link_down
alarm_00839,current_alarm_snapshot,2026-05-04 17:57:19,CRITICAL,asset_21a7eae782,CA,Physical Port Down,2024-06-21 18:23:48,2024-06-21 18:23:48,16367.56,1,"PCS_UNLOCK,NEGOTIATION_FAIL",DOWN,UP,-,-,NORMAL,0.88,equipment_module
alarm_00840,current_alarm_snapshot,2026-05-04 17:57:19,CRITICAL,asset_5235efd7d0,CA,Physical Port Down,2024-06-27 00:07:55,2024-06-27 00:07:55,16241.82,1,SHUTDOWN,DOWN,DOWN,-,-,NORMAL,0.88,link_down
alarm_00841,current_alarm_snapshot,2026-05-04 17:57:19,CRITICAL,asset_21a7eae782,CA,Physical Port Down,2024-06-28 16:13:37,2024-06-28 16:13:37,16201.73,1,"PCS_UNLOCK,NEGOTIATION_FAIL",DOWN,UP,-,-,NORMAL,0.88,equipment_module
alarm_00842,current_alarm_snapshot,2026-05-04 17:57:19,CRITICAL,asset_362bf81872,AG,Board Invalid,2024-07-01 09:53:24,2024-07-01 09:53:24,16136.07,1,UNKNOWN,UNKNOWN,UNKNOWN,-,-,NORMAL,0.88,power_energy
alarm_00843,current_alarm_snapshot,2026-05-04 17:57:19,CRITICAL,asset_1ce8b5c4a0,AG,Physical Port Down,2024-07-11 09:54:21,2024-07-11 09:54:21,15896.05,1,SHUTDOWN,DOWN,DOWN,-,-,NORMAL,0.88,link_down
alarm_00844,current_alarm_snapshot,2026-05-04 17:57:19,CRITICAL,asset_60b2d9f888,AR,Physical Port Down,2024-07-13 14:45:23,2024-07-13 14:45:23,15843.2,1,LOS,DOWN,UP,-,-,NORMAL,0.88,link_down
alarm_00845,current_alarm_snapshot,2026-05-04 17:57:19,CRITICAL,asset_a996240b2e,AG,Board Invalid,2024-07-16 09:56:02,2024-07-16 09:56:02,15776.02,1,UNKNOWN,UNKNOWN,UNKNOWN,-,-,NORMAL,0.88,power_energy
alarm_00846,current_alarm_snapshot,2026-05-04 17:57:19,CRITICAL,asset_9cb785c240,AG,Physical Port Down,2024-07-16 11:29:52,2024-07-16 11:29:52,15774.46,1,THE,UNREPORTED,UNKNOWN,-,-,NORMAL,0.88,link_down
alarm_00847,current_alarm_snapshot,2026-05-04 17:57:19,CRITICAL,asset_685e16a0a6,AG,Physical Port Down,2024-07-18 09:20:19,2024-07-18 09:20:19,15728.62,1,LOS,DOWN,UP,-,-,NORMAL,0.88,link_down
alarm_00848,current_alarm_snapshot,2026-05-04 17:57:19,CRITICAL,asset_362bf81872,AG,Physical Port Down,2024-07-19 11:40:41,2024-07-19 11:40:41,15702.28,1,LOS,DOWN,UP,-,-,NORMAL,0.88,link_down
alarm_00849,current_alarm_snapshot,2026-05-04 17:57:19,CRITICAL,asset_374af1674f,AR,Physical Port Down,2024-07-20 11:41:34,2024-07-20 11:41:34,15678.26,1,LOS,UNREPORTED,UNKNOWN,-,-,NORMAL,0.88,link_down
alarm_00850,current_alarm_snapshot,2026-05-04 17:57:19,CRITICAL,asset_374af1674f,AR,Physical Port Down,2024-07-20 11:42:01,2024-07-20 11:42:01,15678.25,1,LOS,UNREPORTED,UNKNOWN,-,-,NORMAL,0.88,link_down
alarm_00851,current_alarm_snapshot,2026-05-04 17:57:19,CRITICAL,asset_374af1674f,AR,Physical Port Down,2024-07-20 11:42:20,2024-07-20 11:42:20,15678.25,1,LOS,UNREPORTED,UNKNOWN,-,-,NORMAL,0.88,link_down
alarm_00852,current_alarm_snapshot,2026-05-04 17:57:19,CRITICAL,asset_21a7eae782,CA,Physical Port Down,2024-07-24 23:59:02,2024-07-24 23:59:02,15569.97,1,"PCS_UNLOCK,NEGOTIATION_FAIL",DOWN,UP,-,-,NORMAL,0.88,equipment_module
alarm_00853,current_alarm_snapshot,2026-05-04 17:57:19,CRITICAL,asset_79a23e1d6c,AR,Physical Port Down,2024-07-26 13:23:04,2024-07-26 13:23:04,15532.57,1,LOS,UP,UP,-,-,NORMAL,0.88,link_down
alarm_00854,current_alarm_snapshot,2026-05-04 17:57:19,CRITICAL,asset_8d2941bf77,AG,Physical Port Down,2024-08-02 11:26:25,2024-08-02 11:26:25,15366.51,1,SHUTDOWN,DOWN,DOWN,-,-,NORMAL,0.88,link_down
alarm_00855,current_alarm_snapshot,2026-05-04 17:57:19,CRITICAL,asset_64e2635c15,AG,Physical Port Down,2024-08-02 13:28:34,2024-08-02 13:28:34,15364.48,1,LOS,DOWN,UP,-,-,NORMAL,0.88,link_down
alarm_00856,current_alarm_snapshot,2026-05-04 17:57:19,CRITICAL,asset_a5587e8171,AR,Physical Port Down,2024-08-05 09:32:34,2024-08-05 09:32:34,15296.41,1,LOS,UNREPORTED,UNKNOWN,-,-,NORMAL,0.88,link_down
alarm_00857,current_alarm_snapshot,2026-05-04 17:57:19,CRITICAL,asset_21a7eae782,CA,Physical Port Down,2024-08-07 18:18:28,2024-08-07 18:18:28,15239.65,1,LOS,DOWN,UP,-,-,NORMAL,0.88,equipment_module
alarm_00858,current_alarm_snapshot,2026-05-04 17:57:19,CRITICAL,asset_d933b20862,AG,Physical Port Down,2024-08-08 01:56:48,2024-08-08 01:56:48,15232.01,1,LOS,DOWN,UP,-,-,NORMAL,0.88,link_down
alarm_00859,current_alarm_snapshot,2026-05-04 17:57:19,CRITICAL,asset_a43df57ae9,AR,Physical Port Down,2024-08-20 15:27:40,2024-08-20 15:27:40,14930.49,1,NEGOTIATION_FAIL,DOWN,UP,-,-,NORMAL,0.88,link_down
alarm_00860,current_alarm_snapshot,2026-05-04 17:57:19,CRITICAL,asset_a43df57ae9,AR,Physical Port Down,2024-08-26 19:03:51,2024-08-26 19:03:51,14782.89,1,LOS,DOWN,UP,-,-,NORMAL,0.88,link_down
alarm_00861,current_alarm_snapshot,2026-05-04 17:57:19,CRITICAL,asset_d0aacbf21a,AG,Physical Port Down,2024-08-28 10:28:14,2024-08-28 10:28:14,14743.48,1,NEGOTIATION_FAIL,DOWN,UP,-,-,NORMAL,0.88,link_down
alarm_00862,current_alarm_snapshot,2026-05-04 17:57:19,CRITICAL,asset_d0aacbf21a,AG,Physical Port Down,2024-08-28 10:28:55,2024-08-28 10:28:55,14743.47,1,LOS,DOWN,UP,-,-,NORMAL,0.88,link_down
alarm_00863,current_alarm_snapshot,2026-05-04 17:57:19,CRITICAL,asset_e818a4aedc,AG,Physical Port Down,2024-08-29 11:49:42,2024-08-29 11:49:42,14718.13,1,LOS,DOWN,UP,-,-,NORMAL,0.88,link_down
alarm_00864,current_alarm_snapshot,2026-05-04 17:57:19,CRITICAL,asset_e818a4aedc,AG,Physical Port Down,2024-08-29 11:49:46,2024-08-29 11:49:46,14718.13,1,LOS,DOWN,UP,-,-,NORMAL,0.88,link_down
alarm_00865,current_alarm_snapshot,2026-05-04 17:57:19,CRITICAL,asset_d933b20862,AG,Physical Port Down,2024-09-09 18:04:39,2024-09-09 18:04:39,14447.88,1,LOS,DOWN,UP,-,-,NORMAL,0.88,link_down
alarm_00866,current_alarm_snapshot,2026-05-04 17:57:19,CRITICAL,asset_1b304a6655,AG,Physical Port Down,2024-09-10 09:47:54,2024-09-10 09:47:54,14432.16,1,SHUTDOWN,DOWN,DOWN,-,-,NORMAL,0.88,link_down
alarm_00867,current_alarm_snapshot,2026-05-04 17:57:19,CRITICAL,asset_1b304a6655,AG,Physical Port Down,2024-09-10 10:57:35,2024-09-10 10:57:35,14431.0,1,LOS,DOWN,UP,-,-,NORMAL,0.88,link_down
alarm_00868,current_alarm_snapshot,2026-05-04 17:57:19,CRITICAL,asset_1b304a6655,AG,Physical Port Down,2024-09-10 11:39:39,2024-09-10 11:39:39,14430.29,1,SHUTDOWN,DOWN,DOWN,-,-,NORMAL,0.88,link_down
alarm_00869,current_alarm_snapshot,2026-05-04 17:57:19,CRITICAL,asset_3465f7cc7f,AR,Physical Port Down,2024-09-10 19:51:57,2024-09-10 19:51:57,14422.09,1,0,UNREPORTED,UNREPORTED,-,-,NORMAL,0.88,link_down
alarm_00870,current_alarm_snapshot,2026-05-04 17:57:19,CRITICAL,asset_21a7eae782,CA,Physical Port Down,2024-09-11 02:43:44,2024-09-11 02:43:44,14415.23,1,"PCS_UNLOCK,NEGOTIATION_FAIL",DOWN,UP,-,-,NORMAL,0.88,equipment_module
alarm_00871,current_alarm_snapshot,2026-05-04 17:57:19,CRITICAL,asset_ee3a182b2e,AG,Physical Port Down,2024-09-11 18:43:14,2024-09-11 18:43:14,14399.23,1,SHUTDOWN,DOWN,DOWN,-,-,NORMAL,0.88,link_down
alarm_00872,current_alarm_snapshot,2026-05-04 17:57:19,CRITICAL,asset_ee3a182b2e,AG,Physical Port Down,2024-09-11 18:47:51,2024-09-11 18:47:51,14399.16,1,--,DOWN,UP,-,-,NORMAL,0.88,link_down
alarm_00873,current_alarm_snapshot,2026-05-04 17:57:19,CRITICAL,asset_d933b20862,AG,Physical Port Down,2024-09-12 14:04:53,2024-09-12 14:04:53,14379.87,1,LOS,DOWN,UP,-,-,NORMAL,0.88,link_down
alarm_00874,current_alarm_snapshot,2026-05-04 17:57:19,CRITICAL,asset_59eda9a1ea,AG,Board Invalid,2024-09-19 16:39:16,2024-09-19 16:39:16,14209.3,1,UNKNOWN,UNKNOWN,UNKNOWN,-,-,NORMAL,0.88,equipment_module
alarm_00875,current_alarm_snapshot,2026-05-04 17:57:19,CRITICAL,asset_d933b20862,AG,Board Invalid,2024-09-20 02:30:39,2024-09-20 02:30:39,14199.44,1,UNKNOWN,UNKNOWN,UNKNOWN,-,-,NORMAL,0.88,power_energy
alarm_00876,current_alarm_snapshot,2026-05-04 17:57:19,CRITICAL,asset_930d1f9c7b,AG,Physical Port Down,2024-09-20 12:34:48,2024-09-20 12:34:48,14189.38,1,NEGOTIATION_FAIL,DOWN,UP,-,-,NORMAL,0.88,link_down
alarm_00877,current_alarm_snapshot,2026-05-04 17:57:19,CRITICAL,asset_b616b40c81,AG,Physical Port Down,2024-09-23 17:02:17,2024-09-23 17:02:17,14112.92,1,LOS,DOWN,UP,-,-,NORMAL,0.88,link_down
alarm_00878,current_alarm_snapshot,2026-05-04 17:57:19,CRITICAL,asset_930d1f9c7b,AG,Physical Port Down,2024-09-24 17:02:10,2024-09-24 17:02:10,14088.92,1,SHUTDOWN,DOWN,DOWN,-,-,NORMAL,0.88,link_down
alarm_00879,current_alarm_snapshot,2026-05-04 17:57:19,CRITICAL,asset_b033831ef6,AG,Physical Port Down,2024-09-25 09:26:56,2024-09-25 09:26:56,14072.51,1,NEGOTIATION_FAIL,DOWN,UP,-,-,NORMAL,0.88,link_down
alarm_00880,current_alarm_snapshot,2026-05-04 17:57:19,CRITICAL,asset_362bf81872,AG,Physical Port Down,2024-09-25 12:47:43,2024-09-25 12:47:43,14069.16,1,NEGOTIATION_FAIL,DOWN,UP,-,-,NORMAL,0.88,link_down
alarm_00881,current_alarm_snapshot,2026-05-04 17:57:19,CRITICAL,asset_362bf81872,AG,Physical Port Down,2024-09-25 12:58:15,2024-09-25 12:58:15,14068.98,1,LOS,DOWN,UP,-,-,NORMAL,0.88,link_down
alarm_00882,current_alarm_snapshot,2026-05-04 17:57:19,CRITICAL,asset_91b241864c,AG,Physical Port Down,2024-10-03 00:48:15,2024-10-03 00:48:15,13889.15,1,THE,UNREPORTED,UNKNOWN,-,-,NORMAL,0.88,link_down
alarm_00883,current_alarm_snapshot,2026-05-04 17:57:19,CRITICAL,asset_074c2e8c02,AG,Board Invalid,2024-10-09 11:05:20,2024-10-09 11:05:20,13734.87,1,UNKNOWN,UNKNOWN,UNKNOWN,-,-,NORMAL,0.88,power_energy
alarm_00884,current_alarm_snapshot,2026-05-04 17:57:19,CRITICAL,asset_c2dc35bbdf,AR,Physical Port Down,2024-10-16 12:58:24,2024-10-16 12:58:24,13564.98,1,LOS,DOWN,UP,-,-,NORMAL,0.88,link_down
alarm_00885,current_alarm_snapshot,2026-05-04 17:57:19,CRITICAL,asset_8d6b835d22,AG,Physical Port Down,2024-10-22 09:29:07,2024-10-22 09:29:07,13424.47,1,LOS,DOWN,UP,-,-,NORMAL,0.88,link_down
alarm_00886,current_alarm_snapshot,2026-05-04 17:57:19,CRITICAL,asset_8d6b835d22,AG,Physical Port Down,2024-10-22 09:55:18,2024-10-22 09:55:18,13424.03,1,LOS,DOWN,UP,-,-,NORMAL,0.88,link_down
alarm_00887,current_alarm_snapshot,2026-05-04 17:57:19,CRITICAL,asset_79a23e1d6c,AR,Physical Port Down,2024-10-24 08:50:33,2024-10-24 08:50:33,13377.11,1,LOS,UP,UP,-,-,NORMAL,0.88,link_down
alarm_00888,current_alarm_snapshot,2026-05-04 17:57:19,CRITICAL,asset_5fd51b72d8,AR,Physical Port Down,2024-10-25 00:16:57,2024-10-25 00:16:57,13361.67,1,SHUTDOWN,DOWN,DOWN,-,-,NORMAL,0.88,link_down
alarm_00889,current_alarm_snapshot,2026-05-04 17:57:19,CRITICAL,asset_ac87b78b25,AR,Physical Port Down,2024-10-28 08:18:08,2024-10-28 08:18:08,13281.65,1,NEGOTIATION_FAIL,UNREPORTED,UNKNOWN,-,-,NORMAL,0.88,link_down
alarm_00890,current_alarm_snapshot,2026-05-04 17:57:19,CRITICAL,asset_ce8528669c,AR,Physical Port Down,2024-11-10 17:24:29,2024-11-10 17:24:29,12960.55,1,LOS,DOWN,UP,-,-,NORMAL,0.88,link_down
alarm_00891,current_alarm_snapshot,2026-05-04 17:57:19,CRITICAL,asset_446d8d845a,AG,Board Invalid,2024-11-11 09:28:52,2024-11-11 09:28:52,12944.47,1,UNKNOWN,UNKNOWN,UNKNOWN,-,-,NORMAL,0.88,power_energy
alarm_00892,current_alarm_snapshot,2026-05-04 17:57:19,CRITICAL,asset_18b891f407,AG,Physical Port Down,2024-11-11 14:50:43,2024-11-11 14:50:43,12939.11,1,UNKNOWN,UNKNOWN,UNKNOWN,-,-,NORMAL,0.88,link_down
alarm_00893,current_alarm_snapshot,2026-05-04 17:57:19,CRITICAL,asset_ec5de63e08,AR,Physical Port Down,2024-11-15 10:56:49,2024-11-15 10:56:49,12847.01,1,LOS,UP,UP,-,-,NORMAL,0.88,link_down
alarm_00894,current_alarm_snapshot,2026-05-04 17:57:19,CRITICAL,asset_c2dc35bbdf,AR,Physical Port Down,2024-11-18 10:23:24,2024-11-18 10:23:24,12775.57,1,LOS,DOWN,UP,-,-,NORMAL,0.88,link_down
alarm_00895,current_alarm_snapshot,2026-05-04 17:57:19,CRITICAL,asset_efa37ea078,AR,Physical Port Down,2024-11-18 14:26:06,2024-11-18 14:26:06,12771.52,1,LOS,DOWN,UP,-,-,NORMAL,0.88,link_down
alarm_00896,current_alarm_snapshot,2026-05-04 17:57:19,CRITICAL,asset_a996240b2e,AG,Physical Port Down,2024-11-19 11:10:28,2024-11-19 11:10:28,12750.78,1,SHUTDOWN,DOWN,DOWN,-,-,NORMAL,0.88,link_down
alarm_00897,current_alarm_snapshot,2026-05-04 17:57:19,CRITICAL,asset_a9e0caf8b0,AR,Physical Port Down,2024-11-19 20:24:31,2024-11-19 20:24:31,12741.55,1,OTHER_SOFT_DOWN,UP,UP,-,ACKNOWLEDGED,NORMAL,0.88,link_down
alarm_00898,current_alarm_snapshot,2026-05-04 17:57:19,CRITICAL,asset_1adc312e45,AR,Physical Port Down,2024-11-23 15:58:20,2024-11-23 15:58:20,12649.98,1,LOS,UNREPORTED,UNKNOWN,-,-,NORMAL,0.88,link_down
alarm_00899,current_alarm_snapshot,2026-05-04 17:57:19,CRITICAL,asset_074c2e8c02,AG,Physical Port Down,2024-11-25 13:05:21,2024-11-25 13:05:21,12604.87,1,LOS,DOWN,UP,-,-,NORMAL,0.88,link_down
alarm_00900,current_alarm_snapshot,2026-05-04 17:57:19,CRITICAL,asset_2c74722ea6,AG,Physical Port Down,2024-11-25 13:05:21,2024-11-25 13:05:21,12604.87,1,OTHER_SOFT_DOWN,DOWN,UP,-,-,NORMAL,0.88,link_down
alarm_00901,current_alarm_snapshot,2026-05-04 17:57:19,CRITICAL,asset_2c74722ea6,AG,Physical Port Down,2024-11-25 13:05:22,2024-11-25 13:05:22,12604.87,1,OTHER_SOFT_DOWN,DOWN,UP,-,-,NORMAL,0.88,link_down
alarm_00902,current_alarm_snapshot,2026-05-04 17:57:19,CRITICAL,asset_65a58619d1,AR,Physical Port Down,2024-11-28 16:05:13,2024-11-28 16:05:13,12529.87,1,SHUTDOWN,DOWN,DOWN,-,-,NORMAL,0.88,link_down
alarm_00903,current_alarm_snapshot,2026-05-04 17:57:19,CRITICAL,asset_ad2516d834,AG,Physical Port Down,2024-12-10 10:59:34,2024-12-10 10:59:34,12246.96,1,LOS,DOWN,UP,-,-,NORMAL,0.88,link_down
alarm_00904,current_alarm_snapshot,2026-05-04 17:57:19,CRITICAL,asset_b256174f03,AG,Physical Port Down,2024-12-18 10:55:00,2024-12-18 10:55:00,12055.04,1,LOS,DOWN,UP,-,-,NORMAL,0.88,link_down
alarm_00905,current_alarm_snapshot,2026-05-04 17:57:19,CRITICAL,asset_b256174f03,AG,Physical Port Down,2024-12-18 10:55:05,2024-12-18 10:55:05,12055.04,1,LOS,DOWN,UP,-,-,NORMAL,0.88,link_down
alarm_00906,current_alarm_snapshot,2026-05-04 17:57:19,CRITICAL,asset_92427f2206,AG,Physical Port Down,2024-12-18 10:59:37,2024-12-18 10:59:37,12054.96,1,LOS,DOWN,UP,-,-,NORMAL,0.88,link_down
alarm_00907,current_alarm_snapshot,2026-05-04 17:57:19,CRITICAL,asset_92427f2206,AG,Physical Port Down,2024-12-18 10:59:44,2024-12-18 10:59:44,12054.96,1,NEGOTIATION_FAIL,DOWN,UP,-,-,NORMAL,0.88,link_down
alarm_00908,current_alarm_snapshot,2026-05-04 17:57:19,CRITICAL,asset_5e27d6ffa0,AG,Physical Port Down,2024-12-19 12:16:14,2024-12-19 12:16:14,12029.68,1,LOS,DOWN,UP,-,-,NORMAL,0.88,link_down
alarm_00909,current_alarm_snapshot,2026-05-04 17:57:19,CRITICAL,asset_ac87b78b25,AR,Physical Port Down,2024-12-26 16:31:51,2024-12-26 16:31:51,11857.42,1,SHUTDOWN,UNREPORTED,UNKNOWN,-,-,NORMAL,0.88,link_down
alarm_00910,current_alarm_snapshot,2026-05-04 17:57:19,CRITICAL,asset_b256174f03,AG,Physical Port Down,2024-12-31 12:45:49,2024-12-31 12:45:49,11741.19,1,LOS,DOWN,UP,-,-,NORMAL,0.88,link_down
alarm_00911,current_alarm_snapshot,2026-05-04 17:57:19,CRITICAL,asset_b033831ef6,AG,Physical Port Down,2025-01-02 17:33:52,2025-01-02 17:33:52,11688.39,1,LOS,DOWN,UP,-,-,NORMAL,0.88,link_down
alarm_00912,current_alarm_snapshot,2026-05-04 17:57:19,CRITICAL,asset_ce8528669c,AR,Physical Port Down,2025-01-04 17:56:25,2025-01-04 17:56:25,11640.01,1,LOS,DOWN,UP,-,-,NORMAL,0.88,link_down
alarm_00913,current_alarm_snapshot,2026-05-04 17:57:19,CRITICAL,asset_aaa845cb6b,AG,Physical Port Down,2025-01-06 15:09:12,2025-01-06 15:09:12,11594.8,1,LOS,DOWN,UP,-,-,NORMAL,0.88,link_down
alarm_00914,current_alarm_snapshot,2026-05-04 17:57:19,CRITICAL,asset_aaa845cb6b,AG,Physical Port Down,2025-01-06 15:09:21,2025-01-06 15:09:21,11594.8,1,LOS,DOWN,UP,-,-,NORMAL,0.88,link_down
alarm_00915,current_alarm_snapshot,2026-05-04 17:57:19,CRITICAL,asset_5235efd7d0,CA,Board Invalid,2025-01-07 02:23:31,2025-01-07 02:23:31,11583.56,1,UNKNOWN,UNKNOWN,UNKNOWN,-,-,NORMAL,0.88,power_energy
alarm_00916,current_alarm_snapshot,2026-05-04 17:57:19,CRITICAL,asset_5fd51b72d8,AR,Physical Port Down,2025-01-07 09:09:23,2025-01-07 09:09:23,11576.8,1,NEGOTIATION_FAIL,UP,UP,-,-,NORMAL,0.88,link_down
alarm_00917,current_alarm_snapshot,2026-05-04 17:57:19,CRITICAL,asset_5fd51b72d8,AR,Physical Port Down,2025-01-07 09:10:07,2025-01-07 09:10:07,11576.79,1,LOS,UP,UP,-,-,NORMAL,0.88,link_down
alarm_00918,current_alarm_snapshot,2026-05-04 17:57:19,CRITICAL,asset_b256174f03,AG,Physical Port Down,2025-01-07 10:07:02,2025-01-07 10:07:02,11575.84,1,LOS,DOWN,UP,-,-,NORMAL,0.88,link_down
alarm_00919,current_alarm_snapshot,2026-05-04 17:57:19,CRITICAL,asset_b256174f03,AG,Physical Port Down,2025-01-07 10:07:03,2025-01-07 10:07:03,11575.84,1,NEGOTIATION_FAIL,DOWN,UP,-,-,NORMAL,0.88,link_down
alarm_00920,current_alarm_snapshot,2026-05-04 17:57:19,CRITICAL,asset_ce8528669c,AR,Physical Port Down,2025-01-08 10:46:42,2025-01-08 10:46:42,11551.18,1,LOS,DOWN,UP,-,-,NORMAL,0.88,link_down
alarm_00921,current_alarm_snapshot,2026-05-04 17:57:19,CRITICAL,asset_af8a261b8a,AG,Physical Port Down,2025-01-20 08:00:10,2025-01-20 08:00:10,11265.95,1,SHUTDOWN,DOWN,DOWN,-,-,NORMAL,0.88,link_down
alarm_00922,current_alarm_snapshot,2026-05-04 17:57:19,CRITICAL,asset_af8a261b8a,AG,Physical Port Down,2025-01-20 08:00:34,2025-01-20 08:00:34,11265.95,1,SHUTDOWN,DOWN,DOWN,-,-,NORMAL,0.88,link_down
alarm_00923,current_alarm_snapshot,2026-05-04 17:57:19,CRITICAL,asset_b2768044cf,CA,Physical Port Down,2025-02-02 12:04:59,2025-02-02 12:04:59,10949.87,1,THE,UNREPORTED,UNKNOWN,-,-,NORMAL,0.88,link_down
alarm_00924,current_alarm_snapshot,2026-05-04 17:57:19,CRITICAL,asset_1d587fe9eb,AR,Board Invalid,2025-02-05 00:12:24,2025-02-05 00:12:24,10889.75,1,UNKNOWN,UNKNOWN,UNKNOWN,-,ACKNOWLEDGED,NORMAL,0.88,equipment_module
alarm_00925,current_alarm_snapshot,2026-05-04 17:57:19,CRITICAL,asset_1d587fe9eb,AR,Board Invalid,2025-02-05 00:12:24,2025-02-05 00:12:24,10889.75,1,UNKNOWN,UNKNOWN,UNKNOWN,-,ACKNOWLEDGED,NORMAL,0.88,equipment_module
alarm_00926,current_alarm_snapshot,2026-05-04 17:57:19,CRITICAL,asset_1d587fe9eb,AR,Physical Port Down,2025-02-05 00:12:24,2025-02-05 00:12:24,10889.75,1,TRANSCEIVER_OFFLINE,UNREPORTED,UNKNOWN,-,ACKNOWLEDGED,NORMAL,0.88,link_down
alarm_00927,current_alarm_snapshot,2026-05-04 17:57:19,CRITICAL,asset_1d587fe9eb,AR,The Device is offline,2025-02-05 00:12:42,2025-02-05 00:12:42,10889.74,1,UNKNOWN,UNKNOWN,UNKNOWN,-,ACKNOWLEDGED,NORMAL,0.88,other
alarm_00928,current_alarm_snapshot,2026-05-04 17:57:19,CRITICAL,asset_c2dc35bbdf,AR,Physical Port Down,2025-02-11 11:08:04,2025-02-11 11:08:04,10734.82,1,LOS,DOWN,UP,-,-,NORMAL,0.88,link_down
alarm_00929,current_alarm_snapshot,2026-05-04 17:57:19,CRITICAL,asset_b616b40c81,AG,Physical Port Down,2025-02-12 14:57:14,2025-02-12 14:57:14,10707.0,1,SHUTDOWN,DOWN,DOWN,-,-,NORMAL,0.88,link_down
alarm_00930,current_alarm_snapshot,2026-05-04 17:57:19,CRITICAL,asset_9d61e4d3b5,AG,Physical Port Down,2025-02-18 09:54:54,2025-02-18 09:54:54,10568.04,1,LOS,DOWN,UP,-,-,NORMAL,0.88,link_down
alarm_00931,current_alarm_snapshot,2026-05-04 17:57:19,CRITICAL,asset_21a7eae782,CA,Physical Port Down,2025-02-19 12:33:36,2025-02-19 12:33:36,10541.4,1,LOS,DOWN,UP,-,-,NORMAL,0.88,equipment_module
alarm_00932,current_alarm_snapshot,2026-05-04 17:57:19,CRITICAL,asset_f78e9c1677,CA,Physical Port Down,2025-02-28 02:36:44,2025-02-28 02:36:44,10335.34,1,THE,UNREPORTED,UNKNOWN,-,-,NORMAL,0.88,link_down
alarm_00933,current_alarm_snapshot,2026-05-04 17:57:19,CRITICAL,asset_4547d398db,AG,Physical Port Down,2025-03-03 20:21:19,2025-03-03 20:21:19,10245.6,1,THE,UNREPORTED,UNKNOWN,-,-,NORMAL,0.88,link_down
alarm_00934,current_alarm_snapshot,2026-05-04 17:57:19,CRITICAL,asset_4c4c1af2bf,AR,Physical Port Down,2025-03-06 15:24:23,2025-03-06 15:24:23,10178.55,1,LOS,DOWN,UP,-,ACKNOWLEDGED,NORMAL,0.88,link_down
alarm_00935,current_alarm_snapshot,2026-05-04 17:57:19,CRITICAL,asset_4c4c1af2bf,AR,The Device is offline,2025-03-06 15:40:46,2025-03-06 15:40:46,10178.28,1,UNKNOWN,UNKNOWN,UNKNOWN,-,ACKNOWLEDGED,NORMAL,0.88,other
alarm_00936,current_alarm_snapshot,2026-05-04 17:57:19,CRITICAL,asset_5e27d6ffa0,AG,Physical Port Down,2025-03-07 18:49:43,2025-03-07 18:49:43,10151.13,1,LOS,DOWN,UP,-,-,NORMAL,0.88,link_down
alarm_00937,current_alarm_snapshot,2026-05-04 17:57:19,CRITICAL,asset_1297f63218,AR,Physical Port Down,2025-03-08 11:05:59,2025-03-08 11:05:59,10134.86,1,LOS,UNREPORTED,UNKNOWN,-,-,NORMAL,0.88,link_down
alarm_00938,current_alarm_snapshot,2026-05-04 17:57:19,CRITICAL,asset_40b8c3a70c,CA,Physical Port Down,2025-03-12 01:45:53,2025-03-12 01:45:53,10048.19,1,THE,UNREPORTED,UNKNOWN,-,-,NORMAL,0.88,link_down
alarm_00939,current_alarm_snapshot,2026-05-04 17:57:19,CRITICAL,asset_40b8c3a70c,CA,Physical Port Down,2025-03-12 01:45:53,2025-03-12 01:45:53,10048.19,1,THE,UNREPORTED,UNKNOWN,-,-,NORMAL,0.88,link_down
alarm_00940,current_alarm_snapshot,2026-05-04 17:57:19,CRITICAL,asset_40b8c3a70c,CA,Physical Port Down,2025-03-12 01:45:53,2025-03-12 01:45:53,10048.19,1,THE,UNREPORTED,UNKNOWN,-,-,NORMAL,0.88,link_down
alarm_00941,current_alarm_snapshot,2026-05-04 17:57:19,CRITICAL,asset_40b8c3a70c,CA,Physical Port Down,2025-03-12 01:45:53,2025-03-12 01:45:53,10048.19,1,THE,UNREPORTED,UNKNOWN,-,-,NORMAL,0.88,link_down
alarm_00942,current_alarm_snapshot,2026-05-04 17:57:19,CRITICAL,asset_40b8c3a70c,CA,Physical Port Down,2025-03-12 01:45:53,2025-03-12 01:45:53,10048.19,1,THE,UNREPORTED,UNKNOWN,-,-,NORMAL,0.88,link_down
alarm_00943,current_alarm_snapshot,2026-05-04 17:57:19,CRITICAL,asset_40b8c3a70c,CA,Physical Port Down,2025-03-12 01:45:53,2025-03-12 01:45:53,10048.19,1,THE,UNREPORTED,UNKNOWN,-,-,NORMAL,0.88,link_down
alarm_00944,current_alarm_snapshot,2026-05-04 17:57:19,CRITICAL,asset_40b8c3a70c,CA,Physical Port Down,2025-03-12 01:45:53,2025-03-12 01:45:53,10048.19,1,THE,UNREPORTED,UNKNOWN,-,-,NORMAL,0.88,link_down
alarm_00945,current_alarm_snapshot,2026-05-04 17:57:19,CRITICAL,asset_40b8c3a70c,CA,Physical Port Down,2025-03-12 01:45:53,2025-03-12 01:45:53,10048.19,1,THE,UNREPORTED,UNKNOWN,-,-,NORMAL,0.88,link_down
alarm_00946,current_alarm_snapshot,2026-05-04 17:57:19,CRITICAL,asset_40b8c3a70c,CA,Physical Port Down,2025-03-12 01:45:53,2025-03-12 01:45:53,10048.19,1,THE,UNREPORTED,UNKNOWN,-,-,NORMAL,0.88,link_down
alarm_00947,current_alarm_snapshot,2026-05-04 17:57:19,CRITICAL,asset_40b8c3a70c,CA,Physical Port Down,2025-03-12 01:45:53,2025-03-12 01:45:53,10048.19,1,THE,UNREPORTED,UNKNOWN,-,-,NORMAL,0.88,link_down
alarm_00948,current_alarm_snapshot,2026-05-04 17:57:19,CRITICAL,asset_40b8c3a70c,CA,Physical Port Down,2025-03-12 01:45:53,2025-03-12 01:45:53,10048.19,1,THE,UNREPORTED,UNKNOWN,-,-,NORMAL,0.88,link_down
alarm_00949,current_alarm_snapshot,2026-05-04 17:57:19,CRITICAL,asset_40b8c3a70c,CA,Physical Port Down,2025-03-12 01:45:53,2025-03-12 01:45:53,10048.19,1,THE,UNREPORTED,UNKNOWN,-,-,NORMAL,0.88,link_down
alarm_00950,current_alarm_snapshot,2026-05-04 17:57:19,CRITICAL,asset_40b8c3a70c,CA,Physical Port Down,2025-03-12 01:45:53,2025-03-12 01:45:53,10048.19,1,THE,UNREPORTED,UNKNOWN,-,-,NORMAL,0.88,link_down
alarm_00951,current_alarm_snapshot,2026-05-04 17:57:19,CRITICAL,asset_40b8c3a70c,CA,Physical Port Down,2025-03-12 01:45:53,2025-03-12 01:45:53,10048.19,1,THE,UNREPORTED,UNKNOWN,-,-,NORMAL,0.88,link_down
alarm_00952,current_alarm_snapshot,2026-05-04 17:57:19,CRITICAL,asset_40b8c3a70c,CA,Physical Port Down,2025-03-12 01:45:53,2025-03-12 01:45:53,10048.19,1,THE,UNREPORTED,UNKNOWN,-,-,NORMAL,0.88,link_down
alarm_00953,current_alarm_snapshot,2026-05-04 17:57:19,CRITICAL,asset_40b8c3a70c,CA,Physical Port Down,2025-03-12 01:45:53,2025-03-12 01:45:53,10048.19,1,THE,UNREPORTED,UNKNOWN,-,-,NORMAL,0.88,link_down
alarm_00954,current_alarm_snapshot,2026-05-04 17:57:19,CRITICAL,asset_40b8c3a70c,CA,Physical Port Down,2025-03-12 01:45:53,2025-03-12 01:45:53,10048.19,1,THE,UNREPORTED,UNKNOWN,-,-,NORMAL,0.88,link_down
alarm_00955,current_alarm_snapshot,2026-05-04 17:57:19,CRITICAL,asset_40b8c3a70c,CA,Physical Port Down,2025-03-12 01:45:53,2025-03-12 01:45:53,10048.19,1,THE,UNREPORTED,UNKNOWN,-,-,NORMAL,0.88,link_down
alarm_00956,current_alarm_snapshot,2026-05-04 17:57:19,CRITICAL,asset_40b8c3a70c,CA,Physical Port Down,2025-03-12 01:45:53,2025-03-12 01:45:53,10048.19,1,THE,UNREPORTED,UNKNOWN,-,-,NORMAL,0.88,link_down
alarm_00957,current_alarm_snapshot,2026-05-04 17:57:19,CRITICAL,asset_40b8c3a70c,CA,Physical Port Down,2025-03-12 01:45:53,2025-03-12 01:45:53,10048.19,1,THE,UNREPORTED,UNKNOWN,-,-,NORMAL,0.88,link_down
alarm_00958,current_alarm_snapshot,2026-05-04 17:57:19,CRITICAL,asset_40b8c3a70c,CA,Physical Port Down,2025-03-12 01:45:53,2025-03-12 01:45:53,10048.19,1,THE,UNREPORTED,UNKNOWN,-,-,NORMAL,0.88,link_down
alarm_00959,current_alarm_snapshot,2026-05-04 17:57:19,CRITICAL,asset_40b8c3a70c,CA,Physical Port Down,2025-03-12 01:45:53,2025-03-12 01:45:53,10048.19,1,THE,UNREPORTED,UNKNOWN,-,-,NORMAL,0.88,link_down
alarm_00960,current_alarm_snapshot,2026-05-04 17:57:19,CRITICAL,asset_40b8c3a70c,CA,Physical Port Down,2025-03-12 01:45:53,2025-03-12 01:45:53,10048.19,1,THE,UNREPORTED,UNKNOWN,-,-,NORMAL,0.88,link_down
alarm_00961,current_alarm_snapshot,2026-05-04 17:57:19,CRITICAL,asset_40b8c3a70c,CA,Physical Port Down,2025-03-12 01:45:53,2025-03-12 01:45:53,10048.19,1,THE,UNREPORTED,UNKNOWN,-,-,NORMAL,0.88,link_down
alarm_00962,current_alarm_snapshot,2026-05-04 17:57:19,CRITICAL,asset_40b8c3a70c,CA,Physical Port Down,2025-03-12 01:45:53,2025-03-12 01:45:53,10048.19,1,THE,UNREPORTED,UNKNOWN,-,-,NORMAL,0.88,link_down
alarm_00963,current_alarm_snapshot,2026-05-04 17:57:19,CRITICAL,asset_40b8c3a70c,CA,Physical Port Down,2025-03-12 01:45:53,2025-03-12 01:45:53,10048.19,1,THE,UNREPORTED,UNKNOWN,-,-,NORMAL,0.88,link_down
alarm_00964,current_alarm_snapshot,2026-05-04 17:57:19,CRITICAL,asset_40b8c3a70c,CA,Physical Port Down,2025-03-12 01:45:53,2025-03-12 01:45:53,10048.19,1,THE,UNREPORTED,UNKNOWN,-,-,NORMAL,0.88,link_down
alarm_00965,current_alarm_snapshot,2026-05-04 17:57:19,CRITICAL,asset_40b8c3a70c,CA,Physical Port Down,2025-03-12 01:45:53,2025-03-12 01:45:53,10048.19,1,THE,UNREPORTED,UNKNOWN,-,-,NORMAL,0.88,link_down
alarm_00966,current_alarm_snapshot,2026-05-04 17:57:19,CRITICAL,asset_40b8c3a70c,CA,Physical Port Down,2025-03-12 01:45:53,2025-03-12 01:45:53,10048.19,1,THE,UNREPORTED,UNKNOWN,-,-,NORMAL,0.88,link_down
alarm_00967,current_alarm_snapshot,2026-05-04 17:57:19,CRITICAL,asset_40b8c3a70c,CA,Physical Port Down,2025-03-12 01:45:53,2025-03-12 01:45:53,10048.19,1,THE,UNREPORTED,UNKNOWN,-,-,NORMAL,0.88,link_down
alarm_00968,current_alarm_snapshot,2026-05-04 17:57:19,CRITICAL,asset_40b8c3a70c,CA,Physical Port Down,2025-03-12 01:45:53,2025-03-12 01:45:53,10048.19,1,THE,UNREPORTED,UNKNOWN,-,-,NORMAL,0.88,link_down
alarm_00969,current_alarm_snapshot,2026-05-04 17:57:19,CRITICAL,asset_40b8c3a70c,CA,Physical Port Down,2025-03-12 01:45:53,2025-03-12 01:45:53,10048.19,1,THE,UNREPORTED,UNKNOWN,-,-,NORMAL,0.88,link_down
alarm_00970,current_alarm_snapshot,2026-05-04 17:57:19,CRITICAL,asset_40b8c3a70c,CA,Physical Port Down,2025-03-12 01:45:53,2025-03-12 01:45:53,10048.19,1,THE,UNREPORTED,UNKNOWN,-,-,NORMAL,0.88,link_down
alarm_00971,current_alarm_snapshot,2026-05-04 17:57:19,CRITICAL,asset_40b8c3a70c,CA,Physical Port Down,2025-03-12 01:45:53,2025-03-12 01:45:53,10048.19,1,THE,UNREPORTED,UNKNOWN,-,-,NORMAL,0.88,link_down
alarm_00972,current_alarm_snapshot,2026-05-04 17:57:19,CRITICAL,asset_40b8c3a70c,CA,Physical Port Down,2025-03-12 01:45:53,2025-03-12 01:45:53,10048.19,1,THE,UNREPORTED,UNKNOWN,-,-,NORMAL,0.88,link_down
alarm_00973,current_alarm_snapshot,2026-05-04 17:57:19,CRITICAL,asset_40b8c3a70c,CA,Physical Port Down,2025-03-12 01:45:53,2025-03-12 01:45:53,10048.19,1,THE,UNREPORTED,UNKNOWN,-,-,NORMAL,0.88,link_down
alarm_00974,current_alarm_snapshot,2026-05-04 17:57:19,CRITICAL,asset_40b8c3a70c,CA,Physical Port Down,2025-03-12 01:45:53,2025-03-12 01:45:53,10048.19,1,THE,UNREPORTED,UNKNOWN,-,-,NORMAL,0.88,link_down
alarm_00975,current_alarm_snapshot,2026-05-04 17:57:19,CRITICAL,asset_40b8c3a70c,CA,Physical Port Down,2025-03-12 01:45:53,2025-03-12 01:45:53,10048.19,1,THE,UNREPORTED,UNKNOWN,-,-,NORMAL,0.88,link_down
alarm_00976,current_alarm_snapshot,2026-05-04 17:57:19,CRITICAL,asset_40b8c3a70c,CA,Physical Port Down,2025-03-12 01:45:53,2025-03-12 01:45:53,10048.19,1,THE,UNREPORTED,UNKNOWN,-,-,NORMAL,0.88,link_down
alarm_00977,current_alarm_snapshot,2026-05-04 17:57:19,CRITICAL,asset_40b8c3a70c,CA,Physical Port Down,2025-03-12 01:45:53,2025-03-12 01:45:53,10048.19,1,THE,UNREPORTED,UNKNOWN,-,-,NORMAL,0.88,link_down
alarm_00978,current_alarm_snapshot,2026-05-04 17:57:19,CRITICAL,asset_40b8c3a70c,CA,Physical Port Down,2025-03-12 01:45:53,2025-03-12 01:45:53,10048.19,1,THE,UNREPORTED,UNKNOWN,-,-,NORMAL,0.88,link_down
alarm_00979,current_alarm_snapshot,2026-05-04 17:57:19,CRITICAL,asset_40b8c3a70c,CA,Physical Port Down,2025-03-12 01:45:53,2025-03-12 01:45:53,10048.19,1,THE,UNREPORTED,UNKNOWN,-,-,NORMAL,0.88,link_down
alarm_00980,current_alarm_snapshot,2026-05-04 17:57:19,CRITICAL,asset_40b8c3a70c,CA,Physical Port Down,2025-03-12 01:45:53,2025-03-12 01:45:53,10048.19,1,THE,UNREPORTED,UNKNOWN,-,-,NORMAL,0.88,link_down
alarm_00981,current_alarm_snapshot,2026-05-04 17:57:19,CRITICAL,asset_40b8c3a70c,CA,Physical Port Down,2025-03-12 01:45:56,2025-03-12 01:45:56,10048.19,1,THE,UNREPORTED,UNKNOWN,-,-,NORMAL,0.88,link_down
alarm_00982,current_alarm_snapshot,2026-05-04 17:57:19,CRITICAL,asset_40b8c3a70c,CA,Physical Port Down,2025-03-12 01:45:56,2025-03-12 01:45:56,10048.19,1,THE,UNREPORTED,UNKNOWN,-,-,NORMAL,0.88,link_down
alarm_00983,current_alarm_snapshot,2026-05-04 17:57:19,CRITICAL,asset_40b8c3a70c,CA,Physical Port Down,2025-03-12 01:45:56,2025-03-12 01:45:56,10048.19,1,THE,UNREPORTED,UNKNOWN,-,-,NORMAL,0.88,link_down
alarm_00984,current_alarm_snapshot,2026-05-04 17:57:19,CRITICAL,asset_40b8c3a70c,CA,Physical Port Down,2025-03-12 01:45:56,2025-03-12 01:45:56,10048.19,1,THE,UNREPORTED,UNKNOWN,-,-,NORMAL,0.88,link_down
alarm_00985,current_alarm_snapshot,2026-05-04 17:57:19,CRITICAL,asset_40b8c3a70c,CA,Physical Port Down,2025-03-12 01:45:56,2025-03-12 01:45:56,10048.19,1,THE,UNREPORTED,UNKNOWN,-,-,NORMAL,0.88,link_down
alarm_00986,current_alarm_snapshot,2026-05-04 17:57:19,CRITICAL,asset_40b8c3a70c,CA,Physical Port Down,2025-03-12 01:45:56,2025-03-12 01:45:56,10048.19,1,THE,UNREPORTED,UNKNOWN,-,-,NORMAL,0.88,link_down
alarm_00987,current_alarm_snapshot,2026-05-04 17:57:19,CRITICAL,asset_40b8c3a70c,CA,Physical Port Down,2025-03-12 01:46:02,2025-03-12 01:46:02,10048.19,1,THE,UNREPORTED,UNKNOWN,-,-,NORMAL,0.88,link_down
alarm_00988,current_alarm_snapshot,2026-05-04 17:57:19,CRITICAL,asset_40b8c3a70c,CA,Physical Port Down,2025-03-12 01:46:02,2025-03-12 01:46:02,10048.19,1,THE,UNREPORTED,UNKNOWN,-,-,NORMAL,0.88,link_down
alarm_00989,current_alarm_snapshot,2026-05-04 17:57:19,CRITICAL,asset_40b8c3a70c,CA,Physical Port Down,2025-03-12 01:46:02,2025-03-12 01:46:02,10048.19,1,THE,UNREPORTED,UNKNOWN,-,-,NORMAL,0.88,link_down
alarm_00990,current_alarm_snapshot,2026-05-04 17:57:19,CRITICAL,asset_40b8c3a70c,CA,Physical Port Down,2025-03-12 01:46:02,2025-03-12 01:46:02,10048.19,1,THE,UNREPORTED,UNKNOWN,-,-,NORMAL,0.88,link_down
alarm_00991,current_alarm_snapshot,2026-05-04 17:57:19,CRITICAL,asset_40b8c3a70c,CA,Physical Port Down,2025-03-12 01:46:02,2025-03-12 01:46:02,10048.19,1,THE,UNREPORTED,UNKNOWN,-,-,NORMAL,0.88,link_down
alarm_00992,current_alarm_snapshot,2026-05-04 17:57:19,CRITICAL,asset_40b8c3a70c,CA,Physical Port Down,2025-03-12 01:46:02,2025-03-12 01:46:02,10048.19,1,THE,UNREPORTED,UNKNOWN,-,-,NORMAL,0.88,link_down
alarm_00993,current_alarm_snapshot,2026-05-04 17:57:19,CRITICAL,asset_40b8c3a70c,CA,Physical Port Down,2025-03-12 01:46:02,2025-03-12 01:46:02,10048.19,1,THE,UNREPORTED,UNKNOWN,-,-,NORMAL,0.88,link_down
alarm_00994,current_alarm_snapshot,2026-05-04 17:57:19,CRITICAL,asset_40b8c3a70c,CA,Physical Port Down,2025-03-12 01:46:02,2025-03-12 01:46:02,10048.19,1,THE,UNREPORTED,UNKNOWN,-,-,NORMAL,0.88,link_down
alarm_00995,current_alarm_snapshot,2026-05-04 17:57:19,CRITICAL,asset_40b8c3a70c,CA,Physical Port Down,2025-03-12 01:46:02,2025-03-12 01:46:02,10048.19,1,THE,UNREPORTED,UNKNOWN,-,-,NORMAL,0.88,link_down
alarm_00996,current_alarm_snapshot,2026-05-04 17:57:19,CRITICAL,asset_40b8c3a70c,CA,Physical Port Down,2025-03-12 01:46:02,2025-03-12 01:46:02,10048.19,1,THE,UNREPORTED,UNKNOWN,-,-,NORMAL,0.88,link_down
alarm_00997,current_alarm_snapshot,2026-05-04 17:57:19,CRITICAL,asset_40b8c3a70c,CA,Physical Port Down,2025-03-12 01:46:02,2025-03-12 01:46:02,10048.19,1,THE,UNREPORTED,UNKNOWN,-,-,NORMAL,0.88,link_down
alarm_00998,current_alarm_snapshot,2026-05-04 17:57:19,CRITICAL,asset_40b8c3a70c,CA,Physical Port Down,2025-03-12 01:46:02,2025-03-12 01:46:02,10048.19,1,THE,UNREPORTED,UNKNOWN,-,-,NORMAL,0.88,link_down
alarm_00999,current_alarm_snapshot,2026-05-04 17:57:19,CRITICAL,asset_40b8c3a70c,CA,Physical Port Down,2025-03-12 01:46:02,2025-03-12 01:46:02,10048.19,1,THE,UNREPORTED,UNKNOWN,-,-,NORMAL,0.88,link_down
alarm_01000,current_alarm_snapshot,2026-05-04 17:57:19,CRITICAL,asset_40b8c3a70c,CA,Physical Port Down,2025-03-12 01:46:02,2025-03-12 01:46:02,10048.19,1,THE,UNREPORTED,UNKNOWN,-,-,NORMAL,0.88,link_down
alarm_01001,current_alarm_snapshot,2026-05-04 17:57:19,CRITICAL,asset_40b8c3a70c,CA,Physical Port Down,2025-03-12 01:46:02,2025-03-12 01:46:02,10048.19,1,THE,UNREPORTED,UNKNOWN,-,-,NORMAL,0.88,link_down
alarm_01002,current_alarm_snapshot,2026-05-04 17:57:19,CRITICAL,asset_40b8c3a70c,CA,Physical Port Down,2025-03-12 01:46:02,2025-03-12 01:46:02,10048.19,1,THE,UNREPORTED,UNKNOWN,-,-,NORMAL,0.88,link_down
alarm_01003,current_alarm_snapshot,2026-05-04 17:57:19,CRITICAL,asset_40b8c3a70c,CA,Physical Port Down,2025-03-12 01:46:02,2025-03-12 01:46:02,10048.19,1,THE,UNREPORTED,UNKNOWN,-,-,NORMAL,0.88,link_down
alarm_01004,current_alarm_snapshot,2026-05-04 17:57:19,CRITICAL,asset_40b8c3a70c,CA,Physical Port Down,2025-03-12 01:46:02,2025-03-12 01:46:02,10048.19,1,THE,UNREPORTED,UNKNOWN,-,-,NORMAL,0.88,link_down
alarm_01005,current_alarm_snapshot,2026-05-04 17:57:19,CRITICAL,asset_40b8c3a70c,CA,Physical Port Down,2025-03-12 01:46:02,2025-03-12 01:46:02,10048.19,1,THE,UNREPORTED,UNKNOWN,-,-,NORMAL,0.88,link_down
alarm_01006,current_alarm_snapshot,2026-05-04 17:57:19,CRITICAL,asset_40b8c3a70c,CA,Physical Port Down,2025-03-12 01:46:02,2025-03-12 01:46:02,10048.19,1,THE,UNREPORTED,UNKNOWN,-,-,NORMAL,0.88,link_down
alarm_01007,current_alarm_snapshot,2026-05-04 17:57:19,CRITICAL,asset_40b8c3a70c,CA,Physical Port Down,2025-03-12 01:46:02,2025-03-12 01:46:02,10048.19,1,THE,UNREPORTED,UNKNOWN,-,-,NORMAL,0.88,link_down
alarm_01008,current_alarm_snapshot,2026-05-04 17:57:19,CRITICAL,asset_40b8c3a70c,CA,Physical Port Down,2025-03-12 01:46:02,2025-03-12 01:46:02,10048.19,1,THE,UNREPORTED,UNKNOWN,-,-,NORMAL,0.88,link_down
alarm_01009,current_alarm_snapshot,2026-05-04 17:57:19,CRITICAL,asset_40b8c3a70c,CA,Physical Port Down,2025-03-12 01:46:02,2025-03-12 01:46:02,10048.19,1,THE,UNREPORTED,UNKNOWN,-,-,NORMAL,0.88,link_down
alarm_01010,current_alarm_snapshot,2026-05-04 17:57:19,CRITICAL,asset_40b8c3a70c,CA,Physical Port Down,2025-03-12 01:46:02,2025-03-12 01:46:02,10048.19,1,THE,UNREPORTED,UNKNOWN,-,-,NORMAL,0.88,link_down
alarm_01011,current_alarm_snapshot,2026-05-04 17:57:19,CRITICAL,asset_40b8c3a70c,CA,Physical Port Down,2025-03-12 01:46:02,2025-03-12 01:46:02,10048.19,1,THE,UNREPORTED,UNKNOWN,-,-,NORMAL,0.88,link_down
alarm_01012,current_alarm_snapshot,2026-05-04 17:57:19,CRITICAL,asset_0a11ce4596,AG,Physical Port Down,2025-03-13 02:46:52,2025-03-13 02:46:52,10023.17,1,THE,UNREPORTED,UNKNOWN,-,-,NORMAL,0.88,link_down
alarm_01013,current_alarm_snapshot,2026-05-04 17:57:19,CRITICAL,asset_b32cafc117,AG,Board Invalid,2025-03-18 10:50:09,2025-03-18 10:50:09,9895.12,1,UNKNOWN,UNKNOWN,UNKNOWN,-,-,NORMAL,0.88,equipment_module
alarm_01014,current_alarm_snapshot,2026-05-04 17:57:19,CRITICAL,asset_b033831ef6,AG,Physical Port Down,2025-03-18 17:13:13,2025-03-18 17:13:13,9888.74,1,LOS,DOWN,UP,-,-,NORMAL,0.88,link_down
alarm_01015,current_alarm_snapshot,2026-05-04 17:57:19,CRITICAL,asset_b033831ef6,AG,Physical Port Down,2025-03-18 17:55:32,2025-03-18 17:55:32,9888.03,1,LOS,DOWN,UP,-,-,NORMAL,0.88,link_down
alarm_01016,current_alarm_snapshot,2026-05-04 17:57:19,CRITICAL,asset_6fc79fbfd0,AG,Physical Port Down,2025-03-19 11:27:52,2025-03-19 11:27:52,9870.49,1,LOS,DOWN,UP,-,-,NORMAL,0.88,link_down
alarm_01017,current_alarm_snapshot,2026-05-04 17:57:19,CRITICAL,asset_5e27d6ffa0,AG,Physical Port Down,2025-03-19 11:28:00,2025-03-19 11:28:00,9870.49,1,LOS,DOWN,UP,-,-,NORMAL,0.88,link_down
alarm_01018,current_alarm_snapshot,2026-05-04 17:57:19,CRITICAL,asset_6fc79fbfd0,AG,Physical Port Down,2025-03-19 11:30:32,2025-03-19 11:30:32,9870.45,1,LOS,DOWN,UP,-,-,NORMAL,0.88,link_down
alarm_01019,current_alarm_snapshot,2026-05-04 17:57:19,CRITICAL,asset_5e27d6ffa0,AG,Physical Port Down,2025-03-19 11:30:32,2025-03-19 11:30:32,9870.45,1,NEGOTIATION_FAIL,DOWN,UP,-,-,NORMAL,0.88,link_down
alarm_01020,current_alarm_snapshot,2026-05-04 17:57:19,CRITICAL,asset_b033831ef6,AG,Physical Port Down,2025-03-20 14:52:29,2025-03-20 14:52:29,9843.08,1,LOS,DOWN,UP,-,-,NORMAL,0.88,link_down
alarm_01021,current_alarm_snapshot,2026-05-04 17:57:19,CRITICAL,asset_5d94f2da2f,CA,Physical Port Down,2025-03-24 01:26:11,2025-03-24 01:26:11,9760.52,1,THE,UNREPORTED,UNKNOWN,-,-,NORMAL,0.88,link_down
alarm_01022,current_alarm_snapshot,2026-05-04 17:57:19,CRITICAL,asset_5d94f2da2f,CA,Physical Port Down,2025-03-24 01:26:34,2025-03-24 01:26:34,9760.51,1,THE,UNREPORTED,UNKNOWN,-,-,NORMAL,0.88,link_down
alarm_01023,current_alarm_snapshot,2026-05-04 17:57:19,CRITICAL,asset_5d94f2da2f,CA,Physical Port Down,2025-03-24 01:26:34,2025-03-24 01:26:34,9760.51,1,THE,UNREPORTED,UNKNOWN,-,-,NORMAL,0.88,link_down
alarm_01024,current_alarm_snapshot,2026-05-04 17:57:19,CRITICAL,asset_5d94f2da2f,CA,Physical Port Down,2025-03-24 01:26:34,2025-03-24 01:26:34,9760.51,1,THE,UNREPORTED,UNKNOWN,-,-,NORMAL,0.88,link_down
alarm_01025,current_alarm_snapshot,2026-05-04 17:57:19,CRITICAL,asset_5d94f2da2f,CA,Physical Port Down,2025-03-24 01:26:34,2025-03-24 01:26:34,9760.51,1,THE,UNREPORTED,UNKNOWN,-,-,NORMAL,0.88,link_down
alarm_01026,current_alarm_snapshot,2026-05-04 17:57:19,CRITICAL,asset_5d94f2da2f,CA,Physical Port Down,2025-03-24 01:26:34,2025-03-24 01:26:34,9760.51,1,THE,UNREPORTED,UNKNOWN,-,-,NORMAL,0.88,link_down
alarm_01027,current_alarm_snapshot,2026-05-04 17:57:19,CRITICAL,asset_5d94f2da2f,CA,Physical Port Down,2025-03-24 01:26:34,2025-03-24 01:26:34,9760.51,1,THE,UNREPORTED,UNKNOWN,-,-,NORMAL,0.88,link_down
alarm_01028,current_alarm_snapshot,2026-05-04 17:57:19,CRITICAL,asset_5d94f2da2f,CA,Physical Port Down,2025-03-24 01:26:34,2025-03-24 01:26:34,9760.51,1,THE,UNREPORTED,UNKNOWN,-,-,NORMAL,0.88,link_down
alarm_01029,current_alarm_snapshot,2026-05-04 17:57:19,CRITICAL,asset_5d94f2da2f,CA,Physical Port Down,2025-03-24 01:26:34,2025-03-24 01:26:34,9760.51,1,THE,UNREPORTED,UNKNOWN,-,-,NORMAL,0.88,link_down
alarm_01030,current_alarm_snapshot,2026-05-04 17:57:19,CRITICAL,asset_5d94f2da2f,CA,Physical Port Down,2025-03-24 01:26:34,2025-03-24 01:26:34,9760.51,1,THE,UNREPORTED,UNKNOWN,-,-,NORMAL,0.88,link_down
alarm_01031,current_alarm_snapshot,2026-05-04 17:57:19,CRITICAL,asset_5d94f2da2f,CA,Physical Port Down,2025-03-24 01:26:34,2025-03-24 01:26:34,9760.51,1,THE,UNREPORTED,UNKNOWN,-,-,NORMAL,0.88,link_down
alarm_01032,current_alarm_snapshot,2026-05-04 17:57:19,CRITICAL,asset_5d94f2da2f,CA,Physical Port Down,2025-03-24 01:26:34,2025-03-24 01:26:34,9760.51,1,THE,UNREPORTED,UNKNOWN,-,-,NORMAL,0.88,link_down
alarm_01033,current_alarm_snapshot,2026-05-04 17:57:19,CRITICAL,asset_5d94f2da2f,CA,Physical Port Down,2025-03-24 01:26:34,2025-03-24 01:26:34,9760.51,1,THE,UNREPORTED,UNKNOWN,-,-,NORMAL,0.88,link_down
alarm_01034,current_alarm_snapshot,2026-05-04 17:57:19,CRITICAL,asset_5d94f2da2f,CA,Physical Port Down,2025-03-24 01:26:34,2025-03-24 01:26:34,9760.51,1,THE,UNREPORTED,UNKNOWN,-,-,NORMAL,0.88,link_down
alarm_01035,current_alarm_snapshot,2026-05-04 17:57:19,CRITICAL,asset_5d94f2da2f,CA,Physical Port Down,2025-03-24 01:26:34,2025-03-24 01:26:34,9760.51,1,THE,UNREPORTED,UNKNOWN,-,-,NORMAL,0.88,link_down
alarm_01036,current_alarm_snapshot,2026-05-04 17:57:19,CRITICAL,asset_5d94f2da2f,CA,Physical Port Down,2025-03-24 01:26:34,2025-03-24 01:26:34,9760.51,1,THE,UNREPORTED,UNKNOWN,-,-,NORMAL,0.88,link_down
alarm_01037,current_alarm_snapshot,2026-05-04 17:57:19,CRITICAL,asset_5d94f2da2f,CA,Physical Port Down,2025-03-24 01:26:34,2025-03-24 01:26:34,9760.51,1,THE,UNREPORTED,UNKNOWN,-,-,NORMAL,0.88,link_down
alarm_01038,current_alarm_snapshot,2026-05-04 17:57:19,CRITICAL,asset_5d94f2da2f,CA,Physical Port Down,2025-03-24 01:26:34,2025-03-24 01:26:34,9760.51,1,THE,UNREPORTED,UNKNOWN,-,-,NORMAL,0.88,link_down
alarm_01039,current_alarm_snapshot,2026-05-04 17:57:19,CRITICAL,asset_5d94f2da2f,CA,Physical Port Down,2025-03-24 01:26:34,2025-03-24 01:26:34,9760.51,1,THE,UNREPORTED,UNKNOWN,-,-,NORMAL,0.88,link_down
alarm_01040,current_alarm_snapshot,2026-05-04 17:57:19,CRITICAL,asset_5d94f2da2f,CA,Physical Port Down,2025-03-24 01:26:34,2025-03-24 01:26:34,9760.51,1,THE,UNREPORTED,UNKNOWN,-,-,NORMAL,0.88,link_down
alarm_01041,current_alarm_snapshot,2026-05-04 17:57:19,CRITICAL,asset_5d94f2da2f,CA,Physical Port Down,2025-03-24 01:26:34,2025-03-24 01:26:34,9760.51,1,THE,UNREPORTED,UNKNOWN,-,-,NORMAL,0.88,link_down
alarm_01042,current_alarm_snapshot,2026-05-04 17:57:19,CRITICAL,asset_5d94f2da2f,CA,Physical Port Down,2025-03-24 01:26:34,2025-03-24 01:26:34,9760.51,1,THE,UNREPORTED,UNKNOWN,-,-,NORMAL,0.88,link_down
alarm_01043,current_alarm_snapshot,2026-05-04 17:57:19,CRITICAL,asset_5d94f2da2f,CA,Physical Port Down,2025-03-24 01:26:34,2025-03-24 01:26:34,9760.51,1,THE,UNREPORTED,UNKNOWN,-,-,NORMAL,0.88,link_down
alarm_01044,current_alarm_snapshot,2026-05-04 17:57:19,CRITICAL,asset_5d94f2da2f,CA,Physical Port Down,2025-03-24 01:26:34,2025-03-24 01:26:34,9760.51,1,THE,UNREPORTED,UNKNOWN,-,-,NORMAL,0.88,link_down
alarm_01045,current_alarm_snapshot,2026-05-04 17:57:19,CRITICAL,asset_5d94f2da2f,CA,Physical Port Down,2025-03-24 01:26:34,2025-03-24 01:26:34,9760.51,1,THE,UNREPORTED,UNKNOWN,-,-,NORMAL,0.88,link_down
alarm_01046,current_alarm_snapshot,2026-05-04 17:57:19,CRITICAL,asset_5d94f2da2f,CA,Physical Port Down,2025-03-24 01:26:34,2025-03-24 01:26:34,9760.51,1,THE,UNREPORTED,UNKNOWN,-,-,NORMAL,0.88,link_down
alarm_01047,current_alarm_snapshot,2026-05-04 17:57:19,CRITICAL,asset_5d94f2da2f,CA,Physical Port Down,2025-03-24 01:26:34,2025-03-24 01:26:34,9760.51,1,THE,UNREPORTED,UNKNOWN,-,-,NORMAL,0.88,link_down
alarm_01048,current_alarm_snapshot,2026-05-04 17:57:19,CRITICAL,asset_5d94f2da2f,CA,Physical Port Down,2025-03-24 01:26:34,2025-03-24 01:26:34,9760.51,1,THE,UNREPORTED,UNKNOWN,-,-,NORMAL,0.88,link_down
alarm_01049,current_alarm_snapshot,2026-05-04 17:57:19,CRITICAL,asset_5d94f2da2f,CA,Physical Port Down,2025-03-24 01:27:04,2025-03-24 01:27:04,9760.5,1,THE,UNREPORTED,UNKNOWN,-,-,NORMAL,0.88,link_down
alarm_01050,current_alarm_snapshot,2026-05-04 17:57:19,CRITICAL,asset_5d94f2da2f,CA,Physical Port Down,2025-03-24 01:27:04,2025-03-24 01:27:04,9760.5,1,THE,UNREPORTED,UNKNOWN,-,-,NORMAL,0.88,link_down
alarm_01051,current_alarm_snapshot,2026-05-04 17:57:19,CRITICAL,asset_5d94f2da2f,CA,Physical Port Down,2025-03-24 01:27:04,2025-03-24 01:27:04,9760.5,1,THE,UNREPORTED,UNKNOWN,-,-,NORMAL,0.88,link_down
alarm_01052,current_alarm_snapshot,2026-05-04 17:57:19,CRITICAL,asset_5d94f2da2f,CA,Physical Port Down,2025-03-24 01:27:04,2025-03-24 01:27:04,9760.5,1,THE,UNREPORTED,UNKNOWN,-,-,NORMAL,0.88,link_down
alarm_01053,current_alarm_snapshot,2026-05-04 17:57:19,CRITICAL,asset_5d94f2da2f,CA,Physical Port Down,2025-03-24 01:27:04,2025-03-24 01:27:04,9760.5,1,THE,UNREPORTED,UNKNOWN,-,-,NORMAL,0.88,link_down
alarm_01054,current_alarm_snapshot,2026-05-04 17:57:19,CRITICAL,asset_5d94f2da2f,CA,Physical Port Down,2025-03-24 01:27:04,2025-03-24 01:27:04,9760.5,1,THE,UNREPORTED,UNKNOWN,-,-,NORMAL,0.88,link_down
alarm_01055,current_alarm_snapshot,2026-05-04 17:57:19,CRITICAL,asset_5d94f2da2f,CA,Physical Port Down,2025-03-24 01:27:04,2025-03-24 01:27:04,9760.5,1,THE,UNREPORTED,UNKNOWN,-,-,NORMAL,0.88,link_down
alarm_01056,current_alarm_snapshot,2026-05-04 17:57:19,CRITICAL,asset_5d94f2da2f,CA,Physical Port Down,2025-03-24 01:27:04,2025-03-24 01:27:04,9760.5,1,THE,UNREPORTED,UNKNOWN,-,-,NORMAL,0.88,link_down
alarm_01057,current_alarm_snapshot,2026-05-04 17:57:19,CRITICAL,asset_5d94f2da2f,CA,Physical Port Down,2025-03-24 01:27:04,2025-03-24 01:27:04,9760.5,1,THE,UNREPORTED,UNKNOWN,-,-,NORMAL,0.88,link_down
alarm_01058,current_alarm_snapshot,2026-05-04 17:57:19,CRITICAL,asset_5d94f2da2f,CA,Physical Port Down,2025-03-24 01:27:04,2025-03-24 01:27:04,9760.5,1,THE,UNREPORTED,UNKNOWN,-,-,NORMAL,0.88,link_down
alarm_01059,current_alarm_snapshot,2026-05-04 17:57:19,CRITICAL,asset_5d94f2da2f,CA,Physical Port Down,2025-03-24 01:27:04,2025-03-24 01:27:04,9760.5,1,THE,UNREPORTED,UNKNOWN,-,-,NORMAL,0.88,link_down
alarm_01060,current_alarm_snapshot,2026-05-04 17:57:19,CRITICAL,asset_5d94f2da2f,CA,Physical Port Down,2025-03-24 01:27:04,2025-03-24 01:27:04,9760.5,1,THE,UNREPORTED,UNKNOWN,-,-,NORMAL,0.88,link_down
alarm_01061,current_alarm_snapshot,2026-05-04 17:57:19,CRITICAL,asset_5d94f2da2f,CA,Physical Port Down,2025-03-24 01:27:04,2025-03-24 01:27:04,9760.5,1,THE,UNREPORTED,UNKNOWN,-,-,NORMAL,0.88,link_down
alarm_01062,current_alarm_snapshot,2026-05-04 17:57:19,CRITICAL,asset_5d94f2da2f,CA,Physical Port Down,2025-03-24 01:27:04,2025-03-24 01:27:04,9760.5,1,THE,UNREPORTED,UNKNOWN,-,-,NORMAL,0.88,link_down
alarm_01063,current_alarm_snapshot,2026-05-04 17:57:19,CRITICAL,asset_5d94f2da2f,CA,Physical Port Down,2025-03-24 01:27:04,2025-03-24 01:27:04,9760.5,1,THE,UNREPORTED,UNKNOWN,-,-,NORMAL,0.88,link_down
alarm_01064,current_alarm_snapshot,2026-05-04 17:57:19,CRITICAL,asset_5d94f2da2f,CA,Physical Port Down,2025-03-24 01:27:04,2025-03-24 01:27:04,9760.5,1,THE,UNREPORTED,UNKNOWN,-,-,NORMAL,0.88,link_down
alarm_01065,current_alarm_snapshot,2026-05-04 17:57:19,CRITICAL,asset_5d94f2da2f,CA,Physical Port Down,2025-03-24 01:27:04,2025-03-24 01:27:04,9760.5,1,THE,UNREPORTED,UNKNOWN,-,-,NORMAL,0.88,link_down
alarm_01066,current_alarm_snapshot,2026-05-04 17:57:19,CRITICAL,asset_5d94f2da2f,CA,Physical Port Down,2025-03-24 01:27:04,2025-03-24 01:27:04,9760.5,1,THE,UNREPORTED,UNKNOWN,-,-,NORMAL,0.88,link_down
alarm_01067,current_alarm_snapshot,2026-05-04 17:57:19,CRITICAL,asset_5d94f2da2f,CA,Physical Port Down,2025-03-24 01:27:04,2025-03-24 01:27:04,9760.5,1,THE,UNREPORTED,UNKNOWN,-,-,NORMAL,0.88,link_down
alarm_01068,current_alarm_snapshot,2026-05-04 17:57:19,CRITICAL,asset_5d94f2da2f,CA,Physical Port Down,2025-03-24 01:27:04,2025-03-24 01:27:04,9760.5,1,THE,UNREPORTED,UNKNOWN,-,-,NORMAL,0.88,link_down
alarm_01069,current_alarm_snapshot,2026-05-04 17:57:19,CRITICAL,asset_5d94f2da2f,CA,Physical Port Down,2025-03-24 01:27:04,2025-03-24 01:27:04,9760.5,1,THE,UNREPORTED,UNKNOWN,-,-,NORMAL,0.88,link_down
alarm_01070,current_alarm_snapshot,2026-05-04 17:57:19,CRITICAL,asset_b32cafc117,AG,Board Invalid,2025-03-25 09:24:52,2025-03-25 09:24:52,9728.54,1,UNKNOWN,UNKNOWN,UNKNOWN,-,-,NORMAL,0.88,equipment_module
alarm_01071,current_alarm_snapshot,2026-05-04 17:57:19,CRITICAL,asset_b062612355,AG,Physical Port Down,2025-03-25 10:27:17,2025-03-25 10:27:17,9727.5,1,LOS,DOWN,UP,-,-,NORMAL,0.88,link_down
alarm_01072,current_alarm_snapshot,2026-05-04 17:57:19,CRITICAL,asset_a72fff5450,AG,Physical Port Down,2025-03-27 09:21:16,2025-03-27 09:21:16,9680.6,1,NEGOTIATION_FAIL,DOWN,UP,-,-,NORMAL,0.88,link_down
alarm_01073,current_alarm_snapshot,2026-05-04 17:57:19,CRITICAL,asset_a72fff5450,AG,Physical Port Down,2025-03-27 09:38:08,2025-03-27 09:38:08,9680.32,1,LOS,DOWN,UP,-,-,NORMAL,0.88,link_down
alarm_01074,current_alarm_snapshot,2026-05-04 17:57:19,CRITICAL,asset_838ac7888f,AG,Physical Port Down,2025-03-27 19:25:28,2025-03-27 19:25:28,9670.53,1,NEGOTIATION_FAIL,DOWN,UP,-,-,NORMAL,0.88,link_down
alarm_01075,current_alarm_snapshot,2026-05-04 17:57:19,CRITICAL,asset_838ac7888f,AG,Physical Port Down,2025-03-27 19:26:09,2025-03-27 19:26:09,9670.52,1,LOS,DOWN,UP,-,-,NORMAL,0.88,link_down
alarm_01076,current_alarm_snapshot,2026-05-04 17:57:19,CRITICAL,asset_5d94f2da2f,CA,Physical Port Down,2025-03-28 00:35:54,2025-03-28 00:35:54,9665.36,1,THE,UNREPORTED,UNKNOWN,-,-,NORMAL,0.88,link_down
alarm_01077,current_alarm_snapshot,2026-05-04 17:57:19,CRITICAL,asset_79b4a6f82f,CP,Physical Port Down,2025-03-28 12:10:42,2025-03-28 12:10:42,9653.78,1,THE,UNREPORTED,UNKNOWN,-,-,NORMAL,0.88,link_down
alarm_01078,current_alarm_snapshot,2026-05-04 17:57:19,CRITICAL,asset_2887c170dd,AG,Board Invalid,2025-03-29 10:50:05,2025-03-29 10:50:05,9631.12,1,UNKNOWN,UNKNOWN,UNKNOWN,-,-,NORMAL,0.88,power_energy
alarm_01079,current_alarm_snapshot,2026-05-04 17:57:19,CRITICAL,asset_a609963d4d,AR,Physical Port Down,2025-04-03 17:17:57,2025-04-03 17:17:57,9504.66,1,LOS,DOWN,UP,-,-,NORMAL,0.88,link_down
alarm_01080,current_alarm_snapshot,2026-05-04 17:57:19,CRITICAL,asset_e8d2b49d9c,AR,Physical Port Down,2025-04-03 17:34:25,2025-04-03 17:34:25,9504.38,1,0,UNREPORTED,UNREPORTED,-,-,NORMAL,0.88,link_down
alarm_01081,current_alarm_snapshot,2026-05-04 17:57:19,CRITICAL,asset_35bd7e5cbe,AG,Physical Port Down,2025-04-10 16:15:55,2025-04-10 16:15:55,9337.69,1,THE,UNREPORTED,UNKNOWN,-,-,NORMAL,0.88,link_down
alarm_01082,current_alarm_snapshot,2026-05-04 17:57:19,CRITICAL,asset_b062612355,AG,Physical Port Down,2025-04-11 16:05:28,2025-04-11 16:05:28,9313.86,1,LOS,DOWN,UP,-,-,NORMAL,0.88,link_down
alarm_01083,current_alarm_snapshot,2026-05-04 17:57:19,CRITICAL,asset_4d0af51c9e,AG,Physical Port Down,2025-04-11 17:48:27,2025-04-11 17:48:27,9312.15,1,LOS,DOWN,UP,-,-,NORMAL,0.88,link_down
alarm_01084,current_alarm_snapshot,2026-05-04 17:57:19,CRITICAL,asset_4d0af51c9e,AG,Physical Port Down,2025-04-11 17:58:22,2025-04-11 17:58:22,9311.98,1,LOS,DOWN,UP,-,-,NORMAL,0.88,link_down
alarm_01085,current_alarm_snapshot,2026-05-04 17:57:19,CRITICAL,asset_4648cb0bc9,AR,Physical Port Down,2025-04-24 13:49:24,2025-04-24 13:49:24,9004.13,1,LOS,DOWN,UP,-,-,NORMAL,0.88,link_down
alarm_01086,current_alarm_snapshot,2026-05-04 17:57:19,CRITICAL,asset_4648cb0bc9,AR,Physical Port Down,2025-04-24 13:49:24,2025-04-24 13:49:24,9004.13,1,LOS,DOWN,UP,-,-,NORMAL,0.88,link_down
alarm_01087,current_alarm_snapshot,2026-05-04 17:57:19,CRITICAL,asset_baf544cf1c,AR,Physical Port Down,2025-04-25 12:32:24,2025-04-25 12:32:24,8981.42,1,LOS,DOWN,UP,-,-,NORMAL,0.88,link_down
alarm_01088,current_alarm_snapshot,2026-05-04 17:57:19,CRITICAL,asset_5235efd7d0,CA,Physical Port Down,2025-04-29 00:03:17,2025-04-29 00:03:17,8897.9,1,SHUTDOWN,DOWN,DOWN,-,-,NORMAL,0.88,link_down
alarm_01089,current_alarm_snapshot,2026-05-04 17:57:19,CRITICAL,asset_5235efd7d0,CA,Physical Port Down,2025-04-29 00:03:21,2025-04-29 00:03:21,8897.9,1,SHUTDOWN,DOWN,DOWN,-,-,NORMAL,0.88,link_down
alarm_01090,current_alarm_snapshot,2026-05-04 17:57:19,CRITICAL,asset_5235efd7d0,CA,Physical Port Down,2025-04-29 00:03:25,2025-04-29 00:03:25,8897.9,1,SHUTDOWN,DOWN,DOWN,-,-,NORMAL,0.88,link_down
alarm_01091,current_alarm_snapshot,2026-05-04 17:57:19,CRITICAL,asset_5235efd7d0,CA,Physical Port Down,2025-04-29 00:03:29,2025-04-29 00:03:29,8897.9,1,SHUTDOWN,DOWN,DOWN,-,-,NORMAL,0.88,link_down
alarm_01092,current_alarm_snapshot,2026-05-04 17:57:19,CRITICAL,asset_5235efd7d0,CA,Physical Port Down,2025-04-29 00:03:33,2025-04-29 00:03:33,8897.9,1,SHUTDOWN,DOWN,DOWN,-,-,NORMAL,0.88,link_down
alarm_01093,current_alarm_snapshot,2026-05-04 17:57:19,CRITICAL,asset_5235efd7d0,CA,Physical Port Down,2025-04-29 00:03:38,2025-04-29 00:03:38,8897.89,1,SHUTDOWN,DOWN,DOWN,-,-,NORMAL,0.88,link_down
alarm_01094,current_alarm_snapshot,2026-05-04 17:57:19,CRITICAL,asset_5235efd7d0,CA,Physical Port Down,2025-04-29 00:03:42,2025-04-29 00:03:42,8897.89,1,SHUTDOWN,DOWN,DOWN,-,-,NORMAL,0.88,link_down
alarm_01095,current_alarm_snapshot,2026-05-04 17:57:19,CRITICAL,asset_5235efd7d0,CA,Physical Port Down,2025-04-29 00:03:45,2025-04-29 00:03:45,8897.89,1,SHUTDOWN,DOWN,DOWN,-,-,NORMAL,0.88,link_down
alarm_01096,current_alarm_snapshot,2026-05-04 17:57:19,CRITICAL,asset_5235efd7d0,CA,Physical Port Down,2025-04-29 00:03:49,2025-04-29 00:03:49,8897.89,1,SHUTDOWN,DOWN,DOWN,-,-,NORMAL,0.88,link_down
alarm_01097,current_alarm_snapshot,2026-05-04 17:57:19,CRITICAL,asset_5235efd7d0,CA,Physical Port Down,2025-04-29 00:03:53,2025-04-29 00:03:53,8897.89,1,SHUTDOWN,DOWN,DOWN,-,-,NORMAL,0.88,link_down
alarm_01098,current_alarm_snapshot,2026-05-04 17:57:19,CRITICAL,asset_5235efd7d0,CA,Physical Port Down,2025-04-29 00:03:57,2025-04-29 00:03:57,8897.89,1,SHUTDOWN,DOWN,DOWN,-,-,NORMAL,0.88,link_down
alarm_01099,current_alarm_snapshot,2026-05-04 17:57:19,CRITICAL,asset_5235efd7d0,CA,Physical Port Down,2025-04-29 00:04:00,2025-04-29 00:04:00,8897.89,1,SHUTDOWN,DOWN,DOWN,-,-,NORMAL,0.88,link_down
alarm_01100,current_alarm_snapshot,2026-05-04 17:57:19,CRITICAL,asset_5235efd7d0,CA,Physical Port Down,2025-04-29 00:04:04,2025-04-29 00:04:04,8897.89,1,SHUTDOWN,DOWN,DOWN,-,-,NORMAL,0.88,link_down
alarm_01101,current_alarm_snapshot,2026-05-04 17:57:19,CRITICAL,asset_5235efd7d0,CA,Physical Port Down,2025-04-29 00:04:08,2025-04-29 00:04:08,8897.89,1,SHUTDOWN,DOWN,DOWN,-,-,NORMAL,0.88,link_down
alarm_01102,current_alarm_snapshot,2026-05-04 17:57:19,CRITICAL,asset_5235efd7d0,CA,Physical Port Down,2025-04-29 01:22:30,2025-04-29 01:22:30,8896.58,1,SHUTDOWN,DOWN,DOWN,-,-,NORMAL,0.88,link_down
alarm_01103,current_alarm_snapshot,2026-05-04 17:57:19,CRITICAL,asset_5235efd7d0,CA,Physical Port Down,2025-04-29 01:22:34,2025-04-29 01:22:34,8896.58,1,SHUTDOWN,DOWN,DOWN,-,-,NORMAL,0.88,link_down
alarm_01104,current_alarm_snapshot,2026-05-04 17:57:19,CRITICAL,asset_5235efd7d0,CA,Physical Port Down,2025-04-29 01:22:37,2025-04-29 01:22:37,8896.58,1,SHUTDOWN,DOWN,DOWN,-,-,NORMAL,0.88,link_down
alarm_01105,current_alarm_snapshot,2026-05-04 17:57:19,CRITICAL,asset_5235efd7d0,CA,Physical Port Down,2025-04-29 01:22:41,2025-04-29 01:22:41,8896.58,1,SHUTDOWN,DOWN,DOWN,-,-,NORMAL,0.88,link_down
alarm_01106,current_alarm_snapshot,2026-05-04 17:57:19,CRITICAL,asset_5235efd7d0,CA,Physical Port Down,2025-04-29 01:22:45,2025-04-29 01:22:45,8896.58,1,SHUTDOWN,DOWN,DOWN,-,-,NORMAL,0.88,link_down
alarm_01107,current_alarm_snapshot,2026-05-04 17:57:19,CRITICAL,asset_5235efd7d0,CA,Physical Port Down,2025-04-29 01:22:48,2025-04-29 01:22:48,8896.58,1,SHUTDOWN,DOWN,DOWN,-,-,NORMAL,0.88,link_down
alarm_01108,current_alarm_snapshot,2026-05-04 17:57:19,CRITICAL,asset_5235efd7d0,CA,Physical Port Down,2025-04-29 01:22:52,2025-04-29 01:22:52,8896.57,1,SHUTDOWN,DOWN,DOWN,-,-,NORMAL,0.88,link_down
alarm_01109,current_alarm_snapshot,2026-05-04 17:57:19,CRITICAL,asset_5235efd7d0,CA,Physical Port Down,2025-04-29 01:22:55,2025-04-29 01:22:55,8896.57,1,SHUTDOWN,DOWN,DOWN,-,-,NORMAL,0.88,link_down
alarm_01110,current_alarm_snapshot,2026-05-04 17:57:19,CRITICAL,asset_5235efd7d0,CA,Physical Port Down,2025-04-29 01:22:59,2025-04-29 01:22:59,8896.57,1,SHUTDOWN,DOWN,DOWN,-,-,NORMAL,0.88,link_down
alarm_01111,current_alarm_snapshot,2026-05-04 17:57:19,CRITICAL,asset_5235efd7d0,CA,Physical Port Down,2025-04-29 01:23:02,2025-04-29 01:23:02,8896.57,1,SHUTDOWN,DOWN,DOWN,-,-,NORMAL,0.88,link_down
alarm_01112,current_alarm_snapshot,2026-05-04 17:57:19,CRITICAL,asset_5235efd7d0,CA,Physical Port Down,2025-04-29 01:23:06,2025-04-29 01:23:06,8896.57,1,SHUTDOWN,DOWN,DOWN,-,-,NORMAL,0.88,link_down
alarm_01113,current_alarm_snapshot,2026-05-04 17:57:19,CRITICAL,asset_5235efd7d0,CA,Physical Port Down,2025-04-29 01:23:10,2025-04-29 01:23:10,8896.57,1,SHUTDOWN,DOWN,DOWN,-,-,NORMAL,0.88,link_down
alarm_01114,current_alarm_snapshot,2026-05-04 17:57:19,CRITICAL,asset_5235efd7d0,CA,Physical Port Down,2025-04-29 01:23:13,2025-04-29 01:23:13,8896.57,1,SHUTDOWN,DOWN,DOWN,-,-,NORMAL,0.88,link_down
alarm_01115,current_alarm_snapshot,2026-05-04 17:57:19,CRITICAL,asset_5235efd7d0,CA,Physical Port Down,2025-04-29 01:23:17,2025-04-29 01:23:17,8896.57,1,SHUTDOWN,DOWN,DOWN,-,-,NORMAL,0.88,link_down
alarm_01116,current_alarm_snapshot,2026-05-04 17:57:19,CRITICAL,asset_5235efd7d0,CA,Physical Port Down,2025-04-29 01:23:21,2025-04-29 01:23:21,8896.57,1,SHUTDOWN,DOWN,DOWN,-,-,NORMAL,0.88,link_down
alarm_01117,current_alarm_snapshot,2026-05-04 17:57:19,CRITICAL,asset_5235efd7d0,CA,Physical Port Down,2025-04-29 01:23:24,2025-04-29 01:23:24,8896.57,1,SHUTDOWN,DOWN,DOWN,-,-,NORMAL,0.88,link_down
alarm_01118,current_alarm_snapshot,2026-05-04 17:57:19,CRITICAL,asset_17a1fa1026,AG,Board Invalid,2025-04-29 06:20:24,2025-04-29 06:20:24,8891.62,1,UNKNOWN,UNKNOWN,UNKNOWN,-,-,NORMAL,0.88,equipment_module
alarm_01119,current_alarm_snapshot,2026-05-04 17:57:19,CRITICAL,asset_17a1fa1026,AG,Board Invalid,2025-04-29 06:20:46,2025-04-29 06:20:46,8891.61,1,UNKNOWN,UNKNOWN,UNKNOWN,-,-,NORMAL,0.88,equipment_module
alarm_01120,current_alarm_snapshot,2026-05-04 17:57:19,CRITICAL,asset_f78e9c1677,CA,Physical Port Down,2025-04-29 14:03:49,2025-04-29 14:03:49,8883.89,1,THE,UNREPORTED,UNKNOWN,-,-,NORMAL,0.88,link_down
alarm_01121,current_alarm_snapshot,2026-05-04 17:57:19,CRITICAL,asset_c2c91d7eee,AG,Physical Port Down,2025-05-02 15:59:38,2025-05-02 15:59:38,8809.96,1,"PMA_LOS,PCS_HIGHBER,LOCAL_FAULT",DOWN,UP,-,-,NORMAL,0.88,link_down
alarm_01122,current_alarm_snapshot,2026-05-04 17:57:19,CRITICAL,asset_33967611a1,AR,Physical Port Down,2025-05-05 00:46:17,2025-05-05 00:46:17,8753.18,1,LOS,DOWN,UP,-,-,NORMAL,0.88,link_down
alarm_01123,current_alarm_snapshot,2026-05-04 17:57:19,CRITICAL,asset_d0aacbf21a,AG,Physical Port Down,2025-05-05 19:52:47,2025-05-05 19:52:47,8734.08,1,SHUTDOWN,DOWN,DOWN,-,-,NORMAL,0.88,link_down
alarm_01124,current_alarm_snapshot,2026-05-04 17:57:19,CRITICAL,asset_ac87b78b25,AR,Physical Port Down,2025-05-05 21:51:06,2025-05-05 21:51:06,8732.1,1,LOS,UNREPORTED,UNKNOWN,-,-,NORMAL,0.88,link_down
alarm_01125,current_alarm_snapshot,2026-05-04 17:57:19,CRITICAL,asset_ea13d97725,CA,Physical Port Down,2025-05-06 00:04:48,2025-05-06 00:04:48,8729.88,1,SHUTDOWN,DOWN,DOWN,-,-,NORMAL,0.88,link_down
alarm_01126,current_alarm_snapshot,2026-05-04 17:57:19,CRITICAL,asset_ea13d97725,CA,Physical Port Down,2025-05-06 00:04:48,2025-05-06 00:04:48,8729.88,1,SHUTDOWN,DOWN,DOWN,-,-,NORMAL,0.88,link_down
alarm_01127,current_alarm_snapshot,2026-05-04 17:57:19,CRITICAL,asset_ea13d97725,CA,Physical Port Down,2025-05-06 00:04:48,2025-05-06 00:04:48,8729.88,1,SHUTDOWN,DOWN,DOWN,-,-,NORMAL,0.88,link_down
alarm_01128,current_alarm_snapshot,2026-05-04 17:57:19,CRITICAL,asset_ea13d97725,CA,Physical Port Down,2025-05-06 00:04:49,2025-05-06 00:04:49,8729.88,1,SHUTDOWN,DOWN,DOWN,-,-,NORMAL,0.88,link_down
alarm_01129,current_alarm_snapshot,2026-05-04 17:57:19,CRITICAL,asset_ea13d97725,CA,Physical Port Down,2025-05-06 00:04:49,2025-05-06 00:04:49,8729.88,1,SHUTDOWN,DOWN,DOWN,-,-,NORMAL,0.88,link_down
alarm_01130,current_alarm_snapshot,2026-05-04 17:57:19,CRITICAL,asset_ea13d97725,CA,Physical Port Down,2025-05-06 00:04:49,2025-05-06 00:04:49,8729.88,1,SHUTDOWN,DOWN,DOWN,-,-,NORMAL,0.88,link_down
alarm_01131,current_alarm_snapshot,2026-05-04 17:57:19,CRITICAL,asset_ea13d97725,CA,Physical Port Down,2025-05-06 00:04:50,2025-05-06 00:04:50,8729.87,1,SHUTDOWN,DOWN,DOWN,-,-,NORMAL,0.88,link_down
alarm_01132,current_alarm_snapshot,2026-05-04 17:57:19,CRITICAL,asset_ea13d97725,CA,Physical Port Down,2025-05-06 00:04:50,2025-05-06 00:04:50,8729.87,1,SHUTDOWN,DOWN,DOWN,-,-,NORMAL,0.88,link_down
alarm_01133,current_alarm_snapshot,2026-05-04 17:57:19,CRITICAL,asset_ea13d97725,CA,Physical Port Down,2025-05-06 00:04:50,2025-05-06 00:04:50,8729.87,1,SHUTDOWN,DOWN,DOWN,-,-,NORMAL,0.88,link_down
alarm_01134,current_alarm_snapshot,2026-05-04 17:57:19,CRITICAL,asset_ea13d97725,CA,Physical Port Down,2025-05-06 00:04:50,2025-05-06 00:04:50,8729.87,1,SHUTDOWN,DOWN,DOWN,-,-,NORMAL,0.88,link_down
alarm_01135,current_alarm_snapshot,2026-05-04 17:57:19,CRITICAL,asset_ea13d97725,CA,Physical Port Down,2025-05-06 00:04:50,2025-05-06 00:04:50,8729.87,1,SHUTDOWN,DOWN,DOWN,-,-,NORMAL,0.88,link_down
alarm_01136,current_alarm_snapshot,2026-05-04 17:57:19,CRITICAL,asset_ea13d97725,CA,Physical Port Down,2025-05-06 00:04:50,2025-05-06 00:04:50,8729.87,1,SHUTDOWN,DOWN,DOWN,-,-,NORMAL,0.88,link_down
alarm_01137,current_alarm_snapshot,2026-05-04 17:57:19,CRITICAL,asset_ea13d97725,CA,Physical Port Down,2025-05-06 00:04:50,2025-05-06 00:04:50,8729.87,1,SHUTDOWN,DOWN,DOWN,-,-,NORMAL,0.88,link_down
alarm_01138,current_alarm_snapshot,2026-05-04 17:57:19,CRITICAL,asset_ea13d97725,CA,Physical Port Down,2025-05-06 00:04:50,2025-05-06 00:04:50,8729.87,1,SHUTDOWN,DOWN,DOWN,-,-,NORMAL,0.88,link_down
alarm_01139,current_alarm_snapshot,2026-05-04 17:57:19,CRITICAL,asset_ea13d97725,CA,Physical Port Down,2025-05-06 00:04:50,2025-05-06 00:04:50,8729.87,1,SHUTDOWN,DOWN,DOWN,-,-,NORMAL,0.88,link_down
alarm_01140,current_alarm_snapshot,2026-05-04 17:57:19,CRITICAL,asset_ea13d97725,CA,Physical Port Down,2025-05-06 00:04:51,2025-05-06 00:04:51,8729.87,1,SHUTDOWN,DOWN,DOWN,-,-,NORMAL,0.88,link_down
alarm_01141,current_alarm_snapshot,2026-05-04 17:57:19,CRITICAL,asset_ea13d97725,CA,Physical Port Down,2025-05-06 01:34:06,2025-05-06 01:34:06,8728.39,1,SHUTDOWN,DOWN,DOWN,-,-,NORMAL,0.88,link_down
alarm_01142,current_alarm_snapshot,2026-05-04 17:57:19,CRITICAL,asset_ea13d97725,CA,Physical Port Down,2025-05-06 01:34:06,2025-05-06 01:34:06,8728.39,1,SHUTDOWN,DOWN,DOWN,-,-,NORMAL,0.88,link_down
alarm_01143,current_alarm_snapshot,2026-05-04 17:57:19,CRITICAL,asset_ea13d97725,CA,Physical Port Down,2025-05-06 01:34:06,2025-05-06 01:34:06,8728.39,1,SHUTDOWN,DOWN,DOWN,-,-,NORMAL,0.88,link_down
alarm_01144,current_alarm_snapshot,2026-05-04 17:57:19,CRITICAL,asset_ea13d97725,CA,Physical Port Down,2025-05-06 01:34:06,2025-05-06 01:34:06,8728.39,1,SHUTDOWN,DOWN,DOWN,-,-,NORMAL,0.88,link_down
alarm_01145,current_alarm_snapshot,2026-05-04 17:57:19,CRITICAL,asset_ea13d97725,CA,Physical Port Down,2025-05-06 01:34:07,2025-05-06 01:34:07,8728.39,1,SHUTDOWN,DOWN,DOWN,-,-,NORMAL,0.88,link_down
alarm_01146,current_alarm_snapshot,2026-05-04 17:57:19,CRITICAL,asset_ea13d97725,CA,Physical Port Down,2025-05-06 01:34:07,2025-05-06 01:34:07,8728.39,1,SHUTDOWN,DOWN,DOWN,-,-,NORMAL,0.88,link_down
alarm_01147,current_alarm_snapshot,2026-05-04 17:57:19,CRITICAL,asset_ea13d97725,CA,Physical Port Down,2025-05-06 01:34:07,2025-05-06 01:34:07,8728.39,1,SHUTDOWN,DOWN,DOWN,-,-,NORMAL,0.88,link_down
alarm_01148,current_alarm_snapshot,2026-05-04 17:57:19,CRITICAL,asset_ea13d97725,CA,Physical Port Down,2025-05-06 01:34:08,2025-05-06 01:34:08,8728.39,1,SHUTDOWN,DOWN,DOWN,-,-,NORMAL,0.88,link_down
alarm_01149,current_alarm_snapshot,2026-05-04 17:57:19,CRITICAL,asset_ea13d97725,CA,Physical Port Down,2025-05-06 01:34:08,2025-05-06 01:34:08,8728.39,1,SHUTDOWN,DOWN,DOWN,-,-,NORMAL,0.88,link_down
alarm_01150,current_alarm_snapshot,2026-05-04 17:57:19,CRITICAL,asset_ea13d97725,CA,Physical Port Down,2025-05-06 01:34:08,2025-05-06 01:34:08,8728.39,1,SHUTDOWN,DOWN,DOWN,-,-,NORMAL,0.88,link_down
alarm_01151,current_alarm_snapshot,2026-05-04 17:57:19,CRITICAL,asset_ea13d97725,CA,Physical Port Down,2025-05-06 01:34:08,2025-05-06 01:34:08,8728.39,1,SHUTDOWN,DOWN,DOWN,-,-,NORMAL,0.88,link_down
alarm_01152,current_alarm_snapshot,2026-05-04 17:57:19,CRITICAL,asset_ea13d97725,CA,Physical Port Down,2025-05-06 01:34:08,2025-05-06 01:34:08,8728.39,1,SHUTDOWN,DOWN,DOWN,-,-,NORMAL,0.88,link_down
alarm_01153,current_alarm_snapshot,2026-05-04 17:57:19,CRITICAL,asset_ea13d97725,CA,Physical Port Down,2025-05-06 01:34:08,2025-05-06 01:34:08,8728.39,1,SHUTDOWN,DOWN,DOWN,-,-,NORMAL,0.88,link_down
alarm_01154,current_alarm_snapshot,2026-05-04 17:57:19,CRITICAL,asset_ea13d97725,CA,Physical Port Down,2025-05-06 01:34:08,2025-05-06 01:34:08,8728.39,1,SHUTDOWN,DOWN,DOWN,-,-,NORMAL,0.88,link_down
alarm_01155,current_alarm_snapshot,2026-05-04 17:57:19,CRITICAL,asset_a7e89d2b81,AR,Physical Port Down,2025-05-07 14:10:55,2025-05-07 14:10:55,8691.77,1,TRANSCEIVER_OFFLINE,DOWN,UP,-,-,NORMAL,0.88,link_down
alarm_01156,current_alarm_snapshot,2026-05-04 17:57:19,CRITICAL,asset_02c4dea2ed,AG,Physical Port Down,2025-05-09 13:16:48,2025-05-09 13:16:48,8644.68,1,"PCS_HIGHBER,PCS_UNLOCK,LOCAL_FAULT",DOWN,UP,-,-,NORMAL,0.88,link_down
alarm_01157,current_alarm_snapshot,2026-05-04 17:57:19,CRITICAL,asset_454eb25d1a,AR,Physical Port Down,2025-05-10 09:23:54,2025-05-10 09:23:54,8624.56,1,LOS,UNREPORTED,UNKNOWN,-,-,NORMAL,0.88,link_down
alarm_01158,current_alarm_snapshot,2026-05-04 17:57:19,CRITICAL,asset_6a97cb23c3,AR,Physical Port Down,2025-05-10 09:59:13,2025-05-10 09:59:13,8623.97,1,LOS,UNREPORTED,UNKNOWN,-,-,NORMAL,0.88,link_down
alarm_01159,current_alarm_snapshot,2026-05-04 17:57:19,CRITICAL,asset_b033831ef6,AG,Physical Port Down,2025-05-13 00:51:34,2025-05-13 00:51:34,8561.1,1,SHUTDOWN,DOWN,DOWN,-,-,NORMAL,0.88,link_down
alarm_01160,current_alarm_snapshot,2026-05-04 17:57:19,CRITICAL,asset_b033831ef6,AG,Physical Port Down,2025-05-13 00:51:38,2025-05-13 00:51:38,8561.09,1,SHUTDOWN,DOWN,DOWN,-,-,NORMAL,0.88,link_down
alarm_01161,current_alarm_snapshot,2026-05-04 17:57:19,CRITICAL,asset_b033831ef6,AG,Physical Port Down,2025-05-13 01:18:20,2025-05-13 01:18:20,8560.65,1,LOS,DOWN,UP,-,-,NORMAL,0.88,link_down
alarm_01162,current_alarm_snapshot,2026-05-04 17:57:19,CRITICAL,asset_b033831ef6,AG,Physical Port Down,2025-05-13 01:23:59,2025-05-13 01:23:59,8560.56,1,LOS,DOWN,UP,-,-,NORMAL,0.88,link_down
alarm_01163,current_alarm_snapshot,2026-05-04 17:57:19,CRITICAL,asset_b033831ef6,AG,Physical Port Down,2025-05-13 01:45:52,2025-05-13 01:45:52,8560.19,1,NEGOTIATION_FAIL,DOWN,UP,-,-,NORMAL,0.88,link_down
alarm_01164,current_alarm_snapshot,2026-05-04 17:57:19,CRITICAL,asset_5235efd7d0,CA,Physical Port Down,2025-05-14 00:03:06,2025-05-14 00:03:06,8537.9,1,SHUTDOWN,DOWN,DOWN,-,-,NORMAL,0.88,link_down
alarm_01165,current_alarm_snapshot,2026-05-04 17:57:19,CRITICAL,asset_5235efd7d0,CA,Physical Port Down,2025-05-15 00:01:02,2025-05-15 00:01:02,8513.94,1,SHUTDOWN,DOWN,DOWN,-,-,NORMAL,0.88,link_down
alarm_01166,current_alarm_snapshot,2026-05-04 17:57:19,CRITICAL,asset_5235efd7d0,CA,Physical Port Down,2025-05-15 00:01:02,2025-05-15 00:01:02,8513.94,1,SHUTDOWN,DOWN,DOWN,-,-,NORMAL,0.88,link_down
alarm_01167,current_alarm_snapshot,2026-05-04 17:57:19,CRITICAL,asset_5235efd7d0,CA,Physical Port Down,2025-05-15 00:01:02,2025-05-15 00:01:02,8513.94,1,SHUTDOWN,DOWN,DOWN,-,-,NORMAL,0.88,link_down
alarm_01168,current_alarm_snapshot,2026-05-04 17:57:19,CRITICAL,asset_5235efd7d0,CA,Physical Port Down,2025-05-15 00:01:02,2025-05-15 00:01:02,8513.94,1,SHUTDOWN,DOWN,DOWN,-,-,NORMAL,0.88,link_down
alarm_01169,current_alarm_snapshot,2026-05-04 17:57:19,CRITICAL,asset_5235efd7d0,CA,Physical Port Down,2025-05-15 00:01:03,2025-05-15 00:01:03,8513.94,1,SHUTDOWN,DOWN,DOWN,-,-,NORMAL,0.88,link_down
alarm_01170,current_alarm_snapshot,2026-05-04 17:57:19,CRITICAL,asset_5235efd7d0,CA,Physical Port Down,2025-05-15 00:01:03,2025-05-15 00:01:03,8513.94,1,SHUTDOWN,DOWN,DOWN,-,-,NORMAL,0.88,link_down
alarm_01171,current_alarm_snapshot,2026-05-04 17:57:19,CRITICAL,asset_ea13d97725,CA,Physical Port Down,2025-05-15 00:15:38,2025-05-15 00:15:38,8513.69,1,SHUTDOWN,DOWN,DOWN,-,-,NORMAL,0.88,link_down
alarm_01172,current_alarm_snapshot,2026-05-04 17:57:19,CRITICAL,asset_ea13d97725,CA,Physical Port Down,2025-05-15 00:15:38,2025-05-15 00:15:38,8513.69,1,SHUTDOWN,DOWN,DOWN,-,-,NORMAL,0.88,link_down
alarm_01173,current_alarm_snapshot,2026-05-04 17:57:19,CRITICAL,asset_ea13d97725,CA,Physical Port Down,2025-05-15 00:15:38,2025-05-15 00:15:38,8513.69,1,SHUTDOWN,DOWN,DOWN,-,-,NORMAL,0.88,link_down
alarm_01174,current_alarm_snapshot,2026-05-04 17:57:19,CRITICAL,asset_ea13d97725,CA,Physical Port Down,2025-05-15 00:15:38,2025-05-15 00:15:38,8513.69,1,SHUTDOWN,DOWN,DOWN,-,-,NORMAL,0.88,link_down
alarm_01175,current_alarm_snapshot,2026-05-04 17:57:19,CRITICAL,asset_ea13d97725,CA,Physical Port Down,2025-05-15 00:15:38,2025-05-15 00:15:38,8513.69,1,SHUTDOWN,DOWN,DOWN,-,-,NORMAL,0.88,link_down
alarm_01176,current_alarm_snapshot,2026-05-04 17:57:19,CRITICAL,asset_ea13d97725,CA,Physical Port Down,2025-05-15 00:15:39,2025-05-15 00:15:39,8513.69,1,SHUTDOWN,DOWN,DOWN,-,-,NORMAL,0.88,link_down
alarm_01177,current_alarm_snapshot,2026-05-04 17:57:19,CRITICAL,asset_5235efd7d0,CA,Physical Port Down,2025-05-15 01:01:10,2025-05-15 01:01:10,8512.94,1,SHUTDOWN,DOWN,DOWN,-,-,NORMAL,0.88,link_down
alarm_01178,current_alarm_snapshot,2026-05-04 17:57:19,CRITICAL,asset_5235efd7d0,CA,Physical Port Down,2025-05-15 01:01:10,2025-05-15 01:01:10,8512.94,1,SHUTDOWN,DOWN,DOWN,-,-,NORMAL,0.88,link_down
alarm_01179,current_alarm_snapshot,2026-05-04 17:57:19,CRITICAL,asset_5235efd7d0,CA,Physical Port Down,2025-05-15 01:01:10,2025-05-15 01:01:10,8512.94,1,SHUTDOWN,DOWN,DOWN,-,-,NORMAL,0.88,link_down
alarm_01180,current_alarm_snapshot,2026-05-04 17:57:19,CRITICAL,asset_5235efd7d0,CA,Physical Port Down,2025-05-15 01:01:11,2025-05-15 01:01:11,8512.94,1,SHUTDOWN,DOWN,DOWN,-,-,NORMAL,0.88,link_down
alarm_01181,current_alarm_snapshot,2026-05-04 17:57:19,CRITICAL,asset_ea13d97725,CA,Physical Port Down,2025-05-15 01:25:20,2025-05-15 01:25:20,8512.53,1,SHUTDOWN,DOWN,DOWN,-,-,NORMAL,0.88,link_down
alarm_01182,current_alarm_snapshot,2026-05-04 17:57:19,CRITICAL,asset_ea13d97725,CA,Physical Port Down,2025-05-15 01:25:20,2025-05-15 01:25:20,8512.53,1,SHUTDOWN,DOWN,DOWN,-,-,NORMAL,0.88,link_down
alarm_01183,current_alarm_snapshot,2026-05-04 17:57:19,CRITICAL,asset_ea13d97725,CA,Physical Port Down,2025-05-15 01:25:20,2025-05-15 01:25:20,8512.53,1,SHUTDOWN,DOWN,DOWN,-,-,NORMAL,0.88,link_down
alarm_01184,current_alarm_snapshot,2026-05-04 17:57:19,CRITICAL,asset_ea13d97725,CA,Physical Port Down,2025-05-15 01:25:20,2025-05-15 01:25:20,8512.53,1,SHUTDOWN,DOWN,DOWN,-,-,NORMAL,0.88,link_down
alarm_01185,current_alarm_snapshot,2026-05-04 17:57:19,CRITICAL,asset_d2adaae7e3,AR,Physical Port Down,2025-05-16 03:35:01,2025-05-16 03:35:01,8486.37,1,LOS,DOWN,UP,-,-,NORMAL,0.88,link_down
alarm_01186,current_alarm_snapshot,2026-05-04 17:57:19,CRITICAL,asset_5235efd7d0,CA,Physical Port Down,2025-05-16 05:25:25,2025-05-16 05:25:25,8484.53,1,SHUTDOWN,DOWN,DOWN,-,-,NORMAL,0.88,link_down
alarm_01187,current_alarm_snapshot,2026-05-04 17:57:19,CRITICAL,asset_5235efd7d0,CA,Physical Port Down,2025-05-16 05:25:42,2025-05-16 05:25:42,8484.53,1,SHUTDOWN,DOWN,DOWN,-,-,NORMAL,0.88,link_down
alarm_01188,current_alarm_snapshot,2026-05-04 17:57:19,CRITICAL,asset_a996240b2e,AG,Physical Port Down,2025-05-16 16:42:48,2025-05-16 16:42:48,8473.24,1,SHUTDOWN,DOWN,DOWN,-,-,NORMAL,0.88,link_down
alarm_01189,current_alarm_snapshot,2026-05-04 17:57:19,CRITICAL,asset_2f56a72f57,AR,Physical Port Down,2025-05-18 10:55:58,2025-05-18 10:55:58,8431.02,1,LOS,DOWN,UP,-,-,NORMAL,0.88,link_down
alarm_01190,current_alarm_snapshot,2026-05-04 17:57:19,CRITICAL,asset_2f56a72f57,AR,Physical Port Down,2025-05-18 10:55:58,2025-05-18 10:55:58,8431.02,1,LOS,DOWN,UP,-,-,NORMAL,0.88,link_down
alarm_01191,current_alarm_snapshot,2026-05-04 17:57:19,CRITICAL,asset_b2d3bd01a7,AG,Board Invalid,2025-05-18 11:32:23,2025-05-18 11:32:23,8430.42,1,UNKNOWN,UNKNOWN,UNKNOWN,-,-,NORMAL,0.88,power_energy
alarm_01192,current_alarm_snapshot,2026-05-04 17:57:19,CRITICAL,asset_5e27d6ffa0,AG,Physical Port Down,2025-05-19 11:57:47,2025-05-19 11:57:47,8405.99,1,SHUTDOWN,DOWN,DOWN,-,-,NORMAL,0.88,link_down
alarm_01193,current_alarm_snapshot,2026-05-04 17:57:19,CRITICAL,asset_5e27d6ffa0,AG,Physical Port Down,2025-05-19 11:57:47,2025-05-19 11:57:47,8405.99,1,SHUTDOWN,DOWN,DOWN,-,-,NORMAL,0.88,link_down
alarm_01194,current_alarm_snapshot,2026-05-04 17:57:19,CRITICAL,asset_35bd7e5cbe,AG,Physical Port Down,2025-05-19 12:06:18,2025-05-19 12:06:18,8405.85,1,THE,UNREPORTED,UNKNOWN,-,-,NORMAL,0.88,link_down
alarm_01195,current_alarm_snapshot,2026-05-04 17:57:19,CRITICAL,asset_fca8ff0e0d,AR,Physical Port Down,2025-05-19 12:39:02,2025-05-19 12:39:02,8405.3,1,LOS,DOWN,UP,-,-,NORMAL,0.88,link_down
alarm_01196,current_alarm_snapshot,2026-05-04 17:57:19,CRITICAL,asset_60b2d9f888,AR,Physical Port Down,2025-05-19 15:30:45,2025-05-19 15:30:45,8402.44,1,LOS,DOWN,UP,-,-,NORMAL,0.88,link_down
alarm_01197,current_alarm_snapshot,2026-05-04 17:57:19,CRITICAL,asset_e85b76d2b0,AG,Board Invalid,2025-05-21 11:55:08,2025-05-21 11:55:08,8358.04,1,UNKNOWN,UNKNOWN,UNKNOWN,-,-,NORMAL,0.88,power_energy
alarm_01198,current_alarm_snapshot,2026-05-04 17:57:19,CRITICAL,asset_64e2635c15,AG,Physical Port Down,2025-05-21 18:22:20,2025-05-21 18:22:20,8351.58,1,LOS,DOWN,UP,-,-,NORMAL,0.88,link_down
alarm_01199,current_alarm_snapshot,2026-05-04 17:57:19,CRITICAL,asset_e2a6ca1e52,AR,Physical Port Down,2025-05-21 20:33:24,2025-05-21 20:33:24,8349.4,1,LOS,DOWN,UP,-,-,NORMAL,0.88,link_down
alarm_01200,current_alarm_snapshot,2026-05-04 17:57:19,CRITICAL,asset_1c128402d1,AG,Physical Port Down,2025-05-22 12:31:46,2025-05-22 12:31:46,8333.43,1,THE,UNREPORTED,UNKNOWN,-,-,NORMAL,0.88,link_down
alarm_01201,current_alarm_snapshot,2026-05-04 17:57:19,CRITICAL,asset_1c128402d1,AG,Physical Port Down,2025-05-22 12:31:53,2025-05-22 12:31:53,8333.42,1,THE,UNREPORTED,UNKNOWN,-,-,NORMAL,0.88,link_down
alarm_01202,current_alarm_snapshot,2026-05-04 17:57:19,CRITICAL,asset_8ccb1877ea,AR,Physical Port Down,2025-05-25 09:55:50,2025-05-25 09:55:50,8264.02,1,LOS,DOWN,UP,-,-,NORMAL,0.88,link_down
alarm_01203,current_alarm_snapshot,2026-05-04 17:57:19,CRITICAL,asset_83911d0217,AG,Physical Port Down,2025-05-26 15:02:17,2025-05-26 15:02:17,8234.92,1,LOS,DOWN,UP,-,-,NORMAL,0.88,link_down
alarm_01204,current_alarm_snapshot,2026-05-04 17:57:19,CRITICAL,asset_35bd7e5cbe,AG,Physical Port Down,2025-05-27 14:24:45,2025-05-27 14:24:45,8211.54,1,THE,UNREPORTED,UNKNOWN,-,-,NORMAL,0.88,link_down
alarm_01205,current_alarm_snapshot,2026-05-04 17:57:19,CRITICAL,asset_aaa845cb6b,AG,Physical Port Down,2025-05-30 11:59:56,2025-05-30 11:59:56,8141.96,1,LOS,DOWN,UP,-,-,NORMAL,0.88,link_down
alarm_01206,current_alarm_snapshot,2026-05-04 17:57:19,CRITICAL,asset_a72fff5450,AG,Physical Port Down,2025-06-02 10:51:36,2025-06-02 10:51:36,8071.1,1,SHUTDOWN,DOWN,DOWN,-,-,NORMAL,0.88,link_down
alarm_01207,current_alarm_snapshot,2026-05-04 17:57:19,CRITICAL,asset_a72fff5450,AG,Physical Port Down,2025-06-02 10:51:36,2025-06-02 10:51:36,8071.1,1,SHUTDOWN,DOWN,DOWN,-,-,NORMAL,0.88,link_down
alarm_01208,current_alarm_snapshot,2026-05-04 17:57:19,CRITICAL,asset_c2c91d7eee,AG,Physical Port Down,2025-06-02 14:15:48,2025-06-02 14:15:48,8067.69,1,LOS,DOWN,UP,-,-,NORMAL,0.88,link_down
alarm_01209,current_alarm_snapshot,2026-05-04 17:57:19,CRITICAL,asset_c2c91d7eee,AG,Physical Port Down,2025-06-02 14:16:23,2025-06-02 14:16:23,8067.68,1,LOS,DOWN,UP,-,-,NORMAL,0.88,link_down
alarm_01210,current_alarm_snapshot,2026-05-04 17:57:19,CRITICAL,asset_5235efd7d0,CA,Board Invalid,2025-06-03 00:14:46,2025-06-03 00:14:46,8057.71,1,UNKNOWN,UNKNOWN,UNKNOWN,-,-,NORMAL,0.88,power_energy
alarm_01211,current_alarm_snapshot,2026-05-04 17:57:19,CRITICAL,asset_ea13d97725,CA,Board Invalid,2025-06-03 00:18:39,2025-06-03 00:18:39,8057.64,1,UNKNOWN,UNKNOWN,UNKNOWN,-,-,NORMAL,0.88,power_energy
alarm_01212,current_alarm_snapshot,2026-05-04 17:57:19,CRITICAL,asset_ea13d97725,CA,Board Invalid,2025-06-03 00:20:25,2025-06-03 00:20:25,8057.61,1,UNKNOWN,UNKNOWN,UNKNOWN,-,-,NORMAL,0.88,power_energy
alarm_01213,current_alarm_snapshot,2026-05-04 17:57:19,CRITICAL,asset_8637398ea8,AG,Physical Port Down,2025-06-03 16:20:47,2025-06-03 16:20:47,8041.61,1,LOS,DOWN,UP,-,-,NORMAL,0.88,link_down
alarm_01214,current_alarm_snapshot,2026-05-04 17:57:19,CRITICAL,asset_8637398ea8,AG,Physical Port Down,2025-06-03 16:20:51,2025-06-03 16:20:51,8041.61,1,LOS,DOWN,UP,-,-,NORMAL,0.88,link_down
alarm_01215,current_alarm_snapshot,2026-05-04 17:57:19,CRITICAL,asset_b2d3bd01a7,AG,Physical Port Down,2025-06-04 14:09:23,2025-06-04 14:09:23,8019.8,1,SHUTDOWN,DOWN,DOWN,-,-,NORMAL,0.88,link_down
alarm_01216,current_alarm_snapshot,2026-05-04 17:57:19,CRITICAL,asset_b2d3bd01a7,AG,Physical Port Down,2025-06-04 14:09:23,2025-06-04 14:09:23,8019.8,1,SHUTDOWN,DOWN,DOWN,-,-,NORMAL,0.88,link_down
alarm_01217,current_alarm_snapshot,2026-05-04 17:57:19,CRITICAL,asset_b033831ef6,AG,Physical Port Down,2025-06-04 21:09:03,2025-06-04 21:09:03,8012.8,1,LOS,DOWN,UP,-,-,NORMAL,0.88,link_down
alarm_01218,current_alarm_snapshot,2026-05-04 17:57:19,CRITICAL,asset_40b8c3a70c,CA,Physical Port Down,2025-06-05 02:32:08,2025-06-05 02:32:08,8007.42,1,THE,UNREPORTED,UNKNOWN,-,-,NORMAL,0.88,link_down
alarm_01219,current_alarm_snapshot,2026-05-04 17:57:19,CRITICAL,asset_21a7eae782,CA,Physical Port Down,2025-06-05 02:32:09,2025-06-05 02:32:09,8007.42,1,SHUTDOWN,DOWN,DOWN,-,-,NORMAL,0.88,equipment_module
alarm_01220,current_alarm_snapshot,2026-05-04 17:57:19,CRITICAL,asset_ea13d97725,CA,Physical Port Down,2025-06-05 02:32:11,2025-06-05 02:32:11,8007.42,1,SHUTDOWN,DOWN,DOWN,-,-,NORMAL,0.88,link_down
alarm_01221,current_alarm_snapshot,2026-05-04 17:57:19,CRITICAL,asset_5d94f2da2f,CA,Physical Port Down,2025-06-05 02:32:11,2025-06-05 02:32:11,8007.42,1,THE,UNREPORTED,UNKNOWN,-,-,NORMAL,0.88,link_down
alarm_01222,current_alarm_snapshot,2026-05-04 17:57:19,CRITICAL,asset_21a7eae782,CA,Physical Port Down,2025-06-05 02:32:13,2025-06-05 02:32:13,8007.42,1,SHUTDOWN,DOWN,DOWN,-,-,NORMAL,0.88,equipment_module
alarm_01223,current_alarm_snapshot,2026-05-04 17:57:19,CRITICAL,asset_5235efd7d0,CA,Physical Port Down,2025-06-05 02:32:14,2025-06-05 02:32:14,8007.42,1,SHUTDOWN,DOWN,DOWN,-,-,NORMAL,0.88,link_down
alarm_01224,current_alarm_snapshot,2026-05-04 17:57:19,CRITICAL,asset_ea13d97725,CA,Physical Port Down,2025-06-05 02:32:16,2025-06-05 02:32:16,8007.42,1,SHUTDOWN,DOWN,DOWN,-,-,NORMAL,0.88,link_down
alarm_01225,current_alarm_snapshot,2026-05-04 17:57:19,CRITICAL,asset_5235efd7d0,CA,Physical Port Down,2025-06-05 02:32:18,2025-06-05 02:32:18,8007.42,1,SHUTDOWN,DOWN,DOWN,-,-,NORMAL,0.88,link_down
alarm_01226,current_alarm_snapshot,2026-05-04 17:57:19,CRITICAL,asset_4226e99132,CA,Physical Port Down,2025-06-05 02:32:31,2025-06-05 02:32:31,8007.41,1,SHUTDOWN,DOWN,DOWN,-,-,NORMAL,0.88,equipment_module
alarm_01227,current_alarm_snapshot,2026-05-04 17:57:19,CRITICAL,asset_4226e99132,CA,Physical Port Down,2025-06-05 02:32:35,2025-06-05 02:32:35,8007.41,1,SHUTDOWN,DOWN,DOWN,-,-,NORMAL,0.88,equipment_module
alarm_01228,current_alarm_snapshot,2026-05-04 17:57:19,CRITICAL,asset_8ccb1877ea,AR,Physical Port Down,2025-06-05 10:43:19,2025-06-05 10:43:19,7999.23,1,LOS,DOWN,UP,-,-,NORMAL,0.88,link_down
alarm_01229,current_alarm_snapshot,2026-05-04 17:57:19,CRITICAL,asset_d671a30309,AG,Physical Port Down,2025-06-05 11:31:01,2025-06-05 11:31:01,7998.44,1,LOS,DOWN,UP,-,-,NORMAL,0.88,link_down
alarm_01230,current_alarm_snapshot,2026-05-04 17:57:19,CRITICAL,asset_d671a30309,AG,Physical Port Down,2025-06-05 11:34:46,2025-06-05 11:34:46,7998.38,1,LOS,DOWN,UP,-,-,NORMAL,0.88,link_down
alarm_01231,current_alarm_snapshot,2026-05-04 17:57:19,CRITICAL,asset_1c128402d1,AG,Physical Port Down,2025-06-05 11:50:25,2025-06-05 11:50:25,7998.11,1,THE,UNREPORTED,UNKNOWN,-,-,NORMAL,0.88,link_down
alarm_01232,current_alarm_snapshot,2026-05-04 17:57:19,CRITICAL,asset_1c128402d1,AG,Physical Port Down,2025-06-05 11:50:30,2025-06-05 11:50:30,7998.11,1,THE,UNREPORTED,UNKNOWN,-,-,NORMAL,0.88,link_down
alarm_01233,current_alarm_snapshot,2026-05-04 17:57:19,CRITICAL,asset_d0aacbf21a,AG,Physical Port Down,2025-06-05 11:56:23,2025-06-05 11:56:23,7998.02,1,SHUTDOWN,DOWN,DOWN,-,-,NORMAL,0.88,link_down
alarm_01234,current_alarm_snapshot,2026-05-04 17:57:19,CRITICAL,asset_d0aacbf21a,AG,Physical Port Down,2025-06-05 11:56:23,2025-06-05 11:56:23,7998.02,1,SHUTDOWN,DOWN,DOWN,-,-,NORMAL,0.88,link_down
alarm_01235,current_alarm_snapshot,2026-05-04 17:57:19,CRITICAL,asset_838ac7888f,AG,Physical Port Down,2025-06-05 12:27:01,2025-06-05 12:27:01,7997.51,1,SHUTDOWN,DOWN,DOWN,-,-,NORMAL,0.88,link_down
alarm_01236,current_alarm_snapshot,2026-05-04 17:57:19,CRITICAL,asset_838ac7888f,AG,Physical Port Down,2025-06-05 12:27:01,2025-06-05 12:27:01,7997.51,1,SHUTDOWN,DOWN,DOWN,-,-,NORMAL,0.88,link_down
alarm_01237,current_alarm_snapshot,2026-05-04 17:57:19,CRITICAL,asset_aaa845cb6b,AG,Physical Port Down,2025-06-05 14:26:39,2025-06-05 14:26:39,7995.51,1,LOS,DOWN,UP,-,-,NORMAL,0.88,link_down
alarm_01238,current_alarm_snapshot,2026-05-04 17:57:19,CRITICAL,asset_aaa845cb6b,AG,Physical Port Down,2025-06-05 14:26:56,2025-06-05 14:26:56,7995.51,1,LOS,DOWN,UP,-,-,NORMAL,0.88,link_down
alarm_01239,current_alarm_snapshot,2026-05-04 17:57:19,CRITICAL,asset_c99df1fea1,AG,Physical Port Down,2025-06-06 09:33:22,2025-06-06 09:33:22,7976.4,1,SHUTDOWN,DOWN,DOWN,-,-,NORMAL,0.88,link_down
alarm_01240,current_alarm_snapshot,2026-05-04 17:57:19,CRITICAL,asset_d0aacbf21a,AG,Physical Port Down,2025-06-06 12:10:23,2025-06-06 12:10:23,7973.78,1,SHUTDOWN,DOWN,DOWN,-,-,NORMAL,0.88,link_down
alarm_01241,current_alarm_snapshot,2026-05-04 17:57:19,CRITICAL,asset_1fefd1e765,AG,Physical Port Down,2025-06-07 16:55:22,2025-06-07 16:55:22,7945.03,1,LOS,DOWN,UP,-,-,NORMAL,0.88,link_down
alarm_01242,current_alarm_snapshot,2026-05-04 17:57:19,CRITICAL,asset_1fefd1e765,AG,Physical Port Down,2025-06-07 16:55:24,2025-06-07 16:55:24,7945.03,1,LOS,DOWN,UP,-,-,NORMAL,0.88,link_down
alarm_01243,current_alarm_snapshot,2026-05-04 17:57:19,CRITICAL,asset_1c128402d1,AG,Physical Port Down,2025-06-09 10:38:31,2025-06-09 10:38:31,7903.31,1,THE,UNREPORTED,UNKNOWN,-,-,NORMAL,0.88,link_down
alarm_01244,current_alarm_snapshot,2026-05-04 17:57:19,CRITICAL,asset_1c128402d1,AG,Physical Port Down,2025-06-09 10:38:43,2025-06-09 10:38:43,7903.31,1,THE,UNREPORTED,UNKNOWN,-,-,NORMAL,0.88,link_down
alarm_01245,current_alarm_snapshot,2026-05-04 17:57:19,CRITICAL,asset_02caf2c9bf,AG,Physical Port Down,2025-06-09 11:59:37,2025-06-09 11:59:37,7901.96,1,SHUTDOWN,DOWN,DOWN,-,-,NORMAL,0.88,link_down
alarm_01246,current_alarm_snapshot,2026-05-04 17:57:19,CRITICAL,asset_02caf2c9bf,AG,Physical Port Down,2025-06-09 11:59:37,2025-06-09 11:59:37,7901.96,1,SHUTDOWN,DOWN,DOWN,-,-,NORMAL,0.88,link_down
alarm_01247,current_alarm_snapshot,2026-05-04 17:57:19,CRITICAL,asset_ad2516d834,AG,Physical Port Down,2025-06-09 20:28:50,2025-06-09 20:28:50,7893.47,1,SHUTDOWN,DOWN,DOWN,-,-,NORMAL,0.88,link_down
alarm_01248,current_alarm_snapshot,2026-05-04 17:57:19,CRITICAL,asset_ad2516d834,AG,Physical Port Down,2025-06-09 20:28:50,2025-06-09 20:28:50,7893.47,1,SHUTDOWN,DOWN,DOWN,-,-,NORMAL,0.88,link_down
alarm_01249,current_alarm_snapshot,2026-05-04 17:57:19,CRITICAL,asset_ad2516d834,AG,Physical Port Down,2025-06-09 20:28:50,2025-06-09 20:28:50,7893.47,1,SHUTDOWN,DOWN,DOWN,-,-,NORMAL,0.88,link_down
alarm_01250,current_alarm_snapshot,2026-05-04 17:57:19,CRITICAL,asset_1adc312e45,AR,Physical Port Down,2025-06-10 09:03:43,2025-06-10 09:03:43,7880.89,1,LOS,UNREPORTED,UNKNOWN,-,-,NORMAL,0.88,link_down
alarm_01251,current_alarm_snapshot,2026-05-04 17:57:19,CRITICAL,asset_d0aacbf21a,AG,Physical Port Down,2025-06-10 10:28:32,2025-06-10 10:28:32,7879.48,1,SHUTDOWN,DOWN,DOWN,-,-,NORMAL,0.88,link_down
alarm_01252,current_alarm_snapshot,2026-05-04 17:57:19,CRITICAL,asset_5235efd7d0,CA,Physical Port Down,2025-06-11 01:49:16,2025-06-11 01:49:16,7864.13,1,SHUTDOWN,DOWN,DOWN,-,-,NORMAL,0.88,link_down
alarm_01253,current_alarm_snapshot,2026-05-04 17:57:19,CRITICAL,asset_5235efd7d0,CA,Physical Port Down,2025-06-11 01:49:20,2025-06-11 01:49:20,7864.13,1,SHUTDOWN,DOWN,DOWN,-,-,NORMAL,0.88,link_down
alarm_01254,current_alarm_snapshot,2026-05-04 17:57:19,CRITICAL,asset_5235efd7d0,CA,Physical Port Down,2025-06-11 01:49:23,2025-06-11 01:49:23,7864.13,1,SHUTDOWN,DOWN,DOWN,-,-,NORMAL,0.88,link_down
alarm_01255,current_alarm_snapshot,2026-05-04 17:57:19,CRITICAL,asset_ad2516d834,AG,Physical Port Down,2025-06-11 14:43:57,2025-06-11 14:43:57,7851.22,1,SHUTDOWN,DOWN,DOWN,-,-,NORMAL,0.88,link_down
alarm_01256,current_alarm_snapshot,2026-05-04 17:57:19,CRITICAL,asset_1c128402d1,AG,Physical Port Down,2025-06-13 11:23:36,2025-06-13 11:23:36,7806.56,1,THE,UNREPORTED,UNKNOWN,-,-,NORMAL,0.88,link_down
alarm_01257,current_alarm_snapshot,2026-05-04 17:57:19,CRITICAL,asset_1c128402d1,AG,Physical Port Down,2025-06-13 11:24:06,2025-06-13 11:24:06,7806.55,1,THE,UNREPORTED,UNKNOWN,-,-,NORMAL,0.88,link_down
alarm_01258,current_alarm_snapshot,2026-05-04 17:57:19,CRITICAL,asset_9cea07f46d,AR,Physical Port Down,2025-06-13 11:56:00,2025-06-13 11:56:00,7806.02,1,LOS,UP,UP,-,-,NORMAL,0.88,link_down
alarm_01259,current_alarm_snapshot,2026-05-04 17:57:19,CRITICAL,asset_340e5e9b05,AR,Physical Port Down,2025-06-14 20:01:26,2025-06-14 20:01:26,7773.93,1,LOS,UP,UP,-,-,NORMAL,0.88,link_down
alarm_01260,current_alarm_snapshot,2026-05-04 17:57:19,CRITICAL,asset_b32cafc117,AG,Board Invalid,2025-06-15 07:43:58,2025-06-15 07:43:58,7762.22,1,UNKNOWN,UNKNOWN,UNKNOWN,-,-,NORMAL,0.88,equipment_module
alarm_01261,current_alarm_snapshot,2026-05-04 17:57:19,CRITICAL,asset_7e541b0e01,AR,Physical Port Down,2025-06-16 12:52:09,2025-06-16 12:52:09,7733.09,1,LOS,UNREPORTED,UNKNOWN,-,ACKNOWLEDGED,NORMAL,0.88,link_down
alarm_01262,current_alarm_snapshot,2026-05-04 17:57:19,CRITICAL,asset_d15ca6e194,AR,Physical Port Down,2025-06-16 14:15:00,2025-06-16 14:15:00,7731.71,1,LOS,UNREPORTED,UNKNOWN,-,-,NORMAL,0.88,link_down
alarm_01263,current_alarm_snapshot,2026-05-04 17:57:19,CRITICAL,asset_5235efd7d0,CA,Physical Port Down,2025-06-17 01:48:02,2025-06-17 01:48:02,7720.15,1,SHUTDOWN,DOWN,DOWN,-,-,NORMAL,0.88,link_down
alarm_01264,current_alarm_snapshot,2026-05-04 17:57:19,CRITICAL,asset_a72fff5450,AG,Physical Port Down,2025-06-18 18:44:15,2025-06-18 18:44:15,7679.22,1,NEGOTIATION_FAIL,DOWN,UP,-,-,NORMAL,0.88,link_down
alarm_01265,current_alarm_snapshot,2026-05-04 17:57:19,CRITICAL,asset_ea13d97725,CA,Physical Port Down,2025-06-19 00:20:53,2025-06-19 00:20:53,7673.61,1,LOS,DOWN,UP,-,-,NORMAL,0.88,link_down
alarm_01266,current_alarm_snapshot,2026-05-04 17:57:19,CRITICAL,asset_ea13d97725,CA,Physical Port Down,2025-06-19 00:43:20,2025-06-19 00:43:20,7673.23,1,LOS,DOWN,UP,-,-,NORMAL,0.88,link_down
alarm_01267,current_alarm_snapshot,2026-05-04 17:57:19,CRITICAL,asset_02c4dea2ed,AG,Physical Port Down,2025-06-19 14:40:22,2025-06-19 14:40:22,7659.28,1,SHUTDOWN,DOWN,DOWN,-,-,NORMAL,0.88,link_down
alarm_01268,current_alarm_snapshot,2026-05-04 17:57:19,CRITICAL,asset_717c3044c0,AR,Physical Port Down,2025-06-19 16:48:35,2025-06-19 16:48:35,7657.15,1,LOS,UNREPORTED,UNKNOWN,-,-,NORMAL,0.88,link_down
alarm_01269,current_alarm_snapshot,2026-05-04 17:57:19,CRITICAL,asset_02c4dea2ed,AG,Physical Port Down,2025-06-20 13:40:24,2025-06-20 13:40:24,7636.28,1,LOS,DOWN,UP,-,-,NORMAL,0.88,link_down
alarm_01270,current_alarm_snapshot,2026-05-04 17:57:19,CRITICAL,asset_cd548877b8,AG,Physical Port Down,2025-06-20 16:38:46,2025-06-20 16:38:46,7633.31,1,LOS,DOWN,UP,-,-,NORMAL,0.88,link_down
alarm_01271,current_alarm_snapshot,2026-05-04 17:57:19,CRITICAL,asset_4b1c3620f4,AR,Physical Port Down,2025-06-20 16:39:09,2025-06-20 16:39:09,7633.3,1,LOS,UNREPORTED,UNKNOWN,-,-,NORMAL,0.88,link_down
alarm_01272,current_alarm_snapshot,2026-05-04 17:57:19,CRITICAL,asset_3ba64c14e2,AG,Physical Port Down,2025-06-21 13:36:57,2025-06-21 13:36:57,7612.34,1,THE,UNREPORTED,UNKNOWN,-,-,NORMAL,0.88,link_down
alarm_01273,current_alarm_snapshot,2026-05-04 17:57:19,CRITICAL,asset_6fc79fbfd0,AG,Physical Port Down,2025-06-21 14:17:45,2025-06-21 14:17:45,7611.66,1,LOS,DOWN,UP,-,-,NORMAL,0.88,link_down
alarm_01274,current_alarm_snapshot,2026-05-04 17:57:19,CRITICAL,asset_6fc79fbfd0,AG,Physical Port Down,2025-06-21 14:27:07,2025-06-21 14:27:07,7611.5,1,LOS,DOWN,UP,-,-,NORMAL,0.88,link_down
alarm_01275,current_alarm_snapshot,2026-05-04 17:57:19,CRITICAL,asset_ea13d97725,CA,Physical Port Down,2025-06-23 00:19:31,2025-06-23 00:19:31,7577.63,1,LOS,DOWN,UP,-,-,NORMAL,0.88,link_down
alarm_01276,current_alarm_snapshot,2026-05-04 17:57:19,CRITICAL,asset_ea13d97725,CA,Physical Port Down,2025-06-23 00:19:31,2025-06-23 00:19:31,7577.63,1,LOS,DOWN,UP,-,-,NORMAL,0.88,link_down
alarm_01277,current_alarm_snapshot,2026-05-04 17:57:19,CRITICAL,asset_ea13d97725,CA,Physical Port Down,2025-06-23 00:36:29,2025-06-23 00:36:29,7577.35,1,LOS,DOWN,UP,-,-,NORMAL,0.88,link_down
alarm_01278,current_alarm_snapshot,2026-05-04 17:57:19,CRITICAL,asset_ea13d97725,CA,Physical Port Down,2025-06-23 00:36:29,2025-06-23 00:36:29,7577.35,1,LOS,DOWN,UP,-,-,NORMAL,0.88,link_down
alarm_01279,current_alarm_snapshot,2026-05-04 17:57:19,CRITICAL,asset_ea13d97725,CA,Physical Port Down,2025-06-23 00:38:03,2025-06-23 00:38:03,7577.32,1,LOS,DOWN,UP,-,-,NORMAL,0.88,link_down
alarm_01280,current_alarm_snapshot,2026-05-04 17:57:19,CRITICAL,asset_ea13d97725,CA,Physical Port Down,2025-06-23 00:38:03,2025-06-23 00:38:03,7577.32,1,LOS,DOWN,UP,-,-,NORMAL,0.88,link_down
alarm_01281,current_alarm_snapshot,2026-05-04 17:57:19,CRITICAL,asset_9265103f9b,AG,Physical Port Down,2025-06-23 11:32:57,2025-06-23 11:32:57,7566.41,1,NEGOTIATION_FAIL,DOWN,UP,-,-,NORMAL,0.88,link_down
alarm_01282,current_alarm_snapshot,2026-05-04 17:57:19,CRITICAL,asset_59eda9a1ea,AG,Physical Port Down,2025-06-23 13:54:23,2025-06-23 13:54:23,7564.05,1,LOS,DOWN,UP,-,-,NORMAL,0.88,link_down
alarm_01283,current_alarm_snapshot,2026-05-04 17:57:19,CRITICAL,asset_8d2941bf77,AG,Physical Port Down,2025-06-23 16:01:14,2025-06-23 16:01:14,7561.93,1,LOS,DOWN,UP,-,-,NORMAL,0.88,link_down
alarm_01284,current_alarm_snapshot,2026-05-04 17:57:19,CRITICAL,asset_aae3bbd02e,AG,Physical Port Down,2025-06-23 17:29:03,2025-06-23 17:29:03,7560.47,1,LOS,DOWN,UP,-,-,NORMAL,0.88,link_down
alarm_01285,current_alarm_snapshot,2026-05-04 17:57:19,CRITICAL,asset_5e27d6ffa0,AG,Physical Port Down,2025-06-23 17:43:38,2025-06-23 17:43:38,7560.23,1,SHUTDOWN,DOWN,DOWN,-,-,NORMAL,0.88,link_down
alarm_01286,current_alarm_snapshot,2026-05-04 17:57:19,CRITICAL,asset_5e27d6ffa0,AG,Physical Port Down,2025-06-23 17:43:38,2025-06-23 17:43:38,7560.23,1,SHUTDOWN,DOWN,DOWN,-,-,NORMAL,0.88,link_down
alarm_01287,current_alarm_snapshot,2026-05-04 17:57:19,CRITICAL,asset_ccf92a6264,AG,Physical Port Down,2025-06-23 18:52:27,2025-06-23 18:52:27,7559.08,1,NEGOTIATION_FAIL,DOWN,UP,-,-,NORMAL,0.88,link_down
alarm_01288,current_alarm_snapshot,2026-05-04 17:57:19,CRITICAL,asset_ea13d97725,CA,Physical Port Down,2025-06-24 00:09:12,2025-06-24 00:09:12,7553.8,1,LOS,DOWN,UP,-,-,NORMAL,0.88,link_down
alarm_01289,current_alarm_snapshot,2026-05-04 17:57:19,CRITICAL,asset_ea13d97725,CA,Physical Port Down,2025-06-24 00:10:53,2025-06-24 00:10:53,7553.77,1,LOS,DOWN,UP,-,-,NORMAL,0.88,link_down
alarm_01290,current_alarm_snapshot,2026-05-04 17:57:19,CRITICAL,asset_5235efd7d0,CA,Physical Port Down,2025-06-24 00:51:17,2025-06-24 00:51:17,7553.1,1,SHUTDOWN,DOWN,DOWN,-,-,NORMAL,0.88,link_down
alarm_01291,current_alarm_snapshot,2026-05-04 17:57:19,CRITICAL,asset_5235efd7d0,CA,Physical Port Down,2025-06-24 00:51:20,2025-06-24 00:51:20,7553.1,1,SHUTDOWN,DOWN,DOWN,-,-,NORMAL,0.88,link_down
alarm_01292,current_alarm_snapshot,2026-05-04 17:57:19,CRITICAL,asset_5235efd7d0,CA,Physical Port Down,2025-06-24 00:56:11,2025-06-24 00:56:11,7553.02,1,LOS,DOWN,UP,-,-,NORMAL,0.88,link_down
alarm_01293,current_alarm_snapshot,2026-05-04 17:57:19,CRITICAL,asset_5235efd7d0,CA,Physical Port Down,2025-06-24 00:57:51,2025-06-24 00:57:51,7552.99,1,NEGOTIATION_FAIL,DOWN,UP,-,-,NORMAL,0.88,link_down
alarm_01294,current_alarm_snapshot,2026-05-04 17:57:19,CRITICAL,asset_5235efd7d0,CA,Physical Port Down,2025-06-24 00:57:58,2025-06-24 00:57:58,7552.99,1,LOS,DOWN,UP,-,-,NORMAL,0.88,link_down
alarm_01295,current_alarm_snapshot,2026-05-04 17:57:19,CRITICAL,asset_5235efd7d0,CA,Physical Port Down,2025-06-24 00:58:05,2025-06-24 00:58:05,7552.99,1,NEGOTIATION_FAIL,DOWN,UP,-,-,NORMAL,0.88,link_down
alarm_01296,current_alarm_snapshot,2026-05-04 17:57:19,CRITICAL,asset_5235efd7d0,CA,Physical Port Down,2025-06-24 00:58:19,2025-06-24 00:58:19,7552.98,1,NEGOTIATION_FAIL,DOWN,UP,-,-,NORMAL,0.88,link_down
alarm_01297,current_alarm_snapshot,2026-05-04 17:57:19,CRITICAL,asset_5235efd7d0,CA,Physical Port Down,2025-06-24 00:58:27,2025-06-24 00:58:27,7552.98,1,--,DOWN,UP,-,-,NORMAL,0.88,link_down
alarm_01298,current_alarm_snapshot,2026-05-04 17:57:19,CRITICAL,asset_5235efd7d0,CA,Physical Port Down,2025-06-24 00:59:34,2025-06-24 00:59:34,7552.96,1,NEGOTIATION_FAIL,DOWN,UP,-,-,NORMAL,0.88,link_down
alarm_01299,current_alarm_snapshot,2026-05-04 17:57:19,CRITICAL,asset_5235efd7d0,CA,Physical Port Down,2025-06-24 00:59:43,2025-06-24 00:59:43,7552.96,1,LOS,DOWN,UP,-,-,NORMAL,0.88,link_down
alarm_01300,current_alarm_snapshot,2026-05-04 17:57:19,CRITICAL,asset_5235efd7d0,CA,Physical Port Down,2025-06-24 00:59:52,2025-06-24 00:59:52,7552.96,1,NEGOTIATION_FAIL,DOWN,UP,-,-,NORMAL,0.88,link_down
alarm_01301,current_alarm_snapshot,2026-05-04 17:57:19,CRITICAL,asset_5235efd7d0,CA,Physical Port Down,2025-06-24 00:59:57,2025-06-24 00:59:57,7552.96,1,LOS,DOWN,UP,-,-,NORMAL,0.88,link_down
alarm_01302,current_alarm_snapshot,2026-05-04 17:57:19,CRITICAL,asset_5235efd7d0,CA,Physical Port Down,2025-06-24 01:00:04,2025-06-24 01:00:04,7552.95,1,NEGOTIATION_FAIL,DOWN,UP,-,-,NORMAL,0.88,link_down
alarm_01303,current_alarm_snapshot,2026-05-04 17:57:19,CRITICAL,asset_5235efd7d0,CA,Physical Port Down,2025-06-24 01:00:10,2025-06-24 01:00:10,7552.95,1,LOS,DOWN,UP,-,-,NORMAL,0.88,link_down
alarm_01304,current_alarm_snapshot,2026-05-04 17:57:19,CRITICAL,asset_5235efd7d0,CA,Physical Port Down,2025-06-24 01:00:17,2025-06-24 01:00:17,7552.95,1,NEGOTIATION_FAIL,DOWN,UP,-,-,NORMAL,0.88,link_down
alarm_01305,current_alarm_snapshot,2026-05-04 17:57:19,CRITICAL,asset_5235efd7d0,CA,Physical Port Down,2025-06-24 01:00:22,2025-06-24 01:00:22,7552.95,1,LOS,DOWN,UP,-,-,NORMAL,0.88,link_down
alarm_01306,current_alarm_snapshot,2026-05-04 17:57:19,CRITICAL,asset_5235efd7d0,CA,Physical Port Down,2025-06-24 01:00:31,2025-06-24 01:00:31,7552.95,1,NEGOTIATION_FAIL,DOWN,UP,-,-,NORMAL,0.88,link_down
alarm_01307,current_alarm_snapshot,2026-05-04 17:57:19,CRITICAL,asset_5235efd7d0,CA,Physical Port Down,2025-06-24 01:00:39,2025-06-24 01:00:39,7552.94,1,LOS,DOWN,UP,-,-,NORMAL,0.88,link_down
alarm_01308,current_alarm_snapshot,2026-05-04 17:57:19,CRITICAL,asset_5235efd7d0,CA,Physical Port Down,2025-06-24 01:01:50,2025-06-24 01:01:50,7552.92,1,NEGOTIATION_FAIL,DOWN,UP,-,-,NORMAL,0.88,link_down
alarm_01309,current_alarm_snapshot,2026-05-04 17:57:19,CRITICAL,asset_5235efd7d0,CA,Physical Port Down,2025-06-24 01:01:56,2025-06-24 01:01:56,7552.92,1,NEGOTIATION_FAIL,DOWN,UP,-,-,NORMAL,0.88,link_down
alarm_01310,current_alarm_snapshot,2026-05-04 17:57:19,CRITICAL,asset_5235efd7d0,CA,Physical Port Down,2025-06-24 01:02:11,2025-06-24 01:02:11,7552.92,1,NEGOTIATION_FAIL,DOWN,UP,-,-,NORMAL,0.88,link_down
alarm_01311,current_alarm_snapshot,2026-05-04 17:57:19,CRITICAL,asset_5235efd7d0,CA,Physical Port Down,2025-06-24 01:02:22,2025-06-24 01:02:22,7552.92,1,NEGOTIATION_FAIL,DOWN,UP,-,-,NORMAL,0.88,link_down
alarm_01312,current_alarm_snapshot,2026-05-04 17:57:19,CRITICAL,asset_ea13d97725,CA,Physical Port Down,2025-06-24 01:56:43,2025-06-24 01:56:43,7552.01,1,LOS,DOWN,UP,-,-,NORMAL,0.88,link_down
alarm_01313,current_alarm_snapshot,2026-05-04 17:57:19,CRITICAL,asset_ea13d97725,CA,Physical Port Down,2025-06-24 01:57:52,2025-06-24 01:57:52,7551.99,1,NEGOTIATION_FAIL,DOWN,UP,-,-,NORMAL,0.88,link_down
alarm_01314,current_alarm_snapshot,2026-05-04 17:57:19,CRITICAL,asset_ea13d97725,CA,Physical Port Down,2025-06-24 01:57:56,2025-06-24 01:57:56,7551.99,1,LOS,DOWN,UP,-,-,NORMAL,0.88,link_down
alarm_01315,current_alarm_snapshot,2026-05-04 17:57:19,CRITICAL,asset_ea13d97725,CA,Physical Port Down,2025-06-24 01:58:02,2025-06-24 01:58:02,7551.99,1,NEGOTIATION_FAIL,DOWN,UP,-,-,NORMAL,0.88,link_down
alarm_01316,current_alarm_snapshot,2026-05-04 17:57:19,CRITICAL,asset_ea13d97725,CA,Physical Port Down,2025-06-24 01:58:03,2025-06-24 01:58:03,7551.99,1,LOS,DOWN,UP,-,-,NORMAL,0.88,link_down
alarm_01317,current_alarm_snapshot,2026-05-04 17:57:19,CRITICAL,asset_ea13d97725,CA,Physical Port Down,2025-06-24 01:58:10,2025-06-24 01:58:10,7551.99,1,LOS,DOWN,UP,-,-,NORMAL,0.88,link_down
alarm_01318,current_alarm_snapshot,2026-05-04 17:57:19,CRITICAL,asset_ea13d97725,CA,Physical Port Down,2025-06-24 01:58:19,2025-06-24 01:58:19,7551.98,1,NEGOTIATION_FAIL,DOWN,UP,-,-,NORMAL,0.88,link_down
alarm_01319,current_alarm_snapshot,2026-05-04 17:57:19,CRITICAL,asset_ea13d97725,CA,Physical Port Down,2025-06-24 01:58:25,2025-06-24 01:58:25,7551.98,1,LOS,DOWN,UP,-,-,NORMAL,0.88,link_down
alarm_01320,current_alarm_snapshot,2026-05-04 17:57:19,CRITICAL,asset_ea13d97725,CA,Physical Port Down,2025-06-24 01:58:32,2025-06-24 01:58:32,7551.98,1,NEGOTIATION_FAIL,DOWN,UP,-,-,NORMAL,0.88,link_down
alarm_01321,current_alarm_snapshot,2026-05-04 17:57:19,CRITICAL,asset_ea13d97725,CA,Physical Port Down,2025-06-24 01:58:48,2025-06-24 01:58:48,7551.98,1,NEGOTIATION_FAIL,DOWN,UP,-,-,NORMAL,0.88,link_down
alarm_01322,current_alarm_snapshot,2026-05-04 17:57:19,CRITICAL,asset_ea13d97725,CA,Physical Port Down,2025-06-24 01:59:16,2025-06-24 01:59:16,7551.97,1,NEGOTIATION_FAIL,DOWN,UP,-,-,NORMAL,0.88,link_down
alarm_01323,current_alarm_snapshot,2026-05-04 17:57:19,CRITICAL,asset_ea13d97725,CA,Physical Port Down,2025-06-24 01:59:21,2025-06-24 01:59:21,7551.97,1,LOS,DOWN,UP,-,-,NORMAL,0.88,link_down
alarm_01324,current_alarm_snapshot,2026-05-04 17:57:19,CRITICAL,asset_ea13d97725,CA,Physical Port Down,2025-06-24 01:59:27,2025-06-24 01:59:27,7551.96,1,NEGOTIATION_FAIL,DOWN,UP,-,-,NORMAL,0.88,link_down
alarm_01325,current_alarm_snapshot,2026-05-04 17:57:19,CRITICAL,asset_ea13d97725,CA,Physical Port Down,2025-06-24 01:59:32,2025-06-24 01:59:32,7551.96,1,LOS,DOWN,UP,-,-,NORMAL,0.88,link_down
alarm_01326,current_alarm_snapshot,2026-05-04 17:57:19,CRITICAL,asset_ea13d97725,CA,Physical Port Down,2025-06-24 01:59:38,2025-06-24 01:59:38,7551.96,1,NEGOTIATION_FAIL,DOWN,UP,-,-,NORMAL,0.88,link_down
alarm_01327,current_alarm_snapshot,2026-05-04 17:57:19,CRITICAL,asset_ea13d97725,CA,Physical Port Down,2025-06-24 01:59:43,2025-06-24 01:59:43,7551.96,1,LOS,DOWN,UP,-,-,NORMAL,0.88,link_down
alarm_01328,current_alarm_snapshot,2026-05-04 17:57:19,CRITICAL,asset_ea13d97725,CA,Physical Port Down,2025-06-24 01:59:47,2025-06-24 01:59:47,7551.96,1,NEGOTIATION_FAIL,DOWN,UP,-,-,NORMAL,0.88,link_down
alarm_01329,current_alarm_snapshot,2026-05-04 17:57:19,CRITICAL,asset_ea13d97725,CA,Physical Port Down,2025-06-24 01:59:52,2025-06-24 01:59:52,7551.96,1,LOS,DOWN,UP,-,-,NORMAL,0.88,link_down
alarm_01330,current_alarm_snapshot,2026-05-04 17:57:19,CRITICAL,asset_ea13d97725,CA,Physical Port Down,2025-06-24 02:00:38,2025-06-24 02:00:38,7551.94,1,NEGOTIATION_FAIL,DOWN,UP,-,-,NORMAL,0.88,link_down
alarm_01331,current_alarm_snapshot,2026-05-04 17:57:19,CRITICAL,asset_ea13d97725,CA,Physical Port Down,2025-06-24 02:00:42,2025-06-24 02:00:42,7551.94,1,LOS,DOWN,UP,-,-,NORMAL,0.88,link_down
alarm_01332,current_alarm_snapshot,2026-05-04 17:57:19,CRITICAL,asset_ea13d97725,CA,Physical Port Down,2025-06-24 02:00:50,2025-06-24 02:00:50,7551.94,1,NEGOTIATION_FAIL,DOWN,UP,-,-,NORMAL,0.88,link_down
alarm_01333,current_alarm_snapshot,2026-05-04 17:57:19,CRITICAL,asset_ea13d97725,CA,Physical Port Down,2025-06-24 02:01:13,2025-06-24 02:01:13,7551.94,1,NEGOTIATION_FAIL,DOWN,UP,-,-,NORMAL,0.88,link_down
alarm_01334,current_alarm_snapshot,2026-05-04 17:57:19,CRITICAL,asset_5ee8d4caab,AR,Physical Port Down,2025-06-24 08:23:53,2025-06-24 08:23:53,7545.56,1,LOS,DOWN,UP,-,-,NORMAL,0.88,link_down
alarm_01335,current_alarm_snapshot,2026-05-04 17:57:19,CRITICAL,asset_aa46ebdde4,AG,Physical Port Down,2025-06-24 13:00:34,2025-06-24 13:00:34,7540.95,1,SHUTDOWN,DOWN,DOWN,-,-,NORMAL,0.88,link_down
alarm_01336,current_alarm_snapshot,2026-05-04 17:57:19,CRITICAL,asset_59ab1a6b52,AG,Physical Port Down,2025-06-24 14:32:50,2025-06-24 14:32:50,7539.41,1,NEGOTIATION_FAIL,DOWN,UP,-,-,NORMAL,0.88,link_down
alarm_01337,current_alarm_snapshot,2026-05-04 17:57:19,CRITICAL,asset_59ab1a6b52,AG,Physical Port Down,2025-06-24 14:33:02,2025-06-24 14:33:02,7539.4,1,NEGOTIATION_FAIL,DOWN,UP,-,-,NORMAL,0.88,link_down
alarm_01338,current_alarm_snapshot,2026-05-04 17:57:19,CRITICAL,asset_5d94f2da2f,CA,Physical Port Down,2025-06-25 01:16:37,2025-06-25 01:16:37,7528.68,1,THE,UNREPORTED,UNKNOWN,-,-,NORMAL,0.88,link_down
alarm_01339,current_alarm_snapshot,2026-05-04 17:57:19,CRITICAL,asset_9c4712e2de,AG,Physical Port Down,2025-06-25 09:54:07,2025-06-25 09:54:07,7520.05,1,SHUTDOWN,DOWN,DOWN,-,-,NORMAL,0.88,link_down
alarm_01340,current_alarm_snapshot,2026-05-04 17:57:19,CRITICAL,asset_9c4712e2de,AG,Physical Port Down,2025-06-25 09:54:07,2025-06-25 09:54:07,7520.05,1,SHUTDOWN,DOWN,DOWN,-,-,NORMAL,0.88,link_down
alarm_01341,current_alarm_snapshot,2026-05-04 17:57:19,CRITICAL,asset_499825b5b8,AR,Physical Port Down,2025-06-25 11:51:34,2025-06-25 11:51:34,7518.1,1,LOS,UNREPORTED,UNKNOWN,-,-,NORMAL,0.88,link_down
alarm_01342,current_alarm_snapshot,2026-05-04 17:57:19,CRITICAL,asset_499825b5b8,AR,Physical Port Down,2025-06-25 11:52:18,2025-06-25 11:52:18,7518.08,1,LOS,UNREPORTED,UNKNOWN,-,-,NORMAL,0.88,link_down
alarm_01343,current_alarm_snapshot,2026-05-04 17:57:19,CRITICAL,asset_76c3656efc,AG,Physical Port Down,2025-06-25 15:06:00,2025-06-25 15:06:00,7514.86,1,LOS,DOWN,UP,-,-,NORMAL,0.88,link_down
alarm_01344,current_alarm_snapshot,2026-05-04 17:57:19,CRITICAL,asset_76c3656efc,AG,Physical Port Down,2025-06-25 15:06:07,2025-06-25 15:06:07,7514.85,1,LOS,DOWN,UP,-,-,NORMAL,0.88,link_down
alarm_01345,current_alarm_snapshot,2026-05-04 17:57:19,CRITICAL,asset_ea65ae712b,AG,Physical Port Down,2025-06-25 21:52:33,2025-06-25 21:52:33,7508.08,1,LOS,DOWN,UP,-,ACKNOWLEDGED,NORMAL,0.88,link_down
alarm_01346,current_alarm_snapshot,2026-05-04 17:57:19,CRITICAL,asset_5235efd7d0,CA,Physical Port Down,2025-06-26 02:25:43,2025-06-26 02:25:43,7503.53,1,SHUTDOWN,DOWN,DOWN,-,-,NORMAL,0.88,link_down
alarm_01347,current_alarm_snapshot,2026-05-04 17:57:19,CRITICAL,asset_5235efd7d0,CA,Physical Port Down,2025-06-26 02:25:46,2025-06-26 02:25:46,7503.53,1,SHUTDOWN,DOWN,DOWN,-,-,NORMAL,0.88,link_down
alarm_01348,current_alarm_snapshot,2026-05-04 17:57:19,CRITICAL,asset_ea13d97725,CA,Physical Port Down,2025-06-26 02:25:50,2025-06-26 02:25:50,7503.52,1,LOS,DOWN,UP,-,-,NORMAL,0.88,link_down
alarm_01349,current_alarm_snapshot,2026-05-04 17:57:19,CRITICAL,asset_5235efd7d0,CA,Physical Port Down,2025-06-26 02:25:50,2025-06-26 02:25:50,7503.52,1,SHUTDOWN,DOWN,DOWN,-,-,NORMAL,0.88,link_down
alarm_01350,current_alarm_snapshot,2026-05-04 17:57:19,CRITICAL,asset_ea13d97725,CA,Physical Port Down,2025-06-26 02:25:53,2025-06-26 02:25:53,7503.52,1,LOS,DOWN,UP,-,-,NORMAL,0.88,link_down
alarm_01351,current_alarm_snapshot,2026-05-04 17:57:19,CRITICAL,asset_ea13d97725,CA,Physical Port Down,2025-06-26 02:25:53,2025-06-26 02:25:53,7503.52,1,SHUTDOWN,DOWN,DOWN,-,-,NORMAL,0.88,link_down
alarm_01352,current_alarm_snapshot,2026-05-04 17:57:19,CRITICAL,asset_5235efd7d0,CA,Physical Port Down,2025-06-26 02:25:54,2025-06-26 02:25:54,7503.52,1,SHUTDOWN,DOWN,DOWN,-,-,NORMAL,0.88,link_down
alarm_01353,current_alarm_snapshot,2026-05-04 17:57:19,CRITICAL,asset_ea13d97725,CA,Physical Port Down,2025-06-26 02:25:57,2025-06-26 02:25:57,7503.52,1,SHUTDOWN,DOWN,DOWN,-,-,NORMAL,0.88,link_down
alarm_01354,current_alarm_snapshot,2026-05-04 17:57:19,CRITICAL,asset_5235efd7d0,CA,Physical Port Down,2025-06-26 02:25:57,2025-06-26 02:25:57,7503.52,1,SHUTDOWN,DOWN,DOWN,-,-,NORMAL,0.88,link_down
alarm_01355,current_alarm_snapshot,2026-05-04 17:57:19,CRITICAL,asset_ea13d97725,CA,Physical Port Down,2025-06-26 02:26:01,2025-06-26 02:26:01,7503.52,1,SHUTDOWN,DOWN,DOWN,-,-,NORMAL,0.88,link_down
alarm_01356,current_alarm_snapshot,2026-05-04 17:57:19,CRITICAL,asset_5235efd7d0,CA,Physical Port Down,2025-06-26 02:26:01,2025-06-26 02:26:01,7503.52,1,SHUTDOWN,DOWN,DOWN,-,-,NORMAL,0.88,link_down
alarm_01357,current_alarm_snapshot,2026-05-04 17:57:19,CRITICAL,asset_5235efd7d0,CA,Physical Port Down,2025-06-26 02:26:04,2025-06-26 02:26:04,7503.52,1,SHUTDOWN,DOWN,DOWN,-,-,NORMAL,0.88,link_down
alarm_01358,current_alarm_snapshot,2026-05-04 17:57:19,CRITICAL,asset_ea13d97725,CA,Physical Port Down,2025-06-26 02:26:05,2025-06-26 02:26:05,7503.52,1,SHUTDOWN,DOWN,DOWN,-,-,NORMAL,0.88,link_down
alarm_01359,current_alarm_snapshot,2026-05-04 17:57:19,CRITICAL,asset_ea13d97725,CA,Physical Port Down,2025-06-26 02:26:08,2025-06-26 02:26:08,7503.52,1,LOS,DOWN,UP,-,-,NORMAL,0.88,link_down
alarm_01360,current_alarm_snapshot,2026-05-04 17:57:19,CRITICAL,asset_ea13d97725,CA,Physical Port Down,2025-06-26 02:26:08,2025-06-26 02:26:08,7503.52,1,SHUTDOWN,DOWN,DOWN,-,-,NORMAL,0.88,link_down
alarm_01361,current_alarm_snapshot,2026-05-04 17:57:19,CRITICAL,asset_5235efd7d0,CA,Physical Port Down,2025-06-26 02:26:08,2025-06-26 02:26:08,7503.52,1,SHUTDOWN,DOWN,DOWN,-,-,NORMAL,0.88,link_down
alarm_01362,current_alarm_snapshot,2026-05-04 17:57:19,CRITICAL,asset_ea13d97725,CA,Physical Port Down,2025-06-26 02:26:11,2025-06-26 02:26:11,7503.52,1,LOS,DOWN,UP,-,-,NORMAL,0.88,link_down
alarm_01363,current_alarm_snapshot,2026-05-04 17:57:19,CRITICAL,asset_ea13d97725,CA,Physical Port Down,2025-06-26 02:26:12,2025-06-26 02:26:12,7503.52,1,SHUTDOWN,DOWN,DOWN,-,-,NORMAL,0.88,link_down
alarm_01364,current_alarm_snapshot,2026-05-04 17:57:19,CRITICAL,asset_5235efd7d0,CA,Physical Port Down,2025-06-26 02:26:12,2025-06-26 02:26:12,7503.52,1,SHUTDOWN,DOWN,DOWN,-,-,NORMAL,0.88,link_down
alarm_01365,current_alarm_snapshot,2026-05-04 17:57:19,CRITICAL,asset_ea13d97725,CA,Physical Port Down,2025-06-26 02:26:15,2025-06-26 02:26:15,7503.52,1,SHUTDOWN,DOWN,DOWN,-,-,NORMAL,0.88,link_down
alarm_01366,current_alarm_snapshot,2026-05-04 17:57:19,CRITICAL,asset_5235efd7d0,CA,Physical Port Down,2025-06-26 02:26:15,2025-06-26 02:26:15,7503.52,1,SHUTDOWN,DOWN,DOWN,-,-,NORMAL,0.88,link_down
alarm_01367,current_alarm_snapshot,2026-05-04 17:57:19,CRITICAL,asset_ea13d97725,CA,Physical Port Down,2025-06-26 02:26:19,2025-06-26 02:26:19,7503.52,1,SHUTDOWN,DOWN,DOWN,-,-,NORMAL,0.88,link_down
alarm_01368,current_alarm_snapshot,2026-05-04 17:57:19,CRITICAL,asset_5235efd7d0,CA,Physical Port Down,2025-06-26 02:26:19,2025-06-26 02:26:19,7503.52,1,SHUTDOWN,DOWN,DOWN,-,-,NORMAL,0.88,link_down
alarm_01369,current_alarm_snapshot,2026-05-04 17:57:19,CRITICAL,asset_ea13d97725,CA,Physical Port Down,2025-06-26 02:26:23,2025-06-26 02:26:23,7503.52,1,SHUTDOWN,DOWN,DOWN,-,-,NORMAL,0.88,link_down
alarm_01370,current_alarm_snapshot,2026-05-04 17:57:19,CRITICAL,asset_ea13d97725,CA,Physical Port Down,2025-06-26 02:26:27,2025-06-26 02:26:27,7503.51,1,SHUTDOWN,DOWN,DOWN,-,-,NORMAL,0.88,link_down
alarm_01371,current_alarm_snapshot,2026-05-04 17:57:19,CRITICAL,asset_ea13d97725,CA,Physical Port Down,2025-06-26 02:26:30,2025-06-26 02:26:30,7503.51,1,SHUTDOWN,DOWN,DOWN,-,-,NORMAL,0.88,link_down
alarm_01372,current_alarm_snapshot,2026-05-04 17:57:19,CRITICAL,asset_ea13d97725,CA,Physical Port Down,2025-06-26 02:26:34,2025-06-26 02:26:34,7503.51,1,SHUTDOWN,DOWN,DOWN,-,-,NORMAL,0.88,link_down
alarm_01373,current_alarm_snapshot,2026-05-04 17:57:19,CRITICAL,asset_ea13d97725,CA,Physical Port Down,2025-06-26 02:26:38,2025-06-26 02:26:38,7503.51,1,SHUTDOWN,DOWN,DOWN,-,-,NORMAL,0.88,link_down
alarm_01374,current_alarm_snapshot,2026-05-04 17:57:19,CRITICAL,asset_ea13d97725,CA,Physical Port Down,2025-06-26 02:26:41,2025-06-26 02:26:41,7503.51,1,SHUTDOWN,DOWN,DOWN,-,-,NORMAL,0.88,link_down
alarm_01375,current_alarm_snapshot,2026-05-04 17:57:19,CRITICAL,asset_ea13d97725,CA,Physical Port Down,2025-06-26 02:26:53,2025-06-26 02:26:53,7503.51,1,SHUTDOWN,DOWN,DOWN,-,-,NORMAL,0.88,link_down
alarm_01376,current_alarm_snapshot,2026-05-04 17:57:19,CRITICAL,asset_91b241864c,AG,Physical Port Down,2025-06-26 23:45:39,2025-06-26 23:45:39,7482.19,1,THE,UNREPORTED,UNKNOWN,-,-,NORMAL,0.88,link_down
alarm_01377,current_alarm_snapshot,2026-05-04 17:57:19,CRITICAL,asset_91b241864c,AG,Physical Port Down,2025-06-27 00:14:51,2025-06-27 00:14:51,7481.71,1,THE,UNREPORTED,UNKNOWN,-,-,NORMAL,0.88,link_down
alarm_01378,current_alarm_snapshot,2026-05-04 17:57:19,CRITICAL,asset_91b241864c,AG,Physical Port Down,2025-06-27 01:14:37,2025-06-27 01:14:37,7480.71,1,THE,UNREPORTED,UNKNOWN,-,-,NORMAL,0.88,link_down
alarm_01379,current_alarm_snapshot,2026-05-04 17:57:19,CRITICAL,asset_db3c0f66fe,AG,Physical Port Down,2025-06-27 10:49:59,2025-06-27 10:49:59,7471.12,1,NEGOTIATION_FAIL,DOWN,UP,-,-,NORMAL,0.88,link_down
alarm_01380,current_alarm_snapshot,2026-05-04 17:57:19,CRITICAL,asset_db3c0f66fe,AG,Physical Port Down,2025-06-27 12:01:30,2025-06-27 12:01:30,7469.93,1,NEGOTIATION_FAIL,DOWN,UP,-,-,NORMAL,0.88,link_down
alarm_01381,current_alarm_snapshot,2026-05-04 17:57:19,CRITICAL,asset_5c11c12640,AG,Physical Port Down,2025-06-27 17:03:37,2025-06-27 17:03:37,7464.9,1,LOS,DOWN,UP,-,-,NORMAL,0.88,link_down
alarm_01382,current_alarm_snapshot,2026-05-04 17:57:19,CRITICAL,asset_1b304a6655,AG,Physical Port Down,2025-06-27 18:32:26,2025-06-27 18:32:26,7463.41,1,LOS,DOWN,UP,-,-,NORMAL,0.88,link_down
alarm_01383,current_alarm_snapshot,2026-05-04 17:57:19,CRITICAL,asset_39663d5b92,AG,Physical Port Down,2025-06-27 21:11:52,2025-06-27 21:11:52,7460.76,1,LOS,DOWN,UP,-,-,NORMAL,0.88,link_down
alarm_01384,current_alarm_snapshot,2026-05-04 17:57:19,CRITICAL,asset_b033831ef6,AG,Physical Port Down,2025-06-28 11:34:31,2025-06-28 11:34:31,7446.38,1,NEGOTIATION_FAIL,DOWN,UP,-,-,NORMAL,0.88,link_down
alarm_01385,current_alarm_snapshot,2026-05-04 17:57:19,CRITICAL,asset_ea13d97725,CA,Board Invalid,2025-06-30 00:04:27,2025-06-30 00:04:27,7409.88,1,UNKNOWN,UNKNOWN,UNKNOWN,-,-,NORMAL,0.88,power_energy
alarm_01386,current_alarm_snapshot,2026-05-04 17:57:19,CRITICAL,asset_5235efd7d0,CA,Board Invalid,2025-06-30 00:04:29,2025-06-30 00:04:29,7409.88,1,UNKNOWN,UNKNOWN,UNKNOWN,-,-,NORMAL,0.88,power_energy
alarm_01387,current_alarm_snapshot,2026-05-04 17:57:19,CRITICAL,asset_ea13d97725,CA,Board Invalid,2025-06-30 00:04:34,2025-06-30 00:04:34,7409.88,1,UNKNOWN,UNKNOWN,UNKNOWN,-,-,NORMAL,0.88,power_energy
alarm_01388,current_alarm_snapshot,2026-05-04 17:57:19,CRITICAL,asset_5235efd7d0,CA,Board Invalid,2025-06-30 00:04:36,2025-06-30 00:04:36,7409.88,1,UNKNOWN,UNKNOWN,UNKNOWN,-,-,NORMAL,0.88,power_energy
alarm_01389,current_alarm_snapshot,2026-05-04 17:57:19,CRITICAL,asset_ea13d97725,CA,Board Invalid,2025-06-30 00:04:40,2025-06-30 00:04:40,7409.88,1,UNKNOWN,UNKNOWN,UNKNOWN,-,-,NORMAL,0.88,power_energy
alarm_01390,current_alarm_snapshot,2026-05-04 17:57:19,CRITICAL,asset_5235efd7d0,CA,Board Invalid,2025-06-30 00:04:42,2025-06-30 00:04:42,7409.88,1,UNKNOWN,UNKNOWN,UNKNOWN,-,-,NORMAL,0.88,power_energy
alarm_01391,current_alarm_snapshot,2026-05-04 17:57:19,CRITICAL,asset_ea13d97725,CA,Board Invalid,2025-06-30 00:04:47,2025-06-30 00:04:47,7409.88,1,UNKNOWN,UNKNOWN,UNKNOWN,-,-,NORMAL,0.88,power_energy
alarm_01392,current_alarm_snapshot,2026-05-04 17:57:19,CRITICAL,asset_5235efd7d0,CA,Board Invalid,2025-06-30 00:04:48,2025-06-30 00:04:48,7409.88,1,UNKNOWN,UNKNOWN,UNKNOWN,-,-,NORMAL,0.88,power_energy
alarm_01393,current_alarm_snapshot,2026-05-04 17:57:19,CRITICAL,asset_ea13d97725,CA,Board Invalid,2025-06-30 00:04:53,2025-06-30 00:04:53,7409.87,1,UNKNOWN,UNKNOWN,UNKNOWN,-,-,NORMAL,0.88,power_energy
alarm_01394,current_alarm_snapshot,2026-05-04 17:57:19,CRITICAL,asset_5235efd7d0,CA,Board Invalid,2025-06-30 00:04:54,2025-06-30 00:04:54,7409.87,1,UNKNOWN,UNKNOWN,UNKNOWN,-,-,NORMAL,0.88,power_energy
alarm_01395,current_alarm_snapshot,2026-05-04 17:57:19,CRITICAL,asset_b4df8f0955,AR,Physical Port Down,2025-06-30 11:11:51,2025-06-30 11:11:51,7398.76,1,LOS,UP,UP,-,-,NORMAL,0.88,link_down
alarm_01396,current_alarm_snapshot,2026-05-04 17:57:19,CRITICAL,asset_91b241864c,AG,Physical Port Down,2025-06-30 22:33:44,2025-06-30 22:33:44,7387.39,1,THE,UNREPORTED,UNKNOWN,-,-,NORMAL,0.88,link_down
alarm_01397,current_alarm_snapshot,2026-05-04 17:57:19,CRITICAL,asset_5235efd7d0,CA,Physical Port Down,2025-07-01 00:03:32,2025-07-01 00:03:32,7385.9,1,SHUTDOWN,DOWN,DOWN,-,-,NORMAL,0.88,link_down
alarm_01398,current_alarm_snapshot,2026-05-04 17:57:19,CRITICAL,asset_5235efd7d0,CA,Physical Port Down,2025-07-01 00:03:36,2025-07-01 00:03:36,7385.9,1,SHUTDOWN,DOWN,DOWN,-,-,NORMAL,0.88,link_down
alarm_01399,current_alarm_snapshot,2026-05-04 17:57:19,CRITICAL,asset_5235efd7d0,CA,Physical Port Down,2025-07-01 00:03:39,2025-07-01 00:03:39,7385.89,1,SHUTDOWN,DOWN,DOWN,-,-,NORMAL,0.88,link_down
alarm_01400,current_alarm_snapshot,2026-05-04 17:57:19,CRITICAL,asset_5235efd7d0,CA,Physical Port Down,2025-07-01 00:03:43,2025-07-01 00:03:43,7385.89,1,SHUTDOWN,DOWN,DOWN,-,-,NORMAL,0.88,link_down
alarm_01401,current_alarm_snapshot,2026-05-04 17:57:19,CRITICAL,asset_5235efd7d0,CA,Physical Port Down,2025-07-01 00:03:46,2025-07-01 00:03:46,7385.89,1,SHUTDOWN,DOWN,DOWN,-,-,NORMAL,0.88,link_down
alarm_01402,current_alarm_snapshot,2026-05-04 17:57:19,CRITICAL,asset_5235efd7d0,CA,Physical Port Down,2025-07-01 00:03:51,2025-07-01 00:03:51,7385.89,1,SHUTDOWN,DOWN,DOWN,-,-,NORMAL,0.88,link_down
alarm_01403,current_alarm_snapshot,2026-05-04 17:57:19,CRITICAL,asset_5235efd7d0,CA,Physical Port Down,2025-07-01 00:03:55,2025-07-01 00:03:55,7385.89,1,SHUTDOWN,DOWN,DOWN,-,-,NORMAL,0.88,link_down
alarm_01404,current_alarm_snapshot,2026-05-04 17:57:19,CRITICAL,asset_5235efd7d0,CA,Physical Port Down,2025-07-01 00:03:58,2025-07-01 00:03:58,7385.89,1,SHUTDOWN,DOWN,DOWN,-,-,NORMAL,0.88,link_down
alarm_01405,current_alarm_snapshot,2026-05-04 17:57:19,CRITICAL,asset_5235efd7d0,CA,Physical Port Down,2025-07-01 00:04:02,2025-07-01 00:04:02,7385.89,1,SHUTDOWN,DOWN,DOWN,-,-,NORMAL,0.88,link_down
alarm_01406,current_alarm_snapshot,2026-05-04 17:57:19,CRITICAL,asset_5235efd7d0,CA,Physical Port Down,2025-07-01 00:04:07,2025-07-01 00:04:07,7385.89,1,SHUTDOWN,DOWN,DOWN,-,-,NORMAL,0.88,link_down
alarm_01407,current_alarm_snapshot,2026-05-04 17:57:19,CRITICAL,asset_5235efd7d0,CA,Physical Port Down,2025-07-01 00:04:10,2025-07-01 00:04:10,7385.89,1,SHUTDOWN,DOWN,DOWN,-,-,NORMAL,0.88,link_down
alarm_01408,current_alarm_snapshot,2026-05-04 17:57:19,CRITICAL,asset_5235efd7d0,CA,Physical Port Down,2025-07-01 00:04:14,2025-07-01 00:04:14,7385.88,1,SHUTDOWN,DOWN,DOWN,-,-,NORMAL,0.88,link_down
alarm_01409,current_alarm_snapshot,2026-05-04 17:57:19,CRITICAL,asset_5235efd7d0,CA,Physical Port Down,2025-07-01 00:04:17,2025-07-01 00:04:17,7385.88,1,SHUTDOWN,DOWN,DOWN,-,-,NORMAL,0.88,link_down
alarm_01410,current_alarm_snapshot,2026-05-04 17:57:19,CRITICAL,asset_5235efd7d0,CA,Physical Port Down,2025-07-01 00:04:21,2025-07-01 00:04:21,7385.88,1,SHUTDOWN,DOWN,DOWN,-,-,NORMAL,0.88,link_down
alarm_01411,current_alarm_snapshot,2026-05-04 17:57:19,CRITICAL,asset_5235efd7d0,CA,Physical Port Down,2025-07-01 00:04:25,2025-07-01 00:04:25,7385.88,1,SHUTDOWN,DOWN,DOWN,-,-,NORMAL,0.88,link_down
alarm_01412,current_alarm_snapshot,2026-05-04 17:57:19,CRITICAL,asset_5235efd7d0,CA,Physical Port Down,2025-07-01 00:04:28,2025-07-01 00:04:28,7385.88,1,SHUTDOWN,DOWN,DOWN,-,-,NORMAL,0.88,link_down
alarm_01413,current_alarm_snapshot,2026-05-04 17:57:19,CRITICAL,asset_5235efd7d0,CA,Physical Port Down,2025-07-01 00:04:32,2025-07-01 00:04:32,7385.88,1,SHUTDOWN,DOWN,DOWN,-,-,NORMAL,0.88,link_down
alarm_01414,current_alarm_snapshot,2026-05-04 17:57:19,CRITICAL,asset_5235efd7d0,CA,Physical Port Down,2025-07-01 00:04:36,2025-07-01 00:04:36,7385.88,1,SHUTDOWN,DOWN,DOWN,-,-,NORMAL,0.88,link_down
alarm_01415,current_alarm_snapshot,2026-05-04 17:57:19,CRITICAL,asset_5235efd7d0,CA,Physical Port Down,2025-07-01 00:04:40,2025-07-01 00:04:40,7385.88,1,SHUTDOWN,DOWN,DOWN,-,-,NORMAL,0.88,link_down
alarm_01416,current_alarm_snapshot,2026-05-04 17:57:19,CRITICAL,asset_5235efd7d0,CA,Physical Port Down,2025-07-01 00:04:43,2025-07-01 00:04:43,7385.88,1,SHUTDOWN,DOWN,DOWN,-,-,NORMAL,0.88,link_down
alarm_01417,current_alarm_snapshot,2026-05-04 17:57:19,CRITICAL,asset_5235efd7d0,CA,Physical Port Down,2025-07-01 00:04:47,2025-07-01 00:04:47,7385.88,1,SHUTDOWN,DOWN,DOWN,-,-,NORMAL,0.88,link_down
alarm_01418,current_alarm_snapshot,2026-05-04 17:57:19,CRITICAL,asset_5235efd7d0,CA,Physical Port Down,2025-07-01 00:04:50,2025-07-01 00:04:50,7385.87,1,SHUTDOWN,DOWN,DOWN,-,-,NORMAL,0.88,link_down
alarm_01419,current_alarm_snapshot,2026-05-04 17:57:19,CRITICAL,asset_ea13d97725,CA,Physical Port Down,2025-07-01 00:18:17,2025-07-01 00:18:17,7385.65,1,NEGOTIATION_FAIL,DOWN,UP,-,-,NORMAL,0.88,link_down
alarm_01420,current_alarm_snapshot,2026-05-04 17:57:19,CRITICAL,asset_ea13d97725,CA,Physical Port Down,2025-07-01 00:19:00,2025-07-01 00:19:00,7385.64,1,LOS,DOWN,UP,-,-,NORMAL,0.88,link_down
alarm_01421,current_alarm_snapshot,2026-05-04 17:57:19,CRITICAL,asset_ea13d97725,CA,Physical Port Down,2025-07-01 00:19:34,2025-07-01 00:19:34,7385.63,1,LOS,DOWN,UP,-,-,NORMAL,0.88,link_down
alarm_01422,current_alarm_snapshot,2026-05-04 17:57:19,CRITICAL,asset_ea13d97725,CA,Physical Port Down,2025-07-01 00:20:09,2025-07-01 00:20:09,7385.62,1,LOS,DOWN,UP,-,-,NORMAL,0.88,link_down
alarm_01423,current_alarm_snapshot,2026-05-04 17:57:19,CRITICAL,asset_ea13d97725,CA,Physical Port Down,2025-07-01 00:20:56,2025-07-01 00:20:56,7385.61,1,NEGOTIATION_FAIL,DOWN,UP,-,-,NORMAL,0.88,link_down
alarm_01424,current_alarm_snapshot,2026-05-04 17:57:19,CRITICAL,asset_ea13d97725,CA,Physical Port Down,2025-07-01 00:21:25,2025-07-01 00:21:25,7385.6,1,LOS,DOWN,UP,-,-,NORMAL,0.88,link_down
alarm_01425,current_alarm_snapshot,2026-05-04 17:57:19,CRITICAL,asset_ea13d97725,CA,Physical Port Down,2025-07-01 00:21:55,2025-07-01 00:21:55,7385.59,1,LOS,DOWN,UP,-,-,NORMAL,0.88,link_down
alarm_01426,current_alarm_snapshot,2026-05-04 17:57:19,CRITICAL,asset_ea13d97725,CA,Physical Port Down,2025-07-01 00:47:38,2025-07-01 00:47:38,7385.16,1,LOS,DOWN,UP,-,-,NORMAL,0.88,link_down
alarm_01427,current_alarm_snapshot,2026-05-04 17:57:19,CRITICAL,asset_ea13d97725,CA,Physical Port Down,2025-07-01 00:47:41,2025-07-01 00:47:41,7385.16,1,LOS,DOWN,UP,-,-,NORMAL,0.88,link_down
alarm_01428,current_alarm_snapshot,2026-05-04 17:57:19,CRITICAL,asset_ea13d97725,CA,Physical Port Down,2025-07-01 00:48:15,2025-07-01 00:48:15,7385.15,1,LOS,DOWN,UP,-,-,NORMAL,0.88,link_down
alarm_01429,current_alarm_snapshot,2026-05-04 17:57:19,CRITICAL,asset_ea13d97725,CA,Physical Port Down,2025-07-01 00:48:37,2025-07-01 00:48:37,7385.15,1,LOS,DOWN,UP,-,-,NORMAL,0.88,link_down
alarm_01430,current_alarm_snapshot,2026-05-04 17:57:19,CRITICAL,asset_ea13d97725,CA,Physical Port Down,2025-07-01 00:48:57,2025-07-01 00:48:57,7385.14,1,NEGOTIATION_FAIL,DOWN,UP,-,-,NORMAL,0.88,link_down
alarm_01431,current_alarm_snapshot,2026-05-04 17:57:19,CRITICAL,asset_ea13d97725,CA,Physical Port Down,2025-07-01 00:49:30,2025-07-01 00:49:30,7385.13,1,LOS,DOWN,UP,-,-,NORMAL,0.88,link_down
alarm_01432,current_alarm_snapshot,2026-05-04 17:57:19,CRITICAL,asset_ea13d97725,CA,Physical Port Down,2025-07-01 00:50:17,2025-07-01 00:50:17,7385.12,1,LOS,DOWN,UP,-,-,NORMAL,0.88,link_down
alarm_01433,current_alarm_snapshot,2026-05-04 17:57:19,CRITICAL,asset_ea13d97725,CA,Physical Port Down,2025-07-01 00:50:51,2025-07-01 00:50:51,7385.11,1,LOS,DOWN,UP,-,-,NORMAL,0.88,link_down
alarm_01434,current_alarm_snapshot,2026-05-04 17:57:19,CRITICAL,asset_ea13d97725,CA,Physical Port Down,2025-07-01 00:52:19,2025-07-01 00:52:19,7385.08,1,LOS,DOWN,UP,-,-,NORMAL,0.88,link_down
alarm_01435,current_alarm_snapshot,2026-05-04 17:57:19,CRITICAL,asset_ea13d97725,CA,Physical Port Down,2025-07-01 01:08:44,2025-07-01 01:08:44,7384.81,1,SHUTDOWN,DOWN,DOWN,-,-,NORMAL,0.88,link_down
alarm_01436,current_alarm_snapshot,2026-05-04 17:57:19,CRITICAL,asset_ea13d97725,CA,Physical Port Down,2025-07-01 01:08:48,2025-07-01 01:08:48,7384.81,1,SHUTDOWN,DOWN,DOWN,-,-,NORMAL,0.88,link_down
alarm_01437,current_alarm_snapshot,2026-05-04 17:57:19,CRITICAL,asset_ea13d97725,CA,Physical Port Down,2025-07-01 01:08:51,2025-07-01 01:08:51,7384.81,1,SHUTDOWN,DOWN,DOWN,-,-,NORMAL,0.88,link_down
alarm_01438,current_alarm_snapshot,2026-05-04 17:57:19,CRITICAL,asset_ea13d97725,CA,Physical Port Down,2025-07-01 01:08:55,2025-07-01 01:08:55,7384.81,1,SHUTDOWN,DOWN,DOWN,-,-,NORMAL,0.88,link_down
alarm_01439,current_alarm_snapshot,2026-05-04 17:57:19,CRITICAL,asset_ea13d97725,CA,Physical Port Down,2025-07-01 01:09:05,2025-07-01 01:09:05,7384.8,1,SHUTDOWN,DOWN,DOWN,-,-,NORMAL,0.88,link_down
alarm_01440,current_alarm_snapshot,2026-05-04 17:57:19,CRITICAL,asset_ea13d97725,CA,Physical Port Down,2025-07-01 01:09:09,2025-07-01 01:09:09,7384.8,1,SHUTDOWN,DOWN,DOWN,-,-,NORMAL,0.88,link_down
alarm_01441,current_alarm_snapshot,2026-05-04 17:57:19,CRITICAL,asset_4340219477,IPBN,Physical Port Down,2025-07-01 01:44:48,2025-07-01 01:44:48,7384.21,1,THE,UNREPORTED,UNKNOWN,-,-,NORMAL,0.88,equipment_module
alarm_01442,current_alarm_snapshot,2026-05-04 17:57:19,CRITICAL,asset_4340219477,IPBN,Physical Port Down,2025-07-01 01:44:48,2025-07-01 01:44:48,7384.21,1,THE,UNREPORTED,UNKNOWN,-,-,NORMAL,0.88,equipment_module
alarm_01443,current_alarm_snapshot,2026-05-04 17:57:19,CRITICAL,asset_4340219477,IPBN,Physical Port Down,2025-07-01 01:45:04,2025-07-01 01:45:04,7384.2,1,THE,UNREPORTED,UNKNOWN,-,-,NORMAL,0.88,equipment_module
alarm_01444,current_alarm_snapshot,2026-05-04 17:57:19,CRITICAL,asset_aae3bbd02e,AG,Physical Port Down,2025-07-01 11:41:50,2025-07-01 11:41:50,7374.26,1,LOS,DOWN,UP,-,-,NORMAL,0.88,link_down
alarm_01445,current_alarm_snapshot,2026-05-04 17:57:19,CRITICAL,asset_5e27d6ffa0,AG,Physical Port Down,2025-07-01 12:32:39,2025-07-01 12:32:39,7373.41,1,SHUTDOWN,DOWN,DOWN,-,-,NORMAL,0.88,link_down
alarm_01446,current_alarm_snapshot,2026-05-04 17:57:19,CRITICAL,asset_5e27d6ffa0,AG,Physical Port Down,2025-07-01 12:32:39,2025-07-01 12:32:39,7373.41,1,SHUTDOWN,DOWN,DOWN,-,-,NORMAL,0.88,link_down
alarm_01447,current_alarm_snapshot,2026-05-04 17:57:19,CRITICAL,asset_5c11c12640,AG,Physical Port Down,2025-07-02 11:13:38,2025-07-02 11:13:38,7350.73,1,SHUTDOWN,DOWN,DOWN,-,-,NORMAL,0.88,link_down
alarm_01448,current_alarm_snapshot,2026-05-04 17:57:19,CRITICAL,asset_5c11c12640,AG,Physical Port Down,2025-07-02 11:13:38,2025-07-02 11:13:38,7350.73,1,SHUTDOWN,DOWN,DOWN,-,-,NORMAL,0.88,link_down
alarm_01449,current_alarm_snapshot,2026-05-04 17:57:19,CRITICAL,asset_8d6b835d22,AG,Physical Port Down,2025-07-02 13:23:42,2025-07-02 13:23:42,7348.56,1,SHUTDOWN,DOWN,DOWN,-,-,NORMAL,0.88,link_down
alarm_01450,current_alarm_snapshot,2026-05-04 17:57:19,CRITICAL,asset_8d6b835d22,AG,Physical Port Down,2025-07-02 13:23:49,2025-07-02 13:23:49,7348.56,1,SHUTDOWN,DOWN,DOWN,-,-,NORMAL,0.88,link_down
alarm_01451,current_alarm_snapshot,2026-05-04 17:57:19,CRITICAL,asset_8d6b835d22,AG,Physical Port Down,2025-07-02 13:23:57,2025-07-02 13:23:57,7348.56,1,SHUTDOWN,DOWN,DOWN,-,-,NORMAL,0.88,link_down
alarm_01452,current_alarm_snapshot,2026-05-04 17:57:19,CRITICAL,asset_8d6b835d22,AG,Physical Port Down,2025-07-02 13:24:05,2025-07-02 13:24:05,7348.55,1,SHUTDOWN,DOWN,DOWN,-,-,NORMAL,0.88,link_down
alarm_01453,current_alarm_snapshot,2026-05-04 17:57:19,CRITICAL,asset_9265103f9b,AG,Physical Port Down,2025-07-02 15:34:35,2025-07-02 15:34:35,7346.38,1,LOS,DOWN,UP,-,-,NORMAL,0.88,link_down
alarm_01454,current_alarm_snapshot,2026-05-04 17:57:19,CRITICAL,asset_9265103f9b,AG,Physical Port Down,2025-07-02 15:34:42,2025-07-02 15:34:42,7346.38,1,LOS,DOWN,UP,-,-,NORMAL,0.88,link_down
alarm_01455,current_alarm_snapshot,2026-05-04 17:57:19,CRITICAL,asset_9265103f9b,AG,Physical Port Down,2025-07-02 15:34:50,2025-07-02 15:34:50,7346.37,1,LOS,DOWN,UP,-,-,NORMAL,0.88,link_down
alarm_01456,current_alarm_snapshot,2026-05-04 17:57:19,CRITICAL,asset_9265103f9b,AG,Physical Port Down,2025-07-02 15:34:58,2025-07-02 15:34:58,7346.37,1,LOS,DOWN,UP,-,-,NORMAL,0.88,link_down
alarm_01457,current_alarm_snapshot,2026-05-04 17:57:19,CRITICAL,asset_59ab1a6b52,AG,Physical Port Down,2025-07-02 17:23:19,2025-07-02 17:23:19,7344.57,1,LOS,DOWN,UP,-,-,NORMAL,0.88,link_down
alarm_01458,current_alarm_snapshot,2026-05-04 17:57:19,CRITICAL,asset_59ab1a6b52,AG,Physical Port Down,2025-07-02 17:23:34,2025-07-02 17:23:34,7344.56,1,LOS,DOWN,UP,-,-,NORMAL,0.88,link_down
alarm_01459,current_alarm_snapshot,2026-05-04 17:57:19,CRITICAL,asset_8700f9dfeb,AR,Physical Port Down,2025-07-02 17:27:01,2025-07-02 17:27:01,7344.51,1,LOS,UNREPORTED,UNKNOWN,-,-,NORMAL,0.88,link_down
alarm_01460,current_alarm_snapshot,2026-05-04 17:57:19,CRITICAL,asset_c76218e141,AG,Physical Port Down,2025-07-02 21:23:16,2025-07-02 21:23:16,7340.57,1,LOS,DOWN,UP,-,-,NORMAL,0.88,link_down
alarm_01461,current_alarm_snapshot,2026-05-04 17:57:19,CRITICAL,asset_c76218e141,AG,Physical Port Down,2025-07-02 21:23:19,2025-07-02 21:23:19,7340.57,1,LOS,DOWN,UP,-,-,NORMAL,0.88,link_down
alarm_01462,current_alarm_snapshot,2026-05-04 17:57:19,CRITICAL,asset_a609963d4d,AR,Physical Port Down,2025-07-07 08:00:15,2025-07-07 08:00:15,7233.95,1,LOS,DOWN,UP,-,-,NORMAL,0.88,link_down
alarm_01463,current_alarm_snapshot,2026-05-04 17:57:19,CRITICAL,asset_76c3656efc,AG,Physical Port Down,2025-07-07 11:14:13,2025-07-07 11:14:13,7230.72,1,SHUTDOWN,DOWN,DOWN,-,-,NORMAL,0.88,link_down
alarm_01464,current_alarm_snapshot,2026-05-04 17:57:19,CRITICAL,asset_76c3656efc,AG,Physical Port Down,2025-07-07 11:14:13,2025-07-07 11:14:13,7230.72,1,SHUTDOWN,DOWN,DOWN,-,-,NORMAL,0.88,link_down
alarm_01465,current_alarm_snapshot,2026-05-04 17:57:19,CRITICAL,asset_2016d65a98,AG,Physical Port Down,2025-07-07 18:43:52,2025-07-07 18:43:52,7223.22,1,LOS,DOWN,UP,-,-,NORMAL,0.88,link_down
alarm_01466,current_alarm_snapshot,2026-05-04 17:57:19,CRITICAL,asset_2016d65a98,AG,Physical Port Down,2025-07-07 18:44:07,2025-07-07 18:44:07,7223.22,1,LOS,DOWN,UP,-,-,NORMAL,0.88,link_down
alarm_01467,current_alarm_snapshot,2026-05-04 17:57:19,CRITICAL,asset_5235efd7d0,CA,Physical Port Down,2025-07-08 00:02:18,2025-07-08 00:02:18,7217.92,1,SHUTDOWN,DOWN,DOWN,-,-,NORMAL,0.88,link_down
alarm_01468,current_alarm_snapshot,2026-05-04 17:57:19,CRITICAL,asset_5235efd7d0,CA,Physical Port Down,2025-07-08 00:02:21,2025-07-08 00:02:21,7217.92,1,SHUTDOWN,DOWN,DOWN,-,-,NORMAL,0.88,link_down
alarm_01469,current_alarm_snapshot,2026-05-04 17:57:19,CRITICAL,asset_5235efd7d0,CA,Physical Port Down,2025-07-08 00:02:25,2025-07-08 00:02:25,7217.91,1,SHUTDOWN,DOWN,DOWN,-,-,NORMAL,0.88,link_down
alarm_01470,current_alarm_snapshot,2026-05-04 17:57:19,CRITICAL,asset_5235efd7d0,CA,Physical Port Down,2025-07-08 00:02:28,2025-07-08 00:02:28,7217.91,1,SHUTDOWN,DOWN,DOWN,-,-,NORMAL,0.88,link_down
alarm_01471,current_alarm_snapshot,2026-05-04 17:57:19,CRITICAL,asset_5235efd7d0,CA,Physical Port Down,2025-07-08 00:02:32,2025-07-08 00:02:32,7217.91,1,SHUTDOWN,DOWN,DOWN,-,-,NORMAL,0.88,link_down
alarm_01472,current_alarm_snapshot,2026-05-04 17:57:19,CRITICAL,asset_5235efd7d0,CA,Physical Port Down,2025-07-08 00:02:37,2025-07-08 00:02:37,7217.91,1,SHUTDOWN,DOWN,DOWN,-,-,NORMAL,0.88,link_down
alarm_01473,current_alarm_snapshot,2026-05-04 17:57:19,CRITICAL,asset_5235efd7d0,CA,Physical Port Down,2025-07-08 00:02:41,2025-07-08 00:02:41,7217.91,1,SHUTDOWN,DOWN,DOWN,-,-,NORMAL,0.88,link_down
alarm_01474,current_alarm_snapshot,2026-05-04 17:57:19,CRITICAL,asset_5235efd7d0,CA,Physical Port Down,2025-07-08 00:02:44,2025-07-08 00:02:44,7217.91,1,SHUTDOWN,DOWN,DOWN,-,-,NORMAL,0.88,link_down
alarm_01475,current_alarm_snapshot,2026-05-04 17:57:19,CRITICAL,asset_5235efd7d0,CA,Physical Port Down,2025-07-08 00:02:48,2025-07-08 00:02:48,7217.91,1,SHUTDOWN,DOWN,DOWN,-,-,NORMAL,0.88,link_down
alarm_01476,current_alarm_snapshot,2026-05-04 17:57:19,CRITICAL,asset_5235efd7d0,CA,Physical Port Down,2025-07-08 00:02:51,2025-07-08 00:02:51,7217.91,1,SHUTDOWN,DOWN,DOWN,-,-,NORMAL,0.88,link_down
alarm_01477,current_alarm_snapshot,2026-05-04 17:57:19,CRITICAL,asset_5235efd7d0,CA,Physical Port Down,2025-07-08 00:02:55,2025-07-08 00:02:55,7217.91,1,SHUTDOWN,DOWN,DOWN,-,-,NORMAL,0.88,link_down
alarm_01478,current_alarm_snapshot,2026-05-04 17:57:19,CRITICAL,asset_5235efd7d0,CA,Physical Port Down,2025-07-08 00:02:58,2025-07-08 00:02:58,7217.91,1,SHUTDOWN,DOWN,DOWN,-,-,NORMAL,0.88,link_down
alarm_01479,current_alarm_snapshot,2026-05-04 17:57:19,CRITICAL,asset_5235efd7d0,CA,Physical Port Down,2025-07-08 00:03:01,2025-07-08 00:03:01,7217.9,1,SHUTDOWN,DOWN,DOWN,-,-,NORMAL,0.88,link_down
alarm_01480,current_alarm_snapshot,2026-05-04 17:57:19,CRITICAL,asset_5235efd7d0,CA,Physical Port Down,2025-07-08 00:03:05,2025-07-08 00:03:05,7217.9,1,SHUTDOWN,DOWN,DOWN,-,-,NORMAL,0.88,link_down
alarm_01481,current_alarm_snapshot,2026-05-04 17:57:19,CRITICAL,asset_5235efd7d0,CA,Physical Port Down,2025-07-08 00:03:08,2025-07-08 00:03:08,7217.9,1,SHUTDOWN,DOWN,DOWN,-,-,NORMAL,0.88,link_down
alarm_01482,current_alarm_snapshot,2026-05-04 17:57:19,CRITICAL,asset_5235efd7d0,CA,Physical Port Down,2025-07-08 00:03:12,2025-07-08 00:03:12,7217.9,1,SHUTDOWN,DOWN,DOWN,-,-,NORMAL,0.88,link_down
alarm_01483,current_alarm_snapshot,2026-05-04 17:57:19,CRITICAL,asset_5235efd7d0,CA,Physical Port Down,2025-07-08 00:03:15,2025-07-08 00:03:15,7217.9,1,SHUTDOWN,DOWN,DOWN,-,-,NORMAL,0.88,link_down
alarm_01484,current_alarm_snapshot,2026-05-04 17:57:19,CRITICAL,asset_5235efd7d0,CA,Physical Port Down,2025-07-08 00:03:19,2025-07-08 00:03:19,7217.9,1,SHUTDOWN,DOWN,DOWN,-,-,NORMAL,0.88,link_down
alarm_01485,current_alarm_snapshot,2026-05-04 17:57:19,CRITICAL,asset_5235efd7d0,CA,Physical Port Down,2025-07-08 00:03:22,2025-07-08 00:03:22,7217.9,1,SHUTDOWN,DOWN,DOWN,-,-,NORMAL,0.88,link_down
alarm_01486,current_alarm_snapshot,2026-05-04 17:57:19,CRITICAL,asset_5235efd7d0,CA,Physical Port Down,2025-07-08 00:03:26,2025-07-08 00:03:26,7217.9,1,SHUTDOWN,DOWN,DOWN,-,-,NORMAL,0.88,link_down
alarm_01487,current_alarm_snapshot,2026-05-04 17:57:19,CRITICAL,asset_5235efd7d0,CA,Physical Port Down,2025-07-08 00:03:29,2025-07-08 00:03:29,7217.9,1,SHUTDOWN,DOWN,DOWN,-,-,NORMAL,0.88,link_down
alarm_01488,current_alarm_snapshot,2026-05-04 17:57:19,CRITICAL,asset_5235efd7d0,CA,Physical Port Down,2025-07-08 00:03:32,2025-07-08 00:03:32,7217.9,1,SHUTDOWN,DOWN,DOWN,-,-,NORMAL,0.88,link_down
alarm_01489,current_alarm_snapshot,2026-05-04 17:57:19,CRITICAL,asset_ea13d97725,CA,Physical Port Down,2025-07-08 00:34:57,2025-07-08 00:34:57,7217.37,1,SHUTDOWN,DOWN,DOWN,-,-,NORMAL,0.88,link_down
alarm_01490,current_alarm_snapshot,2026-05-04 17:57:19,CRITICAL,asset_ea13d97725,CA,Physical Port Down,2025-07-08 00:35:01,2025-07-08 00:35:01,7217.37,1,SHUTDOWN,DOWN,DOWN,-,-,NORMAL,0.88,link_down
alarm_01491,current_alarm_snapshot,2026-05-04 17:57:19,CRITICAL,asset_ea13d97725,CA,Physical Port Down,2025-07-08 00:35:04,2025-07-08 00:35:04,7217.37,1,SHUTDOWN,DOWN,DOWN,-,-,NORMAL,0.88,link_down
alarm_01492,current_alarm_snapshot,2026-05-04 17:57:19,CRITICAL,asset_ea13d97725,CA,Physical Port Down,2025-07-08 00:35:08,2025-07-08 00:35:08,7217.37,1,SHUTDOWN,DOWN,DOWN,-,-,NORMAL,0.88,link_down
alarm_01493,current_alarm_snapshot,2026-05-04 17:57:19,CRITICAL,asset_ea13d97725,CA,Physical Port Down,2025-07-08 00:35:11,2025-07-08 00:35:11,7217.37,1,SHUTDOWN,DOWN,DOWN,-,-,NORMAL,0.88,link_down
alarm_01494,current_alarm_snapshot,2026-05-04 17:57:19,CRITICAL,asset_ea13d97725,CA,Physical Port Down,2025-07-08 00:35:14,2025-07-08 00:35:14,7217.37,1,SHUTDOWN,DOWN,DOWN,-,-,NORMAL,0.88,link_down
alarm_01495,current_alarm_snapshot,2026-05-04 17:57:19,CRITICAL,asset_ea13d97725,CA,Physical Port Down,2025-07-08 00:35:18,2025-07-08 00:35:18,7217.37,1,SHUTDOWN,DOWN,DOWN,-,-,NORMAL,0.88,link_down
alarm_01496,current_alarm_snapshot,2026-05-04 17:57:19,CRITICAL,asset_ea13d97725,CA,Physical Port Down,2025-07-08 00:35:21,2025-07-08 00:35:21,7217.37,1,SHUTDOWN,DOWN,DOWN,-,-,NORMAL,0.88,link_down
alarm_01497,current_alarm_snapshot,2026-05-04 17:57:19,CRITICAL,asset_ea13d97725,CA,Physical Port Down,2025-07-08 00:35:25,2025-07-08 00:35:25,7217.36,1,SHUTDOWN,DOWN,DOWN,-,-,NORMAL,0.88,link_down
alarm_01498,current_alarm_snapshot,2026-05-04 17:57:19,CRITICAL,asset_ea13d97725,CA,Physical Port Down,2025-07-08 00:35:28,2025-07-08 00:35:28,7217.36,1,SHUTDOWN,DOWN,DOWN,-,-,NORMAL,0.88,link_down
alarm_01499,current_alarm_snapshot,2026-05-04 17:57:19,CRITICAL,asset_ea13d97725,CA,Physical Port Down,2025-07-08 00:35:31,2025-07-08 00:35:31,7217.36,1,SHUTDOWN,DOWN,DOWN,-,-,NORMAL,0.88,link_down
alarm_01500,current_alarm_snapshot,2026-05-04 17:57:19,CRITICAL,asset_ea13d97725,CA,Physical Port Down,2025-07-08 00:35:35,2025-07-08 00:35:35,7217.36,1,SHUTDOWN,DOWN,DOWN,-,-,NORMAL,0.88,link_down
alarm_01501,current_alarm_snapshot,2026-05-04 17:57:19,CRITICAL,asset_ea13d97725,CA,Physical Port Down,2025-07-08 00:35:38,2025-07-08 00:35:38,7217.36,1,SHUTDOWN,DOWN,DOWN,-,-,NORMAL,0.88,link_down
alarm_01502,current_alarm_snapshot,2026-05-04 17:57:19,CRITICAL,asset_ea13d97725,CA,Physical Port Down,2025-07-08 00:35:42,2025-07-08 00:35:42,7217.36,1,SHUTDOWN,DOWN,DOWN,-,-,NORMAL,0.88,link_down
alarm_01503,current_alarm_snapshot,2026-05-04 17:57:19,CRITICAL,asset_ea13d97725,CA,Physical Port Down,2025-07-08 00:35:45,2025-07-08 00:35:45,7217.36,1,SHUTDOWN,DOWN,DOWN,-,-,NORMAL,0.88,link_down
alarm_01504,current_alarm_snapshot,2026-05-04 17:57:19,CRITICAL,asset_ea13d97725,CA,Physical Port Down,2025-07-08 00:35:49,2025-07-08 00:35:49,7217.36,1,SHUTDOWN,DOWN,DOWN,-,-,NORMAL,0.88,link_down
alarm_01505,current_alarm_snapshot,2026-05-04 17:57:19,CRITICAL,asset_ea13d97725,CA,Physical Port Down,2025-07-08 00:35:52,2025-07-08 00:35:52,7217.36,1,SHUTDOWN,DOWN,DOWN,-,-,NORMAL,0.88,link_down
alarm_01506,current_alarm_snapshot,2026-05-04 17:57:19,CRITICAL,asset_ea13d97725,CA,Physical Port Down,2025-07-08 00:35:56,2025-07-08 00:35:56,7217.36,1,SHUTDOWN,DOWN,DOWN,-,-,NORMAL,0.88,link_down
alarm_01507,current_alarm_snapshot,2026-05-04 17:57:19,CRITICAL,asset_ea13d97725,CA,Physical Port Down,2025-07-08 00:35:59,2025-07-08 00:35:59,7217.36,1,SHUTDOWN,DOWN,DOWN,-,-,NORMAL,0.88,link_down
alarm_01508,current_alarm_snapshot,2026-05-04 17:57:19,CRITICAL,asset_ea13d97725,CA,Physical Port Down,2025-07-08 00:36:02,2025-07-08 00:36:02,7217.35,1,SHUTDOWN,DOWN,DOWN,-,-,NORMAL,0.88,link_down
alarm_01509,current_alarm_snapshot,2026-05-04 17:57:19,CRITICAL,asset_ea13d97725,CA,Physical Port Down,2025-07-08 00:36:06,2025-07-08 00:36:06,7217.35,1,SHUTDOWN,DOWN,DOWN,-,-,NORMAL,0.88,link_down
alarm_01510,current_alarm_snapshot,2026-05-04 17:57:19,CRITICAL,asset_ea13d97725,CA,Physical Port Down,2025-07-08 00:36:09,2025-07-08 00:36:09,7217.35,1,SHUTDOWN,DOWN,DOWN,-,-,NORMAL,0.88,link_down
alarm_01511,current_alarm_snapshot,2026-05-04 17:57:19,CRITICAL,asset_ac87b78b25,AR,Physical Port Down,2025-07-08 10:10:49,2025-07-08 10:10:49,7207.77,1,LOS,UNREPORTED,UNKNOWN,-,-,NORMAL,0.88,link_down
alarm_01512,current_alarm_snapshot,2026-05-04 17:57:19,CRITICAL,asset_9d22813a20,AR,Physical Port Down,2025-07-08 10:15:44,2025-07-08 10:15:44,7207.69,1,LOS,DOWN,UP,-,-,NORMAL,0.88,link_down
alarm_01513,current_alarm_snapshot,2026-05-04 17:57:19,CRITICAL,asset_4d34e1d644,AR,Physical Port Down,2025-07-08 10:55:23,2025-07-08 10:55:23,7207.03,1,NEGOTIATION_FAIL,UNREPORTED,UNKNOWN,-,-,NORMAL,0.88,link_down
alarm_01514,current_alarm_snapshot,2026-05-04 17:57:19,CRITICAL,asset_8ccb1877ea,AR,Physical Port Down,2025-07-08 12:44:02,2025-07-08 12:44:02,7205.22,1,NEGOTIATION_FAIL,DOWN,UP,-,-,NORMAL,0.88,link_down
alarm_01515,current_alarm_snapshot,2026-05-04 17:57:19,CRITICAL,asset_9b82a199f6,AR,Physical Port Down,2025-07-08 13:44:34,2025-07-08 13:44:34,7204.21,1,LOS,UNREPORTED,UNKNOWN,-,-,NORMAL,0.88,link_down
alarm_01516,current_alarm_snapshot,2026-05-04 17:57:19,CRITICAL,asset_d0aacbf21a,AG,Physical Port Down,2025-07-09 09:39:14,2025-07-09 09:39:14,7184.3,1,SHUTDOWN,DOWN,DOWN,-,-,NORMAL,0.88,link_down
alarm_01517,current_alarm_snapshot,2026-05-04 17:57:19,CRITICAL,asset_39248571d6,AR,Physical Port Down,2025-07-09 11:20:07,2025-07-09 11:20:07,7182.62,1,LOS,UNREPORTED,UNKNOWN,-,-,NORMAL,0.88,link_down
alarm_01518,current_alarm_snapshot,2026-05-04 17:57:19,CRITICAL,asset_6b874a4bba,AR,Physical Port Down,2025-07-10 12:26:30,2025-07-10 12:26:30,7157.51,1,LOS,UP,UP,-,-,NORMAL,0.88,link_down
alarm_01519,current_alarm_snapshot,2026-05-04 17:57:19,CRITICAL,asset_3f24e9e21f,AR,Physical Port Down,2025-07-10 12:57:32,2025-07-10 12:57:32,7157.0,1,LOS,UNREPORTED,UNKNOWN,-,-,NORMAL,0.88,link_down
alarm_01520,current_alarm_snapshot,2026-05-04 17:57:19,CRITICAL,asset_766250201f,AG,Physical Port Down,2025-07-10 16:24:19,2025-07-10 16:24:19,7153.55,1,NEGOTIATION_FAIL,DOWN,UP,-,-,NORMAL,0.88,link_down
alarm_01521,current_alarm_snapshot,2026-05-04 17:57:19,CRITICAL,asset_766250201f,AG,Physical Port Down,2025-07-10 17:00:14,2025-07-10 17:00:14,7152.95,1,LOS,DOWN,UP,-,-,NORMAL,0.88,link_down
alarm_01522,current_alarm_snapshot,2026-05-04 17:57:19,CRITICAL,asset_27d941dc63,AG,Board Invalid,2025-07-10 17:43:41,2025-07-10 17:43:41,7152.23,1,UNKNOWN,UNKNOWN,UNKNOWN,-,-,NORMAL,0.88,power_energy
alarm_01523,current_alarm_snapshot,2026-05-04 17:57:19,CRITICAL,asset_9b82a199f6,AR,Physical Port Down,2025-07-11 13:38:41,2025-07-11 13:38:41,7132.31,1,LOS,UNREPORTED,UNKNOWN,-,-,NORMAL,0.88,link_down
alarm_01524,current_alarm_snapshot,2026-05-04 17:57:19,CRITICAL,asset_b2d3bd01a7,AG,Physical Port Down,2025-07-12 13:11:33,2025-07-12 13:11:33,7108.76,1,LOS,DOWN,UP,-,-,NORMAL,0.88,link_down
alarm_01525,current_alarm_snapshot,2026-05-04 17:57:19,CRITICAL,asset_b2d3bd01a7,AG,Physical Port Down,2025-07-12 13:11:47,2025-07-12 13:11:47,7108.76,1,LOS,DOWN,UP,-,-,NORMAL,0.88,link_down
alarm_01526,current_alarm_snapshot,2026-05-04 17:57:19,CRITICAL,asset_262a896d55,AR,Physical Port Down,2025-07-12 23:36:27,2025-07-12 23:36:27,7098.35,1,LOS,DOWN,UP,-,-,NORMAL,0.88,link_down
alarm_01527,current_alarm_snapshot,2026-05-04 17:57:19,CRITICAL,asset_3c232afc41,AR,Physical Port Down,2025-07-13 08:01:53,2025-07-13 08:01:53,7089.92,1,LOS,DOWN,UP,-,-,NORMAL,0.88,link_down
alarm_01528,current_alarm_snapshot,2026-05-04 17:57:19,CRITICAL,asset_bc62e22178,AR,Physical Port Down,2025-07-13 14:02:06,2025-07-13 14:02:06,7083.92,1,LOS,DOWN,UP,-,-,NORMAL,0.88,link_down
alarm_01529,current_alarm_snapshot,2026-05-04 17:57:19,CRITICAL,asset_abf5d68c14,AR,Physical Port Down,2025-07-13 16:44:39,2025-07-13 16:44:39,7081.21,1,LOS,DOWN,UP,-,-,NORMAL,0.88,link_down
alarm_01530,current_alarm_snapshot,2026-05-04 17:57:19,CRITICAL,asset_9f74a99fbd,AR,Physical Port Down,2025-07-14 12:07:09,2025-07-14 12:07:09,7061.84,1,SHUTDOWN,DOWN,DOWN,-,-,NORMAL,0.88,link_down
alarm_01531,current_alarm_snapshot,2026-05-04 17:57:19,CRITICAL,asset_780794fc68,AR,Physical Port Down,2025-07-14 15:03:55,2025-07-14 15:03:55,7058.89,1,NEGOTIATION_FAIL,UNREPORTED,UNKNOWN,-,-,NORMAL,0.88,link_down
alarm_01532,current_alarm_snapshot,2026-05-04 17:57:19,CRITICAL,asset_3b57fdc05a,AR,Physical Port Down,2025-07-14 22:38:31,2025-07-14 22:38:31,7051.31,1,SHUTDOWN,UNREPORTED,UNKNOWN,-,-,NORMAL,0.88,link_down
alarm_01533,current_alarm_snapshot,2026-05-04 17:57:19,CRITICAL,asset_cd2bebcecf,AR,Physical Port Down,2025-07-15 07:29:17,2025-07-15 07:29:17,7042.47,1,LOS,UNREPORTED,UNKNOWN,-,-,NORMAL,0.88,link_down
alarm_01534,current_alarm_snapshot,2026-05-04 17:57:19,CRITICAL,asset_bc62e22178,AR,Physical Port Down,2025-07-15 10:33:42,2025-07-15 10:33:42,7039.39,1,LOS,DOWN,UP,-,-,NORMAL,0.88,link_down
alarm_01535,current_alarm_snapshot,2026-05-04 17:57:19,CRITICAL,asset_dc46331191,AR,Physical Port Down,2025-07-15 12:30:37,2025-07-15 12:30:37,7037.44,1,LOS,UP,UP,-,-,NORMAL,0.88,link_down
alarm_01536,current_alarm_snapshot,2026-05-04 17:57:19,CRITICAL,asset_dc46331191,AR,Physical Port Down,2025-07-15 12:30:59,2025-07-15 12:30:59,7037.44,1,LOS,UP,UP,-,-,NORMAL,0.88,link_down
alarm_01537,current_alarm_snapshot,2026-05-04 17:57:19,CRITICAL,asset_dc46331191,AR,Physical Port Down,2025-07-15 16:22:20,2025-07-15 16:22:20,7033.58,1,LOS,UP,UP,-,-,NORMAL,0.88,link_down
alarm_01538,current_alarm_snapshot,2026-05-04 17:57:19,CRITICAL,asset_02caf2c9bf,AG,Physical Port Down,2025-07-15 16:46:13,2025-07-15 16:46:13,7033.19,1,LOS,DOWN,UP,-,-,NORMAL,0.88,link_down
alarm_01539,current_alarm_snapshot,2026-05-04 17:57:19,CRITICAL,asset_02caf2c9bf,AG,Physical Port Down,2025-07-15 16:46:14,2025-07-15 16:46:14,7033.18,1,LOS,DOWN,UP,-,-,NORMAL,0.88,link_down
alarm_01540,current_alarm_snapshot,2026-05-04 17:57:19,CRITICAL,asset_0b145b1dd7,AR,Physical Port Down,2025-07-16 01:23:03,2025-07-16 01:23:03,7024.57,1,SHUTDOWN,UNREPORTED,UNKNOWN,-,-,NORMAL,0.88,link_down
alarm_01541,current_alarm_snapshot,2026-05-04 17:57:19,CRITICAL,asset_c99df1fea1,AG,Physical Port Down,2025-07-16 12:35:14,2025-07-16 12:35:14,7013.37,1,SHUTDOWN,DOWN,DOWN,-,-,NORMAL,0.88,link_down
alarm_01542,current_alarm_snapshot,2026-05-04 17:57:19,CRITICAL,asset_2d88fb18d6,SW,The Device is offline,2025-07-16 15:11:28,2025-07-16 15:11:28,7010.76,1,UNKNOWN,UNKNOWN,UNKNOWN,-,-,NORMAL,0.88,other
alarm_01543,current_alarm_snapshot,2026-05-04 17:57:19,CRITICAL,asset_016dcc2502,AR,Board Invalid,2025-07-16 15:13:34,2025-07-16 15:13:34,7010.73,1,UNKNOWN,UNKNOWN,UNKNOWN,-,-,NORMAL,0.88,equipment_module
alarm_01544,current_alarm_snapshot,2026-05-04 17:57:19,CRITICAL,asset_829e494683,AR,Physical Port Down,2025-07-16 17:17:25,2025-07-16 17:17:25,7008.66,1,LOS,UP,UP,-,-,NORMAL,0.88,link_down
alarm_01545,current_alarm_snapshot,2026-05-04 17:57:19,CRITICAL,asset_109516a157,AR,Physical Port Down,2025-07-16 18:40:23,2025-07-16 18:40:23,7007.28,1,LOS,UNREPORTED,UNKNOWN,-,-,NORMAL,0.88,link_down
alarm_01546,current_alarm_snapshot,2026-05-04 17:57:19,CRITICAL,asset_7eec39a6ea,AG,Physical Port Down,2025-07-17 10:56:21,2025-07-17 10:56:21,6991.02,1,SHUTDOWN,DOWN,DOWN,-,-,NORMAL,0.88,link_down
alarm_01547,current_alarm_snapshot,2026-05-04 17:57:19,CRITICAL,asset_7eec39a6ea,AG,Physical Port Down,2025-07-17 10:56:21,2025-07-17 10:56:21,6991.02,1,SHUTDOWN,DOWN,DOWN,-,-,NORMAL,0.88,link_down
alarm_01548,current_alarm_snapshot,2026-05-04 17:57:19,CRITICAL,asset_373818a2d7,AR,Physical Port Down,2025-07-17 14:24:44,2025-07-17 14:24:44,6987.54,1,LOS,UP,UP,-,-,NORMAL,0.88,link_down
alarm_01549,current_alarm_snapshot,2026-05-04 17:57:19,CRITICAL,asset_46a386b669,AR,Physical Port Down,2025-07-17 18:26:50,2025-07-17 18:26:50,6983.51,1,LOS,DOWN,UP,-,-,NORMAL,0.88,link_down
alarm_01550,current_alarm_snapshot,2026-05-04 17:57:19,CRITICAL,asset_5cbd5cc98b,AG,Physical Port Down,2025-07-18 11:23:05,2025-07-18 11:23:05,6966.57,1,UNKNOWN,UNKNOWN,UNKNOWN,-,-,NORMAL,0.88,link_down
alarm_01551,current_alarm_snapshot,2026-05-04 17:57:19,CRITICAL,asset_2c8de57f74,AR,Physical Port Down,2025-07-18 15:55:46,2025-07-18 15:55:46,6962.03,1,LOS,UNREPORTED,UNKNOWN,-,-,NORMAL,0.88,power_energy
alarm_01552,current_alarm_snapshot,2026-05-04 17:57:19,CRITICAL,asset_59ab1a6b52,AG,Physical Port Down,2025-07-18 18:04:40,2025-07-18 18:04:40,6959.88,1,LOS,DOWN,UP,-,-,NORMAL,0.88,link_down
alarm_01553,current_alarm_snapshot,2026-05-04 17:57:19,CRITICAL,asset_59ab1a6b52,AG,Physical Port Down,2025-07-18 18:06:02,2025-07-18 18:06:02,6959.85,1,LOS,DOWN,UP,-,-,NORMAL,0.88,link_down
alarm_01554,current_alarm_snapshot,2026-05-04 17:57:19,CRITICAL,asset_f7f7a38b98,AR,Physical Port Down,2025-07-19 09:02:02,2025-07-19 09:02:02,6944.92,1,LOS,DOWN,UP,-,-,NORMAL,0.88,link_down
alarm_01555,current_alarm_snapshot,2026-05-04 17:57:19,CRITICAL,asset_f7f7a38b98,AR,Physical Port Down,2025-07-19 09:44:24,2025-07-19 09:44:24,6944.22,1,LOS,DOWN,UP,-,-,NORMAL,0.88,link_down
alarm_01556,current_alarm_snapshot,2026-05-04 17:57:19,CRITICAL,asset_9ff1ddaa3c,AG,Board Invalid,2025-07-21 08:50:09,2025-07-21 08:50:09,6897.12,1,UNKNOWN,UNKNOWN,UNKNOWN,-,-,NORMAL,0.88,power_energy
alarm_01557,current_alarm_snapshot,2026-05-04 17:57:19,CRITICAL,asset_ad2516d834,AG,Physical Port Down,2025-07-21 11:33:59,2025-07-21 11:33:59,6894.39,1,NEGOTIATION_FAIL,DOWN,UP,-,-,NORMAL,0.88,link_down
alarm_01558,current_alarm_snapshot,2026-05-04 17:57:19,CRITICAL,asset_c77dca2599,AR,Physical Port Down,2025-07-21 13:18:53,2025-07-21 13:18:53,6892.64,1,LOS,DOWN,UP,-,-,NORMAL,0.88,link_down
alarm_01559,current_alarm_snapshot,2026-05-04 17:57:19,CRITICAL,asset_c77dca2599,AR,Physical Port Down,2025-07-21 13:18:53,2025-07-21 13:18:53,6892.64,1,LOS,DOWN,UP,-,-,NORMAL,0.88,link_down
alarm_01560,current_alarm_snapshot,2026-05-04 17:57:19,CRITICAL,asset_81f76efdf5,AR,Physical Port Down,2025-07-21 14:30:16,2025-07-21 14:30:16,6891.45,1,LOS,UNREPORTED,UNKNOWN,-,-,NORMAL,0.88,link_down
alarm_01561,current_alarm_snapshot,2026-05-04 17:57:19,CRITICAL,asset_707b170b77,AR,Physical Port Down,2025-07-21 16:03:43,2025-07-21 16:03:43,6889.89,1,LOS,DOWN,UP,-,-,NORMAL,0.88,link_down
alarm_01562,current_alarm_snapshot,2026-05-04 17:57:19,CRITICAL,asset_e8d2b49d9c,AR,Physical Port Down,2025-07-21 17:02:29,2025-07-21 17:02:29,6888.91,1,LOS,DOWN,UP,-,-,NORMAL,0.88,link_down
alarm_01563,current_alarm_snapshot,2026-05-04 17:57:19,CRITICAL,asset_6b46669c8f,AG,Physical Port Down,2025-07-21 17:31:00,2025-07-21 17:31:00,6888.44,1,LOS,DOWN,UP,-,-,NORMAL,0.88,link_down
alarm_01564,current_alarm_snapshot,2026-05-04 17:57:19,CRITICAL,asset_6b46669c8f,AG,Physical Port Down,2025-07-22 12:09:27,2025-07-22 12:09:27,6869.8,1,SHUTDOWN,DOWN,DOWN,-,-,NORMAL,0.88,link_down
alarm_01565,current_alarm_snapshot,2026-05-04 17:57:19,CRITICAL,asset_6b46669c8f,AG,Physical Port Down,2025-07-22 12:09:28,2025-07-22 12:09:28,6869.8,1,SHUTDOWN,DOWN,DOWN,-,-,NORMAL,0.88,link_down
alarm_01566,current_alarm_snapshot,2026-05-04 17:57:19,CRITICAL,asset_76c3656efc,AG,Physical Port Down,2025-07-22 15:41:59,2025-07-22 15:41:59,6866.26,1,SHUTDOWN,DOWN,DOWN,-,-,NORMAL,0.88,link_down
alarm_01567,current_alarm_snapshot,2026-05-04 17:57:19,CRITICAL,asset_488cd4bfc0,AR,Physical Port Down,2025-07-22 17:18:58,2025-07-22 17:18:58,6864.64,1,LOS,UNREPORTED,UNKNOWN,-,-,NORMAL,0.88,link_down
alarm_01568,current_alarm_snapshot,2026-05-04 17:57:19,CRITICAL,asset_ce8528669c,AR,Physical Port Down,2025-07-24 13:06:30,2025-07-24 13:06:30,6820.85,1,LOS,DOWN,UP,-,-,NORMAL,0.88,link_down
alarm_01569,current_alarm_snapshot,2026-05-04 17:57:19,CRITICAL,asset_d653f0eb0e,AR,Physical Port Down,2025-07-25 17:36:52,2025-07-25 17:36:52,6792.34,1,LOS,DOWN,UP,-,-,NORMAL,0.88,link_down
alarm_01570,current_alarm_snapshot,2026-05-04 17:57:19,CRITICAL,asset_d653f0eb0e,AR,Physical Port Down,2025-07-25 17:36:52,2025-07-25 17:36:52,6792.34,1,LOS,DOWN,UP,-,-,NORMAL,0.88,link_down
alarm_01571,current_alarm_snapshot,2026-05-04 17:57:19,CRITICAL,asset_b4d2edb723,AR,Physical Port Down,2025-07-26 17:17:07,2025-07-26 17:17:07,6768.67,1,LOS,UP,UP,-,-,NORMAL,0.88,link_down
alarm_01572,current_alarm_snapshot,2026-05-04 17:57:19,CRITICAL,asset_ea65ae712b,AG,Board Invalid,2025-07-27 09:06:06,2025-07-27 09:06:06,6752.85,1,UNKNOWN,UNKNOWN,UNKNOWN,-,-,NORMAL,0.88,equipment_module
alarm_01573,current_alarm_snapshot,2026-05-04 17:57:19,CRITICAL,asset_ce8528669c,AR,Physical Port Down,2025-07-27 17:48:35,2025-07-27 17:48:35,6744.15,1,LOS,DOWN,UP,-,-,NORMAL,0.88,link_down
alarm_01574,current_alarm_snapshot,2026-05-04 17:57:19,CRITICAL,asset_669bbb35b8,AR,Physical Port Down,2025-07-27 21:23:23,2025-07-27 21:23:23,6740.57,1,LOS,DOWN,UP,-,-,NORMAL,0.88,link_down
alarm_01575,current_alarm_snapshot,2026-05-04 17:57:19,CRITICAL,asset_675fd9db1b,AR,Board Invalid,2025-07-30 15:33:26,2025-07-30 15:33:26,6674.4,1,UNKNOWN,UNKNOWN,UNKNOWN,-,-,NORMAL,0.88,equipment_module
alarm_01576,current_alarm_snapshot,2026-05-04 17:57:19,CRITICAL,asset_675fd9db1b,AR,Board Invalid,2025-07-30 15:33:42,2025-07-30 15:33:42,6674.39,1,UNKNOWN,UNKNOWN,UNKNOWN,-,-,NORMAL,0.88,equipment_module
alarm_01577,current_alarm_snapshot,2026-05-04 17:57:19,CRITICAL,asset_930d1f9c7b,AG,Physical Port Down,2025-07-30 16:43:39,2025-07-30 16:43:39,6673.23,1,SHUTDOWN,DOWN,DOWN,-,-,NORMAL,0.88,link_down
alarm_01578,current_alarm_snapshot,2026-05-04 17:57:19,CRITICAL,asset_545fafd889,AR,Physical Port Down,2025-07-30 17:30:51,2025-07-30 17:30:51,6672.44,1,LOS,UNREPORTED,UNKNOWN,-,-,NORMAL,0.88,link_down
alarm_01579,current_alarm_snapshot,2026-05-04 17:57:19,CRITICAL,asset_a72fff5450,AG,Physical Port Down,2025-07-30 19:47:51,2025-07-30 19:47:51,6670.16,1,LOS,DOWN,UP,-,-,NORMAL,0.88,link_down
alarm_01580,current_alarm_snapshot,2026-05-04 17:57:19,CRITICAL,asset_a72fff5450,AG,Physical Port Down,2025-07-30 19:47:56,2025-07-30 19:47:56,6670.16,1,LOS,DOWN,UP,-,-,NORMAL,0.88,link_down
alarm_01581,current_alarm_snapshot,2026-05-04 17:57:19,CRITICAL,asset_e6dedd98f4,AR,Physical Port Down,2025-07-30 22:57:16,2025-07-30 22:57:16,6667.0,1,LOS,UNREPORTED,UNKNOWN,-,-,NORMAL,0.88,link_down
alarm_01582,current_alarm_snapshot,2026-05-04 17:57:19,CRITICAL,asset_1b304a6655,AG,Physical Port Down,2025-07-31 11:29:03,2025-07-31 11:29:03,6654.47,1,LOS,DOWN,UP,-,-,NORMAL,0.88,link_down
alarm_01583,current_alarm_snapshot,2026-05-04 17:57:19,CRITICAL,asset_ec5de63e08,AR,Physical Port Down,2025-07-31 11:29:05,2025-07-31 11:29:05,6654.47,1,OTHER_SOFT_DOWN,UP,UP,-,-,NORMAL,0.88,link_down
alarm_01584,current_alarm_snapshot,2026-05-04 17:57:19,CRITICAL,asset_1b304a6655,AG,Physical Port Down,2025-07-31 11:31:57,2025-07-31 11:31:57,6654.42,1,LOS,DOWN,UP,-,-,NORMAL,0.88,link_down
alarm_01585,current_alarm_snapshot,2026-05-04 17:57:19,CRITICAL,asset_ec5de63e08,AR,Physical Port Down,2025-07-31 11:31:58,2025-07-31 11:31:58,6654.42,1,LOS,UP,UP,-,-,NORMAL,0.88,link_down
alarm_01586,current_alarm_snapshot,2026-05-04 17:57:19,CRITICAL,asset_fe99cb7ff7,AG,Physical Port Down,2025-07-31 15:44:32,2025-07-31 15:44:32,6650.21,1,NEGOTIATION_FAIL,DOWN,UP,-,-,NORMAL,0.88,link_down
alarm_01587,current_alarm_snapshot,2026-05-04 17:57:19,CRITICAL,asset_556ce3bae6,AR,Physical Port Down,2025-07-31 15:44:32,2025-07-31 15:44:32,6650.21,1,LOS,UNREPORTED,UNKNOWN,-,-,NORMAL,0.88,link_down
alarm_01588,current_alarm_snapshot,2026-05-04 17:57:19,CRITICAL,asset_ec5de63e08,AR,Physical Port Down,2025-07-31 16:26:46,2025-07-31 16:26:46,6649.51,1,LOS,UP,UP,-,-,NORMAL,0.88,link_down
alarm_01589,current_alarm_snapshot,2026-05-04 17:57:19,CRITICAL,asset_ec5de63e08,AR,Physical Port Down,2025-07-31 16:27:22,2025-07-31 16:27:22,6649.5,1,LOS,UP,UP,-,-,NORMAL,0.88,link_down
alarm_01590,current_alarm_snapshot,2026-05-04 17:57:19,CRITICAL,asset_556ce3bae6,AR,Physical Port Down,2025-07-31 17:22:56,2025-07-31 17:22:56,6648.57,1,LOS,UNREPORTED,UNKNOWN,-,-,NORMAL,0.88,link_down
alarm_01591,current_alarm_snapshot,2026-05-04 17:57:19,CRITICAL,asset_f931d0b878,AR,Physical Port Down,2025-07-31 19:38:35,2025-07-31 19:38:35,6646.31,1,LOS,DOWN,UP,-,-,NORMAL,0.88,link_down
alarm_01592,current_alarm_snapshot,2026-05-04 17:57:19,CRITICAL,asset_fae0f6d820,AR,Physical Port Down,2025-08-01 16:02:43,2025-08-01 16:02:43,6625.91,1,LOS,UNREPORTED,UNKNOWN,-,-,NORMAL,0.88,link_down
alarm_01593,current_alarm_snapshot,2026-05-04 17:57:19,CRITICAL,asset_fae0f6d820,AR,Physical Port Down,2025-08-01 16:06:49,2025-08-01 16:06:49,6625.84,1,LOS,UNREPORTED,UNKNOWN,-,-,NORMAL,0.88,link_down
alarm_01594,current_alarm_snapshot,2026-05-04 17:57:19,CRITICAL,asset_1b304a6655,AG,Physical Port Down,2025-08-01 17:51:32,2025-08-01 17:51:32,6624.1,1,LOS,DOWN,UP,-,-,NORMAL,0.88,link_down
alarm_01595,current_alarm_snapshot,2026-05-04 17:57:19,CRITICAL,asset_1b304a6655,AG,Physical Port Down,2025-08-01 17:53:45,2025-08-01 17:53:45,6624.06,1,LOS,DOWN,UP,-,-,NORMAL,0.88,link_down
alarm_01596,current_alarm_snapshot,2026-05-04 17:57:19,CRITICAL,asset_90e6cd6d5e,AR,Physical Port Down,2025-08-02 11:56:14,2025-08-02 11:56:14,6606.02,1,LOS,UNREPORTED,UNKNOWN,-,-,NORMAL,0.88,link_down
alarm_01597,current_alarm_snapshot,2026-05-04 17:57:19,CRITICAL,asset_59eda9a1ea,AG,Physical Port Down,2025-08-03 18:53:07,2025-08-03 18:53:07,6575.07,1,"PCS_HIGHBER,REMOTE_FAULT",DOWN,UP,-,-,NORMAL,0.88,link_down
alarm_01598,current_alarm_snapshot,2026-05-04 17:57:19,CRITICAL,asset_e7272b0357,AG,Physical Port Down,2025-08-04 11:00:14,2025-08-04 11:00:14,6558.95,1,SHUTDOWN,DOWN,DOWN,-,-,NORMAL,0.88,link_down
alarm_01599,current_alarm_snapshot,2026-05-04 17:57:19,CRITICAL,asset_2b9bdb9307,AR,Board Invalid,2025-08-04 13:17:55,2025-08-04 13:17:55,6556.66,1,UNKNOWN,UNKNOWN,UNKNOWN,-,-,NORMAL,0.88,equipment_module
alarm_01600,current_alarm_snapshot,2026-05-04 17:57:19,CRITICAL,asset_724f6b39c7,AR,Physical Port Down,2025-08-04 16:56:18,2025-08-04 16:56:18,6553.02,1,LOS,UNREPORTED,UNKNOWN,-,-,NORMAL,0.88,power_energy
alarm_01601,current_alarm_snapshot,2026-05-04 17:57:19,CRITICAL,asset_0350a68511,AR,Physical Port Down,2025-08-05 10:15:03,2025-08-05 10:15:03,6535.7,1,OTHER_SOFT_DOWN,UNREPORTED,UNKNOWN,-,-,NORMAL,0.88,link_down
alarm_01602,current_alarm_snapshot,2026-05-04 17:57:19,CRITICAL,asset_ea65ae712b,AG,Physical Port Down,2025-08-05 11:26:12,2025-08-05 11:26:12,6534.52,1,NEGOTIATION_FAIL,DOWN,UP,-,-,NORMAL,0.88,link_down
alarm_01603,current_alarm_snapshot,2026-05-04 17:57:19,CRITICAL,asset_b033831ef6,AG,Physical Port Down,2025-08-05 18:17:51,2025-08-05 18:17:51,6527.66,1,NEGOTIATION_FAIL,DOWN,UP,-,-,NORMAL,0.88,link_down
alarm_01604,current_alarm_snapshot,2026-05-04 17:57:19,CRITICAL,asset_ea65ae712b,AG,Board Invalid,2025-08-05 20:15:20,2025-08-05 20:15:20,6525.7,1,UNKNOWN,UNKNOWN,UNKNOWN,-,-,NORMAL,0.88,power_energy
alarm_01605,current_alarm_snapshot,2026-05-04 17:57:19,CRITICAL,asset_59ab1a6b52,AG,Physical Port Down,2025-08-06 11:56:59,2025-08-06 11:56:59,6510.01,1,LOS,DOWN,UP,-,-,NORMAL,0.88,link_down
alarm_01606,current_alarm_snapshot,2026-05-04 17:57:19,CRITICAL,asset_695ac0b901,AR,Physical Port Down,2025-08-06 11:59:11,2025-08-06 11:59:11,6509.97,1,LOS,UNREPORTED,UNKNOWN,-,-,NORMAL,0.88,link_down
alarm_01607,current_alarm_snapshot,2026-05-04 17:57:19,CRITICAL,asset_59ab1a6b52,AG,Physical Port Down,2025-08-06 12:23:14,2025-08-06 12:23:14,6509.57,1,SHUTDOWN,DOWN,DOWN,-,-,NORMAL,0.88,link_down
alarm_01608,current_alarm_snapshot,2026-05-04 17:57:19,CRITICAL,asset_76726d24dc,AR,Physical Port Down,2025-08-06 13:17:57,2025-08-06 13:17:57,6508.66,1,SHUTDOWN,DOWN,DOWN,-,-,NORMAL,0.88,link_down
alarm_01609,current_alarm_snapshot,2026-05-04 17:57:19,CRITICAL,asset_32df2c5242,AR,Physical Port Down,2025-08-06 14:22:14,2025-08-06 14:22:14,6507.58,1,REMOTE_FAULT,DOWN,UP,-,-,NORMAL,0.88,link_down
alarm_01610,current_alarm_snapshot,2026-05-04 17:57:19,CRITICAL,asset_c97c1e289f,AR,Physical Port Down,2025-08-06 23:21:50,2025-08-06 23:21:50,6498.59,1,LOS,DOWN,UP,-,-,NORMAL,0.88,link_down
alarm_01611,current_alarm_snapshot,2026-05-04 17:57:19,CRITICAL,asset_c97c1e289f,AR,Physical Port Down,2025-08-06 23:21:50,2025-08-06 23:21:50,6498.59,1,LOS,DOWN,UP,-,-,NORMAL,0.88,link_down
alarm_01612,current_alarm_snapshot,2026-05-04 17:57:19,CRITICAL,asset_99a72ea716,AR,Physical Port Down,2025-08-07 10:00:27,2025-08-07 10:00:27,6487.95,1,LOS,DOWN,UP,-,-,NORMAL,0.88,link_down
alarm_01613,current_alarm_snapshot,2026-05-04 17:57:19,CRITICAL,asset_2b3da62f14,AR,Physical Port Down,2025-08-07 10:17:45,2025-08-07 10:17:45,6487.66,1,LOS,UNREPORTED,UNKNOWN,-,-,NORMAL,0.88,link_down
alarm_01614,current_alarm_snapshot,2026-05-04 17:57:19,CRITICAL,asset_072fe37cc4,AR,Physical Port Down,2025-08-07 13:03:46,2025-08-07 13:03:46,6484.89,1,LOS,UP,UP,-,-,NORMAL,0.88,link_down
alarm_01615,current_alarm_snapshot,2026-05-04 17:57:19,CRITICAL,asset_7e435a2ddb,AR,Physical Port Down,2025-08-07 15:29:52,2025-08-07 15:29:52,6482.46,1,LOS,UP,UP,-,-,NORMAL,0.88,link_down
alarm_01616,current_alarm_snapshot,2026-05-04 17:57:19,CRITICAL,asset_7574a75590,AR,Physical Port Down,2025-08-07 16:46:42,2025-08-07 16:46:42,6481.18,1,LOS,DOWN,UP,-,-,NORMAL,0.88,link_down
alarm_01617,current_alarm_snapshot,2026-05-04 17:57:19,CRITICAL,asset_55248b67b7,AG,Physical Port Down,2025-08-07 17:44:15,2025-08-07 17:44:15,6480.22,1,"PMA_LOS,PCS_HIGHBER,LOCAL_FAULT",DOWN,UP,-,-,NORMAL,0.88,link_down
alarm_01618,current_alarm_snapshot,2026-05-04 17:57:19,CRITICAL,asset_55248b67b7,AG,Physical Port Down,2025-08-07 18:14:46,2025-08-07 18:14:46,6479.71,1,LOS,DOWN,UP,-,-,NORMAL,0.88,link_down
alarm_01619,current_alarm_snapshot,2026-05-04 17:57:19,CRITICAL,asset_57e6d739c1,AR,Physical Port Down,2025-08-07 22:09:54,2025-08-07 22:09:54,6475.79,1,LOS,DOWN,UP,-,-,NORMAL,0.88,link_down
alarm_01620,current_alarm_snapshot,2026-05-04 17:57:19,CRITICAL,asset_57e6d739c1,AR,Physical Port Down,2025-08-07 22:09:54,2025-08-07 22:09:54,6475.79,1,LOS,DOWN,UP,-,-,NORMAL,0.88,link_down
alarm_01621,current_alarm_snapshot,2026-05-04 17:57:19,CRITICAL,asset_c76218e141,AG,Physical Port Down,2025-08-08 16:00:49,2025-08-08 16:00:49,6457.94,1,LOF,DOWN,UP,-,-,NORMAL,0.88,link_down
alarm_01622,current_alarm_snapshot,2026-05-04 17:57:19,CRITICAL,asset_7eec39a6ea,AG,Physical Port Down,2025-08-08 16:18:19,2025-08-08 16:18:19,6457.65,1,SHUTDOWN,DOWN,DOWN,-,-,NORMAL,0.88,link_down
alarm_01623,current_alarm_snapshot,2026-05-04 17:57:19,CRITICAL,asset_7eec39a6ea,AG,Physical Port Down,2025-08-08 16:18:19,2025-08-08 16:18:19,6457.65,1,SHUTDOWN,DOWN,DOWN,-,-,NORMAL,0.88,link_down
alarm_01624,current_alarm_snapshot,2026-05-04 17:57:19,CRITICAL,asset_ce8528669c,AR,Physical Port Down,2025-08-08 16:28:07,2025-08-08 16:28:07,6457.49,1,LOS,DOWN,UP,-,-,NORMAL,0.88,link_down
alarm_01625,current_alarm_snapshot,2026-05-04 17:57:19,CRITICAL,asset_59ab1a6b52,AG,Physical Port Down,2025-08-09 12:24:53,2025-08-09 12:24:53,6437.54,1,LOS,DOWN,UP,-,-,NORMAL,0.88,link_down
alarm_01626,current_alarm_snapshot,2026-05-04 17:57:19,CRITICAL,asset_026d711464,AR,Physical Port Down,2025-08-09 14:27:32,2025-08-09 14:27:32,6435.5,1,NEGOTIATION_FAIL,DOWN,UP,-,-,NORMAL,0.88,link_down
alarm_01627,current_alarm_snapshot,2026-05-04 17:57:19,CRITICAL,asset_76726d24dc,AR,Physical Port Down,2025-08-09 17:05:11,2025-08-09 17:05:11,6432.87,1,LOS,DOWN,UP,-,-,NORMAL,0.88,link_down
alarm_01628,current_alarm_snapshot,2026-05-04 17:57:19,CRITICAL,asset_4e1d12a7b9,AR,Physical Port Down,2025-08-11 06:19:09,2025-08-11 06:19:09,6395.64,1,LOS,DOWN,UP,-,-,NORMAL,0.88,link_down
alarm_01629,current_alarm_snapshot,2026-05-04 17:57:19,CRITICAL,asset_f6ea77a163,AR,Physical Port Down,2025-08-11 11:30:25,2025-08-11 11:30:25,6390.45,1,LOS,DOWN,UP,-,-,NORMAL,0.88,link_down
alarm_01630,current_alarm_snapshot,2026-05-04 17:57:19,CRITICAL,asset_6d8ba87d56,AG,Board Invalid,2025-08-11 11:57:30,2025-08-11 11:57:30,6390.0,1,UNKNOWN,UNKNOWN,UNKNOWN,-,-,NORMAL,0.88,equipment_module
alarm_01631,current_alarm_snapshot,2026-05-04 17:57:19,CRITICAL,asset_9cecd57421,AR,Physical Port Down,2025-08-11 13:33:40,2025-08-11 13:33:40,6388.39,1,LOS,DOWN,UP,-,-,NORMAL,0.88,link_down
alarm_01632,current_alarm_snapshot,2026-05-04 17:57:19,CRITICAL,asset_76726d24dc,AR,Physical Port Down,2025-08-11 14:58:02,2025-08-11 14:58:02,6386.99,1,LOS,DOWN,UP,-,-,NORMAL,0.88,link_down
alarm_01633,current_alarm_snapshot,2026-05-04 17:57:19,CRITICAL,asset_76726d24dc,AR,Physical Port Down,2025-08-11 14:58:02,2025-08-11 14:58:02,6386.99,1,LOS,DOWN,UP,-,-,NORMAL,0.88,link_down
alarm_01634,current_alarm_snapshot,2026-05-04 17:57:19,CRITICAL,asset_76726d24dc,AR,Physical Port Down,2025-08-11 19:16:18,2025-08-11 19:16:18,6382.68,1,LOS,DOWN,UP,-,-,NORMAL,0.88,link_down
alarm_01635,current_alarm_snapshot,2026-05-04 17:57:19,CRITICAL,asset_9cecd57421,AR,Physical Port Down,2025-08-12 05:56:57,2025-08-12 05:56:57,6372.01,1,LOS,DOWN,UP,-,-,NORMAL,0.88,link_down
alarm_01636,current_alarm_snapshot,2026-05-04 17:57:19,CRITICAL,asset_545fafd889,AR,Physical Port Down,2025-08-12 11:40:04,2025-08-12 11:40:04,6366.29,1,LOS,UNREPORTED,UNKNOWN,-,-,NORMAL,0.88,link_down
alarm_01637,current_alarm_snapshot,2026-05-04 17:57:19,CRITICAL,asset_4c104694ab,AR,Physical Port Down,2025-08-12 12:18:55,2025-08-12 12:18:55,6365.64,1,LOS,DOWN,UP,-,-,NORMAL,0.88,link_down
alarm_01638,current_alarm_snapshot,2026-05-04 17:57:19,CRITICAL,asset_4c104694ab,AR,Physical Port Down,2025-08-12 12:20:41,2025-08-12 12:20:41,6365.61,1,LOS,DOWN,UP,-,-,NORMAL,0.88,link_down
alarm_01639,current_alarm_snapshot,2026-05-04 17:57:19,CRITICAL,asset_545fafd889,AR,Physical Port Down,2025-08-12 14:39:52,2025-08-12 14:39:52,6363.29,1,LOS,UNREPORTED,UNKNOWN,-,-,NORMAL,0.88,link_down
alarm_01640,current_alarm_snapshot,2026-05-04 17:57:19,CRITICAL,asset_77b3961c9c,AR,Physical Port Down,2025-08-12 14:39:53,2025-08-12 14:39:53,6363.29,1,NEGOTIATION_FAIL,DOWN,UP,-,-,NORMAL,0.88,link_down
alarm_01641,current_alarm_snapshot,2026-05-04 17:57:19,CRITICAL,asset_4adf623df8,AR,Physical Port Down,2025-08-12 15:04:56,2025-08-12 15:04:56,6362.87,1,LOS,DOWN,UP,-,-,NORMAL,0.88,link_down
alarm_01642,current_alarm_snapshot,2026-05-04 17:57:19,CRITICAL,asset_4adf623df8,AR,Physical Port Down,2025-08-12 15:26:46,2025-08-12 15:26:46,6362.51,1,LOS,DOWN,UP,-,-,NORMAL,0.88,link_down
alarm_01643,current_alarm_snapshot,2026-05-04 17:57:19,CRITICAL,asset_5235efd7d0,CA,Physical Port Down,2025-08-13 01:33:58,2025-08-13 01:33:58,6352.39,1,LOS,DOWN,UP,-,-,NORMAL,0.88,link_down
alarm_01644,current_alarm_snapshot,2026-05-04 17:57:19,CRITICAL,asset_ea13d97725,CA,Physical Port Down,2025-08-13 01:33:58,2025-08-13 01:33:58,6352.39,1,SHUTDOWN,DOWN,DOWN,-,-,NORMAL,0.88,link_down
alarm_01645,current_alarm_snapshot,2026-05-04 17:57:19,CRITICAL,asset_ea13d97725,CA,Physical Port Down,2025-08-13 01:34:02,2025-08-13 01:34:02,6352.39,1,SHUTDOWN,DOWN,DOWN,-,-,NORMAL,0.88,link_down
alarm_01646,current_alarm_snapshot,2026-05-04 17:57:19,CRITICAL,asset_5235efd7d0,CA,Physical Port Down,2025-08-13 01:34:05,2025-08-13 01:34:05,6352.39,1,LOS,DOWN,UP,-,-,NORMAL,0.88,link_down
alarm_01647,current_alarm_snapshot,2026-05-04 17:57:19,CRITICAL,asset_ea13d97725,CA,Physical Port Down,2025-08-13 01:34:05,2025-08-13 01:34:05,6352.39,1,SHUTDOWN,DOWN,DOWN,-,-,NORMAL,0.88,link_down
alarm_01648,current_alarm_snapshot,2026-05-04 17:57:19,CRITICAL,asset_5235efd7d0,CA,Physical Port Down,2025-08-13 01:34:07,2025-08-13 01:34:07,6352.39,1,SHUTDOWN,DOWN,DOWN,-,-,NORMAL,0.88,link_down
alarm_01649,current_alarm_snapshot,2026-05-04 17:57:19,CRITICAL,asset_ea13d97725,CA,Physical Port Down,2025-08-13 01:34:07,2025-08-13 01:34:07,6352.39,1,LOS,DOWN,UP,-,-,NORMAL,0.88,link_down
alarm_01650,current_alarm_snapshot,2026-05-04 17:57:19,CRITICAL,asset_5235efd7d0,CA,Physical Port Down,2025-08-13 01:34:09,2025-08-13 01:34:09,6352.39,1,LOS,DOWN,UP,-,-,NORMAL,0.88,link_down
alarm_01651,current_alarm_snapshot,2026-05-04 17:57:19,CRITICAL,asset_ea13d97725,CA,Physical Port Down,2025-08-13 01:34:09,2025-08-13 01:34:09,6352.39,1,SHUTDOWN,DOWN,DOWN,-,-,NORMAL,0.88,link_down
alarm_01652,current_alarm_snapshot,2026-05-04 17:57:19,CRITICAL,asset_ea13d97725,CA,Physical Port Down,2025-08-13 01:34:11,2025-08-13 01:34:11,6352.39,1,LOS,DOWN,UP,-,-,NORMAL,0.88,link_down
alarm_01653,current_alarm_snapshot,2026-05-04 17:57:19,CRITICAL,asset_5235efd7d0,CA,Physical Port Down,2025-08-13 01:34:11,2025-08-13 01:34:11,6352.39,1,SHUTDOWN,DOWN,DOWN,-,-,NORMAL,0.88,link_down
alarm_01654,current_alarm_snapshot,2026-05-04 17:57:19,CRITICAL,asset_ea13d97725,CA,Physical Port Down,2025-08-13 01:34:14,2025-08-13 01:34:14,6352.38,1,LOS,DOWN,UP,-,-,NORMAL,0.88,link_down
alarm_01655,current_alarm_snapshot,2026-05-04 17:57:19,CRITICAL,asset_ea13d97725,CA,Physical Port Down,2025-08-13 01:34:14,2025-08-13 01:34:14,6352.38,1,SHUTDOWN,DOWN,DOWN,-,-,NORMAL,0.88,link_down
alarm_01656,current_alarm_snapshot,2026-05-04 17:57:19,CRITICAL,asset_5235efd7d0,CA,Physical Port Down,2025-08-13 01:34:14,2025-08-13 01:34:14,6352.38,1,SHUTDOWN,DOWN,DOWN,-,-,NORMAL,0.88,link_down
alarm_01657,current_alarm_snapshot,2026-05-04 17:57:19,CRITICAL,asset_ea13d97725,CA,Physical Port Down,2025-08-13 01:34:18,2025-08-13 01:34:18,6352.38,1,SHUTDOWN,DOWN,DOWN,-,-,NORMAL,0.88,link_down
alarm_01658,current_alarm_snapshot,2026-05-04 17:57:19,CRITICAL,asset_ea13d97725,CA,Physical Port Down,2025-08-13 01:34:18,2025-08-13 01:34:18,6352.38,1,LOS,DOWN,UP,-,-,NORMAL,0.88,link_down
alarm_01659,current_alarm_snapshot,2026-05-04 17:57:19,CRITICAL,asset_5235efd7d0,CA,Physical Port Down,2025-08-13 01:34:18,2025-08-13 01:34:18,6352.38,1,SHUTDOWN,DOWN,DOWN,-,-,NORMAL,0.88,link_down
alarm_01660,current_alarm_snapshot,2026-05-04 17:57:19,CRITICAL,asset_ea13d97725,CA,Physical Port Down,2025-08-13 01:34:22,2025-08-13 01:34:22,6352.38,1,SHUTDOWN,DOWN,DOWN,-,-,NORMAL,0.88,link_down
alarm_01661,current_alarm_snapshot,2026-05-04 17:57:19,CRITICAL,asset_ea13d97725,CA,Physical Port Down,2025-08-13 01:34:22,2025-08-13 01:34:22,6352.38,1,LOS,DOWN,UP,-,-,NORMAL,0.88,link_down
alarm_01662,current_alarm_snapshot,2026-05-04 17:57:19,CRITICAL,asset_5235efd7d0,CA,Physical Port Down,2025-08-13 01:34:22,2025-08-13 01:34:22,6352.38,1,SHUTDOWN,DOWN,DOWN,-,-,NORMAL,0.88,link_down
alarm_01663,current_alarm_snapshot,2026-05-04 17:57:19,CRITICAL,asset_ea13d97725,CA,Physical Port Down,2025-08-13 01:34:26,2025-08-13 01:34:26,6352.38,1,SHUTDOWN,DOWN,DOWN,-,-,NORMAL,0.88,link_down
alarm_01664,current_alarm_snapshot,2026-05-04 17:57:19,CRITICAL,asset_ea13d97725,CA,Physical Port Down,2025-08-13 01:34:26,2025-08-13 01:34:26,6352.38,1,LOS,DOWN,UP,-,-,NORMAL,0.88,link_down
alarm_01665,current_alarm_snapshot,2026-05-04 17:57:19,CRITICAL,asset_5235efd7d0,CA,Physical Port Down,2025-08-13 01:34:27,2025-08-13 01:34:27,6352.38,1,SHUTDOWN,DOWN,DOWN,-,-,NORMAL,0.88,link_down
alarm_01666,current_alarm_snapshot,2026-05-04 17:57:19,CRITICAL,asset_ea13d97725,CA,Physical Port Down,2025-08-13 01:34:30,2025-08-13 01:34:30,6352.38,1,LOS,DOWN,UP,-,-,NORMAL,0.88,link_down
alarm_01667,current_alarm_snapshot,2026-05-04 17:57:19,CRITICAL,asset_5235efd7d0,CA,Physical Port Down,2025-08-13 01:34:30,2025-08-13 01:34:30,6352.38,1,SHUTDOWN,DOWN,DOWN,-,-,NORMAL,0.88,link_down
alarm_01668,current_alarm_snapshot,2026-05-04 17:57:19,CRITICAL,asset_5235efd7d0,CA,Physical Port Down,2025-08-13 01:34:34,2025-08-13 01:34:34,6352.38,1,SHUTDOWN,DOWN,DOWN,-,-,NORMAL,0.88,link_down
alarm_01669,current_alarm_snapshot,2026-05-04 17:57:19,CRITICAL,asset_5235efd7d0,CA,Physical Port Down,2025-08-13 01:34:37,2025-08-13 01:34:37,6352.38,1,SHUTDOWN,DOWN,DOWN,-,-,NORMAL,0.88,link_down
alarm_01670,current_alarm_snapshot,2026-05-04 17:57:19,CRITICAL,asset_5235efd7d0,CA,Physical Port Down,2025-08-13 01:34:41,2025-08-13 01:34:41,6352.38,1,SHUTDOWN,DOWN,DOWN,-,-,NORMAL,0.88,link_down
alarm_01671,current_alarm_snapshot,2026-05-04 17:57:19,CRITICAL,asset_5235efd7d0,CA,Physical Port Down,2025-08-13 01:34:44,2025-08-13 01:34:44,6352.38,1,SHUTDOWN,DOWN,DOWN,-,-,NORMAL,0.88,link_down
alarm_01672,current_alarm_snapshot,2026-05-04 17:57:19,CRITICAL,asset_5235efd7d0,CA,Physical Port Down,2025-08-13 01:34:48,2025-08-13 01:34:48,6352.38,1,SHUTDOWN,DOWN,DOWN,-,-,NORMAL,0.88,link_down
alarm_01673,current_alarm_snapshot,2026-05-04 17:57:19,CRITICAL,asset_5235efd7d0,CA,Physical Port Down,2025-08-13 01:34:51,2025-08-13 01:34:51,6352.37,1,SHUTDOWN,DOWN,DOWN,-,-,NORMAL,0.88,link_down
alarm_01674,current_alarm_snapshot,2026-05-04 17:57:19,CRITICAL,asset_ea13d97725,CA,Physical Port Down,2025-08-13 01:34:52,2025-08-13 01:34:52,6352.37,1,SHUTDOWN,DOWN,DOWN,-,-,NORMAL,0.88,link_down
alarm_01675,current_alarm_snapshot,2026-05-04 17:57:19,CRITICAL,asset_4340219477,IPBN,Physical Port Down,2025-08-13 01:34:52,2025-08-13 01:34:52,6352.37,1,THE,UNREPORTED,UNKNOWN,-,-,NORMAL,0.88,equipment_module
alarm_01676,current_alarm_snapshot,2026-05-04 17:57:19,CRITICAL,asset_5235efd7d0,CA,Physical Port Down,2025-08-13 01:34:55,2025-08-13 01:34:55,6352.37,1,SHUTDOWN,DOWN,DOWN,-,-,NORMAL,0.88,link_down
alarm_01677,current_alarm_snapshot,2026-05-04 17:57:19,CRITICAL,asset_ea13d97725,CA,Physical Port Down,2025-08-13 01:34:56,2025-08-13 01:34:56,6352.37,1,SHUTDOWN,DOWN,DOWN,-,-,NORMAL,0.88,link_down
alarm_01678,current_alarm_snapshot,2026-05-04 17:57:19,CRITICAL,asset_ea13d97725,CA,Physical Port Down,2025-08-13 01:34:59,2025-08-13 01:34:59,6352.37,1,SHUTDOWN,DOWN,DOWN,-,-,NORMAL,0.88,link_down
alarm_01679,current_alarm_snapshot,2026-05-04 17:57:19,CRITICAL,asset_5235efd7d0,CA,Physical Port Down,2025-08-13 01:34:59,2025-08-13 01:34:59,6352.37,1,SHUTDOWN,DOWN,DOWN,-,-,NORMAL,0.88,link_down
alarm_01680,current_alarm_snapshot,2026-05-04 17:57:19,CRITICAL,asset_5235efd7d0,CA,Physical Port Down,2025-08-13 01:35:02,2025-08-13 01:35:02,6352.37,1,SHUTDOWN,DOWN,DOWN,-,-,NORMAL,0.88,link_down
alarm_01681,current_alarm_snapshot,2026-05-04 17:57:19,CRITICAL,asset_ea13d97725,CA,Physical Port Down,2025-08-13 01:35:03,2025-08-13 01:35:03,6352.37,1,SHUTDOWN,DOWN,DOWN,-,-,NORMAL,0.88,link_down
alarm_01682,current_alarm_snapshot,2026-05-04 17:57:19,CRITICAL,asset_ea13d97725,CA,Physical Port Down,2025-08-13 01:35:06,2025-08-13 01:35:06,6352.37,1,SHUTDOWN,DOWN,DOWN,-,-,NORMAL,0.88,link_down
alarm_01683,current_alarm_snapshot,2026-05-04 17:57:19,CRITICAL,asset_5235efd7d0,CA,Physical Port Down,2025-08-13 01:35:06,2025-08-13 01:35:06,6352.37,1,SHUTDOWN,DOWN,DOWN,-,-,NORMAL,0.88,link_down
alarm_01684,current_alarm_snapshot,2026-05-04 17:57:19,CRITICAL,asset_5235efd7d0,CA,Physical Port Down,2025-08-13 01:35:10,2025-08-13 01:35:10,6352.37,1,SHUTDOWN,DOWN,DOWN,-,-,NORMAL,0.88,link_down
alarm_01685,current_alarm_snapshot,2026-05-04 17:57:19,CRITICAL,asset_ea13d97725,CA,Physical Port Down,2025-08-13 01:35:10,2025-08-13 01:35:10,6352.37,1,SHUTDOWN,DOWN,DOWN,-,-,NORMAL,0.88,link_down
alarm_01686,current_alarm_snapshot,2026-05-04 17:57:19,CRITICAL,asset_5235efd7d0,CA,Physical Port Down,2025-08-13 01:35:13,2025-08-13 01:35:13,6352.37,1,SHUTDOWN,DOWN,DOWN,-,-,NORMAL,0.88,link_down
alarm_01687,current_alarm_snapshot,2026-05-04 17:57:19,CRITICAL,asset_5235efd7d0,CA,Physical Port Down,2025-08-13 01:35:17,2025-08-13 01:35:17,6352.37,1,SHUTDOWN,DOWN,DOWN,-,-,NORMAL,0.88,link_down
alarm_01688,current_alarm_snapshot,2026-05-04 17:57:19,CRITICAL,asset_ea13d97725,CA,Physical Port Down,2025-08-13 01:35:17,2025-08-13 01:35:17,6352.37,1,SHUTDOWN,DOWN,DOWN,-,-,NORMAL,0.88,link_down
alarm_01689,current_alarm_snapshot,2026-05-04 17:57:19,CRITICAL,asset_5235efd7d0,CA,Physical Port Down,2025-08-13 01:35:20,2025-08-13 01:35:20,6352.37,1,SHUTDOWN,DOWN,DOWN,-,-,NORMAL,0.88,link_down
alarm_01690,current_alarm_snapshot,2026-05-04 17:57:19,CRITICAL,asset_ea13d97725,CA,Physical Port Down,2025-08-13 01:35:20,2025-08-13 01:35:20,6352.37,1,SHUTDOWN,DOWN,DOWN,-,-,NORMAL,0.88,link_down
alarm_01691,current_alarm_snapshot,2026-05-04 17:57:19,CRITICAL,asset_5235efd7d0,CA,Physical Port Down,2025-08-13 01:35:24,2025-08-13 01:35:24,6352.37,1,SHUTDOWN,DOWN,DOWN,-,-,NORMAL,0.88,link_down
alarm_01692,current_alarm_snapshot,2026-05-04 17:57:19,CRITICAL,asset_ea13d97725,CA,Physical Port Down,2025-08-13 01:35:24,2025-08-13 01:35:24,6352.37,1,SHUTDOWN,DOWN,DOWN,-,-,NORMAL,0.88,link_down
alarm_01693,current_alarm_snapshot,2026-05-04 17:57:19,CRITICAL,asset_5235efd7d0,CA,Physical Port Down,2025-08-13 01:35:27,2025-08-13 01:35:27,6352.36,1,SHUTDOWN,DOWN,DOWN,-,-,NORMAL,0.88,link_down
alarm_01694,current_alarm_snapshot,2026-05-04 17:57:19,CRITICAL,asset_ea13d97725,CA,Physical Port Down,2025-08-13 01:35:27,2025-08-13 01:35:27,6352.36,1,SHUTDOWN,DOWN,DOWN,-,-,NORMAL,0.88,link_down
alarm_01695,current_alarm_snapshot,2026-05-04 17:57:19,CRITICAL,asset_5235efd7d0,CA,Physical Port Down,2025-08-13 01:35:31,2025-08-13 01:35:31,6352.36,1,SHUTDOWN,DOWN,DOWN,-,-,NORMAL,0.88,link_down
alarm_01696,current_alarm_snapshot,2026-05-04 17:57:19,CRITICAL,asset_5235efd7d0,CA,Physical Port Down,2025-08-13 01:36:00,2025-08-13 01:36:00,6352.36,1,SHUTDOWN,DOWN,DOWN,-,-,NORMAL,0.88,link_down
alarm_01697,current_alarm_snapshot,2026-05-04 17:57:19,CRITICAL,asset_5235efd7d0,CA,Physical Port Down,2025-08-13 01:36:04,2025-08-13 01:36:04,6352.35,1,SHUTDOWN,DOWN,DOWN,-,-,NORMAL,0.88,link_down
alarm_01698,current_alarm_snapshot,2026-05-04 17:57:19,CRITICAL,asset_ea13d97725,CA,Physical Port Down,2025-08-13 01:36:13,2025-08-13 01:36:13,6352.35,1,SHUTDOWN,DOWN,DOWN,-,-,NORMAL,0.88,link_down
alarm_01699,current_alarm_snapshot,2026-05-04 17:57:19,CRITICAL,asset_ea13d97725,CA,Physical Port Down,2025-08-13 01:36:17,2025-08-13 01:36:17,6352.35,1,SHUTDOWN,DOWN,DOWN,-,-,NORMAL,0.88,link_down
alarm_01700,current_alarm_snapshot,2026-05-04 17:57:19,CRITICAL,asset_ea13d97725,CA,Physical Port Down,2025-08-13 01:36:21,2025-08-13 01:36:21,6352.35,1,SHUTDOWN,DOWN,DOWN,-,-,NORMAL,0.88,link_down
alarm_01701,current_alarm_snapshot,2026-05-04 17:57:19,CRITICAL,asset_5235efd7d0,CA,Physical Port Down,2025-08-13 01:36:23,2025-08-13 01:36:23,6352.35,1,SHUTDOWN,DOWN,DOWN,-,-,NORMAL,0.88,link_down
alarm_01702,current_alarm_snapshot,2026-05-04 17:57:19,CRITICAL,asset_ea13d97725,CA,Physical Port Down,2025-08-13 01:36:24,2025-08-13 01:36:24,6352.35,1,SHUTDOWN,DOWN,DOWN,-,-,NORMAL,0.88,link_down
alarm_01703,current_alarm_snapshot,2026-05-04 17:57:19,CRITICAL,asset_5235efd7d0,CA,Physical Port Down,2025-08-13 01:36:26,2025-08-13 01:36:26,6352.35,1,SHUTDOWN,DOWN,DOWN,-,-,NORMAL,0.88,link_down
alarm_01704,current_alarm_snapshot,2026-05-04 17:57:19,CRITICAL,asset_5235efd7d0,CA,Physical Port Down,2025-08-13 01:36:27,2025-08-13 01:36:27,6352.35,1,SHUTDOWN,DOWN,DOWN,-,-,NORMAL,0.88,link_down
alarm_01705,current_alarm_snapshot,2026-05-04 17:57:19,CRITICAL,asset_ea13d97725,CA,Physical Port Down,2025-08-13 01:36:28,2025-08-13 01:36:28,6352.35,1,SHUTDOWN,DOWN,DOWN,-,-,NORMAL,0.88,link_down
alarm_01706,current_alarm_snapshot,2026-05-04 17:57:19,CRITICAL,asset_5235efd7d0,CA,Physical Port Down,2025-08-13 01:36:34,2025-08-13 01:36:34,6352.35,1,SHUTDOWN,DOWN,DOWN,-,-,NORMAL,0.88,link_down
alarm_01707,current_alarm_snapshot,2026-05-04 17:57:19,CRITICAL,asset_5235efd7d0,CA,Physical Port Down,2025-08-13 01:36:37,2025-08-13 01:36:37,6352.35,1,SHUTDOWN,DOWN,DOWN,-,-,NORMAL,0.88,link_down
alarm_01708,current_alarm_snapshot,2026-05-04 17:57:19,CRITICAL,asset_5235efd7d0,CA,Physical Port Down,2025-08-13 01:36:39,2025-08-13 01:36:39,6352.34,1,SHUTDOWN,DOWN,DOWN,-,-,NORMAL,0.88,link_down
alarm_01709,current_alarm_snapshot,2026-05-04 17:57:19,CRITICAL,asset_ea13d97725,CA,Physical Port Down,2025-08-13 02:08:46,2025-08-13 02:08:46,6351.81,1,SHUTDOWN,DOWN,DOWN,-,-,NORMAL,0.88,link_down
alarm_01710,current_alarm_snapshot,2026-05-04 17:57:19,CRITICAL,asset_5235efd7d0,CA,Physical Port Down,2025-08-13 02:08:47,2025-08-13 02:08:47,6351.81,1,SHUTDOWN,DOWN,DOWN,-,-,NORMAL,0.88,link_down
alarm_01711,current_alarm_snapshot,2026-05-04 17:57:19,CRITICAL,asset_07d1749ac1,AR,Physical Port Down,2025-08-13 11:08:39,2025-08-13 11:08:39,6342.81,1,LOS,UNREPORTED,UNKNOWN,-,-,NORMAL,0.88,link_down
alarm_01712,current_alarm_snapshot,2026-05-04 17:57:19,CRITICAL,asset_7e2887dbba,AR,Physical Port Down,2025-08-14 00:50:29,2025-08-14 00:50:29,6329.11,1,LOS,DOWN,UP,-,-,NORMAL,0.88,link_down
alarm_01713,current_alarm_snapshot,2026-05-04 17:57:19,CRITICAL,asset_b04fa4b282,AG,Physical Port Down,2025-08-14 15:59:15,2025-08-14 15:59:15,6313.97,1,LOS,DOWN,UP,-,-,NORMAL,0.88,link_down
alarm_01714,current_alarm_snapshot,2026-05-04 17:57:19,CRITICAL,asset_59f1cefbc7,AR,Physical Port Down,2025-08-14 22:18:21,2025-08-14 22:18:21,6307.65,1,LOS,DOWN,UP,-,-,NORMAL,0.88,link_down
alarm_01715,current_alarm_snapshot,2026-05-04 17:57:19,CRITICAL,asset_5235efd7d0,CA,Board Invalid,2025-08-15 01:32:15,2025-08-15 01:32:15,6304.42,1,UNKNOWN,UNKNOWN,UNKNOWN,-,-,NORMAL,0.88,power_energy
alarm_01716,current_alarm_snapshot,2026-05-04 17:57:19,CRITICAL,asset_5235efd7d0,CA,Board Invalid,2025-08-15 01:32:22,2025-08-15 01:32:22,6304.42,1,UNKNOWN,UNKNOWN,UNKNOWN,-,-,NORMAL,0.88,power_energy
alarm_01717,current_alarm_snapshot,2026-05-04 17:57:19,CRITICAL,asset_5235efd7d0,CA,Board Invalid,2025-08-15 01:32:27,2025-08-15 01:32:27,6304.41,1,UNKNOWN,UNKNOWN,UNKNOWN,-,-,NORMAL,0.88,power_energy
alarm_01718,current_alarm_snapshot,2026-05-04 17:57:19,CRITICAL,asset_5235efd7d0,CA,Board Invalid,2025-08-15 01:32:31,2025-08-15 01:32:31,6304.41,1,UNKNOWN,UNKNOWN,UNKNOWN,-,-,NORMAL,0.88,power_energy
alarm_01719,current_alarm_snapshot,2026-05-04 17:57:19,CRITICAL,asset_ea13d97725,CA,Board Invalid,2025-08-15 02:01:35,2025-08-15 02:01:35,6303.93,1,UNKNOWN,UNKNOWN,UNKNOWN,-,-,NORMAL,0.88,power_energy
alarm_01720,current_alarm_snapshot,2026-05-04 17:57:19,CRITICAL,asset_ea13d97725,CA,Board Invalid,2025-08-15 02:01:38,2025-08-15 02:01:38,6303.93,1,UNKNOWN,UNKNOWN,UNKNOWN,-,-,NORMAL,0.88,power_energy
alarm_01721,current_alarm_snapshot,2026-05-04 17:57:19,CRITICAL,asset_ea13d97725,CA,Board Invalid,2025-08-15 02:01:48,2025-08-15 02:01:48,6303.93,1,UNKNOWN,UNKNOWN,UNKNOWN,-,-,NORMAL,0.88,power_energy
alarm_01722,current_alarm_snapshot,2026-05-04 17:57:19,CRITICAL,asset_ea13d97725,CA,Board Invalid,2025-08-15 02:01:50,2025-08-15 02:01:50,6303.92,1,UNKNOWN,UNKNOWN,UNKNOWN,-,-,NORMAL,0.88,power_energy
alarm_01723,current_alarm_snapshot,2026-05-04 17:57:19,CRITICAL,asset_ea13d97725,CA,Board Invalid,2025-08-15 02:01:58,2025-08-15 02:01:58,6303.92,1,UNKNOWN,UNKNOWN,UNKNOWN,-,-,NORMAL,0.88,power_energy
alarm_01724,current_alarm_snapshot,2026-05-04 17:57:19,CRITICAL,asset_b53922e62b,AR,Physical Port Down,2025-08-15 08:50:53,2025-08-15 08:50:53,6297.11,1,SHUTDOWN,DOWN,DOWN,-,-,NORMAL,0.88,link_down
alarm_01725,current_alarm_snapshot,2026-05-04 17:57:19,CRITICAL,asset_0350a68511,AR,Physical Port Down,2025-08-15 09:00:23,2025-08-15 09:00:23,6296.95,1,LOS,UNREPORTED,UNKNOWN,-,-,NORMAL,0.88,link_down
alarm_01726,current_alarm_snapshot,2026-05-04 17:57:19,CRITICAL,asset_efd13c517f,AR,Physical Port Down,2025-08-15 10:04:44,2025-08-15 10:04:44,6295.88,1,LOS,DOWN,UP,-,-,NORMAL,0.88,link_down
alarm_01727,current_alarm_snapshot,2026-05-04 17:57:19,CRITICAL,asset_56f6424121,AR,Physical Port Down,2025-08-16 17:39:49,2025-08-16 17:39:49,6264.29,1,LOS,DOWN,UP,-,-,NORMAL,0.88,link_down
alarm_01728,current_alarm_snapshot,2026-05-04 17:57:19,CRITICAL,asset_ab63be157b,CP,Physical Port Down,2025-08-16 18:12:50,2025-08-16 18:12:50,6263.74,1,THE,UNREPORTED,UNKNOWN,-,-,NORMAL,0.88,equipment_module
alarm_01729,current_alarm_snapshot,2026-05-04 17:57:19,CRITICAL,asset_ab63be157b,CP,Physical Port Down,2025-08-16 18:12:50,2025-08-16 18:12:50,6263.74,1,THE,UNREPORTED,UNKNOWN,-,-,NORMAL,0.88,equipment_module
alarm_01730,current_alarm_snapshot,2026-05-04 17:57:19,CRITICAL,asset_ab63be157b,CP,Physical Port Down,2025-08-16 18:12:50,2025-08-16 18:12:50,6263.74,1,THE,UNREPORTED,UNKNOWN,-,-,NORMAL,0.88,equipment_module
alarm_01731,current_alarm_snapshot,2026-05-04 17:57:19,CRITICAL,asset_ab63be157b,CP,Physical Port Down,2025-08-16 18:12:50,2025-08-16 18:12:50,6263.74,1,THE,UNREPORTED,UNKNOWN,-,-,NORMAL,0.88,equipment_module
alarm_01732,current_alarm_snapshot,2026-05-04 17:57:19,CRITICAL,asset_ab63be157b,CP,Physical Port Down,2025-08-16 18:12:53,2025-08-16 18:12:53,6263.74,1,THE,UNREPORTED,UNKNOWN,-,-,NORMAL,0.88,equipment_module
alarm_01733,current_alarm_snapshot,2026-05-04 17:57:19,CRITICAL,asset_ab63be157b,CP,Physical Port Down,2025-08-16 18:12:53,2025-08-16 18:12:53,6263.74,1,THE,UNREPORTED,UNKNOWN,-,-,NORMAL,0.88,equipment_module
alarm_01734,current_alarm_snapshot,2026-05-04 17:57:19,CRITICAL,asset_ab63be157b,CP,Physical Port Down,2025-08-16 18:12:53,2025-08-16 18:12:53,6263.74,1,THE,UNREPORTED,UNKNOWN,-,-,NORMAL,0.88,equipment_module
alarm_01735,current_alarm_snapshot,2026-05-04 17:57:19,CRITICAL,asset_766250201f,AG,Board Invalid,2025-08-17 02:40:42,2025-08-17 02:40:42,6255.28,1,UNKNOWN,UNKNOWN,UNKNOWN,-,-,NORMAL,0.88,equipment_module
alarm_01736,current_alarm_snapshot,2026-05-04 17:57:19,CRITICAL,asset_9c8b877970,AR,Physical Port Down,2025-08-17 10:34:28,2025-08-17 10:34:28,6247.38,1,OTHER_SOFT_DOWN,UP,UP,-,-,NORMAL,0.88,link_down
alarm_01737,current_alarm_snapshot,2026-05-04 17:57:19,CRITICAL,asset_07b59a0731,AR,Physical Port Down,2025-08-17 14:48:01,2025-08-17 14:48:01,6243.15,1,LOS,DOWN,UP,-,-,NORMAL,0.88,link_down
alarm_01738,current_alarm_snapshot,2026-05-04 17:57:19,CRITICAL,asset_07b59a0731,AR,Physical Port Down,2025-08-17 14:48:01,2025-08-17 14:48:01,6243.15,1,LOS,DOWN,UP,-,-,NORMAL,0.88,link_down
alarm_01739,current_alarm_snapshot,2026-05-04 17:57:19,CRITICAL,asset_07b59a0731,AR,Physical Port Down,2025-08-17 14:48:01,2025-08-17 14:48:01,6243.15,1,LOS,DOWN,UP,-,-,NORMAL,0.88,link_down
alarm_01740,current_alarm_snapshot,2026-05-04 17:57:19,CRITICAL,asset_07b59a0731,AR,Physical Port Down,2025-08-17 14:48:01,2025-08-17 14:48:01,6243.15,1,LOS,DOWN,UP,-,-,NORMAL,0.88,link_down
alarm_01741,current_alarm_snapshot,2026-05-04 17:57:19,CRITICAL,asset_0b7caa5460,AR,Physical Port Down,2025-08-17 17:33:47,2025-08-17 17:33:47,6240.39,1,LOS,DOWN,UP,-,-,NORMAL,0.88,link_down
alarm_01742,current_alarm_snapshot,2026-05-04 17:57:19,CRITICAL,asset_816da9b70c,AR,Physical Port Down,2025-08-18 07:41:36,2025-08-18 07:41:36,6226.26,1,LOS,DOWN,UP,-,-,NORMAL,0.88,link_down
alarm_01743,current_alarm_snapshot,2026-05-04 17:57:19,CRITICAL,asset_f5618c3034,AR,Physical Port Down,2025-08-18 15:41:39,2025-08-18 15:41:39,6218.26,1,LOS,DOWN,UP,-,-,NORMAL,0.88,link_down
alarm_01744,current_alarm_snapshot,2026-05-04 17:57:19,CRITICAL,asset_488cd4bfc0,AR,Physical Port Down,2025-08-18 18:02:19,2025-08-18 18:02:19,6215.92,1,LOS,UNREPORTED,UNKNOWN,-,-,NORMAL,0.88,link_down
alarm_01745,current_alarm_snapshot,2026-05-04 17:57:19,CRITICAL,asset_b616b40c81,AG,Physical Port Down,2025-08-18 22:14:17,2025-08-18 22:14:17,6211.72,1,"PCS_UNLOCK,NEGOTIATION_FAIL",DOWN,UP,-,-,NORMAL,0.88,link_down
alarm_01746,current_alarm_snapshot,2026-05-04 17:57:19,CRITICAL,asset_5cbd5cc98b,AG,Physical Port Down,2025-08-19 08:25:51,2025-08-19 08:25:51,6201.52,1,UNKNOWN,UNKNOWN,UNKNOWN,-,-,NORMAL,0.88,link_down
alarm_01747,current_alarm_snapshot,2026-05-04 17:57:19,CRITICAL,asset_695ac0b901,AR,Physical Port Down,2025-08-19 10:39:24,2025-08-19 10:39:24,6199.3,1,LOS,UNREPORTED,UNKNOWN,-,-,NORMAL,0.88,link_down
alarm_01748,current_alarm_snapshot,2026-05-04 17:57:19,CRITICAL,asset_b033831ef6,AG,Physical Port Down,2025-08-20 00:18:32,2025-08-20 00:18:32,6185.65,1,NEGOTIATION_FAIL,DOWN,UP,-,-,NORMAL,0.88,link_down
alarm_01749,current_alarm_snapshot,2026-05-04 17:57:19,CRITICAL,asset_5cbd5cc98b,AG,Physical Port Down,2025-08-20 07:28:02,2025-08-20 07:28:02,6178.49,1,UNKNOWN,UNKNOWN,UNKNOWN,-,-,NORMAL,0.88,link_down
alarm_01750,current_alarm_snapshot,2026-05-04 17:57:19,CRITICAL,asset_e7272b0357,AG,Physical Port Down,2025-08-20 09:33:41,2025-08-20 09:33:41,6176.39,1,NEGOTIATION_FAIL,DOWN,UP,-,-,NORMAL,0.88,link_down
alarm_01751,current_alarm_snapshot,2026-05-04 17:57:19,CRITICAL,asset_4adf623df8,AR,Physical Port Down,2025-08-20 10:27:16,2025-08-20 10:27:16,6175.5,1,LOS,DOWN,UP,-,-,NORMAL,0.88,link_down
alarm_01752,current_alarm_snapshot,2026-05-04 17:57:19,CRITICAL,asset_d2b3c39e1b,AR,Physical Port Down,2025-08-20 12:30:37,2025-08-20 12:30:37,6173.44,1,0,UNREPORTED,UNREPORTED,-,-,NORMAL,0.88,link_down
alarm_01753,current_alarm_snapshot,2026-05-04 17:57:19,CRITICAL,asset_6aa1b7e330,AR,Physical Port Down,2025-08-20 12:36:05,2025-08-20 12:36:05,6173.35,1,LOS,DOWN,UP,-,-,NORMAL,0.88,link_down
alarm_01754,current_alarm_snapshot,2026-05-04 17:57:19,CRITICAL,asset_9b1309202d,AR,Physical Port Down,2025-08-20 12:36:06,2025-08-20 12:36:06,6173.35,1,REMOTE_FAULT,DOWN,UP,-,-,NORMAL,0.88,link_down
alarm_01755,current_alarm_snapshot,2026-05-04 17:57:19,CRITICAL,asset_b033831ef6,AG,Physical Port Down,2025-08-20 14:01:49,2025-08-20 14:01:49,6171.93,1,LOS,DOWN,UP,-,-,NORMAL,0.88,link_down
alarm_01756,current_alarm_snapshot,2026-05-04 17:57:19,CRITICAL,asset_b033831ef6,AG,Physical Port Down,2025-08-20 14:02:05,2025-08-20 14:02:05,6171.92,1,LOS,DOWN,UP,-,-,NORMAL,0.88,link_down
alarm_01757,current_alarm_snapshot,2026-05-04 17:57:19,CRITICAL,asset_3b739e37c0,AR,Physical Port Down,2025-08-20 16:31:23,2025-08-20 16:31:23,6169.43,1,LINK_FAULT,DOWN,UP,-,-,NORMAL,0.88,link_down
alarm_01758,current_alarm_snapshot,2026-05-04 17:57:19,CRITICAL,asset_d36a48e8cc,AR,Physical Port Down,2025-08-20 16:39:41,2025-08-20 16:39:41,6169.29,1,LOS,DOWN,UP,-,-,NORMAL,0.88,link_down
alarm_01759,current_alarm_snapshot,2026-05-04 17:57:19,CRITICAL,asset_8aef3246fe,CP,Physical Port Down,2025-08-21 01:14:42,2025-08-21 01:14:42,6160.71,1,THE,UNREPORTED,UNKNOWN,-,-,NORMAL,0.88,equipment_module
alarm_01760,current_alarm_snapshot,2026-05-04 17:57:19,CRITICAL,asset_07d1749ac1,AR,Physical Port Down,2025-08-21 10:56:25,2025-08-21 10:56:25,6151.02,1,LOS,UNREPORTED,UNKNOWN,-,-,NORMAL,0.88,link_down
alarm_01761,current_alarm_snapshot,2026-05-04 17:57:19,CRITICAL,asset_1a136b05a2,AR,Physical Port Down,2025-08-21 11:41:50,2025-08-21 11:41:50,6150.26,1,LOS,DOWN,UP,-,-,NORMAL,0.88,link_down
alarm_01762,current_alarm_snapshot,2026-05-04 17:57:19,CRITICAL,asset_15aa29ea70,AR,Physical Port Down,2025-08-21 22:37:13,2025-08-21 22:37:13,6139.34,1,LOS,UNREPORTED,UNKNOWN,-,-,NORMAL,0.88,link_down
alarm_01763,current_alarm_snapshot,2026-05-04 17:57:19,CRITICAL,asset_5d94f2da2f,CA,Physical Port Down,2025-08-22 01:57:07,2025-08-22 01:57:07,6136.0,1,THE,UNREPORTED,UNKNOWN,-,-,NORMAL,0.88,link_down
alarm_01764,current_alarm_snapshot,2026-05-04 17:57:19,CRITICAL,asset_5d94f2da2f,CA,Physical Port Down,2025-08-22 01:57:07,2025-08-22 01:57:07,6136.0,1,THE,UNREPORTED,UNKNOWN,-,-,NORMAL,0.88,link_down
alarm_01765,current_alarm_snapshot,2026-05-04 17:57:19,CRITICAL,asset_40b8c3a70c,CA,Physical Port Down,2025-08-22 02:40:34,2025-08-22 02:40:34,6135.28,1,THE,UNREPORTED,UNKNOWN,-,-,NORMAL,0.88,link_down
alarm_01766,current_alarm_snapshot,2026-05-04 17:57:19,CRITICAL,asset_d34dc8b3f1,AR,Physical Port Down,2025-08-22 14:09:24,2025-08-22 14:09:24,6123.8,1,LOS,UNREPORTED,UNKNOWN,-,-,NORMAL,0.88,link_down
alarm_01767,current_alarm_snapshot,2026-05-04 17:57:19,CRITICAL,asset_4088af3920,AR,Physical Port Down,2025-08-22 17:49:50,2025-08-22 17:49:50,6120.12,1,OTHER_SOFT_DOWN,UNREPORTED,UNKNOWN,-,-,NORMAL,0.88,link_down
alarm_01768,current_alarm_snapshot,2026-05-04 17:57:19,CRITICAL,asset_b8940e8a2d,AR,Physical Port Down,2025-08-22 18:03:28,2025-08-22 18:03:28,6119.9,1,LOS,UP,UP,-,-,NORMAL,0.88,link_down
alarm_01769,current_alarm_snapshot,2026-05-04 17:57:19,CRITICAL,asset_239e972ab0,AR,Physical Port Down,2025-08-23 10:00:45,2025-08-23 10:00:45,6103.94,1,SHUTDOWN,UNREPORTED,UNKNOWN,-,-,NORMAL,0.88,link_down
alarm_01770,current_alarm_snapshot,2026-05-04 17:57:19,CRITICAL,asset_27d941dc63,AG,Physical Port Down,2025-08-23 14:06:32,2025-08-23 14:06:32,6099.85,1,NEGOTIATION_FAIL,DOWN,UP,-,-,NORMAL,0.88,link_down
alarm_01771,current_alarm_snapshot,2026-05-04 17:57:19,CRITICAL,asset_fb29df75e0,AR,Physical Port Down,2025-08-23 14:14:49,2025-08-23 14:14:49,6099.71,1,LOS,DOWN,UP,-,-,NORMAL,0.88,link_down
alarm_01772,current_alarm_snapshot,2026-05-04 17:57:19,CRITICAL,asset_fb29df75e0,AR,Physical Port Down,2025-08-23 14:14:49,2025-08-23 14:14:49,6099.71,1,LOS,DOWN,UP,-,-,NORMAL,0.88,link_down
alarm_01773,current_alarm_snapshot,2026-05-04 17:57:19,CRITICAL,asset_fb29df75e0,AR,Physical Port Down,2025-08-23 14:47:17,2025-08-23 14:47:17,6099.17,1,LOS,DOWN,UP,-,-,NORMAL,0.88,link_down
alarm_01774,current_alarm_snapshot,2026-05-04 17:57:19,CRITICAL,asset_8412f39abe,AR,Physical Port Down,2025-08-23 20:33:49,2025-08-23 20:33:49,6093.39,1,LOS,DOWN,UP,-,-,NORMAL,0.88,link_down
alarm_01775,current_alarm_snapshot,2026-05-04 17:57:19,CRITICAL,asset_1255a8d3b8,AR,Physical Port Down,2025-08-23 21:04:08,2025-08-23 21:04:08,6092.89,1,LOS,DOWN,UP,-,-,NORMAL,0.88,link_down
alarm_01776,current_alarm_snapshot,2026-05-04 17:57:19,CRITICAL,asset_c2dc35bbdf,AR,Physical Port Down,2025-08-24 13:42:30,2025-08-24 13:42:30,6076.25,1,LOS,DOWN,UP,-,-,NORMAL,0.88,link_down
alarm_01777,current_alarm_snapshot,2026-05-04 17:57:19,CRITICAL,asset_f8006e3fde,AR,Physical Port Down,2025-08-24 13:53:58,2025-08-24 13:53:58,6076.06,1,LOS,DOWN,UP,-,-,NORMAL,0.88,link_down
alarm_01778,current_alarm_snapshot,2026-05-04 17:57:19,CRITICAL,asset_30602c6ea1,AR,Physical Port Down,2025-08-24 15:57:55,2025-08-24 15:57:55,6073.99,1,LOS,DOWN,UP,-,-,NORMAL,0.88,link_down
alarm_01779,current_alarm_snapshot,2026-05-04 17:57:19,CRITICAL,asset_58b03d4c5c,AR,Physical Port Down,2025-08-25 13:46:32,2025-08-25 13:46:32,6052.18,1,REMOTE_FAULT,DOWN,UP,-,-,NORMAL,0.88,link_down
alarm_01780,current_alarm_snapshot,2026-05-04 17:57:19,CRITICAL,asset_e7272b0357,AG,Physical Port Down,2025-08-25 16:57:13,2025-08-25 16:57:13,6049.0,1,LOS,DOWN,UP,-,-,NORMAL,0.88,link_down
alarm_01781,current_alarm_snapshot,2026-05-04 17:57:19,CRITICAL,asset_016dcc2502,AR,Physical Port Down,2025-08-25 18:23:48,2025-08-25 18:23:48,6047.56,1,LOS,DOWN,UP,-,-,NORMAL,0.88,link_down
alarm_01782,current_alarm_snapshot,2026-05-04 17:57:19,CRITICAL,asset_d36a48e8cc,AR,Physical Port Down,2025-08-25 19:37:40,2025-08-25 19:37:40,6046.33,1,LOS,DOWN,UP,-,-,NORMAL,0.88,link_down
alarm_01783,current_alarm_snapshot,2026-05-04 17:57:19,CRITICAL,asset_3c232afc41,AR,Physical Port Down,2025-08-25 19:48:55,2025-08-25 19:48:55,6046.14,1,LOS,DOWN,UP,-,-,NORMAL,0.88,link_down
alarm_01784,current_alarm_snapshot,2026-05-04 17:57:19,CRITICAL,asset_b616b40c81,AG,Physical Port Down,2025-08-25 20:19:20,2025-08-25 20:19:20,6045.63,1,SHUTDOWN,DOWN,DOWN,-,-,NORMAL,0.88,link_down
alarm_01785,current_alarm_snapshot,2026-05-04 17:57:19,CRITICAL,asset_d7bac659f7,AR,Physical Port Down,2025-08-26 01:26:58,2025-08-26 01:26:58,6040.51,1,LOS,DOWN,UP,-,-,NORMAL,0.88,link_down
alarm_01786,current_alarm_snapshot,2026-05-04 17:57:19,CRITICAL,asset_d7bac659f7,AR,Physical Port Down,2025-08-26 01:30:25,2025-08-26 01:30:25,6040.45,1,LOS,DOWN,UP,-,-,NORMAL,0.88,link_down
alarm_01787,current_alarm_snapshot,2026-05-04 17:57:19,CRITICAL,asset_82477ca3f9,AR,Physical Port Down,2025-08-26 06:20:19,2025-08-26 06:20:19,6035.62,1,LOS,DOWN,UP,-,-,NORMAL,0.88,link_down
alarm_01788,current_alarm_snapshot,2026-05-04 17:57:19,CRITICAL,asset_efd13c517f,AR,Physical Port Down,2025-08-26 09:30:56,2025-08-26 09:30:56,6032.44,1,LOS,DOWN,UP,-,-,NORMAL,0.88,link_down
alarm_01789,current_alarm_snapshot,2026-05-04 17:57:19,CRITICAL,asset_2c8de57f74,AR,Physical Port Down,2025-08-26 13:30:30,2025-08-26 13:30:30,6028.45,1,LOS,UNREPORTED,UNKNOWN,-,-,NORMAL,0.88,link_down
alarm_01790,current_alarm_snapshot,2026-05-04 17:57:19,CRITICAL,asset_4d0af51c9e,AG,Physical Port Down,2025-08-26 18:02:24,2025-08-26 18:02:24,6023.92,1,LOS,DOWN,UP,-,-,NORMAL,0.88,link_down
alarm_01791,current_alarm_snapshot,2026-05-04 17:57:19,CRITICAL,asset_30602c6ea1,AR,Physical Port Down,2025-08-27 08:50:51,2025-08-27 08:50:51,6009.11,1,LOS,DOWN,UP,-,-,NORMAL,0.88,link_down
alarm_01792,current_alarm_snapshot,2026-05-04 17:57:19,CRITICAL,asset_61f477e71f,AR,Physical Port Down,2025-08-27 11:32:52,2025-08-27 11:32:52,6006.41,1,LOS,DOWN,UP,-,-,NORMAL,0.88,link_down
alarm_01793,current_alarm_snapshot,2026-05-04 17:57:19,CRITICAL,asset_73da8d4f4a,AR,Physical Port Down,2025-08-27 15:00:53,2025-08-27 15:00:53,6002.94,1,SHUTDOWN,DOWN,DOWN,-,-,NORMAL,0.88,link_down
alarm_01794,current_alarm_snapshot,2026-05-04 17:57:19,CRITICAL,asset_59f1cefbc7,AR,Physical Port Down,2025-08-28 01:03:01,2025-08-28 01:03:01,5992.9,1,NEGOTIATION_FAIL,DOWN,UP,-,-,NORMAL,0.88,link_down
alarm_01795,current_alarm_snapshot,2026-05-04 17:57:19,CRITICAL,asset_1255a8d3b8,AR,Physical Port Down,2025-08-28 11:13:16,2025-08-28 11:13:16,5982.73,1,LOS,DOWN,UP,-,-,NORMAL,0.88,link_down
alarm_01796,current_alarm_snapshot,2026-05-04 17:57:19,CRITICAL,asset_e97dc320b1,AR,Physical Port Down,2025-08-28 11:48:41,2025-08-28 11:48:41,5982.14,1,LOS,DOWN,UP,-,-,NORMAL,0.88,link_down
alarm_01797,current_alarm_snapshot,2026-05-04 17:57:19,CRITICAL,asset_9ff9e42188,AR,Physical Port Down,2025-08-28 13:54:49,2025-08-28 13:54:49,5980.04,1,LOS,DOWN,UP,-,-,NORMAL,0.88,link_down
alarm_01798,current_alarm_snapshot,2026-05-04 17:57:19,CRITICAL,asset_1255a8d3b8,AR,Physical Port Down,2025-08-29 09:41:09,2025-08-29 09:41:09,5960.27,1,REMOTE_FAULT,DOWN,UP,-,-,NORMAL,0.88,link_down
alarm_01799,current_alarm_snapshot,2026-05-04 17:57:19,CRITICAL,asset_4c104694ab,AR,Physical Port Down,2025-08-29 12:07:34,2025-08-29 12:07:34,5957.83,1,LOS,DOWN,UP,-,-,NORMAL,0.88,link_down
alarm_01800,current_alarm_snapshot,2026-05-04 17:57:19,CRITICAL,asset_816da9b70c,AR,Physical Port Down,2025-08-29 15:24:44,2025-08-29 15:24:44,5954.54,1,LOS,DOWN,UP,-,-,NORMAL,0.88,link_down
alarm_01801,current_alarm_snapshot,2026-05-04 17:57:19,CRITICAL,asset_6fc79fbfd0,AG,Physical Port Down,2025-08-29 18:20:22,2025-08-29 18:20:22,5951.62,1,LOS,DOWN,UP,-,-,NORMAL,0.88,link_down
alarm_01802,current_alarm_snapshot,2026-05-04 17:57:19,CRITICAL,asset_5c5b723bd5,AR,Physical Port Down,2025-08-30 11:24:17,2025-08-30 11:24:17,5934.55,1,LOS,DOWN,UP,-,-,NORMAL,0.88,link_down
alarm_01803,current_alarm_snapshot,2026-05-04 17:57:19,CRITICAL,asset_026d711464,AR,Physical Port Down,2025-08-30 11:51:42,2025-08-30 11:51:42,5934.09,1,LOS,DOWN,UP,-,-,NORMAL,0.88,link_down
alarm_01804,current_alarm_snapshot,2026-05-04 17:57:19,CRITICAL,asset_c4ad217d9c,AR,Physical Port Down,2025-08-31 07:05:17,2025-08-31 07:05:17,5914.87,1,LOS,DOWN,UP,-,-,NORMAL,0.88,link_down
alarm_01805,current_alarm_snapshot,2026-05-04 17:57:19,CRITICAL,asset_0ced63a72b,AR,Physical Port Down,2025-08-31 07:47:08,2025-08-31 07:47:08,5914.17,1,LOS,DOWN,UP,-,-,NORMAL,0.88,link_down
alarm_01806,current_alarm_snapshot,2026-05-04 17:57:19,CRITICAL,asset_7e2887dbba,AR,Physical Port Down,2025-08-31 07:49:16,2025-08-31 07:49:16,5914.13,1,LOS,DOWN,UP,-,-,NORMAL,0.88,link_down
alarm_01807,current_alarm_snapshot,2026-05-04 17:57:19,CRITICAL,asset_7e2887dbba,AR,Physical Port Down,2025-08-31 07:49:16,2025-08-31 07:49:16,5914.13,1,LOS,DOWN,UP,-,-,NORMAL,0.88,link_down
alarm_01808,current_alarm_snapshot,2026-05-04 17:57:19,CRITICAL,asset_7e2887dbba,AR,Physical Port Down,2025-08-31 07:49:16,2025-08-31 07:49:16,5914.13,1,LOS,DOWN,UP,-,-,NORMAL,0.88,link_down
alarm_01809,current_alarm_snapshot,2026-05-04 17:57:19,CRITICAL,asset_7e2887dbba,AR,Physical Port Down,2025-08-31 07:49:16,2025-08-31 07:49:16,5914.13,1,LOS,DOWN,UP,-,-,NORMAL,0.88,link_down
alarm_01810,current_alarm_snapshot,2026-05-04 17:57:19,CRITICAL,asset_7e2887dbba,AR,Physical Port Down,2025-08-31 07:49:16,2025-08-31 07:49:16,5914.13,1,LOS,DOWN,UP,-,-,NORMAL,0.88,link_down
alarm_01811,current_alarm_snapshot,2026-05-04 17:57:19,CRITICAL,asset_7e2887dbba,AR,Physical Port Down,2025-08-31 07:49:16,2025-08-31 07:49:16,5914.13,1,LOS,DOWN,UP,-,-,NORMAL,0.88,link_down
alarm_01812,current_alarm_snapshot,2026-05-04 17:57:19,CRITICAL,asset_49f59ea607,AR,Physical Port Down,2025-08-31 08:00:35,2025-08-31 08:00:35,5913.95,1,LOS,DOWN,UP,-,-,NORMAL,0.88,link_down
alarm_01813,current_alarm_snapshot,2026-05-04 17:57:19,CRITICAL,asset_07ef35ed04,AR,Physical Port Down,2025-08-31 10:08:10,2025-08-31 10:08:10,5911.82,1,LOS,DOWN,UP,-,-,NORMAL,0.88,link_down
alarm_01814,current_alarm_snapshot,2026-05-04 17:57:19,CRITICAL,asset_d290f20f69,AR,Physical Port Down,2025-08-31 10:26:06,2025-08-31 10:26:06,5911.52,1,LOS,DOWN,UP,-,-,NORMAL,0.88,link_down
alarm_01815,current_alarm_snapshot,2026-05-04 17:57:19,CRITICAL,asset_a7d31bfdeb,AR,Physical Port Down,2025-08-31 10:43:19,2025-08-31 10:43:19,5911.23,1,0,UNREPORTED,UNREPORTED,-,-,NORMAL,0.88,link_down
alarm_01816,current_alarm_snapshot,2026-05-04 17:57:19,CRITICAL,asset_7e1d37eedb,AR,Physical Port Down,2025-08-31 11:47:20,2025-08-31 11:47:20,5910.17,1,LOS,DOWN,UP,-,-,NORMAL,0.88,link_down
alarm_01817,current_alarm_snapshot,2026-05-04 17:57:19,CRITICAL,asset_ee1e427b72,AR,Physical Port Down,2025-08-31 12:23:49,2025-08-31 12:23:49,5909.56,1,LOS,DOWN,UP,-,-,NORMAL,0.88,link_down
alarm_01818,current_alarm_snapshot,2026-05-04 17:57:19,CRITICAL,asset_ee1e427b72,AR,Physical Port Down,2025-08-31 12:23:49,2025-08-31 12:23:49,5909.56,1,LOS,DOWN,UP,-,-,NORMAL,0.88,link_down
alarm_01819,current_alarm_snapshot,2026-05-04 17:57:19,CRITICAL,asset_e933d6e4ae,AR,Physical Port Down,2025-08-31 12:31:00,2025-08-31 12:31:00,5909.44,1,LOS,DOWN,UP,-,-,NORMAL,0.88,link_down
alarm_01820,current_alarm_snapshot,2026-05-04 17:57:19,CRITICAL,asset_a7d31bfdeb,AR,Physical Port Down,2025-08-31 13:06:27,2025-08-31 13:06:27,5908.85,1,LOS,DOWN,UP,-,-,NORMAL,0.88,link_down
alarm_01821,current_alarm_snapshot,2026-05-04 17:57:19,CRITICAL,asset_7e1d37eedb,AR,Physical Port Down,2025-08-31 13:19:46,2025-08-31 13:19:46,5908.63,1,LOS,DOWN,UP,-,-,NORMAL,0.88,link_down
alarm_01822,current_alarm_snapshot,2026-05-04 17:57:19,CRITICAL,asset_7e1d37eedb,AR,Physical Port Down,2025-08-31 13:19:46,2025-08-31 13:19:46,5908.63,1,LOS,DOWN,UP,-,-,NORMAL,0.88,link_down
alarm_01823,current_alarm_snapshot,2026-05-04 17:57:19,CRITICAL,asset_7e1d37eedb,AR,Physical Port Down,2025-08-31 14:19:32,2025-08-31 14:19:32,5907.63,1,LOS,DOWN,UP,-,-,NORMAL,0.88,link_down
alarm_01824,current_alarm_snapshot,2026-05-04 17:57:19,CRITICAL,asset_ed510b0ac2,AR,Physical Port Down,2025-08-31 14:50:38,2025-08-31 14:50:38,5907.11,1,LOS,DOWN,UP,-,-,NORMAL,0.88,link_down
alarm_01825,current_alarm_snapshot,2026-05-04 17:57:19,CRITICAL,asset_eb6a82e867,AR,Physical Port Down,2025-08-31 17:05:57,2025-08-31 17:05:57,5904.86,1,LOS,DOWN,UP,-,-,NORMAL,0.88,link_down
alarm_01826,current_alarm_snapshot,2026-05-04 17:57:19,CRITICAL,asset_d015d32a0b,AR,Physical Port Down,2025-08-31 21:10:38,2025-08-31 21:10:38,5900.78,1,LOS,UP,UP,-,-,NORMAL,0.88,link_down
alarm_01827,current_alarm_snapshot,2026-05-04 17:57:19,CRITICAL,asset_81f76efdf5,AR,Physical Port Down,2025-09-01 09:41:11,2025-09-01 09:41:11,5888.27,1,LOS,UNREPORTED,UNKNOWN,-,-,NORMAL,0.88,link_down
alarm_01828,current_alarm_snapshot,2026-05-04 17:57:19,CRITICAL,asset_0295f6cbb3,AR,Physical Port Down,2025-09-01 10:40:47,2025-09-01 10:40:47,5887.28,1,LOS,DOWN,UP,-,-,NORMAL,0.88,link_down
alarm_01829,current_alarm_snapshot,2026-05-04 17:57:19,CRITICAL,asset_0295f6cbb3,AR,Physical Port Down,2025-09-01 10:40:47,2025-09-01 10:40:47,5887.28,1,LOS,DOWN,UP,-,-,NORMAL,0.88,link_down
alarm_01830,current_alarm_snapshot,2026-05-04 17:57:19,CRITICAL,asset_50d08345fc,AR,Physical Port Down,2025-09-01 11:56:43,2025-09-01 11:56:43,5886.01,1,LOS,DOWN,UP,-,-,NORMAL,0.88,link_down
alarm_01831,current_alarm_snapshot,2026-05-04 17:57:19,CRITICAL,asset_56f6424121,AR,Physical Port Down,2025-09-01 12:05:20,2025-09-01 12:05:20,5885.87,1,LOS,DOWN,UP,-,-,NORMAL,0.88,link_down
alarm_01832,current_alarm_snapshot,2026-05-04 17:57:19,CRITICAL,asset_ae138f1d32,AG,Physical Port Down,2025-09-01 15:02:26,2025-09-01 15:02:26,5882.91,1,SHUTDOWN,DOWN,DOWN,-,-,NORMAL,0.88,link_down
alarm_01833,current_alarm_snapshot,2026-05-04 17:57:19,CRITICAL,asset_ae138f1d32,AG,Physical Port Down,2025-09-01 15:02:26,2025-09-01 15:02:26,5882.91,1,SHUTDOWN,DOWN,DOWN,-,-,NORMAL,0.88,link_down
alarm_01834,current_alarm_snapshot,2026-05-04 17:57:19,CRITICAL,asset_d930562d73,AR,Physical Port Down,2025-09-01 20:16:16,2025-09-01 20:16:16,5877.68,1,TRANSCEIVER_UNKNOWN,UNREPORTED,UNKNOWN,-,-,NORMAL,0.88,link_down
alarm_01835,current_alarm_snapshot,2026-05-04 17:57:19,CRITICAL,asset_cf737f35b3,AR,Physical Port Down,2025-09-01 20:37:46,2025-09-01 20:37:46,5877.33,1,LOS,DOWN,UP,-,-,NORMAL,0.88,link_down
alarm_01836,current_alarm_snapshot,2026-05-04 17:57:19,CRITICAL,asset_cf737f35b3,AR,Physical Port Down,2025-09-01 20:37:47,2025-09-01 20:37:47,5877.33,1,LOS,DOWN,UP,-,-,NORMAL,0.88,link_down
alarm_01837,current_alarm_snapshot,2026-05-04 17:57:19,CRITICAL,asset_e837acca71,AR,Physical Port Down,2025-09-02 10:44:02,2025-09-02 10:44:02,5863.22,1,LOS,DOWN,UP,-,-,NORMAL,0.88,link_down
alarm_01838,current_alarm_snapshot,2026-05-04 17:57:19,CRITICAL,asset_2193a77906,AR,Physical Port Down,2025-09-02 12:22:17,2025-09-02 12:22:17,5861.58,1,0,UNREPORTED,UNREPORTED,-,-,NORMAL,0.88,link_down
alarm_01839,current_alarm_snapshot,2026-05-04 17:57:19,CRITICAL,asset_b32cafc117,AG,Physical Port Down,2025-09-02 13:57:28,2025-09-02 13:57:28,5860.0,1,"PMA_LOS,PCS_HIGHBER,LOCAL_FAULT",DOWN,UP,-,-,NORMAL,0.88,link_down
alarm_01840,current_alarm_snapshot,2026-05-04 17:57:19,CRITICAL,asset_a19f11b8a4,AR,Physical Port Down,2025-09-02 15:34:42,2025-09-02 15:34:42,5858.38,1,LOS,DOWN,UP,-,-,NORMAL,0.88,link_down
alarm_01841,current_alarm_snapshot,2026-05-04 17:57:19,CRITICAL,asset_eaeddba53c,SW,The Device is offline,2025-09-02 15:58:50,2025-09-02 15:58:50,5857.97,1,UNKNOWN,UNKNOWN,UNKNOWN,-,-,NORMAL,0.88,other
alarm_01842,current_alarm_snapshot,2026-05-04 17:57:19,CRITICAL,asset_a89d37afff,AG,Physical Port Down,2025-09-02 16:04:53,2025-09-02 16:04:53,5857.87,1,THE,UNREPORTED,UNKNOWN,-,-,NORMAL,0.88,equipment_module
alarm_01843,current_alarm_snapshot,2026-05-04 17:57:19,CRITICAL,asset_6d991ce3b6,AR,Board Invalid,2025-09-03 11:49:03,2025-09-03 11:49:03,5838.14,1,UNKNOWN,UNKNOWN,UNKNOWN,-,-,NORMAL,0.88,equipment_module
alarm_01844,current_alarm_snapshot,2026-05-04 17:57:19,CRITICAL,asset_efd13c517f,AR,Physical Port Down,2025-09-03 12:37:40,2025-09-03 12:37:40,5837.33,1,LOS,DOWN,UP,-,-,NORMAL,0.88,link_down
alarm_01845,current_alarm_snapshot,2026-05-04 17:57:19,CRITICAL,asset_a19f11b8a4,AR,Physical Port Down,2025-09-03 14:37:15,2025-09-03 14:37:15,5835.33,1,LOS,DOWN,UP,-,-,NORMAL,0.88,link_down
alarm_01846,current_alarm_snapshot,2026-05-04 17:57:19,CRITICAL,asset_983c7de2ba,AR,Physical Port Down,2025-09-03 14:40:31,2025-09-03 14:40:31,5835.28,1,OTHER_SOFT_DOWN,UP,UP,-,-,NORMAL,0.88,link_down
alarm_01847,current_alarm_snapshot,2026-05-04 17:57:19,CRITICAL,asset_07b59a0731,AR,Physical Port Down,2025-09-03 15:06:36,2025-09-03 15:06:36,5834.85,1,LOS,DOWN,UP,-,-,NORMAL,0.88,link_down
alarm_01848,current_alarm_snapshot,2026-05-04 17:57:19,CRITICAL,asset_816da9b70c,AR,Physical Port Down,2025-09-03 15:09:50,2025-09-03 15:09:50,5834.79,1,LOS,DOWN,UP,-,-,NORMAL,0.88,link_down
alarm_01849,current_alarm_snapshot,2026-05-04 17:57:19,CRITICAL,asset_a19f11b8a4,AR,Physical Port Down,2025-09-03 15:10:14,2025-09-03 15:10:14,5834.78,1,LOS,DOWN,UP,-,-,NORMAL,0.88,link_down
alarm_01850,current_alarm_snapshot,2026-05-04 17:57:19,CRITICAL,asset_4e29bd35ee,AR,Physical Port Down,2025-09-03 17:18:41,2025-09-03 17:18:41,5832.64,1,NEGOTIATION_FAIL,DOWN,UP,-,-,NORMAL,0.88,link_down
alarm_01851,current_alarm_snapshot,2026-05-04 17:57:19,CRITICAL,asset_26f5bdf3c9,AR,Physical Port Down,2025-09-03 19:08:09,2025-09-03 19:08:09,5830.82,1,LOS,DOWN,UP,-,-,NORMAL,0.88,link_down
alarm_01852,current_alarm_snapshot,2026-05-04 17:57:19,CRITICAL,asset_9b0feed1fe,AR,Physical Port Down,2025-09-04 09:21:37,2025-09-04 09:21:37,5816.6,1,LOS,DOWN,UP,-,-,NORMAL,0.88,link_down
alarm_01853,current_alarm_snapshot,2026-05-04 17:57:19,CRITICAL,asset_9c4712e2de,AG,Physical Port Down,2025-09-04 12:10:51,2025-09-04 12:10:51,5813.77,1,NEGOTIATION_FAIL,DOWN,UP,-,-,NORMAL,0.88,link_down
alarm_01854,current_alarm_snapshot,2026-05-04 17:57:19,CRITICAL,asset_fd8deb5ed2,AR,Physical Port Down,2025-09-04 15:01:59,2025-09-04 15:01:59,5810.92,1,LOS,DOWN,UP,-,-,NORMAL,0.88,link_down
alarm_01855,current_alarm_snapshot,2026-05-04 17:57:19,CRITICAL,asset_31f88c167b,AR,Physical Port Down,2025-09-04 16:47:41,2025-09-04 16:47:41,5809.16,1,LOS,DOWN,UP,-,-,NORMAL,0.88,link_down
alarm_01856,current_alarm_snapshot,2026-05-04 17:57:19,CRITICAL,asset_e3524b8d8f,AR,Physical Port Down,2025-09-05 12:20:39,2025-09-05 12:20:39,5789.61,1,SHUTDOWN,UNREPORTED,UNKNOWN,-,-,NORMAL,0.88,link_down
alarm_01857,current_alarm_snapshot,2026-05-04 17:57:19,CRITICAL,asset_07d1749ac1,AR,Physical Port Down,2025-09-05 15:57:44,2025-09-05 15:57:44,5785.99,1,LOS,UNREPORTED,UNKNOWN,-,-,NORMAL,0.88,link_down
alarm_01858,current_alarm_snapshot,2026-05-04 17:57:19,CRITICAL,asset_109516a157,AR,Physical Port Down,2025-09-06 00:23:39,2025-09-06 00:23:39,5777.56,1,LOS,UNREPORTED,UNKNOWN,-,-,NORMAL,0.88,link_down
alarm_01859,current_alarm_snapshot,2026-05-04 17:57:19,CRITICAL,asset_20dbd40b19,AR,Physical Port Down,2025-09-06 09:30:12,2025-09-06 09:30:12,5768.45,1,LOS,DOWN,UP,-,-,NORMAL,0.88,link_down
alarm_01860,current_alarm_snapshot,2026-05-04 17:57:19,CRITICAL,asset_8ccb1877ea,AR,Physical Port Down,2025-09-06 10:15:48,2025-09-06 10:15:48,5767.69,1,LOS,DOWN,UP,-,-,NORMAL,0.88,link_down
alarm_01861,current_alarm_snapshot,2026-05-04 17:57:19,CRITICAL,asset_b77ed30ce3,AR,Physical Port Down,2025-09-06 14:35:55,2025-09-06 14:35:55,5763.36,1,LOS,UNREPORTED,UNKNOWN,-,-,NORMAL,0.88,link_down
alarm_01862,current_alarm_snapshot,2026-05-04 17:57:19,CRITICAL,asset_109516a157,AR,Physical Port Down,2025-09-06 18:31:26,2025-09-06 18:31:26,5759.43,1,LOS,UNREPORTED,UNKNOWN,-,-,NORMAL,0.88,link_down
alarm_01863,current_alarm_snapshot,2026-05-04 17:57:19,CRITICAL,asset_3f24e9e21f,AR,Physical Port Down,2025-09-08 14:49:14,2025-09-08 14:49:14,5715.13,1,LOS,UNREPORTED,UNKNOWN,-,-,NORMAL,0.88,link_down
alarm_01864,current_alarm_snapshot,2026-05-04 17:57:19,CRITICAL,asset_3f24e9e21f,AR,Physical Port Down,2025-09-08 14:49:14,2025-09-08 14:49:14,5715.13,1,LOS,UNREPORTED,UNKNOWN,-,-,NORMAL,0.88,link_down
alarm_01865,current_alarm_snapshot,2026-05-04 17:57:19,CRITICAL,asset_3b57fdc05a,AR,Physical Port Down,2025-09-08 19:05:06,2025-09-08 19:05:06,5710.87,1,SHUTDOWN,UNREPORTED,UNKNOWN,-,-,NORMAL,0.88,link_down
alarm_01866,current_alarm_snapshot,2026-05-04 17:57:19,CRITICAL,asset_949b355963,AR,Physical Port Down,2025-09-09 02:01:11,2025-09-09 02:01:11,5703.94,1,SHUTDOWN,UNREPORTED,UNKNOWN,-,-,NORMAL,0.88,link_down
alarm_01867,current_alarm_snapshot,2026-05-04 17:57:19,CRITICAL,asset_949b355963,AR,Physical Port Down,2025-09-09 02:07:48,2025-09-09 02:07:48,5703.83,1,SHUTDOWN,UNREPORTED,UNKNOWN,-,-,NORMAL,0.88,link_down
alarm_01868,current_alarm_snapshot,2026-05-04 17:57:19,CRITICAL,asset_81337688a0,AG,Physical Port Down,2025-09-09 08:31:26,2025-09-09 08:31:26,5697.43,1,UNKNOWN,UNKNOWN,UNKNOWN,-,-,NORMAL,0.88,link_down
alarm_01869,current_alarm_snapshot,2026-05-04 17:57:19,CRITICAL,asset_7ad2d261ce,AR,Physical Port Down,2025-09-09 12:20:41,2025-09-09 12:20:41,5693.61,1,LOS,DOWN,UP,-,-,NORMAL,0.88,link_down
alarm_01870,current_alarm_snapshot,2026-05-04 17:57:19,CRITICAL,asset_946fcb10e3,AR,Physical Port Down,2025-09-10 09:03:02,2025-09-10 09:03:02,5672.9,1,LOS,DOWN,UP,-,-,NORMAL,0.88,link_down
alarm_01871,current_alarm_snapshot,2026-05-04 17:57:19,CRITICAL,asset_946fcb10e3,AR,Physical Port Down,2025-09-10 09:03:02,2025-09-10 09:03:02,5672.9,1,LOS,DOWN,UP,-,-,NORMAL,0.88,link_down
alarm_01872,current_alarm_snapshot,2026-05-04 17:57:19,CRITICAL,asset_a180231935,AR,Physical Port Down,2025-09-10 09:30:35,2025-09-10 09:30:35,5672.45,1,SHUTDOWN,DOWN,DOWN,-,-,NORMAL,0.88,link_down
alarm_01873,current_alarm_snapshot,2026-05-04 17:57:19,CRITICAL,asset_946fcb10e3,AR,Physical Port Down,2025-09-10 10:44:38,2025-09-10 10:44:38,5671.21,1,LOS,DOWN,UP,-,-,NORMAL,0.88,link_down
alarm_01874,current_alarm_snapshot,2026-05-04 17:57:19,CRITICAL,asset_9bae161490,AR,Physical Port Down,2025-09-10 14:51:13,2025-09-10 14:51:13,5667.1,1,LOS,UNREPORTED,UNKNOWN,-,-,NORMAL,0.88,link_down
alarm_01875,current_alarm_snapshot,2026-05-04 17:57:19,CRITICAL,asset_8841d6f3f1,AR,Physical Port Down,2025-09-10 16:15:05,2025-09-10 16:15:05,5665.7,1,LOS,UP,UP,-,-,NORMAL,0.88,link_down
alarm_01876,current_alarm_snapshot,2026-05-04 17:57:19,CRITICAL,asset_072fe37cc4,AR,Physical Port Down,2025-09-10 21:09:09,2025-09-10 21:09:09,5660.8,1,SHUTDOWN,DOWN,DOWN,-,-,NORMAL,0.88,link_down
alarm_01877,current_alarm_snapshot,2026-05-04 17:57:19,CRITICAL,asset_52e1e73c85,AR,Physical Port Down,2025-09-11 11:13:23,2025-09-11 11:13:23,5646.73,1,LOS,DOWN,UP,-,-,NORMAL,0.88,link_down
alarm_01878,current_alarm_snapshot,2026-05-04 17:57:19,CRITICAL,asset_072fe37cc4,AR,Physical Port Down,2025-09-11 11:23:53,2025-09-11 11:23:53,5646.56,1,SHUTDOWN,DOWN,DOWN,-,-,NORMAL,0.88,link_down
alarm_01879,current_alarm_snapshot,2026-05-04 17:57:19,CRITICAL,asset_ed510b0ac2,AR,Physical Port Down,2025-09-11 18:26:53,2025-09-11 18:26:53,5639.51,1,LOS,DOWN,UP,-,-,NORMAL,0.88,link_down
alarm_01880,current_alarm_snapshot,2026-05-04 17:57:19,CRITICAL,asset_9fea865a69,AR,Physical Port Down,2025-09-12 12:26:03,2025-09-12 12:26:03,5621.52,1,LINK_FAULT,DOWN,UP,-,-,NORMAL,0.88,link_down
alarm_01881,current_alarm_snapshot,2026-05-04 17:57:19,CRITICAL,asset_5cf1c9a17b,AR,Physical Port Down,2025-09-12 12:27:17,2025-09-12 12:27:17,5621.5,1,LOS,DOWN,UP,-,-,NORMAL,0.88,link_down
alarm_01882,current_alarm_snapshot,2026-05-04 17:57:19,CRITICAL,asset_ed510b0ac2,AR,Physical Port Down,2025-09-12 12:34:45,2025-09-12 12:34:45,5621.38,1,LOS,DOWN,UP,-,-,NORMAL,0.88,link_down
alarm_01883,current_alarm_snapshot,2026-05-04 17:57:19,CRITICAL,asset_81f76efdf5,AR,Physical Port Down,2025-09-12 13:22:32,2025-09-12 13:22:32,5620.58,1,LOS,UNREPORTED,UNKNOWN,-,-,NORMAL,0.88,link_down
alarm_01884,current_alarm_snapshot,2026-05-04 17:57:19,CRITICAL,asset_cb07f75a79,AR,Physical Port Down,2025-09-13 09:34:44,2025-09-13 09:34:44,5600.38,1,LOS,DOWN,UP,-,-,NORMAL,0.88,link_down
alarm_01885,current_alarm_snapshot,2026-05-04 17:57:19,CRITICAL,asset_cb07f75a79,AR,Physical Port Down,2025-09-13 09:34:44,2025-09-13 09:34:44,5600.38,1,LOS,DOWN,UP,-,-,NORMAL,0.88,link_down
alarm_01886,current_alarm_snapshot,2026-05-04 17:57:19,CRITICAL,asset_cb07f75a79,AR,Physical Port Down,2025-09-13 09:34:44,2025-09-13 09:34:44,5600.38,1,LOS,DOWN,UP,-,-,NORMAL,0.88,link_down
alarm_01887,current_alarm_snapshot,2026-05-04 17:57:19,CRITICAL,asset_cb07f75a79,AR,Physical Port Down,2025-09-13 09:34:44,2025-09-13 09:34:44,5600.38,1,LOS,DOWN,UP,-,-,NORMAL,0.88,link_down
alarm_01888,current_alarm_snapshot,2026-05-04 17:57:19,CRITICAL,asset_cb07f75a79,AR,Physical Port Down,2025-09-13 09:34:44,2025-09-13 09:34:44,5600.38,1,LOS,DOWN,UP,-,-,NORMAL,0.88,link_down
alarm_01889,current_alarm_snapshot,2026-05-04 17:57:19,CRITICAL,asset_7ad2d261ce,AR,Physical Port Down,2025-09-13 10:52:19,2025-09-13 10:52:19,5599.08,1,LOS,DOWN,UP,-,-,NORMAL,0.88,link_down
alarm_01890,current_alarm_snapshot,2026-05-04 17:57:19,CRITICAL,asset_ad4b1b0423,AR,Physical Port Down,2025-09-14 13:09:26,2025-09-14 13:09:26,5572.8,1,LOS,DOWN,UP,-,-,NORMAL,0.88,link_down
alarm_01891,current_alarm_snapshot,2026-05-04 17:57:19,CRITICAL,asset_ad4b1b0423,AR,Physical Port Down,2025-09-14 13:09:26,2025-09-14 13:09:26,5572.8,1,LOS,DOWN,UP,-,-,NORMAL,0.88,link_down
alarm_01892,current_alarm_snapshot,2026-05-04 17:57:19,CRITICAL,asset_d92f38083e,AR,The Device is offline,2025-09-15 10:06:55,2025-09-15 10:06:55,5551.84,1,UNKNOWN,UNKNOWN,UNKNOWN,-,-,NORMAL,0.88,other
alarm_01893,current_alarm_snapshot,2026-05-04 17:57:19,CRITICAL,asset_f8006e3fde,AR,Physical Port Down,2025-09-16 15:24:30,2025-09-16 15:24:30,5522.55,1,LOS,DOWN,UP,-,-,NORMAL,0.88,link_down
alarm_01894,current_alarm_snapshot,2026-05-04 17:57:19,CRITICAL,asset_07ef35ed04,AR,Physical Port Down,2025-09-17 06:48:03,2025-09-17 06:48:03,5507.15,1,LOS,DOWN,UP,-,-,NORMAL,0.88,link_down
alarm_01895,current_alarm_snapshot,2026-05-04 17:57:19,CRITICAL,asset_b3ca0cded4,AR,The Device is offline,2025-09-17 14:19:43,2025-09-17 14:19:43,5499.63,1,UNKNOWN,UNKNOWN,UNKNOWN,-,-,NORMAL,0.88,other
alarm_01896,current_alarm_snapshot,2026-05-04 17:57:19,CRITICAL,asset_9c4712e2de,AG,Physical Port Down,2025-09-17 14:50:23,2025-09-17 14:50:23,5499.12,1,LOS,DOWN,UP,-,-,NORMAL,0.88,link_down
alarm_01897,current_alarm_snapshot,2026-05-04 17:57:19,CRITICAL,asset_cfe4f6b22f,AR,Physical Port Down,2025-09-17 16:06:25,2025-09-17 16:06:25,5497.85,1,SHUTDOWN,DOWN,DOWN,-,-,NORMAL,0.88,link_down
alarm_01898,current_alarm_snapshot,2026-05-04 17:57:19,CRITICAL,asset_ddab6b21b2,AR,Physical Port Down,2025-09-17 16:45:45,2025-09-17 16:45:45,5497.19,1,LOS,DOWN,UP,-,-,NORMAL,0.88,link_down
alarm_01899,current_alarm_snapshot,2026-05-04 17:57:19,CRITICAL,asset_ddab6b21b2,AR,Physical Port Down,2025-09-17 16:45:45,2025-09-17 16:45:45,5497.19,1,LOS,DOWN,UP,-,-,NORMAL,0.88,link_down
alarm_01900,current_alarm_snapshot,2026-05-04 17:57:19,CRITICAL,asset_780794fc68,AR,Physical Port Down,2025-09-18 13:28:42,2025-09-18 13:28:42,5476.48,1,LOS,UNREPORTED,UNKNOWN,-,-,NORMAL,0.88,link_down
alarm_01901,current_alarm_snapshot,2026-05-04 17:57:19,CRITICAL,asset_780794fc68,AR,Physical Port Down,2025-09-18 13:43:08,2025-09-18 13:43:08,5476.24,1,LOS,UNREPORTED,UNKNOWN,-,-,NORMAL,0.88,link_down
alarm_01902,current_alarm_snapshot,2026-05-04 17:57:19,CRITICAL,asset_1421642d95,AG,Physical Port Down,2025-09-18 16:30:29,2025-09-18 16:30:29,5473.45,1,SHUTDOWN,DOWN,DOWN,-,-,NORMAL,0.88,link_down
alarm_01903,current_alarm_snapshot,2026-05-04 17:57:19,CRITICAL,asset_fddd16b19f,AR,Physical Port Down,2025-09-19 02:55:56,2025-09-19 02:55:56,5463.02,1,LOS,DOWN,UP,-,-,NORMAL,0.88,link_down
alarm_01904,current_alarm_snapshot,2026-05-04 17:57:19,CRITICAL,asset_fddd16b19f,AR,Physical Port Down,2025-09-19 02:55:56,2025-09-19 02:55:56,5463.02,1,LOS,DOWN,UP,-,-,NORMAL,0.88,link_down
alarm_01905,current_alarm_snapshot,2026-05-04 17:57:19,CRITICAL,asset_fddd16b19f,AR,Physical Port Down,2025-09-19 02:55:56,2025-09-19 02:55:56,5463.02,1,LOS,DOWN,UP,-,-,NORMAL,0.88,link_down
alarm_01906,current_alarm_snapshot,2026-05-04 17:57:19,CRITICAL,asset_3852345b1b,AR,Physical Port Down,2025-09-19 13:13:08,2025-09-19 13:13:08,5452.74,1,0,UNREPORTED,UNREPORTED,-,-,NORMAL,0.88,link_down
alarm_01907,current_alarm_snapshot,2026-05-04 17:57:19,CRITICAL,asset_4088af3920,AR,Physical Port Down,2025-09-19 13:29:51,2025-09-19 13:29:51,5452.46,1,OTHER_SOFT_DOWN,UNREPORTED,UNKNOWN,-,-,NORMAL,0.88,link_down
alarm_01908,current_alarm_snapshot,2026-05-04 17:57:19,CRITICAL,asset_695ac0b901,AR,Physical Port Down,2025-09-21 07:07:29,2025-09-21 07:07:29,5410.83,1,LOS,UNREPORTED,UNKNOWN,-,-,NORMAL,0.88,link_down
alarm_01909,current_alarm_snapshot,2026-05-04 17:57:19,CRITICAL,asset_74d2738282,AR,Physical Port Down,2025-09-21 15:50:06,2025-09-21 15:50:06,5402.12,1,LOS,DOWN,UP,-,-,NORMAL,0.88,link_down
alarm_01910,current_alarm_snapshot,2026-05-04 17:57:19,CRITICAL,asset_74d2738282,AR,Physical Port Down,2025-09-21 15:50:06,2025-09-21 15:50:06,5402.12,1,LOS,DOWN,UP,-,-,NORMAL,0.88,link_down
alarm_01911,current_alarm_snapshot,2026-05-04 17:57:19,CRITICAL,asset_4e1d12a7b9,AR,Physical Port Down,2025-09-22 12:20:25,2025-09-22 12:20:25,5381.61,1,LOS,DOWN,UP,-,-,NORMAL,0.88,link_down
alarm_01912,current_alarm_snapshot,2026-05-04 17:57:19,CRITICAL,asset_4e1d12a7b9,AR,Physical Port Down,2025-09-22 12:37:30,2025-09-22 12:37:30,5381.33,1,LOS,DOWN,UP,-,-,NORMAL,0.88,link_down
alarm_01913,current_alarm_snapshot,2026-05-04 17:57:19,CRITICAL,asset_9ff1ddaa3c,AG,Physical Port Down,2025-09-22 15:13:40,2025-09-22 15:13:40,5378.73,1,LOS,DOWN,UP,-,-,NORMAL,0.88,link_down
alarm_01914,current_alarm_snapshot,2026-05-04 17:57:19,CRITICAL,asset_b2d3bd01a7,AG,Physical Port Down,2025-09-22 19:16:18,2025-09-22 19:16:18,5374.68,1,SHUTDOWN,DOWN,DOWN,-,-,NORMAL,0.88,link_down
alarm_01915,current_alarm_snapshot,2026-05-04 17:57:19,CRITICAL,asset_b2d3bd01a7,AG,Physical Port Down,2025-09-22 19:24:02,2025-09-22 19:24:02,5374.55,1,LOS,DOWN,UP,-,-,NORMAL,0.88,link_down
alarm_01916,current_alarm_snapshot,2026-05-04 17:57:19,CRITICAL,asset_4e1d12a7b9,AR,Physical Port Down,2025-09-23 09:25:16,2025-09-23 09:25:16,5360.53,1,LOS,DOWN,UP,-,-,NORMAL,0.88,link_down
alarm_01917,current_alarm_snapshot,2026-05-04 17:57:19,CRITICAL,asset_dc46331191,AR,Physical Port Down,2025-09-23 10:56:11,2025-09-23 10:56:11,5359.02,1,SHUTDOWN,DOWN,DOWN,-,-,NORMAL,0.88,link_down
alarm_01918,current_alarm_snapshot,2026-05-04 17:57:19,CRITICAL,asset_55a749ba6d,AR,Physical Port Down,2025-09-23 11:55:10,2025-09-23 11:55:10,5358.04,1,LOS,DOWN,UP,-,-,NORMAL,0.88,link_down
alarm_01919,current_alarm_snapshot,2026-05-04 17:57:19,CRITICAL,asset_42be1ba62e,AR,Physical Port Down,2025-09-23 14:50:17,2025-09-23 14:50:17,5355.12,1,TRANSCEIVER_UNKNOWN,UNREPORTED,UNKNOWN,-,-,NORMAL,0.88,link_down
alarm_01920,current_alarm_snapshot,2026-05-04 17:57:19,CRITICAL,asset_846df42004,AR,Physical Port Down,2025-09-23 15:49:37,2025-09-23 15:49:37,5354.13,1,LOS,DOWN,UP,-,-,NORMAL,0.88,link_down
alarm_01921,current_alarm_snapshot,2026-05-04 17:57:19,CRITICAL,asset_19c58c58dc,AR,Physical Port Down,2025-09-23 15:50:25,2025-09-23 15:50:25,5354.11,1,LOS,DOWN,UP,-,-,NORMAL,0.88,link_down
alarm_01922,current_alarm_snapshot,2026-05-04 17:57:19,CRITICAL,asset_19c58c58dc,AR,Physical Port Down,2025-09-23 15:50:25,2025-09-23 15:50:25,5354.11,1,LOS,DOWN,UP,-,-,NORMAL,0.88,link_down
alarm_01923,current_alarm_snapshot,2026-05-04 17:57:19,CRITICAL,asset_97024afee7,AG,Physical Port Down,2025-09-24 15:51:57,2025-09-24 15:51:57,5330.09,1,LOS,DOWN,UP,-,-,NORMAL,0.88,link_down
alarm_01924,current_alarm_snapshot,2026-05-04 17:57:19,CRITICAL,asset_1255a8d3b8,AR,Physical Port Down,2025-09-24 18:09:59,2025-09-24 18:09:59,5327.79,1,LOS,DOWN,UP,-,-,NORMAL,0.88,link_down
alarm_01925,current_alarm_snapshot,2026-05-04 17:57:19,CRITICAL,asset_ea13d97725,CA,Physical Port Down,2025-09-25 01:31:08,2025-09-25 01:31:08,5320.44,1,SHUTDOWN,DOWN,DOWN,-,-,NORMAL,0.88,link_down
alarm_01926,current_alarm_snapshot,2026-05-04 17:57:19,CRITICAL,asset_ea13d97725,CA,Physical Port Down,2025-09-25 01:31:08,2025-09-25 01:31:08,5320.44,1,SHUTDOWN,DOWN,DOWN,-,-,NORMAL,0.88,link_down
alarm_01927,current_alarm_snapshot,2026-05-04 17:57:19,CRITICAL,asset_5235efd7d0,CA,Physical Port Down,2025-09-25 01:31:11,2025-09-25 01:31:11,5320.44,1,SHUTDOWN,DOWN,DOWN,-,-,NORMAL,0.88,link_down
alarm_01928,current_alarm_snapshot,2026-05-04 17:57:19,CRITICAL,asset_ea13d97725,CA,Physical Port Down,2025-09-25 01:31:12,2025-09-25 01:31:12,5320.44,1,SHUTDOWN,DOWN,DOWN,-,-,NORMAL,0.88,link_down
alarm_01929,current_alarm_snapshot,2026-05-04 17:57:19,CRITICAL,asset_ea13d97725,CA,Physical Port Down,2025-09-25 01:31:12,2025-09-25 01:31:12,5320.44,1,SHUTDOWN,DOWN,DOWN,-,-,NORMAL,0.88,link_down
alarm_01930,current_alarm_snapshot,2026-05-04 17:57:19,CRITICAL,asset_5235efd7d0,CA,Physical Port Down,2025-09-25 01:31:18,2025-09-25 01:31:18,5320.43,1,SHUTDOWN,DOWN,DOWN,-,-,NORMAL,0.88,link_down
alarm_01931,current_alarm_snapshot,2026-05-04 17:57:19,CRITICAL,asset_5235efd7d0,CA,Physical Port Down,2025-09-25 01:31:18,2025-09-25 01:31:18,5320.43,1,SHUTDOWN,DOWN,DOWN,-,-,NORMAL,0.88,link_down
alarm_01932,current_alarm_snapshot,2026-05-04 17:57:19,CRITICAL,asset_5235efd7d0,CA,Physical Port Down,2025-09-25 01:31:18,2025-09-25 01:31:18,5320.43,1,SHUTDOWN,DOWN,DOWN,-,-,NORMAL,0.88,link_down
alarm_01933,current_alarm_snapshot,2026-05-04 17:57:19,CRITICAL,asset_4340219477,IPBN,Physical Port Down,2025-09-25 01:31:24,2025-09-25 01:31:24,5320.43,1,THE,UNREPORTED,UNKNOWN,-,-,NORMAL,0.88,equipment_module
alarm_01934,current_alarm_snapshot,2026-05-04 17:57:19,CRITICAL,asset_7ed40d79e8,AR,Physical Port Down,2025-09-25 07:20:45,2025-09-25 07:20:45,5314.61,1,LOS,DOWN,UP,-,-,NORMAL,0.88,link_down
alarm_01935,current_alarm_snapshot,2026-05-04 17:57:19,CRITICAL,asset_a295a24ff5,AR,Physical Port Down,2025-09-25 10:29:03,2025-09-25 10:29:03,5311.47,1,LOS,DOWN,UP,-,-,NORMAL,0.88,link_down
alarm_01936,current_alarm_snapshot,2026-05-04 17:57:19,CRITICAL,asset_740515765d,AG,Physical Port Down,2025-09-25 12:22:07,2025-09-25 12:22:07,5309.59,1,NEGOTIATION_FAIL,DOWN,UP,-,-,NORMAL,0.88,link_down
alarm_01937,current_alarm_snapshot,2026-05-04 17:57:19,CRITICAL,asset_941e076098,AR,Physical Port Down,2025-09-25 16:41:51,2025-09-25 16:41:51,5305.26,1,LOS,DOWN,UP,-,-,NORMAL,0.88,link_down
alarm_01938,current_alarm_snapshot,2026-05-04 17:57:19,CRITICAL,asset_c2c91d7eee,AG,Physical Port Down,2025-09-25 19:52:49,2025-09-25 19:52:49,5302.07,1,LOS,DOWN,UP,-,-,NORMAL,0.88,link_down
alarm_01939,current_alarm_snapshot,2026-05-04 17:57:19,CRITICAL,asset_c7c0bed574,AR,Physical Port Down,2025-09-26 14:58:03,2025-09-26 14:58:03,5282.99,1,0,UNREPORTED,UNREPORTED,-,-,NORMAL,0.88,link_down
alarm_01940,current_alarm_snapshot,2026-05-04 17:57:19,CRITICAL,asset_7d7bcc79e6,AR,The Device is offline,2025-09-27 03:44:19,2025-09-27 03:44:19,5270.22,1,UNKNOWN,UNKNOWN,UNKNOWN,-,-,NORMAL,0.88,other
alarm_01941,current_alarm_snapshot,2026-05-04 17:57:19,CRITICAL,asset_6d8ba87d56,AG,Physical Port Down,2025-09-27 10:56:04,2025-09-27 10:56:04,5263.02,1,LOS,DOWN,UP,-,-,NORMAL,0.88,link_down
alarm_01942,current_alarm_snapshot,2026-05-04 17:57:19,CRITICAL,asset_6d8ba87d56,AG,Physical Port Down,2025-09-27 10:56:21,2025-09-27 10:56:21,5263.02,1,LOS,DOWN,UP,-,-,NORMAL,0.88,link_down
alarm_01943,current_alarm_snapshot,2026-05-04 17:57:19,CRITICAL,asset_ce781a48a1,AR,Physical Port Down,2025-09-28 01:19:32,2025-09-28 01:19:32,5248.63,1,LOS,DOWN,UP,-,-,NORMAL,0.88,link_down
alarm_01944,current_alarm_snapshot,2026-05-04 17:57:19,CRITICAL,asset_ea897613be,AR,Physical Port Down,2025-09-28 07:47:37,2025-09-28 07:47:37,5242.16,1,LOS,DOWN,UP,-,-,NORMAL,0.88,link_down
alarm_01945,current_alarm_snapshot,2026-05-04 17:57:19,CRITICAL,asset_c7bfe172f7,AR,Physical Port Down,2025-09-28 08:45:02,2025-09-28 08:45:02,5241.2,1,LOS,DOWN,UP,-,-,NORMAL,0.88,link_down
alarm_01946,current_alarm_snapshot,2026-05-04 17:57:19,CRITICAL,asset_ce781a48a1,AR,Physical Port Down,2025-09-28 08:46:16,2025-09-28 08:46:16,5241.18,1,LOS,DOWN,UP,-,-,NORMAL,0.88,link_down
alarm_01947,current_alarm_snapshot,2026-05-04 17:57:19,CRITICAL,asset_ce781a48a1,AR,Physical Port Down,2025-09-28 08:46:16,2025-09-28 08:46:16,5241.18,1,LOS,DOWN,UP,-,-,NORMAL,0.88,link_down
alarm_01948,current_alarm_snapshot,2026-05-04 17:57:19,CRITICAL,asset_ce781a48a1,AR,Physical Port Down,2025-09-28 08:46:16,2025-09-28 08:46:16,5241.18,1,LOS,DOWN,UP,-,-,NORMAL,0.88,link_down
alarm_01949,current_alarm_snapshot,2026-05-04 17:57:19,CRITICAL,asset_07ff97d8bc,AR,Physical Port Down,2025-09-29 08:20:48,2025-09-29 08:20:48,5217.61,1,LOS,DOWN,UP,-,-,NORMAL,0.88,link_down
alarm_01950,current_alarm_snapshot,2026-05-04 17:57:19,CRITICAL,asset_0b7caa5460,AR,Physical Port Down,2025-09-29 10:11:59,2025-09-29 10:11:59,5215.76,1,LOS,DOWN,UP,-,-,NORMAL,0.88,link_down
alarm_01951,current_alarm_snapshot,2026-05-04 17:57:19,CRITICAL,asset_d2b3c39e1b,AR,Physical Port Down,2025-09-29 10:49:11,2025-09-29 10:49:11,5215.14,1,LOS,DOWN,UP,-,-,NORMAL,0.88,link_down
alarm_01952,current_alarm_snapshot,2026-05-04 17:57:19,CRITICAL,asset_d2b3c39e1b,AR,Physical Port Down,2025-09-29 10:49:11,2025-09-29 10:49:11,5215.14,1,LOS,DOWN,UP,-,-,NORMAL,0.88,link_down
alarm_01953,current_alarm_snapshot,2026-05-04 17:57:19,CRITICAL,asset_c99df1fea1,AG,Physical Port Down,2025-09-29 10:57:27,2025-09-29 10:57:27,5215.0,1,LOS,DOWN,UP,-,-,NORMAL,0.88,link_down
alarm_01954,current_alarm_snapshot,2026-05-04 17:57:19,CRITICAL,asset_372cdc30b0,AR,Physical Port Down,2025-09-29 17:13:10,2025-09-29 17:13:10,5208.74,1,OTHER_SOFT_DOWN,UNREPORTED,UNKNOWN,-,-,NORMAL,0.88,link_down
alarm_01955,current_alarm_snapshot,2026-05-04 17:57:19,CRITICAL,asset_9b0feed1fe,AR,Physical Port Down,2025-09-30 11:51:05,2025-09-30 11:51:05,5190.1,1,LOS,DOWN,UP,-,-,NORMAL,0.88,link_down
alarm_01956,current_alarm_snapshot,2026-05-04 17:57:19,CRITICAL,asset_31f88c167b,AR,Physical Port Down,2025-09-30 15:09:54,2025-09-30 15:09:54,5186.79,1,LOS,DOWN,UP,-,-,NORMAL,0.88,link_down
alarm_01957,current_alarm_snapshot,2026-05-04 17:57:19,CRITICAL,asset_e7272b0357,AG,Physical Port Down,2025-09-30 17:12:10,2025-09-30 17:12:10,5184.75,1,NEGOTIATION_FAIL,DOWN,UP,-,-,NORMAL,0.88,link_down
alarm_01958,current_alarm_snapshot,2026-05-04 17:57:19,CRITICAL,asset_e7272b0357,AG,Physical Port Down,2025-09-30 17:12:24,2025-09-30 17:12:24,5184.75,1,LOS,DOWN,UP,-,-,NORMAL,0.88,link_down
alarm_01959,current_alarm_snapshot,2026-05-04 17:57:19,CRITICAL,asset_109516a157,AR,Physical Port Down,2025-09-30 17:36:19,2025-09-30 17:36:19,5184.35,1,LOS,UNREPORTED,UNKNOWN,-,-,NORMAL,0.88,link_down
alarm_01960,current_alarm_snapshot,2026-05-04 17:57:19,CRITICAL,asset_988747d1cd,AR,Physical Port Down,2025-09-30 19:27:27,2025-09-30 19:27:27,5182.5,1,LOS,DOWN,UP,-,-,NORMAL,0.88,link_down
alarm_01961,current_alarm_snapshot,2026-05-04 17:57:19,CRITICAL,asset_194467093d,AR,Physical Port Down,2025-10-01 00:12:09,2025-10-01 00:12:09,5177.75,1,LOS,DOWN,UP,-,-,NORMAL,0.88,link_down
alarm_01962,current_alarm_snapshot,2026-05-04 17:57:19,CRITICAL,asset_9f7999b79c,AR,The Device is offline,2025-10-01 08:57:18,2025-10-01 08:57:18,5169.0,1,UNKNOWN,UNKNOWN,UNKNOWN,-,-,NORMAL,0.88,other
alarm_01963,current_alarm_snapshot,2026-05-04 17:57:19,CRITICAL,asset_bd13b9ce69,AR,Physical Port Down,2025-10-01 12:00:19,2025-10-01 12:00:19,5165.95,1,0,UNREPORTED,UNREPORTED,-,-,NORMAL,0.88,link_down
alarm_01964,current_alarm_snapshot,2026-05-04 17:57:19,CRITICAL,asset_3c232afc41,AR,Physical Port Down,2025-10-01 14:22:13,2025-10-01 14:22:13,5163.59,1,LOS,DOWN,UP,-,-,NORMAL,0.88,link_down
alarm_01965,current_alarm_snapshot,2026-05-04 17:57:19,CRITICAL,asset_3c232afc41,AR,Physical Port Down,2025-10-01 14:22:13,2025-10-01 14:22:13,5163.59,1,LOS,DOWN,UP,-,-,NORMAL,0.88,link_down
alarm_01966,current_alarm_snapshot,2026-05-04 17:57:19,CRITICAL,asset_3c232afc41,AR,Physical Port Down,2025-10-01 14:22:13,2025-10-01 14:22:13,5163.59,1,LOS,DOWN,UP,-,-,NORMAL,0.88,link_down
alarm_01967,current_alarm_snapshot,2026-05-04 17:57:19,CRITICAL,asset_46a386b669,AR,Physical Port Down,2025-10-01 15:45:52,2025-10-01 15:45:52,5162.19,1,LOS,DOWN,UP,-,-,NORMAL,0.88,link_down
alarm_01968,current_alarm_snapshot,2026-05-04 17:57:19,CRITICAL,asset_32c511c6a3,AR,Physical Port Down,2025-10-01 19:57:19,2025-10-01 19:57:19,5158.0,1,OTHER_SOFT_DOWN,UNREPORTED,UNKNOWN,-,-,NORMAL,0.88,link_down
alarm_01969,current_alarm_snapshot,2026-05-04 17:57:19,CRITICAL,asset_81f76efdf5,AR,Physical Port Down,2025-10-02 10:37:48,2025-10-02 10:37:48,5143.33,1,OTHER_SOFT_DOWN,UNREPORTED,UNKNOWN,-,-,NORMAL,0.88,link_down
alarm_01970,current_alarm_snapshot,2026-05-04 17:57:19,CRITICAL,asset_6a837c7e66,AR,Physical Port Down,2025-10-02 15:14:04,2025-10-02 15:14:04,5138.72,1,LOS,DOWN,UP,-,-,NORMAL,0.88,link_down
alarm_01971,current_alarm_snapshot,2026-05-04 17:57:19,CRITICAL,asset_a1db09770c,AG,Physical Port Down,2025-10-02 18:36:15,2025-10-02 18:36:15,5135.35,1,LOS,DOWN,UP,-,-,NORMAL,0.88,link_down
alarm_01972,current_alarm_snapshot,2026-05-04 17:57:19,CRITICAL,asset_a1db09770c,AG,Physical Port Down,2025-10-02 18:36:55,2025-10-02 18:36:55,5135.34,1,LOS,DOWN,UP,-,-,NORMAL,0.88,link_down
alarm_01973,current_alarm_snapshot,2026-05-04 17:57:19,CRITICAL,asset_6d780a0b3b,AR,Physical Port Down,2025-10-03 04:32:32,2025-10-03 04:32:32,5125.41,1,LOS,UNREPORTED,UNKNOWN,-,-,NORMAL,0.88,link_down
alarm_01974,current_alarm_snapshot,2026-05-04 17:57:19,CRITICAL,asset_458799f79e,AR,Physical Port Down,2025-10-03 11:04:29,2025-10-03 11:04:29,5118.88,1,LOS,DOWN,UP,-,-,NORMAL,0.88,link_down
alarm_01975,current_alarm_snapshot,2026-05-04 17:57:19,CRITICAL,asset_458799f79e,AR,Physical Port Down,2025-10-03 11:04:29,2025-10-03 11:04:29,5118.88,1,LOS,DOWN,UP,-,-,NORMAL,0.88,link_down
alarm_01976,current_alarm_snapshot,2026-05-04 17:57:19,CRITICAL,asset_c408fa9a36,AR,Physical Port Down,2025-10-03 14:50:45,2025-10-03 14:50:45,5115.11,1,LOS,DOWN,UP,-,-,NORMAL,0.88,link_down
alarm_01977,current_alarm_snapshot,2026-05-04 17:57:19,CRITICAL,asset_fdd1b6356a,AR,Physical Port Down,2025-10-03 16:05:18,2025-10-03 16:05:18,5113.87,1,TRANSCEIVER_OFFLINE,DOWN,UP,-,-,NORMAL,0.88,link_down
alarm_01978,current_alarm_snapshot,2026-05-04 17:57:19,CRITICAL,asset_9de07ac5e9,AR,Physical Port Down,2025-10-03 18:00:59,2025-10-03 18:00:59,5111.94,1,LOS,UP,UP,-,-,NORMAL,0.88,link_down
alarm_01979,current_alarm_snapshot,2026-05-04 17:57:19,CRITICAL,asset_eb6a82e867,AR,Physical Port Down,2025-10-04 12:44:14,2025-10-04 12:44:14,5093.22,1,LOS,DOWN,UP,-,-,NORMAL,0.88,link_down
alarm_01980,current_alarm_snapshot,2026-05-04 17:57:19,CRITICAL,asset_d20a0f612c,AR,Physical Port Down,2025-10-04 14:10:33,2025-10-04 14:10:33,5091.78,1,SHUTDOWN,DOWN,DOWN,-,-,NORMAL,0.88,link_down
alarm_01981,current_alarm_snapshot,2026-05-04 17:57:19,CRITICAL,asset_05985494ab,AR,Physical Port Down,2025-10-04 20:55:03,2025-10-04 20:55:03,5085.04,1,LOS,DOWN,UP,-,-,NORMAL,0.88,link_down
alarm_01982,current_alarm_snapshot,2026-05-04 17:57:19,CRITICAL,asset_a996240b2e,AG,Physical Port Down,2025-10-05 04:07:28,2025-10-05 04:07:28,5077.83,1,LOS,DOWN,UP,-,-,NORMAL,0.88,link_down
alarm_01983,current_alarm_snapshot,2026-05-04 17:57:19,CRITICAL,asset_2b0ffe4ffc,AR,Physical Port Down,2025-10-05 04:07:29,2025-10-05 04:07:29,5077.83,1,LOS,DOWN,UP,-,-,NORMAL,0.88,link_down
alarm_01984,current_alarm_snapshot,2026-05-04 17:57:19,CRITICAL,asset_9db724f43d,AG,Board Invalid,2025-10-05 05:06:00,2025-10-05 05:06:00,5076.86,1,UNKNOWN,UNKNOWN,UNKNOWN,-,-,NORMAL,0.88,equipment_module
alarm_01985,current_alarm_snapshot,2026-05-04 17:57:19,CRITICAL,asset_9db724f43d,AG,Board Invalid,2025-10-05 05:06:00,2025-10-05 05:06:00,5076.86,1,UNKNOWN,UNKNOWN,UNKNOWN,-,-,NORMAL,0.88,equipment_module
alarm_01986,current_alarm_snapshot,2026-05-04 17:57:19,CRITICAL,asset_9db724f43d,AG,Board Invalid,2025-10-05 05:17:48,2025-10-05 05:17:48,5076.66,1,UNKNOWN,UNKNOWN,UNKNOWN,-,-,NORMAL,0.88,power_energy
alarm_01987,current_alarm_snapshot,2026-05-04 17:57:19,CRITICAL,asset_1b6132a310,AR,Physical Port Down,2025-10-05 06:28:35,2025-10-05 06:28:35,5075.48,1,LOS,DOWN,UP,-,-,NORMAL,0.88,link_down
alarm_01988,current_alarm_snapshot,2026-05-04 17:57:19,CRITICAL,asset_ade101cc08,AR,Physical Port Down,2025-10-05 20:48:02,2025-10-05 20:48:02,5061.15,1,LOS,DOWN,UP,-,-,NORMAL,0.88,link_down
alarm_01989,current_alarm_snapshot,2026-05-04 17:57:19,CRITICAL,asset_ade101cc08,AR,Physical Port Down,2025-10-05 20:48:02,2025-10-05 20:48:02,5061.15,1,LOS,DOWN,UP,-,-,NORMAL,0.88,link_down
alarm_01990,current_alarm_snapshot,2026-05-04 17:57:19,CRITICAL,asset_fddb30b896,AR,Physical Port Down,2025-10-05 22:22:00,2025-10-05 22:22:00,5059.59,1,LOS,DOWN,UP,-,-,NORMAL,0.88,link_down
alarm_01991,current_alarm_snapshot,2026-05-04 17:57:19,CRITICAL,asset_109516a157,AR,Physical Port Down,2025-10-06 09:54:32,2025-10-06 09:54:32,5048.05,1,LOS,UNREPORTED,UNKNOWN,-,-,NORMAL,0.88,link_down
alarm_01992,current_alarm_snapshot,2026-05-04 17:57:19,CRITICAL,asset_b77ed30ce3,AR,Physical Port Down,2025-10-06 09:54:32,2025-10-06 09:54:32,5048.05,1,LOS,UNREPORTED,UNKNOWN,-,-,NORMAL,0.88,link_down
alarm_01993,current_alarm_snapshot,2026-05-04 17:57:19,CRITICAL,asset_79137a3827,AR,Physical Port Down,2025-10-06 10:15:00,2025-10-06 10:15:00,5047.71,1,OTHER_SOFT_DOWN,DOWN,UP,-,-,NORMAL,0.88,link_down
alarm_01994,current_alarm_snapshot,2026-05-04 17:57:19,CRITICAL,asset_8023623d1a,AR,Physical Port Down,2025-10-06 12:12:35,2025-10-06 12:12:35,5045.75,1,SHUTDOWN,UNREPORTED,UNKNOWN,-,-,NORMAL,0.88,link_down
alarm_01995,current_alarm_snapshot,2026-05-04 17:57:19,CRITICAL,asset_320fb4cff7,AR,Physical Port Down,2025-10-06 12:42:01,2025-10-06 12:42:01,5045.26,1,NEGOTIATION_FAIL,UP,UP,-,-,NORMAL,0.88,link_down
alarm_01996,current_alarm_snapshot,2026-05-04 17:57:19,CRITICAL,asset_d671a30309,AG,Physical Port Down,2025-10-06 16:58:29,2025-10-06 16:58:29,5040.98,1,NEGOTIATION_FAIL,DOWN,UP,-,-,NORMAL,0.88,link_down
alarm_01997,current_alarm_snapshot,2026-05-04 17:57:19,CRITICAL,asset_015727f137,AR,Physical Port Down,2025-10-06 22:15:03,2025-10-06 22:15:03,5035.7,1,LOS,UNREPORTED,UNKNOWN,-,-,NORMAL,0.88,link_down
alarm_01998,current_alarm_snapshot,2026-05-04 17:57:19,CRITICAL,asset_f8006e3fde,AR,Physical Port Down,2025-10-07 04:39:02,2025-10-07 04:39:02,5029.3,1,LOS,DOWN,UP,-,-,NORMAL,0.88,link_down
alarm_01999,current_alarm_snapshot,2026-05-04 17:57:19,CRITICAL,asset_ec012dccbf,AR,Physical Port Down,2025-10-07 11:25:22,2025-10-07 11:25:22,5022.53,1,LOS,DOWN,UP,-,-,NORMAL,0.88,link_down
alarm_02000,current_alarm_snapshot,2026-05-04 17:57:19,CRITICAL,asset_0b7caa5460,AR,Physical Port Down,2025-10-07 13:41:55,2025-10-07 13:41:55,5020.26,1,LOS,DOWN,UP,-,-,NORMAL,0.88,link_down
alarm_02001,current_alarm_snapshot,2026-05-04 17:57:19,CRITICAL,asset_6aa0366625,AR,Physical Port Down,2025-10-07 15:39:49,2025-10-07 15:39:49,5018.29,1,SHUTDOWN,DOWN,DOWN,-,-,NORMAL,0.88,link_down
alarm_02002,current_alarm_snapshot,2026-05-04 17:57:19,CRITICAL,asset_2fdd721abd,AR,Physical Port Down,2025-10-07 17:53:13,2025-10-07 17:53:13,5016.07,1,LOS,UP,UP,-,-,NORMAL,0.88,link_down
alarm_02003,current_alarm_snapshot,2026-05-04 17:57:19,CRITICAL,asset_4c104694ab,AR,Physical Port Down,2025-10-08 04:24:14,2025-10-08 04:24:14,5005.55,1,LOS,DOWN,UP,-,-,NORMAL,0.88,link_down
alarm_02004,current_alarm_snapshot,2026-05-04 17:57:19,CRITICAL,asset_f8006e3fde,AR,Physical Port Down,2025-10-08 06:50:36,2025-10-08 06:50:36,5003.11,1,LOS,DOWN,UP,-,-,NORMAL,0.88,link_down
alarm_02005,current_alarm_snapshot,2026-05-04 17:57:19,CRITICAL,asset_92427f2206,AG,Board Invalid,2025-10-08 10:47:38,2025-10-08 10:47:38,4999.16,1,UNKNOWN,UNKNOWN,UNKNOWN,-,-,NORMAL,0.88,power_energy
alarm_02006,current_alarm_snapshot,2026-05-04 17:57:19,CRITICAL,asset_3c232afc41,AR,Physical Port Down,2025-10-08 15:41:27,2025-10-08 15:41:27,4994.26,1,LOS,DOWN,UP,-,-,NORMAL,0.88,link_down
alarm_02007,current_alarm_snapshot,2026-05-04 17:57:19,CRITICAL,asset_a6267bb2ac,AR,Physical Port Down,2025-10-09 14:32:21,2025-10-09 14:32:21,4971.42,1,0,UNREPORTED,UNREPORTED,-,-,NORMAL,0.88,link_down
alarm_02008,current_alarm_snapshot,2026-05-04 17:57:19,CRITICAL,asset_0204232a7b,AR,Physical Port Down,2025-10-09 16:27:31,2025-10-09 16:27:31,4969.5,1,LOS,DOWN,UP,-,-,NORMAL,0.88,link_down
alarm_02009,current_alarm_snapshot,2026-05-04 17:57:19,CRITICAL,asset_0204232a7b,AR,Physical Port Down,2025-10-09 17:27:13,2025-10-09 17:27:13,4968.5,1,LOS,DOWN,UP,-,-,NORMAL,0.88,link_down
alarm_02010,current_alarm_snapshot,2026-05-04 17:57:19,CRITICAL,asset_0204232a7b,AR,Physical Port Down,2025-10-09 17:27:14,2025-10-09 17:27:14,4968.5,1,LOS,DOWN,UP,-,-,NORMAL,0.88,link_down
alarm_02011,current_alarm_snapshot,2026-05-04 17:57:19,CRITICAL,asset_693ba40e9e,AR,Physical Port Down,2025-10-09 20:00:21,2025-10-09 20:00:21,4965.95,1,LOS,DOWN,UP,-,-,NORMAL,0.88,link_down
alarm_02012,current_alarm_snapshot,2026-05-04 17:57:19,CRITICAL,asset_693ba40e9e,AR,Physical Port Down,2025-10-09 20:00:27,2025-10-09 20:00:27,4965.95,1,LOS,DOWN,UP,-,-,NORMAL,0.88,link_down
alarm_02013,current_alarm_snapshot,2026-05-04 17:57:19,CRITICAL,asset_de2bb266f9,AR,Physical Port Down,2025-10-10 02:00:23,2025-10-10 02:00:23,4959.95,1,LOS,UNREPORTED,UNKNOWN,-,-,NORMAL,0.88,link_down
alarm_02014,current_alarm_snapshot,2026-05-04 17:57:19,CRITICAL,asset_1ed38d9577,AG,Physical Port Down,2025-10-10 09:03:26,2025-10-10 09:03:26,4952.9,1,THE,UNREPORTED,UNKNOWN,-,-,NORMAL,0.88,equipment_module
alarm_02015,current_alarm_snapshot,2026-05-04 17:57:19,CRITICAL,asset_6918d9c4ff,AR,Physical Port Down,2025-10-10 10:59:54,2025-10-10 10:59:54,4950.96,1,NEGOTIATION_FAIL,UP,UP,-,-,NORMAL,0.88,link_down
alarm_02016,current_alarm_snapshot,2026-05-04 17:57:19,CRITICAL,asset_964bce1972,SW,The Device is offline,2025-10-11 09:36:45,2025-10-11 09:36:45,4928.34,1,UNKNOWN,UNKNOWN,UNKNOWN,-,-,NORMAL,0.88,other
alarm_02017,current_alarm_snapshot,2026-05-04 17:57:19,CRITICAL,asset_95827f862e,AR,Physical Port Down,2025-10-11 11:33:57,2025-10-11 11:33:57,4926.39,1,LOS,DOWN,UP,-,-,NORMAL,0.88,link_down
alarm_02018,current_alarm_snapshot,2026-05-04 17:57:19,CRITICAL,asset_e13bb8de54,CP,Physical Port Down,2025-10-11 14:54:56,2025-10-11 14:54:56,4923.04,1,THE,UNREPORTED,UNKNOWN,-,-,NORMAL,0.88,link_down
alarm_02019,current_alarm_snapshot,2026-05-04 17:57:19,CRITICAL,asset_6fd5df8072,AR,Physical Port Down,2025-10-12 12:31:56,2025-10-12 12:31:56,4901.42,1,LOS,DOWN,UP,-,-,NORMAL,0.88,link_down
alarm_02020,current_alarm_snapshot,2026-05-04 17:57:19,CRITICAL,asset_6fd5df8072,AR,Physical Port Down,2025-10-12 12:31:56,2025-10-12 12:31:56,4901.42,1,LOS,DOWN,UP,-,-,NORMAL,0.88,link_down
alarm_02021,current_alarm_snapshot,2026-05-04 17:57:19,CRITICAL,asset_6fd5df8072,AR,Physical Port Down,2025-10-12 12:31:56,2025-10-12 12:31:56,4901.42,1,LOS,DOWN,UP,-,-,NORMAL,0.88,link_down
alarm_02022,current_alarm_snapshot,2026-05-04 17:57:19,CRITICAL,asset_6fd5df8072,AR,Physical Port Down,2025-10-12 12:31:56,2025-10-12 12:31:56,4901.42,1,LOS,DOWN,UP,-,-,NORMAL,0.88,link_down
alarm_02023,current_alarm_snapshot,2026-05-04 17:57:19,CRITICAL,asset_6fd5df8072,AR,Physical Port Down,2025-10-12 12:31:56,2025-10-12 12:31:56,4901.42,1,LOS,DOWN,UP,-,-,NORMAL,0.88,link_down
alarm_02024,current_alarm_snapshot,2026-05-04 17:57:19,CRITICAL,asset_6fd5df8072,AR,Physical Port Down,2025-10-12 12:31:56,2025-10-12 12:31:56,4901.42,1,LOS,DOWN,UP,-,-,NORMAL,0.88,link_down
alarm_02025,current_alarm_snapshot,2026-05-04 17:57:19,CRITICAL,asset_6fd5df8072,AR,Physical Port Down,2025-10-12 12:31:56,2025-10-12 12:31:56,4901.42,1,LOS,DOWN,UP,-,-,NORMAL,0.88,link_down
alarm_02026,current_alarm_snapshot,2026-05-04 17:57:19,CRITICAL,asset_eae284401b,AR,Physical Port Down,2025-10-12 18:32:13,2025-10-12 18:32:13,4895.42,1,LOS,DOWN,UP,-,-,NORMAL,0.88,link_down
alarm_02027,current_alarm_snapshot,2026-05-04 17:57:19,CRITICAL,asset_0ef2944ddf,AR,Physical Port Down,2025-10-13 11:09:41,2025-10-13 11:09:41,4878.79,1,LOS,DOWN,UP,-,-,NORMAL,0.88,link_down
alarm_02028,current_alarm_snapshot,2026-05-04 17:57:19,CRITICAL,asset_a23c2e4ac2,AR,Physical Port Down,2025-10-13 11:47:05,2025-10-13 11:47:05,4878.17,1,LOS,DOWN,UP,-,-,NORMAL,0.88,link_down
alarm_02029,current_alarm_snapshot,2026-05-04 17:57:19,CRITICAL,asset_b53922e62b,AR,Physical Port Down,2025-10-13 12:07:21,2025-10-13 12:07:21,4877.83,1,LOS,DOWN,UP,-,-,NORMAL,0.88,link_down
alarm_02030,current_alarm_snapshot,2026-05-04 17:57:19,CRITICAL,asset_5737a4bf9a,AR,Physical Port Down,2025-10-13 13:07:40,2025-10-13 13:07:40,4876.83,1,LOS,DOWN,UP,-,-,NORMAL,0.88,link_down
alarm_02031,current_alarm_snapshot,2026-05-04 17:57:19,CRITICAL,asset_0b1eb4ae0e,AR,Physical Port Down,2025-10-13 14:43:05,2025-10-13 14:43:05,4875.24,1,LOS,DOWN,UP,-,-,NORMAL,0.88,link_down
alarm_02032,current_alarm_snapshot,2026-05-04 17:57:19,CRITICAL,asset_d5c42a7998,AR,Physical Port Down,2025-10-13 15:12:37,2025-10-13 15:12:37,4874.74,1,LOS,DOWN,UP,-,-,NORMAL,0.88,link_down
alarm_02033,current_alarm_snapshot,2026-05-04 17:57:19,CRITICAL,asset_b29dc9a03b,AR,Physical Port Down,2025-10-14 01:38:34,2025-10-14 01:38:34,4864.31,1,LINK_FAULT,DOWN,UP,-,-,NORMAL,0.88,link_down
alarm_02034,current_alarm_snapshot,2026-05-04 17:57:19,CRITICAL,asset_bc22b1e2a9,AR,Physical Port Down,2025-10-14 04:22:08,2025-10-14 04:22:08,4861.59,1,LOS,DOWN,UP,-,-,NORMAL,0.88,link_down
alarm_02035,current_alarm_snapshot,2026-05-04 17:57:19,CRITICAL,asset_bf1a60bdd1,AR,Physical Port Down,2025-10-14 10:39:06,2025-10-14 10:39:06,4855.3,1,LOS,DOWN,UP,-,-,NORMAL,0.88,link_down
alarm_02036,current_alarm_snapshot,2026-05-04 17:57:19,CRITICAL,asset_a43df57ae9,AR,Physical Port Down,2025-10-14 17:03:28,2025-10-14 17:03:28,4848.9,1,SHUTDOWN,DOWN,DOWN,-,-,NORMAL,0.88,link_down
alarm_02037,current_alarm_snapshot,2026-05-04 17:57:19,CRITICAL,asset_0ef2944ddf,AR,Physical Port Down,2025-10-14 17:05:22,2025-10-14 17:05:22,4848.87,1,LOS,DOWN,UP,-,-,NORMAL,0.88,link_down
alarm_02038,current_alarm_snapshot,2026-05-04 17:57:19,CRITICAL,asset_8d2941bf77,AG,Physical Port Down,2025-10-14 18:20:35,2025-10-14 18:20:35,4847.61,1,"PCS_UNLOCK,NEGOTIATION_FAIL",DOWN,UP,-,-,NORMAL,0.88,link_down
alarm_02039,current_alarm_snapshot,2026-05-04 17:57:19,CRITICAL,asset_3ef0c067ac,AR,Physical Port Down,2025-10-14 21:50:41,2025-10-14 21:50:41,4844.11,1,LOS,DOWN,UP,-,-,NORMAL,0.88,link_down
alarm_02040,current_alarm_snapshot,2026-05-04 17:57:19,CRITICAL,asset_3ef0c067ac,AR,Physical Port Down,2025-10-14 21:50:41,2025-10-14 21:50:41,4844.11,1,LOS,DOWN,UP,-,-,NORMAL,0.88,link_down
alarm_02041,current_alarm_snapshot,2026-05-04 17:57:19,CRITICAL,asset_d7bac659f7,AR,Physical Port Down,2025-10-15 11:54:42,2025-10-15 11:54:42,4830.04,1,LOS,DOWN,UP,-,-,NORMAL,0.88,link_down
alarm_02042,current_alarm_snapshot,2026-05-04 17:57:19,CRITICAL,asset_0295f6cbb3,AR,Physical Port Down,2025-10-15 12:11:31,2025-10-15 12:11:31,4829.76,1,LOS,DOWN,UP,-,-,NORMAL,0.88,link_down
alarm_02043,current_alarm_snapshot,2026-05-04 17:57:19,CRITICAL,asset_4a7c0f5854,AR,Physical Port Down,2025-10-15 16:28:42,2025-10-15 16:28:42,4825.48,1,OTHER_SOFT_DOWN,UNREPORTED,UNKNOWN,-,-,NORMAL,0.88,link_down
alarm_02044,current_alarm_snapshot,2026-05-04 17:57:19,CRITICAL,asset_0295f6cbb3,AR,Physical Port Down,2025-10-16 08:57:02,2025-10-16 08:57:02,4809.0,1,LOS,DOWN,UP,-,-,NORMAL,0.88,link_down
alarm_02045,current_alarm_snapshot,2026-05-04 17:57:19,CRITICAL,asset_b033831ef6,AG,Physical Port Down,2025-10-16 10:45:18,2025-10-16 10:45:18,4807.2,1,LOS,DOWN,UP,-,-,NORMAL,0.88,link_down
alarm_02046,current_alarm_snapshot,2026-05-04 17:57:19,CRITICAL,asset_ad4b1b0423,AR,Physical Port Down,2025-10-16 11:19:21,2025-10-16 11:19:21,4806.63,1,LOS,DOWN,UP,-,-,NORMAL,0.88,link_down
alarm_02047,current_alarm_snapshot,2026-05-04 17:57:19,CRITICAL,asset_8cd9d47ac9,AR,Physical Port Down,2025-10-16 11:38:37,2025-10-16 11:38:37,4806.31,1,LOS,DOWN,UP,-,-,NORMAL,0.88,link_down
alarm_02048,current_alarm_snapshot,2026-05-04 17:57:19,CRITICAL,asset_60b2d9f888,AR,Physical Port Down,2025-10-16 12:37:38,2025-10-16 12:37:38,4805.33,1,LOS,DOWN,UP,-,-,NORMAL,0.88,link_down
alarm_02049,current_alarm_snapshot,2026-05-04 17:57:19,CRITICAL,asset_e0e1f87409,AR,Physical Port Down,2025-10-16 13:37:55,2025-10-16 13:37:55,4804.32,1,LOS,DOWN,UP,-,-,NORMAL,0.88,link_down
alarm_02050,current_alarm_snapshot,2026-05-04 17:57:19,CRITICAL,asset_8707c3b4c0,AR,Physical Port Down,2025-10-16 13:43:45,2025-10-16 13:43:45,4804.23,1,LINK_FAULT,DOWN,UP,-,-,NORMAL,0.88,link_down
alarm_02051,current_alarm_snapshot,2026-05-04 17:57:19,CRITICAL,asset_74bb02eca0,AR,Physical Port Down,2025-10-16 15:06:09,2025-10-16 15:06:09,4802.85,1,LOS,DOWN,UP,-,-,NORMAL,0.88,link_down
alarm_02052,current_alarm_snapshot,2026-05-04 17:57:19,CRITICAL,asset_8423592812,AR,Physical Port Down,2025-10-16 16:19:33,2025-10-16 16:19:33,4801.63,1,NEGOTIATION_FAIL,UP,UP,-,-,NORMAL,0.88,link_down
alarm_02053,current_alarm_snapshot,2026-05-04 17:57:19,CRITICAL,asset_02294eda4f,AR,Board Invalid,2025-10-16 16:20:42,2025-10-16 16:20:42,4801.61,1,UNKNOWN,UNKNOWN,UNKNOWN,-,-,NORMAL,0.88,equipment_module
alarm_02054,current_alarm_snapshot,2026-05-04 17:57:19,CRITICAL,asset_ab794f582c,AR,Physical Port Down,2025-10-16 22:10:49,2025-10-16 22:10:49,4795.77,1,LOS,DOWN,UP,-,-,NORMAL,0.88,link_down
alarm_02055,current_alarm_snapshot,2026-05-04 17:57:19,CRITICAL,asset_ab794f582c,AR,Physical Port Down,2025-10-16 22:10:49,2025-10-16 22:10:49,4795.77,1,LOS,DOWN,UP,-,-,NORMAL,0.88,link_down
alarm_02056,current_alarm_snapshot,2026-05-04 17:57:19,CRITICAL,asset_ab794f582c,AR,Physical Port Down,2025-10-16 22:10:49,2025-10-16 22:10:49,4795.77,1,LOS,DOWN,UP,-,-,NORMAL,0.88,link_down
alarm_02057,current_alarm_snapshot,2026-05-04 17:57:19,CRITICAL,asset_ab794f582c,AR,Physical Port Down,2025-10-16 22:10:49,2025-10-16 22:10:49,4795.77,1,LOS,DOWN,UP,-,-,NORMAL,0.88,link_down
alarm_02058,current_alarm_snapshot,2026-05-04 17:57:19,CRITICAL,asset_f78e9c1677,CA,Physical Port Down,2025-10-16 22:51:17,2025-10-16 22:51:17,4795.1,1,THE,UNREPORTED,UNKNOWN,-,-,NORMAL,0.88,link_down
alarm_02059,current_alarm_snapshot,2026-05-04 17:57:19,CRITICAL,asset_89774ceb5e,AR,Physical Port Down,2025-10-17 09:05:43,2025-10-17 09:05:43,4784.86,1,LOS,DOWN,UP,-,-,NORMAL,0.88,link_down
alarm_02060,current_alarm_snapshot,2026-05-04 17:57:19,CRITICAL,asset_89774ceb5e,AR,Physical Port Down,2025-10-17 09:05:43,2025-10-17 09:05:43,4784.86,1,LOS,DOWN,UP,-,-,NORMAL,0.88,link_down
alarm_02061,current_alarm_snapshot,2026-05-04 17:57:19,CRITICAL,asset_89774ceb5e,AR,Physical Port Down,2025-10-17 09:05:43,2025-10-17 09:05:43,4784.86,1,LOS,DOWN,UP,-,-,NORMAL,0.88,link_down
alarm_02062,current_alarm_snapshot,2026-05-04 17:57:19,CRITICAL,asset_89774ceb5e,AR,Physical Port Down,2025-10-17 09:05:43,2025-10-17 09:05:43,4784.86,1,LOS,DOWN,UP,-,-,NORMAL,0.88,link_down
alarm_02063,current_alarm_snapshot,2026-05-04 17:57:19,CRITICAL,asset_5f14d6cd8b,AR,Physical Port Down,2025-10-17 09:46:12,2025-10-17 09:46:12,4784.19,1,LOS,DOWN,UP,-,-,NORMAL,0.88,link_down
alarm_02064,current_alarm_snapshot,2026-05-04 17:57:19,CRITICAL,asset_ad8e342718,AR,Physical Port Down,2025-10-17 10:22:09,2025-10-17 10:22:09,4783.59,1,LOS,DOWN,UP,-,-,NORMAL,0.88,link_down
alarm_02065,current_alarm_snapshot,2026-05-04 17:57:19,CRITICAL,asset_8423592812,AR,Physical Port Down,2025-10-17 11:38:47,2025-10-17 11:38:47,4782.31,1,NEGOTIATION_FAIL,UP,UP,-,-,NORMAL,0.88,link_down
alarm_02066,current_alarm_snapshot,2026-05-04 17:57:19,CRITICAL,asset_693ba40e9e,AR,Physical Port Down,2025-10-17 12:26:23,2025-10-17 12:26:23,4781.52,1,LOS,DOWN,UP,-,-,NORMAL,0.88,link_down
alarm_02067,current_alarm_snapshot,2026-05-04 17:57:19,CRITICAL,asset_816da9b70c,AR,Physical Port Down,2025-10-17 13:49:13,2025-10-17 13:49:13,4780.14,1,LOS,DOWN,UP,-,-,NORMAL,0.88,link_down
alarm_02068,current_alarm_snapshot,2026-05-04 17:57:19,CRITICAL,asset_816da9b70c,AR,Physical Port Down,2025-10-17 13:49:13,2025-10-17 13:49:13,4780.14,1,LOS,DOWN,UP,-,-,NORMAL,0.88,link_down
alarm_02069,current_alarm_snapshot,2026-05-04 17:57:19,CRITICAL,asset_816da9b70c,AR,Physical Port Down,2025-10-17 13:49:13,2025-10-17 13:49:13,4780.14,1,LOS,DOWN,UP,-,-,NORMAL,0.88,link_down
alarm_02070,current_alarm_snapshot,2026-05-04 17:57:19,CRITICAL,asset_816da9b70c,AR,Physical Port Down,2025-10-17 13:49:13,2025-10-17 13:49:13,4780.14,1,LOS,DOWN,UP,-,-,NORMAL,0.88,link_down
alarm_02071,current_alarm_snapshot,2026-05-04 17:57:19,CRITICAL,asset_816da9b70c,AR,Physical Port Down,2025-10-17 13:49:13,2025-10-17 13:49:13,4780.14,1,LOS,DOWN,UP,-,-,NORMAL,0.88,link_down
alarm_02072,current_alarm_snapshot,2026-05-04 17:57:19,CRITICAL,asset_816da9b70c,AR,Physical Port Down,2025-10-17 13:49:13,2025-10-17 13:49:13,4780.14,1,LOS,DOWN,UP,-,-,NORMAL,0.88,link_down
alarm_02073,current_alarm_snapshot,2026-05-04 17:57:19,CRITICAL,asset_f74a427323,AR,The Device is offline,2025-10-17 14:19:05,2025-10-17 14:19:05,4779.64,1,UNKNOWN,UNKNOWN,UNKNOWN,-,-,NORMAL,0.88,other
alarm_02074,current_alarm_snapshot,2026-05-04 17:57:19,CRITICAL,asset_4050f3c062,AR,Physical Port Down,2025-10-17 17:58:19,2025-10-17 17:58:19,4775.98,1,LOS,DOWN,UP,-,-,NORMAL,0.88,link_down
alarm_02075,current_alarm_snapshot,2026-05-04 17:57:19,CRITICAL,asset_78de7dddfb,AR,The Device is offline,2025-10-17 18:22:27,2025-10-17 18:22:27,4775.58,1,UNKNOWN,UNKNOWN,UNKNOWN,-,-,NORMAL,0.88,other
alarm_02076,current_alarm_snapshot,2026-05-04 17:57:19,CRITICAL,asset_57e6d739c1,AR,Physical Port Down,2025-10-18 09:25:07,2025-10-18 09:25:07,4760.54,1,LOS,DOWN,UP,-,-,NORMAL,0.88,link_down
alarm_02077,current_alarm_snapshot,2026-05-04 17:57:19,CRITICAL,asset_ae986bd356,AR,Physical Port Down,2025-10-18 10:44:13,2025-10-18 10:44:13,4759.22,1,LOS,UNREPORTED,UNKNOWN,-,-,NORMAL,0.88,link_down
alarm_02078,current_alarm_snapshot,2026-05-04 17:57:19,CRITICAL,asset_d0aacbf21a,AG,Physical Port Down,2025-10-18 11:01:20,2025-10-18 11:01:20,4758.93,1,LOS,DOWN,UP,-,-,NORMAL,0.88,link_down
alarm_02079,current_alarm_snapshot,2026-05-04 17:57:19,CRITICAL,asset_6b46669c8f,AG,Physical Port Down,2025-10-18 13:53:50,2025-10-18 13:53:50,4756.06,1,LOS,DOWN,UP,-,-,NORMAL,0.88,link_down
alarm_02080,current_alarm_snapshot,2026-05-04 17:57:19,CRITICAL,asset_e24ca645b1,AR,Physical Port Down,2025-10-18 17:05:24,2025-10-18 17:05:24,4752.87,1,LOS,DOWN,UP,-,-,NORMAL,0.88,link_down
alarm_02081,current_alarm_snapshot,2026-05-04 17:57:19,CRITICAL,asset_74ca767ec4,AR,Physical Port Down,2025-10-19 11:46:22,2025-10-19 11:46:22,4734.18,1,LOS,DOWN,UP,-,-,NORMAL,0.88,link_down
alarm_02082,current_alarm_snapshot,2026-05-04 17:57:19,CRITICAL,asset_74ca767ec4,AR,Physical Port Down,2025-10-19 11:46:22,2025-10-19 11:46:22,4734.18,1,LOS,DOWN,UP,-,-,NORMAL,0.88,link_down
alarm_02083,current_alarm_snapshot,2026-05-04 17:57:19,CRITICAL,asset_74ca767ec4,AR,Physical Port Down,2025-10-19 11:46:22,2025-10-19 11:46:22,4734.18,1,LOS,DOWN,UP,-,-,NORMAL,0.88,link_down
alarm_02084,current_alarm_snapshot,2026-05-04 17:57:19,CRITICAL,asset_791ec46424,AR,Physical Port Down,2025-10-19 14:32:56,2025-10-19 14:32:56,4731.41,1,LOS,DOWN,UP,-,-,NORMAL,0.88,link_down
alarm_02085,current_alarm_snapshot,2026-05-04 17:57:19,CRITICAL,asset_17bcb055c1,AR,Physical Port Down,2025-10-19 15:45:03,2025-10-19 15:45:03,4730.2,1,LOS,DOWN,UP,-,-,NORMAL,0.88,link_down
alarm_02086,current_alarm_snapshot,2026-05-04 17:57:19,CRITICAL,asset_17bcb055c1,AR,Physical Port Down,2025-10-19 15:45:03,2025-10-19 15:45:03,4730.2,1,LOS,DOWN,UP,-,-,NORMAL,0.88,link_down
alarm_02087,current_alarm_snapshot,2026-05-04 17:57:19,CRITICAL,asset_1b778d5892,AR,Physical Port Down,2025-10-20 13:58:11,2025-10-20 13:58:11,4707.99,1,LOS,DOWN,UP,-,-,NORMAL,0.88,link_down
alarm_02088,current_alarm_snapshot,2026-05-04 17:57:19,CRITICAL,asset_1b778d5892,AR,Physical Port Down,2025-10-20 13:58:11,2025-10-20 13:58:11,4707.99,1,LOS,DOWN,UP,-,-,NORMAL,0.88,link_down
alarm_02089,current_alarm_snapshot,2026-05-04 17:57:19,CRITICAL,asset_8707c3b4c0,AR,Physical Port Down,2025-10-21 03:24:31,2025-10-21 03:24:31,4694.55,1,OTHER_SOFT_DOWN,DOWN,UP,-,-,NORMAL,0.88,link_down
alarm_02090,current_alarm_snapshot,2026-05-04 17:57:19,CRITICAL,asset_1a136b05a2,AR,Physical Port Down,2025-10-21 12:18:16,2025-10-21 12:18:16,4685.65,1,LOS,DOWN,UP,-,-,NORMAL,0.88,link_down
alarm_02091,current_alarm_snapshot,2026-05-04 17:57:19,CRITICAL,asset_3f6b135e1d,AR,Physical Port Down,2025-10-21 14:27:55,2025-10-21 14:27:55,4683.49,1,LOS,DOWN,UP,-,-,NORMAL,0.88,link_down
alarm_02092,current_alarm_snapshot,2026-05-04 17:57:19,CRITICAL,asset_f5618c3034,AR,Physical Port Down,2025-10-21 19:22:26,2025-10-21 19:22:26,4678.58,1,LOS,DOWN,UP,-,-,NORMAL,0.88,link_down
alarm_02093,current_alarm_snapshot,2026-05-04 17:57:19,CRITICAL,asset_e818a4aedc,AG,Physical Port Down,2025-10-22 00:17:39,2025-10-22 00:17:39,4673.66,1,SHUTDOWN,DOWN,DOWN,-,-,NORMAL,0.88,link_down
alarm_02094,current_alarm_snapshot,2026-05-04 17:57:19,CRITICAL,asset_e818a4aedc,AG,Physical Port Down,2025-10-22 00:17:54,2025-10-22 00:17:54,4673.66,1,SHUTDOWN,DOWN,DOWN,-,-,NORMAL,0.88,link_down
alarm_02095,current_alarm_snapshot,2026-05-04 17:57:19,CRITICAL,asset_e818a4aedc,AG,Physical Port Down,2025-10-22 00:17:54,2025-10-22 00:17:54,4673.66,1,SHUTDOWN,DOWN,DOWN,-,-,NORMAL,0.88,link_down
alarm_02096,current_alarm_snapshot,2026-05-04 17:57:19,CRITICAL,asset_e818a4aedc,AG,Physical Port Down,2025-10-22 00:18:02,2025-10-22 00:18:02,4673.65,1,SHUTDOWN,DOWN,DOWN,-,-,NORMAL,0.88,link_down
alarm_02097,current_alarm_snapshot,2026-05-04 17:57:19,CRITICAL,asset_e818a4aedc,AG,Physical Port Down,2025-10-22 00:18:03,2025-10-22 00:18:03,4673.65,1,SHUTDOWN,DOWN,DOWN,-,-,NORMAL,0.88,link_down
alarm_02098,current_alarm_snapshot,2026-05-04 17:57:19,CRITICAL,asset_e818a4aedc,AG,Physical Port Down,2025-10-22 00:18:04,2025-10-22 00:18:04,4673.65,1,SHUTDOWN,DOWN,DOWN,-,-,NORMAL,0.88,link_down
alarm_02099,current_alarm_snapshot,2026-05-04 17:57:19,CRITICAL,asset_e818a4aedc,AG,Physical Port Down,2025-10-22 00:18:11,2025-10-22 00:18:11,4673.65,1,SHUTDOWN,DOWN,DOWN,-,-,NORMAL,0.88,link_down
alarm_02100,current_alarm_snapshot,2026-05-04 17:57:19,CRITICAL,asset_e818a4aedc,AG,Physical Port Down,2025-10-22 00:18:11,2025-10-22 00:18:11,4673.65,1,SHUTDOWN,DOWN,DOWN,-,-,NORMAL,0.88,link_down
alarm_02101,current_alarm_snapshot,2026-05-04 17:57:19,CRITICAL,asset_e818a4aedc,AG,Physical Port Down,2025-10-22 00:18:27,2025-10-22 00:18:27,4673.65,1,SHUTDOWN,DOWN,DOWN,-,-,NORMAL,0.88,link_down
alarm_02102,current_alarm_snapshot,2026-05-04 17:57:19,CRITICAL,asset_e818a4aedc,AG,Physical Port Down,2025-10-22 00:18:27,2025-10-22 00:18:27,4673.65,1,SHUTDOWN,DOWN,DOWN,-,-,NORMAL,0.88,link_down
alarm_02103,current_alarm_snapshot,2026-05-04 17:57:19,CRITICAL,asset_ee02521fdd,AR,Physical Port Down,2025-10-22 02:24:48,2025-10-22 02:24:48,4671.54,1,LOS,DOWN,UP,-,-,NORMAL,0.88,link_down
alarm_02104,current_alarm_snapshot,2026-05-04 17:57:19,CRITICAL,asset_3f6b135e1d,AR,Physical Port Down,2025-10-22 09:09:03,2025-10-22 09:09:03,4664.8,1,LOS,DOWN,UP,-,-,NORMAL,0.88,link_down
alarm_02105,current_alarm_snapshot,2026-05-04 17:57:19,CRITICAL,asset_cadd0db668,AR,Physical Port Down,2025-10-22 11:48:25,2025-10-22 11:48:25,4662.15,1,LOS,UNREPORTED,UNKNOWN,-,-,NORMAL,0.88,link_down
alarm_02106,current_alarm_snapshot,2026-05-04 17:57:19,CRITICAL,asset_609310c44b,SW,The Device is offline,2025-10-22 12:26:24,2025-10-22 12:26:24,4661.52,1,UNKNOWN,UNKNOWN,UNKNOWN,-,-,NORMAL,0.88,other
alarm_02107,current_alarm_snapshot,2026-05-04 17:57:19,CRITICAL,asset_353c5226dd,AR,Physical Port Down,2025-10-22 14:37:23,2025-10-22 14:37:23,4659.33,1,LOS,DOWN,UP,-,-,NORMAL,0.88,link_down
alarm_02108,current_alarm_snapshot,2026-05-04 17:57:19,CRITICAL,asset_353c5226dd,AR,Physical Port Down,2025-10-22 14:37:23,2025-10-22 14:37:23,4659.33,1,LOS,DOWN,UP,-,-,NORMAL,0.88,link_down
alarm_02109,current_alarm_snapshot,2026-05-04 17:57:19,CRITICAL,asset_14734f4c66,AR,Physical Port Down,2025-10-22 15:10:15,2025-10-22 15:10:15,4658.78,1,LOS,DOWN,UP,-,-,NORMAL,0.88,link_down
alarm_02110,current_alarm_snapshot,2026-05-04 17:57:19,CRITICAL,asset_894222677a,AR,Physical Port Down,2025-10-23 02:12:39,2025-10-23 02:12:39,4647.74,1,LOS,DOWN,UP,-,-,NORMAL,0.88,link_down
alarm_02111,current_alarm_snapshot,2026-05-04 17:57:19,CRITICAL,asset_cd2bebcecf,AR,Physical Port Down,2025-10-23 05:32:19,2025-10-23 05:32:19,4644.42,1,LOS,UNREPORTED,UNKNOWN,-,-,NORMAL,0.88,link_down
alarm_02112,current_alarm_snapshot,2026-05-04 17:57:19,CRITICAL,asset_cd2bebcecf,AR,Physical Port Down,2025-10-23 05:32:19,2025-10-23 05:32:19,4644.42,1,LOS,UNREPORTED,UNKNOWN,-,-,NORMAL,0.88,link_down
alarm_02113,current_alarm_snapshot,2026-05-04 17:57:19,CRITICAL,asset_9f74a99fbd,AR,Physical Port Down,2025-10-23 07:49:23,2025-10-23 07:49:23,4642.13,1,LOS,DOWN,UP,-,-,NORMAL,0.88,link_down
alarm_02114,current_alarm_snapshot,2026-05-04 17:57:19,CRITICAL,asset_74bb02eca0,AR,Physical Port Down,2025-10-23 09:41:23,2025-10-23 09:41:23,4640.27,1,0,UNREPORTED,UNREPORTED,-,-,NORMAL,0.88,link_down
alarm_02115,current_alarm_snapshot,2026-05-04 17:57:19,CRITICAL,asset_eadf20c1a8,AR,Physical Port Down,2025-10-23 10:09:11,2025-10-23 10:09:11,4639.8,1,LOS,DOWN,UP,-,-,NORMAL,0.88,link_down
alarm_02116,current_alarm_snapshot,2026-05-04 17:57:19,CRITICAL,asset_eadf20c1a8,AR,Physical Port Down,2025-10-23 10:09:11,2025-10-23 10:09:11,4639.8,1,LOS,DOWN,UP,-,-,NORMAL,0.88,link_down
alarm_02117,current_alarm_snapshot,2026-05-04 17:57:19,CRITICAL,asset_165714e015,AR,Physical Port Down,2025-10-23 10:19:46,2025-10-23 10:19:46,4639.63,1,LOS,DOWN,UP,-,-,NORMAL,0.88,link_down
alarm_02118,current_alarm_snapshot,2026-05-04 17:57:19,CRITICAL,asset_fae0f6d820,AR,Physical Port Down,2025-10-23 12:33:25,2025-10-23 12:33:25,4637.4,1,LOS,UNREPORTED,UNKNOWN,-,-,NORMAL,0.88,link_down
alarm_02119,current_alarm_snapshot,2026-05-04 17:57:19,CRITICAL,asset_93b7b815e0,AR,Physical Port Down,2025-10-23 12:35:27,2025-10-23 12:35:27,4637.36,1,LOS,DOWN,UP,-,-,NORMAL,0.88,link_down
alarm_02120,current_alarm_snapshot,2026-05-04 17:57:19,CRITICAL,asset_74d2738282,AR,Physical Port Down,2025-10-23 13:01:13,2025-10-23 13:01:13,4636.94,1,LOS,DOWN,UP,-,-,NORMAL,0.88,link_down
alarm_02121,current_alarm_snapshot,2026-05-04 17:57:19,CRITICAL,asset_74d2738282,AR,Physical Port Down,2025-10-23 13:46:51,2025-10-23 13:46:51,4636.17,1,LOS,DOWN,UP,-,-,NORMAL,0.88,link_down
alarm_02122,current_alarm_snapshot,2026-05-04 17:57:19,CRITICAL,asset_6e64e1db18,AR,Physical Port Down,2025-10-23 16:14:19,2025-10-23 16:14:19,4633.72,1,LOS,UNREPORTED,UNKNOWN,-,-,NORMAL,0.88,link_down
alarm_02123,current_alarm_snapshot,2026-05-04 17:57:19,CRITICAL,asset_e24ca645b1,AR,Physical Port Down,2025-10-23 16:15:35,2025-10-23 16:15:35,4633.7,1,LOS,DOWN,UP,-,-,NORMAL,0.88,link_down
alarm_02124,current_alarm_snapshot,2026-05-04 17:57:19,CRITICAL,asset_7fbcdf2ba7,AR,Physical Port Down,2025-10-23 16:53:08,2025-10-23 16:53:08,4633.07,1,LOS,DOWN,UP,-,-,NORMAL,0.88,link_down
alarm_02125,current_alarm_snapshot,2026-05-04 17:57:19,CRITICAL,asset_6f2f15f322,AR,Physical Port Down,2025-10-23 17:25:56,2025-10-23 17:25:56,4632.52,1,LOS,UNREPORTED,UNKNOWN,-,-,NORMAL,0.88,link_down
alarm_02126,current_alarm_snapshot,2026-05-04 17:57:19,CRITICAL,asset_4088af3920,AR,Physical Port Down,2025-10-23 17:50:03,2025-10-23 17:50:03,4632.12,1,LOS,UNREPORTED,UNKNOWN,-,-,NORMAL,0.88,link_down
alarm_02127,current_alarm_snapshot,2026-05-04 17:57:19,CRITICAL,asset_4e1d12a7b9,AR,Physical Port Down,2025-10-23 18:48:19,2025-10-23 18:48:19,4631.15,1,LOS,DOWN,UP,-,-,NORMAL,0.88,link_down
alarm_02128,current_alarm_snapshot,2026-05-04 17:57:19,CRITICAL,asset_32c511c6a3,AR,Physical Port Down,2025-10-23 23:17:37,2025-10-23 23:17:37,4626.66,1,LOS,UNREPORTED,UNKNOWN,-,-,NORMAL,0.88,link_down
alarm_02129,current_alarm_snapshot,2026-05-04 17:57:19,CRITICAL,asset_9d57dc354e,AR,Physical Port Down,2025-10-24 01:29:42,2025-10-24 01:29:42,4624.46,1,LOS,DOWN,UP,-,-,NORMAL,0.88,link_down
alarm_02130,current_alarm_snapshot,2026-05-04 17:57:19,CRITICAL,asset_4adf623df8,AR,Physical Port Down,2025-10-24 05:26:33,2025-10-24 05:26:33,4620.51,1,LOS,DOWN,UP,-,-,NORMAL,0.88,link_down
alarm_02131,current_alarm_snapshot,2026-05-04 17:57:19,CRITICAL,asset_0b7caa5460,AR,Physical Port Down,2025-10-24 08:14:48,2025-10-24 08:14:48,4617.71,1,LOS,DOWN,UP,-,-,NORMAL,0.88,link_down
alarm_02132,current_alarm_snapshot,2026-05-04 17:57:19,CRITICAL,asset_6a97cb23c3,AR,Physical Port Down,2025-10-24 10:08:19,2025-10-24 10:08:19,4615.82,1,LOS,UNREPORTED,UNKNOWN,-,-,NORMAL,0.88,link_down
alarm_02133,current_alarm_snapshot,2026-05-04 17:57:19,CRITICAL,asset_4e1d12a7b9,AR,Physical Port Down,2025-10-24 10:37:57,2025-10-24 10:37:57,4615.32,1,LOS,DOWN,UP,-,-,NORMAL,0.88,link_down
alarm_02134,current_alarm_snapshot,2026-05-04 17:57:19,CRITICAL,asset_4e1d12a7b9,AR,Physical Port Down,2025-10-24 10:51:27,2025-10-24 10:51:27,4615.1,1,LOS,DOWN,UP,-,-,NORMAL,0.88,link_down
alarm_02135,current_alarm_snapshot,2026-05-04 17:57:19,CRITICAL,asset_353c5226dd,AR,Physical Port Down,2025-10-24 11:43:27,2025-10-24 11:43:27,4614.23,1,LOS,DOWN,UP,-,-,NORMAL,0.88,link_down
alarm_02136,current_alarm_snapshot,2026-05-04 17:57:19,CRITICAL,asset_353c5226dd,AR,Physical Port Down,2025-10-24 11:43:27,2025-10-24 11:43:27,4614.23,1,LOS,DOWN,UP,-,-,NORMAL,0.88,link_down
alarm_02137,current_alarm_snapshot,2026-05-04 17:57:19,CRITICAL,asset_3aa1212389,AR,Physical Port Down,2025-10-24 12:04:39,2025-10-24 12:04:39,4613.88,1,LOS,DOWN,UP,-,-,NORMAL,0.88,link_down
alarm_02138,current_alarm_snapshot,2026-05-04 17:57:19,CRITICAL,asset_a0a95b2d2a,AR,Physical Port Down,2025-10-24 12:28:12,2025-10-24 12:28:12,4613.49,1,LOS,DOWN,UP,-,-,NORMAL,0.88,link_down
alarm_02139,current_alarm_snapshot,2026-05-04 17:57:19,CRITICAL,asset_ed510b0ac2,AR,Physical Port Down,2025-10-24 13:08:37,2025-10-24 13:08:37,4612.81,1,LOS,DOWN,UP,-,-,NORMAL,0.88,link_down
alarm_02140,current_alarm_snapshot,2026-05-04 17:57:19,CRITICAL,asset_56f6424121,AR,Physical Port Down,2025-10-24 13:17:02,2025-10-24 13:17:02,4612.67,1,LOS,DOWN,UP,-,-,NORMAL,0.88,link_down
alarm_02141,current_alarm_snapshot,2026-05-04 17:57:19,CRITICAL,asset_63c308e639,AR,Physical Port Down,2025-10-24 13:17:58,2025-10-24 13:17:58,4612.66,1,LOS,DOWN,UP,-,-,NORMAL,0.88,link_down
alarm_02142,current_alarm_snapshot,2026-05-04 17:57:19,CRITICAL,asset_a518a6cf0a,AR,Physical Port Down,2025-10-24 13:24:22,2025-10-24 13:24:22,4612.55,1,LOS,DOWN,UP,-,-,NORMAL,0.88,link_down
alarm_02143,current_alarm_snapshot,2026-05-04 17:57:19,CRITICAL,asset_781053dd42,AR,Physical Port Down,2025-10-24 13:30:18,2025-10-24 13:30:18,4612.45,1,LOS,DOWN,UP,-,-,NORMAL,0.88,link_down
alarm_02144,current_alarm_snapshot,2026-05-04 17:57:19,CRITICAL,asset_941e076098,AR,Physical Port Down,2025-10-24 13:35:22,2025-10-24 13:35:22,4612.37,1,LOS,DOWN,UP,-,-,NORMAL,0.88,link_down
alarm_02145,current_alarm_snapshot,2026-05-04 17:57:19,CRITICAL,asset_d36a48e8cc,AR,Physical Port Down,2025-10-24 13:50:55,2025-10-24 13:50:55,4612.11,1,LOS,DOWN,UP,-,-,NORMAL,0.88,link_down
alarm_02146,current_alarm_snapshot,2026-05-04 17:57:19,CRITICAL,asset_4ca1153c40,AR,Physical Port Down,2025-10-24 13:59:12,2025-10-24 13:59:12,4611.97,1,LOS,DOWN,UP,-,-,NORMAL,0.88,link_down
alarm_02147,current_alarm_snapshot,2026-05-04 17:57:19,CRITICAL,asset_fdd1b6356a,AR,Physical Port Down,2025-10-24 14:02:32,2025-10-24 14:02:32,4611.91,1,LOS,DOWN,UP,-,-,NORMAL,0.88,link_down
alarm_02148,current_alarm_snapshot,2026-05-04 17:57:19,CRITICAL,asset_49f59ea607,AR,Physical Port Down,2025-10-24 14:18:45,2025-10-24 14:18:45,4611.64,1,LINK_FAULT,DOWN,UP,-,-,NORMAL,0.88,link_down
alarm_02149,current_alarm_snapshot,2026-05-04 17:57:19,CRITICAL,asset_6fd5df8072,AR,Physical Port Down,2025-10-24 15:01:41,2025-10-24 15:01:41,4610.93,1,LOS,DOWN,UP,-,-,NORMAL,0.88,link_down
alarm_02150,current_alarm_snapshot,2026-05-04 17:57:19,CRITICAL,asset_55b7078e37,AR,Physical Port Down,2025-10-24 15:04:27,2025-10-24 15:04:27,4610.88,1,LOS,UP,UP,-,-,NORMAL,0.88,link_down
alarm_02151,current_alarm_snapshot,2026-05-04 17:57:19,CRITICAL,asset_76726d24dc,AR,Physical Port Down,2025-10-24 15:50:49,2025-10-24 15:50:49,4610.11,1,LOS,DOWN,UP,-,-,NORMAL,0.88,link_down
alarm_02152,current_alarm_snapshot,2026-05-04 17:57:19,CRITICAL,asset_c656f61216,AR,Physical Port Down,2025-10-24 15:54:42,2025-10-24 15:54:42,4610.04,1,LOS,DOWN,UP,-,-,NORMAL,0.88,link_down
alarm_02153,current_alarm_snapshot,2026-05-04 17:57:19,CRITICAL,asset_456b80a83e,AR,Physical Port Down,2025-10-24 16:24:12,2025-10-24 16:24:12,4609.55,1,LOS,DOWN,UP,-,-,NORMAL,0.88,link_down
alarm_02154,current_alarm_snapshot,2026-05-04 17:57:19,CRITICAL,asset_6fd5df8072,AR,Physical Port Down,2025-10-24 16:42:27,2025-10-24 16:42:27,4609.25,1,LOS,DOWN,UP,-,-,NORMAL,0.88,link_down
alarm_02155,current_alarm_snapshot,2026-05-04 17:57:19,CRITICAL,asset_93b7b815e0,AR,Physical Port Down,2025-10-24 16:57:14,2025-10-24 16:57:14,4609.0,1,LOS,DOWN,UP,-,-,NORMAL,0.88,link_down
alarm_02156,current_alarm_snapshot,2026-05-04 17:57:19,CRITICAL,asset_d34dc8b3f1,AR,Physical Port Down,2025-10-24 17:01:35,2025-10-24 17:01:35,4608.93,1,LOS,UNREPORTED,UNKNOWN,-,-,NORMAL,0.88,link_down
alarm_02157,current_alarm_snapshot,2026-05-04 17:57:19,CRITICAL,asset_d34dc8b3f1,AR,Physical Port Down,2025-10-24 17:01:35,2025-10-24 17:01:35,4608.93,1,LOS,UNREPORTED,UNKNOWN,-,-,NORMAL,0.88,link_down
alarm_02158,current_alarm_snapshot,2026-05-04 17:57:19,CRITICAL,asset_3aed18ca18,AR,Physical Port Down,2025-10-24 17:11:15,2025-10-24 17:11:15,4608.77,1,LOS,DOWN,UP,-,-,NORMAL,0.88,link_down
alarm_02159,current_alarm_snapshot,2026-05-04 17:57:19,CRITICAL,asset_07d1749ac1,AR,Physical Port Down,2025-10-24 17:14:37,2025-10-24 17:14:37,4608.71,1,LOS,UNREPORTED,UNKNOWN,-,-,NORMAL,0.88,link_down
alarm_02160,current_alarm_snapshot,2026-05-04 17:57:19,CRITICAL,asset_0d71d53737,AR,Physical Port Down,2025-10-24 17:24:14,2025-10-24 17:24:14,4608.55,1,LOS,DOWN,UP,-,-,NORMAL,0.88,link_down
alarm_02161,current_alarm_snapshot,2026-05-04 17:57:19,CRITICAL,asset_d4c2364a9b,AR,Physical Port Down,2025-10-24 17:26:17,2025-10-24 17:26:17,4608.52,1,LOS,DOWN,UP,-,-,NORMAL,0.88,link_down
alarm_02162,current_alarm_snapshot,2026-05-04 17:57:19,CRITICAL,asset_d4c2364a9b,AR,Physical Port Down,2025-10-24 17:26:17,2025-10-24 17:26:17,4608.52,1,LOS,DOWN,UP,-,-,NORMAL,0.88,link_down
alarm_02163,current_alarm_snapshot,2026-05-04 17:57:19,CRITICAL,asset_e97dc320b1,AR,Physical Port Down,2025-10-24 17:58:17,2025-10-24 17:58:17,4607.98,1,LOS,DOWN,UP,-,-,NORMAL,0.88,link_down
alarm_02164,current_alarm_snapshot,2026-05-04 17:57:19,CRITICAL,asset_f7f7a38b98,AR,Physical Port Down,2025-10-24 18:08:34,2025-10-24 18:08:34,4607.81,1,LOS,DOWN,UP,-,-,NORMAL,0.88,link_down
alarm_02165,current_alarm_snapshot,2026-05-04 17:57:19,CRITICAL,asset_46a386b669,AR,Physical Port Down,2025-10-24 19:01:12,2025-10-24 19:01:12,4606.94,1,LOS,DOWN,UP,-,-,NORMAL,0.88,link_down
alarm_02166,current_alarm_snapshot,2026-05-04 17:57:19,CRITICAL,asset_3aed18ca18,AR,Physical Port Down,2025-10-24 19:08:55,2025-10-24 19:08:55,4606.81,1,LOS,DOWN,UP,-,-,NORMAL,0.88,link_down
alarm_02167,current_alarm_snapshot,2026-05-04 17:57:19,CRITICAL,asset_74ca767ec4,AR,Physical Port Down,2025-10-25 05:51:13,2025-10-25 05:51:13,4596.1,1,LOS,DOWN,UP,-,-,NORMAL,0.88,link_down
alarm_02168,current_alarm_snapshot,2026-05-04 17:57:19,CRITICAL,asset_32df2c5242,AR,Physical Port Down,2025-10-25 05:56:56,2025-10-25 05:56:56,4596.01,1,LOS,DOWN,UP,-,-,NORMAL,0.88,link_down
alarm_02169,current_alarm_snapshot,2026-05-04 17:57:19,CRITICAL,asset_781053dd42,AR,Physical Port Down,2025-10-25 06:38:21,2025-10-25 06:38:21,4595.32,1,LOS,DOWN,UP,-,-,NORMAL,0.88,link_down
alarm_02170,current_alarm_snapshot,2026-05-04 17:57:19,CRITICAL,asset_781053dd42,AR,Physical Port Down,2025-10-25 06:38:21,2025-10-25 06:38:21,4595.32,1,LOS,DOWN,UP,-,-,NORMAL,0.88,link_down
alarm_02171,current_alarm_snapshot,2026-05-04 17:57:19,CRITICAL,asset_781053dd42,AR,Physical Port Down,2025-10-25 06:38:21,2025-10-25 06:38:21,4595.32,1,LOS,DOWN,UP,-,-,NORMAL,0.88,link_down
alarm_02172,current_alarm_snapshot,2026-05-04 17:57:19,CRITICAL,asset_781053dd42,AR,Physical Port Down,2025-10-25 06:38:21,2025-10-25 06:38:21,4595.32,1,LOS,DOWN,UP,-,-,NORMAL,0.88,link_down
alarm_02173,current_alarm_snapshot,2026-05-04 17:57:19,CRITICAL,asset_30602c6ea1,AR,Physical Port Down,2025-10-25 07:34:32,2025-10-25 07:34:32,4594.38,1,LOS,DOWN,UP,-,-,NORMAL,0.88,link_down
alarm_02174,current_alarm_snapshot,2026-05-04 17:57:19,CRITICAL,asset_6e64e1db18,AR,Physical Port Down,2025-10-25 08:17:58,2025-10-25 08:17:58,4593.66,1,LOS,UNREPORTED,UNKNOWN,-,-,NORMAL,0.88,link_down
alarm_02175,current_alarm_snapshot,2026-05-04 17:57:19,CRITICAL,asset_6e64e1db18,AR,Physical Port Down,2025-10-25 08:17:58,2025-10-25 08:17:58,4593.66,1,LOS,UNREPORTED,UNKNOWN,-,-,NORMAL,0.88,link_down
alarm_02176,current_alarm_snapshot,2026-05-04 17:57:19,CRITICAL,asset_30602c6ea1,AR,Physical Port Down,2025-10-25 09:37:52,2025-10-25 09:37:52,4592.32,1,LOS,DOWN,UP,-,-,NORMAL,0.88,link_down
alarm_02177,current_alarm_snapshot,2026-05-04 17:57:19,CRITICAL,asset_a9d91f5e2d,AR,Physical Port Down,2025-10-25 11:13:57,2025-10-25 11:13:57,4590.72,1,LOS,DOWN,UP,-,-,NORMAL,0.88,link_down
alarm_02178,current_alarm_snapshot,2026-05-04 17:57:19,CRITICAL,asset_1a136b05a2,AR,Physical Port Down,2025-10-25 11:32:59,2025-10-25 11:32:59,4590.41,1,LOS,DOWN,UP,-,-,NORMAL,0.88,link_down
alarm_02179,current_alarm_snapshot,2026-05-04 17:57:19,CRITICAL,asset_7c75aecf47,AR,Physical Port Down,2025-10-25 11:39:49,2025-10-25 11:39:49,4590.29,1,LOS,DOWN,UP,-,-,NORMAL,0.88,link_down
alarm_02180,current_alarm_snapshot,2026-05-04 17:57:19,CRITICAL,asset_c2167e3e60,AR,Physical Port Down,2025-10-25 11:47:43,2025-10-25 11:47:43,4590.16,1,LOS,DOWN,UP,-,-,NORMAL,0.88,link_down
alarm_02181,current_alarm_snapshot,2026-05-04 17:57:19,CRITICAL,asset_a295a24ff5,AR,Physical Port Down,2025-10-25 11:51:11,2025-10-25 11:51:11,4590.1,1,LOS,DOWN,UP,-,-,NORMAL,0.88,link_down
alarm_02182,current_alarm_snapshot,2026-05-04 17:57:19,CRITICAL,asset_d93572d4db,AR,The Device is offline,2025-10-27 03:47:29,2025-10-27 03:47:29,4550.16,1,UNKNOWN,UNKNOWN,UNKNOWN,-,-,NORMAL,0.88,other
alarm_02183,current_alarm_snapshot,2026-05-04 17:57:19,CRITICAL,asset_18b891f407,AG,Physical Port Down,2025-10-28 04:42:55,2025-10-28 04:42:55,4525.24,1,UNKNOWN,UNKNOWN,UNKNOWN,-,-,NORMAL,0.88,link_down
alarm_02184,current_alarm_snapshot,2026-05-04 17:57:19,CRITICAL,asset_ac87b78b25,AR,Physical Port Down,2025-10-28 04:42:58,2025-10-28 04:42:58,4525.24,1,LOS,UNREPORTED,UNKNOWN,-,-,NORMAL,0.88,link_down
alarm_02185,current_alarm_snapshot,2026-05-04 17:57:19,CRITICAL,asset_740515765d,AG,Physical Port Down,2025-10-28 10:37:36,2025-10-28 10:37:36,4519.33,1,SHUTDOWN,DOWN,DOWN,-,-,NORMAL,0.88,link_down
alarm_02186,current_alarm_snapshot,2026-05-04 17:57:19,CRITICAL,asset_4013ab0964,AR,Physical Port Down,2025-10-28 12:54:50,2025-10-28 12:54:50,4517.04,1,LOS,DOWN,UP,-,-,NORMAL,0.88,link_down
alarm_02187,current_alarm_snapshot,2026-05-04 17:57:19,CRITICAL,asset_c91d43cbca,AR,Physical Port Down,2025-10-28 14:12:04,2025-10-28 14:12:04,4515.75,1,0,UNREPORTED,UNREPORTED,-,-,NORMAL,0.88,link_down
alarm_02188,current_alarm_snapshot,2026-05-04 17:57:19,CRITICAL,asset_a13c61d2a7,AG,Physical Port Down,2025-10-28 18:38:33,2025-10-28 18:38:33,4511.31,1,LOS,DOWN,UP,-,-,NORMAL,0.88,link_down
alarm_02189,current_alarm_snapshot,2026-05-04 17:57:19,CRITICAL,asset_a13c61d2a7,AG,Physical Port Down,2025-10-28 18:39:11,2025-10-28 18:39:11,4511.3,1,LOS,DOWN,UP,-,-,NORMAL,0.88,link_down
alarm_02190,current_alarm_snapshot,2026-05-04 17:57:19,CRITICAL,asset_fddd16b19f,AR,Physical Port Down,2025-10-28 19:26:49,2025-10-28 19:26:49,4510.51,1,NEGOTIATION_FAIL,DOWN,UP,-,-,NORMAL,0.88,link_down
alarm_02191,current_alarm_snapshot,2026-05-04 17:57:19,CRITICAL,asset_c99df1fea1,AG,Physical Port Down,2025-10-29 16:01:02,2025-10-29 16:01:02,4489.94,1,NEGOTIATION_FAIL,DOWN,UP,-,-,NORMAL,0.88,link_down
alarm_02192,current_alarm_snapshot,2026-05-04 17:57:19,CRITICAL,asset_ca76b167a7,AR,Physical Port Down,2025-10-29 18:46:05,2025-10-29 18:46:05,4487.19,1,LOS,DOWN,UP,-,-,NORMAL,0.88,link_down
alarm_02193,current_alarm_snapshot,2026-05-04 17:57:19,CRITICAL,asset_ca76b167a7,AR,Physical Port Down,2025-10-29 19:39:53,2025-10-29 19:39:53,4486.29,1,LOS,DOWN,UP,-,-,NORMAL,0.88,link_down
alarm_02194,current_alarm_snapshot,2026-05-04 17:57:19,CRITICAL,asset_ca76b167a7,AR,Physical Port Down,2025-10-29 20:39:49,2025-10-29 20:39:49,4485.29,1,0,UNREPORTED,UNREPORTED,-,-,NORMAL,0.88,link_down
alarm_02195,current_alarm_snapshot,2026-05-04 17:57:19,CRITICAL,asset_5235efd7d0,CA,Physical Port Down,2025-10-30 01:44:25,2025-10-30 01:44:25,4480.22,1,SHUTDOWN,DOWN,DOWN,-,-,NORMAL,0.88,link_down
alarm_02196,current_alarm_snapshot,2026-05-04 17:57:19,CRITICAL,asset_5235efd7d0,CA,Physical Port Down,2025-10-30 01:44:25,2025-10-30 01:44:25,4480.22,1,SHUTDOWN,DOWN,DOWN,-,-,NORMAL,0.88,link_down
alarm_02197,current_alarm_snapshot,2026-05-04 17:57:19,CRITICAL,asset_5235efd7d0,CA,Physical Port Down,2025-10-30 01:44:30,2025-10-30 01:44:30,4480.21,1,SHUTDOWN,DOWN,DOWN,-,-,NORMAL,0.88,link_down
alarm_02198,current_alarm_snapshot,2026-05-04 17:57:19,CRITICAL,asset_5235efd7d0,CA,Physical Port Down,2025-10-30 01:44:30,2025-10-30 01:44:30,4480.21,1,SHUTDOWN,DOWN,DOWN,-,-,NORMAL,0.88,link_down
alarm_02199,current_alarm_snapshot,2026-05-04 17:57:19,CRITICAL,asset_5235efd7d0,CA,Physical Port Down,2025-10-30 01:44:33,2025-10-30 01:44:33,4480.21,1,SHUTDOWN,DOWN,DOWN,-,-,NORMAL,0.88,link_down
alarm_02200,current_alarm_snapshot,2026-05-04 17:57:19,CRITICAL,asset_5235efd7d0,CA,Physical Port Down,2025-10-30 01:44:33,2025-10-30 01:44:33,4480.21,1,SHUTDOWN,DOWN,DOWN,-,-,NORMAL,0.88,link_down
alarm_02201,current_alarm_snapshot,2026-05-04 17:57:19,CRITICAL,asset_5235efd7d0,CA,Physical Port Down,2025-10-30 01:44:36,2025-10-30 01:44:36,4480.21,1,SHUTDOWN,DOWN,DOWN,-,-,NORMAL,0.88,link_down
alarm_02202,current_alarm_snapshot,2026-05-04 17:57:19,CRITICAL,asset_5235efd7d0,CA,Physical Port Down,2025-10-30 01:44:36,2025-10-30 01:44:36,4480.21,1,SHUTDOWN,DOWN,DOWN,-,-,NORMAL,0.88,link_down
alarm_02203,current_alarm_snapshot,2026-05-04 17:57:19,CRITICAL,asset_ea13d97725,CA,The Device is offline,2025-10-30 01:44:58,2025-10-30 01:44:58,4480.21,1,UNKNOWN,UNKNOWN,UNKNOWN,-,-,NORMAL,0.88,other
alarm_02204,current_alarm_snapshot,2026-05-04 17:57:19,CRITICAL,asset_5235efd7d0,CA,The Device is offline,2025-10-30 01:51:31,2025-10-30 01:51:31,4480.1,1,UNKNOWN,UNKNOWN,UNKNOWN,-,-,NORMAL,0.88,other
alarm_02205,current_alarm_snapshot,2026-05-04 17:57:19,CRITICAL,asset_1adc312e45,AR,Physical Port Down,2025-10-30 12:36:45,2025-10-30 12:36:45,4469.34,1,LOS,UNREPORTED,UNKNOWN,-,-,NORMAL,0.88,link_down
alarm_02206,current_alarm_snapshot,2026-05-04 17:57:19,CRITICAL,asset_1adc312e45,AR,Physical Port Down,2025-10-30 12:40:40,2025-10-30 12:40:40,4469.28,1,LOS,UNREPORTED,UNKNOWN,-,-,NORMAL,0.88,link_down
alarm_02207,current_alarm_snapshot,2026-05-04 17:57:19,CRITICAL,asset_439d6d6330,AR,Physical Port Down,2025-10-30 17:43:30,2025-10-30 17:43:30,4464.23,1,LOS,UNREPORTED,UNKNOWN,-,-,NORMAL,0.88,link_down
alarm_02208,current_alarm_snapshot,2026-05-04 17:57:19,CRITICAL,asset_ca76b167a7,AR,Physical Port Down,2025-10-31 12:01:33,2025-10-31 12:01:33,4445.93,1,LOS,DOWN,UP,-,-,NORMAL,0.88,link_down
alarm_02209,current_alarm_snapshot,2026-05-04 17:57:19,CRITICAL,asset_74b0a8e86d,AR,Physical Port Down,2025-10-31 14:00:12,2025-10-31 14:00:12,4443.95,1,LOS,UP,UP,-,-,NORMAL,0.88,link_down
alarm_02210,current_alarm_snapshot,2026-05-04 17:57:19,CRITICAL,asset_0bc3b8e77d,AG,Physical Port Down,2025-10-31 14:21:08,2025-10-31 14:21:08,4443.6,1,LOS,DOWN,UP,-,-,NORMAL,0.88,link_down
alarm_02211,current_alarm_snapshot,2026-05-04 17:57:19,CRITICAL,asset_e7fa306df1,CP,Physical Port Down,2025-11-01 01:18:51,2025-11-01 01:18:51,4432.64,1,THE,UNREPORTED,UNKNOWN,-,-,NORMAL,0.88,link_down
alarm_02212,current_alarm_snapshot,2026-05-04 17:57:19,CRITICAL,asset_e7fa306df1,CP,Physical Port Down,2025-11-01 01:18:51,2025-11-01 01:18:51,4432.64,1,THE,UNREPORTED,UNKNOWN,-,-,NORMAL,0.88,link_down
alarm_02213,current_alarm_snapshot,2026-05-04 17:57:19,CRITICAL,asset_b29dc9a03b,AR,Physical Port Down,2025-11-03 10:33:19,2025-11-03 10:33:19,4375.4,1,LOS,DOWN,UP,-,-,NORMAL,0.88,link_down
alarm_02214,current_alarm_snapshot,2026-05-04 17:57:19,CRITICAL,asset_7e541b0e01,AR,Physical Port Down,2025-11-03 12:15:19,2025-11-03 12:15:19,4373.7,1,LOS,UNREPORTED,UNKNOWN,-,-,NORMAL,0.88,link_down
alarm_02215,current_alarm_snapshot,2026-05-04 17:57:19,CRITICAL,asset_6a837c7e66,AR,Physical Port Down,2025-11-03 12:48:41,2025-11-03 12:48:41,4373.14,1,LOS,DOWN,UP,-,-,NORMAL,0.88,link_down
alarm_02216,current_alarm_snapshot,2026-05-04 17:57:19,CRITICAL,asset_446d8d845a,AG,Physical Port Down,2025-11-04 11:12:59,2025-11-04 11:12:59,4350.74,1,SHUTDOWN,DOWN,DOWN,-,-,NORMAL,0.88,link_down
alarm_02217,current_alarm_snapshot,2026-05-04 17:57:19,CRITICAL,asset_488cd4bfc0,AR,Physical Port Down,2025-11-04 16:50:14,2025-11-04 16:50:14,4345.12,1,OTHER_SOFT_DOWN,UNREPORTED,UNKNOWN,-,-,NORMAL,0.88,power_energy
alarm_02218,current_alarm_snapshot,2026-05-04 17:57:19,CRITICAL,asset_cfde2a63e5,AR,Physical Port Down,2025-11-04 18:18:20,2025-11-04 18:18:20,4343.65,1,LOS,DOWN,UP,-,-,NORMAL,0.88,link_down
alarm_02219,current_alarm_snapshot,2026-05-04 17:57:19,CRITICAL,asset_e818a4aedc,AG,Physical Port Down,2025-11-05 00:40:25,2025-11-05 00:40:25,4337.28,1,THE,UNREPORTED,UNKNOWN,-,-,NORMAL,0.88,link_down
alarm_02220,current_alarm_snapshot,2026-05-04 17:57:19,CRITICAL,asset_e818a4aedc,AG,Physical Port Down,2025-11-05 00:40:33,2025-11-05 00:40:33,4337.28,1,THE,UNREPORTED,UNKNOWN,-,-,NORMAL,0.88,link_down
alarm_02221,current_alarm_snapshot,2026-05-04 17:57:19,CRITICAL,asset_7d993e8820,AR,Physical Port Down,2025-11-06 12:43:51,2025-11-06 12:43:51,4301.22,1,LOS,DOWN,UP,-,-,NORMAL,0.88,link_down
alarm_02222,current_alarm_snapshot,2026-05-04 17:57:19,CRITICAL,asset_b32cafc117,AG,Physical Port Down,2025-11-06 14:02:41,2025-11-06 14:02:41,4299.91,1,LOS,DOWN,UP,-,-,NORMAL,0.88,link_down
alarm_02223,current_alarm_snapshot,2026-05-04 17:57:19,CRITICAL,asset_84d56cf557,AR,Physical Port Down,2025-11-07 13:39:00,2025-11-07 13:39:00,4276.31,1,LOS,DOWN,UP,-,-,NORMAL,0.88,link_down
alarm_02224,current_alarm_snapshot,2026-05-04 17:57:19,CRITICAL,asset_84d56cf557,AR,Physical Port Down,2025-11-07 13:39:00,2025-11-07 13:39:00,4276.31,1,LOS,DOWN,UP,-,-,NORMAL,0.88,link_down
alarm_02225,current_alarm_snapshot,2026-05-04 17:57:19,CRITICAL,asset_2416652411,AR,Physical Port Down,2025-11-07 15:14:42,2025-11-07 15:14:42,4274.71,1,LOS,DOWN,UP,-,-,NORMAL,0.88,link_down
alarm_02226,current_alarm_snapshot,2026-05-04 17:57:19,CRITICAL,asset_98572b7888,AR,Physical Port Down,2025-11-07 17:51:25,2025-11-07 17:51:25,4272.1,1,LOS,DOWN,UP,-,-,NORMAL,0.88,link_down
alarm_02227,current_alarm_snapshot,2026-05-04 17:57:19,CRITICAL,asset_6b22f53c13,AR,Physical Port Down,2025-11-07 18:03:23,2025-11-07 18:03:23,4271.9,1,LOS,UNREPORTED,UNKNOWN,-,-,NORMAL,0.88,power_energy
alarm_02228,current_alarm_snapshot,2026-05-04 17:57:19,CRITICAL,asset_0a99ad3b6a,AR,Physical Port Down,2025-11-07 18:14:30,2025-11-07 18:14:30,4271.71,1,LOS,DOWN,UP,-,-,NORMAL,0.88,power_energy
alarm_02229,current_alarm_snapshot,2026-05-04 17:57:19,CRITICAL,asset_6d8ba87d56,AG,Physical Port Down,2025-11-08 12:38:50,2025-11-08 12:38:50,4253.31,1,LOF,DOWN,UP,-,-,NORMAL,0.88,link_down
alarm_02230,current_alarm_snapshot,2026-05-04 17:57:19,CRITICAL,asset_b6a348f939,AR,Physical Port Down,2025-11-10 10:36:52,2025-11-10 10:36:52,4207.34,1,NEGOTIATION_FAIL,UNREPORTED,UNKNOWN,-,-,NORMAL,0.88,link_down
alarm_02231,current_alarm_snapshot,2026-05-04 17:57:19,CRITICAL,asset_074c2e8c02,AG,Physical Port Down,2025-11-10 16:05:17,2025-11-10 16:05:17,4201.87,1,SHUTDOWN,DOWN,DOWN,-,-,NORMAL,0.88,link_down
alarm_02232,current_alarm_snapshot,2026-05-04 17:57:19,CRITICAL,asset_074c2e8c02,AG,Physical Port Down,2025-11-10 16:05:17,2025-11-10 16:05:17,4201.87,1,SHUTDOWN,DOWN,DOWN,-,-,NORMAL,0.88,link_down
alarm_02233,current_alarm_snapshot,2026-05-04 17:57:19,CRITICAL,asset_2c74722ea6,AG,Board Invalid,2025-11-10 20:15:28,2025-11-10 20:15:28,4197.7,1,UNKNOWN,UNKNOWN,UNKNOWN,-,-,NORMAL,0.88,power_energy
alarm_02234,current_alarm_snapshot,2026-05-04 17:57:19,CRITICAL,asset_9db724f43d,AG,Board Invalid,2025-11-10 20:33:33,2025-11-10 20:33:33,4197.4,1,UNKNOWN,UNKNOWN,UNKNOWN,-,-,NORMAL,0.88,power_energy
alarm_02235,current_alarm_snapshot,2026-05-04 17:57:19,CRITICAL,asset_8fb7ee8a56,AR,Physical Port Down,2025-11-11 15:18:13,2025-11-11 15:18:13,4178.65,1,LOS,DOWN,UP,-,-,NORMAL,0.88,link_down
alarm_02236,current_alarm_snapshot,2026-05-04 17:57:19,CRITICAL,asset_4226e99132,CA,Physical Port Down,2025-11-12 00:38:12,2025-11-12 00:38:12,4169.32,1,LOS,DOWN,UP,-,-,NORMAL,0.88,equipment_module
alarm_02237,current_alarm_snapshot,2026-05-04 17:57:19,CRITICAL,asset_b062612355,AG,Physical Port Down,2025-11-12 08:54:50,2025-11-12 08:54:50,4161.04,1,"PCS_HIGHBER,REMOTE_FAULT,PCS_UNLOCK",DOWN,UP,-,-,NORMAL,0.88,link_down
alarm_02238,current_alarm_snapshot,2026-05-04 17:57:19,CRITICAL,asset_262a896d55,AR,Physical Port Down,2025-11-13 08:29:36,2025-11-13 08:29:36,4137.46,1,LOS,DOWN,UP,-,-,NORMAL,0.88,link_down
alarm_02239,current_alarm_snapshot,2026-05-04 17:57:19,CRITICAL,asset_8d6b835d22,AG,Physical Port Down,2025-11-13 08:48:41,2025-11-13 08:48:41,4137.14,1,LOS,DOWN,UP,-,-,NORMAL,0.88,link_down
alarm_02240,current_alarm_snapshot,2026-05-04 17:57:19,CRITICAL,asset_5ea5710665,AR,Physical Port Down,2025-11-13 12:23:44,2025-11-13 12:23:44,4133.56,1,LOS,DOWN,UP,-,-,NORMAL,0.88,link_down
alarm_02241,current_alarm_snapshot,2026-05-04 17:57:19,CRITICAL,asset_5ea5710665,AR,Physical Port Down,2025-11-13 12:28:10,2025-11-13 12:28:10,4133.49,1,0,UNREPORTED,UNREPORTED,-,-,NORMAL,0.88,link_down
alarm_02242,current_alarm_snapshot,2026-05-04 17:57:19,CRITICAL,asset_43d813e047,AR,Physical Port Down,2025-11-13 18:26:06,2025-11-13 18:26:06,4127.52,1,LOS,UP,UP,-,-,NORMAL,0.88,link_down
alarm_02243,current_alarm_snapshot,2026-05-04 17:57:19,CRITICAL,asset_a43df57ae9,AR,Physical Port Down,2025-11-13 18:47:20,2025-11-13 18:47:20,4127.17,1,LOS,DOWN,UP,-,-,NORMAL,0.88,link_down
alarm_02244,current_alarm_snapshot,2026-05-04 17:57:19,CRITICAL,asset_73da8d4f4a,AR,Physical Port Down,2025-11-13 18:48:44,2025-11-13 18:48:44,4127.14,1,LOS,DOWN,UP,-,-,NORMAL,0.88,link_down
alarm_02245,current_alarm_snapshot,2026-05-04 17:57:19,CRITICAL,asset_4d34e1d644,AR,Physical Port Down,2025-11-14 02:40:44,2025-11-14 02:40:44,4119.28,1,LOS,UNREPORTED,UNKNOWN,-,-,NORMAL,0.88,link_down
alarm_02246,current_alarm_snapshot,2026-05-04 17:57:19,CRITICAL,asset_8a325b1760,AR,Physical Port Down,2025-11-14 10:30:07,2025-11-14 10:30:07,4111.45,1,SHUTDOWN,DOWN,DOWN,-,-,NORMAL,0.88,link_down
alarm_02247,current_alarm_snapshot,2026-05-04 17:57:19,CRITICAL,asset_6b8240b654,AR,Physical Port Down,2025-11-15 17:28:27,2025-11-15 17:28:27,4080.48,1,OTHER_SOFT_DOWN,UP,UP,-,-,NORMAL,0.88,link_down
alarm_02248,current_alarm_snapshot,2026-05-04 17:57:19,CRITICAL,asset_9d069cf175,AR,Physical Port Down,2025-11-17 17:31:12,2025-11-17 17:31:12,4032.44,1,LOS,DOWN,UP,-,-,NORMAL,0.88,link_down
alarm_02249,current_alarm_snapshot,2026-05-04 17:57:19,CRITICAL,asset_75582eda92,AR,Physical Port Down,2025-11-17 17:57:15,2025-11-17 17:57:15,4032.0,1,LOS,DOWN,UP,-,-,NORMAL,0.88,link_down
alarm_02250,current_alarm_snapshot,2026-05-04 17:57:19,CRITICAL,asset_8d2941bf77,AG,Physical Port Down,2025-11-18 10:26:50,2025-11-18 10:26:50,4015.51,1,LOS,DOWN,UP,-,-,NORMAL,0.88,link_down
alarm_02251,current_alarm_snapshot,2026-05-04 17:57:19,CRITICAL,asset_6bfd177716,AR,Physical Port Down,2025-11-18 14:49:08,2025-11-18 14:49:08,4011.14,1,0,UNREPORTED,UNREPORTED,-,-,NORMAL,0.88,link_down
alarm_02252,current_alarm_snapshot,2026-05-04 17:57:19,CRITICAL,asset_e56f74af03,AR,Physical Port Down,2025-11-18 17:15:07,2025-11-18 17:15:07,4008.7,1,LOS,DOWN,UP,-,-,NORMAL,0.88,link_down
alarm_02253,current_alarm_snapshot,2026-05-04 17:57:19,CRITICAL,asset_5ea5710665,AR,Physical Port Down,2025-11-18 17:38:38,2025-11-18 17:38:38,4008.31,1,LOS,DOWN,UP,-,-,NORMAL,0.88,link_down
alarm_02254,current_alarm_snapshot,2026-05-04 17:57:19,CRITICAL,asset_b04fa4b282,AG,Physical Port Down,2025-11-19 12:43:09,2025-11-19 12:43:09,3989.24,1,LOS,DOWN,UP,-,-,NORMAL,0.88,link_down
alarm_02255,current_alarm_snapshot,2026-05-04 17:57:19,CRITICAL,asset_b04fa4b282,AG,Physical Port Down,2025-11-19 12:43:32,2025-11-19 12:43:32,3989.23,1,LOS,DOWN,UP,-,-,NORMAL,0.88,link_down
alarm_02256,current_alarm_snapshot,2026-05-04 17:57:19,CRITICAL,asset_b04fa4b282,AG,Physical Port Down,2025-11-19 13:10:41,2025-11-19 13:10:41,3988.78,1,LOS,DOWN,UP,-,-,NORMAL,0.88,link_down
alarm_02257,current_alarm_snapshot,2026-05-04 17:57:19,CRITICAL,asset_b04fa4b282,AG,Physical Port Down,2025-11-19 13:10:46,2025-11-19 13:10:46,3988.78,1,LOS,DOWN,UP,-,-,NORMAL,0.88,link_down
alarm_02258,current_alarm_snapshot,2026-05-04 17:57:19,CRITICAL,asset_43d6475a85,AR,Physical Port Down,2025-11-19 16:34:50,2025-11-19 16:34:50,3985.37,1,LOS,DOWN,UP,-,-,NORMAL,0.88,link_down
alarm_02259,current_alarm_snapshot,2026-05-04 17:57:19,CRITICAL,asset_1b304a6655,AG,Physical Port Down,2025-11-19 17:10:23,2025-11-19 17:10:23,3984.78,1,"PCS_HIGHBER,PCS_UNLOCK,LOCAL_FAULT",DOWN,UP,-,-,NORMAL,0.88,link_down
alarm_02260,current_alarm_snapshot,2026-05-04 17:57:19,CRITICAL,asset_0bc3b8e77d,AG,Physical Port Down,2025-11-19 18:34:16,2025-11-19 18:34:16,3983.38,1,LOS,DOWN,UP,-,-,NORMAL,0.88,link_down
alarm_02261,current_alarm_snapshot,2026-05-04 17:57:19,CRITICAL,asset_b04fa4b282,AG,Physical Port Down,2025-11-19 18:39:25,2025-11-19 18:39:25,3983.3,1,LOS,DOWN,UP,-,-,NORMAL,0.88,link_down
alarm_02262,current_alarm_snapshot,2026-05-04 17:57:19,CRITICAL,asset_e6d6c34775,AR,Physical Port Down,2025-11-19 18:53:36,2025-11-19 18:53:36,3983.06,1,0,UNREPORTED,UNREPORTED,-,-,NORMAL,0.88,link_down
alarm_02263,current_alarm_snapshot,2026-05-04 17:57:19,CRITICAL,asset_a996240b2e,AG,Physical Port Down,2025-11-19 19:24:57,2025-11-19 19:24:57,3982.54,1,LOS,DOWN,UP,-,-,NORMAL,0.88,link_down
alarm_02264,current_alarm_snapshot,2026-05-04 17:57:19,CRITICAL,asset_f78e9c1677,CA,Physical Port Down,2025-11-20 03:11:16,2025-11-20 03:11:16,3974.77,1,THE,UNREPORTED,UNKNOWN,-,-,NORMAL,0.88,link_down
alarm_02265,current_alarm_snapshot,2026-05-04 17:57:19,CRITICAL,asset_07ff97d8bc,AR,Physical Port Down,2025-11-20 13:54:39,2025-11-20 13:54:39,3964.04,1,LOS,DOWN,UP,-,-,NORMAL,0.88,link_down
alarm_02266,current_alarm_snapshot,2026-05-04 17:57:19,CRITICAL,asset_a72fff5450,AG,Physical Port Down,2025-11-20 19:13:02,2025-11-20 19:13:02,3958.74,1,SHUTDOWN,DOWN,DOWN,-,-,NORMAL,0.88,link_down
alarm_02267,current_alarm_snapshot,2026-05-04 17:57:19,CRITICAL,asset_4547d398db,AG,Physical Port Down,2025-11-20 23:01:55,2025-11-20 23:01:55,3954.92,1,THE,UNREPORTED,UNKNOWN,-,-,NORMAL,0.88,link_down
alarm_02268,current_alarm_snapshot,2026-05-04 17:57:19,CRITICAL,asset_4547d398db,AG,Physical Port Down,2025-11-20 23:02:06,2025-11-20 23:02:06,3954.92,1,THE,UNREPORTED,UNKNOWN,-,-,NORMAL,0.88,link_down
alarm_02269,current_alarm_snapshot,2026-05-04 17:57:19,CRITICAL,asset_77100acc56,AR,Physical Port Down,2025-11-21 11:11:43,2025-11-21 11:11:43,3942.76,1,LOS,DOWN,UP,-,-,NORMAL,0.88,link_down
alarm_02270,current_alarm_snapshot,2026-05-04 17:57:19,CRITICAL,asset_77100acc56,AR,Physical Port Down,2025-11-21 11:28:40,2025-11-21 11:28:40,3942.48,1,LOS,DOWN,UP,-,-,NORMAL,0.88,link_down
alarm_02271,current_alarm_snapshot,2026-05-04 17:57:19,CRITICAL,asset_f48b97dbf9,AR,Physical Port Down,2025-11-21 15:39:59,2025-11-21 15:39:59,3938.29,1,0,UNREPORTED,UNREPORTED,-,-,NORMAL,0.88,link_down
alarm_02272,current_alarm_snapshot,2026-05-04 17:57:19,CRITICAL,asset_439d6d6330,AR,Physical Port Down,2025-11-21 17:18:55,2025-11-21 17:18:55,3936.64,1,LOS,UNREPORTED,UNKNOWN,-,-,NORMAL,0.88,link_down
alarm_02273,current_alarm_snapshot,2026-05-04 17:57:19,CRITICAL,asset_27acda765b,AR,Physical Port Down,2025-11-21 19:10:28,2025-11-21 19:10:28,3934.78,1,SHUTDOWN,DOWN,DOWN,-,-,NORMAL,0.88,link_down
alarm_02274,current_alarm_snapshot,2026-05-04 17:57:19,CRITICAL,asset_1880c58c89,AR,Physical Port Down,2025-11-24 11:38:08,2025-11-24 11:38:08,3870.32,1,LOS,DOWN,UP,-,-,NORMAL,0.88,link_down
alarm_02275,current_alarm_snapshot,2026-05-04 17:57:19,CRITICAL,asset_f8f4534d07,AR,Physical Port Down,2025-11-25 15:53:30,2025-11-25 15:53:30,3842.06,1,LOS,DOWN,UP,-,-,NORMAL,0.88,link_down
alarm_02276,current_alarm_snapshot,2026-05-04 17:57:19,CRITICAL,asset_34eac17bec,CP,Physical Port Down,2025-11-25 16:54:12,2025-11-25 16:54:12,3841.05,1,THE,UNREPORTED,UNKNOWN,-,-,NORMAL,0.88,link_down
alarm_02277,current_alarm_snapshot,2026-05-04 17:57:19,CRITICAL,asset_9ff1ddaa3c,AG,Physical Port Down,2025-11-26 05:00:45,2025-11-26 05:00:45,3828.94,1,LOS,DOWN,UP,-,-,NORMAL,0.88,link_down
alarm_02278,current_alarm_snapshot,2026-05-04 17:57:19,CRITICAL,asset_c76218e141,AG,Physical Port Down,2025-11-26 08:57:44,2025-11-26 08:57:44,3824.99,1,SHUTDOWN,DOWN,DOWN,-,-,NORMAL,0.88,link_down
alarm_02279,current_alarm_snapshot,2026-05-04 17:57:19,CRITICAL,asset_c76218e141,AG,Physical Port Down,2025-11-26 08:57:44,2025-11-26 08:57:44,3824.99,1,SHUTDOWN,DOWN,DOWN,-,-,NORMAL,0.88,link_down
alarm_02280,current_alarm_snapshot,2026-05-04 17:57:19,CRITICAL,asset_1224a2d4e4,AR,Physical Port Down,2025-11-26 12:14:36,2025-11-26 12:14:36,3821.71,1,LOS,DOWN,UP,-,-,NORMAL,0.88,link_down
alarm_02281,current_alarm_snapshot,2026-05-04 17:57:19,CRITICAL,asset_724f6b39c7,AR,Physical Port Down,2025-11-26 16:01:25,2025-11-26 16:01:25,3817.93,1,LOS,UNREPORTED,UNKNOWN,-,-,NORMAL,0.88,power_energy
alarm_02282,current_alarm_snapshot,2026-05-04 17:57:19,CRITICAL,asset_e611359642,AG,Physical Port Down,2025-11-26 18:18:07,2025-11-26 18:18:07,3815.65,1,LOS,DOWN,UP,-,-,NORMAL,0.88,link_down
alarm_02283,current_alarm_snapshot,2026-05-04 17:57:19,CRITICAL,asset_5a53ffc74a,AR,Physical Port Down,2025-11-27 08:23:26,2025-11-27 08:23:26,3801.56,1,LOS,DOWN,UP,-,-,NORMAL,0.88,link_down
alarm_02284,current_alarm_snapshot,2026-05-04 17:57:19,CRITICAL,asset_5a53ffc74a,AR,Physical Port Down,2025-11-27 08:23:26,2025-11-27 08:23:26,3801.56,1,LOS,DOWN,UP,-,-,NORMAL,0.88,link_down
alarm_02285,current_alarm_snapshot,2026-05-04 17:57:19,CRITICAL,asset_08e453e8fe,AR,The Device is offline,2025-11-27 14:39:29,2025-11-27 14:39:29,3795.3,1,UNKNOWN,UNKNOWN,UNKNOWN,-,-,NORMAL,0.88,other
alarm_02286,current_alarm_snapshot,2026-05-04 17:57:19,CRITICAL,asset_b033831ef6,AG,Physical Port Down,2025-11-27 16:37:27,2025-11-27 16:37:27,3793.33,1,SHUTDOWN,DOWN,DOWN,-,-,NORMAL,0.88,link_down
alarm_02287,current_alarm_snapshot,2026-05-04 17:57:19,CRITICAL,asset_b033831ef6,AG,Physical Port Down,2025-11-27 16:37:27,2025-11-27 16:37:27,3793.33,1,SHUTDOWN,DOWN,DOWN,-,-,NORMAL,0.88,link_down
alarm_02288,current_alarm_snapshot,2026-05-04 17:57:19,CRITICAL,asset_e611359642,AG,Physical Port Down,2025-11-27 19:32:22,2025-11-27 19:32:22,3790.42,1,SHUTDOWN,DOWN,DOWN,-,-,NORMAL,0.88,link_down
alarm_02289,current_alarm_snapshot,2026-05-04 17:57:19,CRITICAL,asset_dd2c14939f,AR,Physical Port Down,2025-11-28 10:52:47,2025-11-28 10:52:47,3775.08,1,LOS,DOWN,UP,-,-,NORMAL,0.88,link_down
alarm_02290,current_alarm_snapshot,2026-05-04 17:57:19,CRITICAL,asset_02caf2c9bf,AG,Physical Port Down,2025-11-28 12:02:18,2025-11-28 12:02:18,3773.92,1,NEGOTIATION_FAIL,DOWN,UP,-,-,NORMAL,0.88,link_down
alarm_02291,current_alarm_snapshot,2026-05-04 17:57:19,CRITICAL,asset_14734f4c66,AR,Physical Port Down,2025-11-28 13:38:23,2025-11-28 13:38:23,3772.32,1,LOS,DOWN,UP,-,-,NORMAL,0.88,link_down
alarm_02292,current_alarm_snapshot,2026-05-04 17:57:19,CRITICAL,asset_6b8240b654,AR,Physical Port Down,2025-11-28 14:13:50,2025-11-28 14:13:50,3771.72,1,LOS,UP,UP,-,-,NORMAL,0.88,link_down
alarm_02293,current_alarm_snapshot,2026-05-04 17:57:19,CRITICAL,asset_f36908f305,AR,Physical Port Down,2025-11-28 16:02:05,2025-11-28 16:02:05,3769.92,1,0,UNREPORTED,UNREPORTED,-,ACKNOWLEDGED,NORMAL,0.88,link_down
alarm_02294,current_alarm_snapshot,2026-05-04 17:57:19,CRITICAL,asset_1adc312e45,AR,Physical Port Down,2025-11-29 18:08:22,2025-11-29 18:08:22,3743.82,1,LOS,UNREPORTED,UNKNOWN,-,-,NORMAL,0.88,link_down
alarm_02295,current_alarm_snapshot,2026-05-04 17:57:19,CRITICAL,asset_b29dc9a03b,AR,Physical Port Down,2025-11-30 11:36:56,2025-11-30 11:36:56,3726.34,1,LOS,DOWN,UP,-,-,NORMAL,0.88,link_down
alarm_02296,current_alarm_snapshot,2026-05-04 17:57:19,CRITICAL,asset_34eac17bec,CP,Physical Port Down,2025-12-01 09:38:13,2025-12-01 09:38:13,3704.32,1,THE,UNREPORTED,UNKNOWN,-,-,NORMAL,0.88,link_down
alarm_02297,current_alarm_snapshot,2026-05-04 17:57:19,CRITICAL,asset_740515765d,AG,Physical Port Down,2025-12-01 10:19:41,2025-12-01 10:19:41,3703.63,1,SHUTDOWN,DOWN,DOWN,-,-,NORMAL,0.88,link_down
alarm_02298,current_alarm_snapshot,2026-05-04 17:57:19,CRITICAL,asset_637eb3aee5,AR,Physical Port Down,2025-12-01 13:07:34,2025-12-01 13:07:34,3700.83,1,LOS,DOWN,UP,-,-,NORMAL,0.88,link_down
alarm_02299,current_alarm_snapshot,2026-05-04 17:57:19,CRITICAL,asset_c99df1fea1,AG,Physical Port Down,2025-12-01 16:18:13,2025-12-01 16:18:13,3697.65,1,NEGOTIATION_FAIL,DOWN,UP,-,-,NORMAL,0.88,link_down
alarm_02300,current_alarm_snapshot,2026-05-04 17:57:19,CRITICAL,asset_951cadffac,AR,Physical Port Down,2025-12-01 16:38:32,2025-12-01 16:38:32,3697.31,1,LOS,DOWN,UP,-,-,NORMAL,0.88,link_down
alarm_02301,current_alarm_snapshot,2026-05-04 17:57:19,CRITICAL,asset_c99df1fea1,AG,Physical Port Down,2025-12-01 16:39:51,2025-12-01 16:39:51,3697.29,1,NEGOTIATION_FAIL,DOWN,UP,-,-,NORMAL,0.88,link_down
alarm_02302,current_alarm_snapshot,2026-05-04 17:57:19,CRITICAL,asset_c2c91d7eee,AG,Physical Port Down,2025-12-02 12:23:32,2025-12-02 12:23:32,3677.56,1,LOS,DOWN,UP,-,-,NORMAL,0.88,link_down
alarm_02303,current_alarm_snapshot,2026-05-04 17:57:19,CRITICAL,asset_a454c900df,AG,Physical Port Down,2025-12-02 12:44:09,2025-12-02 12:44:09,3677.22,1,LOS,DOWN,UP,-,-,NORMAL,0.88,link_down
alarm_02304,current_alarm_snapshot,2026-05-04 17:57:19,CRITICAL,asset_1421642d95,AG,Physical Port Down,2025-12-02 13:21:01,2025-12-02 13:21:01,3676.61,1,LOF,DOWN,UP,-,-,NORMAL,0.88,link_down
alarm_02305,current_alarm_snapshot,2026-05-04 17:57:19,CRITICAL,asset_6a7d737917,AG,Board Invalid,2025-12-02 13:23:26,2025-12-02 13:23:26,3676.56,1,UNKNOWN,UNKNOWN,UNKNOWN,-,-,NORMAL,0.88,equipment_module
alarm_02306,current_alarm_snapshot,2026-05-04 17:57:19,CRITICAL,asset_6a7d737917,AG,Board Invalid,2025-12-02 13:23:26,2025-12-02 13:23:26,3676.56,1,UNKNOWN,UNKNOWN,UNKNOWN,-,-,NORMAL,0.88,equipment_module
alarm_02307,current_alarm_snapshot,2026-05-04 17:57:19,CRITICAL,asset_9ff1ddaa3c,AG,Physical Port Down,2025-12-02 17:49:46,2025-12-02 17:49:46,3672.13,1,LOS,DOWN,UP,-,-,NORMAL,0.88,link_down
alarm_02308,current_alarm_snapshot,2026-05-04 17:57:19,CRITICAL,asset_b4d2edb723,AR,Physical Port Down,2025-12-03 08:14:45,2025-12-03 08:14:45,3657.71,1,LOS,UP,UP,-,-,NORMAL,0.88,link_down
alarm_02309,current_alarm_snapshot,2026-05-04 17:57:19,CRITICAL,asset_79c3a2b385,AG,Physical Port Down,2025-12-03 10:59:08,2025-12-03 10:59:08,3654.97,1,LOS,DOWN,UP,-,-,NORMAL,0.88,link_down
alarm_02310,current_alarm_snapshot,2026-05-04 17:57:19,CRITICAL,asset_3b57fdc05a,AR,Physical Port Down,2025-12-03 23:19:40,2025-12-03 23:19:40,3642.63,1,LOS,UNREPORTED,UNKNOWN,-,-,NORMAL,0.88,link_down
alarm_02311,current_alarm_snapshot,2026-05-04 17:57:19,CRITICAL,asset_84739670c0,AR,Physical Port Down,2025-12-04 10:17:54,2025-12-04 10:17:54,3631.66,1,LOS,DOWN,UP,-,-,NORMAL,0.88,link_down
alarm_02312,current_alarm_snapshot,2026-05-04 17:57:19,CRITICAL,asset_84739670c0,AR,Physical Port Down,2025-12-04 10:19:14,2025-12-04 10:19:14,3631.63,1,LOS,DOWN,UP,-,-,NORMAL,0.88,link_down
alarm_02313,current_alarm_snapshot,2026-05-04 17:57:19,CRITICAL,asset_c2f9df97c1,AR,Physical Port Down,2025-12-04 12:14:54,2025-12-04 12:14:54,3629.71,1,LOS,DOWN,UP,-,-,NORMAL,0.88,link_down
alarm_02314,current_alarm_snapshot,2026-05-04 17:57:19,CRITICAL,asset_6cfd6789df,AR,Physical Port Down,2025-12-04 15:11:25,2025-12-04 15:11:25,3626.76,1,0,UNREPORTED,UNREPORTED,-,-,NORMAL,0.88,link_down
alarm_02315,current_alarm_snapshot,2026-05-04 17:57:19,CRITICAL,asset_9db724f43d,AG,Physical Port Down,2025-12-04 16:33:50,2025-12-04 16:33:50,3625.39,1,SD,DOWN,UP,-,-,NORMAL,0.88,link_down
alarm_02316,current_alarm_snapshot,2026-05-04 17:57:19,CRITICAL,asset_b2768044cf,CA,Physical Port Down,2025-12-04 16:46:30,2025-12-04 16:46:30,3625.18,1,THE,UNREPORTED,UNKNOWN,-,-,NORMAL,0.88,link_down
alarm_02317,current_alarm_snapshot,2026-05-04 17:57:19,CRITICAL,asset_366ead1e86,AR,Physical Port Down,2025-12-05 17:36:13,2025-12-05 17:36:13,3600.35,1,0,UNREPORTED,UNREPORTED,-,-,NORMAL,0.88,link_down
alarm_02318,current_alarm_snapshot,2026-05-04 17:57:19,CRITICAL,asset_d043ff84a1,AR,Physical Port Down,2025-12-05 18:07:14,2025-12-05 18:07:14,3599.83,1,LOS,UNREPORTED,UNKNOWN,-,-,NORMAL,0.88,link_down
alarm_02319,current_alarm_snapshot,2026-05-04 17:57:19,CRITICAL,asset_1ce8b5c4a0,AG,Physical Port Down,2025-12-05 19:30:07,2025-12-05 19:30:07,3598.45,1,LOS,DOWN,UP,-,-,NORMAL,0.88,link_down
alarm_02320,current_alarm_snapshot,2026-05-04 17:57:19,CRITICAL,asset_1ce8b5c4a0,AG,Physical Port Down,2025-12-05 19:30:18,2025-12-05 19:30:18,3598.45,1,LOS,DOWN,UP,-,-,NORMAL,0.88,link_down
alarm_02321,current_alarm_snapshot,2026-05-04 17:57:19,CRITICAL,asset_51e47cea41,AR,Physical Port Down,2025-12-08 16:35:27,2025-12-08 16:35:27,3529.36,1,LOS,DOWN,UP,-,-,NORMAL,0.88,link_down
alarm_02322,current_alarm_snapshot,2026-05-04 17:57:19,CRITICAL,asset_97ea2556ff,AR,Physical Port Down,2025-12-10 07:37:37,2025-12-10 07:37:37,3490.33,1,LOS,DOWN,UP,-,-,NORMAL,0.88,link_down
alarm_02323,current_alarm_snapshot,2026-05-04 17:57:19,CRITICAL,asset_a2a5e5d263,AR,Physical Port Down,2025-12-10 15:59:26,2025-12-10 15:59:26,3481.96,1,LOS,DOWN,UP,-,-,NORMAL,0.88,link_down
alarm_02324,current_alarm_snapshot,2026-05-04 17:57:19,CRITICAL,asset_21f6ff09f5,AR,Physical Port Down,2025-12-10 15:59:52,2025-12-10 15:59:52,3481.96,1,LOS,DOWN,UP,-,-,NORMAL,0.88,link_down
alarm_02325,current_alarm_snapshot,2026-05-04 17:57:19,CRITICAL,asset_974a2857de,AR,Physical Port Down,2025-12-10 17:19:30,2025-12-10 17:19:30,3480.63,1,LOS,UNREPORTED,UNKNOWN,-,-,NORMAL,0.88,link_down
alarm_02326,current_alarm_snapshot,2026-05-04 17:57:19,CRITICAL,asset_6f2f15f322,AR,Physical Port Down,2025-12-11 18:19:50,2025-12-11 18:19:50,3455.62,1,SHUTDOWN,UNREPORTED,UNKNOWN,-,-,NORMAL,0.88,link_down
alarm_02327,current_alarm_snapshot,2026-05-04 17:57:19,CRITICAL,asset_53dd0adf17,AR,Physical Port Down,2025-12-12 15:16:59,2025-12-12 15:16:59,3434.67,1,LOS,UNREPORTED,UNKNOWN,-,-,NORMAL,0.88,link_down
alarm_02328,current_alarm_snapshot,2026-05-04 17:57:19,CRITICAL,asset_5d9addaf18,AR,Physical Port Down,2025-12-12 16:49:54,2025-12-12 16:49:54,3433.12,1,LOS,DOWN,UP,-,-,NORMAL,0.88,link_down
alarm_02329,current_alarm_snapshot,2026-05-04 17:57:19,CRITICAL,asset_1de6e64e24,AR,Physical Port Down,2025-12-13 00:33:46,2025-12-13 00:33:46,3425.39,1,LOS,DOWN,UP,-,-,NORMAL,0.88,link_down
alarm_02330,current_alarm_snapshot,2026-05-04 17:57:19,CRITICAL,asset_0001a02e8a,CP,Physical Port Down,2025-12-13 00:36:23,2025-12-13 00:36:23,3425.35,1,THE,UNREPORTED,UNKNOWN,-,-,NORMAL,0.88,equipment_module
alarm_02331,current_alarm_snapshot,2026-05-04 17:57:19,CRITICAL,asset_8534fbf13c,AR,Physical Port Down,2025-12-13 13:40:17,2025-12-13 13:40:17,3412.28,1,LOS,DOWN,UP,-,-,NORMAL,0.88,link_down
alarm_02332,current_alarm_snapshot,2026-05-04 17:57:19,CRITICAL,asset_a04817e374,AR,The Device is offline,2025-12-15 14:20:11,2025-12-15 14:20:11,3363.62,1,UNKNOWN,UNKNOWN,UNKNOWN,-,-,NORMAL,0.88,other
alarm_02333,current_alarm_snapshot,2026-05-04 17:57:19,CRITICAL,asset_0350a68511,AR,Physical Port Down,2025-12-15 14:40:58,2025-12-15 14:40:58,3363.27,1,LOS,UNREPORTED,UNKNOWN,-,-,NORMAL,0.88,link_down
alarm_02334,current_alarm_snapshot,2026-05-04 17:57:19,CRITICAL,asset_653793b4d6,AR,Physical Port Down,2025-12-15 15:24:01,2025-12-15 15:24:01,3362.55,1,LOS,UNREPORTED,UNKNOWN,-,-,NORMAL,0.88,link_down
alarm_02335,current_alarm_snapshot,2026-05-04 17:57:19,CRITICAL,asset_1ce8b5c4a0,AG,Physical Port Down,2025-12-17 11:42:23,2025-12-17 11:42:23,3318.25,1,SHUTDOWN,DOWN,DOWN,-,-,NORMAL,0.88,link_down
alarm_02336,current_alarm_snapshot,2026-05-04 17:57:19,CRITICAL,asset_1ce8b5c4a0,AG,Physical Port Down,2025-12-17 11:42:23,2025-12-17 11:42:23,3318.25,1,SHUTDOWN,DOWN,DOWN,-,-,NORMAL,0.88,link_down
alarm_02337,current_alarm_snapshot,2026-05-04 17:57:19,CRITICAL,asset_39663d5b92,AG,Physical Port Down,2025-12-17 12:00:07,2025-12-17 12:00:07,3317.95,1,NEGOTIATION_FAIL,DOWN,UP,-,-,NORMAL,0.88,link_down
alarm_02338,current_alarm_snapshot,2026-05-04 17:57:19,CRITICAL,asset_de23d4523b,AR,Physical Port Down,2025-12-17 17:57:20,2025-12-17 17:57:20,3312.0,1,0,UNREPORTED,UNREPORTED,-,-,NORMAL,0.88,link_down
alarm_02339,current_alarm_snapshot,2026-05-04 17:57:19,CRITICAL,asset_e83012ab89,AR,Physical Port Down,2025-12-18 11:45:25,2025-12-18 11:45:25,3294.2,1,0,UNREPORTED,UNREPORTED,-,-,NORMAL,0.88,link_down
alarm_02340,current_alarm_snapshot,2026-05-04 17:57:19,CRITICAL,asset_5c24170237,AR,The Device is offline,2025-12-18 12:12:45,2025-12-18 12:12:45,3293.74,1,UNKNOWN,UNKNOWN,UNKNOWN,-,-,NORMAL,0.88,other
alarm_02341,current_alarm_snapshot,2026-05-04 17:57:19,CRITICAL,asset_02caf2c9bf,AG,Board Invalid,2025-12-18 15:13:42,2025-12-18 15:13:42,3290.73,1,UNKNOWN,UNKNOWN,UNKNOWN,-,-,NORMAL,0.88,power_energy
alarm_02342,current_alarm_snapshot,2026-05-04 17:57:19,CRITICAL,asset_02caf2c9bf,AG,Board Invalid,2025-12-18 15:27:41,2025-12-18 15:27:41,3290.49,1,UNKNOWN,UNKNOWN,UNKNOWN,-,-,NORMAL,0.88,power_energy
alarm_02343,current_alarm_snapshot,2026-05-04 17:57:19,CRITICAL,asset_14fc4c3bc5,AR,Physical Port Down,2025-12-18 15:35:55,2025-12-18 15:35:55,3290.36,1,0,UNREPORTED,UNREPORTED,-,-,NORMAL,0.88,link_down
alarm_02344,current_alarm_snapshot,2026-05-04 17:57:19,CRITICAL,asset_1a9d3b66ad,AG,Physical Port Down,2025-12-18 16:06:31,2025-12-18 16:06:31,3289.85,1,LOS,DOWN,UP,-,-,NORMAL,0.88,link_down
alarm_02345,current_alarm_snapshot,2026-05-04 17:57:19,CRITICAL,asset_c3a1f26c60,AR,Physical Port Down,2025-12-18 17:16:49,2025-12-18 17:16:49,3288.68,1,LOS,DOWN,UP,-,-,NORMAL,0.88,link_down
alarm_02346,current_alarm_snapshot,2026-05-04 17:57:19,CRITICAL,asset_8e0f86a4d8,AR,Physical Port Down,2025-12-19 11:42:38,2025-12-19 11:42:38,3270.24,1,SHUTDOWN,DOWN,DOWN,-,-,NORMAL,0.88,link_down
alarm_02347,current_alarm_snapshot,2026-05-04 17:57:19,CRITICAL,asset_1c128402d1,AG,Physical Port Down,2025-12-19 12:18:03,2025-12-19 12:18:03,3269.65,1,THE,UNREPORTED,UNKNOWN,-,-,NORMAL,0.88,link_down
alarm_02348,current_alarm_snapshot,2026-05-04 17:57:19,CRITICAL,asset_35bd7e5cbe,AG,Physical Port Down,2025-12-19 12:22:08,2025-12-19 12:22:08,3269.59,1,THE,UNREPORTED,UNKNOWN,-,-,NORMAL,0.88,link_down
alarm_02349,current_alarm_snapshot,2026-05-04 17:57:19,CRITICAL,asset_5e27d6ffa0,AG,Physical Port Down,2025-12-19 13:23:14,2025-12-19 13:23:14,3268.57,1,LOS,DOWN,UP,-,-,NORMAL,0.88,link_down
alarm_02350,current_alarm_snapshot,2026-05-04 17:57:19,CRITICAL,asset_ae6758bb40,AR,Physical Port Down,2025-12-19 19:48:06,2025-12-19 19:48:06,3262.15,1,LOS,DOWN,UP,-,-,NORMAL,0.88,link_down
alarm_02351,current_alarm_snapshot,2026-05-04 17:57:19,CRITICAL,asset_4b49bb79a3,SW,The Device is offline,2025-12-20 10:19:10,2025-12-20 10:19:10,3247.64,1,UNKNOWN,UNKNOWN,UNKNOWN,-,-,NORMAL,0.88,other
alarm_02352,current_alarm_snapshot,2026-05-04 17:57:19,CRITICAL,asset_f0aaddfa6d,SW,The Device is offline,2025-12-20 10:19:10,2025-12-20 10:19:10,3247.64,1,UNKNOWN,UNKNOWN,UNKNOWN,-,-,NORMAL,0.88,other
alarm_02353,current_alarm_snapshot,2026-05-04 17:57:19,CRITICAL,asset_29e95399e6,AR,Physical Port Down,2025-12-20 11:02:53,2025-12-20 11:02:53,3246.91,1,0,UNREPORTED,UNREPORTED,-,-,NORMAL,0.88,link_down
alarm_02354,current_alarm_snapshot,2026-05-04 17:57:19,CRITICAL,asset_29e95399e6,AR,Physical Port Down,2025-12-20 19:47:44,2025-12-20 19:47:44,3238.16,1,LOS,DOWN,UP,-,-,NORMAL,0.88,link_down
alarm_02355,current_alarm_snapshot,2026-05-04 17:57:19,CRITICAL,asset_f48b97dbf9,AR,Physical Port Down,2025-12-22 15:02:24,2025-12-22 15:02:24,3194.92,1,LOS,DOWN,UP,-,-,NORMAL,0.88,link_down
alarm_02356,current_alarm_snapshot,2026-05-04 17:57:19,CRITICAL,asset_de8a991476,AR,Physical Port Down,2025-12-22 16:54:00,2025-12-22 16:54:00,3193.06,1,0,UNREPORTED,UNREPORTED,-,-,NORMAL,0.88,link_down
alarm_02357,current_alarm_snapshot,2026-05-04 17:57:19,CRITICAL,asset_de8a991476,AR,Physical Port Down,2025-12-22 17:07:07,2025-12-22 17:07:07,3192.84,1,LOS,DOWN,UP,-,-,NORMAL,0.88,link_down
alarm_02358,current_alarm_snapshot,2026-05-04 17:57:19,CRITICAL,asset_4487ae9955,AG,Physical Port Down,2025-12-22 18:03:35,2025-12-22 18:03:35,3191.9,1,SHUTDOWN,DOWN,DOWN,-,-,NORMAL,0.88,link_down
alarm_02359,current_alarm_snapshot,2026-05-04 17:57:19,CRITICAL,asset_628a6ad572,AG,Physical Port Down,2025-12-22 18:03:35,2025-12-22 18:03:35,3191.9,1,LOS,DOWN,UP,-,-,NORMAL,0.88,link_down
alarm_02360,current_alarm_snapshot,2026-05-04 17:57:19,CRITICAL,asset_67513fa740,AR,Physical Port Down,2025-12-22 18:11:52,2025-12-22 18:11:52,3191.76,1,0,UNREPORTED,UNREPORTED,-,-,NORMAL,0.88,link_down
alarm_02361,current_alarm_snapshot,2026-05-04 17:57:19,CRITICAL,asset_67513fa740,AR,Physical Port Down,2025-12-22 18:36:07,2025-12-22 18:36:07,3191.35,1,LOS,DOWN,UP,-,-,NORMAL,0.88,link_down
alarm_02362,current_alarm_snapshot,2026-05-04 17:57:19,CRITICAL,asset_0f01666aa3,AR,Physical Port Down,2025-12-22 19:21:50,2025-12-22 19:21:50,3190.59,1,LOS,DOWN,UP,-,-,NORMAL,0.88,link_down
alarm_02363,current_alarm_snapshot,2026-05-04 17:57:19,CRITICAL,asset_427359eb16,AR,The Device is offline,2025-12-22 23:22:11,2025-12-22 23:22:11,3186.59,1,UNKNOWN,UNKNOWN,UNKNOWN,-,-,NORMAL,0.88,other
alarm_02364,current_alarm_snapshot,2026-05-04 17:57:19,CRITICAL,asset_0f01666aa3,AR,Physical Port Down,2025-12-23 12:02:42,2025-12-23 12:02:42,3173.91,1,0,UNREPORTED,UNREPORTED,-,-,NORMAL,0.88,link_down
alarm_02365,current_alarm_snapshot,2026-05-04 17:57:19,CRITICAL,asset_751cb9ae75,AR,Physical Port Down,2025-12-24 10:58:40,2025-12-24 10:58:40,3150.98,1,LOS,UNREPORTED,UNKNOWN,-,-,NORMAL,0.88,link_down
alarm_02366,current_alarm_snapshot,2026-05-04 17:57:19,CRITICAL,asset_51ef96c713,AR,Physical Port Down,2025-12-25 08:43:37,2025-12-25 08:43:37,3129.23,1,LOS,DOWN,UP,-,-,NORMAL,0.88,link_down
alarm_02367,current_alarm_snapshot,2026-05-04 17:57:19,CRITICAL,asset_51ef96c713,AR,Physical Port Down,2025-12-25 08:43:37,2025-12-25 08:43:37,3129.23,1,LOS,DOWN,UP,-,-,NORMAL,0.88,link_down
alarm_02368,current_alarm_snapshot,2026-05-04 17:57:19,CRITICAL,asset_a180231935,AR,Physical Port Down,2025-12-26 16:18:34,2025-12-26 16:18:34,3097.65,1,SHUTDOWN,DOWN,DOWN,-,-,NORMAL,0.88,link_down
alarm_02369,current_alarm_snapshot,2026-05-04 17:57:19,CRITICAL,asset_64e2635c15,AG,Physical Port Down,2025-12-29 17:46:13,2025-12-29 17:46:13,3024.18,1,SHUTDOWN,DOWN,DOWN,-,-,NORMAL,0.88,link_down
alarm_02370,current_alarm_snapshot,2026-05-04 17:57:19,CRITICAL,asset_0c2346507a,AR,Physical Port Down,2025-12-30 11:13:44,2025-12-30 11:13:44,3006.73,1,LOS,UNREPORTED,UNKNOWN,-,-,NORMAL,0.88,link_down
alarm_02371,current_alarm_snapshot,2026-05-04 17:57:19,CRITICAL,asset_efb8cbe5bd,AR,Physical Port Down,2025-12-31 04:19:08,2025-12-31 04:19:08,2989.64,1,LOS,UNREPORTED,UNKNOWN,-,-,NORMAL,0.88,power_energy
alarm_02372,current_alarm_snapshot,2026-05-04 17:57:19,CRITICAL,asset_6a7d737917,AG,Board Invalid,2025-12-31 11:45:45,2025-12-31 11:45:45,2982.19,1,UNKNOWN,UNKNOWN,UNKNOWN,-,-,NORMAL,0.88,power_energy
alarm_02373,current_alarm_snapshot,2026-05-04 17:57:19,CRITICAL,asset_f9c5d2a0b7,AR,Physical Port Down,2025-12-31 17:41:49,2025-12-31 17:41:49,2976.26,1,LOS,DOWN,UP,-,-,NORMAL,0.88,link_down
alarm_02374,current_alarm_snapshot,2026-05-04 17:57:19,CRITICAL,asset_6eca0a8c7d,AR,Physical Port Down,2026-01-01 17:29:00,2026-01-01 17:29:00,2952.47,1,LOS,UNREPORTED,UNKNOWN,-,-,NORMAL,0.88,link_down
alarm_02375,current_alarm_snapshot,2026-05-04 17:57:19,CRITICAL,asset_27d941dc63,AG,Physical Port Down,2026-01-01 17:29:04,2026-01-01 17:29:04,2952.47,1,NEGOTIATION_FAIL,DOWN,UP,-,-,NORMAL,0.88,link_down
alarm_02376,current_alarm_snapshot,2026-05-04 17:57:19,CRITICAL,asset_fbd21658b6,AR,Physical Port Down,2026-01-03 08:12:39,2026-01-03 08:12:39,2913.74,1,LOS,DOWN,UP,-,-,NORMAL,0.88,link_down
alarm_02377,current_alarm_snapshot,2026-05-04 17:57:19,CRITICAL,asset_d88c31deff,AR,Physical Port Down,2026-01-03 10:30:49,2026-01-03 10:30:49,2911.44,1,0,UNREPORTED,UNREPORTED,-,-,NORMAL,0.88,link_down
alarm_02378,current_alarm_snapshot,2026-05-04 17:57:19,CRITICAL,asset_e1b37981ec,AR,Physical Port Down,2026-01-03 10:42:25,2026-01-03 10:42:25,2911.25,1,LOS,DOWN,UP,-,-,NORMAL,0.88,link_down
alarm_02379,current_alarm_snapshot,2026-05-04 17:57:19,CRITICAL,asset_3358bd4bc9,AR,The Device is offline,2026-01-03 12:24:02,2026-01-03 12:24:02,2909.55,1,UNKNOWN,UNKNOWN,UNKNOWN,-,-,NORMAL,0.88,other
alarm_02380,current_alarm_snapshot,2026-05-04 17:57:19,CRITICAL,asset_57796dfdd8,AR,The Device is offline,2026-01-04 19:50:47,2026-01-04 19:50:47,2878.11,1,UNKNOWN,UNKNOWN,UNKNOWN,-,-,NORMAL,0.88,other
alarm_02381,current_alarm_snapshot,2026-05-04 17:57:19,CRITICAL,asset_41d58b7305,AR,The Device is offline,2026-01-05 00:48:33,2026-01-05 00:48:33,2873.15,1,UNKNOWN,UNKNOWN,UNKNOWN,-,-,NORMAL,0.88,other
alarm_02382,current_alarm_snapshot,2026-05-04 17:57:19,CRITICAL,asset_fbd21658b6,AR,Physical Port Down,2026-01-05 11:03:38,2026-01-05 11:03:38,2862.89,1,LOS,DOWN,UP,-,-,NORMAL,0.88,link_down
alarm_02383,current_alarm_snapshot,2026-05-04 17:57:19,CRITICAL,asset_8ccb1877ea,AR,Physical Port Down,2026-01-05 11:28:25,2026-01-05 11:28:25,2862.48,1,LOS,DOWN,UP,-,-,NORMAL,0.88,link_down
alarm_02384,current_alarm_snapshot,2026-05-04 17:57:19,CRITICAL,asset_5d94f2da2f,CA,Physical Port Down,2026-01-05 20:54:07,2026-01-05 20:54:07,2853.05,1,THE,UNREPORTED,UNKNOWN,-,-,NORMAL,0.88,link_down
alarm_02385,current_alarm_snapshot,2026-05-04 17:57:19,CRITICAL,asset_fca8ff0e0d,AR,Physical Port Down,2026-01-06 10:48:22,2026-01-06 10:48:22,2839.15,1,LOS,DOWN,UP,-,-,NORMAL,0.88,link_down
alarm_02386,current_alarm_snapshot,2026-05-04 17:57:19,CRITICAL,asset_43570778d6,AR,Physical Port Down,2026-01-06 14:10:39,2026-01-06 14:10:39,2835.78,1,LOS,UP,UP,-,-,NORMAL,0.88,link_down
alarm_02387,current_alarm_snapshot,2026-05-04 17:57:19,CRITICAL,asset_a4d115794f,AR,Physical Port Down,2026-01-07 11:27:31,2026-01-07 11:27:31,2814.5,1,LOS,UNREPORTED,UNKNOWN,-,-,NORMAL,0.88,link_down
alarm_02388,current_alarm_snapshot,2026-05-04 17:57:19,CRITICAL,asset_a4d115794f,AR,Physical Port Down,2026-01-07 11:36:09,2026-01-07 11:36:09,2814.35,1,LOS,UNREPORTED,UNKNOWN,-,-,NORMAL,0.88,link_down
alarm_02389,current_alarm_snapshot,2026-05-04 17:57:19,CRITICAL,asset_0c1c9292e8,AR,Physical Port Down,2026-01-07 13:39:05,2026-01-07 13:39:05,2812.3,1,LOS,UNREPORTED,UNKNOWN,-,-,NORMAL,0.88,link_down
alarm_02390,current_alarm_snapshot,2026-05-04 17:57:19,CRITICAL,asset_3c2eef4bec,AR,Physical Port Down,2026-01-07 14:12:28,2026-01-07 14:12:28,2811.75,1,0,UNREPORTED,UNREPORTED,-,-,NORMAL,0.88,link_down
alarm_02391,current_alarm_snapshot,2026-05-04 17:57:19,CRITICAL,asset_d92d8ea188,AR,Physical Port Down,2026-01-08 03:58:16,2026-01-08 03:58:16,2797.98,1,LOS,DOWN,UP,-,-,NORMAL,0.88,link_down
alarm_02392,current_alarm_snapshot,2026-05-04 17:57:19,CRITICAL,asset_d92d8ea188,AR,Physical Port Down,2026-01-08 03:58:16,2026-01-08 03:58:16,2797.98,1,LOS,DOWN,UP,-,-,NORMAL,0.88,link_down
alarm_02393,current_alarm_snapshot,2026-05-04 17:57:19,CRITICAL,asset_54f4559794,AR,Physical Port Down,2026-01-08 03:58:26,2026-01-08 03:58:26,2797.98,1,SHUTDOWN,DOWN,DOWN,-,-,NORMAL,0.88,link_down
alarm_02394,current_alarm_snapshot,2026-05-04 17:57:19,CRITICAL,asset_3c2eef4bec,AR,Physical Port Down,2026-01-08 12:11:27,2026-01-08 12:11:27,2789.76,1,LOS,DOWN,UP,-,-,NORMAL,0.88,link_down
alarm_02395,current_alarm_snapshot,2026-05-04 17:57:19,CRITICAL,asset_a35bac3ee8,AR,Physical Port Down,2026-01-08 12:42:14,2026-01-08 12:42:14,2789.25,1,SHUTDOWN,DOWN,DOWN,-,-,NORMAL,0.88,link_down
alarm_02396,current_alarm_snapshot,2026-05-04 17:57:19,CRITICAL,asset_3c2eef4bec,AR,Physical Port Down,2026-01-09 02:22:25,2026-01-09 02:22:25,2775.58,1,LOS,DOWN,UP,-,-,NORMAL,0.88,link_down
alarm_02397,current_alarm_snapshot,2026-05-04 17:57:19,CRITICAL,asset_54f4559794,AR,Physical Port Down,2026-01-09 04:39:19,2026-01-09 04:39:19,2773.3,1,LOS,DOWN,UP,-,-,NORMAL,0.88,link_down
alarm_02398,current_alarm_snapshot,2026-05-04 17:57:19,CRITICAL,asset_0fb7725b12,AG,Physical Port Down,2026-01-09 13:13:40,2026-01-09 13:13:40,2764.73,1,LOS,DOWN,UP,-,-,NORMAL,0.88,link_down
alarm_02399,current_alarm_snapshot,2026-05-04 17:57:19,CRITICAL,asset_62b96bf5a3,AR,Physical Port Down,2026-01-09 15:21:05,2026-01-09 15:21:05,2762.6,1,LOS,DOWN,UP,-,-,NORMAL,0.88,link_down
alarm_02400,current_alarm_snapshot,2026-05-04 17:57:19,CRITICAL,asset_d671a30309,AG,Board Invalid,2026-01-10 04:26:27,2026-01-10 04:26:27,2749.51,1,UNKNOWN,UNKNOWN,UNKNOWN,-,-,NORMAL,0.88,power_energy
alarm_02401,current_alarm_snapshot,2026-05-04 17:57:19,CRITICAL,asset_64e2635c15,AG,Physical Port Down,2026-01-10 18:43:20,2026-01-10 18:43:20,2735.23,1,LOS,DOWN,UP,-,-,NORMAL,0.88,link_down
alarm_02402,current_alarm_snapshot,2026-05-04 17:57:19,CRITICAL,asset_ea65ae712b,AG,Board Invalid,2026-01-11 13:20:13,2026-01-11 13:20:13,2716.62,1,UNKNOWN,UNKNOWN,UNKNOWN,-,-,NORMAL,0.88,power_energy
alarm_02403,current_alarm_snapshot,2026-05-04 17:57:19,CRITICAL,asset_709f6e71e2,AR,Physical Port Down,2026-01-11 16:14:14,2026-01-11 16:14:14,2713.72,1,LOS,DOWN,UP,-,-,NORMAL,0.88,link_down
alarm_02404,current_alarm_snapshot,2026-05-04 17:57:19,CRITICAL,asset_e36fbb2215,AR,The Device is offline,2026-01-11 16:23:28,2026-01-11 16:23:28,2713.56,1,UNKNOWN,UNKNOWN,UNKNOWN,-,-,NORMAL,0.88,other
alarm_02405,current_alarm_snapshot,2026-05-04 17:57:19,CRITICAL,asset_aaac678d19,AR,Physical Port Down,2026-01-12 10:56:06,2026-01-12 10:56:06,2695.02,1,LOS,DOWN,UP,-,-,NORMAL,0.88,link_down
alarm_02406,current_alarm_snapshot,2026-05-04 17:57:19,CRITICAL,asset_aaac678d19,AR,Physical Port Down,2026-01-12 10:56:06,2026-01-12 10:56:06,2695.02,1,LOS,DOWN,UP,-,-,NORMAL,0.88,link_down
alarm_02407,current_alarm_snapshot,2026-05-04 17:57:19,CRITICAL,asset_aaac678d19,AR,Physical Port Down,2026-01-12 10:56:06,2026-01-12 10:56:06,2695.02,1,LOS,DOWN,UP,-,-,NORMAL,0.88,link_down
alarm_02408,current_alarm_snapshot,2026-05-04 17:57:19,CRITICAL,asset_eeb36dad70,AR,Physical Port Down,2026-01-13 11:15:19,2026-01-13 11:15:19,2670.7,1,LOS,DOWN,UP,-,-,NORMAL,0.88,link_down
alarm_02409,current_alarm_snapshot,2026-05-04 17:57:19,CRITICAL,asset_4959953ebb,AR,Physical Port Down,2026-01-13 12:03:43,2026-01-13 12:03:43,2669.89,1,LOS,DOWN,UP,-,-,NORMAL,0.88,link_down
alarm_02410,current_alarm_snapshot,2026-05-04 17:57:19,CRITICAL,asset_e61c8332c0,AR,Physical Port Down,2026-01-13 14:04:05,2026-01-13 14:04:05,2667.89,1,LOS,UNREPORTED,UNKNOWN,-,-,NORMAL,0.88,link_down
alarm_02411,current_alarm_snapshot,2026-05-04 17:57:19,CRITICAL,asset_a4d115794f,AR,Physical Port Down,2026-01-13 17:02:28,2026-01-13 17:02:28,2664.91,1,LOS,UNREPORTED,UNKNOWN,-,-,NORMAL,0.88,link_down
alarm_02412,current_alarm_snapshot,2026-05-04 17:57:19,CRITICAL,asset_42dd209dac,AR,Physical Port Down,2026-01-13 23:11:11,2026-01-13 23:11:11,2658.77,1,LOS,UNREPORTED,UNKNOWN,-,-,NORMAL,0.88,link_down
alarm_02413,current_alarm_snapshot,2026-05-04 17:57:19,CRITICAL,asset_39b7b7b32f,AR,Physical Port Down,2026-01-14 10:32:12,2026-01-14 10:32:12,2647.42,1,LOS,DOWN,UP,-,-,NORMAL,0.88,link_down
alarm_02414,current_alarm_snapshot,2026-05-04 17:57:19,CRITICAL,asset_446d8d845a,AG,Physical Port Down,2026-01-14 10:45:04,2026-01-14 10:45:04,2647.2,1,LOS,DOWN,UP,-,-,NORMAL,0.88,link_down
alarm_02415,current_alarm_snapshot,2026-05-04 17:57:19,CRITICAL,asset_446d8d845a,AG,Physical Port Down,2026-01-14 10:45:45,2026-01-14 10:45:45,2647.19,1,LOS,DOWN,UP,-,-,NORMAL,0.88,link_down
alarm_02416,current_alarm_snapshot,2026-05-04 17:57:19,CRITICAL,asset_c76218e141,AG,Physical Port Down,2026-01-14 11:27:17,2026-01-14 11:27:17,2646.5,1,SHUTDOWN,DOWN,DOWN,-,-,NORMAL,0.88,link_down
alarm_02417,current_alarm_snapshot,2026-05-04 17:57:19,CRITICAL,asset_c76218e141,AG,Physical Port Down,2026-01-14 11:27:17,2026-01-14 11:27:17,2646.5,1,SHUTDOWN,DOWN,DOWN,-,-,NORMAL,0.88,link_down
alarm_02418,current_alarm_snapshot,2026-05-04 17:57:19,CRITICAL,asset_4bb8f94ea7,AR,Physical Port Down,2026-01-14 14:48:03,2026-01-14 14:48:03,2643.15,1,LOS,DOWN,UP,-,-,NORMAL,0.88,link_down
alarm_02419,current_alarm_snapshot,2026-05-04 17:57:19,CRITICAL,asset_084f796d7b,AR,Physical Port Down,2026-01-14 15:11:01,2026-01-14 15:11:01,2642.77,1,LOS,UNREPORTED,UNKNOWN,-,-,NORMAL,0.88,link_down
alarm_02420,current_alarm_snapshot,2026-05-04 17:57:19,CRITICAL,asset_084f796d7b,AR,Physical Port Down,2026-01-14 15:19:11,2026-01-14 15:19:11,2642.64,1,LOS,DOWN,UP,-,-,NORMAL,0.88,link_down
alarm_02421,current_alarm_snapshot,2026-05-04 17:57:19,CRITICAL,asset_ea30c70594,AR,Physical Port Down,2026-01-14 17:04:03,2026-01-14 17:04:03,2640.89,1,0,UNREPORTED,UNREPORTED,-,-,NORMAL,0.88,link_down
alarm_02422,current_alarm_snapshot,2026-05-04 17:57:19,CRITICAL,asset_aa31d4002e,AR,Physical Port Down,2026-01-14 17:05:48,2026-01-14 17:05:48,2640.86,1,0,UNREPORTED,UNREPORTED,-,-,NORMAL,0.88,link_down
alarm_02423,current_alarm_snapshot,2026-05-04 17:57:19,CRITICAL,asset_084f796d7b,AR,Physical Port Down,2026-01-14 17:13:44,2026-01-14 17:13:44,2640.73,1,LOS,DOWN,UP,-,-,NORMAL,0.88,link_down
alarm_02424,current_alarm_snapshot,2026-05-04 17:57:19,CRITICAL,asset_43bbe6d46d,AG,Physical Port Down,2026-01-14 17:16:51,2026-01-14 17:16:51,2640.67,1,THE,UNREPORTED,UNKNOWN,-,-,NORMAL,0.88,link_down
alarm_02425,current_alarm_snapshot,2026-05-04 17:57:19,CRITICAL,asset_43bbe6d46d,AG,Physical Port Down,2026-01-14 17:17:13,2026-01-14 17:17:13,2640.67,1,THE,UNREPORTED,UNKNOWN,-,-,NORMAL,0.88,link_down
alarm_02426,current_alarm_snapshot,2026-05-04 17:57:19,CRITICAL,asset_43bbe6d46d,AG,Physical Port Down,2026-01-14 17:17:13,2026-01-14 17:17:13,2640.67,1,THE,UNREPORTED,UNKNOWN,-,-,NORMAL,0.88,link_down
alarm_02427,current_alarm_snapshot,2026-05-04 17:57:19,CRITICAL,asset_43bbe6d46d,AG,Board Invalid,2026-01-14 17:17:14,2026-01-14 17:17:14,2640.67,1,UNKNOWN,UNKNOWN,UNKNOWN,-,-,NORMAL,0.88,equipment_module
alarm_02428,current_alarm_snapshot,2026-05-04 17:57:19,CRITICAL,asset_43bbe6d46d,AG,Physical Port Down,2026-01-14 17:17:15,2026-01-14 17:17:15,2640.67,1,THE,UNREPORTED,UNKNOWN,-,-,NORMAL,0.88,link_down
alarm_02429,current_alarm_snapshot,2026-05-04 17:57:19,CRITICAL,asset_43bbe6d46d,AG,Physical Port Down,2026-01-14 17:17:15,2026-01-14 17:17:15,2640.67,1,THE,UNREPORTED,UNKNOWN,-,-,NORMAL,0.88,link_down
alarm_02430,current_alarm_snapshot,2026-05-04 17:57:19,CRITICAL,asset_42dd209dac,AR,Physical Port Down,2026-01-14 23:48:36,2026-01-14 23:48:36,2634.15,1,LOS,UNREPORTED,UNKNOWN,-,-,NORMAL,0.88,link_down
alarm_02431,current_alarm_snapshot,2026-05-04 17:57:19,CRITICAL,asset_ad98864e7c,AR,Physical Port Down,2026-01-15 07:47:13,2026-01-15 07:47:13,2626.17,1,LOS,DOWN,UP,-,-,NORMAL,0.88,link_down
alarm_02432,current_alarm_snapshot,2026-05-04 17:57:19,CRITICAL,asset_ad98864e7c,AR,Physical Port Down,2026-01-15 07:47:13,2026-01-15 07:47:13,2626.17,1,LOS,DOWN,UP,-,-,NORMAL,0.88,link_down
alarm_02433,current_alarm_snapshot,2026-05-04 17:57:19,CRITICAL,asset_43b3c249bb,CP,Physical Port Down,2026-01-15 17:09:36,2026-01-15 17:09:36,2616.8,1,THE,UNREPORTED,UNKNOWN,-,-,NORMAL,0.88,link_down
alarm_02434,current_alarm_snapshot,2026-05-04 17:57:19,CRITICAL,asset_0bc3b8e77d,AG,Physical Port Down,2026-01-15 18:37:49,2026-01-15 18:37:49,2615.32,1,SHUTDOWN,DOWN,DOWN,-,-,NORMAL,0.88,link_down
alarm_02435,current_alarm_snapshot,2026-05-04 17:57:19,CRITICAL,asset_9c4712e2de,AG,Physical Port Down,2026-01-16 15:45:34,2026-01-16 15:45:34,2594.2,1,LOS,DOWN,UP,-,-,NORMAL,0.88,link_down
alarm_02436,current_alarm_snapshot,2026-05-04 17:57:19,CRITICAL,asset_9c4712e2de,AG,Board Invalid,2026-01-16 15:49:33,2026-01-16 15:49:33,2594.13,1,UNKNOWN,UNKNOWN,UNKNOWN,-,-,NORMAL,0.88,power_energy
alarm_02437,current_alarm_snapshot,2026-05-04 17:57:19,CRITICAL,asset_b04fa4b282,AG,Physical Port Down,2026-01-17 10:32:41,2026-01-17 10:32:41,2575.41,1,LOS,DOWN,UP,-,-,NORMAL,0.88,link_down
alarm_02438,current_alarm_snapshot,2026-05-04 17:57:19,CRITICAL,asset_5d9addaf18,AR,Physical Port Down,2026-01-17 12:09:09,2026-01-17 12:09:09,2573.8,1,LOS,DOWN,UP,-,-,NORMAL,0.88,link_down
alarm_02439,current_alarm_snapshot,2026-05-04 17:57:19,CRITICAL,asset_5d9addaf18,AR,Physical Port Down,2026-01-17 12:09:09,2026-01-17 12:09:09,2573.8,1,LOS,DOWN,UP,-,-,NORMAL,0.88,link_down
alarm_02440,current_alarm_snapshot,2026-05-04 17:57:19,CRITICAL,asset_5d9addaf18,AR,Physical Port Down,2026-01-17 12:09:09,2026-01-17 12:09:09,2573.8,1,LOS,DOWN,UP,-,-,NORMAL,0.88,link_down
alarm_02441,current_alarm_snapshot,2026-05-04 17:57:19,CRITICAL,asset_ae6758bb40,AR,Physical Port Down,2026-01-17 19:03:03,2026-01-17 19:03:03,2566.9,1,LOS,DOWN,UP,-,-,NORMAL,0.88,link_down
alarm_02442,current_alarm_snapshot,2026-05-04 17:57:19,CRITICAL,asset_8735ae9f09,AR,The Device is offline,2026-01-18 00:56:38,2026-01-18 00:56:38,2561.01,1,UNKNOWN,UNKNOWN,UNKNOWN,-,-,NORMAL,0.88,other
alarm_02443,current_alarm_snapshot,2026-05-04 17:57:19,CRITICAL,asset_dc8bad1c3c,AR,Physical Port Down,2026-01-18 15:22:23,2026-01-18 15:22:23,2546.58,1,LOS,DOWN,UP,-,-,NORMAL,0.88,link_down
alarm_02444,current_alarm_snapshot,2026-05-04 17:57:19,CRITICAL,asset_dc8bad1c3c,AR,Physical Port Down,2026-01-18 15:22:23,2026-01-18 15:22:23,2546.58,1,LOS,DOWN,UP,-,-,NORMAL,0.88,link_down
alarm_02445,current_alarm_snapshot,2026-05-04 17:57:19,CRITICAL,asset_dc8bad1c3c,AR,Physical Port Down,2026-01-18 15:22:23,2026-01-18 15:22:23,2546.58,1,LOS,DOWN,UP,-,-,NORMAL,0.88,link_down
alarm_02446,current_alarm_snapshot,2026-05-04 17:57:19,CRITICAL,asset_dc8bad1c3c,AR,Physical Port Down,2026-01-18 15:22:23,2026-01-18 15:22:23,2546.58,1,LOS,DOWN,UP,-,-,NORMAL,0.88,link_down
alarm_02447,current_alarm_snapshot,2026-05-04 17:57:19,CRITICAL,asset_147fcd440f,AR,Physical Port Down,2026-01-19 02:44:56,2026-01-19 02:44:56,2535.21,1,LOS,DOWN,UP,-,-,NORMAL,0.88,link_down
alarm_02448,current_alarm_snapshot,2026-05-04 17:57:19,CRITICAL,asset_e00539da01,AR,The Device is offline,2026-01-19 08:17:03,2026-01-19 08:17:03,2529.67,1,UNKNOWN,UNKNOWN,UNKNOWN,-,-,NORMAL,0.88,other
alarm_02449,current_alarm_snapshot,2026-05-04 17:57:19,CRITICAL,asset_0b353d1f27,AR,Physical Port Down,2026-01-19 12:28:07,2026-01-19 12:28:07,2525.49,1,LOS,UNREPORTED,UNKNOWN,-,-,NORMAL,0.88,link_down
alarm_02450,current_alarm_snapshot,2026-05-04 17:57:19,CRITICAL,asset_5cae0c0946,AR,Physical Port Down,2026-01-19 19:44:03,2026-01-19 19:44:03,2518.22,1,LOS,DOWN,UP,-,-,NORMAL,0.88,link_down
alarm_02451,current_alarm_snapshot,2026-05-04 17:57:19,CRITICAL,asset_5cae0c0946,AR,Physical Port Down,2026-01-19 19:44:04,2026-01-19 19:44:04,2518.22,1,LOS,DOWN,UP,-,-,NORMAL,0.88,link_down
alarm_02452,current_alarm_snapshot,2026-05-04 17:57:19,CRITICAL,asset_92427f2206,AG,Physical Port Down,2026-01-21 11:44:58,2026-01-21 11:44:58,2478.21,1,SHUTDOWN,DOWN,DOWN,-,-,NORMAL,0.88,link_down
alarm_02453,current_alarm_snapshot,2026-05-04 17:57:19,CRITICAL,asset_9d885df4af,AR,Physical Port Down,2026-01-21 16:12:19,2026-01-21 16:12:19,2473.75,1,LOS,DOWN,UP,-,-,NORMAL,0.88,link_down
alarm_02454,current_alarm_snapshot,2026-05-04 17:57:19,CRITICAL,asset_719c19029b,AR,Physical Port Down,2026-01-21 16:37:22,2026-01-21 16:37:22,2473.33,1,0,UNREPORTED,UNREPORTED,-,-,NORMAL,0.88,link_down
alarm_02455,current_alarm_snapshot,2026-05-04 17:57:19,CRITICAL,asset_06a087d02c,AR,Physical Port Down,2026-01-22 10:50:51,2026-01-22 10:50:51,2455.11,1,LOS,UNREPORTED,UNKNOWN,-,-,NORMAL,0.88,link_down
alarm_02456,current_alarm_snapshot,2026-05-04 17:57:19,CRITICAL,asset_54b87ad864,AR,Physical Port Down,2026-01-22 15:42:15,2026-01-22 15:42:15,2450.25,1,LOS,UNREPORTED,UNKNOWN,-,-,NORMAL,0.88,link_down
alarm_02457,current_alarm_snapshot,2026-05-04 17:57:19,CRITICAL,asset_362bf81872,AG,Physical Port Down,2026-01-23 11:01:21,2026-01-23 11:01:21,2430.93,1,LOS,DOWN,UP,-,-,NORMAL,0.88,link_down
alarm_02458,current_alarm_snapshot,2026-05-04 17:57:19,CRITICAL,asset_362bf81872,AG,Physical Port Down,2026-01-23 11:05:47,2026-01-23 11:05:47,2430.86,1,LOS,DOWN,UP,-,-,NORMAL,0.88,link_down
alarm_02459,current_alarm_snapshot,2026-05-04 17:57:19,CRITICAL,asset_4df209ff2e,AR,The Device is offline,2026-01-24 10:30:46,2026-01-24 10:30:46,2407.44,1,UNKNOWN,UNKNOWN,UNKNOWN,-,-,NORMAL,0.88,other
alarm_02460,current_alarm_snapshot,2026-05-04 17:57:19,CRITICAL,asset_1b6a3ed53a,AR,Physical Port Down,2026-01-24 20:22:17,2026-01-24 20:22:17,2397.58,1,LOS,DOWN,UP,-,-,NORMAL,0.88,link_down
alarm_02461,current_alarm_snapshot,2026-05-04 17:57:19,CRITICAL,asset_03102947b3,AG,Physical Port Down,2026-01-25 21:17:17,2026-01-25 21:17:17,2372.67,1,THE,UNREPORTED,UNKNOWN,-,-,NORMAL,0.88,link_down
alarm_02462,current_alarm_snapshot,2026-05-04 17:57:19,CRITICAL,asset_03102947b3,AG,Physical Port Down,2026-01-25 21:17:17,2026-01-25 21:17:17,2372.67,1,THE,UNREPORTED,UNKNOWN,-,-,NORMAL,0.88,link_down
alarm_02463,current_alarm_snapshot,2026-05-04 17:57:19,CRITICAL,asset_03102947b3,AG,Physical Port Down,2026-01-25 21:17:17,2026-01-25 21:17:17,2372.67,1,THE,UNREPORTED,UNKNOWN,-,-,NORMAL,0.88,link_down
alarm_02464,current_alarm_snapshot,2026-05-04 17:57:19,CRITICAL,asset_03102947b3,AG,Physical Port Down,2026-01-25 21:17:17,2026-01-25 21:17:17,2372.67,1,THE,UNREPORTED,UNKNOWN,-,-,NORMAL,0.88,link_down
alarm_02465,current_alarm_snapshot,2026-05-04 17:57:19,CRITICAL,asset_03102947b3,AG,Physical Port Down,2026-01-25 21:17:17,2026-01-25 21:17:17,2372.67,1,THE,UNREPORTED,UNKNOWN,-,-,NORMAL,0.88,link_down
alarm_02466,current_alarm_snapshot,2026-05-04 17:57:19,CRITICAL,asset_03102947b3,AG,Physical Port Down,2026-01-25 21:17:17,2026-01-25 21:17:17,2372.67,1,THE,UNREPORTED,UNKNOWN,-,-,NORMAL,0.88,link_down
alarm_02467,current_alarm_snapshot,2026-05-04 17:57:19,CRITICAL,asset_03102947b3,AG,Physical Port Down,2026-01-25 21:17:17,2026-01-25 21:17:17,2372.67,1,THE,UNREPORTED,UNKNOWN,-,-,NORMAL,0.88,link_down
alarm_02468,current_alarm_snapshot,2026-05-04 17:57:19,CRITICAL,asset_03102947b3,AG,Physical Port Down,2026-01-25 21:17:17,2026-01-25 21:17:17,2372.67,1,THE,UNREPORTED,UNKNOWN,-,-,NORMAL,0.88,link_down
alarm_02469,current_alarm_snapshot,2026-05-04 17:57:19,CRITICAL,asset_03102947b3,AG,Physical Port Down,2026-01-25 21:17:29,2026-01-25 21:17:29,2372.66,1,THE,UNREPORTED,UNKNOWN,-,-,NORMAL,0.88,link_down
alarm_02470,current_alarm_snapshot,2026-05-04 17:57:19,CRITICAL,asset_03102947b3,AG,Physical Port Down,2026-01-25 21:17:29,2026-01-25 21:17:29,2372.66,1,THE,UNREPORTED,UNKNOWN,-,-,NORMAL,0.88,link_down
alarm_02471,current_alarm_snapshot,2026-05-04 17:57:19,CRITICAL,asset_03102947b3,AG,Physical Port Down,2026-01-25 21:17:29,2026-01-25 21:17:29,2372.66,1,THE,UNREPORTED,UNKNOWN,-,-,NORMAL,0.88,link_down
alarm_02472,current_alarm_snapshot,2026-05-04 17:57:19,CRITICAL,asset_03102947b3,AG,Physical Port Down,2026-01-25 21:17:29,2026-01-25 21:17:29,2372.66,1,THE,UNREPORTED,UNKNOWN,-,-,NORMAL,0.88,link_down
alarm_02473,current_alarm_snapshot,2026-05-04 17:57:19,CRITICAL,asset_c4f306b78b,AR,The Device is offline,2026-01-26 01:03:07,2026-01-26 01:03:07,2368.9,1,UNKNOWN,UNKNOWN,UNKNOWN,-,-,NORMAL,0.88,other
alarm_02474,current_alarm_snapshot,2026-05-04 17:57:19,CRITICAL,asset_9f73ece6d5,AR,Physical Port Down,2026-01-26 13:58:52,2026-01-26 13:58:52,2355.97,1,LOS,DOWN,UP,-,-,NORMAL,0.88,link_down
alarm_02475,current_alarm_snapshot,2026-05-04 17:57:19,CRITICAL,asset_a185bf4514,AG,Physical Port Down,2026-01-26 16:54:05,2026-01-26 16:54:05,2353.05,1,NEGOTIATION_FAIL,DOWN,UP,-,-,NORMAL,0.88,link_down
alarm_02476,current_alarm_snapshot,2026-05-04 17:57:19,CRITICAL,asset_5619ecca8f,AR,Physical Port Down,2026-01-26 18:25:12,2026-01-26 18:25:12,2351.54,1,0,UNREPORTED,UNREPORTED,-,-,NORMAL,0.88,link_down
alarm_02477,current_alarm_snapshot,2026-05-04 17:57:19,CRITICAL,asset_1303819b23,AR,The Device is offline,2026-01-26 20:25:01,2026-01-26 20:25:01,2349.54,1,UNKNOWN,UNKNOWN,UNKNOWN,-,-,NORMAL,0.88,other
alarm_02478,current_alarm_snapshot,2026-05-04 17:57:19,CRITICAL,asset_fd473aa8d5,AR,Physical Port Down,2026-01-27 03:19:06,2026-01-27 03:19:06,2342.64,1,LOS,DOWN,UP,-,-,NORMAL,0.88,link_down
alarm_02479,current_alarm_snapshot,2026-05-04 17:57:19,CRITICAL,asset_3c74ad3856,AR,Physical Port Down,2026-01-27 14:34:40,2026-01-27 14:34:40,2331.38,1,LOS,UNREPORTED,UNKNOWN,-,-,NORMAL,0.88,link_down
alarm_02480,current_alarm_snapshot,2026-05-04 17:57:19,CRITICAL,asset_a7742cf675,AR,Physical Port Down,2026-01-27 16:26:03,2026-01-27 16:26:03,2329.52,1,LOS,DOWN,UP,-,-,NORMAL,0.88,link_down
alarm_02481,current_alarm_snapshot,2026-05-04 17:57:19,CRITICAL,asset_eeb36dad70,AR,Physical Port Down,2026-01-27 16:36:14,2026-01-27 16:36:14,2329.35,1,LOS,DOWN,UP,-,-,NORMAL,0.88,link_down
alarm_02482,current_alarm_snapshot,2026-05-04 17:57:19,CRITICAL,asset_b04fa4b282,AG,Physical Port Down,2026-01-27 16:42:01,2026-01-27 16:42:01,2329.26,1,LOS,DOWN,UP,-,-,NORMAL,0.88,link_down
alarm_02483,current_alarm_snapshot,2026-05-04 17:57:19,CRITICAL,asset_b04fa4b282,AG,Physical Port Down,2026-01-27 16:42:03,2026-01-27 16:42:03,2329.25,1,LOS,DOWN,UP,-,-,NORMAL,0.88,link_down
alarm_02484,current_alarm_snapshot,2026-05-04 17:57:19,CRITICAL,asset_846f948a0b,AR,Physical Port Down,2026-01-27 16:52:10,2026-01-27 16:52:10,2329.09,1,0,UNREPORTED,UNREPORTED,-,-,NORMAL,0.88,link_down
alarm_02485,current_alarm_snapshot,2026-05-04 17:57:19,CRITICAL,asset_0bc3b8e77d,AG,Physical Port Down,2026-01-27 18:29:21,2026-01-27 18:29:21,2327.47,1,LOS,DOWN,UP,-,-,NORMAL,0.88,link_down
alarm_02486,current_alarm_snapshot,2026-05-04 17:57:19,CRITICAL,asset_0bc3b8e77d,AG,Physical Port Down,2026-01-27 18:29:27,2026-01-27 18:29:27,2327.46,1,NEGOTIATION_FAIL,DOWN,UP,-,-,NORMAL,0.88,link_down
alarm_02487,current_alarm_snapshot,2026-05-04 17:57:19,CRITICAL,asset_a13c61d2a7,AG,Physical Port Down,2026-01-28 10:53:03,2026-01-28 10:53:03,2311.07,1,LOS,DOWN,UP,-,-,NORMAL,0.88,link_down
alarm_02488,current_alarm_snapshot,2026-05-04 17:57:19,CRITICAL,asset_a13c61d2a7,AG,Physical Port Down,2026-01-28 10:53:11,2026-01-28 10:53:11,2311.07,1,LOS,DOWN,UP,-,-,NORMAL,0.88,link_down
alarm_02489,current_alarm_snapshot,2026-05-04 17:57:19,CRITICAL,asset_ca0b815626,AR,Physical Port Down,2026-01-28 11:54:48,2026-01-28 11:54:48,2310.04,1,LOS,UNREPORTED,UNKNOWN,-,-,NORMAL,0.88,link_down
alarm_02490,current_alarm_snapshot,2026-05-04 17:57:19,CRITICAL,asset_5fedd44774,AR,Physical Port Down,2026-01-28 13:50:14,2026-01-28 13:50:14,2308.12,1,0,UNREPORTED,UNREPORTED,-,-,NORMAL,0.88,link_down
alarm_02491,current_alarm_snapshot,2026-05-04 17:57:19,CRITICAL,asset_07ff97d8bc,AR,Physical Port Down,2026-01-28 13:50:30,2026-01-28 13:50:30,2308.11,1,LOS,DOWN,UP,-,-,NORMAL,0.88,link_down
alarm_02492,current_alarm_snapshot,2026-05-04 17:57:19,CRITICAL,asset_fa2794e244,AR,Physical Port Down,2026-01-28 14:26:12,2026-01-28 14:26:12,2307.52,1,0,UNREPORTED,UNREPORTED,-,-,NORMAL,0.88,link_down
alarm_02493,current_alarm_snapshot,2026-05-04 17:57:19,CRITICAL,asset_a72fff5450,AG,Board Invalid,2026-01-28 14:34:18,2026-01-28 14:34:18,2307.38,1,UNKNOWN,UNKNOWN,UNKNOWN,-,-,NORMAL,0.88,power_energy
alarm_02494,current_alarm_snapshot,2026-05-04 17:57:19,CRITICAL,asset_244df9a781,AR,Physical Port Down,2026-01-28 18:42:50,2026-01-28 18:42:50,2303.24,1,LOS,UNREPORTED,UNKNOWN,-,-,NORMAL,0.88,link_down
alarm_02495,current_alarm_snapshot,2026-05-04 17:57:19,CRITICAL,asset_2f4f79a069,AR,The Device is offline,2026-01-28 19:10:24,2026-01-28 19:10:24,2302.78,1,UNKNOWN,UNKNOWN,UNKNOWN,-,-,NORMAL,0.88,other
alarm_02496,current_alarm_snapshot,2026-05-04 17:57:19,CRITICAL,asset_14734f4c66,AR,Physical Port Down,2026-01-29 09:36:54,2026-01-29 09:36:54,2288.34,1,LOS,DOWN,UP,-,-,NORMAL,0.88,link_down
alarm_02497,current_alarm_snapshot,2026-05-04 17:57:19,CRITICAL,asset_0350a68511,AR,Physical Port Down,2026-01-29 10:40:21,2026-01-29 10:40:21,2287.28,1,LOS,UNREPORTED,UNKNOWN,-,-,NORMAL,0.88,link_down
alarm_02498,current_alarm_snapshot,2026-05-04 17:57:19,CRITICAL,asset_e486ffe148,AR,Physical Port Down,2026-01-29 11:16:21,2026-01-29 11:16:21,2286.68,1,LOS,UP,UP,-,-,NORMAL,0.88,link_down
alarm_02499,current_alarm_snapshot,2026-05-04 17:57:19,CRITICAL,asset_5cbd5cc98b,AG,Physical Port Down,2026-01-30 00:18:24,2026-01-30 00:18:24,2273.65,1,UNKNOWN,UNKNOWN,UNKNOWN,-,-,NORMAL,0.88,link_down
alarm_02500,current_alarm_snapshot,2026-05-04 17:57:19,CRITICAL,asset_797bb83d07,AR,Physical Port Down,2026-01-30 11:28:25,2026-01-30 11:28:25,2262.48,1,0,UNREPORTED,UNREPORTED,-,-,NORMAL,0.88,link_down
alarm_02501,current_alarm_snapshot,2026-05-04 17:57:19,CRITICAL,asset_f38bec602d,AR,Physical Port Down,2026-01-30 14:56:07,2026-01-30 14:56:07,2259.02,1,NEGOTIATION_FAIL,UNREPORTED,UNKNOWN,-,-,NORMAL,0.88,link_down
alarm_02502,current_alarm_snapshot,2026-05-04 17:57:19,CRITICAL,asset_f38bec602d,AR,Physical Port Down,2026-01-30 17:31:51,2026-01-30 17:31:51,2256.42,1,LOS,UNREPORTED,UNKNOWN,-,-,NORMAL,0.88,link_down
alarm_02503,current_alarm_snapshot,2026-05-04 17:57:19,CRITICAL,asset_f38bec602d,AR,Physical Port Down,2026-01-30 17:32:12,2026-01-30 17:32:12,2256.42,1,LOS,UNREPORTED,UNKNOWN,-,-,NORMAL,0.88,link_down
alarm_02504,current_alarm_snapshot,2026-05-04 17:57:19,CRITICAL,asset_f38bec602d,AR,Physical Port Down,2026-01-30 17:35:04,2026-01-30 17:35:04,2256.37,1,LOS,UNREPORTED,UNKNOWN,-,-,NORMAL,0.88,link_down
alarm_02505,current_alarm_snapshot,2026-05-04 17:57:19,CRITICAL,asset_efc435d2a0,AR,Physical Port Down,2026-01-30 17:35:11,2026-01-30 17:35:11,2256.37,1,LOS,UNREPORTED,UNKNOWN,-,-,NORMAL,0.88,link_down
alarm_02506,current_alarm_snapshot,2026-05-04 17:57:19,CRITICAL,asset_efc435d2a0,AR,Physical Port Down,2026-01-30 17:46:13,2026-01-30 17:46:13,2256.18,1,LOS,UNREPORTED,UNKNOWN,-,-,NORMAL,0.88,link_down
alarm_02507,current_alarm_snapshot,2026-05-04 17:57:19,CRITICAL,asset_efc435d2a0,AR,Physical Port Down,2026-01-30 18:17:34,2026-01-30 18:17:34,2255.66,1,LOS,UNREPORTED,UNKNOWN,-,-,NORMAL,0.88,link_down
alarm_02508,current_alarm_snapshot,2026-05-04 17:57:19,CRITICAL,asset_91b241864c,AG,Physical Port Down,2026-01-30 19:19:14,2026-01-30 19:19:14,2254.63,1,THE,UNREPORTED,UNKNOWN,-,-,NORMAL,0.88,link_down
alarm_02509,current_alarm_snapshot,2026-05-04 17:57:19,CRITICAL,asset_203c35a86e,AR,Physical Port Down,2026-01-31 11:04:51,2026-01-31 11:04:51,2238.87,1,LOS,UNREPORTED,UNKNOWN,-,-,NORMAL,0.88,link_down
alarm_02510,current_alarm_snapshot,2026-05-04 17:57:19,CRITICAL,asset_768b236d93,AR,Physical Port Down,2026-01-31 11:31:44,2026-01-31 11:31:44,2238.43,1,LOS,DOWN,UP,-,-,NORMAL,0.88,link_down
alarm_02511,current_alarm_snapshot,2026-05-04 17:57:19,CRITICAL,asset_768b236d93,AR,Physical Port Down,2026-01-31 11:31:44,2026-01-31 11:31:44,2238.43,1,LOS,DOWN,UP,-,-,NORMAL,0.88,link_down
alarm_02512,current_alarm_snapshot,2026-05-04 17:57:19,CRITICAL,asset_8ccb1877ea,AR,Physical Port Down,2026-01-31 14:47:03,2026-01-31 14:47:03,2235.17,1,LOS,DOWN,UP,-,-,NORMAL,0.88,link_down
alarm_02513,current_alarm_snapshot,2026-05-04 17:57:19,CRITICAL,asset_ca6def8ddf,AR,Physical Port Down,2026-02-01 14:32:45,2026-02-01 14:32:45,2211.41,1,LOS,DOWN,UP,-,-,NORMAL,0.88,link_down
alarm_02514,current_alarm_snapshot,2026-05-04 17:57:19,CRITICAL,asset_8bbc3f6a53,AR,Physical Port Down,2026-02-01 19:47:13,2026-02-01 19:47:13,2206.17,1,LOS,DOWN,UP,-,-,NORMAL,0.88,link_down
alarm_02515,current_alarm_snapshot,2026-05-04 17:57:19,CRITICAL,asset_8ce636e5b0,AR,The Device is offline,2026-02-02 14:48:34,2026-02-02 14:48:34,2187.15,1,UNKNOWN,UNKNOWN,UNKNOWN,-,-,NORMAL,0.88,other
alarm_02516,current_alarm_snapshot,2026-05-04 17:57:19,CRITICAL,asset_c814b241af,AR,The Device is offline,2026-02-02 15:22:15,2026-02-02 15:22:15,2186.58,1,UNKNOWN,UNKNOWN,UNKNOWN,-,-,NORMAL,0.88,other
alarm_02517,current_alarm_snapshot,2026-05-04 17:57:19,CRITICAL,asset_40afcc59f1,AR,Physical Port Down,2026-02-02 16:08:22,2026-02-02 16:08:22,2185.82,1,0,UNREPORTED,UNREPORTED,-,-,NORMAL,0.88,link_down
alarm_02518,current_alarm_snapshot,2026-05-04 17:57:19,CRITICAL,asset_b256174f03,AG,Physical Port Down,2026-02-02 17:02:12,2026-02-02 17:02:12,2184.92,1,SHUTDOWN,DOWN,DOWN,-,-,NORMAL,0.88,link_down
alarm_02519,current_alarm_snapshot,2026-05-04 17:57:19,CRITICAL,asset_439d6d6330,AR,Physical Port Down,2026-02-03 09:17:24,2026-02-03 09:17:24,2168.67,1,SHUTDOWN,UNREPORTED,UNKNOWN,-,-,NORMAL,0.88,link_down
alarm_02520,current_alarm_snapshot,2026-05-04 17:57:19,CRITICAL,asset_b04fa4b282,AG,Physical Port Down,2026-02-03 10:18:49,2026-02-03 10:18:49,2167.64,1,LOS,DOWN,UP,-,-,NORMAL,0.88,link_down
alarm_02521,current_alarm_snapshot,2026-05-04 17:57:19,CRITICAL,asset_b04fa4b282,AG,Physical Port Down,2026-02-03 10:19:06,2026-02-03 10:19:06,2167.64,1,LOS,DOWN,UP,-,-,NORMAL,0.88,link_down
alarm_02522,current_alarm_snapshot,2026-05-04 17:57:19,CRITICAL,asset_1010eb3cb9,AR,Physical Port Down,2026-02-03 11:51:12,2026-02-03 11:51:12,2166.1,1,0,UNREPORTED,UNREPORTED,-,-,NORMAL,0.88,link_down
alarm_02523,current_alarm_snapshot,2026-05-04 17:57:19,CRITICAL,asset_565a015ba3,AR,Physical Port Down,2026-02-03 12:44:43,2026-02-03 12:44:43,2165.21,1,0,UNREPORTED,UNREPORTED,-,-,NORMAL,0.88,link_down
alarm_02524,current_alarm_snapshot,2026-05-04 17:57:19,CRITICAL,asset_b84b61c78a,AR,Physical Port Down,2026-02-03 14:58:09,2026-02-03 14:58:09,2162.99,1,LOS,DOWN,UP,-,-,NORMAL,0.88,link_down
alarm_02525,current_alarm_snapshot,2026-05-04 17:57:19,CRITICAL,asset_1c97002323,AR,Physical Port Down,2026-02-03 15:19:40,2026-02-03 15:19:40,2162.63,1,0,UNREPORTED,UNREPORTED,-,-,NORMAL,0.88,link_down
alarm_02526,current_alarm_snapshot,2026-05-04 17:57:19,CRITICAL,asset_1c97002323,AR,Physical Port Down,2026-02-03 15:32:26,2026-02-03 15:32:26,2162.41,1,LOS,DOWN,UP,-,-,NORMAL,0.88,link_down
alarm_02527,current_alarm_snapshot,2026-05-04 17:57:19,CRITICAL,asset_b24a78b3dc,AR,Physical Port Down,2026-02-03 16:35:21,2026-02-03 16:35:21,2161.37,1,LOS,DOWN,UP,-,-,NORMAL,0.88,link_down
alarm_02528,current_alarm_snapshot,2026-05-04 17:57:19,CRITICAL,asset_981ed86ee2,AG,Physical Port Down,2026-02-03 17:55:24,2026-02-03 17:55:24,2160.03,1,LOS,DOWN,UP,-,-,NORMAL,0.88,link_down
alarm_02529,current_alarm_snapshot,2026-05-04 17:57:19,CRITICAL,asset_39b7b7b32f,AR,Physical Port Down,2026-02-03 18:04:31,2026-02-03 18:04:31,2159.88,1,LOS,DOWN,UP,-,-,NORMAL,0.88,link_down
alarm_02530,current_alarm_snapshot,2026-05-04 17:57:19,CRITICAL,asset_bb7f6beee4,AR,Physical Port Down,2026-02-03 18:19:52,2026-02-03 18:19:52,2159.62,1,0,UNREPORTED,UNREPORTED,-,-,NORMAL,0.88,link_down
alarm_02531,current_alarm_snapshot,2026-05-04 17:57:19,CRITICAL,asset_3c244737ef,AR,Physical Port Down,2026-02-04 11:40:28,2026-02-04 11:40:28,2142.28,1,LOS,UNREPORTED,UNKNOWN,-,-,NORMAL,0.88,link_down
alarm_02532,current_alarm_snapshot,2026-05-04 17:57:19,CRITICAL,asset_3c244737ef,AR,Physical Port Down,2026-02-04 12:49:36,2026-02-04 12:49:36,2141.13,1,LOS,UNREPORTED,UNKNOWN,-,-,NORMAL,0.88,link_down
alarm_02533,current_alarm_snapshot,2026-05-04 17:57:19,CRITICAL,asset_3c244737ef,AR,Physical Port Down,2026-02-04 13:33:21,2026-02-04 13:33:21,2140.4,1,LOS,UNREPORTED,UNKNOWN,-,-,NORMAL,0.88,link_down
alarm_02534,current_alarm_snapshot,2026-05-04 17:57:19,CRITICAL,asset_3c244737ef,AR,Physical Port Down,2026-02-04 13:33:33,2026-02-04 13:33:33,2140.4,1,NEGOTIATION_FAIL,UNREPORTED,UNKNOWN,-,-,NORMAL,0.88,link_down
alarm_02535,current_alarm_snapshot,2026-05-04 17:57:19,CRITICAL,asset_3c244737ef,AR,Physical Port Down,2026-02-04 13:38:13,2026-02-04 13:38:13,2140.32,1,NEGOTIATION_FAIL,UNREPORTED,UNKNOWN,-,-,NORMAL,0.88,link_down
alarm_02536,current_alarm_snapshot,2026-05-04 17:57:19,CRITICAL,asset_a7742cf675,AR,Physical Port Down,2026-02-04 15:04:54,2026-02-04 15:04:54,2138.87,1,0,UNREPORTED,UNREPORTED,-,-,NORMAL,0.88,link_down
alarm_02537,current_alarm_snapshot,2026-05-04 17:57:19,CRITICAL,asset_002fe46ece,CP,Physical Port Down,2026-02-04 22:27:25,2026-02-04 22:27:25,2131.5,1,THE,UNREPORTED,UNKNOWN,-,-,NORMAL,0.88,link_down
alarm_02538,current_alarm_snapshot,2026-05-04 17:57:19,CRITICAL,asset_002fe46ece,CP,Physical Port Down,2026-02-04 22:27:25,2026-02-04 22:27:25,2131.5,1,THE,UNREPORTED,UNKNOWN,-,-,NORMAL,0.88,link_down
alarm_02539,current_alarm_snapshot,2026-05-04 17:57:19,CRITICAL,asset_002fe46ece,CP,Physical Port Down,2026-02-04 22:27:25,2026-02-04 22:27:25,2131.5,1,THE,UNREPORTED,UNKNOWN,-,-,NORMAL,0.88,link_down
alarm_02540,current_alarm_snapshot,2026-05-04 17:57:19,CRITICAL,asset_002fe46ece,CP,Physical Port Down,2026-02-04 22:27:25,2026-02-04 22:27:25,2131.5,1,THE,UNREPORTED,UNKNOWN,-,-,NORMAL,0.88,link_down
alarm_02541,current_alarm_snapshot,2026-05-04 17:57:19,CRITICAL,asset_002fe46ece,CP,Physical Port Down,2026-02-04 22:27:25,2026-02-04 22:27:25,2131.5,1,THE,UNREPORTED,UNKNOWN,-,-,NORMAL,0.88,link_down
alarm_02542,current_alarm_snapshot,2026-05-04 17:57:19,CRITICAL,asset_002fe46ece,CP,Physical Port Down,2026-02-04 22:27:25,2026-02-04 22:27:25,2131.5,1,THE,UNREPORTED,UNKNOWN,-,-,NORMAL,0.88,link_down
alarm_02543,current_alarm_snapshot,2026-05-04 17:57:19,CRITICAL,asset_002fe46ece,CP,Physical Port Down,2026-02-04 22:27:25,2026-02-04 22:27:25,2131.5,1,THE,UNREPORTED,UNKNOWN,-,-,NORMAL,0.88,link_down
alarm_02544,current_alarm_snapshot,2026-05-04 17:57:19,CRITICAL,asset_002fe46ece,CP,Physical Port Down,2026-02-04 22:27:25,2026-02-04 22:27:25,2131.5,1,THE,UNREPORTED,UNKNOWN,-,-,NORMAL,0.88,link_down
alarm_02545,current_alarm_snapshot,2026-05-04 17:57:19,CRITICAL,asset_002fe46ece,CP,Physical Port Down,2026-02-04 22:27:25,2026-02-04 22:27:25,2131.5,1,THE,UNREPORTED,UNKNOWN,-,-,NORMAL,0.88,link_down
alarm_02546,current_alarm_snapshot,2026-05-04 17:57:19,CRITICAL,asset_002fe46ece,CP,Physical Port Down,2026-02-04 22:27:25,2026-02-04 22:27:25,2131.5,1,THE,UNREPORTED,UNKNOWN,-,-,NORMAL,0.88,link_down
alarm_02547,current_alarm_snapshot,2026-05-04 17:57:19,CRITICAL,asset_002fe46ece,CP,Physical Port Down,2026-02-04 22:42:51,2026-02-04 22:42:51,2131.24,1,THE,UNREPORTED,UNKNOWN,-,-,NORMAL,0.88,link_down
alarm_02548,current_alarm_snapshot,2026-05-04 17:57:19,CRITICAL,asset_002fe46ece,CP,Physical Port Down,2026-02-04 22:42:51,2026-02-04 22:42:51,2131.24,1,THE,UNREPORTED,UNKNOWN,-,-,NORMAL,0.88,link_down
alarm_02549,current_alarm_snapshot,2026-05-04 17:57:19,CRITICAL,asset_002fe46ece,CP,Physical Port Down,2026-02-04 22:42:51,2026-02-04 22:42:51,2131.24,1,THE,UNREPORTED,UNKNOWN,-,-,NORMAL,0.88,link_down
alarm_02550,current_alarm_snapshot,2026-05-04 17:57:19,CRITICAL,asset_002fe46ece,CP,Physical Port Down,2026-02-04 22:42:51,2026-02-04 22:42:51,2131.24,1,THE,UNREPORTED,UNKNOWN,-,-,NORMAL,0.88,link_down
alarm_02551,current_alarm_snapshot,2026-05-04 17:57:19,CRITICAL,asset_002fe46ece,CP,Physical Port Down,2026-02-04 22:42:51,2026-02-04 22:42:51,2131.24,1,THE,UNREPORTED,UNKNOWN,-,-,NORMAL,0.88,link_down
alarm_02552,current_alarm_snapshot,2026-05-04 17:57:19,CRITICAL,asset_002fe46ece,CP,Physical Port Down,2026-02-04 22:42:52,2026-02-04 22:42:52,2131.24,1,THE,UNREPORTED,UNKNOWN,-,-,NORMAL,0.88,link_down
alarm_02553,current_alarm_snapshot,2026-05-04 17:57:19,CRITICAL,asset_002fe46ece,CP,Physical Port Down,2026-02-04 22:51:42,2026-02-04 22:51:42,2131.09,1,THE,UNREPORTED,UNKNOWN,-,-,NORMAL,0.88,link_down
alarm_02554,current_alarm_snapshot,2026-05-04 17:57:19,CRITICAL,asset_002fe46ece,CP,Physical Port Down,2026-02-04 22:51:42,2026-02-04 22:51:42,2131.09,1,THE,UNREPORTED,UNKNOWN,-,-,NORMAL,0.88,link_down
alarm_02555,current_alarm_snapshot,2026-05-04 17:57:19,CRITICAL,asset_002fe46ece,CP,Physical Port Down,2026-02-04 22:51:42,2026-02-04 22:51:42,2131.09,1,THE,UNREPORTED,UNKNOWN,-,-,NORMAL,0.88,link_down
alarm_02556,current_alarm_snapshot,2026-05-04 17:57:19,CRITICAL,asset_002fe46ece,CP,Physical Port Down,2026-02-04 22:51:42,2026-02-04 22:51:42,2131.09,1,THE,UNREPORTED,UNKNOWN,-,-,NORMAL,0.88,link_down
alarm_02557,current_alarm_snapshot,2026-05-04 17:57:19,CRITICAL,asset_002fe46ece,CP,Physical Port Down,2026-02-04 22:51:42,2026-02-04 22:51:42,2131.09,1,THE,UNREPORTED,UNKNOWN,-,-,NORMAL,0.88,link_down
alarm_02558,current_alarm_snapshot,2026-05-04 17:57:19,CRITICAL,asset_002fe46ece,CP,Physical Port Down,2026-02-04 22:51:42,2026-02-04 22:51:42,2131.09,1,THE,UNREPORTED,UNKNOWN,-,-,NORMAL,0.88,link_down
alarm_02559,current_alarm_snapshot,2026-05-04 17:57:19,CRITICAL,asset_002fe46ece,CP,Physical Port Down,2026-02-04 22:51:42,2026-02-04 22:51:42,2131.09,1,THE,UNREPORTED,UNKNOWN,-,-,NORMAL,0.88,link_down
alarm_02560,current_alarm_snapshot,2026-05-04 17:57:19,CRITICAL,asset_002fe46ece,CP,Physical Port Down,2026-02-04 22:51:43,2026-02-04 22:51:43,2131.09,1,THE,UNREPORTED,UNKNOWN,-,-,NORMAL,0.88,link_down
alarm_02561,current_alarm_snapshot,2026-05-04 17:57:19,CRITICAL,asset_002fe46ece,CP,Physical Port Down,2026-02-04 22:51:43,2026-02-04 22:51:43,2131.09,1,THE,UNREPORTED,UNKNOWN,-,-,NORMAL,0.88,link_down
alarm_02562,current_alarm_snapshot,2026-05-04 17:57:19,CRITICAL,asset_002fe46ece,CP,Physical Port Down,2026-02-04 22:51:43,2026-02-04 22:51:43,2131.09,1,THE,UNREPORTED,UNKNOWN,-,-,NORMAL,0.88,link_down
alarm_02563,current_alarm_snapshot,2026-05-04 17:57:19,CRITICAL,asset_20b0bc7223,CP,Physical Port Down,2026-02-04 22:51:43,2026-02-04 22:51:43,2131.09,1,THE,UNREPORTED,UNKNOWN,-,-,NORMAL,0.88,link_down
alarm_02564,current_alarm_snapshot,2026-05-04 17:57:19,CRITICAL,asset_20b0bc7223,CP,Physical Port Down,2026-02-04 22:51:43,2026-02-04 22:51:43,2131.09,1,THE,UNREPORTED,UNKNOWN,-,-,NORMAL,0.88,link_down
alarm_02565,current_alarm_snapshot,2026-05-04 17:57:19,CRITICAL,asset_20b0bc7223,CP,Physical Port Down,2026-02-04 22:51:43,2026-02-04 22:51:43,2131.09,1,THE,UNREPORTED,UNKNOWN,-,-,NORMAL,0.88,link_down
alarm_02566,current_alarm_snapshot,2026-05-04 17:57:19,CRITICAL,asset_20b0bc7223,CP,Physical Port Down,2026-02-04 22:51:43,2026-02-04 22:51:43,2131.09,1,THE,UNREPORTED,UNKNOWN,-,-,NORMAL,0.88,link_down
alarm_02567,current_alarm_snapshot,2026-05-04 17:57:19,CRITICAL,asset_20b0bc7223,CP,Physical Port Down,2026-02-04 22:51:43,2026-02-04 22:51:43,2131.09,1,THE,UNREPORTED,UNKNOWN,-,-,NORMAL,0.88,link_down
alarm_02568,current_alarm_snapshot,2026-05-04 17:57:19,CRITICAL,asset_20b0bc7223,CP,Physical Port Down,2026-02-04 22:51:43,2026-02-04 22:51:43,2131.09,1,THE,UNREPORTED,UNKNOWN,-,-,NORMAL,0.88,link_down
alarm_02569,current_alarm_snapshot,2026-05-04 17:57:19,CRITICAL,asset_20b0bc7223,CP,Physical Port Down,2026-02-04 22:51:43,2026-02-04 22:51:43,2131.09,1,THE,UNREPORTED,UNKNOWN,-,-,NORMAL,0.88,link_down
alarm_02570,current_alarm_snapshot,2026-05-04 17:57:19,CRITICAL,asset_20b0bc7223,CP,Physical Port Down,2026-02-04 22:51:43,2026-02-04 22:51:43,2131.09,1,THE,UNREPORTED,UNKNOWN,-,-,NORMAL,0.88,link_down
alarm_02571,current_alarm_snapshot,2026-05-04 17:57:19,CRITICAL,asset_20b0bc7223,CP,Physical Port Down,2026-02-04 22:51:43,2026-02-04 22:51:43,2131.09,1,THE,UNREPORTED,UNKNOWN,-,-,NORMAL,0.88,link_down
alarm_02572,current_alarm_snapshot,2026-05-04 17:57:19,CRITICAL,asset_20b0bc7223,CP,Physical Port Down,2026-02-04 22:51:43,2026-02-04 22:51:43,2131.09,1,THE,UNREPORTED,UNKNOWN,-,-,NORMAL,0.88,link_down
alarm_02573,current_alarm_snapshot,2026-05-04 17:57:19,CRITICAL,asset_002fe46ece,CP,Physical Port Down,2026-02-04 22:52:10,2026-02-04 22:52:10,2131.09,1,THE,UNREPORTED,UNKNOWN,-,-,NORMAL,0.88,link_down
alarm_02574,current_alarm_snapshot,2026-05-04 17:57:19,CRITICAL,asset_002fe46ece,CP,Physical Port Down,2026-02-04 22:52:10,2026-02-04 22:52:10,2131.09,1,THE,UNREPORTED,UNKNOWN,-,-,NORMAL,0.88,link_down
alarm_02575,current_alarm_snapshot,2026-05-04 17:57:19,CRITICAL,asset_002fe46ece,CP,Physical Port Down,2026-02-04 22:52:10,2026-02-04 22:52:10,2131.09,1,THE,UNREPORTED,UNKNOWN,-,-,NORMAL,0.88,link_down
alarm_02576,current_alarm_snapshot,2026-05-04 17:57:19,CRITICAL,asset_002fe46ece,CP,Physical Port Down,2026-02-04 22:52:10,2026-02-04 22:52:10,2131.09,1,THE,UNREPORTED,UNKNOWN,-,-,NORMAL,0.88,link_down
alarm_02577,current_alarm_snapshot,2026-05-04 17:57:19,CRITICAL,asset_002fe46ece,CP,Physical Port Down,2026-02-04 22:52:10,2026-02-04 22:52:10,2131.09,1,THE,UNREPORTED,UNKNOWN,-,-,NORMAL,0.88,link_down
alarm_02578,current_alarm_snapshot,2026-05-04 17:57:19,CRITICAL,asset_002fe46ece,CP,Physical Port Down,2026-02-04 22:52:10,2026-02-04 22:52:10,2131.09,1,THE,UNREPORTED,UNKNOWN,-,-,NORMAL,0.88,link_down
alarm_02579,current_alarm_snapshot,2026-05-04 17:57:19,CRITICAL,asset_002fe46ece,CP,Physical Port Down,2026-02-04 22:52:10,2026-02-04 22:52:10,2131.09,1,THE,UNREPORTED,UNKNOWN,-,-,NORMAL,0.88,link_down
alarm_02580,current_alarm_snapshot,2026-05-04 17:57:19,CRITICAL,asset_002fe46ece,CP,Physical Port Down,2026-02-04 22:52:10,2026-02-04 22:52:10,2131.09,1,THE,UNREPORTED,UNKNOWN,-,-,NORMAL,0.88,link_down
alarm_02581,current_alarm_snapshot,2026-05-04 17:57:19,CRITICAL,asset_002fe46ece,CP,Physical Port Down,2026-02-04 22:52:10,2026-02-04 22:52:10,2131.09,1,THE,UNREPORTED,UNKNOWN,-,-,NORMAL,0.88,link_down
alarm_02582,current_alarm_snapshot,2026-05-04 17:57:19,CRITICAL,asset_20b0bc7223,CP,Physical Port Down,2026-02-04 22:52:10,2026-02-04 22:52:10,2131.09,1,THE,UNREPORTED,UNKNOWN,-,-,NORMAL,0.88,link_down
alarm_02583,current_alarm_snapshot,2026-05-04 17:57:19,CRITICAL,asset_20b0bc7223,CP,Physical Port Down,2026-02-04 22:52:10,2026-02-04 22:52:10,2131.09,1,THE,UNREPORTED,UNKNOWN,-,-,NORMAL,0.88,link_down
alarm_02584,current_alarm_snapshot,2026-05-04 17:57:19,CRITICAL,asset_20b0bc7223,CP,Physical Port Down,2026-02-04 22:52:10,2026-02-04 22:52:10,2131.09,1,THE,UNREPORTED,UNKNOWN,-,-,NORMAL,0.88,link_down
alarm_02585,current_alarm_snapshot,2026-05-04 17:57:19,CRITICAL,asset_20b0bc7223,CP,Physical Port Down,2026-02-04 22:52:10,2026-02-04 22:52:10,2131.09,1,THE,UNREPORTED,UNKNOWN,-,-,NORMAL,0.88,link_down
alarm_02586,current_alarm_snapshot,2026-05-04 17:57:19,CRITICAL,asset_20b0bc7223,CP,Physical Port Down,2026-02-04 22:52:10,2026-02-04 22:52:10,2131.09,1,THE,UNREPORTED,UNKNOWN,-,-,NORMAL,0.88,link_down
alarm_02587,current_alarm_snapshot,2026-05-04 17:57:19,CRITICAL,asset_20b0bc7223,CP,Physical Port Down,2026-02-04 22:52:10,2026-02-04 22:52:10,2131.09,1,THE,UNREPORTED,UNKNOWN,-,-,NORMAL,0.88,link_down
alarm_02588,current_alarm_snapshot,2026-05-04 17:57:19,CRITICAL,asset_20b0bc7223,CP,Physical Port Down,2026-02-04 22:52:10,2026-02-04 22:52:10,2131.09,1,THE,UNREPORTED,UNKNOWN,-,-,NORMAL,0.88,link_down
alarm_02589,current_alarm_snapshot,2026-05-04 17:57:19,CRITICAL,asset_20b0bc7223,CP,Physical Port Down,2026-02-04 22:52:10,2026-02-04 22:52:10,2131.09,1,THE,UNREPORTED,UNKNOWN,-,-,NORMAL,0.88,link_down
alarm_02590,current_alarm_snapshot,2026-05-04 17:57:19,CRITICAL,asset_20b0bc7223,CP,Physical Port Down,2026-02-04 22:52:10,2026-02-04 22:52:10,2131.09,1,THE,UNREPORTED,UNKNOWN,-,-,NORMAL,0.88,link_down
alarm_02591,current_alarm_snapshot,2026-05-04 17:57:19,CRITICAL,asset_20b0bc7223,CP,Physical Port Down,2026-02-04 22:57:36,2026-02-04 22:57:36,2131.0,1,THE,UNREPORTED,UNKNOWN,-,-,NORMAL,0.88,link_down
alarm_02592,current_alarm_snapshot,2026-05-04 17:57:19,CRITICAL,asset_20b0bc7223,CP,Physical Port Down,2026-02-04 22:57:36,2026-02-04 22:57:36,2131.0,1,THE,UNREPORTED,UNKNOWN,-,-,NORMAL,0.88,link_down
alarm_02593,current_alarm_snapshot,2026-05-04 17:57:19,CRITICAL,asset_20b0bc7223,CP,Physical Port Down,2026-02-04 22:57:36,2026-02-04 22:57:36,2131.0,1,THE,UNREPORTED,UNKNOWN,-,-,NORMAL,0.88,link_down
alarm_02594,current_alarm_snapshot,2026-05-04 17:57:19,CRITICAL,asset_20b0bc7223,CP,Physical Port Down,2026-02-04 22:57:36,2026-02-04 22:57:36,2131.0,1,THE,UNREPORTED,UNKNOWN,-,-,NORMAL,0.88,link_down
alarm_02595,current_alarm_snapshot,2026-05-04 17:57:19,CRITICAL,asset_20b0bc7223,CP,Physical Port Down,2026-02-04 22:57:36,2026-02-04 22:57:36,2131.0,1,THE,UNREPORTED,UNKNOWN,-,-,NORMAL,0.88,link_down
alarm_02596,current_alarm_snapshot,2026-05-04 17:57:19,CRITICAL,asset_20b0bc7223,CP,Physical Port Down,2026-02-04 22:57:36,2026-02-04 22:57:36,2131.0,1,THE,UNREPORTED,UNKNOWN,-,-,NORMAL,0.88,link_down
alarm_02597,current_alarm_snapshot,2026-05-04 17:57:19,CRITICAL,asset_20b0bc7223,CP,Physical Port Down,2026-02-04 22:57:36,2026-02-04 22:57:36,2131.0,1,THE,UNREPORTED,UNKNOWN,-,-,NORMAL,0.88,link_down
alarm_02598,current_alarm_snapshot,2026-05-04 17:57:19,CRITICAL,asset_20b0bc7223,CP,Physical Port Down,2026-02-04 22:57:36,2026-02-04 22:57:36,2131.0,1,THE,UNREPORTED,UNKNOWN,-,-,NORMAL,0.88,link_down
alarm_02599,current_alarm_snapshot,2026-05-04 17:57:19,CRITICAL,asset_20b0bc7223,CP,Physical Port Down,2026-02-04 22:57:36,2026-02-04 22:57:36,2131.0,1,THE,UNREPORTED,UNKNOWN,-,-,NORMAL,0.88,link_down
alarm_02600,current_alarm_snapshot,2026-05-04 17:57:19,CRITICAL,asset_20b0bc7223,CP,Physical Port Down,2026-02-04 22:57:36,2026-02-04 22:57:36,2131.0,1,THE,UNREPORTED,UNKNOWN,-,-,NORMAL,0.88,link_down
alarm_02601,current_alarm_snapshot,2026-05-04 17:57:19,CRITICAL,asset_20b0bc7223,CP,Physical Port Down,2026-02-04 22:58:19,2026-02-04 22:58:19,2130.98,1,THE,UNREPORTED,UNKNOWN,-,-,NORMAL,0.88,link_down
alarm_02602,current_alarm_snapshot,2026-05-04 17:57:19,CRITICAL,asset_20b0bc7223,CP,Physical Port Down,2026-02-04 22:58:19,2026-02-04 22:58:19,2130.98,1,THE,UNREPORTED,UNKNOWN,-,-,NORMAL,0.88,link_down
alarm_02603,current_alarm_snapshot,2026-05-04 17:57:19,CRITICAL,asset_20b0bc7223,CP,Physical Port Down,2026-02-04 22:58:19,2026-02-04 22:58:19,2130.98,1,THE,UNREPORTED,UNKNOWN,-,-,NORMAL,0.88,link_down
alarm_02604,current_alarm_snapshot,2026-05-04 17:57:19,CRITICAL,asset_20b0bc7223,CP,Physical Port Down,2026-02-04 22:58:19,2026-02-04 22:58:19,2130.98,1,THE,UNREPORTED,UNKNOWN,-,-,NORMAL,0.88,link_down
alarm_02605,current_alarm_snapshot,2026-05-04 17:57:19,CRITICAL,asset_20b0bc7223,CP,Physical Port Down,2026-02-04 22:58:19,2026-02-04 22:58:19,2130.98,1,THE,UNREPORTED,UNKNOWN,-,-,NORMAL,0.88,link_down
alarm_02606,current_alarm_snapshot,2026-05-04 17:57:19,CRITICAL,asset_20b0bc7223,CP,Physical Port Down,2026-02-04 22:58:19,2026-02-04 22:58:19,2130.98,1,THE,UNREPORTED,UNKNOWN,-,-,NORMAL,0.88,link_down
alarm_02607,current_alarm_snapshot,2026-05-04 17:57:19,CRITICAL,asset_20b0bc7223,CP,Physical Port Down,2026-02-04 22:58:19,2026-02-04 22:58:19,2130.98,1,THE,UNREPORTED,UNKNOWN,-,-,NORMAL,0.88,link_down
alarm_02608,current_alarm_snapshot,2026-05-04 17:57:19,CRITICAL,asset_20b0bc7223,CP,Physical Port Down,2026-02-04 22:58:19,2026-02-04 22:58:19,2130.98,1,THE,UNREPORTED,UNKNOWN,-,-,NORMAL,0.88,link_down
alarm_02609,current_alarm_snapshot,2026-05-04 17:57:19,CRITICAL,asset_20b0bc7223,CP,Physical Port Down,2026-02-04 22:58:19,2026-02-04 22:58:19,2130.98,1,THE,UNREPORTED,UNKNOWN,-,-,NORMAL,0.88,link_down
alarm_02610,current_alarm_snapshot,2026-05-04 17:57:19,CRITICAL,asset_20b0bc7223,CP,Physical Port Down,2026-02-04 22:58:19,2026-02-04 22:58:19,2130.98,1,THE,UNREPORTED,UNKNOWN,-,-,NORMAL,0.88,link_down
alarm_02611,current_alarm_snapshot,2026-05-04 17:57:19,CRITICAL,asset_43b3c249bb,CP,Physical Port Down,2026-02-04 23:09:18,2026-02-04 23:09:18,2130.8,1,THE,UNREPORTED,UNKNOWN,-,-,NORMAL,0.88,link_down
alarm_02612,current_alarm_snapshot,2026-05-04 17:57:19,CRITICAL,asset_43b3c249bb,CP,Physical Port Down,2026-02-04 23:09:19,2026-02-04 23:09:19,2130.8,1,THE,UNREPORTED,UNKNOWN,-,-,NORMAL,0.88,link_down
alarm_02613,current_alarm_snapshot,2026-05-04 17:57:19,CRITICAL,asset_43b3c249bb,CP,Physical Port Down,2026-02-04 23:09:19,2026-02-04 23:09:19,2130.8,1,THE,UNREPORTED,UNKNOWN,-,-,NORMAL,0.88,link_down
alarm_02614,current_alarm_snapshot,2026-05-04 17:57:19,CRITICAL,asset_43b3c249bb,CP,Physical Port Down,2026-02-04 23:09:19,2026-02-04 23:09:19,2130.8,1,THE,UNREPORTED,UNKNOWN,-,-,NORMAL,0.88,link_down
alarm_02615,current_alarm_snapshot,2026-05-04 17:57:19,CRITICAL,asset_43b3c249bb,CP,Physical Port Down,2026-02-04 23:09:19,2026-02-04 23:09:19,2130.8,1,THE,UNREPORTED,UNKNOWN,-,-,NORMAL,0.88,link_down
alarm_02616,current_alarm_snapshot,2026-05-04 17:57:19,CRITICAL,asset_43b3c249bb,CP,Physical Port Down,2026-02-04 23:09:19,2026-02-04 23:09:19,2130.8,1,THE,UNREPORTED,UNKNOWN,-,-,NORMAL,0.88,link_down
alarm_02617,current_alarm_snapshot,2026-05-04 17:57:19,CRITICAL,asset_43b3c249bb,CP,Physical Port Down,2026-02-04 23:09:19,2026-02-04 23:09:19,2130.8,1,THE,UNREPORTED,UNKNOWN,-,-,NORMAL,0.88,link_down
alarm_02618,current_alarm_snapshot,2026-05-04 17:57:19,CRITICAL,asset_43b3c249bb,CP,Physical Port Down,2026-02-04 23:09:19,2026-02-04 23:09:19,2130.8,1,THE,UNREPORTED,UNKNOWN,-,-,NORMAL,0.88,link_down
alarm_02619,current_alarm_snapshot,2026-05-04 17:57:19,CRITICAL,asset_43b3c249bb,CP,Physical Port Down,2026-02-04 23:09:19,2026-02-04 23:09:19,2130.8,1,THE,UNREPORTED,UNKNOWN,-,-,NORMAL,0.88,link_down
alarm_02620,current_alarm_snapshot,2026-05-04 17:57:19,CRITICAL,asset_43b3c249bb,CP,Physical Port Down,2026-02-04 23:09:19,2026-02-04 23:09:19,2130.8,1,THE,UNREPORTED,UNKNOWN,-,-,NORMAL,0.88,link_down
alarm_02621,current_alarm_snapshot,2026-05-04 17:57:19,CRITICAL,asset_43b3c249bb,CP,Physical Port Down,2026-02-04 23:09:47,2026-02-04 23:09:47,2130.79,1,THE,UNREPORTED,UNKNOWN,-,-,NORMAL,0.88,link_down
alarm_02622,current_alarm_snapshot,2026-05-04 17:57:19,CRITICAL,asset_43b3c249bb,CP,Physical Port Down,2026-02-04 23:09:47,2026-02-04 23:09:47,2130.79,1,THE,UNREPORTED,UNKNOWN,-,-,NORMAL,0.88,link_down
alarm_02623,current_alarm_snapshot,2026-05-04 17:57:19,CRITICAL,asset_43b3c249bb,CP,Physical Port Down,2026-02-04 23:09:47,2026-02-04 23:09:47,2130.79,1,THE,UNREPORTED,UNKNOWN,-,-,NORMAL,0.88,link_down
alarm_02624,current_alarm_snapshot,2026-05-04 17:57:19,CRITICAL,asset_43b3c249bb,CP,Physical Port Down,2026-02-04 23:09:47,2026-02-04 23:09:47,2130.79,1,THE,UNREPORTED,UNKNOWN,-,-,NORMAL,0.88,link_down
alarm_02625,current_alarm_snapshot,2026-05-04 17:57:19,CRITICAL,asset_43b3c249bb,CP,Physical Port Down,2026-02-04 23:09:48,2026-02-04 23:09:48,2130.79,1,THE,UNREPORTED,UNKNOWN,-,-,NORMAL,0.88,link_down
alarm_02626,current_alarm_snapshot,2026-05-04 17:57:19,CRITICAL,asset_43b3c249bb,CP,Physical Port Down,2026-02-04 23:09:48,2026-02-04 23:09:48,2130.79,1,THE,UNREPORTED,UNKNOWN,-,-,NORMAL,0.88,link_down
alarm_02627,current_alarm_snapshot,2026-05-04 17:57:19,CRITICAL,asset_43b3c249bb,CP,Physical Port Down,2026-02-04 23:09:48,2026-02-04 23:09:48,2130.79,1,THE,UNREPORTED,UNKNOWN,-,-,NORMAL,0.88,link_down
alarm_02628,current_alarm_snapshot,2026-05-04 17:57:19,CRITICAL,asset_43b3c249bb,CP,Physical Port Down,2026-02-04 23:09:48,2026-02-04 23:09:48,2130.79,1,THE,UNREPORTED,UNKNOWN,-,-,NORMAL,0.88,link_down
alarm_02629,current_alarm_snapshot,2026-05-04 17:57:19,CRITICAL,asset_43b3c249bb,CP,Physical Port Down,2026-02-04 23:09:50,2026-02-04 23:09:50,2130.79,1,THE,UNREPORTED,UNKNOWN,-,-,NORMAL,0.88,link_down
alarm_02630,current_alarm_snapshot,2026-05-04 17:57:19,CRITICAL,asset_43b3c249bb,CP,Physical Port Down,2026-02-04 23:09:51,2026-02-04 23:09:51,2130.79,1,THE,UNREPORTED,UNKNOWN,-,-,NORMAL,0.88,link_down
alarm_02631,current_alarm_snapshot,2026-05-04 17:57:19,CRITICAL,asset_ad2516d834,AG,Physical Port Down,2026-02-05 18:10:28,2026-02-05 18:10:28,2111.78,1,SHUTDOWN,DOWN,DOWN,-,-,NORMAL,0.88,link_down
alarm_02632,current_alarm_snapshot,2026-05-04 17:57:19,CRITICAL,asset_ad2516d834,AG,Physical Port Down,2026-02-05 18:10:28,2026-02-05 18:10:28,2111.78,1,SHUTDOWN,DOWN,DOWN,-,-,NORMAL,0.88,link_down
alarm_02633,current_alarm_snapshot,2026-05-04 17:57:19,CRITICAL,asset_81245b7900,AR,Physical Port Down,2026-02-06 12:14:44,2026-02-06 12:14:44,2093.71,1,0,UNREPORTED,UNREPORTED,-,-,NORMAL,0.88,link_down
alarm_02634,current_alarm_snapshot,2026-05-04 17:57:19,CRITICAL,asset_a573303957,AR,Physical Port Down,2026-02-06 17:39:14,2026-02-06 17:39:14,2088.3,1,0,UNREPORTED,UNREPORTED,-,-,NORMAL,0.88,link_down
alarm_02635,current_alarm_snapshot,2026-05-04 17:57:19,CRITICAL,asset_8b345eba21,AR,Physical Port Down,2026-02-06 17:40:23,2026-02-06 17:40:23,2088.28,1,LINK_FAULT,DOWN,UP,-,-,NORMAL,0.88,link_down
alarm_02636,current_alarm_snapshot,2026-05-04 17:57:19,CRITICAL,asset_e6377ab5f8,AR,Physical Port Down,2026-02-06 18:03:59,2026-02-06 18:03:59,2087.89,1,LOS,DOWN,UP,-,-,NORMAL,0.88,link_down
alarm_02637,current_alarm_snapshot,2026-05-04 17:57:19,CRITICAL,asset_e6377ab5f8,AR,Physical Port Down,2026-02-06 18:03:59,2026-02-06 18:03:59,2087.89,1,LOS,DOWN,UP,-,-,NORMAL,0.88,link_down
alarm_02638,current_alarm_snapshot,2026-05-04 17:57:19,CRITICAL,asset_92f290a3a8,AR,The Device is offline,2026-02-08 12:03:23,2026-02-08 12:03:23,2045.9,1,UNKNOWN,UNKNOWN,UNKNOWN,-,-,NORMAL,0.88,other
alarm_02639,current_alarm_snapshot,2026-05-04 17:57:19,CRITICAL,asset_95bfa98765,AR,Physical Port Down,2026-02-08 16:16:18,2026-02-08 16:16:18,2041.68,1,LOS,DOWN,UP,-,-,NORMAL,0.88,link_down
alarm_02640,current_alarm_snapshot,2026-05-04 17:57:19,CRITICAL,asset_e6ea65f5ad,AR,Physical Port Down,2026-02-08 20:32:40,2026-02-08 20:32:40,2037.41,1,LOS,UP,UP,-,-,NORMAL,0.88,link_down
alarm_02641,current_alarm_snapshot,2026-05-04 17:57:19,CRITICAL,asset_50f53bf44a,CP,Physical Port Down,2026-02-09 14:36:28,2026-02-09 14:36:28,2019.35,1,THE,UNREPORTED,UNKNOWN,-,-,NORMAL,0.88,link_down
alarm_02642,current_alarm_snapshot,2026-05-04 17:57:19,CRITICAL,asset_50f53bf44a,CP,Physical Port Down,2026-02-09 14:36:28,2026-02-09 14:36:28,2019.35,1,THE,UNREPORTED,UNKNOWN,-,-,NORMAL,0.88,link_down
alarm_02643,current_alarm_snapshot,2026-05-04 17:57:19,CRITICAL,asset_50f53bf44a,CP,Physical Port Down,2026-02-09 14:36:28,2026-02-09 14:36:28,2019.35,1,THE,UNREPORTED,UNKNOWN,-,-,NORMAL,0.88,link_down
alarm_02644,current_alarm_snapshot,2026-05-04 17:57:19,CRITICAL,asset_50f53bf44a,CP,Physical Port Down,2026-02-09 14:36:28,2026-02-09 14:36:28,2019.35,1,THE,UNREPORTED,UNKNOWN,-,-,NORMAL,0.88,link_down
alarm_02645,current_alarm_snapshot,2026-05-04 17:57:19,CRITICAL,asset_50f53bf44a,CP,Physical Port Down,2026-02-09 14:36:28,2026-02-09 14:36:28,2019.35,1,THE,UNREPORTED,UNKNOWN,-,-,NORMAL,0.88,link_down
alarm_02646,current_alarm_snapshot,2026-05-04 17:57:19,CRITICAL,asset_50f53bf44a,CP,Physical Port Down,2026-02-09 14:36:28,2026-02-09 14:36:28,2019.35,1,THE,UNREPORTED,UNKNOWN,-,-,NORMAL,0.88,link_down
alarm_02647,current_alarm_snapshot,2026-05-04 17:57:19,CRITICAL,asset_50f53bf44a,CP,Physical Port Down,2026-02-09 14:36:28,2026-02-09 14:36:28,2019.35,1,THE,UNREPORTED,UNKNOWN,-,-,NORMAL,0.88,link_down
alarm_02648,current_alarm_snapshot,2026-05-04 17:57:19,CRITICAL,asset_50f53bf44a,CP,Physical Port Down,2026-02-09 14:36:28,2026-02-09 14:36:28,2019.35,1,THE,UNREPORTED,UNKNOWN,-,-,NORMAL,0.88,link_down
alarm_02649,current_alarm_snapshot,2026-05-04 17:57:19,CRITICAL,asset_50f53bf44a,CP,Physical Port Down,2026-02-09 14:36:28,2026-02-09 14:36:28,2019.35,1,THE,UNREPORTED,UNKNOWN,-,-,NORMAL,0.88,link_down
alarm_02650,current_alarm_snapshot,2026-05-04 17:57:19,CRITICAL,asset_50f53bf44a,CP,Physical Port Down,2026-02-09 14:36:28,2026-02-09 14:36:28,2019.35,1,THE,UNREPORTED,UNKNOWN,-,-,NORMAL,0.88,link_down
alarm_02651,current_alarm_snapshot,2026-05-04 17:57:19,CRITICAL,asset_50f53bf44a,CP,Physical Port Down,2026-02-09 14:36:28,2026-02-09 14:36:28,2019.35,1,THE,UNREPORTED,UNKNOWN,-,-,NORMAL,0.88,link_down
alarm_02652,current_alarm_snapshot,2026-05-04 17:57:19,CRITICAL,asset_50f53bf44a,CP,Physical Port Down,2026-02-09 14:36:28,2026-02-09 14:36:28,2019.35,1,THE,UNREPORTED,UNKNOWN,-,-,NORMAL,0.88,link_down
alarm_02653,current_alarm_snapshot,2026-05-04 17:57:19,CRITICAL,asset_50f53bf44a,CP,Physical Port Down,2026-02-09 14:36:28,2026-02-09 14:36:28,2019.35,1,THE,UNREPORTED,UNKNOWN,-,-,NORMAL,0.88,link_down
alarm_02654,current_alarm_snapshot,2026-05-04 17:57:19,CRITICAL,asset_50f53bf44a,CP,Physical Port Down,2026-02-09 14:36:28,2026-02-09 14:36:28,2019.35,1,THE,UNREPORTED,UNKNOWN,-,-,NORMAL,0.88,link_down
alarm_02655,current_alarm_snapshot,2026-05-04 17:57:19,CRITICAL,asset_50f53bf44a,CP,Physical Port Down,2026-02-09 14:36:29,2026-02-09 14:36:29,2019.35,1,THE,UNREPORTED,UNKNOWN,-,-,NORMAL,0.88,link_down
alarm_02656,current_alarm_snapshot,2026-05-04 17:57:19,CRITICAL,asset_50f53bf44a,CP,Physical Port Down,2026-02-09 14:36:29,2026-02-09 14:36:29,2019.35,1,THE,UNREPORTED,UNKNOWN,-,-,NORMAL,0.88,link_down
alarm_02657,current_alarm_snapshot,2026-05-04 17:57:19,CRITICAL,asset_50f53bf44a,CP,Physical Port Down,2026-02-09 14:36:29,2026-02-09 14:36:29,2019.35,1,THE,UNREPORTED,UNKNOWN,-,-,NORMAL,0.88,link_down
alarm_02658,current_alarm_snapshot,2026-05-04 17:57:19,CRITICAL,asset_50f53bf44a,CP,Physical Port Down,2026-02-09 14:36:29,2026-02-09 14:36:29,2019.35,1,THE,UNREPORTED,UNKNOWN,-,-,NORMAL,0.88,link_down
alarm_02659,current_alarm_snapshot,2026-05-04 17:57:19,CRITICAL,asset_50f53bf44a,CP,Physical Port Down,2026-02-09 14:37:00,2026-02-09 14:37:00,2019.34,1,THE,UNREPORTED,UNKNOWN,-,-,NORMAL,0.88,link_down
alarm_02660,current_alarm_snapshot,2026-05-04 17:57:19,CRITICAL,asset_50f53bf44a,CP,Physical Port Down,2026-02-09 14:37:00,2026-02-09 14:37:00,2019.34,1,THE,UNREPORTED,UNKNOWN,-,-,NORMAL,0.88,link_down
alarm_02661,current_alarm_snapshot,2026-05-04 17:57:19,CRITICAL,asset_50f53bf44a,CP,Physical Port Down,2026-02-09 14:37:00,2026-02-09 14:37:00,2019.34,1,THE,UNREPORTED,UNKNOWN,-,-,NORMAL,0.88,link_down
alarm_02662,current_alarm_snapshot,2026-05-04 17:57:19,CRITICAL,asset_50f53bf44a,CP,Physical Port Down,2026-02-09 14:37:00,2026-02-09 14:37:00,2019.34,1,THE,UNREPORTED,UNKNOWN,-,-,NORMAL,0.88,link_down
alarm_02663,current_alarm_snapshot,2026-05-04 17:57:19,CRITICAL,asset_50f53bf44a,CP,Physical Port Down,2026-02-09 14:37:00,2026-02-09 14:37:00,2019.34,1,THE,UNREPORTED,UNKNOWN,-,-,NORMAL,0.88,link_down
alarm_02664,current_alarm_snapshot,2026-05-04 17:57:19,CRITICAL,asset_50f53bf44a,CP,Physical Port Down,2026-02-09 14:37:00,2026-02-09 14:37:00,2019.34,1,THE,UNREPORTED,UNKNOWN,-,-,NORMAL,0.88,link_down
alarm_02665,current_alarm_snapshot,2026-05-04 17:57:19,CRITICAL,asset_50f53bf44a,CP,Physical Port Down,2026-02-09 14:37:00,2026-02-09 14:37:00,2019.34,1,THE,UNREPORTED,UNKNOWN,-,-,NORMAL,0.88,link_down
alarm_02666,current_alarm_snapshot,2026-05-04 17:57:19,CRITICAL,asset_50f53bf44a,CP,Physical Port Down,2026-02-09 14:37:00,2026-02-09 14:37:00,2019.34,1,THE,UNREPORTED,UNKNOWN,-,-,NORMAL,0.88,link_down
alarm_02667,current_alarm_snapshot,2026-05-04 17:57:19,CRITICAL,asset_50f53bf44a,CP,Physical Port Down,2026-02-09 14:37:01,2026-02-09 14:37:01,2019.34,1,THE,UNREPORTED,UNKNOWN,-,-,NORMAL,0.88,link_down
alarm_02668,current_alarm_snapshot,2026-05-04 17:57:19,CRITICAL,asset_50f53bf44a,CP,Physical Port Down,2026-02-09 14:37:01,2026-02-09 14:37:01,2019.34,1,THE,UNREPORTED,UNKNOWN,-,-,NORMAL,0.88,link_down
alarm_02669,current_alarm_snapshot,2026-05-04 17:57:19,CRITICAL,asset_50f53bf44a,CP,Physical Port Down,2026-02-09 14:37:01,2026-02-09 14:37:01,2019.34,1,THE,UNREPORTED,UNKNOWN,-,-,NORMAL,0.88,link_down
alarm_02670,current_alarm_snapshot,2026-05-04 17:57:19,CRITICAL,asset_50f53bf44a,CP,Physical Port Down,2026-02-09 14:37:19,2026-02-09 14:37:19,2019.33,1,THE,UNREPORTED,UNKNOWN,-,-,NORMAL,0.88,link_down
alarm_02671,current_alarm_snapshot,2026-05-04 17:57:19,CRITICAL,asset_50f53bf44a,CP,Physical Port Down,2026-02-09 14:37:19,2026-02-09 14:37:19,2019.33,1,THE,UNREPORTED,UNKNOWN,-,-,NORMAL,0.88,link_down
alarm_02672,current_alarm_snapshot,2026-05-04 17:57:19,CRITICAL,asset_50f53bf44a,CP,Physical Port Down,2026-02-09 14:37:19,2026-02-09 14:37:19,2019.33,1,THE,UNREPORTED,UNKNOWN,-,-,NORMAL,0.88,link_down
alarm_02673,current_alarm_snapshot,2026-05-04 17:57:19,CRITICAL,asset_50f53bf44a,CP,Physical Port Down,2026-02-09 14:37:19,2026-02-09 14:37:19,2019.33,1,THE,UNREPORTED,UNKNOWN,-,-,NORMAL,0.88,link_down
alarm_02674,current_alarm_snapshot,2026-05-04 17:57:19,CRITICAL,asset_50f53bf44a,CP,Physical Port Down,2026-02-09 14:37:19,2026-02-09 14:37:19,2019.33,1,THE,UNREPORTED,UNKNOWN,-,-,NORMAL,0.88,link_down
alarm_02675,current_alarm_snapshot,2026-05-04 17:57:19,CRITICAL,asset_50f53bf44a,CP,Physical Port Down,2026-02-09 14:37:19,2026-02-09 14:37:19,2019.33,1,THE,UNREPORTED,UNKNOWN,-,-,NORMAL,0.88,link_down
alarm_02676,current_alarm_snapshot,2026-05-04 17:57:19,CRITICAL,asset_50f53bf44a,CP,Physical Port Down,2026-02-09 14:38:26,2026-02-09 14:38:26,2019.31,1,THE,UNREPORTED,UNKNOWN,-,-,NORMAL,0.88,link_down
alarm_02677,current_alarm_snapshot,2026-05-04 17:57:19,CRITICAL,asset_50f53bf44a,CP,Physical Port Down,2026-02-09 14:38:26,2026-02-09 14:38:26,2019.31,1,THE,UNREPORTED,UNKNOWN,-,-,NORMAL,0.88,link_down
alarm_02678,current_alarm_snapshot,2026-05-04 17:57:19,CRITICAL,asset_a02bd94bfe,AG,Physical Port Down,2026-02-10 00:15:07,2026-02-10 00:15:07,2009.7,1,SHUTDOWN,DOWN,DOWN,-,-,NORMAL,0.88,link_down
alarm_02679,current_alarm_snapshot,2026-05-04 17:57:19,CRITICAL,asset_a02bd94bfe,AG,Physical Port Down,2026-02-10 00:15:08,2026-02-10 00:15:08,2009.7,1,SHUTDOWN,DOWN,DOWN,-,-,NORMAL,0.88,link_down
alarm_02680,current_alarm_snapshot,2026-05-04 17:57:19,CRITICAL,asset_a02bd94bfe,AG,Physical Port Down,2026-02-10 00:15:08,2026-02-10 00:15:08,2009.7,1,SHUTDOWN,DOWN,DOWN,-,-,NORMAL,0.88,link_down
alarm_02681,current_alarm_snapshot,2026-05-04 17:57:19,CRITICAL,asset_a02bd94bfe,AG,Physical Port Down,2026-02-10 00:15:08,2026-02-10 00:15:08,2009.7,1,SHUTDOWN,DOWN,DOWN,-,-,NORMAL,0.88,link_down
alarm_02682,current_alarm_snapshot,2026-05-04 17:57:19,CRITICAL,asset_a02bd94bfe,AG,Physical Port Down,2026-02-10 00:15:09,2026-02-10 00:15:09,2009.7,1,SHUTDOWN,DOWN,DOWN,-,-,NORMAL,0.88,link_down
alarm_02683,current_alarm_snapshot,2026-05-04 17:57:19,CRITICAL,asset_a02bd94bfe,AG,Physical Port Down,2026-02-10 00:15:09,2026-02-10 00:15:09,2009.7,1,SHUTDOWN,DOWN,DOWN,-,-,NORMAL,0.88,link_down
alarm_02684,current_alarm_snapshot,2026-05-04 17:57:19,CRITICAL,asset_79b4a6f82f,CP,Physical Port Down,2026-02-10 09:29:03,2026-02-10 09:29:03,2000.47,1,THE,UNREPORTED,UNKNOWN,-,-,NORMAL,0.88,link_down
alarm_02685,current_alarm_snapshot,2026-05-04 17:57:19,CRITICAL,asset_0bbc6f051e,AR,Physical Port Down,2026-02-10 11:19:13,2026-02-10 11:19:13,1998.63,1,LOS,DOWN,UP,-,-,NORMAL,0.88,link_down
alarm_02686,current_alarm_snapshot,2026-05-04 17:57:19,CRITICAL,asset_f74a427323,AR,Physical Port Down,2026-02-10 14:48:55,2026-02-10 14:48:55,1995.14,1,LOS,DOWN,UP,-,-,NORMAL,0.88,link_down
alarm_02687,current_alarm_snapshot,2026-05-04 17:57:19,CRITICAL,asset_395e88dac3,AG,Physical Port Down,2026-02-11 19:24:11,2026-02-11 19:24:11,1966.55,1,--,DOWN,UP,-,-,NORMAL,0.88,link_down
alarm_02688,current_alarm_snapshot,2026-05-04 17:57:19,CRITICAL,asset_f7aa12fc83,AG,Board Invalid,2026-02-11 22:52:32,2026-02-11 22:52:32,1963.08,1,UNKNOWN,UNKNOWN,UNKNOWN,-,-,NORMAL,0.88,power_energy
alarm_02689,current_alarm_snapshot,2026-05-04 17:57:19,CRITICAL,asset_1ce8b5c4a0,AG,Physical Port Down,2026-02-11 23:10:52,2026-02-11 23:10:52,1962.77,1,SHUTDOWN,DOWN,DOWN,-,-,NORMAL,0.88,link_down
alarm_02690,current_alarm_snapshot,2026-05-04 17:57:19,CRITICAL,asset_1ce8b5c4a0,AG,Physical Port Down,2026-02-11 23:10:52,2026-02-11 23:10:52,1962.77,1,SHUTDOWN,DOWN,DOWN,-,-,NORMAL,0.88,link_down
alarm_02691,current_alarm_snapshot,2026-05-04 17:57:19,CRITICAL,asset_1ce8b5c4a0,AG,Physical Port Down,2026-02-11 23:10:52,2026-02-11 23:10:52,1962.77,1,SHUTDOWN,DOWN,DOWN,-,-,NORMAL,0.88,link_down
alarm_02692,current_alarm_snapshot,2026-05-04 17:57:19,CRITICAL,asset_1ce8b5c4a0,AG,Physical Port Down,2026-02-11 23:10:52,2026-02-11 23:10:52,1962.77,1,SHUTDOWN,DOWN,DOWN,-,-,NORMAL,0.88,link_down
alarm_02693,current_alarm_snapshot,2026-05-04 17:57:19,CRITICAL,asset_1ce8b5c4a0,AG,Physical Port Down,2026-02-11 23:10:52,2026-02-11 23:10:52,1962.77,1,SHUTDOWN,DOWN,DOWN,-,-,NORMAL,0.88,link_down
alarm_02694,current_alarm_snapshot,2026-05-04 17:57:19,CRITICAL,asset_1ce8b5c4a0,AG,Physical Port Down,2026-02-11 23:10:53,2026-02-11 23:10:53,1962.77,1,SHUTDOWN,DOWN,DOWN,-,-,NORMAL,0.88,link_down
alarm_02695,current_alarm_snapshot,2026-05-04 17:57:19,CRITICAL,asset_1ce8b5c4a0,AG,Physical Port Down,2026-02-11 23:21:25,2026-02-11 23:21:25,1962.6,1,"PCS_HIGHBER,REMOTE_FAULT",DOWN,UP,-,-,NORMAL,0.88,link_down
alarm_02696,current_alarm_snapshot,2026-05-04 17:57:19,CRITICAL,asset_1ce8b5c4a0,AG,Physical Port Down,2026-02-11 23:25:19,2026-02-11 23:25:19,1962.53,1,"PCS_HIGHBER,REMOTE_FAULT",DOWN,UP,-,-,NORMAL,0.88,link_down
alarm_02697,current_alarm_snapshot,2026-05-04 17:57:19,CRITICAL,asset_1b804b9f0c,AR,Physical Port Down,2026-02-12 11:01:09,2026-02-12 11:01:09,1950.94,1,LOS,UNREPORTED,UNKNOWN,-,-,NORMAL,0.88,link_down
alarm_02698,current_alarm_snapshot,2026-05-04 17:57:19,CRITICAL,asset_7170fd4681,AG,Physical Port Down,2026-02-12 17:10:26,2026-02-12 17:10:26,1944.78,1,THE,UNREPORTED,UNKNOWN,-,-,NORMAL,0.88,link_down
alarm_02699,current_alarm_snapshot,2026-05-04 17:57:19,CRITICAL,asset_7c039a04c9,AR,Physical Port Down,2026-02-12 18:01:04,2026-02-12 18:01:04,1943.94,1,0,UNREPORTED,UNREPORTED,-,-,NORMAL,0.88,link_down
alarm_02700,current_alarm_snapshot,2026-05-04 17:57:19,CRITICAL,asset_c759480d1d,AR,Physical Port Down,2026-02-12 18:37:18,2026-02-12 18:37:18,1943.33,1,LOS,DOWN,UP,-,-,NORMAL,0.88,link_down
alarm_02701,current_alarm_snapshot,2026-05-04 17:57:19,CRITICAL,asset_92cf188d72,AR,Physical Port Down,2026-02-13 11:15:24,2026-02-13 11:15:24,1926.7,1,LOS,DOWN,UP,-,-,NORMAL,0.88,link_down
alarm_02702,current_alarm_snapshot,2026-05-04 17:57:19,CRITICAL,asset_92cf188d72,AR,Physical Port Down,2026-02-13 11:15:24,2026-02-13 11:15:24,1926.7,1,LOS,DOWN,UP,-,-,NORMAL,0.88,link_down
alarm_02703,current_alarm_snapshot,2026-05-04 17:57:19,CRITICAL,asset_92cf188d72,AR,Physical Port Down,2026-02-13 11:15:24,2026-02-13 11:15:24,1926.7,1,LOS,DOWN,UP,-,-,NORMAL,0.88,link_down
alarm_02704,current_alarm_snapshot,2026-05-04 17:57:19,CRITICAL,asset_e7bc113dce,AR,Physical Port Down,2026-02-13 23:43:23,2026-02-13 23:43:23,1914.23,1,LOS,UNREPORTED,UNKNOWN,-,-,NORMAL,0.88,link_down
alarm_02705,current_alarm_snapshot,2026-05-04 17:57:19,CRITICAL,asset_aaac678d19,AR,Physical Port Down,2026-02-14 10:09:35,2026-02-14 10:09:35,1903.8,1,LOS,DOWN,UP,-,-,NORMAL,0.88,link_down
alarm_02706,current_alarm_snapshot,2026-05-04 17:57:19,CRITICAL,asset_50f53bf44a,CP,Physical Port Down,2026-02-14 20:38:48,2026-02-14 20:38:48,1893.31,1,THE,UNREPORTED,UNKNOWN,-,-,NORMAL,0.88,link_down
alarm_02707,current_alarm_snapshot,2026-05-04 17:57:19,CRITICAL,asset_87453e8c48,AR,Physical Port Down,2026-02-15 06:28:39,2026-02-15 06:28:39,1883.48,1,LOS,DOWN,UP,-,-,NORMAL,0.88,link_down
alarm_02708,current_alarm_snapshot,2026-05-04 17:57:19,CRITICAL,asset_87453e8c48,AR,Physical Port Down,2026-02-15 06:28:39,2026-02-15 06:28:39,1883.48,1,LOS,DOWN,UP,-,-,NORMAL,0.88,link_down
alarm_02709,current_alarm_snapshot,2026-05-04 17:57:19,CRITICAL,asset_5a648f65cc,AR,Physical Port Down,2026-02-15 07:42:49,2026-02-15 07:42:49,1882.24,1,LOS,DOWN,UP,-,-,NORMAL,0.88,link_down
alarm_02710,current_alarm_snapshot,2026-05-04 17:57:19,CRITICAL,asset_93e8f2b503,AR,Physical Port Down,2026-02-15 11:41:57,2026-02-15 11:41:57,1878.26,1,LOS,DOWN,UP,-,-,NORMAL,0.88,link_down
alarm_02711,current_alarm_snapshot,2026-05-04 17:57:19,CRITICAL,asset_93e8f2b503,AR,Physical Port Down,2026-02-15 11:41:57,2026-02-15 11:41:57,1878.26,1,LOS,DOWN,UP,-,-,NORMAL,0.88,link_down
alarm_02712,current_alarm_snapshot,2026-05-04 17:57:19,CRITICAL,asset_87453e8c48,AR,Physical Port Down,2026-02-15 12:16:08,2026-02-15 12:16:08,1877.69,1,LOS,DOWN,UP,-,-,NORMAL,0.88,link_down
alarm_02713,current_alarm_snapshot,2026-05-04 17:57:19,CRITICAL,asset_7ce27eccae,AR,Physical Port Down,2026-02-15 14:27:38,2026-02-15 14:27:38,1875.49,1,LOS,DOWN,UP,-,-,NORMAL,0.88,link_down
alarm_02714,current_alarm_snapshot,2026-05-04 17:57:19,CRITICAL,asset_14476ccfd8,AR,Physical Port Down,2026-02-16 14:51:11,2026-02-16 14:51:11,1851.1,1,LOS,DOWN,UP,-,-,NORMAL,0.88,link_down
alarm_02715,current_alarm_snapshot,2026-05-04 17:57:19,CRITICAL,asset_a6d32197e7,AR,The Device is offline,2026-02-16 14:52:59,2026-02-16 14:52:59,1851.07,1,UNKNOWN,UNKNOWN,UNKNOWN,-,-,NORMAL,0.88,other
alarm_02716,current_alarm_snapshot,2026-05-04 17:57:19,CRITICAL,asset_45240814c0,AR,Physical Port Down,2026-02-16 17:51:59,2026-02-16 17:51:59,1848.09,1,LOS,DOWN,UP,-,-,NORMAL,0.88,link_down
alarm_02717,current_alarm_snapshot,2026-05-04 17:57:19,CRITICAL,asset_f6fd047abc,AR,The Device is offline,2026-02-16 17:52:07,2026-02-16 17:52:07,1848.09,1,UNKNOWN,UNKNOWN,UNKNOWN,-,-,NORMAL,0.88,other
alarm_02718,current_alarm_snapshot,2026-05-04 17:57:19,CRITICAL,asset_5ee8d4caab,AR,Physical Port Down,2026-02-17 10:55:29,2026-02-17 10:55:29,1831.03,1,LOS,DOWN,UP,-,-,NORMAL,0.88,link_down
alarm_02719,current_alarm_snapshot,2026-05-04 17:57:19,CRITICAL,asset_bd13b9ce69,AR,Physical Port Down,2026-02-18 12:28:29,2026-02-18 12:28:29,1805.48,1,LOS,DOWN,UP,-,-,NORMAL,0.88,link_down
alarm_02720,current_alarm_snapshot,2026-05-04 17:57:19,CRITICAL,asset_b2d3bd01a7,AG,Physical Port Down,2026-02-18 13:07:14,2026-02-18 13:07:14,1804.83,1,NEGOTIATION_FAIL,DOWN,UP,-,-,NORMAL,0.88,link_down
alarm_02721,current_alarm_snapshot,2026-05-04 17:57:19,CRITICAL,asset_c0022c7929,AG,Physical Port Down,2026-02-18 14:58:51,2026-02-18 14:58:51,1802.97,1,THE,UNREPORTED,UNKNOWN,-,-,NORMAL,0.88,link_down
alarm_02722,current_alarm_snapshot,2026-05-04 17:57:19,CRITICAL,asset_4547d398db,AG,Board Invalid,2026-02-19 10:10:39,2026-02-19 10:10:39,1783.78,1,UNKNOWN,UNKNOWN,UNKNOWN,-,-,NORMAL,0.88,equipment_module
alarm_02723,current_alarm_snapshot,2026-05-04 17:57:19,CRITICAL,asset_4547d398db,AG,Board Invalid,2026-02-19 10:10:47,2026-02-19 10:10:47,1783.78,1,UNKNOWN,UNKNOWN,UNKNOWN,-,-,NORMAL,0.88,power_energy
alarm_02724,current_alarm_snapshot,2026-05-04 17:57:19,CRITICAL,asset_25e5536fdb,AR,Physical Port Down,2026-02-19 11:30:06,2026-02-19 11:30:06,1782.45,1,LOS,DOWN,UP,-,-,NORMAL,0.88,link_down
alarm_02725,current_alarm_snapshot,2026-05-04 17:57:19,CRITICAL,asset_299454a380,CP,Physical Port Down,2026-02-19 21:14:51,2026-02-19 21:14:51,1772.71,1,THE,UNREPORTED,UNKNOWN,-,-,NORMAL,0.88,link_down
alarm_02726,current_alarm_snapshot,2026-05-04 17:57:19,CRITICAL,asset_299454a380,CP,Physical Port Down,2026-02-19 21:14:51,2026-02-19 21:14:51,1772.71,1,THE,UNREPORTED,UNKNOWN,-,-,NORMAL,0.88,link_down
alarm_02727,current_alarm_snapshot,2026-05-04 17:57:19,CRITICAL,asset_299454a380,CP,Physical Port Down,2026-02-19 21:14:51,2026-02-19 21:14:51,1772.71,1,THE,UNREPORTED,UNKNOWN,-,-,NORMAL,0.88,link_down
alarm_02728,current_alarm_snapshot,2026-05-04 17:57:19,CRITICAL,asset_299454a380,CP,Physical Port Down,2026-02-19 21:14:55,2026-02-19 21:14:55,1772.71,1,THE,UNREPORTED,UNKNOWN,-,-,NORMAL,0.88,link_down
alarm_02729,current_alarm_snapshot,2026-05-04 17:57:19,CRITICAL,asset_299454a380,CP,Physical Port Down,2026-02-19 21:14:55,2026-02-19 21:14:55,1772.71,1,THE,UNREPORTED,UNKNOWN,-,-,NORMAL,0.88,link_down
alarm_02730,current_alarm_snapshot,2026-05-04 17:57:19,CRITICAL,asset_299454a380,CP,Physical Port Down,2026-02-19 21:14:55,2026-02-19 21:14:55,1772.71,1,THE,UNREPORTED,UNKNOWN,-,-,NORMAL,0.88,link_down
alarm_02731,current_alarm_snapshot,2026-05-04 17:57:19,CRITICAL,asset_299454a380,CP,Physical Port Down,2026-02-19 21:14:55,2026-02-19 21:14:55,1772.71,1,THE,UNREPORTED,UNKNOWN,-,-,NORMAL,0.88,link_down
alarm_02732,current_alarm_snapshot,2026-05-04 17:57:19,CRITICAL,asset_4bfac6310a,AR,Physical Port Down,2026-02-20 09:29:56,2026-02-20 09:29:56,1760.46,1,LOS,DOWN,UP,-,-,NORMAL,0.88,link_down
alarm_02733,current_alarm_snapshot,2026-05-04 17:57:19,CRITICAL,asset_9e4807a225,AR,Physical Port Down,2026-02-20 11:29:34,2026-02-20 11:29:34,1758.46,1,LOS,DOWN,UP,-,-,NORMAL,0.88,link_down
alarm_02734,current_alarm_snapshot,2026-05-04 17:57:19,CRITICAL,asset_c4ad217d9c,AR,Physical Port Down,2026-02-20 14:23:18,2026-02-20 14:23:18,1755.57,1,LOS,DOWN,UP,-,-,NORMAL,0.88,link_down
alarm_02735,current_alarm_snapshot,2026-05-04 17:57:19,CRITICAL,asset_918d779f38,AR,The Device is offline,2026-02-20 15:49:53,2026-02-20 15:49:53,1754.12,1,UNKNOWN,UNKNOWN,UNKNOWN,-,-,NORMAL,0.88,other
alarm_02736,current_alarm_snapshot,2026-05-04 17:57:19,CRITICAL,asset_df88fb16ec,AR,The Device is offline,2026-02-20 15:50:13,2026-02-20 15:50:13,1754.12,1,UNKNOWN,UNKNOWN,UNKNOWN,-,-,NORMAL,0.88,other
alarm_02737,current_alarm_snapshot,2026-05-04 17:57:19,CRITICAL,asset_cdb812fc01,AR,The Device is offline,2026-02-20 15:50:13,2026-02-20 15:50:13,1754.12,1,UNKNOWN,UNKNOWN,UNKNOWN,-,-,NORMAL,0.88,other
alarm_02738,current_alarm_snapshot,2026-05-04 17:57:19,CRITICAL,asset_f319c17cef,AR,The Device is offline,2026-02-20 15:51:20,2026-02-20 15:51:20,1754.1,1,UNKNOWN,UNKNOWN,UNKNOWN,-,-,NORMAL,0.88,other
alarm_02739,current_alarm_snapshot,2026-05-04 17:57:19,CRITICAL,asset_c984b940d2,AR,Physical Port Down,2026-02-20 18:22:59,2026-02-20 18:22:59,1751.57,1,LOS,DOWN,UP,-,-,NORMAL,0.88,link_down
alarm_02740,current_alarm_snapshot,2026-05-04 17:57:19,CRITICAL,asset_c984b940d2,AR,Physical Port Down,2026-02-20 18:23:07,2026-02-20 18:23:07,1751.57,1,LOS,DOWN,UP,-,-,NORMAL,0.88,link_down
alarm_02741,current_alarm_snapshot,2026-05-04 17:57:19,CRITICAL,asset_a863d1ef03,AR,Physical Port Down,2026-02-20 20:07:51,2026-02-20 20:07:51,1749.82,1,LOS,DOWN,UP,-,-,NORMAL,0.88,link_down
alarm_02742,current_alarm_snapshot,2026-05-04 17:57:19,CRITICAL,asset_262a896d55,AR,Physical Port Down,2026-02-20 23:35:55,2026-02-20 23:35:55,1746.36,1,LOS,DOWN,UP,-,-,NORMAL,0.88,link_down
alarm_02743,current_alarm_snapshot,2026-05-04 17:57:19,CRITICAL,asset_7acde94ebc,AR,Physical Port Down,2026-02-22 10:45:17,2026-02-22 10:45:17,1711.2,1,LOS,DOWN,UP,-,-,NORMAL,0.88,link_down
alarm_02744,current_alarm_snapshot,2026-05-04 17:57:19,CRITICAL,asset_7acde94ebc,AR,Physical Port Down,2026-02-22 10:45:18,2026-02-22 10:45:18,1711.2,1,LOS,DOWN,UP,-,-,NORMAL,0.88,link_down
alarm_02745,current_alarm_snapshot,2026-05-04 17:57:19,CRITICAL,asset_f74a427323,AR,Physical Port Down,2026-02-22 15:00:21,2026-02-22 15:00:21,1706.95,1,LOS,DOWN,UP,-,-,NORMAL,0.88,link_down
alarm_02746,current_alarm_snapshot,2026-05-04 17:57:19,CRITICAL,asset_f74a427323,AR,Physical Port Down,2026-02-22 15:00:21,2026-02-22 15:00:21,1706.95,1,LOS,DOWN,UP,-,-,NORMAL,0.88,link_down
alarm_02747,current_alarm_snapshot,2026-05-04 17:57:19,CRITICAL,asset_7ad2d261ce,AR,Physical Port Down,2026-02-22 15:15:27,2026-02-22 15:15:27,1706.7,1,LOS,DOWN,UP,-,-,NORMAL,0.88,link_down
alarm_02748,current_alarm_snapshot,2026-05-04 17:57:19,CRITICAL,asset_966562c9e4,AR,Physical Port Down,2026-02-22 18:41:03,2026-02-22 18:41:03,1703.27,1,LOS,DOWN,UP,-,-,NORMAL,0.88,link_down
alarm_02749,current_alarm_snapshot,2026-05-04 17:57:19,CRITICAL,asset_a442ce18a1,AR,Physical Port Down,2026-02-23 09:59:25,2026-02-23 09:59:25,1687.96,1,LOS,UNREPORTED,UNKNOWN,-,-,NORMAL,0.88,link_down
alarm_02750,current_alarm_snapshot,2026-05-04 17:57:19,CRITICAL,asset_b088d17723,AR,Physical Port Down,2026-02-23 14:04:19,2026-02-23 14:04:19,1683.88,1,LOS,UNREPORTED,UNKNOWN,-,-,NORMAL,0.88,link_down
alarm_02751,current_alarm_snapshot,2026-05-04 17:57:19,CRITICAL,asset_d103f074cd,AR,Physical Port Down,2026-02-23 16:16:12,2026-02-23 16:16:12,1681.69,1,LOS,UNREPORTED,UNKNOWN,-,-,NORMAL,0.88,link_down
alarm_02752,current_alarm_snapshot,2026-05-04 17:57:19,CRITICAL,asset_d103f074cd,AR,Physical Port Down,2026-02-23 16:20:20,2026-02-23 16:20:20,1681.62,1,LOS,UNREPORTED,UNKNOWN,-,-,NORMAL,0.88,link_down
alarm_02753,current_alarm_snapshot,2026-05-04 17:57:19,CRITICAL,asset_d103f074cd,AR,Physical Port Down,2026-02-23 17:09:13,2026-02-23 17:09:13,1680.8,1,NEGOTIATION_FAIL,UNREPORTED,UNKNOWN,-,-,NORMAL,0.88,link_down
alarm_02754,current_alarm_snapshot,2026-05-04 17:57:19,CRITICAL,asset_7c039a04c9,AR,Physical Port Down,2026-02-23 17:34:26,2026-02-23 17:34:26,1680.38,1,SHUTDOWN,DOWN,DOWN,-,-,NORMAL,0.88,link_down
alarm_02755,current_alarm_snapshot,2026-05-04 17:57:19,CRITICAL,asset_12d456e062,AR,Physical Port Down,2026-02-24 14:08:16,2026-02-24 14:08:16,1659.82,1,LOS,UNREPORTED,UNKNOWN,-,-,NORMAL,0.88,link_down
alarm_02756,current_alarm_snapshot,2026-05-04 17:57:19,CRITICAL,asset_e85b76d2b0,AG,Physical Port Down,2026-02-24 15:20:01,2026-02-24 15:20:01,1658.62,1,LOS,DOWN,UP,-,-,NORMAL,0.88,link_down
alarm_02757,current_alarm_snapshot,2026-05-04 17:57:19,CRITICAL,asset_12d456e062,AR,Physical Port Down,2026-02-24 16:24:22,2026-02-24 16:24:22,1657.55,1,NEGOTIATION_FAIL,UNREPORTED,UNKNOWN,-,-,NORMAL,0.88,link_down
alarm_02758,current_alarm_snapshot,2026-05-04 17:57:19,CRITICAL,asset_97ea2556ff,AR,Physical Port Down,2026-02-24 16:57:43,2026-02-24 16:57:43,1656.99,1,LINK_FAULT,DOWN,UP,-,-,NORMAL,0.88,link_down
alarm_02759,current_alarm_snapshot,2026-05-04 17:57:19,CRITICAL,asset_12d456e062,AR,Physical Port Down,2026-02-24 17:04:59,2026-02-24 17:04:59,1656.87,1,LOS,UNREPORTED,UNKNOWN,-,-,NORMAL,0.88,link_down
alarm_02760,current_alarm_snapshot,2026-05-04 17:57:19,CRITICAL,asset_12d456e062,AR,Physical Port Down,2026-02-24 17:12:12,2026-02-24 17:12:12,1656.75,1,LOS,UNREPORTED,UNKNOWN,-,-,NORMAL,0.88,link_down
alarm_02761,current_alarm_snapshot,2026-05-04 17:57:19,CRITICAL,asset_5139d86e25,AR,Physical Port Down,2026-02-24 17:28:17,2026-02-24 17:28:17,1656.48,1,LOS,UNREPORTED,UNKNOWN,-,-,NORMAL,0.88,link_down
alarm_02762,current_alarm_snapshot,2026-05-04 17:57:19,CRITICAL,asset_4340219477,IPBN,Physical Port Down,2026-02-24 19:18:40,2026-02-24 19:18:40,1654.64,1,THE,UNREPORTED,UNKNOWN,-,-,NORMAL,0.88,equipment_module
alarm_02763,current_alarm_snapshot,2026-05-04 17:57:19,CRITICAL,asset_4340219477,IPBN,Physical Port Down,2026-02-24 19:18:40,2026-02-24 19:18:40,1654.64,1,THE,UNREPORTED,UNKNOWN,-,-,NORMAL,0.88,equipment_module
alarm_02764,current_alarm_snapshot,2026-05-04 17:57:19,CRITICAL,asset_4340219477,IPBN,Physical Port Down,2026-02-24 19:18:40,2026-02-24 19:18:40,1654.64,1,THE,UNREPORTED,UNKNOWN,-,-,NORMAL,0.88,equipment_module
alarm_02765,current_alarm_snapshot,2026-05-04 17:57:19,CRITICAL,asset_4340219477,IPBN,Physical Port Down,2026-02-24 19:18:40,2026-02-24 19:18:40,1654.64,1,THE,UNREPORTED,UNKNOWN,-,-,NORMAL,0.88,equipment_module
alarm_02766,current_alarm_snapshot,2026-05-04 17:57:19,CRITICAL,asset_4340219477,IPBN,Physical Port Down,2026-02-24 19:18:40,2026-02-24 19:18:40,1654.64,1,THE,UNREPORTED,UNKNOWN,-,-,NORMAL,0.88,equipment_module
alarm_02767,current_alarm_snapshot,2026-05-04 17:57:19,CRITICAL,asset_4340219477,IPBN,Physical Port Down,2026-02-24 19:18:40,2026-02-24 19:18:40,1654.64,1,THE,UNREPORTED,UNKNOWN,-,-,NORMAL,0.88,equipment_module
alarm_02768,current_alarm_snapshot,2026-05-04 17:57:19,CRITICAL,asset_4340219477,IPBN,Physical Port Down,2026-02-24 19:18:40,2026-02-24 19:18:40,1654.64,1,THE,UNREPORTED,UNKNOWN,-,-,NORMAL,0.88,equipment_module
alarm_02769,current_alarm_snapshot,2026-05-04 17:57:19,CRITICAL,asset_4340219477,IPBN,Physical Port Down,2026-02-24 19:18:40,2026-02-24 19:18:40,1654.64,1,THE,UNREPORTED,UNKNOWN,-,-,NORMAL,0.88,equipment_module
alarm_02770,current_alarm_snapshot,2026-05-04 17:57:19,CRITICAL,asset_4340219477,IPBN,Physical Port Down,2026-02-24 19:18:41,2026-02-24 19:18:41,1654.64,1,THE,UNREPORTED,UNKNOWN,-,-,NORMAL,0.88,equipment_module
alarm_02771,current_alarm_snapshot,2026-05-04 17:57:19,CRITICAL,asset_4340219477,IPBN,Physical Port Down,2026-02-24 19:18:41,2026-02-24 19:18:41,1654.64,1,THE,UNREPORTED,UNKNOWN,-,-,NORMAL,0.88,equipment_module
alarm_02772,current_alarm_snapshot,2026-05-04 17:57:19,CRITICAL,asset_766250201f,AG,Physical Port Down,2026-02-25 15:04:08,2026-02-25 15:04:08,1634.89,1,SHUTDOWN,DOWN,DOWN,-,-,NORMAL,0.88,link_down
alarm_02773,current_alarm_snapshot,2026-05-04 17:57:19,CRITICAL,asset_f1696b2dfb,AR,Physical Port Down,2026-02-25 17:36:51,2026-02-25 17:36:51,1632.34,1,0,UNREPORTED,UNREPORTED,-,-,NORMAL,0.88,link_down
alarm_02774,current_alarm_snapshot,2026-05-04 17:57:19,CRITICAL,asset_f5a7ed5b48,SW,The Device is offline,2026-02-25 18:40:20,2026-02-25 18:40:20,1631.28,1,UNKNOWN,UNKNOWN,UNKNOWN,-,-,NORMAL,0.88,other
alarm_02775,current_alarm_snapshot,2026-05-04 17:57:19,CRITICAL,asset_22fc7458b7,AR,Physical Port Down,2026-02-25 20:53:49,2026-02-25 20:53:49,1629.06,1,LOS,UNREPORTED,UNKNOWN,-,-,NORMAL,0.88,link_down
alarm_02776,current_alarm_snapshot,2026-05-04 17:57:19,CRITICAL,asset_ed52097fe3,AR,Physical Port Down,2026-02-25 23:13:32,2026-02-25 23:13:32,1626.73,1,LOS,DOWN,UP,-,-,NORMAL,0.88,link_down
alarm_02777,current_alarm_snapshot,2026-05-04 17:57:19,CRITICAL,asset_f46462f2ed,AR,Physical Port Down,2026-02-26 11:14:53,2026-02-26 11:14:53,1614.71,1,LOS,DOWN,UP,-,-,NORMAL,0.88,link_down
alarm_02778,current_alarm_snapshot,2026-05-04 17:57:19,CRITICAL,asset_5f353d73d4,AR,Physical Port Down,2026-02-26 11:20:45,2026-02-26 11:20:45,1614.61,1,LOS,DOWN,UP,-,-,NORMAL,0.88,link_down
alarm_02779,current_alarm_snapshot,2026-05-04 17:57:19,CRITICAL,asset_a7742cf675,AR,Physical Port Down,2026-02-26 11:22:04,2026-02-26 11:22:04,1614.59,1,LOS,DOWN,UP,-,-,NORMAL,0.88,link_down
alarm_02780,current_alarm_snapshot,2026-05-04 17:57:19,CRITICAL,asset_97558d4ebe,AG,Physical Port Down,2026-02-26 12:25:44,2026-02-26 12:25:44,1613.53,1,NEGOTIATION_FAIL,DOWN,UP,-,-,NORMAL,0.88,link_down
alarm_02781,current_alarm_snapshot,2026-05-04 17:57:19,CRITICAL,asset_1ab4aaca82,AR,Physical Port Down,2026-02-26 12:25:44,2026-02-26 12:25:44,1613.53,1,LOS,UNREPORTED,UNKNOWN,-,-,NORMAL,0.88,link_down
alarm_02782,current_alarm_snapshot,2026-05-04 17:57:19,CRITICAL,asset_ab5fc6ed40,AG,Physical Port Down,2026-02-26 13:28:57,2026-02-26 13:28:57,1612.47,1,LOS,DOWN,UP,-,-,NORMAL,0.88,link_down
alarm_02783,current_alarm_snapshot,2026-05-04 17:57:19,CRITICAL,asset_f2e611c381,AG,Physical Port Down,2026-02-26 15:22:52,2026-02-26 15:22:52,1610.57,1,LOS,DOWN,UP,-,-,NORMAL,0.88,link_down
alarm_02784,current_alarm_snapshot,2026-05-04 17:57:19,CRITICAL,asset_5a5e39591d,SW,The Device is offline,2026-02-26 16:11:35,2026-02-26 16:11:35,1609.76,1,UNKNOWN,UNKNOWN,UNKNOWN,-,-,NORMAL,0.88,other
alarm_02785,current_alarm_snapshot,2026-05-04 17:57:19,CRITICAL,asset_6bf43b7e56,AR,Physical Port Down,2026-02-26 16:11:55,2026-02-26 16:11:55,1609.76,1,0,UNREPORTED,UNREPORTED,-,-,NORMAL,0.88,link_down
alarm_02786,current_alarm_snapshot,2026-05-04 17:57:19,CRITICAL,asset_f46462f2ed,AR,Physical Port Down,2026-02-26 18:57:26,2026-02-26 18:57:26,1607.0,1,LOS,DOWN,UP,-,-,NORMAL,0.88,link_down
alarm_02787,current_alarm_snapshot,2026-05-04 17:57:19,CRITICAL,asset_f46462f2ed,AR,Physical Port Down,2026-02-26 18:57:26,2026-02-26 18:57:26,1607.0,1,LOS,DOWN,UP,-,-,NORMAL,0.88,link_down
alarm_02788,current_alarm_snapshot,2026-05-04 17:57:19,CRITICAL,asset_e043c8506a,AR,The Device is offline,2026-02-26 19:26:00,2026-02-26 19:26:00,1606.52,1,UNKNOWN,UNKNOWN,UNKNOWN,-,-,NORMAL,0.88,other
alarm_02789,current_alarm_snapshot,2026-05-04 17:57:19,CRITICAL,asset_22fc7458b7,AR,Physical Port Down,2026-02-26 21:00:03,2026-02-26 21:00:03,1604.95,1,TRANSCEIVER_OFFLINE,UNREPORTED,UNKNOWN,-,-,NORMAL,0.88,link_down
alarm_02790,current_alarm_snapshot,2026-05-04 17:57:19,CRITICAL,asset_27d941dc63,AG,Physical Port Down,2026-02-27 12:23:18,2026-02-27 12:23:18,1589.57,1,LOS,DOWN,UP,-,-,NORMAL,0.88,link_down
alarm_02791,current_alarm_snapshot,2026-05-04 17:57:19,CRITICAL,asset_27d941dc63,AG,Physical Port Down,2026-02-27 12:23:20,2026-02-27 12:23:20,1589.57,1,LOS,DOWN,UP,-,-,NORMAL,0.88,link_down
alarm_02792,current_alarm_snapshot,2026-05-04 17:57:19,CRITICAL,asset_084c3241a2,AR,Physical Port Down,2026-02-27 13:51:59,2026-02-27 13:51:59,1588.09,1,LOS,DOWN,UP,-,-,NORMAL,0.88,link_down
alarm_02793,current_alarm_snapshot,2026-05-04 17:57:19,CRITICAL,asset_39b7b7b32f,AR,Physical Port Down,2026-02-27 13:54:40,2026-02-27 13:54:40,1588.04,1,LOS,DOWN,UP,-,-,NORMAL,0.88,link_down
alarm_02794,current_alarm_snapshot,2026-05-04 17:57:19,CRITICAL,asset_0bbc6f051e,AR,Physical Port Down,2026-02-27 14:09:38,2026-02-27 14:09:38,1587.79,1,LOS,DOWN,UP,-,-,NORMAL,0.88,link_down
alarm_02795,current_alarm_snapshot,2026-05-04 17:57:19,CRITICAL,asset_f7bdab4581,AR,Physical Port Down,2026-02-27 15:59:35,2026-02-27 15:59:35,1585.96,1,LOS,DOWN,UP,-,-,NORMAL,0.88,link_down
alarm_02796,current_alarm_snapshot,2026-05-04 17:57:19,CRITICAL,asset_7b362dc4b2,AR,Physical Port Down,2026-02-27 17:15:06,2026-02-27 17:15:06,1584.7,1,LOS,UP,UP,-,-,NORMAL,0.88,link_down
alarm_02797,current_alarm_snapshot,2026-05-04 17:57:19,CRITICAL,asset_82889b535c,AR,Physical Port Down,2026-02-27 17:44:54,2026-02-27 17:44:54,1584.21,1,LOS,DOWN,UP,-,-,NORMAL,0.88,link_down
alarm_02798,current_alarm_snapshot,2026-05-04 17:57:19,CRITICAL,asset_2f638d4e5d,AR,Physical Port Down,2026-02-27 18:08:56,2026-02-27 18:08:56,1583.81,1,LOS,UNREPORTED,UNKNOWN,-,-,NORMAL,0.88,link_down
alarm_02799,current_alarm_snapshot,2026-05-04 17:57:19,CRITICAL,asset_ee3a182b2e,AG,Physical Port Down,2026-02-27 18:22:26,2026-02-27 18:22:26,1583.58,1,NEGOTIATION_FAIL,DOWN,UP,-,-,NORMAL,0.88,link_down
alarm_02800,current_alarm_snapshot,2026-05-04 17:57:19,CRITICAL,asset_d8b3d967e6,AR,The Device is offline,2026-02-27 18:51:36,2026-02-27 18:51:36,1583.1,1,UNKNOWN,UNKNOWN,UNKNOWN,-,-,NORMAL,0.88,other
alarm_02801,current_alarm_snapshot,2026-05-04 17:57:19,CRITICAL,asset_588c13f96b,AR,Physical Port Down,2026-02-28 11:23:46,2026-02-28 11:23:46,1566.56,1,LOS,DOWN,UP,-,-,NORMAL,0.88,link_down
alarm_02802,current_alarm_snapshot,2026-05-04 17:57:19,CRITICAL,asset_588c13f96b,AR,Physical Port Down,2026-02-28 11:23:46,2026-02-28 11:23:46,1566.56,1,LOS,DOWN,UP,-,-,NORMAL,0.88,link_down
alarm_02803,current_alarm_snapshot,2026-05-04 17:57:19,CRITICAL,asset_588c13f96b,AR,Physical Port Down,2026-02-28 11:23:46,2026-02-28 11:23:46,1566.56,1,LOS,DOWN,UP,-,-,NORMAL,0.88,link_down
alarm_02804,current_alarm_snapshot,2026-05-04 17:57:19,CRITICAL,asset_ae82c292d7,AR,Physical Port Down,2026-02-28 13:27:29,2026-02-28 13:27:29,1564.5,1,LOS,UP,UP,-,-,NORMAL,0.88,link_down
alarm_02805,current_alarm_snapshot,2026-05-04 17:57:19,CRITICAL,asset_ae82c292d7,AR,Physical Port Down,2026-02-28 13:41:50,2026-02-28 13:41:50,1564.26,1,LOS,UP,UP,-,-,NORMAL,0.88,link_down
alarm_02806,current_alarm_snapshot,2026-05-04 17:57:19,CRITICAL,asset_1a9d3b66ad,AG,Physical Port Down,2026-02-28 14:40:45,2026-02-28 14:40:45,1563.28,1,LOS,DOWN,UP,-,-,NORMAL,0.88,link_down
alarm_02807,current_alarm_snapshot,2026-05-04 17:57:19,CRITICAL,asset_1a9d3b66ad,AG,Physical Port Down,2026-02-28 15:02:23,2026-02-28 15:02:23,1562.92,1,LOS,DOWN,UP,-,-,NORMAL,0.88,link_down
alarm_02808,current_alarm_snapshot,2026-05-04 17:57:19,CRITICAL,asset_aae2ccc22e,AR,Physical Port Down,2026-02-28 15:34:42,2026-02-28 15:34:42,1562.38,1,0,UNREPORTED,UNREPORTED,-,-,NORMAL,0.88,link_down
alarm_02809,current_alarm_snapshot,2026-05-04 17:57:19,CRITICAL,asset_2c74722ea6,AG,Physical Port Down,2026-02-28 20:39:35,2026-02-28 20:39:35,1557.3,1,LOS,DOWN,UP,-,-,NORMAL,0.88,link_down
alarm_02810,current_alarm_snapshot,2026-05-04 17:57:19,CRITICAL,asset_f8fb055671,AR,Physical Port Down,2026-02-28 22:51:18,2026-02-28 22:51:18,1555.1,1,LOS,DOWN,UP,-,-,NORMAL,0.88,link_down
alarm_02811,current_alarm_snapshot,2026-05-04 17:57:19,CRITICAL,asset_f8fb055671,AR,Physical Port Down,2026-02-28 23:27:52,2026-02-28 23:27:52,1554.49,1,0,UNREPORTED,UNREPORTED,-,-,NORMAL,0.88,link_down
alarm_02812,current_alarm_snapshot,2026-05-04 17:57:19,CRITICAL,asset_7075266805,AR,Physical Port Down,2026-03-01 16:14:16,2026-03-01 16:14:16,1537.72,1,LOS,DOWN,UP,-,-,NORMAL,0.88,link_down
alarm_02813,current_alarm_snapshot,2026-05-04 17:57:19,CRITICAL,asset_7075266805,AR,Physical Port Down,2026-03-01 16:14:16,2026-03-01 16:14:16,1537.72,1,LOS,DOWN,UP,-,-,NORMAL,0.88,link_down
alarm_02814,current_alarm_snapshot,2026-05-04 17:57:19,CRITICAL,asset_f9975c2569,AR,The Device is offline,2026-03-01 18:49:58,2026-03-01 18:49:58,1535.12,1,UNKNOWN,UNKNOWN,UNKNOWN,-,-,NORMAL,0.88,other
alarm_02815,current_alarm_snapshot,2026-05-04 17:57:19,CRITICAL,asset_be4e0a2b3a,AR,Physical Port Down,2026-03-02 13:26:53,2026-03-02 13:26:53,1516.51,1,LOS,DOWN,UP,-,-,NORMAL,0.88,link_down
alarm_02816,current_alarm_snapshot,2026-05-04 17:57:19,CRITICAL,asset_4eb97e97a1,AR,Physical Port Down,2026-03-02 19:34:38,2026-03-02 19:34:38,1510.38,1,0,UNREPORTED,UNREPORTED,-,-,NORMAL,0.88,link_down
alarm_02817,current_alarm_snapshot,2026-05-04 17:57:19,CRITICAL,asset_14476ccfd8,AR,Physical Port Down,2026-03-03 06:19:16,2026-03-03 06:19:16,1499.63,1,LOS,DOWN,UP,-,-,NORMAL,0.88,link_down
alarm_02818,current_alarm_snapshot,2026-05-04 17:57:19,CRITICAL,asset_16af83ea6e,AR,Physical Port Down,2026-03-03 06:30:59,2026-03-03 06:30:59,1499.44,1,LOS,DOWN,UP,-,-,NORMAL,0.88,link_down
alarm_02819,current_alarm_snapshot,2026-05-04 17:57:19,CRITICAL,asset_7fd801189c,AR,Physical Port Down,2026-03-03 14:34:55,2026-03-03 14:34:55,1491.37,1,LOS,UNREPORTED,UNKNOWN,-,-,NORMAL,0.88,link_down
alarm_02820,current_alarm_snapshot,2026-05-04 17:57:19,CRITICAL,asset_3d75100d6c,AR,Physical Port Down,2026-03-03 18:02:30,2026-03-03 18:02:30,1487.91,1,SHUTDOWN,DOWN,DOWN,-,-,NORMAL,0.88,link_down
alarm_02821,current_alarm_snapshot,2026-05-04 17:57:19,CRITICAL,asset_f575df94cc,AG,Physical Port Down,2026-03-04 12:08:00,2026-03-04 12:08:00,1469.82,1,SHUTDOWN,DOWN,DOWN,-,-,NORMAL,0.88,link_down
alarm_02822,current_alarm_snapshot,2026-05-04 17:57:19,CRITICAL,asset_f575df94cc,AG,Physical Port Down,2026-03-04 12:08:00,2026-03-04 12:08:00,1469.82,1,SHUTDOWN,DOWN,DOWN,-,-,NORMAL,0.88,link_down
alarm_02823,current_alarm_snapshot,2026-05-04 17:57:19,CRITICAL,asset_59eeb7921b,AR,Physical Port Down,2026-03-05 08:07:54,2026-03-05 08:07:54,1449.82,1,NEGOTIATION_FAIL,UP,UP,-,-,NORMAL,0.88,link_down
alarm_02824,current_alarm_snapshot,2026-05-04 17:57:19,CRITICAL,asset_7933b0bcd4,AR,Physical Port Down,2026-03-05 08:16:34,2026-03-05 08:16:34,1449.68,1,LOS,DOWN,UP,-,-,NORMAL,0.88,link_down
alarm_02825,current_alarm_snapshot,2026-05-04 17:57:19,CRITICAL,asset_7933b0bcd4,AR,Physical Port Down,2026-03-05 08:16:34,2026-03-05 08:16:34,1449.68,1,LOS,DOWN,UP,-,-,NORMAL,0.88,link_down
alarm_02826,current_alarm_snapshot,2026-05-04 17:57:19,CRITICAL,asset_f38bec602d,AR,Physical Port Down,2026-03-05 12:37:37,2026-03-05 12:37:37,1445.33,1,LOS,UNREPORTED,UNKNOWN,-,-,NORMAL,0.88,link_down
alarm_02827,current_alarm_snapshot,2026-05-04 17:57:19,CRITICAL,asset_3d9a9c6e26,AR,Physical Port Down,2026-03-05 12:40:02,2026-03-05 12:40:02,1445.29,1,LOS,UNREPORTED,UNKNOWN,-,-,NORMAL,0.88,link_down
alarm_02828,current_alarm_snapshot,2026-05-04 17:57:19,CRITICAL,asset_1010eb3cb9,AR,Physical Port Down,2026-03-05 13:08:07,2026-03-05 13:08:07,1444.82,1,LOS,DOWN,UP,-,-,NORMAL,0.88,link_down
alarm_02829,current_alarm_snapshot,2026-05-04 17:57:19,CRITICAL,asset_a8cfd94dc5,AR,Physical Port Down,2026-03-05 15:27:41,2026-03-05 15:27:41,1442.49,1,0,UNREPORTED,UNREPORTED,-,-,NORMAL,0.88,link_down
alarm_02830,current_alarm_snapshot,2026-05-04 17:57:19,CRITICAL,asset_3acb57e1d7,AR,Physical Port Down,2026-03-05 15:41:12,2026-03-05 15:41:12,1442.27,1,LOS,DOWN,UP,-,-,NORMAL,0.88,link_down
alarm_02831,current_alarm_snapshot,2026-05-04 17:57:19,CRITICAL,asset_af32f583ff,AR,Physical Port Down,2026-03-05 17:03:00,2026-03-05 17:03:00,1440.91,1,0,UNREPORTED,UNREPORTED,-,-,NORMAL,0.88,link_down
alarm_02832,current_alarm_snapshot,2026-05-04 17:57:19,CRITICAL,asset_50f53bf44a,CP,Physical Port Down,2026-03-05 20:08:20,2026-03-05 20:08:20,1437.82,1,THE,UNREPORTED,UNKNOWN,-,-,NORMAL,0.88,link_down
alarm_02833,current_alarm_snapshot,2026-05-04 17:57:19,CRITICAL,asset_f335351ce8,AR,Physical Port Down,2026-03-06 07:29:34,2026-03-06 07:29:34,1426.46,1,LOS,DOWN,UP,-,-,NORMAL,0.88,link_down
alarm_02834,current_alarm_snapshot,2026-05-04 17:57:19,CRITICAL,asset_33967611a1,AR,Physical Port Down,2026-03-06 09:40:30,2026-03-06 09:40:30,1424.28,1,LOS,DOWN,UP,-,-,NORMAL,0.88,link_down
alarm_02835,current_alarm_snapshot,2026-05-04 17:57:19,CRITICAL,asset_c0c4a63ee6,AR,Physical Port Down,2026-03-06 10:30:11,2026-03-06 10:30:11,1423.45,1,LOS,UP,UP,-,-,NORMAL,0.88,link_down
alarm_02836,current_alarm_snapshot,2026-05-04 17:57:19,CRITICAL,asset_82a3f14cd8,AR,Physical Port Down,2026-03-06 12:18:51,2026-03-06 12:18:51,1421.64,1,LOS,UNREPORTED,UNKNOWN,-,-,NORMAL,0.88,link_down
alarm_02837,current_alarm_snapshot,2026-05-04 17:57:19,CRITICAL,asset_8f436e66e1,AR,Physical Port Down,2026-03-06 12:20:09,2026-03-06 12:20:09,1421.62,1,LOS,UNREPORTED,UNKNOWN,-,-,NORMAL,0.88,link_down
alarm_02838,current_alarm_snapshot,2026-05-04 17:57:19,CRITICAL,asset_d74feef97d,AR,Physical Port Down,2026-03-06 12:59:43,2026-03-06 12:59:43,1420.96,1,LOS,DOWN,UP,-,-,NORMAL,0.88,link_down
alarm_02839,current_alarm_snapshot,2026-05-04 17:57:19,CRITICAL,asset_fb9d37cc20,AR,Physical Port Down,2026-03-06 14:02:57,2026-03-06 14:02:57,1419.91,1,LOS,DOWN,UP,-,-,NORMAL,0.88,link_down
alarm_02840,current_alarm_snapshot,2026-05-04 17:57:19,CRITICAL,asset_5fd51b72d8,AR,Physical Port Down,2026-03-06 16:04:35,2026-03-06 16:04:35,1417.88,1,LOS,UP,UP,-,-,NORMAL,0.88,link_down
alarm_02841,current_alarm_snapshot,2026-05-04 17:57:19,CRITICAL,asset_13739e6e08,AR,Physical Port Down,2026-03-06 16:14:27,2026-03-06 16:14:27,1417.71,1,0,UNREPORTED,UNREPORTED,-,-,NORMAL,0.88,link_down
alarm_02842,current_alarm_snapshot,2026-05-04 17:57:19,CRITICAL,asset_70257e8963,AR,Physical Port Down,2026-03-06 16:28:45,2026-03-06 16:28:45,1417.48,1,NEGOTIATION_FAIL,UNREPORTED,UNKNOWN,-,-,NORMAL,0.88,link_down
alarm_02843,current_alarm_snapshot,2026-05-04 17:57:19,CRITICAL,asset_5fd51b72d8,AR,Physical Port Down,2026-03-06 16:41:13,2026-03-06 16:41:13,1417.27,1,LOS,UP,UP,-,-,NORMAL,0.88,link_down
alarm_02844,current_alarm_snapshot,2026-05-04 17:57:19,CRITICAL,asset_5fd51b72d8,AR,Physical Port Down,2026-03-06 17:08:50,2026-03-06 17:08:50,1416.81,1,OTHER_SOFT_DOWN,UP,UP,-,-,NORMAL,0.88,link_down
alarm_02845,current_alarm_snapshot,2026-05-04 17:57:19,CRITICAL,asset_d74feef97d,AR,Physical Port Down,2026-03-06 17:49:15,2026-03-06 17:49:15,1416.13,1,SHUTDOWN,DOWN,DOWN,-,-,NORMAL,0.88,link_down
alarm_02846,current_alarm_snapshot,2026-05-04 17:57:19,CRITICAL,asset_576a2d7749,AR,Physical Port Down,2026-03-06 18:01:24,2026-03-06 18:01:24,1415.93,1,LOS,DOWN,UP,-,-,NORMAL,0.88,link_down
alarm_02847,current_alarm_snapshot,2026-05-04 17:57:19,CRITICAL,asset_d74feef97d,AR,Physical Port Down,2026-03-06 18:14:09,2026-03-06 18:14:09,1415.72,1,LOS,DOWN,UP,-,-,NORMAL,0.88,link_down
alarm_02848,current_alarm_snapshot,2026-05-04 17:57:19,CRITICAL,asset_084c3241a2,AR,Physical Port Down,2026-03-06 18:14:09,2026-03-06 18:14:09,1415.72,1,SHUTDOWN,DOWN,DOWN,-,-,NORMAL,0.88,link_down
alarm_02849,current_alarm_snapshot,2026-05-04 17:57:19,CRITICAL,asset_740515765d,AG,Physical Port Down,2026-03-06 18:23:40,2026-03-06 18:23:40,1415.56,1,LOS,DOWN,UP,-,-,NORMAL,0.88,link_down
alarm_02850,current_alarm_snapshot,2026-05-04 17:57:19,CRITICAL,asset_576a2d7749,AR,Physical Port Down,2026-03-06 22:07:36,2026-03-06 22:07:36,1411.83,1,LOS,DOWN,UP,-,-,NORMAL,0.88,link_down
alarm_02851,current_alarm_snapshot,2026-05-04 17:57:19,CRITICAL,asset_d933b20862,AG,Physical Port Down,2026-03-06 23:55:21,2026-03-06 23:55:21,1410.03,1,"PCS_UNLOCK,NEGOTIATION_FAIL",DOWN,UP,-,-,NORMAL,0.88,link_down
alarm_02852,current_alarm_snapshot,2026-05-04 17:57:19,CRITICAL,asset_576a2d7749,AR,Physical Port Down,2026-03-07 09:18:53,2026-03-07 09:18:53,1400.64,1,LOS,DOWN,UP,-,-,NORMAL,0.88,link_down
alarm_02853,current_alarm_snapshot,2026-05-04 17:57:19,CRITICAL,asset_e1dd5016cf,AR,Physical Port Down,2026-03-07 10:58:04,2026-03-07 10:58:04,1398.99,1,LOS,DOWN,UP,-,-,NORMAL,0.88,link_down
alarm_02854,current_alarm_snapshot,2026-05-04 17:57:19,CRITICAL,asset_3a8dd0133c,AG,Physical Port Down,2026-03-07 11:13:01,2026-03-07 11:13:01,1398.74,1,LOS,DOWN,UP,-,-,NORMAL,0.88,link_down
alarm_02855,current_alarm_snapshot,2026-05-04 17:57:19,CRITICAL,asset_3a8dd0133c,AG,Physical Port Down,2026-03-07 11:13:04,2026-03-07 11:13:04,1398.74,1,LOS,DOWN,UP,-,-,NORMAL,0.88,link_down
alarm_02856,current_alarm_snapshot,2026-05-04 17:57:19,CRITICAL,asset_ff8fa13cbf,AR,Physical Port Down,2026-03-07 11:16:07,2026-03-07 11:16:07,1398.69,1,OTHER_SOFT_DOWN,UNREPORTED,UNKNOWN,-,-,NORMAL,0.88,link_down
alarm_02857,current_alarm_snapshot,2026-05-04 17:57:19,CRITICAL,asset_ff8fa13cbf,AR,Physical Port Down,2026-03-07 11:26:12,2026-03-07 11:26:12,1398.52,1,LOS,UNREPORTED,UNKNOWN,-,-,NORMAL,0.88,link_down
alarm_02858,current_alarm_snapshot,2026-05-04 17:57:19,CRITICAL,asset_ff8fa13cbf,AR,Physical Port Down,2026-03-07 11:36:44,2026-03-07 11:36:44,1398.34,1,LOS,UNREPORTED,UNKNOWN,-,-,NORMAL,0.88,link_down
alarm_02859,current_alarm_snapshot,2026-05-04 17:57:19,CRITICAL,asset_ff8fa13cbf,AR,Physical Port Down,2026-03-07 11:43:26,2026-03-07 11:43:26,1398.23,1,NEGOTIATION_FAIL,UNREPORTED,UNKNOWN,-,-,NORMAL,0.88,link_down
alarm_02860,current_alarm_snapshot,2026-05-04 17:57:19,CRITICAL,asset_ff8fa13cbf,AR,Physical Port Down,2026-03-07 11:58:59,2026-03-07 11:58:59,1397.97,1,LOS,UNREPORTED,UNKNOWN,-,-,NORMAL,0.88,link_down
alarm_02861,current_alarm_snapshot,2026-05-04 17:57:19,CRITICAL,asset_5af0da588d,AR,Physical Port Down,2026-03-07 12:15:49,2026-03-07 12:15:49,1397.69,1,0,UNREPORTED,UNREPORTED,-,-,NORMAL,0.88,link_down
alarm_02862,current_alarm_snapshot,2026-05-04 17:57:19,CRITICAL,asset_3d48066ba6,AR,Physical Port Down,2026-03-07 12:41:27,2026-03-07 12:41:27,1397.26,1,OTHER_SOFT_DOWN,UNREPORTED,UNKNOWN,-,-,NORMAL,0.88,link_down
alarm_02863,current_alarm_snapshot,2026-05-04 17:57:19,CRITICAL,asset_3d48066ba6,AR,Physical Port Down,2026-03-07 13:14:55,2026-03-07 13:14:55,1396.71,1,LOS,UNREPORTED,UNKNOWN,-,-,NORMAL,0.88,link_down
alarm_02864,current_alarm_snapshot,2026-05-04 17:57:19,CRITICAL,asset_3d48066ba6,AR,Physical Port Down,2026-03-07 13:18:09,2026-03-07 13:18:09,1396.65,1,LOS,UNREPORTED,UNKNOWN,-,-,NORMAL,0.88,link_down
alarm_02865,current_alarm_snapshot,2026-05-04 17:57:19,CRITICAL,asset_3d48066ba6,AR,Physical Port Down,2026-03-07 13:25:44,2026-03-07 13:25:44,1396.53,1,LOS,UNREPORTED,UNKNOWN,-,-,NORMAL,0.88,link_down
alarm_02866,current_alarm_snapshot,2026-05-04 17:57:19,CRITICAL,asset_3d48066ba6,AR,Physical Port Down,2026-03-07 13:34:37,2026-03-07 13:34:37,1396.38,1,NEGOTIATION_FAIL,UNREPORTED,UNKNOWN,-,-,NORMAL,0.88,link_down
alarm_02867,current_alarm_snapshot,2026-05-04 17:57:19,CRITICAL,asset_3d48066ba6,AR,Physical Port Down,2026-03-07 13:44:16,2026-03-07 13:44:16,1396.22,1,NEGOTIATION_FAIL,UNREPORTED,UNKNOWN,-,-,NORMAL,0.88,link_down
alarm_02868,current_alarm_snapshot,2026-05-04 17:57:19,CRITICAL,asset_707111d159,AR,Physical Port Down,2026-03-07 14:11:54,2026-03-07 14:11:54,1395.76,1,0,UNREPORTED,UNREPORTED,-,-,NORMAL,0.88,link_down
alarm_02869,current_alarm_snapshot,2026-05-04 17:57:19,CRITICAL,asset_a1746eaef8,AR,Physical Port Down,2026-03-07 14:18:47,2026-03-07 14:18:47,1395.64,1,0,UNREPORTED,UNREPORTED,-,-,NORMAL,0.88,link_down
alarm_02870,current_alarm_snapshot,2026-05-04 17:57:19,CRITICAL,asset_4f6c81a2ed,AR,Physical Port Down,2026-03-07 16:42:30,2026-03-07 16:42:30,1393.25,1,LOS,UP,UP,-,-,NORMAL,0.88,link_down
alarm_02871,current_alarm_snapshot,2026-05-04 17:57:19,CRITICAL,asset_fa2794e244,AR,Physical Port Down,2026-03-07 17:10:13,2026-03-07 17:10:13,1392.79,1,LOS,DOWN,UP,-,-,NORMAL,0.88,link_down
alarm_02872,current_alarm_snapshot,2026-05-04 17:57:19,CRITICAL,asset_2dd307f508,AR,Physical Port Down,2026-03-08 16:50:23,2026-03-08 16:50:23,1369.12,1,LOS,UP,UP,-,-,NORMAL,0.88,link_down
alarm_02873,current_alarm_snapshot,2026-05-04 17:57:19,CRITICAL,asset_35172901f9,AR,Physical Port Down,2026-03-08 17:13:07,2026-03-08 17:13:07,1368.74,1,NEGOTIATION_FAIL,UNREPORTED,UNKNOWN,-,-,NORMAL,0.88,link_down
alarm_02874,current_alarm_snapshot,2026-05-04 17:57:19,CRITICAL,asset_25e5536fdb,AR,Physical Port Down,2026-03-09 09:58:40,2026-03-09 09:58:40,1351.98,1,LOS,DOWN,UP,-,-,NORMAL,0.88,link_down
alarm_02875,current_alarm_snapshot,2026-05-04 17:57:19,CRITICAL,asset_3d48066ba6,AR,Physical Port Down,2026-03-09 11:56:41,2026-03-09 11:56:41,1350.01,1,OTHER_SOFT_DOWN,UNREPORTED,UNKNOWN,-,-,NORMAL,0.88,link_down
alarm_02876,current_alarm_snapshot,2026-05-04 17:57:19,CRITICAL,asset_e6e98ceb34,AR,Physical Port Down,2026-03-09 14:09:14,2026-03-09 14:09:14,1347.8,1,SHUTDOWN,DOWN,DOWN,-,-,NORMAL,0.88,link_down
alarm_02877,current_alarm_snapshot,2026-05-04 17:57:19,CRITICAL,asset_b01ec2de2c,AR,Physical Port Down,2026-03-09 14:38:20,2026-03-09 14:38:20,1347.32,1,OTHER_SOFT_DOWN,UNREPORTED,UNKNOWN,-,-,NORMAL,0.88,link_down
alarm_02878,current_alarm_snapshot,2026-05-04 17:57:19,CRITICAL,asset_4b2abb429c,AR,Physical Port Down,2026-03-09 15:59:45,2026-03-09 15:59:45,1345.96,1,0,UNREPORTED,UNREPORTED,-,-,NORMAL,0.88,link_down
alarm_02879,current_alarm_snapshot,2026-05-04 17:57:19,CRITICAL,asset_35172901f9,AR,Physical Port Down,2026-03-09 16:21:59,2026-03-09 16:21:59,1345.59,1,SHUTDOWN,UNREPORTED,UNKNOWN,-,-,NORMAL,0.88,link_down
alarm_02880,current_alarm_snapshot,2026-05-04 17:57:19,CRITICAL,asset_976bc4abdf,AR,Physical Port Down,2026-03-09 17:34:21,2026-03-09 17:34:21,1344.38,1,LOS,UP,UP,-,-,NORMAL,0.88,link_down
alarm_02881,current_alarm_snapshot,2026-05-04 17:57:19,CRITICAL,asset_e44b87be97,AR,Physical Port Down,2026-03-10 03:21:37,2026-03-10 03:21:37,1334.6,1,LOS,DOWN,UP,-,-,NORMAL,0.88,link_down
alarm_02882,current_alarm_snapshot,2026-05-04 17:57:19,CRITICAL,asset_9152eb994d,AR,Physical Port Down,2026-03-10 13:01:05,2026-03-10 13:01:05,1324.94,1,LOS,DOWN,UP,-,-,NORMAL,0.88,link_down
alarm_02883,current_alarm_snapshot,2026-05-04 17:57:19,CRITICAL,asset_981ed86ee2,AG,Physical Port Down,2026-03-10 13:06:42,2026-03-10 13:06:42,1324.84,1,LOS,DOWN,UP,-,-,NORMAL,0.88,link_down
alarm_02884,current_alarm_snapshot,2026-05-04 17:57:19,CRITICAL,asset_58635a29cd,AR,Physical Port Down,2026-03-10 14:19:36,2026-03-10 14:19:36,1323.63,1,LOS,DOWN,UP,-,-,NORMAL,0.88,link_down
alarm_02885,current_alarm_snapshot,2026-05-04 17:57:19,CRITICAL,asset_981ed86ee2,AG,Physical Port Down,2026-03-10 15:36:54,2026-03-10 15:36:54,1322.34,1,SHUTDOWN,DOWN,DOWN,-,-,NORMAL,0.88,link_down
alarm_02886,current_alarm_snapshot,2026-05-04 17:57:19,CRITICAL,asset_ae5cbf0cba,CP,Physical Port Down,2026-03-10 18:01:25,2026-03-10 18:01:25,1319.93,1,THE,UNREPORTED,UNKNOWN,-,-,NORMAL,0.88,link_down
alarm_02887,current_alarm_snapshot,2026-05-04 17:57:19,CRITICAL,asset_e7bc113dce,AR,Physical Port Down,2026-03-10 20:28:13,2026-03-10 20:28:13,1317.48,1,LOS,UNREPORTED,UNKNOWN,-,-,NORMAL,0.88,link_down
alarm_02888,current_alarm_snapshot,2026-05-04 17:57:19,CRITICAL,asset_aa01cac3f5,AR,Physical Port Down,2026-03-11 00:59:35,2026-03-11 00:59:35,1312.96,1,LOS,UNREPORTED,UNKNOWN,-,-,NORMAL,0.88,link_down
alarm_02889,current_alarm_snapshot,2026-05-04 17:57:19,CRITICAL,asset_22a94b3866,AR,The Device is offline,2026-03-11 11:15:06,2026-03-11 11:15:06,1302.7,1,UNKNOWN,UNKNOWN,UNKNOWN,-,-,NORMAL,0.88,other
alarm_02890,current_alarm_snapshot,2026-05-04 17:57:19,CRITICAL,asset_3dcee68d39,AR,Physical Port Down,2026-03-11 11:34:54,2026-03-11 11:34:54,1302.37,1,LOS,DOWN,UP,-,-,NORMAL,0.88,link_down
alarm_02891,current_alarm_snapshot,2026-05-04 17:57:19,CRITICAL,asset_35172901f9,AR,Physical Port Down,2026-03-11 12:24:25,2026-03-11 12:24:25,1301.55,1,LOS,UNREPORTED,UNKNOWN,-,-,NORMAL,0.88,link_down
alarm_02892,current_alarm_snapshot,2026-05-04 17:57:19,CRITICAL,asset_6bb3513065,AR,Physical Port Down,2026-03-11 12:28:02,2026-03-11 12:28:02,1301.49,1,LOS,DOWN,UP,-,-,NORMAL,0.88,link_down
alarm_02893,current_alarm_snapshot,2026-05-04 17:57:19,CRITICAL,asset_975f2bdd42,AR,Physical Port Down,2026-03-11 13:55:48,2026-03-11 13:55:48,1300.03,1,NEGOTIATION_FAIL,UNREPORTED,UNKNOWN,-,-,NORMAL,0.88,link_down
alarm_02894,current_alarm_snapshot,2026-05-04 17:57:19,CRITICAL,asset_3211ffe7d2,AR,Physical Port Down,2026-03-11 14:05:04,2026-03-11 14:05:04,1299.87,1,LOS,DOWN,UP,-,-,NORMAL,0.88,link_down
alarm_02895,current_alarm_snapshot,2026-05-04 17:57:19,CRITICAL,asset_40910d5ed5,AR,Physical Port Down,2026-03-11 14:57:00,2026-03-11 14:57:00,1299.01,1,LOS,DOWN,UP,-,-,NORMAL,0.88,link_down
alarm_02896,current_alarm_snapshot,2026-05-04 17:57:19,CRITICAL,asset_975f2bdd42,AR,Physical Port Down,2026-03-11 15:12:37,2026-03-11 15:12:37,1298.74,1,LOS,UNREPORTED,UNKNOWN,-,-,NORMAL,0.88,link_down
alarm_02897,current_alarm_snapshot,2026-05-04 17:57:19,CRITICAL,asset_17a7f0ac7b,AR,Physical Port Down,2026-03-11 20:28:27,2026-03-11 20:28:27,1293.48,1,SHUTDOWN,DOWN,DOWN,-,-,NORMAL,0.88,link_down
alarm_02898,current_alarm_snapshot,2026-05-04 17:57:19,CRITICAL,asset_4967bdd482,AR,Physical Port Down,2026-03-11 20:30:42,2026-03-11 20:30:42,1293.44,1,LOS,UNREPORTED,UNKNOWN,-,-,NORMAL,0.88,link_down
alarm_02899,current_alarm_snapshot,2026-05-04 17:57:19,CRITICAL,asset_4967bdd482,AR,Physical Port Down,2026-03-11 20:36:32,2026-03-11 20:36:32,1293.35,1,LOS,UNREPORTED,UNKNOWN,-,-,NORMAL,0.88,link_down
alarm_02900,current_alarm_snapshot,2026-05-04 17:57:19,CRITICAL,asset_4967bdd482,AR,Physical Port Down,2026-03-11 20:47:21,2026-03-11 20:47:21,1293.17,1,LOS,UNREPORTED,UNKNOWN,-,-,NORMAL,0.88,link_down
alarm_02901,current_alarm_snapshot,2026-05-04 17:57:19,CRITICAL,asset_4967bdd482,AR,Physical Port Down,2026-03-11 20:48:35,2026-03-11 20:48:35,1293.15,1,NEGOTIATION_FAIL,UNREPORTED,UNKNOWN,-,-,NORMAL,0.88,link_down
alarm_02902,current_alarm_snapshot,2026-05-04 17:57:19,CRITICAL,asset_4967bdd482,AR,Physical Port Down,2026-03-11 20:50:00,2026-03-11 20:50:00,1293.12,1,LOS,UNREPORTED,UNKNOWN,-,-,NORMAL,0.88,link_down
alarm_02903,current_alarm_snapshot,2026-05-04 17:57:19,CRITICAL,asset_4967bdd482,AR,Physical Port Down,2026-03-11 21:27:15,2026-03-11 21:27:15,1292.5,1,LOS,UNREPORTED,UNKNOWN,-,-,NORMAL,0.88,link_down
alarm_02904,current_alarm_snapshot,2026-05-04 17:57:19,CRITICAL,asset_f8fb055671,AR,Physical Port Down,2026-03-12 09:30:28,2026-03-12 09:30:28,1280.45,1,LOS,DOWN,UP,-,-,NORMAL,0.88,link_down
alarm_02905,current_alarm_snapshot,2026-05-04 17:57:19,CRITICAL,asset_35172901f9,AR,Physical Port Down,2026-03-12 09:47:51,2026-03-12 09:47:51,1280.16,1,LOS,UNREPORTED,UNKNOWN,-,-,NORMAL,0.88,link_down
alarm_02906,current_alarm_snapshot,2026-05-04 17:57:19,CRITICAL,asset_4967bdd482,AR,Physical Port Down,2026-03-12 12:14:05,2026-03-12 12:14:05,1277.72,1,LOS,UNREPORTED,UNKNOWN,-,-,NORMAL,0.88,link_down
alarm_02907,current_alarm_snapshot,2026-05-04 17:57:19,CRITICAL,asset_4967bdd482,AR,Physical Port Down,2026-03-12 12:14:44,2026-03-12 12:14:44,1277.71,1,LOS,UNREPORTED,UNKNOWN,-,-,NORMAL,0.88,link_down
alarm_02908,current_alarm_snapshot,2026-05-04 17:57:19,CRITICAL,asset_4967bdd482,AR,Physical Port Down,2026-03-12 12:14:44,2026-03-12 12:14:44,1277.71,1,LOS,UNREPORTED,UNKNOWN,-,-,NORMAL,0.88,link_down
alarm_02909,current_alarm_snapshot,2026-05-04 17:57:19,CRITICAL,asset_8e5b488c21,AR,Physical Port Down,2026-03-12 14:11:33,2026-03-12 14:11:33,1275.76,1,LOS,UP,UP,-,-,NORMAL,0.88,link_down
alarm_02910,current_alarm_snapshot,2026-05-04 17:57:19,CRITICAL,asset_5fedd44774,AR,Physical Port Down,2026-03-12 15:29:58,2026-03-12 15:29:58,1274.46,1,LOS,DOWN,UP,-,-,NORMAL,0.88,link_down
alarm_02911,current_alarm_snapshot,2026-05-04 17:57:19,CRITICAL,asset_12d5288270,AR,Physical Port Down,2026-03-12 17:21:28,2026-03-12 17:21:28,1272.6,1,0,UNREPORTED,UNREPORTED,-,-,NORMAL,0.88,link_down
alarm_02912,current_alarm_snapshot,2026-05-04 17:57:19,CRITICAL,asset_699169f627,AR,Physical Port Down,2026-03-12 17:29:32,2026-03-12 17:29:32,1272.46,1,LOS,DOWN,UP,-,-,NORMAL,0.88,link_down
alarm_02913,current_alarm_snapshot,2026-05-04 17:57:19,CRITICAL,asset_f778696853,AR,Physical Port Down,2026-03-12 17:31:31,2026-03-12 17:31:31,1272.43,1,LOS,DOWN,UP,-,-,NORMAL,0.88,link_down
alarm_02914,current_alarm_snapshot,2026-05-04 17:57:19,CRITICAL,asset_699169f627,AR,Physical Port Down,2026-03-12 17:55:30,2026-03-12 17:55:30,1272.03,1,LOS,DOWN,UP,-,-,NORMAL,0.88,link_down
alarm_02915,current_alarm_snapshot,2026-05-04 17:57:19,CRITICAL,asset_a01dab7e3f,AR,Physical Port Down,2026-03-12 18:47:22,2026-03-12 18:47:22,1271.17,1,0,UNREPORTED,UNREPORTED,-,-,NORMAL,0.88,link_down
alarm_02916,current_alarm_snapshot,2026-05-04 17:57:19,CRITICAL,asset_7f79d41f8b,AR,Physical Port Down,2026-03-12 21:43:41,2026-03-12 21:43:41,1268.23,1,OTHER_SOFT_DOWN,UNREPORTED,UNKNOWN,-,-,NORMAL,0.88,link_down
alarm_02917,current_alarm_snapshot,2026-05-04 17:57:19,CRITICAL,asset_f9d917af81,AR,The Device is offline,2026-03-12 23:41:21,2026-03-12 23:41:21,1266.27,1,UNKNOWN,UNKNOWN,UNKNOWN,-,-,NORMAL,0.88,other
alarm_02918,current_alarm_snapshot,2026-05-04 17:57:19,CRITICAL,asset_790ba89f0c,AR,The Device is offline,2026-03-12 23:41:21,2026-03-12 23:41:21,1266.27,1,UNKNOWN,UNKNOWN,UNKNOWN,-,-,NORMAL,0.88,other
alarm_02919,current_alarm_snapshot,2026-05-04 17:57:19,CRITICAL,asset_4200ce6e0c,AG,Physical Port Down,2026-03-12 23:41:37,2026-03-12 23:41:37,1266.26,1,SHUTDOWN,DOWN,DOWN,-,-,NORMAL,0.88,link_down
alarm_02920,current_alarm_snapshot,2026-05-04 17:57:19,CRITICAL,asset_4200ce6e0c,AG,Physical Port Down,2026-03-12 23:41:37,2026-03-12 23:41:37,1266.26,1,SHUTDOWN,DOWN,DOWN,-,-,NORMAL,0.88,link_down
alarm_02921,current_alarm_snapshot,2026-05-04 17:57:19,CRITICAL,asset_4200ce6e0c,AG,Physical Port Down,2026-03-12 23:41:37,2026-03-12 23:41:37,1266.26,1,SHUTDOWN,DOWN,DOWN,-,-,NORMAL,0.88,link_down
alarm_02922,current_alarm_snapshot,2026-05-04 17:57:19,CRITICAL,asset_6b7a4afe12,AR,The Device is offline,2026-03-12 23:42:58,2026-03-12 23:42:58,1266.24,1,UNKNOWN,UNKNOWN,UNKNOWN,-,-,NORMAL,0.88,other
alarm_02923,current_alarm_snapshot,2026-05-04 17:57:19,CRITICAL,asset_f648dbc7f3,AR,The Device is offline,2026-03-12 23:42:58,2026-03-12 23:42:58,1266.24,1,UNKNOWN,UNKNOWN,UNKNOWN,-,-,NORMAL,0.88,other
alarm_02924,current_alarm_snapshot,2026-05-04 17:57:19,CRITICAL,asset_5bed283ef2,AR,The Device is offline,2026-03-12 23:43:08,2026-03-12 23:43:08,1266.24,1,UNKNOWN,UNKNOWN,UNKNOWN,-,-,NORMAL,0.88,other
alarm_02925,current_alarm_snapshot,2026-05-04 17:57:19,CRITICAL,asset_d4eb3741be,AG,Physical Port Down,2026-03-13 00:21:20,2026-03-13 00:21:20,1265.6,1,REMOTE_FAULT,DOWN,UP,-,-,NORMAL,0.88,link_down
alarm_02926,current_alarm_snapshot,2026-05-04 17:57:19,CRITICAL,asset_d4eb3741be,AG,Physical Port Down,2026-03-13 00:26:16,2026-03-13 00:26:16,1265.52,1,LOF,DOWN,UP,-,-,NORMAL,0.88,link_down
alarm_02927,current_alarm_snapshot,2026-05-04 17:57:19,CRITICAL,asset_d4eb3741be,AG,Physical Port Down,2026-03-13 00:26:16,2026-03-13 00:26:16,1265.52,1,LOF,DOWN,UP,-,-,NORMAL,0.88,link_down
alarm_02928,current_alarm_snapshot,2026-05-04 17:57:19,CRITICAL,asset_d4eb3741be,AG,Physical Port Down,2026-03-13 00:26:16,2026-03-13 00:26:16,1265.52,1,LOF,DOWN,UP,-,-,NORMAL,0.88,link_down
alarm_02929,current_alarm_snapshot,2026-05-04 17:57:19,CRITICAL,asset_85fa64965c,AR,The Device is offline,2026-03-13 00:29:49,2026-03-13 00:29:49,1265.46,1,UNKNOWN,UNKNOWN,UNKNOWN,-,-,NORMAL,0.88,other
alarm_02930,current_alarm_snapshot,2026-05-04 17:57:19,CRITICAL,asset_002fe46ece,CP,Physical Port Down,2026-03-13 02:29:54,2026-03-13 02:29:54,1263.46,1,THE,UNREPORTED,UNKNOWN,-,-,NORMAL,0.88,link_down
alarm_02931,current_alarm_snapshot,2026-05-04 17:57:19,CRITICAL,asset_2c7bf8df07,CP,Physical Port Down,2026-03-13 02:29:57,2026-03-13 02:29:57,1263.46,1,THE,UNREPORTED,UNKNOWN,-,-,NORMAL,0.88,link_down
alarm_02932,current_alarm_snapshot,2026-05-04 17:57:19,CRITICAL,asset_4487ae9955,AG,Physical Port Down,2026-03-13 05:42:32,2026-03-13 05:42:32,1260.25,1,LOCAL_FAULT,DOWN,UP,-,-,NORMAL,0.88,link_down
alarm_02933,current_alarm_snapshot,2026-05-04 17:57:19,CRITICAL,asset_8e0a7e66b6,AR,The Device is offline,2026-03-13 09:16:07,2026-03-13 09:16:07,1256.69,1,UNKNOWN,UNKNOWN,UNKNOWN,-,-,NORMAL,0.88,other
alarm_02934,current_alarm_snapshot,2026-05-04 17:57:19,CRITICAL,asset_981ed86ee2,AG,Physical Port Down,2026-03-13 10:23:30,2026-03-13 10:23:30,1255.56,1,NEGOTIATION_FAIL,DOWN,UP,-,-,NORMAL,0.88,link_down
alarm_02935,current_alarm_snapshot,2026-05-04 17:57:19,CRITICAL,asset_14476ccfd8,AR,Physical Port Down,2026-03-13 11:27:58,2026-03-13 11:27:58,1254.49,1,LOS,DOWN,UP,-,-,NORMAL,0.88,link_down
alarm_02936,current_alarm_snapshot,2026-05-04 17:57:19,CRITICAL,asset_981ed86ee2,AG,Physical Port Down,2026-03-13 11:28:09,2026-03-13 11:28:09,1254.49,1,SHUTDOWN,DOWN,DOWN,-,-,NORMAL,0.88,link_down
alarm_02937,current_alarm_snapshot,2026-05-04 17:57:19,CRITICAL,asset_c99df1fea1,AG,Physical Port Down,2026-03-13 11:32:24,2026-03-13 11:32:24,1254.42,1,SHUTDOWN,DOWN,DOWN,-,-,NORMAL,0.88,link_down
alarm_02938,current_alarm_snapshot,2026-05-04 17:57:19,CRITICAL,asset_37dea48c13,AR,Physical Port Down,2026-03-13 11:40:58,2026-03-13 11:40:58,1254.27,1,LOS,DOWN,UP,-,-,NORMAL,0.88,link_down
alarm_02939,current_alarm_snapshot,2026-05-04 17:57:19,CRITICAL,asset_a19192e274,AR,Physical Port Down,2026-03-13 12:47:11,2026-03-13 12:47:11,1253.17,1,LOS,DOWN,UP,-,-,NORMAL,0.88,link_down
alarm_02940,current_alarm_snapshot,2026-05-04 17:57:19,CRITICAL,asset_58a2b2b970,AG,Physical Port Down,2026-03-13 12:59:22,2026-03-13 12:59:22,1252.97,1,THE,UNREPORTED,UNKNOWN,-,-,NORMAL,0.88,link_down
alarm_02941,current_alarm_snapshot,2026-05-04 17:57:19,CRITICAL,asset_9cb94f6b5a,AR,Physical Port Down,2026-03-13 14:38:57,2026-03-13 14:38:57,1251.31,1,LOS,DOWN,UP,-,-,NORMAL,0.88,link_down
alarm_02942,current_alarm_snapshot,2026-05-04 17:57:19,CRITICAL,asset_638c6c7940,AR,Physical Port Down,2026-03-13 16:27:48,2026-03-13 16:27:48,1249.49,1,LOS,UP,UP,-,-,NORMAL,0.88,link_down
alarm_02943,current_alarm_snapshot,2026-05-04 17:57:19,CRITICAL,asset_f6b7f1b3e5,CP,Physical Port Down,2026-03-13 18:14:23,2026-03-13 18:14:23,1247.72,1,THE,UNREPORTED,UNKNOWN,-,-,NORMAL,0.88,link_down
alarm_02944,current_alarm_snapshot,2026-05-04 17:57:19,CRITICAL,asset_0bfd5b6a85,AR,Physical Port Down,2026-03-13 20:20:20,2026-03-13 20:20:20,1245.62,1,LOS,DOWN,UP,-,-,NORMAL,0.88,link_down
alarm_02945,current_alarm_snapshot,2026-05-04 17:57:19,CRITICAL,asset_e7fa306df1,CP,Physical Port Down,2026-03-13 21:40:11,2026-03-13 21:40:11,1244.29,1,THE,UNREPORTED,UNKNOWN,-,-,NORMAL,0.88,link_down
alarm_02946,current_alarm_snapshot,2026-05-04 17:57:19,CRITICAL,asset_d9c3cd146e,AR,Physical Port Down,2026-03-14 09:14:40,2026-03-14 09:14:40,1232.71,1,LOS,DOWN,UP,-,-,NORMAL,0.88,link_down
alarm_02947,current_alarm_snapshot,2026-05-04 17:57:19,CRITICAL,asset_f2f99a62ab,AR,Physical Port Down,2026-03-14 10:12:27,2026-03-14 10:12:27,1231.75,1,LOS,DOWN,UP,-,-,NORMAL,0.88,link_down
alarm_02948,current_alarm_snapshot,2026-05-04 17:57:19,CRITICAL,asset_b32cafc117,AG,Physical Port Down,2026-03-14 10:15:40,2026-03-14 10:15:40,1231.69,1,PCS_UNLOCK,DOWN,UP,-,-,NORMAL,0.88,link_down
alarm_02949,current_alarm_snapshot,2026-05-04 17:57:19,CRITICAL,asset_3ba64c14e2,AG,Physical Port Down,2026-03-14 12:06:03,2026-03-14 12:06:03,1229.85,1,THE,UNREPORTED,UNKNOWN,-,-,NORMAL,0.88,link_down
alarm_02950,current_alarm_snapshot,2026-05-04 17:57:19,CRITICAL,asset_376f818af9,AR,Physical Port Down,2026-03-14 12:06:34,2026-03-14 12:06:34,1229.85,1,LOS,UNREPORTED,UNKNOWN,-,-,NORMAL,0.88,link_down
alarm_02951,current_alarm_snapshot,2026-05-04 17:57:19,CRITICAL,asset_6bfd177716,AR,Physical Port Down,2026-03-14 12:32:38,2026-03-14 12:32:38,1229.41,1,LOS,DOWN,UP,-,-,NORMAL,0.88,link_down
alarm_02952,current_alarm_snapshot,2026-05-04 17:57:19,CRITICAL,asset_6bfd177716,AR,Physical Port Down,2026-03-14 12:33:08,2026-03-14 12:33:08,1229.4,1,LOS,DOWN,UP,-,-,NORMAL,0.88,link_down
alarm_02953,current_alarm_snapshot,2026-05-04 17:57:19,CRITICAL,asset_e879c6c4c0,AR,Physical Port Down,2026-03-14 13:01:30,2026-03-14 13:01:30,1228.93,1,LOS,UNREPORTED,UNKNOWN,-,-,NORMAL,0.88,link_down
alarm_02954,current_alarm_snapshot,2026-05-04 17:57:19,CRITICAL,asset_376f818af9,AR,Physical Port Down,2026-03-14 13:01:30,2026-03-14 13:01:30,1228.93,1,OTHER_SOFT_DOWN,UNREPORTED,UNKNOWN,-,-,NORMAL,0.88,link_down
alarm_02955,current_alarm_snapshot,2026-05-04 17:57:19,CRITICAL,asset_e879c6c4c0,AR,Physical Port Down,2026-03-14 14:07:55,2026-03-14 14:07:55,1227.82,1,LOS,UNREPORTED,UNKNOWN,-,-,NORMAL,0.88,link_down
alarm_02956,current_alarm_snapshot,2026-05-04 17:57:19,CRITICAL,asset_c87138031c,AR,Physical Port Down,2026-03-14 14:21:07,2026-03-14 14:21:07,1227.6,1,LOS,UP,UP,-,-,NORMAL,0.88,link_down
alarm_02957,current_alarm_snapshot,2026-05-04 17:57:19,CRITICAL,asset_98419433d1,AR,Physical Port Down,2026-03-14 14:36:08,2026-03-14 14:36:08,1227.35,1,LOS,UNREPORTED,UNKNOWN,-,-,NORMAL,0.88,link_down
alarm_02958,current_alarm_snapshot,2026-05-04 17:57:19,CRITICAL,asset_8a325b1760,AR,Physical Port Down,2026-03-14 16:56:46,2026-03-14 16:56:46,1225.01,1,LOS,DOWN,UP,-,-,NORMAL,0.88,link_down
alarm_02959,current_alarm_snapshot,2026-05-04 17:57:19,CRITICAL,asset_6bfd177716,AR,Physical Port Down,2026-03-14 17:17:14,2026-03-14 17:17:14,1224.67,1,LOS,DOWN,UP,-,-,NORMAL,0.88,link_down
alarm_02960,current_alarm_snapshot,2026-05-04 17:57:19,CRITICAL,asset_f335351ce8,AR,Physical Port Down,2026-03-14 17:29:19,2026-03-14 17:29:19,1224.47,1,LOS,DOWN,UP,-,-,NORMAL,0.88,link_down
alarm_02961,current_alarm_snapshot,2026-05-04 17:57:19,CRITICAL,asset_4bb8f94ea7,AR,Physical Port Down,2026-03-15 01:21:40,2026-03-15 01:21:40,1216.59,1,LOS,DOWN,UP,-,-,NORMAL,0.88,link_down
alarm_02962,current_alarm_snapshot,2026-05-04 17:57:19,CRITICAL,asset_8bae9b5d9d,AR,Physical Port Down,2026-03-15 06:21:21,2026-03-15 06:21:21,1211.6,1,LOS,DOWN,UP,-,-,NORMAL,0.88,link_down
alarm_02963,current_alarm_snapshot,2026-05-04 17:57:19,CRITICAL,asset_72530e3416,AR,Physical Port Down,2026-03-15 08:19:29,2026-03-15 08:19:29,1209.63,1,LOS,DOWN,UP,-,-,NORMAL,0.88,link_down
alarm_02964,current_alarm_snapshot,2026-05-04 17:57:19,CRITICAL,asset_6cfdcaf144,AR,Physical Port Down,2026-03-15 08:58:03,2026-03-15 08:58:03,1208.99,1,LOS,DOWN,UP,-,-,NORMAL,0.88,link_down
alarm_02965,current_alarm_snapshot,2026-05-04 17:57:19,CRITICAL,asset_dd2c14939f,AR,Physical Port Down,2026-03-15 09:13:34,2026-03-15 09:13:34,1208.73,1,LOS,DOWN,UP,-,-,NORMAL,0.88,link_down
alarm_02966,current_alarm_snapshot,2026-05-04 17:57:19,CRITICAL,asset_793f5b87c2,SW,The Device is offline,2026-03-15 09:47:23,2026-03-15 09:47:23,1208.17,1,UNKNOWN,UNKNOWN,UNKNOWN,-,-,NORMAL,0.88,other
alarm_02967,current_alarm_snapshot,2026-05-04 17:57:19,CRITICAL,asset_a161220ec6,AR,Physical Port Down,2026-03-15 12:03:15,2026-03-15 12:03:15,1205.9,1,LOS,DOWN,UP,-,-,NORMAL,0.88,link_down
alarm_02968,current_alarm_snapshot,2026-05-04 17:57:19,CRITICAL,asset_a161220ec6,AR,Physical Port Down,2026-03-15 12:03:15,2026-03-15 12:03:15,1205.9,1,LOS,DOWN,UP,-,-,NORMAL,0.88,link_down
alarm_02969,current_alarm_snapshot,2026-05-04 17:57:19,CRITICAL,asset_a161220ec6,AR,Physical Port Down,2026-03-15 12:03:15,2026-03-15 12:03:15,1205.9,1,LOS,DOWN,UP,-,-,NORMAL,0.88,link_down
alarm_02970,current_alarm_snapshot,2026-05-04 17:57:19,CRITICAL,asset_9d885df4af,AR,Physical Port Down,2026-03-15 13:15:18,2026-03-15 13:15:18,1204.7,1,LOS,DOWN,UP,-,-,NORMAL,0.88,link_down
alarm_02971,current_alarm_snapshot,2026-05-04 17:57:19,CRITICAL,asset_5db767118b,CP,Physical Port Down,2026-03-15 13:56:51,2026-03-15 13:56:51,1204.01,1,THE,UNREPORTED,UNKNOWN,-,-,NORMAL,0.88,link_down
alarm_02972,current_alarm_snapshot,2026-05-04 17:57:19,CRITICAL,asset_5db767118b,CP,Physical Port Down,2026-03-15 13:56:51,2026-03-15 13:56:51,1204.01,1,THE,UNREPORTED,UNKNOWN,-,-,NORMAL,0.88,link_down
alarm_02973,current_alarm_snapshot,2026-05-04 17:57:19,CRITICAL,asset_5db767118b,CP,Physical Port Down,2026-03-15 13:56:51,2026-03-15 13:56:51,1204.01,1,THE,UNREPORTED,UNKNOWN,-,-,NORMAL,0.88,link_down
alarm_02974,current_alarm_snapshot,2026-05-04 17:57:19,CRITICAL,asset_5db767118b,CP,Physical Port Down,2026-03-15 13:56:51,2026-03-15 13:56:51,1204.01,1,THE,UNREPORTED,UNKNOWN,-,-,NORMAL,0.88,link_down
alarm_02975,current_alarm_snapshot,2026-05-04 17:57:19,CRITICAL,asset_5db767118b,CP,Physical Port Down,2026-03-15 13:56:51,2026-03-15 13:56:51,1204.01,1,THE,UNREPORTED,UNKNOWN,-,-,NORMAL,0.88,link_down
alarm_02976,current_alarm_snapshot,2026-05-04 17:57:19,CRITICAL,asset_5db767118b,CP,Physical Port Down,2026-03-15 13:56:51,2026-03-15 13:56:51,1204.01,1,THE,UNREPORTED,UNKNOWN,-,-,NORMAL,0.88,link_down
alarm_02977,current_alarm_snapshot,2026-05-04 17:57:19,CRITICAL,asset_5db767118b,CP,Physical Port Down,2026-03-15 13:56:51,2026-03-15 13:56:51,1204.01,1,THE,UNREPORTED,UNKNOWN,-,-,NORMAL,0.88,link_down
alarm_02978,current_alarm_snapshot,2026-05-04 17:57:19,CRITICAL,asset_5db767118b,CP,Physical Port Down,2026-03-15 13:56:51,2026-03-15 13:56:51,1204.01,1,THE,UNREPORTED,UNKNOWN,-,-,NORMAL,0.88,link_down
alarm_02979,current_alarm_snapshot,2026-05-04 17:57:19,CRITICAL,asset_5db767118b,CP,Physical Port Down,2026-03-15 13:56:51,2026-03-15 13:56:51,1204.01,1,THE,UNREPORTED,UNKNOWN,-,-,NORMAL,0.88,link_down
alarm_02980,current_alarm_snapshot,2026-05-04 17:57:19,CRITICAL,asset_5db767118b,CP,Physical Port Down,2026-03-15 13:56:51,2026-03-15 13:56:51,1204.01,1,THE,UNREPORTED,UNKNOWN,-,-,NORMAL,0.88,link_down
alarm_02981,current_alarm_snapshot,2026-05-04 17:57:19,CRITICAL,asset_5db767118b,CP,Physical Port Down,2026-03-15 13:56:51,2026-03-15 13:56:51,1204.01,1,THE,UNREPORTED,UNKNOWN,-,-,NORMAL,0.88,link_down
alarm_02982,current_alarm_snapshot,2026-05-04 17:57:19,CRITICAL,asset_5db767118b,CP,Physical Port Down,2026-03-15 13:56:51,2026-03-15 13:56:51,1204.01,1,THE,UNREPORTED,UNKNOWN,-,-,NORMAL,0.88,link_down
alarm_02983,current_alarm_snapshot,2026-05-04 17:57:19,CRITICAL,asset_5db767118b,CP,Physical Port Down,2026-03-15 13:56:51,2026-03-15 13:56:51,1204.01,1,THE,UNREPORTED,UNKNOWN,-,-,NORMAL,0.88,link_down
alarm_02984,current_alarm_snapshot,2026-05-04 17:57:19,CRITICAL,asset_5db767118b,CP,Physical Port Down,2026-03-15 13:56:51,2026-03-15 13:56:51,1204.01,1,THE,UNREPORTED,UNKNOWN,-,-,NORMAL,0.88,link_down
alarm_02985,current_alarm_snapshot,2026-05-04 17:57:19,CRITICAL,asset_5db767118b,CP,Physical Port Down,2026-03-15 13:56:51,2026-03-15 13:56:51,1204.01,1,THE,UNREPORTED,UNKNOWN,-,-,NORMAL,0.88,link_down
alarm_02986,current_alarm_snapshot,2026-05-04 17:57:19,CRITICAL,asset_5db767118b,CP,Physical Port Down,2026-03-15 13:56:51,2026-03-15 13:56:51,1204.01,1,THE,UNREPORTED,UNKNOWN,-,-,NORMAL,0.88,link_down
alarm_02987,current_alarm_snapshot,2026-05-04 17:57:19,CRITICAL,asset_5db767118b,CP,Physical Port Down,2026-03-15 13:56:51,2026-03-15 13:56:51,1204.01,1,THE,UNREPORTED,UNKNOWN,-,-,NORMAL,0.88,link_down
alarm_02988,current_alarm_snapshot,2026-05-04 17:57:19,CRITICAL,asset_5db767118b,CP,Physical Port Down,2026-03-15 13:56:51,2026-03-15 13:56:51,1204.01,1,THE,UNREPORTED,UNKNOWN,-,-,NORMAL,0.88,link_down
alarm_02989,current_alarm_snapshot,2026-05-04 17:57:19,CRITICAL,asset_5db767118b,CP,Physical Port Down,2026-03-15 13:56:51,2026-03-15 13:56:51,1204.01,1,THE,UNREPORTED,UNKNOWN,-,-,NORMAL,0.88,link_down
alarm_02990,current_alarm_snapshot,2026-05-04 17:57:19,CRITICAL,asset_5db767118b,CP,Physical Port Down,2026-03-15 13:56:51,2026-03-15 13:56:51,1204.01,1,THE,UNREPORTED,UNKNOWN,-,-,NORMAL,0.88,link_down
alarm_02991,current_alarm_snapshot,2026-05-04 17:57:19,CRITICAL,asset_5db767118b,CP,Physical Port Down,2026-03-15 13:56:51,2026-03-15 13:56:51,1204.01,1,THE,UNREPORTED,UNKNOWN,-,-,NORMAL,0.88,link_down
alarm_02992,current_alarm_snapshot,2026-05-04 17:57:19,CRITICAL,asset_5db767118b,CP,Physical Port Down,2026-03-15 13:56:51,2026-03-15 13:56:51,1204.01,1,THE,UNREPORTED,UNKNOWN,-,-,NORMAL,0.88,link_down
alarm_02993,current_alarm_snapshot,2026-05-04 17:57:19,CRITICAL,asset_5db767118b,CP,Physical Port Down,2026-03-15 13:56:51,2026-03-15 13:56:51,1204.01,1,THE,UNREPORTED,UNKNOWN,-,-,NORMAL,0.88,link_down
alarm_02994,current_alarm_snapshot,2026-05-04 17:57:19,CRITICAL,asset_5db767118b,CP,Physical Port Down,2026-03-15 13:56:51,2026-03-15 13:56:51,1204.01,1,THE,UNREPORTED,UNKNOWN,-,-,NORMAL,0.88,link_down
alarm_02995,current_alarm_snapshot,2026-05-04 17:57:19,CRITICAL,asset_5db767118b,CP,Physical Port Down,2026-03-15 13:56:51,2026-03-15 13:56:51,1204.01,1,THE,UNREPORTED,UNKNOWN,-,-,NORMAL,0.88,link_down
alarm_02996,current_alarm_snapshot,2026-05-04 17:57:19,CRITICAL,asset_5db767118b,CP,Physical Port Down,2026-03-15 13:56:51,2026-03-15 13:56:51,1204.01,1,THE,UNREPORTED,UNKNOWN,-,-,NORMAL,0.88,link_down
alarm_02997,current_alarm_snapshot,2026-05-04 17:57:19,CRITICAL,asset_5db767118b,CP,Physical Port Down,2026-03-15 13:56:51,2026-03-15 13:56:51,1204.01,1,THE,UNREPORTED,UNKNOWN,-,-,NORMAL,0.88,link_down
alarm_02998,current_alarm_snapshot,2026-05-04 17:57:19,CRITICAL,asset_5db767118b,CP,Physical Port Down,2026-03-15 13:56:51,2026-03-15 13:56:51,1204.01,1,THE,UNREPORTED,UNKNOWN,-,-,NORMAL,0.88,link_down
alarm_02999,current_alarm_snapshot,2026-05-04 17:57:19,CRITICAL,asset_5db767118b,CP,Physical Port Down,2026-03-15 13:56:54,2026-03-15 13:56:54,1204.01,1,THE,UNREPORTED,UNKNOWN,-,-,NORMAL,0.88,link_down
alarm_03000,current_alarm_snapshot,2026-05-04 17:57:19,CRITICAL,asset_5db767118b,CP,Physical Port Down,2026-03-15 13:56:54,2026-03-15 13:56:54,1204.01,1,THE,UNREPORTED,UNKNOWN,-,-,NORMAL,0.88,link_down
alarm_03001,current_alarm_snapshot,2026-05-04 17:57:19,CRITICAL,asset_5db767118b,CP,Physical Port Down,2026-03-15 13:56:54,2026-03-15 13:56:54,1204.01,1,THE,UNREPORTED,UNKNOWN,-,-,NORMAL,0.88,link_down
alarm_03002,current_alarm_snapshot,2026-05-04 17:57:19,CRITICAL,asset_5db767118b,CP,Physical Port Down,2026-03-15 13:56:54,2026-03-15 13:56:54,1204.01,1,THE,UNREPORTED,UNKNOWN,-,-,NORMAL,0.88,link_down
alarm_03003,current_alarm_snapshot,2026-05-04 17:57:19,CRITICAL,asset_5db767118b,CP,Physical Port Down,2026-03-15 13:56:54,2026-03-15 13:56:54,1204.01,1,THE,UNREPORTED,UNKNOWN,-,-,NORMAL,0.88,link_down
alarm_03004,current_alarm_snapshot,2026-05-04 17:57:19,CRITICAL,asset_5db767118b,CP,Physical Port Down,2026-03-15 13:56:54,2026-03-15 13:56:54,1204.01,1,THE,UNREPORTED,UNKNOWN,-,-,NORMAL,0.88,link_down
alarm_03005,current_alarm_snapshot,2026-05-04 17:57:19,CRITICAL,asset_5db767118b,CP,Physical Port Down,2026-03-15 13:56:54,2026-03-15 13:56:54,1204.01,1,THE,UNREPORTED,UNKNOWN,-,-,NORMAL,0.88,link_down
alarm_03006,current_alarm_snapshot,2026-05-04 17:57:19,CRITICAL,asset_5db767118b,CP,Physical Port Down,2026-03-15 13:56:54,2026-03-15 13:56:54,1204.01,1,THE,UNREPORTED,UNKNOWN,-,-,NORMAL,0.88,link_down
alarm_03007,current_alarm_snapshot,2026-05-04 17:57:19,CRITICAL,asset_5db767118b,CP,Physical Port Down,2026-03-15 13:56:54,2026-03-15 13:56:54,1204.01,1,THE,UNREPORTED,UNKNOWN,-,-,NORMAL,0.88,link_down
alarm_03008,current_alarm_snapshot,2026-05-04 17:57:19,CRITICAL,asset_5db767118b,CP,Physical Port Down,2026-03-15 13:56:54,2026-03-15 13:56:54,1204.01,1,THE,UNREPORTED,UNKNOWN,-,-,NORMAL,0.88,link_down
alarm_03009,current_alarm_snapshot,2026-05-04 17:57:19,CRITICAL,asset_5db767118b,CP,Physical Port Down,2026-03-15 13:56:54,2026-03-15 13:56:54,1204.01,1,THE,UNREPORTED,UNKNOWN,-,-,NORMAL,0.88,link_down
alarm_03010,current_alarm_snapshot,2026-05-04 17:57:19,CRITICAL,asset_5db767118b,CP,Physical Port Down,2026-03-15 13:56:55,2026-03-15 13:56:55,1204.01,1,THE,UNREPORTED,UNKNOWN,-,-,NORMAL,0.88,link_down
alarm_03011,current_alarm_snapshot,2026-05-04 17:57:19,CRITICAL,asset_f74a427323,AR,Physical Port Down,2026-03-15 14:16:31,2026-03-15 14:16:31,1203.68,1,LOS,DOWN,UP,-,-,NORMAL,0.88,link_down
alarm_03012,current_alarm_snapshot,2026-05-04 17:57:19,CRITICAL,asset_4487ae9955,AG,Physical Port Down,2026-03-15 14:16:42,2026-03-15 14:16:42,1203.68,1,LOS,DOWN,UP,-,-,NORMAL,0.88,link_down
alarm_03013,current_alarm_snapshot,2026-05-04 17:57:19,CRITICAL,asset_dd2c14939f,AR,Physical Port Down,2026-03-15 17:16:54,2026-03-15 17:16:54,1200.67,1,LOS,DOWN,UP,-,-,NORMAL,0.88,link_down
alarm_03014,current_alarm_snapshot,2026-05-04 17:57:19,CRITICAL,asset_dd2c14939f,AR,Physical Port Down,2026-03-15 17:16:54,2026-03-15 17:16:54,1200.67,1,LOS,DOWN,UP,-,-,NORMAL,0.88,link_down
alarm_03015,current_alarm_snapshot,2026-05-04 17:57:19,CRITICAL,asset_76c3656efc,AG,Physical Port Down,2026-03-15 18:38:37,2026-03-15 18:38:37,1199.31,1,SD,DOWN,UP,-,-,NORMAL,0.88,link_down
alarm_03016,current_alarm_snapshot,2026-05-04 17:57:19,CRITICAL,asset_1a9d3b66ad,AG,Physical Port Down,2026-03-16 10:28:42,2026-03-16 10:28:42,1183.48,1,LOS,DOWN,UP,-,-,NORMAL,0.88,link_down
alarm_03017,current_alarm_snapshot,2026-05-04 17:57:19,CRITICAL,asset_1a9d3b66ad,AG,Physical Port Down,2026-03-16 10:28:49,2026-03-16 10:28:49,1183.47,1,LOS,DOWN,UP,-,-,NORMAL,0.88,link_down
alarm_03018,current_alarm_snapshot,2026-05-04 17:57:19,CRITICAL,asset_40910d5ed5,AR,Physical Port Down,2026-03-16 13:47:23,2026-03-16 13:47:23,1180.17,1,LOS,DOWN,UP,-,-,NORMAL,0.88,link_down
alarm_03019,current_alarm_snapshot,2026-05-04 17:57:19,CRITICAL,asset_16110646bc,AR,The Device is offline,2026-03-16 23:08:12,2026-03-16 23:08:12,1170.82,1,UNKNOWN,UNKNOWN,UNKNOWN,-,-,NORMAL,0.88,other
alarm_03020,current_alarm_snapshot,2026-05-04 17:57:19,CRITICAL,asset_421ac6949e,AR,Physical Port Down,2026-03-17 08:38:43,2026-03-17 08:38:43,1161.31,1,LOS,DOWN,UP,-,-,NORMAL,0.88,link_down
alarm_03021,current_alarm_snapshot,2026-05-04 17:57:19,CRITICAL,asset_1ed38d9577,AG,Physical Port Down,2026-03-17 12:18:54,2026-03-17 12:18:54,1157.64,1,THE,UNREPORTED,UNKNOWN,-,-,NORMAL,0.88,equipment_module
alarm_03022,current_alarm_snapshot,2026-05-04 17:57:19,CRITICAL,asset_374af1674f,AR,Physical Port Down,2026-03-17 14:30:04,2026-03-17 14:30:04,1155.45,1,NEGOTIATION_FAIL,UNREPORTED,UNKNOWN,-,-,NORMAL,0.88,link_down
alarm_03023,current_alarm_snapshot,2026-05-04 17:57:19,CRITICAL,asset_04a10abf21,AR,Physical Port Down,2026-03-17 15:57:37,2026-03-17 15:57:37,1153.99,1,LOS,UP,UP,-,-,NORMAL,0.88,link_down
alarm_03024,current_alarm_snapshot,2026-05-04 17:57:19,CRITICAL,asset_51adbc723c,AR,Physical Port Down,2026-03-17 19:18:06,2026-03-17 19:18:06,1150.65,1,LOS,DOWN,UP,-,-,NORMAL,0.88,link_down
alarm_03025,current_alarm_snapshot,2026-05-04 17:57:19,CRITICAL,asset_0971b049d0,AG,Physical Port Down,2026-03-17 23:20:04,2026-03-17 23:20:04,1146.62,1,LOF,DOWN,UP,-,-,NORMAL,0.88,link_down
alarm_03026,current_alarm_snapshot,2026-05-04 17:57:19,CRITICAL,asset_0971b049d0,AG,Physical Port Down,2026-03-17 23:20:04,2026-03-17 23:20:04,1146.62,1,LOF,DOWN,UP,-,-,NORMAL,0.88,link_down
alarm_03027,current_alarm_snapshot,2026-05-04 17:57:19,CRITICAL,asset_0971b049d0,AG,Physical Port Down,2026-03-17 23:20:04,2026-03-17 23:20:04,1146.62,1,LOF,DOWN,UP,-,-,NORMAL,0.88,link_down
alarm_03028,current_alarm_snapshot,2026-05-04 17:57:19,CRITICAL,asset_0971b049d0,AG,Physical Port Down,2026-03-17 23:20:04,2026-03-17 23:20:04,1146.62,1,LOF,DOWN,UP,-,-,NORMAL,0.88,link_down
alarm_03029,current_alarm_snapshot,2026-05-04 17:57:19,CRITICAL,asset_0971b049d0,AG,Physical Port Down,2026-03-17 23:20:05,2026-03-17 23:20:05,1146.62,1,LOF,DOWN,UP,-,-,NORMAL,0.88,link_down
alarm_03030,current_alarm_snapshot,2026-05-04 17:57:19,CRITICAL,asset_0971b049d0,AG,Physical Port Down,2026-03-17 23:52:23,2026-03-17 23:52:23,1146.08,1,LOS,DOWN,UP,-,-,NORMAL,0.88,link_down
alarm_03031,current_alarm_snapshot,2026-05-04 17:57:19,CRITICAL,asset_c3406948d1,AR,The Device is offline,2026-03-17 23:53:56,2026-03-17 23:53:56,1146.06,1,UNKNOWN,UNKNOWN,UNKNOWN,-,-,NORMAL,0.88,other
alarm_03032,current_alarm_snapshot,2026-05-04 17:57:19,CRITICAL,asset_203c35a86e,AR,Physical Port Down,2026-03-18 09:11:37,2026-03-18 09:11:37,1136.76,1,LOS,UNREPORTED,UNKNOWN,-,-,NORMAL,0.88,link_down
alarm_03033,current_alarm_snapshot,2026-05-04 17:57:19,CRITICAL,asset_e4d3210543,AR,Physical Port Down,2026-03-18 16:11:22,2026-03-18 16:11:22,1129.77,1,LOS,DOWN,UP,-,-,NORMAL,0.88,link_down
alarm_03034,current_alarm_snapshot,2026-05-04 17:57:19,CRITICAL,asset_bf8e25da51,AR,Physical Port Down,2026-03-19 11:49:02,2026-03-19 11:49:02,1110.14,1,LOS,DOWN,UP,-,-,NORMAL,0.88,link_down
alarm_03035,current_alarm_snapshot,2026-05-04 17:57:19,CRITICAL,asset_b04fa4b282,AG,Physical Port Down,2026-03-19 12:09:41,2026-03-19 12:09:41,1109.79,1,SHUTDOWN,DOWN,DOWN,-,-,NORMAL,0.88,link_down
alarm_03036,current_alarm_snapshot,2026-05-04 17:57:19,CRITICAL,asset_135d5de800,AR,Physical Port Down,2026-03-19 14:15:04,2026-03-19 14:15:04,1107.7,1,LOS,UNREPORTED,UNKNOWN,-,-,NORMAL,0.88,link_down
alarm_03037,current_alarm_snapshot,2026-05-04 17:57:19,CRITICAL,asset_33967611a1,AR,Physical Port Down,2026-03-19 14:48:51,2026-03-19 14:48:51,1107.14,1,LOS,DOWN,UP,-,-,NORMAL,0.88,link_down
alarm_03038,current_alarm_snapshot,2026-05-04 17:57:19,CRITICAL,asset_e8d2b49d9c,AR,Physical Port Down,2026-03-19 16:22:31,2026-03-19 16:22:31,1105.58,1,LOS,DOWN,UP,-,-,NORMAL,0.88,link_down
alarm_03039,current_alarm_snapshot,2026-05-04 17:57:19,CRITICAL,asset_3e0ac3e5dd,AR,Physical Port Down,2026-03-19 16:48:52,2026-03-19 16:48:52,1105.14,1,LOS,DOWN,UP,-,-,NORMAL,0.88,link_down
alarm_03040,current_alarm_snapshot,2026-05-04 17:57:19,CRITICAL,asset_3e0ac3e5dd,AR,Physical Port Down,2026-03-19 16:48:52,2026-03-19 16:48:52,1105.14,1,LOS,DOWN,UP,-,-,NORMAL,0.88,link_down
alarm_03041,current_alarm_snapshot,2026-05-04 17:57:19,CRITICAL,asset_981ed86ee2,AG,Physical Port Down,2026-03-19 17:59:09,2026-03-19 17:59:09,1103.97,1,LOS,DOWN,UP,-,-,NORMAL,0.88,link_down
alarm_03042,current_alarm_snapshot,2026-05-04 17:57:19,CRITICAL,asset_38f8d238d5,AR,Physical Port Down,2026-03-19 18:02:50,2026-03-19 18:02:50,1103.91,1,0,UNREPORTED,UNREPORTED,-,-,NORMAL,0.88,link_down
alarm_03043,current_alarm_snapshot,2026-05-04 17:57:19,CRITICAL,asset_29796baa48,AR,Physical Port Down,2026-03-19 18:09:45,2026-03-19 18:09:45,1103.79,1,0,UNREPORTED,UNREPORTED,-,-,NORMAL,0.88,link_down
alarm_03044,current_alarm_snapshot,2026-05-04 17:57:19,CRITICAL,asset_9f941ee6fa,AR,Physical Port Down,2026-03-19 22:08:24,2026-03-19 22:08:24,1099.82,1,LOS,UP,UP,-,-,NORMAL,0.88,link_down
alarm_03045,current_alarm_snapshot,2026-05-04 17:57:19,CRITICAL,asset_9f941ee6fa,AR,Physical Port Down,2026-03-19 23:08:56,2026-03-19 23:08:56,1098.81,1,LOS,UP,UP,-,-,NORMAL,0.88,link_down
alarm_03046,current_alarm_snapshot,2026-05-04 17:57:19,CRITICAL,asset_ad2516d834,AG,Physical Port Down,2026-03-20 00:17:07,2026-03-20 00:17:07,1097.67,1,LOS,DOWN,UP,-,-,NORMAL,0.88,link_down
alarm_03047,current_alarm_snapshot,2026-05-04 17:57:19,CRITICAL,asset_b04fa4b282,AG,Physical Port Down,2026-03-20 00:42:12,2026-03-20 00:42:12,1097.25,1,LOF,DOWN,UP,-,-,NORMAL,0.88,link_down
alarm_03048,current_alarm_snapshot,2026-05-04 17:57:19,CRITICAL,asset_b04fa4b282,AG,Physical Port Down,2026-03-20 00:45:55,2026-03-20 00:45:55,1097.19,1,LOF,DOWN,UP,-,-,NORMAL,0.88,link_down
alarm_03049,current_alarm_snapshot,2026-05-04 17:57:19,CRITICAL,asset_e9e626e1cb,AR,Physical Port Down,2026-03-20 11:14:08,2026-03-20 11:14:08,1086.72,1,LOS,UNREPORTED,UNKNOWN,-,-,NORMAL,0.88,link_down
alarm_03050,current_alarm_snapshot,2026-05-04 17:57:19,CRITICAL,asset_d74feef97d,AR,Physical Port Down,2026-03-20 12:21:22,2026-03-20 12:21:22,1085.6,1,LOS,DOWN,UP,-,-,NORMAL,0.88,link_down
alarm_03051,current_alarm_snapshot,2026-05-04 17:57:19,CRITICAL,asset_2ea9726ea5,AR,Physical Port Down,2026-03-20 15:34:56,2026-03-20 15:34:56,1082.37,1,OTHER_SOFT_DOWN,UNREPORTED,UNKNOWN,-,-,NORMAL,0.88,link_down
alarm_03052,current_alarm_snapshot,2026-05-04 17:57:19,CRITICAL,asset_a8cfd94dc5,AR,Physical Port Down,2026-03-20 15:46:13,2026-03-20 15:46:13,1082.18,1,LOS,DOWN,UP,-,-,NORMAL,0.88,link_down
alarm_03053,current_alarm_snapshot,2026-05-04 17:57:19,CRITICAL,asset_0bc3b8e77d,AG,Physical Port Down,2026-03-20 17:55:30,2026-03-20 17:55:30,1080.03,1,LOS,DOWN,UP,-,-,NORMAL,0.88,link_down
alarm_03054,current_alarm_snapshot,2026-05-04 17:57:19,CRITICAL,asset_0bc3b8e77d,AG,Physical Port Down,2026-03-20 17:56:21,2026-03-20 17:56:21,1080.02,1,LOS,DOWN,UP,-,-,NORMAL,0.88,link_down
alarm_03055,current_alarm_snapshot,2026-05-04 17:57:19,CRITICAL,asset_30088472a4,AR,Physical Port Down,2026-03-20 18:22:00,2026-03-20 18:22:00,1079.59,1,LOS,UNREPORTED,UNKNOWN,-,-,NORMAL,0.88,link_down
alarm_03056,current_alarm_snapshot,2026-05-04 17:57:19,CRITICAL,asset_c0587df271,AR,Physical Port Down,2026-03-20 20:08:24,2026-03-20 20:08:24,1077.82,1,LOS,UNREPORTED,UNKNOWN,-,-,NORMAL,0.88,link_down
alarm_03057,current_alarm_snapshot,2026-05-04 17:57:19,CRITICAL,asset_cb98753404,AR,Physical Port Down,2026-03-20 22:02:24,2026-03-20 22:02:24,1075.92,1,LOS,UP,UP,-,-,NORMAL,0.88,link_down
alarm_03058,current_alarm_snapshot,2026-05-04 17:57:19,CRITICAL,asset_43eedde27a,AR,Physical Port Down,2026-03-21 08:11:01,2026-03-21 08:11:01,1065.77,1,OTHER_SOFT_DOWN,UP,UP,-,-,NORMAL,0.88,link_down
alarm_03059,current_alarm_snapshot,2026-05-04 17:57:19,CRITICAL,asset_4ef5bfc897,AR,Physical Port Down,2026-03-21 12:54:46,2026-03-21 12:54:46,1061.04,1,LOS,DOWN,UP,-,-,NORMAL,0.88,power_energy
alarm_03060,current_alarm_snapshot,2026-05-04 17:57:19,CRITICAL,asset_ffa3b4b781,AR,Physical Port Down,2026-03-21 22:43:29,2026-03-21 22:43:29,1051.23,1,LOS,DOWN,UP,-,-,NORMAL,0.88,link_down
alarm_03061,current_alarm_snapshot,2026-05-04 17:57:19,CRITICAL,asset_264c24137c,AR,Physical Port Down,2026-03-22 08:47:13,2026-03-22 08:47:13,1041.17,1,LOS,DOWN,UP,-,-,NORMAL,0.88,link_down
alarm_03062,current_alarm_snapshot,2026-05-04 17:57:19,CRITICAL,asset_0cc43c5489,AR,Physical Port Down,2026-03-22 09:23:36,2026-03-22 09:23:36,1040.56,1,LOS,DOWN,UP,-,-,NORMAL,0.88,link_down
alarm_03063,current_alarm_snapshot,2026-05-04 17:57:19,CRITICAL,asset_b24a78b3dc,AR,Physical Port Down,2026-03-22 09:57:08,2026-03-22 09:57:08,1040.0,1,LOS,DOWN,UP,-,-,NORMAL,0.88,link_down
alarm_03064,current_alarm_snapshot,2026-05-04 17:57:19,CRITICAL,asset_0bc3b8e77d,AG,Board Invalid,2026-03-22 10:10:37,2026-03-22 10:10:37,1039.78,1,UNKNOWN,UNKNOWN,UNKNOWN,-,-,NORMAL,0.88,equipment_module
alarm_03065,current_alarm_snapshot,2026-05-04 17:57:19,CRITICAL,asset_0bc3b8e77d,AG,Board Invalid,2026-03-22 10:11:02,2026-03-22 10:11:02,1039.77,1,UNKNOWN,UNKNOWN,UNKNOWN,-,-,NORMAL,0.88,equipment_module
alarm_03066,current_alarm_snapshot,2026-05-04 17:57:19,CRITICAL,asset_0bc3b8e77d,AG,Board Invalid,2026-03-22 17:10:15,2026-03-22 17:10:15,1032.78,1,UNKNOWN,UNKNOWN,UNKNOWN,-,-,NORMAL,0.88,equipment_module
alarm_03067,current_alarm_snapshot,2026-05-04 17:57:19,CRITICAL,asset_0bc3b8e77d,AG,Board Invalid,2026-03-22 17:40:05,2026-03-22 17:40:05,1032.29,1,UNKNOWN,UNKNOWN,UNKNOWN,-,-,NORMAL,0.88,power_energy
alarm_03068,current_alarm_snapshot,2026-05-04 17:57:19,CRITICAL,asset_3720826b71,AR,The Device is offline,2026-03-22 20:56:57,2026-03-22 20:56:57,1029.01,1,UNKNOWN,UNKNOWN,UNKNOWN,-,-,NORMAL,0.88,other
alarm_03069,current_alarm_snapshot,2026-05-04 17:57:19,CRITICAL,asset_011854c8eb,AR,Physical Port Down,2026-03-23 04:23:16,2026-03-23 04:23:16,1021.57,1,LOS,UNREPORTED,UNKNOWN,-,-,NORMAL,0.88,link_down
alarm_03070,current_alarm_snapshot,2026-05-04 17:57:19,CRITICAL,asset_a43df57ae9,AR,Physical Port Down,2026-03-23 09:41:03,2026-03-23 09:41:03,1016.27,1,SHUTDOWN,DOWN,DOWN,-,-,NORMAL,0.88,link_down
alarm_03071,current_alarm_snapshot,2026-05-04 17:57:19,CRITICAL,asset_a43df57ae9,AR,Physical Port Down,2026-03-23 09:41:03,2026-03-23 09:41:03,1016.27,1,SHUTDOWN,DOWN,DOWN,-,-,NORMAL,0.88,link_down
alarm_03072,current_alarm_snapshot,2026-05-04 17:57:19,CRITICAL,asset_a43df57ae9,AR,Physical Port Down,2026-03-23 09:41:03,2026-03-23 09:41:03,1016.27,1,SHUTDOWN,DOWN,DOWN,-,-,NORMAL,0.88,link_down
alarm_03073,current_alarm_snapshot,2026-05-04 17:57:19,CRITICAL,asset_a43df57ae9,AR,Physical Port Down,2026-03-23 09:41:03,2026-03-23 09:41:03,1016.27,1,SHUTDOWN,DOWN,DOWN,-,-,NORMAL,0.88,link_down
alarm_03074,current_alarm_snapshot,2026-05-04 17:57:19,CRITICAL,asset_e874aba9cd,AR,Physical Port Down,2026-03-23 10:40:29,2026-03-23 10:40:29,1015.28,1,LOS,DOWN,UP,-,-,NORMAL,0.88,link_down
alarm_03075,current_alarm_snapshot,2026-05-04 17:57:19,CRITICAL,asset_9ff1ddaa3c,AG,Physical Port Down,2026-03-23 13:28:41,2026-03-23 13:28:41,1012.48,1,NEGOTIATION_FAIL,DOWN,UP,-,-,NORMAL,0.88,link_down
alarm_03076,current_alarm_snapshot,2026-05-04 17:57:19,CRITICAL,asset_0e22e38401,AG,Board Invalid,2026-03-23 13:38:22,2026-03-23 13:38:22,1012.32,1,UNKNOWN,UNKNOWN,UNKNOWN,-,-,NORMAL,0.88,power_energy
alarm_03077,current_alarm_snapshot,2026-05-04 17:57:19,CRITICAL,asset_14476ccfd8,AR,Physical Port Down,2026-03-23 15:30:41,2026-03-23 15:30:41,1010.44,1,LOS,DOWN,UP,-,-,NORMAL,0.88,link_down
alarm_03078,current_alarm_snapshot,2026-05-04 17:57:19,CRITICAL,asset_14476ccfd8,AR,Physical Port Down,2026-03-23 15:30:45,2026-03-23 15:30:45,1010.44,1,LOS,DOWN,UP,-,-,NORMAL,0.88,link_down
alarm_03079,current_alarm_snapshot,2026-05-04 17:57:19,CRITICAL,asset_35172901f9,AR,Physical Port Down,2026-03-23 15:51:22,2026-03-23 15:51:22,1010.1,1,LOS,UNREPORTED,UNKNOWN,-,-,NORMAL,0.88,link_down
alarm_03080,current_alarm_snapshot,2026-05-04 17:57:19,CRITICAL,asset_a9da50358e,AR,Physical Port Down,2026-03-23 17:18:24,2026-03-23 17:18:24,1008.65,1,LOS,UNREPORTED,UNKNOWN,-,-,NORMAL,0.88,link_down
alarm_03081,current_alarm_snapshot,2026-05-04 17:57:19,CRITICAL,asset_23cbc184da,AR,Physical Port Down,2026-03-23 18:50:31,2026-03-23 18:50:31,1007.11,1,LOS,UNREPORTED,UNKNOWN,-,-,NORMAL,0.88,link_down
alarm_03082,current_alarm_snapshot,2026-05-04 17:57:19,CRITICAL,asset_5d44cba7d5,AR,Physical Port Down,2026-03-24 03:05:33,2026-03-24 03:05:33,998.86,1,LOS,UNREPORTED,UNKNOWN,-,-,NORMAL,0.88,link_down
alarm_03083,current_alarm_snapshot,2026-05-04 17:57:19,CRITICAL,asset_ccf92a6264,AG,Physical Port Down,2026-03-24 10:18:48,2026-03-24 10:18:48,991.64,1,NEGOTIATION_FAIL,DOWN,UP,-,-,NORMAL,0.88,link_down
alarm_03084,current_alarm_snapshot,2026-05-04 17:57:19,CRITICAL,asset_6c68bb62d9,AR,Physical Port Down,2026-03-24 10:45:18,2026-03-24 10:45:18,991.2,1,LOS,DOWN,UP,-,-,NORMAL,0.88,link_down
alarm_03085,current_alarm_snapshot,2026-05-04 17:57:19,CRITICAL,asset_80401e5c9e,AG,Physical Port Down,2026-03-24 10:50:30,2026-03-24 10:50:30,991.11,1,LOS,DOWN,UP,-,-,NORMAL,0.88,link_down
alarm_03086,current_alarm_snapshot,2026-05-04 17:57:19,CRITICAL,asset_976bc4abdf,AR,Physical Port Down,2026-03-24 12:19:09,2026-03-24 12:19:09,989.64,1,LOS,UP,UP,-,-,NORMAL,0.88,link_down
alarm_03087,current_alarm_snapshot,2026-05-04 17:57:19,CRITICAL,asset_aae3bbd02e,AG,Physical Port Down,2026-03-24 16:08:50,2026-03-24 16:08:50,985.81,1,LOS,DOWN,UP,-,-,NORMAL,0.88,link_down
alarm_03088,current_alarm_snapshot,2026-05-04 17:57:19,CRITICAL,asset_9cfad3dfc9,AR,Physical Port Down,2026-03-24 19:40:55,2026-03-24 19:40:55,982.27,1,LOS,DOWN,UP,-,-,NORMAL,0.88,link_down
alarm_03089,current_alarm_snapshot,2026-05-04 17:57:19,CRITICAL,asset_9cfad3dfc9,AR,Physical Port Down,2026-03-24 19:40:55,2026-03-24 19:40:55,982.27,1,LOS,DOWN,UP,-,-,NORMAL,0.88,link_down
alarm_03090,current_alarm_snapshot,2026-05-04 17:57:19,CRITICAL,asset_3cc02e7b52,AR,Physical Port Down,2026-03-25 00:06:26,2026-03-25 00:06:26,977.85,1,LOS,UNREPORTED,UNKNOWN,-,-,NORMAL,0.88,link_down
alarm_03091,current_alarm_snapshot,2026-05-04 17:57:19,CRITICAL,asset_ab5fc6ed40,AG,Physical Port Down,2026-03-25 10:29:52,2026-03-25 10:29:52,967.46,1,LOS,DOWN,UP,-,-,NORMAL,0.88,link_down
alarm_03092,current_alarm_snapshot,2026-05-04 17:57:19,CRITICAL,asset_ab5fc6ed40,AG,Physical Port Down,2026-03-25 10:30:37,2026-03-25 10:30:37,967.45,1,LOS,DOWN,UP,-,-,NORMAL,0.88,link_down
alarm_03093,current_alarm_snapshot,2026-05-04 17:57:19,CRITICAL,asset_97558d4ebe,AG,Physical Port Down,2026-03-25 11:43:58,2026-03-25 11:43:58,966.22,1,LOS,DOWN,UP,-,-,NORMAL,0.88,link_down
alarm_03094,current_alarm_snapshot,2026-05-04 17:57:19,CRITICAL,asset_97558d4ebe,AG,Physical Port Down,2026-03-25 11:44:30,2026-03-25 11:44:30,966.21,1,LOS,DOWN,UP,-,-,NORMAL,0.88,link_down
alarm_03095,current_alarm_snapshot,2026-05-04 17:57:19,CRITICAL,asset_1adc312e45,AR,Physical Port Down,2026-03-25 14:15:00,2026-03-25 14:15:00,963.71,1,LOS,UNREPORTED,UNKNOWN,-,-,NORMAL,0.88,link_down
alarm_03096,current_alarm_snapshot,2026-05-04 17:57:19,CRITICAL,asset_507447457e,AR,Physical Port Down,2026-03-25 14:50:55,2026-03-25 14:50:55,963.11,1,LOS,DOWN,UP,-,-,NORMAL,0.88,link_down
alarm_03097,current_alarm_snapshot,2026-05-04 17:57:19,CRITICAL,asset_d873edc63c,AR,Physical Port Down,2026-03-25 19:14:46,2026-03-25 19:14:46,958.71,1,LOS,DOWN,UP,-,-,NORMAL,0.88,link_down
alarm_03098,current_alarm_snapshot,2026-05-04 17:57:19,CRITICAL,asset_a070f7f753,AR,Physical Port Down,2026-03-26 00:50:17,2026-03-26 00:50:17,953.12,1,LOS,DOWN,UP,-,-,NORMAL,0.88,link_down
alarm_03099,current_alarm_snapshot,2026-05-04 17:57:19,CRITICAL,asset_f7c0553448,AR,Physical Port Down,2026-03-26 01:44:30,2026-03-26 01:44:30,952.21,1,LOS,DOWN,UP,-,-,NORMAL,0.88,link_down
alarm_03100,current_alarm_snapshot,2026-05-04 17:57:19,CRITICAL,asset_5575c11803,AR,Physical Port Down,2026-03-26 02:03:49,2026-03-26 02:03:49,951.89,1,LOS,DOWN,UP,-,-,NORMAL,0.88,link_down
alarm_03101,current_alarm_snapshot,2026-05-04 17:57:19,CRITICAL,asset_d2adaae7e3,AR,Physical Port Down,2026-03-26 03:46:44,2026-03-26 03:46:44,950.18,1,LOS,DOWN,UP,-,-,NORMAL,0.88,link_down
alarm_03102,current_alarm_snapshot,2026-05-04 17:57:19,CRITICAL,asset_b29dc9a03b,AR,Physical Port Down,2026-03-26 03:46:44,2026-03-26 03:46:44,950.18,1,LOS,DOWN,UP,-,-,NORMAL,0.88,link_down
alarm_03103,current_alarm_snapshot,2026-05-04 17:57:19,CRITICAL,asset_b29dc9a03b,AR,Physical Port Down,2026-03-26 03:46:44,2026-03-26 03:46:44,950.18,1,LINK_FAULT,DOWN,UP,-,-,NORMAL,0.88,link_down
alarm_03104,current_alarm_snapshot,2026-05-04 17:57:19,CRITICAL,asset_6f9b664291,AR,Physical Port Down,2026-03-26 07:20:18,2026-03-26 07:20:18,946.62,1,OTHER_SOFT_DOWN,DOWN,UP,-,-,NORMAL,0.88,link_down
alarm_03105,current_alarm_snapshot,2026-05-04 17:57:19,CRITICAL,asset_7fa2e00a7d,AR,Physical Port Down,2026-03-26 14:40:14,2026-03-26 14:40:14,939.28,1,LOS,DOWN,UP,-,-,NORMAL,0.88,link_down
alarm_03106,current_alarm_snapshot,2026-05-04 17:57:19,CRITICAL,asset_ce8528669c,AR,Physical Port Down,2026-03-26 14:48:54,2026-03-26 14:48:54,939.14,1,LOS,DOWN,UP,-,-,NORMAL,0.88,link_down
alarm_03107,current_alarm_snapshot,2026-05-04 17:57:19,CRITICAL,asset_bf8e25da51,AR,Physical Port Down,2026-03-26 15:55:29,2026-03-26 15:55:29,938.03,1,LOS,DOWN,UP,-,-,NORMAL,0.88,link_down
alarm_03108,current_alarm_snapshot,2026-05-04 17:57:19,CRITICAL,asset_b29dc9a03b,AR,Physical Port Down,2026-03-26 17:19:24,2026-03-26 17:19:24,936.63,1,LOS,DOWN,UP,-,-,NORMAL,0.88,link_down
alarm_03109,current_alarm_snapshot,2026-05-04 17:57:19,CRITICAL,asset_bf8e25da51,AR,Physical Port Down,2026-03-26 17:35:39,2026-03-26 17:35:39,936.36,1,LOS,DOWN,UP,-,-,NORMAL,0.88,link_down
alarm_03110,current_alarm_snapshot,2026-05-04 17:57:19,CRITICAL,asset_82a4196dec,AR,Physical Port Down,2026-03-26 19:08:37,2026-03-26 19:08:37,934.81,1,LOS,DOWN,UP,-,-,NORMAL,0.88,link_down
alarm_03111,current_alarm_snapshot,2026-05-04 17:57:19,CRITICAL,asset_82a4196dec,AR,Physical Port Down,2026-03-26 19:08:37,2026-03-26 19:08:37,934.81,1,LOS,DOWN,UP,-,-,NORMAL,0.88,link_down
alarm_03112,current_alarm_snapshot,2026-05-04 17:57:19,CRITICAL,asset_82a4196dec,AR,Physical Port Down,2026-03-26 19:08:37,2026-03-26 19:08:37,934.81,1,LOS,DOWN,UP,-,-,NORMAL,0.88,link_down
alarm_03113,current_alarm_snapshot,2026-05-04 17:57:19,CRITICAL,asset_29e95399e6,AR,Physical Port Down,2026-03-27 07:30:48,2026-03-27 07:30:48,922.44,1,LOS,DOWN,UP,-,-,NORMAL,0.88,link_down
alarm_03114,current_alarm_snapshot,2026-05-04 17:57:19,CRITICAL,asset_3dc3c2eeef,AR,Physical Port Down,2026-03-27 11:12:39,2026-03-27 11:12:39,918.74,1,LOS,UNREPORTED,UNKNOWN,-,-,NORMAL,0.88,link_down
alarm_03115,current_alarm_snapshot,2026-05-04 17:57:19,CRITICAL,asset_6397f481b2,AR,Physical Port Down,2026-03-27 12:12:05,2026-03-27 12:12:05,917.75,1,LOS,UNREPORTED,UNKNOWN,-,-,NORMAL,0.88,link_down
alarm_03116,current_alarm_snapshot,2026-05-04 17:57:19,CRITICAL,asset_203c35a86e,AR,Physical Port Down,2026-03-27 14:39:38,2026-03-27 14:39:38,915.29,1,LOS,UNREPORTED,UNKNOWN,-,-,NORMAL,0.88,link_down
alarm_03117,current_alarm_snapshot,2026-05-04 17:57:19,CRITICAL,asset_c0022c7929,AG,Physical Port Down,2026-03-27 18:17:37,2026-03-27 18:17:37,911.66,1,THE,UNREPORTED,UNKNOWN,-,-,NORMAL,0.88,link_down
alarm_03118,current_alarm_snapshot,2026-05-04 17:57:19,CRITICAL,asset_43b3c249bb,CP,Physical Port Down,2026-03-28 00:13:31,2026-03-28 00:13:31,905.73,1,THE,UNREPORTED,UNKNOWN,-,-,NORMAL,0.88,link_down
alarm_03119,current_alarm_snapshot,2026-05-04 17:57:19,CRITICAL,asset_43b3c249bb,CP,Physical Port Down,2026-03-28 00:13:31,2026-03-28 00:13:31,905.73,1,THE,UNREPORTED,UNKNOWN,-,-,NORMAL,0.88,link_down
alarm_03120,current_alarm_snapshot,2026-05-04 17:57:19,CRITICAL,asset_43b3c249bb,CP,Physical Port Down,2026-03-28 00:13:31,2026-03-28 00:13:31,905.73,1,THE,UNREPORTED,UNKNOWN,-,-,NORMAL,0.88,link_down
alarm_03121,current_alarm_snapshot,2026-05-04 17:57:19,CRITICAL,asset_43b3c249bb,CP,Physical Port Down,2026-03-28 00:13:32,2026-03-28 00:13:32,905.73,1,THE,UNREPORTED,UNKNOWN,-,-,NORMAL,0.88,link_down
alarm_03122,current_alarm_snapshot,2026-05-04 17:57:19,CRITICAL,asset_43b3c249bb,CP,Physical Port Down,2026-03-28 00:13:32,2026-03-28 00:13:32,905.73,1,THE,UNREPORTED,UNKNOWN,-,-,NORMAL,0.88,link_down
alarm_03123,current_alarm_snapshot,2026-05-04 17:57:19,CRITICAL,asset_43b3c249bb,CP,Physical Port Down,2026-03-28 00:13:34,2026-03-28 00:13:34,905.73,1,THE,UNREPORTED,UNKNOWN,-,-,NORMAL,0.88,link_down
alarm_03124,current_alarm_snapshot,2026-05-04 17:57:19,CRITICAL,asset_43b3c249bb,CP,Physical Port Down,2026-03-28 00:13:34,2026-03-28 00:13:34,905.73,1,THE,UNREPORTED,UNKNOWN,-,-,NORMAL,0.88,link_down
alarm_03125,current_alarm_snapshot,2026-05-04 17:57:19,CRITICAL,asset_43b3c249bb,CP,Physical Port Down,2026-03-28 00:13:34,2026-03-28 00:13:34,905.73,1,THE,UNREPORTED,UNKNOWN,-,-,NORMAL,0.88,link_down
alarm_03126,current_alarm_snapshot,2026-05-04 17:57:19,CRITICAL,asset_43b3c249bb,CP,Physical Port Down,2026-03-28 00:13:34,2026-03-28 00:13:34,905.73,1,THE,UNREPORTED,UNKNOWN,-,-,NORMAL,0.88,link_down
alarm_03127,current_alarm_snapshot,2026-05-04 17:57:19,CRITICAL,asset_d630980ac1,AR,The Device is offline,2026-03-28 01:07:49,2026-03-28 01:07:49,904.83,1,UNKNOWN,UNKNOWN,UNKNOWN,-,-,NORMAL,0.88,other
alarm_03128,current_alarm_snapshot,2026-05-04 17:57:19,CRITICAL,asset_c0a6168662,AR,The Device is offline,2026-03-28 01:08:30,2026-03-28 01:08:30,904.81,1,UNKNOWN,UNKNOWN,UNKNOWN,-,-,NORMAL,0.88,other
alarm_03129,current_alarm_snapshot,2026-05-04 17:57:19,CRITICAL,asset_b29dc9a03b,AR,Physical Port Down,2026-03-28 02:05:28,2026-03-28 02:05:28,903.86,1,LOS,DOWN,UP,-,-,NORMAL,0.88,link_down
alarm_03130,current_alarm_snapshot,2026-05-04 17:57:19,CRITICAL,asset_b19cfe0fdc,AR,Physical Port Down,2026-03-28 05:20:56,2026-03-28 05:20:56,900.61,1,LOS,UNREPORTED,UNKNOWN,-,-,NORMAL,0.88,link_down
alarm_03131,current_alarm_snapshot,2026-05-04 17:57:19,CRITICAL,asset_1abe8264fe,AR,The Device is offline,2026-03-28 06:13:41,2026-03-28 06:13:41,899.73,1,UNKNOWN,UNKNOWN,UNKNOWN,-,-,NORMAL,0.88,other
alarm_03132,current_alarm_snapshot,2026-05-04 17:57:19,CRITICAL,asset_aa31d4002e,AR,Physical Port Down,2026-03-28 08:31:28,2026-03-28 08:31:28,897.43,1,LOS,DOWN,UP,-,-,NORMAL,0.88,link_down
alarm_03133,current_alarm_snapshot,2026-05-04 17:57:19,CRITICAL,asset_81a4483fab,AR,Physical Port Down,2026-03-28 09:08:14,2026-03-28 09:08:14,896.82,1,LOS,UNREPORTED,UNKNOWN,-,-,NORMAL,0.88,link_down
alarm_03134,current_alarm_snapshot,2026-05-04 17:57:19,CRITICAL,asset_5bb1cb0663,AR,Physical Port Down,2026-03-28 10:07:15,2026-03-28 10:07:15,895.83,1,LOS,DOWN,UP,-,-,NORMAL,0.88,link_down
alarm_03135,current_alarm_snapshot,2026-05-04 17:57:19,CRITICAL,asset_5bb1cb0663,AR,Physical Port Down,2026-03-28 10:07:15,2026-03-28 10:07:15,895.83,1,LOS,DOWN,UP,-,-,NORMAL,0.88,link_down
alarm_03136,current_alarm_snapshot,2026-05-04 17:57:19,CRITICAL,asset_084c3241a2,AR,Physical Port Down,2026-03-28 12:40:13,2026-03-28 12:40:13,893.28,1,SHUTDOWN,DOWN,DOWN,-,-,NORMAL,0.88,link_down
alarm_03137,current_alarm_snapshot,2026-05-04 17:57:19,CRITICAL,asset_5ded0b1ffa,AR,Physical Port Down,2026-03-28 12:59:36,2026-03-28 12:59:36,892.96,1,LOS,DOWN,UP,-,-,NORMAL,0.88,link_down
alarm_03138,current_alarm_snapshot,2026-05-04 17:57:19,CRITICAL,asset_3ea94ac18e,AR,Physical Port Down,2026-03-28 14:01:31,2026-03-28 14:01:31,891.93,1,LOS,DOWN,UP,-,-,NORMAL,0.88,link_down
alarm_03139,current_alarm_snapshot,2026-05-04 17:57:19,CRITICAL,asset_c693b4ba11,AR,Physical Port Down,2026-03-28 16:30:51,2026-03-28 16:30:51,889.44,1,LINK_FAULT,DOWN,UP,-,-,NORMAL,0.88,link_down
alarm_03140,current_alarm_snapshot,2026-05-04 17:57:19,CRITICAL,asset_c693b4ba11,AR,Physical Port Down,2026-03-28 16:50:28,2026-03-28 16:50:28,889.11,1,LOS,DOWN,UP,-,-,NORMAL,0.88,link_down
alarm_03141,current_alarm_snapshot,2026-05-04 17:57:19,CRITICAL,asset_2dd950ba94,AR,Physical Port Down,2026-03-28 18:17:02,2026-03-28 18:17:02,887.67,1,LOS,DOWN,UP,-,-,NORMAL,0.88,link_down
alarm_03142,current_alarm_snapshot,2026-05-04 17:57:19,CRITICAL,asset_2dd950ba94,AR,Physical Port Down,2026-03-28 18:17:02,2026-03-28 18:17:02,887.67,1,LOS,DOWN,UP,-,-,NORMAL,0.88,link_down
alarm_03143,current_alarm_snapshot,2026-05-04 17:57:19,CRITICAL,asset_3529dcb0c1,AR,Physical Port Down,2026-03-29 06:00:04,2026-03-29 06:00:04,875.95,1,LOS,UNREPORTED,UNKNOWN,-,-,NORMAL,0.88,link_down
alarm_03144,current_alarm_snapshot,2026-05-04 17:57:19,CRITICAL,asset_51adbc723c,AR,Physical Port Down,2026-03-29 06:49:37,2026-03-29 06:49:37,875.13,1,LOS,DOWN,UP,-,-,NORMAL,0.88,link_down
alarm_03145,current_alarm_snapshot,2026-05-04 17:57:19,CRITICAL,asset_3529dcb0c1,AR,Physical Port Down,2026-03-29 07:22:27,2026-03-29 07:22:27,874.58,1,OTHER_SOFT_DOWN,UNREPORTED,UNKNOWN,-,-,NORMAL,0.88,link_down
alarm_03146,current_alarm_snapshot,2026-05-04 17:57:19,CRITICAL,asset_6a837c7e66,AR,Physical Port Down,2026-03-29 08:56:00,2026-03-29 08:56:00,873.02,1,LOS,DOWN,UP,-,-,NORMAL,0.88,link_down
alarm_03147,current_alarm_snapshot,2026-05-04 17:57:19,CRITICAL,asset_723bee58bb,AR,Physical Port Down,2026-03-29 09:02:24,2026-03-29 09:02:24,872.92,1,LOS,DOWN,UP,-,-,NORMAL,0.88,link_down
alarm_03148,current_alarm_snapshot,2026-05-04 17:57:19,CRITICAL,asset_3529dcb0c1,AR,Physical Port Down,2026-03-29 09:12:32,2026-03-29 09:12:32,872.75,1,LOS,UNREPORTED,UNKNOWN,-,-,NORMAL,0.88,link_down
alarm_03149,current_alarm_snapshot,2026-05-04 17:57:19,CRITICAL,asset_0350a68511,AR,Physical Port Down,2026-03-29 11:50:20,2026-03-29 11:50:20,870.12,1,LOS,UNREPORTED,UNKNOWN,-,-,NORMAL,0.88,link_down
alarm_03150,current_alarm_snapshot,2026-05-04 17:57:19,CRITICAL,asset_2354b516e3,AR,Physical Port Down,2026-03-29 12:31:29,2026-03-29 12:31:29,869.43,1,LOS,DOWN,UP,-,-,NORMAL,0.88,link_down
alarm_03151,current_alarm_snapshot,2026-05-04 17:57:19,CRITICAL,asset_362e6d1ac2,AR,Physical Port Down,2026-03-29 15:01:21,2026-03-29 15:01:21,866.93,1,LOS,DOWN,UP,-,-,NORMAL,0.88,link_down
alarm_03152,current_alarm_snapshot,2026-05-04 17:57:19,CRITICAL,asset_d0836f4af1,AR,Physical Port Down,2026-03-30 09:34:35,2026-03-30 09:34:35,848.38,1,LOS,DOWN,UP,-,-,NORMAL,0.88,link_down
alarm_03153,current_alarm_snapshot,2026-05-04 17:57:19,CRITICAL,asset_d0836f4af1,AR,Physical Port Down,2026-03-30 09:34:35,2026-03-30 09:34:35,848.38,1,LOS,DOWN,UP,-,-,NORMAL,0.88,link_down
alarm_03154,current_alarm_snapshot,2026-05-04 17:57:19,CRITICAL,asset_8bae9b5d9d,AR,Physical Port Down,2026-03-30 09:52:34,2026-03-30 09:52:34,848.08,1,LOS,DOWN,UP,-,-,NORMAL,0.88,link_down
alarm_03155,current_alarm_snapshot,2026-05-04 17:57:19,CRITICAL,asset_83d52a670b,AG,Physical Port Down,2026-03-30 11:22:32,2026-03-30 11:22:32,846.58,1,LOS,DOWN,UP,-,-,NORMAL,0.88,link_down
alarm_03156,current_alarm_snapshot,2026-05-04 17:57:19,CRITICAL,asset_1d83fe3f47,AR,Physical Port Down,2026-03-30 11:23:32,2026-03-30 11:23:32,846.56,1,LOS,DOWN,UP,-,-,NORMAL,0.88,link_down
alarm_03157,current_alarm_snapshot,2026-05-04 17:57:19,CRITICAL,asset_83d52a670b,AG,Physical Port Down,2026-03-30 11:25:43,2026-03-30 11:25:43,846.53,1,--,DOWN,UP,-,-,NORMAL,0.88,link_down
alarm_03158,current_alarm_snapshot,2026-05-04 17:57:19,CRITICAL,asset_1d83fe3f47,AR,Physical Port Down,2026-03-30 12:05:32,2026-03-30 12:05:32,845.86,1,LOS,DOWN,UP,-,-,NORMAL,0.88,link_down
alarm_03159,current_alarm_snapshot,2026-05-04 17:57:19,CRITICAL,asset_e09295a0bb,AR,Physical Port Down,2026-03-30 12:48:16,2026-03-30 12:48:16,845.15,1,LOS,DOWN,UP,-,-,NORMAL,0.88,link_down
alarm_03160,current_alarm_snapshot,2026-05-04 17:57:19,CRITICAL,asset_dab18853eb,AR,Physical Port Down,2026-03-30 16:17:40,2026-03-30 16:17:40,841.66,1,LOS,DOWN,UP,-,-,NORMAL,0.88,link_down
alarm_03161,current_alarm_snapshot,2026-05-04 17:57:19,CRITICAL,asset_a35bac3ee8,AR,Physical Port Down,2026-03-30 18:51:12,2026-03-30 18:51:12,839.1,1,LOS,DOWN,UP,-,-,NORMAL,0.88,link_down
alarm_03162,current_alarm_snapshot,2026-05-04 17:57:19,CRITICAL,asset_2d7570cafd,AG,Physical Port Down,2026-03-30 19:06:06,2026-03-30 19:06:06,838.85,1,LOS,DOWN,UP,-,-,NORMAL,0.88,link_down
alarm_03163,current_alarm_snapshot,2026-05-04 17:57:19,CRITICAL,asset_2d7570cafd,AG,Physical Port Down,2026-03-30 19:06:33,2026-03-30 19:06:33,838.85,1,LOS,DOWN,UP,-,-,NORMAL,0.88,link_down
alarm_03164,current_alarm_snapshot,2026-05-04 17:57:19,CRITICAL,asset_d933b20862,AG,Physical Port Down,2026-03-31 11:05:53,2026-03-31 11:05:53,822.86,1,LOS,DOWN,UP,-,-,NORMAL,0.88,link_down
alarm_03165,current_alarm_snapshot,2026-05-04 17:57:19,CRITICAL,asset_983c7de2ba,AR,Physical Port Down,2026-03-31 11:07:22,2026-03-31 11:07:22,822.83,1,LOS,UP,UP,-,-,NORMAL,0.88,link_down
alarm_03166,current_alarm_snapshot,2026-05-04 17:57:19,CRITICAL,asset_5eb1a2927b,AR,Physical Port Down,2026-03-31 11:16:02,2026-03-31 11:16:02,822.69,1,NEGOTIATION_FAIL,UNREPORTED,UNKNOWN,-,-,NORMAL,0.88,link_down
alarm_03167,current_alarm_snapshot,2026-05-04 17:57:19,CRITICAL,asset_91d94494ad,AR,Physical Port Down,2026-03-31 12:13:05,2026-03-31 12:13:05,821.74,1,LOS,UNREPORTED,UNKNOWN,-,-,NORMAL,0.88,link_down
alarm_03168,current_alarm_snapshot,2026-05-04 17:57:19,CRITICAL,asset_1d83fe3f47,AR,Physical Port Down,2026-03-31 16:03:36,2026-03-31 16:03:36,817.9,1,LOS,DOWN,UP,-,-,NORMAL,0.88,link_down
alarm_03169,current_alarm_snapshot,2026-05-04 17:57:19,CRITICAL,asset_8073fb4bd7,AR,Physical Port Down,2026-03-31 16:36:58,2026-03-31 16:36:58,817.34,1,LOS,DOWN,UP,-,-,NORMAL,0.88,link_down
alarm_03170,current_alarm_snapshot,2026-05-04 17:57:19,CRITICAL,asset_fdc5cd0dbe,AR,Physical Port Down,2026-03-31 16:53:29,2026-03-31 16:53:29,817.06,1,LOS,DOWN,UP,-,-,NORMAL,0.88,link_down
alarm_03171,current_alarm_snapshot,2026-05-04 17:57:19,CRITICAL,asset_9a1fc7b898,AR,Physical Port Down,2026-03-31 16:56:38,2026-03-31 16:56:38,817.01,1,LOS,DOWN,UP,-,-,NORMAL,0.88,link_down
alarm_03172,current_alarm_snapshot,2026-05-04 17:57:19,CRITICAL,asset_53d2767075,AR,Physical Port Down,2026-03-31 17:34:30,2026-03-31 17:34:30,816.38,1,LOS,DOWN,UP,-,-,NORMAL,0.88,link_down
alarm_03173,current_alarm_snapshot,2026-05-04 17:57:19,CRITICAL,asset_90a10d8cf0,AR,Physical Port Down,2026-03-31 19:27:23,2026-03-31 19:27:23,814.5,1,LOS,UP,UP,-,-,NORMAL,0.88,link_down
alarm_03174,current_alarm_snapshot,2026-05-04 17:57:19,CRITICAL,asset_c91370877b,AR,Physical Port Down,2026-04-01 10:17:52,2026-04-01 10:17:52,799.66,1,LOS,DOWN,UP,-,-,NORMAL,0.88,link_down
alarm_03175,current_alarm_snapshot,2026-05-04 17:57:19,CRITICAL,asset_f6f3dffd58,AR,Physical Port Down,2026-04-01 10:40:54,2026-04-01 10:40:54,799.27,1,LOS,UNREPORTED,UNKNOWN,-,-,NORMAL,0.88,link_down
alarm_03176,current_alarm_snapshot,2026-05-04 17:57:19,CRITICAL,asset_ae138f1d32,AG,Physical Port Down,2026-04-01 11:13:45,2026-04-01 11:13:45,798.73,1,LOS,DOWN,UP,-,-,NORMAL,0.88,link_down
alarm_03177,current_alarm_snapshot,2026-05-04 17:57:19,CRITICAL,asset_ae138f1d32,AG,Physical Port Down,2026-04-01 11:14:02,2026-04-01 11:14:02,798.72,1,LOS,DOWN,UP,-,-,NORMAL,0.88,link_down
alarm_03178,current_alarm_snapshot,2026-05-04 17:57:19,CRITICAL,asset_1376b4c5b5,AR,Physical Port Down,2026-04-01 11:55:47,2026-04-01 11:55:47,798.03,1,LOS,DOWN,UP,-,-,NORMAL,0.88,link_down
alarm_03179,current_alarm_snapshot,2026-05-04 17:57:19,CRITICAL,asset_a35bac3ee8,AR,Physical Port Down,2026-04-01 12:20:20,2026-04-01 12:20:20,797.62,1,LOS,DOWN,UP,-,-,NORMAL,0.88,link_down
alarm_03180,current_alarm_snapshot,2026-05-04 17:57:19,CRITICAL,asset_88ff6bf5f9,AR,Physical Port Down,2026-04-01 14:58:59,2026-04-01 14:58:59,794.97,1,NEGOTIATION_FAIL,UNREPORTED,UNKNOWN,-,-,NORMAL,0.88,link_down
alarm_03181,current_alarm_snapshot,2026-05-04 17:57:19,CRITICAL,asset_88ff6bf5f9,AR,Physical Port Down,2026-04-01 15:04:51,2026-04-01 15:04:51,794.87,1,LOS,UNREPORTED,UNKNOWN,-,-,NORMAL,0.88,link_down
alarm_03182,current_alarm_snapshot,2026-05-04 17:57:19,CRITICAL,asset_88ff6bf5f9,AR,Physical Port Down,2026-04-01 15:08:49,2026-04-01 15:08:49,794.81,1,LOS,UNREPORTED,UNKNOWN,-,-,NORMAL,0.88,link_down
alarm_03183,current_alarm_snapshot,2026-05-04 17:57:19,CRITICAL,asset_790400ce3d,AR,Physical Port Down,2026-04-01 15:32:18,2026-04-01 15:32:18,794.42,1,0,UNREPORTED,UNREPORTED,-,-,NORMAL,0.88,link_down
alarm_03184,current_alarm_snapshot,2026-05-04 17:57:19,CRITICAL,asset_5c11c12640,AG,Physical Port Down,2026-04-01 16:30:42,2026-04-01 16:30:42,793.44,1,LOS,DOWN,UP,-,-,NORMAL,0.88,link_down
alarm_03185,current_alarm_snapshot,2026-05-04 17:57:19,CRITICAL,asset_5c11c12640,AG,Physical Port Down,2026-04-01 16:30:45,2026-04-01 16:30:45,793.44,1,NEGOTIATION_FAIL,DOWN,UP,-,-,NORMAL,0.88,link_down
alarm_03186,current_alarm_snapshot,2026-05-04 17:57:19,CRITICAL,asset_3d9a9c6e26,AR,Physical Port Down,2026-04-01 16:57:36,2026-04-01 16:57:36,793.0,1,LOS,UNREPORTED,UNKNOWN,-,-,NORMAL,0.88,link_down
alarm_03187,current_alarm_snapshot,2026-05-04 17:57:19,CRITICAL,asset_d742765e15,AR,Physical Port Down,2026-04-01 19:50:07,2026-04-01 19:50:07,790.12,1,LOS,DOWN,UP,-,-,NORMAL,0.88,link_down
alarm_03188,current_alarm_snapshot,2026-05-04 17:57:19,CRITICAL,asset_d742765e15,AR,Physical Port Down,2026-04-01 19:50:07,2026-04-01 19:50:07,790.12,1,LOS,DOWN,UP,-,-,NORMAL,0.88,link_down
alarm_03189,current_alarm_snapshot,2026-05-04 17:57:19,CRITICAL,asset_fd473aa8d5,AR,Physical Port Down,2026-04-01 20:35:49,2026-04-01 20:35:49,789.36,1,LOS,DOWN,UP,-,-,NORMAL,0.88,link_down
alarm_03190,current_alarm_snapshot,2026-05-04 17:57:19,CRITICAL,asset_20a4ed4e54,AR,Physical Port Down,2026-04-01 22:06:43,2026-04-01 22:06:43,787.84,1,LOS,UP,UP,-,-,NORMAL,0.88,link_down
alarm_03191,current_alarm_snapshot,2026-05-04 17:57:19,CRITICAL,asset_3f24e9e21f,AR,Physical Port Down,2026-04-02 09:25:50,2026-04-02 09:25:50,776.52,1,LOS,UNREPORTED,UNKNOWN,-,-,NORMAL,0.88,link_down
alarm_03192,current_alarm_snapshot,2026-05-04 17:57:19,CRITICAL,asset_366ead1e86,AR,Physical Port Down,2026-04-02 11:06:14,2026-04-02 11:06:14,774.85,1,LOS,DOWN,UP,-,-,NORMAL,0.88,link_down
alarm_03193,current_alarm_snapshot,2026-05-04 17:57:19,CRITICAL,asset_81c24c73e5,AR,Physical Port Down,2026-04-02 11:42:20,2026-04-02 11:42:20,774.25,1,LOS,UNREPORTED,UNKNOWN,-,-,NORMAL,0.88,link_down
alarm_03194,current_alarm_snapshot,2026-05-04 17:57:19,CRITICAL,asset_81c24c73e5,AR,Physical Port Down,2026-04-02 12:22:53,2026-04-02 12:22:53,773.57,1,SHUTDOWN,UNREPORTED,UNKNOWN,-,-,NORMAL,0.88,link_down
alarm_03195,current_alarm_snapshot,2026-05-04 17:57:19,CRITICAL,asset_f48b97dbf9,AR,Physical Port Down,2026-04-02 12:33:17,2026-04-02 12:33:17,773.4,1,LOS,DOWN,UP,-,-,NORMAL,0.88,link_down
alarm_03196,current_alarm_snapshot,2026-05-04 17:57:19,CRITICAL,asset_1a6b1a4543,AR,Physical Port Down,2026-04-02 17:13:20,2026-04-02 17:13:20,768.73,1,LOS,UNREPORTED,UNKNOWN,-,-,NORMAL,0.88,link_down
alarm_03197,current_alarm_snapshot,2026-05-04 17:57:19,CRITICAL,asset_758fff0344,AR,Physical Port Down,2026-04-02 18:47:34,2026-04-02 18:47:34,767.16,1,LOS,UNREPORTED,UNKNOWN,-,-,NORMAL,0.88,link_down
alarm_03198,current_alarm_snapshot,2026-05-04 17:57:19,CRITICAL,asset_54bfcff377,AR,Physical Port Down,2026-04-02 23:41:45,2026-04-02 23:41:45,762.26,1,LOS,DOWN,UP,-,-,NORMAL,0.88,link_down
alarm_03199,current_alarm_snapshot,2026-05-04 17:57:19,CRITICAL,asset_bd13b9ce69,AR,Physical Port Down,2026-04-03 10:15:03,2026-04-03 10:15:03,751.7,1,LINK_FAULT,DOWN,UP,-,-,NORMAL,0.88,link_down
alarm_03200,current_alarm_snapshot,2026-05-04 17:57:19,CRITICAL,asset_f46462f2ed,AR,Physical Port Down,2026-04-03 11:05:40,2026-04-03 11:05:40,750.86,1,LOS,DOWN,UP,-,-,NORMAL,0.88,link_down
alarm_03201,current_alarm_snapshot,2026-05-04 17:57:19,CRITICAL,asset_f46462f2ed,AR,Physical Port Down,2026-04-03 11:05:40,2026-04-03 11:05:40,750.86,1,LOS,DOWN,UP,-,-,NORMAL,0.88,link_down
alarm_03202,current_alarm_snapshot,2026-05-04 17:57:19,CRITICAL,asset_d6f68a5572,AR,Physical Port Down,2026-04-03 20:17:30,2026-04-03 20:17:30,741.66,1,LOS,DOWN,UP,-,-,NORMAL,0.88,link_down
alarm_03203,current_alarm_snapshot,2026-05-04 17:57:19,CRITICAL,asset_43570778d6,AR,Physical Port Down,2026-04-04 05:22:17,2026-04-04 05:22:17,732.58,1,LOS,UP,UP,-,-,NORMAL,0.88,link_down
alarm_03204,current_alarm_snapshot,2026-05-04 17:57:19,CRITICAL,asset_80da815d31,AR,Physical Port Down,2026-04-04 12:40:58,2026-04-04 12:40:58,725.27,1,LOS,UNREPORTED,UNKNOWN,-,-,NORMAL,0.88,link_down
alarm_03205,current_alarm_snapshot,2026-05-04 17:57:19,CRITICAL,asset_9cb94f6b5a,AR,Physical Port Down,2026-04-04 15:46:34,2026-04-04 15:46:34,722.18,1,LOS,DOWN,UP,-,-,NORMAL,0.88,link_down
alarm_03206,current_alarm_snapshot,2026-05-04 17:57:19,CRITICAL,asset_82f9cb4882,AR,Physical Port Down,2026-04-05 14:30:27,2026-04-05 14:30:27,699.45,1,LOS,DOWN,UP,-,-,NORMAL,0.873,link_down
alarm_03207,current_alarm_snapshot,2026-05-04 17:57:19,CRITICAL,asset_82f9cb4882,AR,Physical Port Down,2026-04-05 14:30:27,2026-04-05 14:30:27,699.45,1,LOS,DOWN,UP,-,-,NORMAL,0.873,link_down
alarm_03208,current_alarm_snapshot,2026-05-04 17:57:19,CRITICAL,asset_82f9cb4882,AR,Physical Port Down,2026-04-05 14:30:27,2026-04-05 14:30:27,699.45,1,LOS,DOWN,UP,-,-,NORMAL,0.873,link_down
alarm_03209,current_alarm_snapshot,2026-05-04 17:57:19,CRITICAL,asset_bf8e25da51,AR,Physical Port Down,2026-04-05 15:19:30,2026-04-05 15:19:30,698.63,1,LOS,DOWN,UP,-,-,NORMAL,0.873,link_down
alarm_03210,current_alarm_snapshot,2026-05-04 17:57:19,CRITICAL,asset_2f7f200f95,AR,Physical Port Down,2026-04-05 19:04:51,2026-04-05 19:04:51,694.87,1,LOS,DOWN,UP,-,-,NORMAL,0.871,link_down
alarm_03211,current_alarm_snapshot,2026-05-04 17:57:19,CRITICAL,asset_9ff1ddaa3c,AG,Board Invalid,2026-04-05 20:16:53,2026-04-05 20:16:53,693.67,1,UNKNOWN,UNKNOWN,UNKNOWN,-,-,NORMAL,0.871,equipment_module
alarm_03212,current_alarm_snapshot,2026-05-04 17:57:19,CRITICAL,asset_589f1d59e6,AR,Physical Port Down,2026-04-05 22:11:54,2026-04-05 22:11:54,691.76,1,LOS,DOWN,UP,-,-,NORMAL,0.87,link_down
alarm_03213,current_alarm_snapshot,2026-05-04 17:57:19,CRITICAL,asset_4ed350bf5a,AR,Physical Port Down,2026-04-06 01:30:34,2026-04-06 01:30:34,688.45,1,LOS,DOWN,UP,-,-,NORMAL,0.869,link_down
alarm_03214,current_alarm_snapshot,2026-05-04 17:57:19,CRITICAL,asset_6444e14db9,AR,Physical Port Down,2026-04-06 05:26:59,2026-04-06 05:26:59,684.51,1,LOS,DOWN,UP,-,-,NORMAL,0.868,link_down
alarm_03215,current_alarm_snapshot,2026-05-04 17:57:19,CRITICAL,asset_5ded0b1ffa,AR,Physical Port Down,2026-04-06 07:02:05,2026-04-06 07:02:05,682.92,1,LOS,DOWN,UP,-,-,NORMAL,0.867,link_down
alarm_03216,current_alarm_snapshot,2026-05-04 17:57:19,CRITICAL,asset_c8c75dda9b,AR,The Device is offline,2026-04-06 07:22:09,2026-04-06 07:22:09,682.59,1,UNKNOWN,UNKNOWN,UNKNOWN,-,-,NORMAL,0.867,other
alarm_03217,current_alarm_snapshot,2026-05-04 17:57:19,CRITICAL,asset_8423592812,AR,Physical Port Down,2026-04-06 08:38:57,2026-04-06 08:38:57,681.31,1,LOS,UP,UP,-,-,NORMAL,0.867,link_down
alarm_03218,current_alarm_snapshot,2026-05-04 17:57:19,CRITICAL,asset_8423592812,AR,Physical Port Down,2026-04-06 08:38:57,2026-04-06 08:38:57,681.31,1,LOS,UP,UP,-,-,NORMAL,0.867,link_down
alarm_03219,current_alarm_snapshot,2026-05-04 17:57:19,CRITICAL,asset_576a2d7749,AR,Physical Port Down,2026-04-06 11:08:40,2026-04-06 11:08:40,678.81,1,LOS,DOWN,UP,-,-,NORMAL,0.866,link_down
alarm_03220,current_alarm_snapshot,2026-05-04 17:57:19,CRITICAL,asset_79235c5b08,AR,Physical Port Down,2026-04-06 14:38:27,2026-04-06 14:38:27,675.31,1,NEGOTIATION_FAIL,UNREPORTED,UNKNOWN,-,-,NORMAL,0.864,link_down
alarm_03221,current_alarm_snapshot,2026-05-04 17:57:19,CRITICAL,asset_983c7de2ba,AR,Physical Port Down,2026-04-06 14:38:27,2026-04-06 14:38:27,675.31,1,LOS,UP,UP,-,-,NORMAL,0.864,link_down
alarm_03222,current_alarm_snapshot,2026-05-04 17:57:19,CRITICAL,asset_9954d67f91,AR,Physical Port Down,2026-04-06 15:06:50,2026-04-06 15:06:50,674.84,1,LOS,DOWN,UP,-,-,NORMAL,0.864,link_down
alarm_03223,current_alarm_snapshot,2026-05-04 17:57:19,CRITICAL,asset_1abcf94b4b,AR,Physical Port Down,2026-04-06 17:02:52,2026-04-06 17:02:52,672.91,1,0,UNREPORTED,UNREPORTED,-,-,NORMAL,0.864,link_down
alarm_03224,current_alarm_snapshot,2026-05-04 17:57:19,CRITICAL,asset_20a4ed4e54,AR,Physical Port Down,2026-04-06 22:11:31,2026-04-06 22:11:31,667.76,1,LOS,UP,UP,-,-,NORMAL,0.862,link_down
alarm_03225,current_alarm_snapshot,2026-05-04 17:57:19,CRITICAL,asset_bee72ca1ab,AR,Physical Port Down,2026-04-06 22:46:25,2026-04-06 22:46:25,667.18,1,LOS,UNREPORTED,UNKNOWN,-,-,NORMAL,0.862,link_down
alarm_03226,current_alarm_snapshot,2026-05-04 17:57:19,CRITICAL,asset_f575df94cc,AG,Physical Port Down,2026-04-07 08:06:30,2026-04-07 08:06:30,657.85,1,LRDI,DOWN,UP,-,-,NORMAL,0.858,link_down
alarm_03227,current_alarm_snapshot,2026-05-04 17:57:19,CRITICAL,asset_f6b7f1b3e5,CP,Physical Port Down,2026-04-07 08:06:34,2026-04-07 08:06:34,657.85,1,THE,UNREPORTED,UNKNOWN,-,-,NORMAL,0.858,link_down
alarm_03228,current_alarm_snapshot,2026-05-04 17:57:19,CRITICAL,asset_d873edc63c,AR,Physical Port Down,2026-04-07 08:50:12,2026-04-07 08:50:12,657.12,1,LOS,DOWN,UP,-,-,NORMAL,0.858,link_down
alarm_03229,current_alarm_snapshot,2026-05-04 17:57:19,CRITICAL,asset_50f53bf44a,CP,Physical Port Down,2026-04-07 12:10:12,2026-04-07 12:10:12,653.79,1,THE,UNREPORTED,UNKNOWN,-,-,NORMAL,0.857,link_down
alarm_03230,current_alarm_snapshot,2026-05-04 17:57:19,CRITICAL,asset_7f31e1b6d4,AR,Physical Port Down,2026-04-07 15:31:45,2026-04-07 15:31:45,650.43,1,LOS,DOWN,UP,-,-,NORMAL,0.856,link_down
alarm_03231,current_alarm_snapshot,2026-05-04 17:57:19,CRITICAL,asset_306a0c22c0,AR,Physical Port Down,2026-04-07 16:05:52,2026-04-07 16:05:52,649.86,1,LOS,DOWN,UP,-,-,NORMAL,0.856,link_down
alarm_03232,current_alarm_snapshot,2026-05-04 17:57:19,CRITICAL,asset_306a0c22c0,AR,Physical Port Down,2026-04-07 16:05:52,2026-04-07 16:05:52,649.86,1,LOS,DOWN,UP,-,-,NORMAL,0.856,link_down
alarm_03233,current_alarm_snapshot,2026-05-04 17:57:19,CRITICAL,asset_2416652411,AR,Physical Port Down,2026-04-07 17:32:15,2026-04-07 17:32:15,648.42,1,LOS,DOWN,UP,-,-,NORMAL,0.855,link_down
alarm_03234,current_alarm_snapshot,2026-05-04 17:57:19,CRITICAL,asset_2416652411,AR,Physical Port Down,2026-04-07 17:32:15,2026-04-07 17:32:15,648.42,1,LOS,DOWN,UP,-,-,NORMAL,0.855,link_down
alarm_03235,current_alarm_snapshot,2026-05-04 17:57:19,CRITICAL,asset_2416652411,AR,Physical Port Down,2026-04-07 17:32:15,2026-04-07 17:32:15,648.42,1,LOS,DOWN,UP,-,-,NORMAL,0.855,link_down
alarm_03236,current_alarm_snapshot,2026-05-04 17:57:19,CRITICAL,asset_58635a29cd,AR,Physical Port Down,2026-04-07 23:38:50,2026-04-07 23:38:50,642.31,1,LOS,DOWN,UP,-,-,NORMAL,0.853,link_down
alarm_03237,current_alarm_snapshot,2026-05-04 17:57:19,CRITICAL,asset_9d71efc984,AR,Physical Port Down,2026-04-08 08:24:03,2026-04-08 08:24:03,633.55,1,LOS,DOWN,UP,-,-,NORMAL,0.85,link_down
alarm_03238,current_alarm_snapshot,2026-05-04 17:57:19,CRITICAL,asset_4326b55a45,AR,Physical Port Down,2026-04-08 09:59:42,2026-04-08 09:59:42,631.96,1,LOS,DOWN,UP,-,-,NORMAL,0.849,link_down
alarm_03239,current_alarm_snapshot,2026-05-04 17:57:19,CRITICAL,asset_a1db09770c,AG,Physical Port Down,2026-04-08 10:58:16,2026-04-08 10:58:16,630.98,1,NEGOTIATION_FAIL,DOWN,UP,-,-,NORMAL,0.849,link_down
alarm_03240,current_alarm_snapshot,2026-05-04 17:57:19,CRITICAL,asset_a1db09770c,AG,Physical Port Down,2026-04-08 10:58:24,2026-04-08 10:58:24,630.98,1,NEGOTIATION_FAIL,DOWN,UP,-,-,NORMAL,0.849,link_down
alarm_03241,current_alarm_snapshot,2026-05-04 17:57:19,CRITICAL,asset_97b4428b29,AR,Physical Port Down,2026-04-08 12:28:25,2026-04-08 12:28:25,629.48,1,LOS,DOWN,UP,-,-,NORMAL,0.849,link_down
alarm_03242,current_alarm_snapshot,2026-05-04 17:57:19,CRITICAL,asset_0350a68511,AR,Physical Port Down,2026-04-08 15:09:03,2026-04-08 15:09:03,626.8,1,LOS,UNREPORTED,UNKNOWN,-,-,NORMAL,0.848,link_down
alarm_03243,current_alarm_snapshot,2026-05-04 17:57:19,CRITICAL,asset_9954d67f91,AR,Physical Port Down,2026-04-08 17:30:57,2026-04-08 17:30:57,624.44,1,LOS,DOWN,UP,-,-,NORMAL,0.847,link_down
alarm_03244,current_alarm_snapshot,2026-05-04 17:57:19,CRITICAL,asset_a28893a2f9,AR,Physical Port Down,2026-04-08 17:59:29,2026-04-08 17:59:29,623.96,1,LOS,DOWN,UP,-,-,NORMAL,0.847,link_down
alarm_03245,current_alarm_snapshot,2026-05-04 17:57:19,CRITICAL,asset_a28893a2f9,AR,Physical Port Down,2026-04-08 17:59:29,2026-04-08 17:59:29,623.96,1,LINK_FAULT,DOWN,UP,-,-,NORMAL,0.847,link_down
alarm_03246,current_alarm_snapshot,2026-05-04 17:57:19,CRITICAL,asset_a28893a2f9,AR,Physical Port Down,2026-04-08 17:59:29,2026-04-08 17:59:29,623.96,1,LOS,DOWN,UP,-,-,NORMAL,0.847,link_down
alarm_03247,current_alarm_snapshot,2026-05-04 17:57:19,CRITICAL,asset_423b91fa61,AR,Physical Port Down,2026-04-08 18:00:26,2026-04-08 18:00:26,623.95,1,LOS,DOWN,UP,-,-,NORMAL,0.847,link_down
alarm_03248,current_alarm_snapshot,2026-05-04 17:57:19,CRITICAL,asset_423b91fa61,AR,Physical Port Down,2026-04-08 18:00:26,2026-04-08 18:00:26,623.95,1,LOS,DOWN,UP,-,-,NORMAL,0.847,link_down
alarm_03249,current_alarm_snapshot,2026-05-04 17:57:19,CRITICAL,asset_aeb9a83602,AR,Physical Port Down,2026-04-08 18:01:17,2026-04-08 18:01:17,623.93,1,LOS,DOWN,UP,-,-,NORMAL,0.847,link_down
alarm_03250,current_alarm_snapshot,2026-05-04 17:57:19,CRITICAL,asset_838ac7888f,AG,Physical Port Down,2026-04-08 18:44:03,2026-04-08 18:44:03,623.22,1,LOS,DOWN,UP,-,-,NORMAL,0.846,link_down
alarm_03251,current_alarm_snapshot,2026-05-04 17:57:19,CRITICAL,asset_838ac7888f,AG,Physical Port Down,2026-04-08 18:44:03,2026-04-08 18:44:03,623.22,1,LOS,DOWN,UP,-,-,NORMAL,0.846,link_down
alarm_03252,current_alarm_snapshot,2026-05-04 17:57:19,CRITICAL,asset_fb41ecd5f3,AR,Physical Port Down,2026-04-08 19:37:40,2026-04-08 19:37:40,622.33,1,LOS,DOWN,UP,-,-,NORMAL,0.846,link_down
alarm_03253,current_alarm_snapshot,2026-05-04 17:57:19,CRITICAL,asset_a863d1ef03,AR,Physical Port Down,2026-04-09 13:39:03,2026-04-09 13:39:03,604.3,1,LOS,DOWN,UP,-,-,NORMAL,0.84,link_down
alarm_03254,current_alarm_snapshot,2026-05-04 17:57:19,CRITICAL,asset_01c84c8cb0,AR,Physical Port Down,2026-04-09 14:52:32,2026-04-09 14:52:32,603.08,1,LOS,UP,UP,-,-,NORMAL,0.839,link_down
alarm_03255,current_alarm_snapshot,2026-05-04 17:57:19,CRITICAL,asset_627c2e9c1c,AR,Physical Port Down,2026-04-09 15:43:04,2026-04-09 15:43:04,602.24,1,LOS,UNREPORTED,UNKNOWN,-,-,NORMAL,0.839,link_down
alarm_03256,current_alarm_snapshot,2026-05-04 17:57:19,CRITICAL,asset_b616b40c81,AG,Physical Port Down,2026-04-09 17:42:57,2026-04-09 17:42:57,600.24,1,"PCS_HIGHBER,REMOTE_FAULT",DOWN,UP,-,-,NORMAL,0.838,link_down
alarm_03257,current_alarm_snapshot,2026-05-04 17:57:19,CRITICAL,asset_b616b40c81,AG,Physical Port Down,2026-04-09 17:42:58,2026-04-09 17:42:58,600.24,1,"PCS_HIGHBER,REMOTE_FAULT",DOWN,UP,-,-,NORMAL,0.838,link_down
alarm_03258,current_alarm_snapshot,2026-05-04 17:57:19,CRITICAL,asset_54bfcff377,AR,Physical Port Down,2026-04-09 18:17:24,2026-04-09 18:17:24,599.67,1,LOS,DOWN,UP,-,-,NORMAL,0.838,link_down
alarm_03259,current_alarm_snapshot,2026-05-04 17:57:19,CRITICAL,asset_54bfcff377,AR,Physical Port Down,2026-04-09 18:23:40,2026-04-09 18:23:40,599.56,1,0,UNREPORTED,UNREPORTED,-,-,NORMAL,0.838,link_down
alarm_03260,current_alarm_snapshot,2026-05-04 17:57:19,CRITICAL,asset_bd13b9ce69,AR,Physical Port Down,2026-04-09 22:13:43,2026-04-09 22:13:43,595.73,1,LOS,DOWN,UP,-,-,NORMAL,0.837,link_down
alarm_03261,current_alarm_snapshot,2026-05-04 17:57:19,CRITICAL,asset_de2bb266f9,AR,Physical Port Down,2026-04-09 22:18:23,2026-04-09 22:18:23,595.65,1,LOS,UNREPORTED,UNKNOWN,-,-,NORMAL,0.837,link_down
alarm_03262,current_alarm_snapshot,2026-05-04 17:57:19,CRITICAL,asset_a8abd6502f,AR,Physical Port Down,2026-04-10 11:03:43,2026-04-10 11:03:43,582.89,1,LOS,DOWN,UP,-,-,NORMAL,0.832,link_down
alarm_03263,current_alarm_snapshot,2026-05-04 17:57:19,CRITICAL,asset_8e681f7abf,AR,Physical Port Down,2026-04-10 11:10:43,2026-04-10 11:10:43,582.78,1,SHUTDOWN,UNREPORTED,UNKNOWN,-,-,NORMAL,0.832,link_down
alarm_03264,current_alarm_snapshot,2026-05-04 17:57:19,CRITICAL,asset_6075373650,AR,Physical Port Down,2026-04-10 12:03:11,2026-04-10 12:03:11,581.9,1,LOS,DOWN,UP,-,-,NORMAL,0.832,link_down
alarm_03265,current_alarm_snapshot,2026-05-04 17:57:19,CRITICAL,asset_e6fc422378,AR,Physical Port Down,2026-04-10 12:10:42,2026-04-10 12:10:42,581.78,1,LOS,UP,UP,-,-,NORMAL,0.832,link_down
alarm_03266,current_alarm_snapshot,2026-05-04 17:57:19,CRITICAL,asset_196395582d,AR,Physical Port Down,2026-04-10 13:00:14,2026-04-10 13:00:14,580.95,1,LOS,UNREPORTED,UNKNOWN,-,-,NORMAL,0.832,link_down
alarm_03267,current_alarm_snapshot,2026-05-04 17:57:19,CRITICAL,asset_d8ecea86ab,AR,Physical Port Down,2026-04-10 13:00:14,2026-04-10 13:00:14,580.95,1,LOS,UNREPORTED,UNKNOWN,-,-,NORMAL,0.832,link_down
alarm_03268,current_alarm_snapshot,2026-05-04 17:57:19,CRITICAL,asset_d8ecea86ab,AR,Physical Port Down,2026-04-10 14:21:22,2026-04-10 14:21:22,579.6,1,LOS,UNREPORTED,UNKNOWN,-,-,NORMAL,0.831,link_down
alarm_03269,current_alarm_snapshot,2026-05-04 17:57:19,CRITICAL,asset_196395582d,AR,Physical Port Down,2026-04-10 14:21:22,2026-04-10 14:21:22,579.6,1,LOS,UNREPORTED,UNKNOWN,-,-,NORMAL,0.831,power_energy
alarm_03270,current_alarm_snapshot,2026-05-04 17:57:19,CRITICAL,asset_6a7d737917,AG,Physical Port Down,2026-04-10 17:01:58,2026-04-10 17:01:58,576.92,1,THE,UNREPORTED,UNKNOWN,-,-,NORMAL,0.83,link_down
alarm_03271,current_alarm_snapshot,2026-05-04 17:57:19,CRITICAL,asset_9e77bcfcbb,AR,Physical Port Down,2026-04-10 17:31:09,2026-04-10 17:31:09,576.44,1,LOS,UNREPORTED,UNKNOWN,-,-,NORMAL,0.83,link_down
alarm_03272,current_alarm_snapshot,2026-05-04 17:57:19,CRITICAL,asset_f6be8d6025,AR,Physical Port Down,2026-04-10 18:12:54,2026-04-10 18:12:54,575.74,1,LOS,DOWN,UP,-,-,NORMAL,0.83,link_down
alarm_03273,current_alarm_snapshot,2026-05-04 17:57:19,CRITICAL,asset_e7272b0357,AG,Physical Port Down,2026-04-10 18:18:50,2026-04-10 18:18:50,575.64,1,LOS,DOWN,UP,-,-,NORMAL,0.83,link_down
alarm_03274,current_alarm_snapshot,2026-05-04 17:57:19,CRITICAL,asset_e7272b0357,AG,Physical Port Down,2026-04-10 18:24:09,2026-04-10 18:24:09,575.55,1,LOS,DOWN,UP,-,-,NORMAL,0.83,link_down
alarm_03275,current_alarm_snapshot,2026-05-04 17:57:19,CRITICAL,asset_3105c2041d,AR,Physical Port Down,2026-04-10 20:54:06,2026-04-10 20:54:06,573.05,1,0,UNREPORTED,UNREPORTED,-,-,NORMAL,0.829,link_down
alarm_03276,current_alarm_snapshot,2026-05-04 17:57:19,CRITICAL,asset_e6c0e127cf,AR,Physical Port Down,2026-04-10 21:08:37,2026-04-10 21:08:37,572.81,1,0,UNREPORTED,UNREPORTED,-,-,NORMAL,0.829,link_down
alarm_03277,current_alarm_snapshot,2026-05-04 17:57:19,CRITICAL,asset_e8d2b49d9c,AR,Physical Port Down,2026-04-11 09:41:36,2026-04-11 09:41:36,560.26,1,LOS,DOWN,UP,-,-,NORMAL,0.825,link_down
alarm_03278,current_alarm_snapshot,2026-05-04 17:57:19,CRITICAL,asset_a49593c5e2,AR,Physical Port Down,2026-04-11 16:35:17,2026-04-11 16:35:17,553.37,1,LOS,UNREPORTED,UNKNOWN,-,-,NORMAL,0.822,link_down
alarm_03279,current_alarm_snapshot,2026-05-04 17:57:19,CRITICAL,asset_26eaf0fdcb,AR,Physical Port Down,2026-04-11 18:53:09,2026-04-11 18:53:09,551.07,1,LOS,DOWN,UP,-,-,NORMAL,0.821,link_down
alarm_03280,current_alarm_snapshot,2026-05-04 17:57:19,CRITICAL,asset_395e88dac3,AG,Physical Port Down,2026-04-11 21:35:48,2026-04-11 21:35:48,548.36,1,SHUTDOWN,DOWN,DOWN,-,-,NORMAL,0.82,link_down
alarm_03281,current_alarm_snapshot,2026-05-04 17:57:19,CRITICAL,asset_f2d0338059,AR,The Device is offline,2026-04-11 22:18:24,2026-04-11 22:18:24,547.65,1,UNKNOWN,UNKNOWN,UNKNOWN,-,-,NORMAL,0.82,other
alarm_03282,current_alarm_snapshot,2026-05-04 17:57:19,CRITICAL,asset_a573303957,AR,Physical Port Down,2026-04-11 22:39:37,2026-04-11 22:39:37,547.29,1,LOS,DOWN,UP,-,-,NORMAL,0.82,link_down
alarm_03283,current_alarm_snapshot,2026-05-04 17:57:19,CRITICAL,asset_5fd573b1a2,AR,Physical Port Down,2026-04-12 04:53:36,2026-04-12 04:53:36,541.06,1,LOS,UP,UP,-,-,NORMAL,0.818,link_down
alarm_03284,current_alarm_snapshot,2026-05-04 17:57:19,CRITICAL,asset_25de297735,AR,Physical Port Down,2026-04-12 16:33:04,2026-04-12 16:33:04,529.4,1,LOS,UNREPORTED,UNKNOWN,-,-,NORMAL,0.814,link_down
alarm_03285,current_alarm_snapshot,2026-05-04 17:57:19,CRITICAL,asset_aaac678d19,AR,Physical Port Down,2026-04-12 17:01:58,2026-04-12 17:01:58,528.92,1,LOS,DOWN,UP,-,-,NORMAL,0.814,link_down
alarm_03286,current_alarm_snapshot,2026-05-04 17:57:19,CRITICAL,asset_e486ffe148,AR,Physical Port Down,2026-04-12 17:59:53,2026-04-12 17:59:53,527.96,1,LOS,UP,UP,-,-,NORMAL,0.813,link_down
alarm_03287,current_alarm_snapshot,2026-05-04 17:57:19,CRITICAL,asset_97b4428b29,AR,Physical Port Down,2026-04-12 21:14:31,2026-04-12 21:14:31,524.71,1,LOS,DOWN,UP,-,-,NORMAL,0.812,link_down
alarm_03288,current_alarm_snapshot,2026-05-04 17:57:19,CRITICAL,asset_bc661fb23e,AR,Physical Port Down,2026-04-12 21:44:47,2026-04-12 21:44:47,524.21,1,LOS,DOWN,UP,-,-,NORMAL,0.812,link_down
alarm_03289,current_alarm_snapshot,2026-05-04 17:57:19,CRITICAL,asset_bc661fb23e,AR,Physical Port Down,2026-04-12 21:44:47,2026-04-12 21:44:47,524.21,1,LINK_FAULT,DOWN,UP,-,-,NORMAL,0.812,link_down
alarm_03290,current_alarm_snapshot,2026-05-04 17:57:19,CRITICAL,asset_bc661fb23e,AR,Physical Port Down,2026-04-12 21:44:47,2026-04-12 21:44:47,524.21,1,LOS,DOWN,UP,-,-,NORMAL,0.812,link_down
alarm_03291,current_alarm_snapshot,2026-05-04 17:57:19,CRITICAL,asset_bc661fb23e,AR,Physical Port Down,2026-04-12 21:44:47,2026-04-12 21:44:47,524.21,1,LOS,DOWN,UP,-,-,NORMAL,0.812,link_down
alarm_03292,current_alarm_snapshot,2026-05-04 17:57:19,CRITICAL,asset_bc661fb23e,AR,Physical Port Down,2026-04-12 21:44:47,2026-04-12 21:44:47,524.21,1,LOS,DOWN,UP,-,-,NORMAL,0.812,link_down
alarm_03293,current_alarm_snapshot,2026-05-04 17:57:19,CRITICAL,asset_bc661fb23e,AR,Physical Port Down,2026-04-12 21:44:47,2026-04-12 21:44:47,524.21,1,LOS,DOWN,UP,-,-,NORMAL,0.812,link_down
alarm_03294,current_alarm_snapshot,2026-05-04 17:57:19,CRITICAL,asset_bc661fb23e,AR,Physical Port Down,2026-04-12 21:44:47,2026-04-12 21:44:47,524.21,1,LOS,DOWN,UP,-,-,NORMAL,0.812,link_down
alarm_03295,current_alarm_snapshot,2026-05-04 17:57:19,CRITICAL,asset_bc661fb23e,AR,Physical Port Down,2026-04-12 21:44:47,2026-04-12 21:44:47,524.21,1,LOS,DOWN,UP,-,-,NORMAL,0.812,link_down
alarm_03296,current_alarm_snapshot,2026-05-04 17:57:19,CRITICAL,asset_4226e99132,CA,Physical Port Down,2026-04-13 10:33:58,2026-04-13 10:33:58,511.39,1,LOS,DOWN,UP,-,-,NORMAL,0.808,equipment_module
alarm_03297,current_alarm_snapshot,2026-05-04 17:57:19,CRITICAL,asset_0f0a5d8386,AR,Physical Port Down,2026-04-13 11:03:33,2026-04-13 11:03:33,510.9,1,LOS,DOWN,UP,-,-,NORMAL,0.807,link_down
alarm_03298,current_alarm_snapshot,2026-05-04 17:57:19,CRITICAL,asset_26e9528f46,AR,Physical Port Down,2026-04-13 11:49:25,2026-04-13 11:49:25,510.13,1,LOS,DOWN,UP,-,-,NORMAL,0.807,link_down
alarm_03299,current_alarm_snapshot,2026-05-04 17:57:19,CRITICAL,asset_26e9528f46,AR,Physical Port Down,2026-04-13 11:49:25,2026-04-13 11:49:25,510.13,1,LOS,DOWN,UP,-,-,NORMAL,0.807,link_down
alarm_03300,current_alarm_snapshot,2026-05-04 17:57:19,CRITICAL,asset_a03f2a7138,AR,Physical Port Down,2026-04-13 12:37:32,2026-04-13 12:37:32,509.33,1,NEGOTIATION_FAIL,UNREPORTED,UNKNOWN,-,-,NORMAL,0.807,link_down
alarm_03301,current_alarm_snapshot,2026-05-04 17:57:19,CRITICAL,asset_9e4807a225,AR,Physical Port Down,2026-04-13 13:14:23,2026-04-13 13:14:23,508.72,1,LOS,DOWN,UP,-,-,NORMAL,0.807,link_down
alarm_03302,current_alarm_snapshot,2026-05-04 17:57:19,CRITICAL,asset_4bb8f94ea7,AR,Physical Port Down,2026-04-13 15:38:40,2026-04-13 15:38:40,506.31,1,LOS,DOWN,UP,-,-,NORMAL,0.806,link_down
alarm_03303,current_alarm_snapshot,2026-05-04 17:57:19,CRITICAL,asset_084c3241a2,AR,Physical Port Down,2026-04-13 16:16:34,2026-04-13 16:16:34,505.68,1,LOS,DOWN,UP,-,-,NORMAL,0.806,link_down
alarm_03304,current_alarm_snapshot,2026-05-04 17:57:19,CRITICAL,asset_b19cfe0fdc,AR,Physical Port Down,2026-04-13 16:40:00,2026-04-13 16:40:00,505.29,1,LOS,UNREPORTED,UNKNOWN,-,-,NORMAL,0.805,link_down
alarm_03305,current_alarm_snapshot,2026-05-04 17:57:19,CRITICAL,asset_1b81287930,AR,Physical Port Down,2026-04-13 17:23:23,2026-04-13 17:23:23,504.57,1,SHUTDOWN,UNREPORTED,UNKNOWN,-,-,NORMAL,0.805,link_down
alarm_03306,current_alarm_snapshot,2026-05-04 17:57:19,CRITICAL,asset_eb2220ff00,AR,The Device is offline,2026-04-13 17:46:18,2026-04-13 17:46:18,504.18,1,UNKNOWN,UNKNOWN,UNKNOWN,-,-,NORMAL,0.805,other
alarm_03307,current_alarm_snapshot,2026-05-04 17:57:19,CRITICAL,asset_df1b09cbac,AR,Physical Port Down,2026-04-13 17:55:10,2026-04-13 17:55:10,504.04,1,LOS,DOWN,UP,-,-,NORMAL,0.805,link_down
alarm_03308,current_alarm_snapshot,2026-05-04 17:57:19,CRITICAL,asset_637eb3aee5,AR,Physical Port Down,2026-04-13 20:11:19,2026-04-13 20:11:19,501.77,1,LOS,DOWN,UP,-,-,NORMAL,0.804,link_down
alarm_03309,current_alarm_snapshot,2026-05-04 17:57:19,CRITICAL,asset_27950e9a9f,AR,Physical Port Down,2026-04-13 20:33:48,2026-04-13 20:33:48,501.39,1,LOS,UNREPORTED,UNKNOWN,-,-,NORMAL,0.804,link_down
alarm_03310,current_alarm_snapshot,2026-05-04 17:57:19,CRITICAL,asset_43618bfaef,AR,Board Invalid,2026-04-14 03:01:43,2026-04-14 03:01:43,494.93,1,UNKNOWN,UNKNOWN,UNKNOWN,-,-,NORMAL,0.802,equipment_module
alarm_03311,current_alarm_snapshot,2026-05-04 17:57:19,CRITICAL,asset_7a46e81044,AR,Physical Port Down,2026-04-14 09:22:50,2026-04-14 09:22:50,488.57,1,LOS,DOWN,UP,-,-,NORMAL,0.8,link_down
alarm_03312,current_alarm_snapshot,2026-05-04 17:57:19,CRITICAL,asset_3c30bcf934,AG,Physical Port Down,2026-04-14 10:53:00,2026-04-14 10:53:00,487.07,1,SHUTDOWN,DOWN,DOWN,-,-,NORMAL,0.799,link_down
alarm_03313,current_alarm_snapshot,2026-05-04 17:57:19,CRITICAL,asset_3c30bcf934,AG,Physical Port Down,2026-04-14 10:53:01,2026-04-14 10:53:01,487.07,1,SHUTDOWN,DOWN,DOWN,-,-,NORMAL,0.799,link_down
alarm_03314,current_alarm_snapshot,2026-05-04 17:57:19,CRITICAL,asset_812a171ff2,AR,Physical Port Down,2026-04-14 11:39:57,2026-04-14 11:39:57,486.29,1,LOS,DOWN,UP,-,-,NORMAL,0.799,link_down
alarm_03315,current_alarm_snapshot,2026-05-04 17:57:19,CRITICAL,asset_574da865fd,AR,Physical Port Down,2026-04-14 13:15:21,2026-04-14 13:15:21,484.7,1,LOS,DOWN,UP,-,-,NORMAL,0.798,link_down
alarm_03316,current_alarm_snapshot,2026-05-04 17:57:19,CRITICAL,asset_3211ffe7d2,AR,Physical Port Down,2026-04-14 13:32:21,2026-04-14 13:32:21,484.42,1,LOS,DOWN,UP,-,-,NORMAL,0.798,link_down
alarm_03317,current_alarm_snapshot,2026-05-04 17:57:19,CRITICAL,asset_1ed38d9577,AG,Physical Port Down,2026-04-14 15:41:17,2026-04-14 15:41:17,482.27,1,THE,UNREPORTED,UNKNOWN,-,-,NORMAL,0.797,equipment_module
alarm_03318,current_alarm_snapshot,2026-05-04 17:57:19,CRITICAL,asset_73d79cd887,AR,Physical Port Down,2026-04-14 19:05:52,2026-04-14 19:05:52,478.86,1,SHUTDOWN,DOWN,DOWN,-,-,NORMAL,0.796,link_down
alarm_03319,current_alarm_snapshot,2026-05-04 17:57:19,CRITICAL,asset_34ede61b8c,AR,Physical Port Down,2026-04-14 19:05:52,2026-04-14 19:05:52,478.86,1,LOS,DOWN,UP,-,-,NORMAL,0.796,link_down
alarm_03320,current_alarm_snapshot,2026-05-04 17:57:19,CRITICAL,asset_7b4971c910,AR,Physical Port Down,2026-04-15 00:22:38,2026-04-15 00:22:38,473.58,1,LOS,UNREPORTED,UNKNOWN,-,-,NORMAL,0.794,link_down
alarm_03321,current_alarm_snapshot,2026-05-04 17:57:19,CRITICAL,asset_27acda765b,AR,Physical Port Down,2026-04-15 01:24:51,2026-04-15 01:24:51,472.54,1,LOS,DOWN,UP,-,-,NORMAL,0.794,link_down
alarm_03322,current_alarm_snapshot,2026-05-04 17:57:19,CRITICAL,asset_1b304a6655,AG,Physical Port Down,2026-04-15 10:23:57,2026-04-15 10:23:57,463.56,1,LOS,DOWN,UP,-,-,NORMAL,0.791,link_down
alarm_03323,current_alarm_snapshot,2026-05-04 17:57:19,CRITICAL,asset_1b304a6655,AG,Physical Port Down,2026-04-15 10:24:00,2026-04-15 10:24:00,463.56,1,LOS,DOWN,UP,-,-,NORMAL,0.791,link_down
alarm_03324,current_alarm_snapshot,2026-05-04 17:57:19,CRITICAL,asset_812a171ff2,AR,Physical Port Down,2026-04-15 10:51:32,2026-04-15 10:51:32,463.1,1,LOS,DOWN,UP,-,-,NORMAL,0.791,link_down
alarm_03325,current_alarm_snapshot,2026-05-04 17:57:19,CRITICAL,asset_c91370877b,AR,Physical Port Down,2026-04-15 11:24:03,2026-04-15 11:24:03,462.55,1,LOS,DOWN,UP,-,-,NORMAL,0.791,link_down
alarm_03326,current_alarm_snapshot,2026-05-04 17:57:19,CRITICAL,asset_9ebc0b789f,AR,Physical Port Down,2026-04-15 12:19:43,2026-04-15 12:19:43,461.63,1,LOS,UNREPORTED,UNKNOWN,-,-,NORMAL,0.79,link_down
alarm_03327,current_alarm_snapshot,2026-05-04 17:57:19,CRITICAL,asset_bf3b07f220,AR,Physical Port Down,2026-04-15 12:35:56,2026-04-15 12:35:56,461.36,1,LOS,UP,UP,-,-,NORMAL,0.79,link_down
alarm_03328,current_alarm_snapshot,2026-05-04 17:57:19,CRITICAL,asset_acf7872321,AR,The Device is offline,2026-04-15 14:00:08,2026-04-15 14:00:08,459.95,1,UNKNOWN,UNKNOWN,UNKNOWN,-,-,NORMAL,0.79,other
alarm_03329,current_alarm_snapshot,2026-05-04 17:57:19,CRITICAL,asset_fb41ecd5f3,AR,Physical Port Down,2026-04-15 14:00:38,2026-04-15 14:00:38,459.94,1,LINK_FAULT,DOWN,UP,-,-,NORMAL,0.79,link_down
alarm_03330,current_alarm_snapshot,2026-05-04 17:57:19,CRITICAL,asset_723bee58bb,AR,Physical Port Down,2026-04-15 14:15:32,2026-04-15 14:15:32,459.7,1,LOS,DOWN,UP,-,-,NORMAL,0.79,link_down
alarm_03331,current_alarm_snapshot,2026-05-04 17:57:19,CRITICAL,asset_638c6c7940,AR,Physical Port Down,2026-04-15 14:43:13,2026-04-15 14:43:13,459.24,1,LOS,UP,UP,-,-,NORMAL,0.789,link_down
alarm_03332,current_alarm_snapshot,2026-05-04 17:57:19,CRITICAL,asset_638c6c7940,AR,Physical Port Down,2026-04-15 14:54:19,2026-04-15 14:54:19,459.05,1,LOS,UP,UP,-,-,NORMAL,0.789,link_down
alarm_03333,current_alarm_snapshot,2026-05-04 17:57:19,CRITICAL,asset_9d71efc984,AR,Physical Port Down,2026-04-15 16:29:17,2026-04-15 16:29:17,457.47,1,LOS,DOWN,UP,-,-,NORMAL,0.789,link_down
alarm_03334,current_alarm_snapshot,2026-05-04 17:57:19,CRITICAL,asset_b944c0ee8a,AR,Physical Port Down,2026-04-15 18:54:52,2026-04-15 18:54:52,455.04,1,LOS,DOWN,UP,-,-,NORMAL,0.788,link_down
alarm_03335,current_alarm_snapshot,2026-05-04 17:57:19,CRITICAL,asset_ea9e3c143c,AR,Physical Port Down,2026-04-16 10:22:31,2026-04-16 10:22:31,439.58,1,OTHER_SOFT_DOWN,UNREPORTED,UNKNOWN,-,-,NORMAL,0.783,link_down
alarm_03336,current_alarm_snapshot,2026-05-04 17:57:19,CRITICAL,asset_6a837c7e66,AR,Physical Port Down,2026-04-16 10:55:40,2026-04-16 10:55:40,439.03,1,OTHER_SOFT_DOWN,DOWN,UP,-,-,NORMAL,0.782,link_down
alarm_03337,current_alarm_snapshot,2026-05-04 17:57:19,CRITICAL,asset_81fe31e2c1,AR,Physical Port Down,2026-04-16 11:08:29,2026-04-16 11:08:29,438.81,1,0,UNREPORTED,UNREPORTED,-,-,NORMAL,0.782,link_down
alarm_03338,current_alarm_snapshot,2026-05-04 17:57:19,CRITICAL,asset_d2adaae7e3,AR,Physical Port Down,2026-04-16 11:30:26,2026-04-16 11:30:26,438.45,1,LOS,DOWN,UP,-,-,NORMAL,0.782,link_down
alarm_03339,current_alarm_snapshot,2026-05-04 17:57:19,CRITICAL,asset_a13c61d2a7,AG,Physical Port Down,2026-04-16 12:11:35,2026-04-16 12:11:35,437.76,1,LOS,DOWN,UP,-,-,NORMAL,0.782,link_down
alarm_03340,current_alarm_snapshot,2026-05-04 17:57:19,CRITICAL,asset_53d2767075,AR,Physical Port Down,2026-04-16 12:44:20,2026-04-16 12:44:20,437.22,1,LOS,DOWN,UP,-,-,NORMAL,0.782,link_down
alarm_03341,current_alarm_snapshot,2026-05-04 17:57:19,CRITICAL,asset_3f24e9e21f,AR,Physical Port Down,2026-04-16 12:48:48,2026-04-16 12:48:48,437.14,1,LOS,UNREPORTED,UNKNOWN,-,-,NORMAL,0.782,link_down
alarm_03342,current_alarm_snapshot,2026-05-04 17:57:19,CRITICAL,asset_ab103b6947,AR,Physical Port Down,2026-04-16 17:08:34,2026-04-16 17:08:34,432.81,1,LOS,DOWN,UP,-,-,NORMAL,0.78,link_down
alarm_03343,current_alarm_snapshot,2026-05-04 17:57:19,CRITICAL,asset_7576b5c263,AR,Physical Port Down,2026-04-17 03:56:08,2026-04-17 03:56:08,422.02,1,0,UNREPORTED,UNREPORTED,-,-,NORMAL,0.777,link_down
alarm_03344,current_alarm_snapshot,2026-05-04 17:57:19,CRITICAL,asset_628a6ad572,AG,Physical Port Down,2026-04-17 09:38:28,2026-04-17 09:38:28,416.31,1,SHUTDOWN,DOWN,DOWN,-,-,NORMAL,0.775,link_down
alarm_03345,current_alarm_snapshot,2026-05-04 17:57:19,CRITICAL,asset_628a6ad572,AG,Physical Port Down,2026-04-17 09:38:28,2026-04-17 09:38:28,416.31,1,SHUTDOWN,DOWN,DOWN,-,-,NORMAL,0.775,link_down
alarm_03346,current_alarm_snapshot,2026-05-04 17:57:19,CRITICAL,asset_b024f6062a,AR,Physical Port Down,2026-04-17 09:43:05,2026-04-17 09:43:05,416.24,1,NEGOTIATION_FAIL,UNREPORTED,UNKNOWN,-,-,NORMAL,0.775,link_down
alarm_03347,current_alarm_snapshot,2026-05-04 17:57:19,CRITICAL,asset_6b113b0958,AR,Physical Port Down,2026-04-17 12:26:19,2026-04-17 12:26:19,413.52,1,LOS,UNREPORTED,UNKNOWN,-,-,NORMAL,0.774,link_down
alarm_03348,current_alarm_snapshot,2026-05-04 17:57:19,CRITICAL,asset_846f948a0b,AR,Physical Port Down,2026-04-17 13:54:30,2026-04-17 13:54:30,412.05,1,LOS,DOWN,UP,-,-,NORMAL,0.773,link_down
alarm_03349,current_alarm_snapshot,2026-05-04 17:57:19,CRITICAL,asset_846f948a0b,AR,Physical Port Down,2026-04-17 13:54:30,2026-04-17 13:54:30,412.05,1,LOS,DOWN,UP,-,-,NORMAL,0.773,link_down
alarm_03350,current_alarm_snapshot,2026-05-04 17:57:19,CRITICAL,asset_66727d133f,AR,Physical Port Down,2026-04-17 14:18:50,2026-04-17 14:18:50,411.64,1,LOS,UNREPORTED,UNKNOWN,-,-,NORMAL,0.773,link_down
alarm_03351,current_alarm_snapshot,2026-05-04 17:57:19,CRITICAL,asset_66727d133f,AR,Physical Port Down,2026-04-17 14:19:37,2026-04-17 14:19:37,411.63,1,OTHER_SOFT_DOWN,UNREPORTED,UNKNOWN,-,-,NORMAL,0.773,link_down
alarm_03352,current_alarm_snapshot,2026-05-04 17:57:19,CRITICAL,asset_dd9a5345c8,AR,Physical Port Down,2026-04-17 14:28:45,2026-04-17 14:28:45,411.48,1,LOS,UNREPORTED,UNKNOWN,-,-,NORMAL,0.773,link_down
alarm_03353,current_alarm_snapshot,2026-05-04 17:57:19,CRITICAL,asset_6e0466572b,AG,Physical Port Down,2026-04-17 14:33:13,2026-04-17 14:33:13,411.4,1,LOS,DOWN,UP,-,-,NORMAL,0.773,link_down
alarm_03354,current_alarm_snapshot,2026-05-04 17:57:19,CRITICAL,asset_6e0466572b,AG,Physical Port Down,2026-04-17 14:33:59,2026-04-17 14:33:59,411.39,1,LOS,DOWN,UP,-,-,NORMAL,0.773,link_down
alarm_03355,current_alarm_snapshot,2026-05-04 17:57:19,CRITICAL,asset_fc7686c0fb,AR,Physical Port Down,2026-04-17 15:09:58,2026-04-17 15:09:58,410.79,1,LOS,DOWN,UP,-,-,NORMAL,0.773,link_down
alarm_03356,current_alarm_snapshot,2026-05-04 17:57:19,CRITICAL,asset_1eacd7eed8,AR,Physical Port Down,2026-04-17 16:09:04,2026-04-17 16:09:04,409.8,1,LOS,UNREPORTED,UNKNOWN,-,-,NORMAL,0.772,link_down
alarm_03357,current_alarm_snapshot,2026-05-04 17:57:19,CRITICAL,asset_6f9746a0ae,AR,Physical Port Down,2026-04-17 16:46:47,2026-04-17 16:46:47,409.18,1,LOS,DOWN,UP,-,-,NORMAL,0.772,link_down
alarm_03358,current_alarm_snapshot,2026-05-04 17:57:19,CRITICAL,asset_1daec4427a,AG,Physical Port Down,2026-04-17 16:47:21,2026-04-17 16:47:21,409.17,1,LOS,DOWN,UP,-,-,NORMAL,0.772,link_down
alarm_03359,current_alarm_snapshot,2026-05-04 17:57:19,CRITICAL,asset_1daec4427a,AG,Physical Port Down,2026-04-17 16:47:24,2026-04-17 16:47:24,409.17,1,LOS,DOWN,UP,-,-,NORMAL,0.772,link_down
alarm_03360,current_alarm_snapshot,2026-05-04 17:57:19,CRITICAL,asset_1daec4427a,AG,Physical Port Down,2026-04-17 17:02:52,2026-04-17 17:02:52,408.91,1,LOS,DOWN,UP,-,-,NORMAL,0.772,link_down
alarm_03361,current_alarm_snapshot,2026-05-04 17:57:19,CRITICAL,asset_282683d7c6,AR,Physical Port Down,2026-04-17 17:23:44,2026-04-17 17:23:44,408.56,1,LOS,UNREPORTED,UNKNOWN,-,-,NORMAL,0.772,link_down
alarm_03362,current_alarm_snapshot,2026-05-04 17:57:19,CRITICAL,asset_fc7686c0fb,AR,Physical Port Down,2026-04-17 18:57:58,2026-04-17 18:57:58,406.99,1,LOS,DOWN,UP,-,-,NORMAL,0.771,link_down
alarm_03363,current_alarm_snapshot,2026-05-04 17:57:19,CRITICAL,asset_d0aacbf21a,AG,Physical Port Down,2026-04-17 19:05:16,2026-04-17 19:05:16,406.87,1,LOS,DOWN,UP,-,-,NORMAL,0.771,link_down
alarm_03364,current_alarm_snapshot,2026-05-04 17:57:19,CRITICAL,asset_d0aacbf21a,AG,Physical Port Down,2026-04-17 19:05:36,2026-04-17 19:05:36,406.86,1,NEGOTIATION_FAIL,DOWN,UP,-,-,NORMAL,0.771,link_down
alarm_03365,current_alarm_snapshot,2026-05-04 17:57:19,CRITICAL,asset_934eab04b5,AR,Physical Port Down,2026-04-17 19:39:38,2026-04-17 19:39:38,406.29,1,LOS,DOWN,UP,-,-,NORMAL,0.771,link_down
alarm_03366,current_alarm_snapshot,2026-05-04 17:57:19,CRITICAL,asset_0827224be1,AR,Physical Port Down,2026-04-17 19:40:18,2026-04-17 19:40:18,406.28,1,LOS,DOWN,UP,-,-,NORMAL,0.771,link_down
alarm_03367,current_alarm_snapshot,2026-05-04 17:57:19,CRITICAL,asset_d05c7defa6,AR,Physical Port Down,2026-04-17 19:49:12,2026-04-17 19:49:12,406.14,1,LOS,UNREPORTED,UNKNOWN,-,-,NORMAL,0.771,link_down
alarm_03368,current_alarm_snapshot,2026-05-04 17:57:19,CRITICAL,asset_89d7a75bcc,AR,Physical Port Down,2026-04-17 19:57:56,2026-04-17 19:57:56,405.99,1,LOS,UP,UP,-,-,NORMAL,0.771,link_down
alarm_03369,current_alarm_snapshot,2026-05-04 17:57:19,CRITICAL,asset_77100acc56,AR,Physical Port Down,2026-04-17 22:53:54,2026-04-17 22:53:54,403.06,1,LOS,DOWN,UP,-,-,NORMAL,0.77,link_down
alarm_03370,current_alarm_snapshot,2026-05-04 17:57:19,CRITICAL,asset_900f5b1180,AR,Physical Port Down,2026-04-18 00:49:19,2026-04-18 00:49:19,401.13,1,LOS,UNREPORTED,UNKNOWN,-,-,NORMAL,0.769,link_down
alarm_03371,current_alarm_snapshot,2026-05-04 17:57:19,CRITICAL,asset_f8895db76f,AR,Physical Port Down,2026-04-18 08:46:53,2026-04-18 08:46:53,393.17,1,LOS,DOWN,UP,-,-,NORMAL,0.767,link_down
alarm_03372,current_alarm_snapshot,2026-05-04 17:57:19,CRITICAL,asset_b862daf98f,AR,Physical Port Down,2026-04-18 09:54:21,2026-04-18 09:54:21,392.05,1,LOS,DOWN,UP,-,-,NORMAL,0.766,link_down
alarm_03373,current_alarm_snapshot,2026-05-04 17:57:19,CRITICAL,asset_b862daf98f,AR,Physical Port Down,2026-04-18 09:54:21,2026-04-18 09:54:21,392.05,1,LOS,DOWN,UP,-,-,NORMAL,0.766,link_down
alarm_03374,current_alarm_snapshot,2026-05-04 17:57:19,CRITICAL,asset_b862daf98f,AR,Physical Port Down,2026-04-18 09:54:23,2026-04-18 09:54:23,392.05,1,LOS,DOWN,UP,-,-,NORMAL,0.766,link_down
alarm_03375,current_alarm_snapshot,2026-05-04 17:57:19,CRITICAL,asset_d8a819220c,AR,Physical Port Down,2026-04-18 10:31:24,2026-04-18 10:31:24,391.43,1,LOS,DOWN,UP,-,-,NORMAL,0.766,link_down
alarm_03376,current_alarm_snapshot,2026-05-04 17:57:19,CRITICAL,asset_d2adaae7e3,AR,Physical Port Down,2026-04-18 10:40:26,2026-04-18 10:40:26,391.28,1,NEGOTIATION_FAIL,DOWN,UP,-,-,NORMAL,0.766,link_down
alarm_03377,current_alarm_snapshot,2026-05-04 17:57:19,CRITICAL,asset_9a31a32d2c,AR,Physical Port Down,2026-04-18 11:28:31,2026-04-18 11:28:31,390.48,1,LOS,DOWN,UP,-,-,NORMAL,0.766,link_down
alarm_03378,current_alarm_snapshot,2026-05-04 17:57:19,CRITICAL,asset_9a31a32d2c,AR,Physical Port Down,2026-04-18 11:28:31,2026-04-18 11:28:31,390.48,1,LOS,DOWN,UP,-,-,NORMAL,0.766,link_down
alarm_03379,current_alarm_snapshot,2026-05-04 17:57:19,CRITICAL,asset_8c7e1dadff,AR,Physical Port Down,2026-04-18 11:46:59,2026-04-18 11:46:59,390.17,1,OTHER_SOFT_DOWN,UNREPORTED,UNKNOWN,-,-,NORMAL,0.765,link_down
alarm_03380,current_alarm_snapshot,2026-05-04 17:57:19,CRITICAL,asset_6dbbc5a640,AR,Physical Port Down,2026-04-18 11:56:42,2026-04-18 11:56:42,390.01,1,LOS,DOWN,UP,-,-,NORMAL,0.765,link_down
alarm_03381,current_alarm_snapshot,2026-05-04 17:57:19,CRITICAL,asset_f0dc7f5d58,AR,Physical Port Down,2026-04-18 14:13:42,2026-04-18 14:13:42,387.73,1,LOS,UP,UP,-,-,NORMAL,0.765,link_down
alarm_03382,current_alarm_snapshot,2026-05-04 17:57:19,CRITICAL,asset_aae3bbd02e,AG,Board Invalid,2026-04-18 14:14:16,2026-04-18 14:14:16,387.72,1,UNKNOWN,UNKNOWN,UNKNOWN,-,-,NORMAL,0.765,power_energy
alarm_03383,current_alarm_snapshot,2026-05-04 17:57:19,CRITICAL,asset_e7bc113dce,AR,Physical Port Down,2026-04-18 16:11:23,2026-04-18 16:11:23,385.77,1,LOS,UNREPORTED,UNKNOWN,-,-,NORMAL,0.764,link_down
alarm_03384,current_alarm_snapshot,2026-05-04 17:57:19,CRITICAL,asset_6a837c7e66,AR,Physical Port Down,2026-04-18 19:02:13,2026-04-18 19:02:13,382.92,1,LOS,DOWN,UP,-,-,NORMAL,0.763,link_down
alarm_03385,current_alarm_snapshot,2026-05-04 17:57:19,CRITICAL,asset_50d85208a0,AR,Physical Port Down,2026-04-19 01:21:10,2026-04-19 01:21:10,376.6,1,LOS,DOWN,UP,-,-,NORMAL,0.761,link_down
alarm_03386,current_alarm_snapshot,2026-05-04 17:57:19,CRITICAL,asset_50d85208a0,AR,Physical Port Down,2026-04-19 01:21:10,2026-04-19 01:21:10,376.6,1,LOS,DOWN,UP,-,-,NORMAL,0.761,link_down
alarm_03387,current_alarm_snapshot,2026-05-04 17:57:19,CRITICAL,asset_50d85208a0,AR,Physical Port Down,2026-04-19 01:21:10,2026-04-19 01:21:10,376.6,1,LOS,DOWN,UP,-,-,NORMAL,0.761,link_down
alarm_03388,current_alarm_snapshot,2026-05-04 17:57:19,CRITICAL,asset_50d85208a0,AR,Physical Port Down,2026-04-19 01:21:10,2026-04-19 01:21:10,376.6,1,LOS,DOWN,UP,-,-,NORMAL,0.761,link_down
alarm_03389,current_alarm_snapshot,2026-05-04 17:57:19,CRITICAL,asset_50d85208a0,AR,Physical Port Down,2026-04-19 01:21:10,2026-04-19 01:21:10,376.6,1,LOS,DOWN,UP,-,-,NORMAL,0.761,link_down
alarm_03390,current_alarm_snapshot,2026-05-04 17:57:19,CRITICAL,asset_50d85208a0,AR,Physical Port Down,2026-04-19 01:21:10,2026-04-19 01:21:10,376.6,1,LOS,DOWN,UP,-,-,NORMAL,0.761,link_down
alarm_03391,current_alarm_snapshot,2026-05-04 17:57:19,CRITICAL,asset_40afcc59f1,AR,Physical Port Down,2026-04-19 03:45:04,2026-04-19 03:45:04,374.2,1,NEGOTIATION_FAIL,DOWN,UP,-,-,NORMAL,0.76,link_down
alarm_03392,current_alarm_snapshot,2026-05-04 17:57:19,CRITICAL,asset_1b5afee9a4,AR,Physical Port Down,2026-04-19 05:56:47,2026-04-19 05:56:47,372.01,1,LOS,DOWN,UP,-,-,NORMAL,0.759,link_down
alarm_03393,current_alarm_snapshot,2026-05-04 17:57:19,CRITICAL,asset_1b5afee9a4,AR,Physical Port Down,2026-04-19 05:56:47,2026-04-19 05:56:47,372.01,1,LOS,DOWN,UP,-,-,NORMAL,0.759,link_down
alarm_03394,current_alarm_snapshot,2026-05-04 17:57:19,CRITICAL,asset_311a04801d,AR,Physical Port Down,2026-04-19 06:27:05,2026-04-19 06:27:05,371.5,1,LOS,DOWN,UP,-,-,NORMAL,0.759,link_down
alarm_03395,current_alarm_snapshot,2026-05-04 17:57:19,CRITICAL,asset_766250201f,AG,Physical Port Down,2026-04-19 06:30:38,2026-04-19 06:30:38,371.44,1,LOS,DOWN,UP,-,-,NORMAL,0.759,link_down
alarm_03396,current_alarm_snapshot,2026-05-04 17:57:19,CRITICAL,asset_21a7eae782,CA,Physical Port Down,2026-04-19 10:46:50,2026-04-19 10:46:50,367.17,1,"PCS_UNLOCK,NEGOTIATION_FAIL",DOWN,UP,-,-,NORMAL,0.757,equipment_module
alarm_03397,current_alarm_snapshot,2026-05-04 17:57:19,CRITICAL,asset_21a7eae782,CA,Physical Port Down,2026-04-19 10:46:54,2026-04-19 10:46:54,367.17,1,LOS,DOWN,UP,-,-,NORMAL,0.757,equipment_module
alarm_03398,current_alarm_snapshot,2026-05-04 17:57:19,CRITICAL,asset_f8895db76f,AR,Physical Port Down,2026-04-19 11:08:21,2026-04-19 11:08:21,366.82,1,LOS,DOWN,UP,-,-,NORMAL,0.757,link_down
alarm_03399,current_alarm_snapshot,2026-05-04 17:57:19,CRITICAL,asset_574da865fd,AR,Physical Port Down,2026-04-19 11:19:39,2026-04-19 11:19:39,366.63,1,LOS,DOWN,UP,-,-,NORMAL,0.757,link_down
alarm_03400,current_alarm_snapshot,2026-05-04 17:57:19,CRITICAL,asset_574da865fd,AR,Physical Port Down,2026-04-19 11:19:39,2026-04-19 11:19:39,366.63,1,LOS,DOWN,UP,-,-,NORMAL,0.757,link_down
alarm_03401,current_alarm_snapshot,2026-05-04 17:57:19,CRITICAL,asset_574da865fd,AR,Physical Port Down,2026-04-19 11:19:39,2026-04-19 11:19:39,366.63,1,LOS,DOWN,UP,-,-,NORMAL,0.757,link_down
alarm_03402,current_alarm_snapshot,2026-05-04 17:57:19,CRITICAL,asset_574da865fd,AR,Physical Port Down,2026-04-19 11:19:39,2026-04-19 11:19:39,366.63,1,LOS,DOWN,UP,-,-,NORMAL,0.757,link_down
alarm_03403,current_alarm_snapshot,2026-05-04 17:57:19,CRITICAL,asset_e48b9ea21a,AR,The Device is offline,2026-04-19 13:01:58,2026-04-19 13:01:58,364.92,1,UNKNOWN,UNKNOWN,UNKNOWN,-,-,NORMAL,0.757,other
alarm_03404,current_alarm_snapshot,2026-05-04 17:57:19,CRITICAL,asset_a3b39de065,AR,Physical Port Down,2026-04-19 23:19:57,2026-04-19 23:19:57,354.62,1,LOS,DOWN,UP,-,-,NORMAL,0.753,link_down
alarm_03405,current_alarm_snapshot,2026-05-04 17:57:19,CRITICAL,asset_a3b39de065,AR,Physical Port Down,2026-04-19 23:19:57,2026-04-19 23:19:57,354.62,1,LOS,DOWN,UP,-,-,NORMAL,0.753,link_down
alarm_03406,current_alarm_snapshot,2026-05-04 17:57:19,CRITICAL,asset_a3b39de065,AR,Physical Port Down,2026-04-19 23:19:57,2026-04-19 23:19:57,354.62,1,LOS,DOWN,UP,-,-,NORMAL,0.753,link_down
alarm_03407,current_alarm_snapshot,2026-05-04 17:57:19,CRITICAL,asset_a3b39de065,AR,Physical Port Down,2026-04-19 23:19:57,2026-04-19 23:19:57,354.62,1,LOS,DOWN,UP,-,-,NORMAL,0.753,link_down
alarm_03408,current_alarm_snapshot,2026-05-04 17:57:19,CRITICAL,asset_a3b39de065,AR,Physical Port Down,2026-04-19 23:19:57,2026-04-19 23:19:57,354.62,1,LOS,DOWN,UP,-,-,NORMAL,0.753,link_down
alarm_03409,current_alarm_snapshot,2026-05-04 17:57:19,CRITICAL,asset_a3b39de065,AR,Physical Port Down,2026-04-19 23:19:57,2026-04-19 23:19:57,354.62,1,LOS,DOWN,UP,-,-,NORMAL,0.753,link_down
alarm_03410,current_alarm_snapshot,2026-05-04 17:57:19,CRITICAL,asset_a3b39de065,AR,Physical Port Down,2026-04-19 23:19:57,2026-04-19 23:19:57,354.62,1,LOS,DOWN,UP,-,-,NORMAL,0.753,link_down
alarm_03411,current_alarm_snapshot,2026-05-04 17:57:19,CRITICAL,asset_a3b39de065,AR,Physical Port Down,2026-04-19 23:19:57,2026-04-19 23:19:57,354.62,1,LOS,DOWN,UP,-,-,NORMAL,0.753,link_down
alarm_03412,current_alarm_snapshot,2026-05-04 17:57:19,CRITICAL,asset_8a325b1760,AR,Physical Port Down,2026-04-20 07:58:26,2026-04-20 07:58:26,345.98,1,LOS,DOWN,UP,-,-,NORMAL,0.75,link_down
alarm_03413,current_alarm_snapshot,2026-05-04 17:57:19,CRITICAL,asset_72a502c5c7,AR,Physical Port Down,2026-04-20 08:28:13,2026-04-20 08:28:13,345.49,1,LOS,DOWN,UP,-,-,NORMAL,0.75,link_down
alarm_03414,current_alarm_snapshot,2026-05-04 17:57:19,CRITICAL,asset_72a502c5c7,AR,Physical Port Down,2026-04-20 08:28:13,2026-04-20 08:28:13,345.49,1,LOS,DOWN,UP,-,-,NORMAL,0.75,link_down
alarm_03415,current_alarm_snapshot,2026-05-04 17:57:19,CRITICAL,asset_72a502c5c7,AR,Physical Port Down,2026-04-20 08:28:13,2026-04-20 08:28:13,345.49,1,LOS,DOWN,UP,-,-,NORMAL,0.75,link_down
alarm_03416,current_alarm_snapshot,2026-05-04 17:57:19,CRITICAL,asset_45d321cd83,AR,Physical Port Down,2026-04-20 10:43:47,2026-04-20 10:43:47,343.23,1,LOS,DOWN,UP,-,-,NORMAL,0.749,link_down
alarm_03417,current_alarm_snapshot,2026-05-04 17:57:19,CRITICAL,asset_45d321cd83,AR,Physical Port Down,2026-04-20 10:49:15,2026-04-20 10:49:15,343.13,1,LOS,DOWN,UP,-,-,NORMAL,0.749,link_down
alarm_03418,current_alarm_snapshot,2026-05-04 17:57:19,CRITICAL,asset_45d321cd83,AR,Physical Port Down,2026-04-20 10:56:15,2026-04-20 10:56:15,343.02,1,LOS,DOWN,UP,-,-,NORMAL,0.749,link_down
alarm_03419,current_alarm_snapshot,2026-05-04 17:57:19,CRITICAL,asset_45d321cd83,AR,Physical Port Down,2026-04-20 11:13:23,2026-04-20 11:13:23,342.73,1,LOS,DOWN,UP,-,-,NORMAL,0.749,link_down
alarm_03420,current_alarm_snapshot,2026-05-04 17:57:19,CRITICAL,asset_f6e2ee7838,AR,Physical Port Down,2026-04-20 11:16:35,2026-04-20 11:16:35,342.68,1,LOS,UNREPORTED,UNKNOWN,-,-,NORMAL,0.749,link_down
alarm_03421,current_alarm_snapshot,2026-05-04 17:57:19,CRITICAL,asset_f6e2ee7838,AR,Physical Port Down,2026-04-20 11:30:22,2026-04-20 11:30:22,342.45,1,LOS,UNREPORTED,UNKNOWN,-,-,NORMAL,0.749,link_down
alarm_03422,current_alarm_snapshot,2026-05-04 17:57:19,CRITICAL,asset_edc75e920f,AR,Physical Port Down,2026-04-20 11:38:00,2026-04-20 11:38:00,342.32,1,LOS,DOWN,UP,-,-,NORMAL,0.749,link_down
alarm_03423,current_alarm_snapshot,2026-05-04 17:57:19,CRITICAL,asset_edc75e920f,AR,Physical Port Down,2026-04-20 11:38:00,2026-04-20 11:38:00,342.32,1,LOS,DOWN,UP,-,-,NORMAL,0.749,link_down
alarm_03424,current_alarm_snapshot,2026-05-04 17:57:19,CRITICAL,asset_edc75e920f,AR,Physical Port Down,2026-04-20 11:38:00,2026-04-20 11:38:00,342.32,1,LOS,DOWN,UP,-,-,NORMAL,0.749,link_down
alarm_03425,current_alarm_snapshot,2026-05-04 17:57:19,CRITICAL,asset_edc75e920f,AR,Physical Port Down,2026-04-20 11:38:00,2026-04-20 11:38:00,342.32,1,LOS,DOWN,UP,-,-,NORMAL,0.749,link_down
alarm_03426,current_alarm_snapshot,2026-05-04 17:57:19,CRITICAL,asset_edc75e920f,AR,Physical Port Down,2026-04-20 11:38:00,2026-04-20 11:38:00,342.32,1,LOS,DOWN,UP,-,-,NORMAL,0.749,link_down
alarm_03427,current_alarm_snapshot,2026-05-04 17:57:19,CRITICAL,asset_cf55c517df,AR,Physical Port Down,2026-04-20 11:43:21,2026-04-20 11:43:21,342.23,1,LOS,DOWN,UP,-,-,NORMAL,0.749,link_down
alarm_03428,current_alarm_snapshot,2026-05-04 17:57:19,CRITICAL,asset_627c2e9c1c,AR,Physical Port Down,2026-04-20 12:13:46,2026-04-20 12:13:46,341.73,1,LOS,UNREPORTED,UNKNOWN,-,-,NORMAL,0.749,link_down
alarm_03429,current_alarm_snapshot,2026-05-04 17:57:19,CRITICAL,asset_43e0dd701f,AR,The Device is offline,2026-04-20 14:01:34,2026-04-20 14:01:34,339.93,1,UNKNOWN,UNKNOWN,UNKNOWN,-,-,NORMAL,0.748,other
alarm_03430,current_alarm_snapshot,2026-05-04 17:57:19,CRITICAL,asset_81fe31e2c1,AR,Physical Port Down,2026-04-20 14:52:13,2026-04-20 14:52:13,339.08,1,LOS,DOWN,UP,-,-,NORMAL,0.748,link_down
alarm_03431,current_alarm_snapshot,2026-05-04 17:57:19,CRITICAL,asset_6372400b7f,AR,Physical Port Down,2026-04-20 15:04:46,2026-04-20 15:04:46,338.88,1,OTHER_SOFT_DOWN,UNREPORTED,UNKNOWN,-,-,NORMAL,0.748,link_down
alarm_03432,current_alarm_snapshot,2026-05-04 17:57:19,CRITICAL,asset_b65904496f,AR,Physical Port Down,2026-04-20 15:59:08,2026-04-20 15:59:08,337.97,1,LOS,DOWN,UP,-,-,NORMAL,0.747,link_down
alarm_03433,current_alarm_snapshot,2026-05-04 17:57:19,CRITICAL,asset_93f9876879,AR,Physical Port Down,2026-04-20 16:45:40,2026-04-20 16:45:40,337.19,1,LOS,UP,UP,-,-,NORMAL,0.747,link_down
alarm_03434,current_alarm_snapshot,2026-05-04 17:57:19,CRITICAL,asset_56252e9ddc,AR,Physical Port Down,2026-04-20 18:04:11,2026-04-20 18:04:11,335.89,1,LOS,DOWN,UP,-,-,NORMAL,0.747,link_down
alarm_03435,current_alarm_snapshot,2026-05-04 17:57:19,CRITICAL,asset_56252e9ddc,AR,Physical Port Down,2026-04-20 18:04:11,2026-04-20 18:04:11,335.89,1,LOS,DOWN,UP,-,-,NORMAL,0.747,link_down
alarm_03436,current_alarm_snapshot,2026-05-04 17:57:19,CRITICAL,asset_950ef3a669,AR,Physical Port Down,2026-04-20 18:11:57,2026-04-20 18:11:57,335.76,1,LOS,UNREPORTED,UNKNOWN,-,-,NORMAL,0.747,link_down
alarm_03437,current_alarm_snapshot,2026-05-04 17:57:19,CRITICAL,asset_9954d67f91,AR,Physical Port Down,2026-04-20 18:16:47,2026-04-20 18:16:47,335.68,1,LOS,DOWN,UP,-,-,NORMAL,0.747,link_down
alarm_03438,current_alarm_snapshot,2026-05-04 17:57:19,CRITICAL,asset_950ef3a669,AR,Physical Port Down,2026-04-20 18:26:16,2026-04-20 18:26:16,335.52,1,LOS,UNREPORTED,UNKNOWN,-,-,NORMAL,0.746,link_down
alarm_03439,current_alarm_snapshot,2026-05-04 17:57:19,CRITICAL,asset_80a1450d1f,AR,Physical Port Down,2026-04-20 21:00:29,2026-04-20 21:00:29,332.95,1,LOS,UNREPORTED,UNKNOWN,-,-,NORMAL,0.746,link_down
alarm_03440,current_alarm_snapshot,2026-05-04 17:57:19,CRITICAL,asset_80a1450d1f,AR,Physical Port Down,2026-04-20 21:00:30,2026-04-20 21:00:30,332.95,1,LOS,UNREPORTED,UNKNOWN,-,-,NORMAL,0.746,link_down
alarm_03441,current_alarm_snapshot,2026-05-04 17:57:19,CRITICAL,asset_a2f9dcffb0,SW,The Device is offline,2026-04-20 23:04:26,2026-04-20 23:04:26,330.88,1,UNKNOWN,UNKNOWN,UNKNOWN,-,-,NORMAL,0.745,other
alarm_03442,current_alarm_snapshot,2026-05-04 17:57:19,CRITICAL,asset_d0836f4af1,AR,Physical Port Down,2026-04-21 00:15:38,2026-04-21 00:15:38,329.69,1,LOS,DOWN,UP,-,-,NORMAL,0.744,link_down
alarm_03443,current_alarm_snapshot,2026-05-04 17:57:19,CRITICAL,asset_40b8c3a70c,CA,Physical Port Down,2026-04-21 00:56:40,2026-04-21 00:56:40,329.01,1,THE,UNREPORTED,UNKNOWN,-,-,NORMAL,0.744,link_down
alarm_03444,current_alarm_snapshot,2026-05-04 17:57:19,CRITICAL,asset_12e8d878b6,AR,Physical Port Down,2026-04-21 03:44:00,2026-04-21 03:44:00,326.22,1,LOS,DOWN,UP,-,-,NORMAL,0.743,link_down
alarm_03445,current_alarm_snapshot,2026-05-04 17:57:19,CRITICAL,asset_d9c3cd146e,AR,Physical Port Down,2026-04-21 09:07:59,2026-04-21 09:07:59,320.82,1,LOS,DOWN,UP,-,-,NORMAL,0.741,link_down
alarm_03446,current_alarm_snapshot,2026-05-04 17:57:19,CRITICAL,asset_d9c3cd146e,AR,Physical Port Down,2026-04-21 09:07:59,2026-04-21 09:07:59,320.82,1,LOS,DOWN,UP,-,-,NORMAL,0.741,link_down
alarm_03447,current_alarm_snapshot,2026-05-04 17:57:19,CRITICAL,asset_d9c3cd146e,AR,Physical Port Down,2026-04-21 09:07:59,2026-04-21 09:07:59,320.82,1,LOS,DOWN,UP,-,-,NORMAL,0.741,link_down
alarm_03448,current_alarm_snapshot,2026-05-04 17:57:19,CRITICAL,asset_b944c0ee8a,AR,Physical Port Down,2026-04-21 10:17:03,2026-04-21 10:17:03,319.67,1,0,UNREPORTED,UNREPORTED,-,-,NORMAL,0.741,link_down
alarm_03449,current_alarm_snapshot,2026-05-04 17:57:19,CRITICAL,asset_9d61e4d3b5,AG,Physical Port Down,2026-04-21 10:28:56,2026-04-21 10:28:56,319.47,1,SHUTDOWN,DOWN,DOWN,-,-,NORMAL,0.741,link_down
alarm_03450,current_alarm_snapshot,2026-05-04 17:57:19,CRITICAL,asset_9d61e4d3b5,AG,Physical Port Down,2026-04-21 10:28:56,2026-04-21 10:28:56,319.47,1,SHUTDOWN,DOWN,DOWN,-,-,NORMAL,0.741,link_down
alarm_03451,current_alarm_snapshot,2026-05-04 17:57:19,CRITICAL,asset_bd99c94f5a,AR,Physical Port Down,2026-04-21 10:57:22,2026-04-21 10:57:22,319.0,1,LOS,UNREPORTED,UNKNOWN,-,-,NORMAL,0.741,link_down
alarm_03452,current_alarm_snapshot,2026-05-04 17:57:19,CRITICAL,asset_565a015ba3,AR,Physical Port Down,2026-04-21 11:02:12,2026-04-21 11:02:12,318.92,1,LOS,DOWN,UP,-,-,NORMAL,0.741,link_down
alarm_03453,current_alarm_snapshot,2026-05-04 17:57:19,CRITICAL,asset_66727d133f,AR,Physical Port Down,2026-04-21 11:54:58,2026-04-21 11:54:58,318.04,1,LOS,UNREPORTED,UNKNOWN,-,-,NORMAL,0.74,link_down
alarm_03454,current_alarm_snapshot,2026-05-04 17:57:19,CRITICAL,asset_779eddf6ee,AR,Physical Port Down,2026-04-21 11:55:05,2026-04-21 11:55:05,318.04,1,LOS,UNREPORTED,UNKNOWN,-,-,NORMAL,0.74,link_down
alarm_03455,current_alarm_snapshot,2026-05-04 17:57:19,CRITICAL,asset_779eddf6ee,AR,Physical Port Down,2026-04-21 11:55:13,2026-04-21 11:55:13,318.04,1,LOS,UNREPORTED,UNKNOWN,-,-,NORMAL,0.74,link_down
alarm_03456,current_alarm_snapshot,2026-05-04 17:57:19,CRITICAL,asset_66727d133f,AR,Physical Port Down,2026-04-21 11:55:13,2026-04-21 11:55:13,318.04,1,LOS,UNREPORTED,UNKNOWN,-,-,NORMAL,0.74,link_down
alarm_03457,current_alarm_snapshot,2026-05-04 17:57:19,CRITICAL,asset_5b707434f7,AR,Physical Port Down,2026-04-21 13:00:34,2026-04-21 13:00:34,316.95,1,LOS,DOWN,UP,-,-,NORMAL,0.74,link_down
alarm_03458,current_alarm_snapshot,2026-05-04 17:57:19,CRITICAL,asset_2e05ee4356,AR,Physical Port Down,2026-04-21 13:08:53,2026-04-21 13:08:53,316.81,1,LOS,UNREPORTED,UNKNOWN,-,-,NORMAL,0.74,link_down
alarm_03459,current_alarm_snapshot,2026-05-04 17:57:19,CRITICAL,asset_779eddf6ee,AR,Physical Port Down,2026-04-21 13:08:53,2026-04-21 13:08:53,316.81,1,LOS,UNREPORTED,UNKNOWN,-,-,NORMAL,0.74,link_down
alarm_03460,current_alarm_snapshot,2026-05-04 17:57:19,CRITICAL,asset_2e05ee4356,AR,Physical Port Down,2026-04-21 13:09:12,2026-04-21 13:09:12,316.8,1,LOS,UNREPORTED,UNKNOWN,-,-,NORMAL,0.74,link_down
alarm_03461,current_alarm_snapshot,2026-05-04 17:57:19,CRITICAL,asset_779eddf6ee,AR,Physical Port Down,2026-04-21 13:09:13,2026-04-21 13:09:13,316.8,1,LOS,UNREPORTED,UNKNOWN,-,-,NORMAL,0.74,link_down
alarm_03462,current_alarm_snapshot,2026-05-04 17:57:19,CRITICAL,asset_c37b5d0f50,AR,Physical Port Down,2026-04-21 13:42:53,2026-04-21 13:42:53,316.24,1,LOS,DOWN,UP,-,-,NORMAL,0.74,link_down
alarm_03463,current_alarm_snapshot,2026-05-04 17:57:19,CRITICAL,asset_565a015ba3,AR,Physical Port Down,2026-04-21 14:22:32,2026-04-21 14:22:32,315.58,1,LOS,DOWN,UP,-,-,NORMAL,0.74,link_down
alarm_03464,current_alarm_snapshot,2026-05-04 17:57:19,CRITICAL,asset_2ae31581e1,AR,Physical Port Down,2026-04-21 14:42:29,2026-04-21 14:42:29,315.25,1,LOS,DOWN,UP,-,-,NORMAL,0.739,link_down
alarm_03465,current_alarm_snapshot,2026-05-04 17:57:19,CRITICAL,asset_0e5153db64,AR,Physical Port Down,2026-04-21 15:59:25,2026-04-21 15:59:25,313.96,1,0,UNREPORTED,UNREPORTED,-,-,NORMAL,0.739,link_down
alarm_03466,current_alarm_snapshot,2026-05-04 17:57:19,CRITICAL,asset_11e29e6bdb,AR,Physical Port Down,2026-04-21 17:13:45,2026-04-21 17:13:45,312.73,1,LOS,UP,UP,-,-,NORMAL,0.739,link_down
alarm_03467,current_alarm_snapshot,2026-05-04 17:57:19,CRITICAL,asset_42dd209dac,AR,Physical Port Down,2026-04-21 18:13:47,2026-04-21 18:13:47,311.73,1,OTHER_SOFT_DOWN,UNREPORTED,UNKNOWN,-,-,NORMAL,0.738,link_down
alarm_03468,current_alarm_snapshot,2026-05-04 17:57:19,CRITICAL,asset_f64fac5596,AR,Physical Port Down,2026-04-21 22:45:42,2026-04-21 22:45:42,307.19,1,LOS,DOWN,UP,-,-,NORMAL,0.737,link_down
alarm_03469,current_alarm_snapshot,2026-05-04 17:57:19,CRITICAL,asset_f64fac5596,AR,Physical Port Down,2026-04-21 22:45:42,2026-04-21 22:45:42,307.19,1,LOS,DOWN,UP,-,-,NORMAL,0.737,link_down
alarm_03470,current_alarm_snapshot,2026-05-04 17:57:19,CRITICAL,asset_d478b26227,AR,Physical Port Down,2026-04-21 23:22:50,2026-04-21 23:22:50,306.57,1,OTHER_SOFT_DOWN,UNREPORTED,UNKNOWN,-,-,NORMAL,0.736,link_down
alarm_03471,current_alarm_snapshot,2026-05-04 17:57:19,CRITICAL,asset_2e05ee4356,AR,Physical Port Down,2026-04-22 02:46:04,2026-04-22 02:46:04,303.19,1,LOS,UNREPORTED,UNKNOWN,-,-,NORMAL,0.735,link_down
alarm_03472,current_alarm_snapshot,2026-05-04 17:57:19,CRITICAL,asset_5da3847548,AR,Physical Port Down,2026-04-22 08:48:25,2026-04-22 08:48:25,297.15,1,LOS,DOWN,UP,-,-,NORMAL,0.733,link_down
alarm_03473,current_alarm_snapshot,2026-05-04 17:57:19,CRITICAL,asset_5da3847548,AR,Physical Port Down,2026-04-22 08:48:25,2026-04-22 08:48:25,297.15,1,LOS,DOWN,UP,-,-,NORMAL,0.733,link_down
alarm_03474,current_alarm_snapshot,2026-05-04 17:57:19,CRITICAL,asset_5da3847548,AR,Physical Port Down,2026-04-22 08:48:25,2026-04-22 08:48:25,297.15,1,LOS,DOWN,UP,-,-,NORMAL,0.733,link_down
alarm_03475,current_alarm_snapshot,2026-05-04 17:57:19,CRITICAL,asset_5da3847548,AR,Physical Port Down,2026-04-22 08:48:25,2026-04-22 08:48:25,297.15,1,LOS,DOWN,UP,-,-,NORMAL,0.733,link_down
alarm_03476,current_alarm_snapshot,2026-05-04 17:57:19,CRITICAL,asset_5da3847548,AR,Physical Port Down,2026-04-22 08:48:25,2026-04-22 08:48:25,297.15,1,LOS,DOWN,UP,-,-,NORMAL,0.733,link_down
alarm_03477,current_alarm_snapshot,2026-05-04 17:57:19,CRITICAL,asset_5197882369,AR,Physical Port Down,2026-04-22 08:48:35,2026-04-22 08:48:35,297.15,1,LOS,DOWN,UP,-,-,NORMAL,0.733,link_down
alarm_03478,current_alarm_snapshot,2026-05-04 17:57:19,CRITICAL,asset_5197882369,AR,Physical Port Down,2026-04-22 08:48:35,2026-04-22 08:48:35,297.15,1,LOS,DOWN,UP,-,-,NORMAL,0.733,link_down
alarm_03479,current_alarm_snapshot,2026-05-04 17:57:19,CRITICAL,asset_edc75e920f,AR,Physical Port Down,2026-04-22 09:35:27,2026-04-22 09:35:27,296.36,1,LOS,DOWN,UP,-,-,NORMAL,0.733,link_down
alarm_03480,current_alarm_snapshot,2026-05-04 17:57:19,CRITICAL,asset_b2af97cc60,AR,Physical Port Down,2026-04-22 10:29:10,2026-04-22 10:29:10,295.47,1,LOS,DOWN,UP,-,-,NORMAL,0.733,link_down
alarm_03481,current_alarm_snapshot,2026-05-04 17:57:19,CRITICAL,asset_b2af97cc60,AR,Physical Port Down,2026-04-22 10:29:10,2026-04-22 10:29:10,295.47,1,LOS,DOWN,UP,-,-,NORMAL,0.733,link_down
alarm_03482,current_alarm_snapshot,2026-05-04 17:57:19,CRITICAL,asset_b2af97cc60,AR,Physical Port Down,2026-04-22 10:29:10,2026-04-22 10:29:10,295.47,1,LOS,DOWN,UP,-,-,NORMAL,0.733,link_down
alarm_03483,current_alarm_snapshot,2026-05-04 17:57:19,CRITICAL,asset_1421642d95,AG,Physical Port Down,2026-04-22 10:36:05,2026-04-22 10:36:05,295.35,1,LOS,DOWN,UP,-,-,NORMAL,0.733,link_down
alarm_03484,current_alarm_snapshot,2026-05-04 17:57:19,CRITICAL,asset_1421642d95,AG,Physical Port Down,2026-04-22 10:36:06,2026-04-22 10:36:06,295.35,1,SHUTDOWN,DOWN,DOWN,-,-,NORMAL,0.733,link_down
alarm_03485,current_alarm_snapshot,2026-05-04 17:57:19,CRITICAL,asset_d42c3daf1c,AR,The Device is offline,2026-04-22 11:19:10,2026-04-22 11:19:10,294.64,1,UNKNOWN,UNKNOWN,UNKNOWN,-,-,NORMAL,0.732,other
alarm_03486,current_alarm_snapshot,2026-05-04 17:57:19,CRITICAL,asset_e31852f8c1,AR,Physical Port Down,2026-04-22 11:58:44,2026-04-22 11:58:44,293.98,1,LOS,DOWN,UP,-,-,NORMAL,0.732,link_down
alarm_03487,current_alarm_snapshot,2026-05-04 17:57:19,CRITICAL,asset_79ab80fc6a,AR,Physical Port Down,2026-04-22 12:14:31,2026-04-22 12:14:31,293.71,1,LOS,DOWN,UP,-,-,NORMAL,0.732,link_down
alarm_03488,current_alarm_snapshot,2026-05-04 17:57:19,CRITICAL,asset_79ab80fc6a,AR,Physical Port Down,2026-04-22 12:14:31,2026-04-22 12:14:31,293.71,1,LOS,DOWN,UP,-,-,NORMAL,0.732,link_down
alarm_03489,current_alarm_snapshot,2026-05-04 17:57:19,CRITICAL,asset_79ab80fc6a,AR,Physical Port Down,2026-04-22 12:14:33,2026-04-22 12:14:33,293.71,1,TRANSCEIVER,DOWN,UP,-,-,NORMAL,0.732,link_down
alarm_03490,current_alarm_snapshot,2026-05-04 17:57:19,CRITICAL,asset_898c744180,AR,Physical Port Down,2026-04-22 14:45:47,2026-04-22 14:45:47,291.19,1,0,UNREPORTED,UNREPORTED,-,-,NORMAL,0.731,link_down
alarm_03491,current_alarm_snapshot,2026-05-04 17:57:19,CRITICAL,asset_c7a506862d,AR,Physical Port Down,2026-04-22 15:20:44,2026-04-22 15:20:44,290.61,1,LOS,DOWN,UP,-,-,NORMAL,0.731,link_down
alarm_03492,current_alarm_snapshot,2026-05-04 17:57:19,CRITICAL,asset_c7a506862d,AR,Physical Port Down,2026-04-22 15:20:44,2026-04-22 15:20:44,290.61,1,LOS,DOWN,UP,-,-,NORMAL,0.731,link_down
alarm_03493,current_alarm_snapshot,2026-05-04 17:57:19,CRITICAL,asset_c7a506862d,AR,Physical Port Down,2026-04-22 15:20:44,2026-04-22 15:20:44,290.61,1,LOS,DOWN,UP,-,-,NORMAL,0.731,link_down
alarm_03494,current_alarm_snapshot,2026-05-04 17:57:19,CRITICAL,asset_b32cafc117,AG,Physical Port Down,2026-04-22 15:28:51,2026-04-22 15:28:51,290.47,1,--,DOWN,UP,-,-,NORMAL,0.731,link_down
alarm_03495,current_alarm_snapshot,2026-05-04 17:57:19,CRITICAL,asset_b32cafc117,AG,Physical Port Down,2026-04-22 15:28:56,2026-04-22 15:28:56,290.47,1,LOS,DOWN,UP,-,-,NORMAL,0.731,link_down
alarm_03496,current_alarm_snapshot,2026-05-04 17:57:19,CRITICAL,asset_a454345559,AR,Physical Port Down,2026-04-22 15:32:06,2026-04-22 15:32:06,290.42,1,OTHER_SOFT_DOWN,UNREPORTED,UNKNOWN,-,-,NORMAL,0.731,link_down
alarm_03497,current_alarm_snapshot,2026-05-04 17:57:19,CRITICAL,asset_2e05ee4356,AR,Physical Port Down,2026-04-22 15:32:47,2026-04-22 15:32:47,290.41,1,LOS,UNREPORTED,UNKNOWN,-,-,NORMAL,0.731,link_down
alarm_03498,current_alarm_snapshot,2026-05-04 17:57:19,CRITICAL,asset_2e05ee4356,AR,Physical Port Down,2026-04-22 15:32:51,2026-04-22 15:32:51,290.41,1,LOS,UNREPORTED,UNKNOWN,-,-,NORMAL,0.731,link_down
alarm_03499,current_alarm_snapshot,2026-05-04 17:57:19,CRITICAL,asset_1b52505bee,AG,Physical Port Down,2026-04-22 16:05:35,2026-04-22 16:05:35,289.86,1,LOS,DOWN,UP,-,-,NORMAL,0.731,link_down
alarm_03500,current_alarm_snapshot,2026-05-04 17:57:19,CRITICAL,asset_1b52505bee,AG,Physical Port Down,2026-04-22 16:05:38,2026-04-22 16:05:38,289.86,1,LOS,DOWN,UP,-,-,NORMAL,0.731,link_down
alarm_03501,current_alarm_snapshot,2026-05-04 17:57:19,CRITICAL,asset_7043497b4a,AR,Physical Port Down,2026-04-22 16:09:49,2026-04-22 16:09:49,289.79,1,0,UNREPORTED,UNREPORTED,-,-,NORMAL,0.731,link_down
alarm_03502,current_alarm_snapshot,2026-05-04 17:57:19,CRITICAL,asset_cb09bf40f3,AR,Physical Port Down,2026-04-22 16:26:23,2026-04-22 16:26:23,289.52,1,LOS,DOWN,UP,-,-,NORMAL,0.731,link_down
alarm_03503,current_alarm_snapshot,2026-05-04 17:57:19,CRITICAL,asset_779eddf6ee,AR,Physical Port Down,2026-04-22 16:33:14,2026-04-22 16:33:14,289.4,1,LOS,UNREPORTED,UNKNOWN,-,-,NORMAL,0.73,link_down
alarm_03504,current_alarm_snapshot,2026-05-04 17:57:19,CRITICAL,asset_5c3703d4e6,AR,Physical Port Down,2026-04-22 16:58:20,2026-04-22 16:58:20,288.98,1,LOS,UNREPORTED,UNKNOWN,-,-,NORMAL,0.73,link_down
alarm_03505,current_alarm_snapshot,2026-05-04 17:57:19,CRITICAL,asset_118f5f61cf,AR,Physical Port Down,2026-04-22 17:13:13,2026-04-22 17:13:13,288.74,1,LOS,UNREPORTED,UNKNOWN,-,-,NORMAL,0.73,link_down
alarm_03506,current_alarm_snapshot,2026-05-04 17:57:19,CRITICAL,asset_128fdcc8e2,AR,Physical Port Down,2026-04-22 17:42:30,2026-04-22 17:42:30,288.25,1,OTHER_SOFT_DOWN,UNREPORTED,UNKNOWN,-,-,NORMAL,0.73,link_down
alarm_03507,current_alarm_snapshot,2026-05-04 17:57:19,CRITICAL,asset_99832cc383,AR,Physical Port Down,2026-04-22 18:36:37,2026-04-22 18:36:37,287.35,1,LOS,UNREPORTED,UNKNOWN,-,-,NORMAL,0.73,link_down
alarm_03508,current_alarm_snapshot,2026-05-04 17:57:19,CRITICAL,asset_8534fbf13c,AR,Physical Port Down,2026-04-22 18:36:44,2026-04-22 18:36:44,287.34,1,LOS,DOWN,UP,-,-,NORMAL,0.73,link_down
alarm_03509,current_alarm_snapshot,2026-05-04 17:57:19,CRITICAL,asset_1bbadcf3b0,CP,Physical Port Down,2026-04-22 19:25:15,2026-04-22 19:25:15,286.53,1,THE,UNREPORTED,UNKNOWN,-,-,NORMAL,0.729,link_down
alarm_03510,current_alarm_snapshot,2026-05-04 17:57:19,CRITICAL,asset_02c4dea2ed,AG,Board Invalid,2026-04-23 01:44:41,2026-04-23 01:44:41,280.21,1,UNKNOWN,UNKNOWN,UNKNOWN,-,-,NORMAL,0.727,equipment_module
alarm_03511,current_alarm_snapshot,2026-05-04 17:57:19,CRITICAL,asset_df6f814b89,AR,Physical Port Down,2026-04-23 10:44:41,2026-04-23 10:44:41,271.21,1,LOS,DOWN,UP,-,-,NORMAL,0.724,link_down
alarm_03512,current_alarm_snapshot,2026-05-04 17:57:19,CRITICAL,asset_ead5b11f6d,AR,Physical Port Down,2026-04-23 11:20:20,2026-04-23 11:20:20,270.62,1,LOS,UNREPORTED,UNKNOWN,-,-,NORMAL,0.724,link_down
alarm_03513,current_alarm_snapshot,2026-05-04 17:57:19,CRITICAL,asset_7d684d6a7f,AR,Physical Port Down,2026-04-23 12:42:51,2026-04-23 12:42:51,269.24,1,LOS,UNREPORTED,UNKNOWN,-,-,NORMAL,0.723,link_down
alarm_03514,current_alarm_snapshot,2026-05-04 17:57:19,CRITICAL,asset_2b45a2137d,AR,Physical Port Down,2026-04-23 12:59:10,2026-04-23 12:59:10,268.97,1,LOS,UNREPORTED,UNKNOWN,-,-,NORMAL,0.723,link_down
alarm_03515,current_alarm_snapshot,2026-05-04 17:57:19,CRITICAL,asset_838ac7888f,AG,Physical Port Down,2026-04-23 13:06:00,2026-04-23 13:06:00,268.86,1,LRDI,DOWN,UP,-,-,NORMAL,0.723,link_down
alarm_03516,current_alarm_snapshot,2026-05-04 17:57:19,CRITICAL,asset_c6e4cebf5f,AG,Physical Port Down,2026-04-23 13:07:03,2026-04-23 13:07:03,268.84,1,LRDI,DOWN,UP,-,-,NORMAL,0.723,link_down
alarm_03517,current_alarm_snapshot,2026-05-04 17:57:19,CRITICAL,asset_f713f3fb52,AR,Physical Port Down,2026-04-23 14:32:32,2026-04-23 14:32:32,267.41,1,LOS,DOWN,UP,-,-,NORMAL,0.723,link_down
alarm_03518,current_alarm_snapshot,2026-05-04 17:57:19,CRITICAL,asset_f713f3fb52,AR,Physical Port Down,2026-04-23 14:32:32,2026-04-23 14:32:32,267.41,1,LOS,DOWN,UP,-,-,NORMAL,0.723,link_down
alarm_03519,current_alarm_snapshot,2026-05-04 17:57:19,CRITICAL,asset_f6be8d6025,AR,Physical Port Down,2026-04-23 16:37:22,2026-04-23 16:37:22,265.33,1,0,UNREPORTED,UNREPORTED,-,-,NORMAL,0.722,link_down
alarm_03520,current_alarm_snapshot,2026-05-04 17:57:19,CRITICAL,asset_f6be8d6025,AR,Physical Port Down,2026-04-23 17:20:46,2026-04-23 17:20:46,264.61,1,SHUTDOWN,DOWN,DOWN,-,-,NORMAL,0.722,link_down
alarm_03521,current_alarm_snapshot,2026-05-04 17:57:19,CRITICAL,asset_0d868166d1,AR,Physical Port Down,2026-04-24 03:02:34,2026-04-24 03:02:34,254.91,1,LOS,UNREPORTED,UNKNOWN,-,-,NORMAL,0.719,link_down
alarm_03522,current_alarm_snapshot,2026-05-04 17:57:19,CRITICAL,asset_39248571d6,AR,Physical Port Down,2026-04-24 04:25:55,2026-04-24 04:25:55,253.52,1,NEGOTIATION_FAIL,UNREPORTED,UNKNOWN,-,-,NORMAL,0.718,link_down
alarm_03523,current_alarm_snapshot,2026-05-04 17:57:19,CRITICAL,asset_7f31e1b6d4,AR,Physical Port Down,2026-04-24 06:30:49,2026-04-24 06:30:49,251.44,1,LOS,DOWN,UP,-,-,NORMAL,0.717,link_down
alarm_03524,current_alarm_snapshot,2026-05-04 17:57:19,CRITICAL,asset_7f31e1b6d4,AR,Physical Port Down,2026-04-24 06:30:49,2026-04-24 06:30:49,251.44,1,LOS,DOWN,UP,-,-,NORMAL,0.717,link_down
alarm_03525,current_alarm_snapshot,2026-05-04 17:57:19,CRITICAL,asset_05f05fe8e8,AR,Physical Port Down,2026-04-24 07:53:14,2026-04-24 07:53:14,250.07,1,LOS,UNREPORTED,UNKNOWN,-,-,NORMAL,0.717,link_down
alarm_03526,current_alarm_snapshot,2026-05-04 17:57:19,CRITICAL,asset_bb7f6beee4,AR,Physical Port Down,2026-04-24 09:54:53,2026-04-24 09:54:53,248.04,1,LOS,DOWN,UP,-,-,NORMAL,0.716,link_down
alarm_03527,current_alarm_snapshot,2026-05-04 17:57:19,CRITICAL,asset_27a896184c,AR,Physical Port Down,2026-04-24 10:13:26,2026-04-24 10:13:26,247.73,1,LOS,UNREPORTED,UNKNOWN,-,-,NORMAL,0.716,link_down
alarm_03528,current_alarm_snapshot,2026-05-04 17:57:19,CRITICAL,asset_efb0bb8b98,AR,Physical Port Down,2026-04-24 10:20:19,2026-04-24 10:20:19,247.62,1,LOS,DOWN,UP,-,-,NORMAL,0.716,link_down
alarm_03529,current_alarm_snapshot,2026-05-04 17:57:19,CRITICAL,asset_74344c858d,AR,Physical Port Down,2026-04-24 10:54:09,2026-04-24 10:54:09,247.05,1,LOS,UP,UP,-,-,NORMAL,0.716,link_down
alarm_03530,current_alarm_snapshot,2026-05-04 17:57:19,CRITICAL,asset_81245b7900,AR,Physical Port Down,2026-04-24 11:21:09,2026-04-24 11:21:09,246.6,1,LOS,DOWN,UP,-,-,NORMAL,0.716,link_down
alarm_03531,current_alarm_snapshot,2026-05-04 17:57:19,CRITICAL,asset_11e53252a4,AR,Physical Port Down,2026-04-24 11:32:12,2026-04-24 11:32:12,246.42,1,LOS,DOWN,UP,-,-,NORMAL,0.716,link_down
alarm_03532,current_alarm_snapshot,2026-05-04 17:57:19,CRITICAL,asset_d586332523,AR,Physical Port Down,2026-04-24 12:07:24,2026-04-24 12:07:24,245.83,1,LOS,UP,UP,-,-,NORMAL,0.715,link_down
alarm_03533,current_alarm_snapshot,2026-05-04 17:57:19,CRITICAL,asset_fd2e461116,AR,Physical Port Down,2026-04-24 12:35:53,2026-04-24 12:35:53,245.36,1,SHUTDOWN,DOWN,DOWN,-,-,NORMAL,0.715,link_down
alarm_03534,current_alarm_snapshot,2026-05-04 17:57:19,CRITICAL,asset_74344c858d,AR,Physical Port Down,2026-04-24 12:42:21,2026-04-24 12:42:21,245.25,1,LOS,UP,UP,-,-,NORMAL,0.715,link_down
alarm_03535,current_alarm_snapshot,2026-05-04 17:57:19,CRITICAL,asset_7043497b4a,AR,Physical Port Down,2026-04-24 12:46:23,2026-04-24 12:46:23,245.18,1,LOS,DOWN,UP,-,-,NORMAL,0.715,link_down
alarm_03536,current_alarm_snapshot,2026-05-04 17:57:19,CRITICAL,asset_1c86656e0b,AR,Physical Port Down,2026-04-24 12:55:30,2026-04-24 12:55:30,245.03,1,LOS,DOWN,UP,-,-,NORMAL,0.715,link_down
alarm_03537,current_alarm_snapshot,2026-05-04 17:57:19,CRITICAL,asset_1c86656e0b,AR,Physical Port Down,2026-04-24 12:55:30,2026-04-24 12:55:30,245.03,1,LOS,DOWN,UP,-,-,NORMAL,0.715,link_down
alarm_03538,current_alarm_snapshot,2026-05-04 17:57:19,CRITICAL,asset_1c86656e0b,AR,Physical Port Down,2026-04-24 12:55:30,2026-04-24 12:55:30,245.03,1,LOS,DOWN,UP,-,-,NORMAL,0.715,link_down
alarm_03539,current_alarm_snapshot,2026-05-04 17:57:19,CRITICAL,asset_a6c24d9558,AR,Physical Port Down,2026-04-24 12:55:53,2026-04-24 12:55:53,245.02,1,LOS,UNREPORTED,UNKNOWN,-,-,NORMAL,0.715,link_down
alarm_03540,current_alarm_snapshot,2026-05-04 17:57:19,CRITICAL,asset_7ce27eccae,AR,Physical Port Down,2026-04-24 13:43:40,2026-04-24 13:43:40,244.23,1,LOS,DOWN,UP,-,-,NORMAL,0.715,link_down
alarm_03541,current_alarm_snapshot,2026-05-04 17:57:19,CRITICAL,asset_1c86656e0b,AR,Physical Port Down,2026-04-24 13:47:52,2026-04-24 13:47:52,244.16,1,LOS,DOWN,UP,-,-,NORMAL,0.715,link_down
alarm_03542,current_alarm_snapshot,2026-05-04 17:57:19,CRITICAL,asset_1c86656e0b,AR,Physical Port Down,2026-04-24 13:47:52,2026-04-24 13:47:52,244.16,1,LOS,DOWN,UP,-,-,NORMAL,0.715,link_down
alarm_03543,current_alarm_snapshot,2026-05-04 17:57:19,CRITICAL,asset_47a4886a7a,AR,The Device is offline,2026-04-24 13:53:07,2026-04-24 13:53:07,244.07,1,UNKNOWN,UNKNOWN,UNKNOWN,-,-,NORMAL,0.715,other
alarm_03544,current_alarm_snapshot,2026-05-04 17:57:19,CRITICAL,asset_3d4105cb2b,AR,Physical Port Down,2026-04-24 14:32:56,2026-04-24 14:32:56,243.41,1,LOS,UNREPORTED,UNKNOWN,-,-,NORMAL,0.715,link_down
alarm_03545,current_alarm_snapshot,2026-05-04 17:57:19,CRITICAL,asset_3d4105cb2b,AR,Physical Port Down,2026-04-24 14:33:03,2026-04-24 14:33:03,243.4,1,LOS,UNREPORTED,UNKNOWN,-,-,NORMAL,0.715,link_down
alarm_03546,current_alarm_snapshot,2026-05-04 17:57:19,CRITICAL,asset_c91d43cbca,AR,Physical Port Down,2026-04-24 14:47:09,2026-04-24 14:47:09,243.17,1,LOS,DOWN,UP,-,-,NORMAL,0.714,link_down
alarm_03547,current_alarm_snapshot,2026-05-04 17:57:19,CRITICAL,asset_22b121338d,AR,Physical Port Down,2026-04-24 15:01:59,2026-04-24 15:01:59,242.92,1,LOS,DOWN,UP,-,-,NORMAL,0.714,link_down
alarm_03548,current_alarm_snapshot,2026-05-04 17:57:19,CRITICAL,asset_11b43ff3a6,AR,Physical Port Down,2026-04-24 15:15:13,2026-04-24 15:15:13,242.7,1,NEGOTIATION_FAIL,UNREPORTED,UNKNOWN,-,-,NORMAL,0.714,link_down
alarm_03549,current_alarm_snapshot,2026-05-04 17:57:19,CRITICAL,asset_898c744180,AR,Physical Port Down,2026-04-24 15:21:32,2026-04-24 15:21:32,242.6,1,LOS,DOWN,UP,-,-,NORMAL,0.714,link_down
alarm_03550,current_alarm_snapshot,2026-05-04 17:57:19,CRITICAL,asset_306a0c22c0,AR,Physical Port Down,2026-04-24 15:42:37,2026-04-24 15:42:37,242.25,1,LOS,DOWN,UP,-,-,NORMAL,0.714,link_down
alarm_03551,current_alarm_snapshot,2026-05-04 17:57:19,CRITICAL,asset_d76a49f2d1,AR,Physical Port Down,2026-04-24 15:44:12,2026-04-24 15:44:12,242.22,1,LOS,UNREPORTED,UNKNOWN,-,-,NORMAL,0.714,link_down
alarm_03552,current_alarm_snapshot,2026-05-04 17:57:19,CRITICAL,asset_766462f989,AR,The Device is offline,2026-04-24 15:57:23,2026-04-24 15:57:23,242.0,1,UNKNOWN,UNKNOWN,UNKNOWN,-,-,NORMAL,0.714,other
alarm_03553,current_alarm_snapshot,2026-05-04 17:57:19,CRITICAL,asset_421ac6949e,AR,Physical Port Down,2026-04-24 16:13:46,2026-04-24 16:13:46,241.73,1,LOS,DOWN,UP,-,-,NORMAL,0.714,link_down
alarm_03554,current_alarm_snapshot,2026-05-04 17:57:19,CRITICAL,asset_11b43ff3a6,AR,Physical Port Down,2026-04-24 16:30:13,2026-04-24 16:30:13,241.45,1,NEGOTIATION_FAIL,UNREPORTED,UNKNOWN,-,-,NORMAL,0.714,link_down
alarm_03555,current_alarm_snapshot,2026-05-04 17:57:19,CRITICAL,asset_fb85dbf903,AR,Physical Port Down,2026-04-24 16:57:38,2026-04-24 16:57:38,240.99,1,LOS,DOWN,UP,-,-,NORMAL,0.714,link_down
alarm_03556,current_alarm_snapshot,2026-05-04 17:57:19,CRITICAL,asset_fb85dbf903,AR,Physical Port Down,2026-04-24 16:57:38,2026-04-24 16:57:38,240.99,1,LOS,DOWN,UP,-,-,NORMAL,0.714,link_down
alarm_03557,current_alarm_snapshot,2026-05-04 17:57:19,CRITICAL,asset_6d8ba87d56,AG,Physical Port Down,2026-04-24 18:37:06,2026-04-24 18:37:06,239.34,1,LOS,DOWN,UP,-,-,NORMAL,0.713,link_down
alarm_03558,current_alarm_snapshot,2026-05-04 17:57:19,CRITICAL,asset_6d8ba87d56,AG,Physical Port Down,2026-04-24 18:37:17,2026-04-24 18:37:17,239.33,1,LOS,DOWN,UP,-,-,NORMAL,0.713,link_down
alarm_03559,current_alarm_snapshot,2026-05-04 17:57:19,CRITICAL,asset_7fd801189c,AR,Physical Port Down,2026-04-25 08:27:33,2026-04-25 08:27:33,225.5,1,LOS,UNREPORTED,UNKNOWN,-,-,NORMAL,0.708,link_down
alarm_03560,current_alarm_snapshot,2026-05-04 17:57:19,CRITICAL,asset_e0ce4c7405,AR,Physical Port Down,2026-04-25 08:44:32,2026-04-25 08:44:32,225.21,1,NEGOTIATION_FAIL,DOWN,UP,-,-,NORMAL,0.708,link_down
alarm_03561,current_alarm_snapshot,2026-05-04 17:57:19,CRITICAL,asset_ba9f6fcfe4,AR,Physical Port Down,2026-04-25 11:12:47,2026-04-25 11:12:47,222.74,1,LOS,DOWN,UP,-,-,NORMAL,0.707,link_down
alarm_03562,current_alarm_snapshot,2026-05-04 17:57:19,CRITICAL,asset_6789da693c,AR,Physical Port Down,2026-04-25 11:21:13,2026-04-25 11:21:13,222.6,1,LOS,DOWN,UP,-,-,NORMAL,0.707,link_down
alarm_03563,current_alarm_snapshot,2026-05-04 17:57:19,CRITICAL,asset_6789da693c,AR,Physical Port Down,2026-04-25 11:21:13,2026-04-25 11:21:13,222.6,1,LOS,DOWN,UP,-,-,NORMAL,0.707,link_down
alarm_03564,current_alarm_snapshot,2026-05-04 17:57:19,CRITICAL,asset_7156fc54c0,AR,Physical Port Down,2026-04-25 11:36:26,2026-04-25 11:36:26,222.35,1,LOS,UNREPORTED,UNKNOWN,-,-,NORMAL,0.707,link_down
alarm_03565,current_alarm_snapshot,2026-05-04 17:57:19,CRITICAL,asset_446d8d845a,AG,Physical Port Down,2026-04-25 11:50:00,2026-04-25 11:50:00,222.12,1,NEGOTIATION_FAIL,DOWN,UP,-,-,NORMAL,0.707,link_down
alarm_03566,current_alarm_snapshot,2026-05-04 17:57:19,CRITICAL,asset_446d8d845a,AG,Physical Port Down,2026-04-25 11:50:01,2026-04-25 11:50:01,222.12,1,LOS,DOWN,UP,-,-,NORMAL,0.707,link_down
alarm_03567,current_alarm_snapshot,2026-05-04 17:57:19,CRITICAL,asset_9152eb994d,AR,Physical Port Down,2026-04-25 17:07:55,2026-04-25 17:07:55,216.82,1,LOS,DOWN,UP,-,-,NORMAL,0.705,link_down
alarm_03568,current_alarm_snapshot,2026-05-04 17:57:19,CRITICAL,asset_c97b1eb137,AR,Physical Port Down,2026-04-25 17:08:46,2026-04-25 17:08:46,216.81,1,SHUTDOWN,DOWN,DOWN,-,-,NORMAL,0.705,link_down
alarm_03569,current_alarm_snapshot,2026-05-04 17:57:19,CRITICAL,asset_cadd0db668,AR,Physical Port Down,2026-04-25 19:11:55,2026-04-25 19:11:55,214.76,1,OTHER_SOFT_DOWN,UNREPORTED,UNKNOWN,-,-,NORMAL,0.705,link_down
alarm_03570,current_alarm_snapshot,2026-05-04 17:57:19,CRITICAL,asset_d2e7e6c8c6,AR,Physical Port Down,2026-04-25 19:20:19,2026-04-25 19:20:19,214.62,1,LOS,UNREPORTED,UNKNOWN,-,-,NORMAL,0.705,link_down
alarm_03571,current_alarm_snapshot,2026-05-04 17:57:19,CRITICAL,asset_09361b7dfe,AR,Physical Port Down,2026-04-26 08:31:35,2026-04-26 08:31:35,201.43,1,LOS,UNREPORTED,UNKNOWN,-,-,NORMAL,0.7,link_down
alarm_03572,current_alarm_snapshot,2026-05-04 17:57:19,CRITICAL,asset_c1308e50ea,AR,Physical Port Down,2026-04-26 09:54:08,2026-04-26 09:54:08,200.05,1,LOS,DOWN,UP,-,-,NORMAL,0.699,link_down
alarm_03573,current_alarm_snapshot,2026-05-04 17:57:19,CRITICAL,asset_c1308e50ea,AR,Physical Port Down,2026-04-26 09:54:08,2026-04-26 09:54:08,200.05,1,LOS,DOWN,UP,-,-,NORMAL,0.699,link_down
alarm_03574,current_alarm_snapshot,2026-05-04 17:57:19,CRITICAL,asset_c1308e50ea,AR,Physical Port Down,2026-04-26 09:54:08,2026-04-26 09:54:08,200.05,1,LOS,DOWN,UP,-,-,NORMAL,0.699,link_down
alarm_03575,current_alarm_snapshot,2026-05-04 17:57:19,CRITICAL,asset_c1308e50ea,AR,Physical Port Down,2026-04-26 09:54:08,2026-04-26 09:54:08,200.05,1,LOS,DOWN,UP,-,-,NORMAL,0.699,link_down
alarm_03576,current_alarm_snapshot,2026-05-04 17:57:19,CRITICAL,asset_d3e0efbc08,AR,Physical Port Down,2026-04-26 11:48:08,2026-04-26 11:48:08,198.15,1,LOS,UNREPORTED,UNKNOWN,-,-,NORMAL,0.699,link_down
alarm_03577,current_alarm_snapshot,2026-05-04 17:57:19,CRITICAL,asset_91d94494ad,AR,Physical Port Down,2026-04-26 11:59:46,2026-04-26 11:59:46,197.96,1,NEGOTIATION_FAIL,UNREPORTED,UNKNOWN,-,-,NORMAL,0.699,link_down
alarm_03578,current_alarm_snapshot,2026-05-04 17:57:19,CRITICAL,asset_88ff6bf5f9,AR,Physical Port Down,2026-04-26 12:19:12,2026-04-26 12:19:12,197.64,1,LOS,UNREPORTED,UNKNOWN,-,-,NORMAL,0.699,link_down
alarm_03579,current_alarm_snapshot,2026-05-04 17:57:19,CRITICAL,asset_c1308e50ea,AR,Physical Port Down,2026-04-26 16:29:21,2026-04-26 16:29:21,193.47,1,LOS,DOWN,UP,-,-,NORMAL,0.697,link_down
alarm_03580,current_alarm_snapshot,2026-05-04 17:57:19,CRITICAL,asset_c1308e50ea,AR,Physical Port Down,2026-04-26 16:29:21,2026-04-26 16:29:21,193.47,1,LOS,DOWN,UP,-,-,NORMAL,0.697,link_down
alarm_03581,current_alarm_snapshot,2026-05-04 17:57:19,CRITICAL,asset_ab103b6947,AR,Physical Port Down,2026-04-26 18:12:51,2026-04-26 18:12:51,191.74,1,LOS,DOWN,UP,-,-,NORMAL,0.697,link_down
alarm_03582,current_alarm_snapshot,2026-05-04 17:57:19,CRITICAL,asset_83ff37d84a,AR,Physical Port Down,2026-04-26 19:05:29,2026-04-26 19:05:29,190.86,1,LOS,DOWN,UP,-,-,NORMAL,0.696,link_down
alarm_03583,current_alarm_snapshot,2026-05-04 17:57:19,CRITICAL,asset_83ff37d84a,AR,Physical Port Down,2026-04-26 19:05:29,2026-04-26 19:05:29,190.86,1,LOS,DOWN,UP,-,-,NORMAL,0.696,link_down
alarm_03584,current_alarm_snapshot,2026-05-04 17:57:19,CRITICAL,asset_83ff37d84a,AR,Physical Port Down,2026-04-26 19:05:29,2026-04-26 19:05:29,190.86,1,LOS,DOWN,UP,-,-,NORMAL,0.696,link_down
alarm_03585,current_alarm_snapshot,2026-05-04 17:57:19,CRITICAL,asset_83ff37d84a,AR,Physical Port Down,2026-04-26 19:05:29,2026-04-26 19:05:29,190.86,1,LOS,DOWN,UP,-,-,NORMAL,0.696,link_down
alarm_03586,current_alarm_snapshot,2026-05-04 17:57:19,CRITICAL,asset_83ff37d84a,AR,Physical Port Down,2026-04-26 19:05:29,2026-04-26 19:05:29,190.86,1,LOS,DOWN,UP,-,-,NORMAL,0.696,link_down
alarm_03587,current_alarm_snapshot,2026-05-04 17:57:19,CRITICAL,asset_83ff37d84a,AR,Physical Port Down,2026-04-26 19:05:29,2026-04-26 19:05:29,190.86,1,LOS,DOWN,UP,-,-,NORMAL,0.696,link_down
alarm_03588,current_alarm_snapshot,2026-05-04 17:57:19,CRITICAL,asset_578039b249,AR,Physical Port Down,2026-04-26 20:02:47,2026-04-26 20:02:47,189.91,1,LOS,DOWN,UP,-,-,NORMAL,0.696,link_down
alarm_03589,current_alarm_snapshot,2026-05-04 17:57:19,CRITICAL,asset_578039b249,AR,Physical Port Down,2026-04-26 20:02:47,2026-04-26 20:02:47,189.91,1,LOS,DOWN,UP,-,-,NORMAL,0.696,link_down
alarm_03590,current_alarm_snapshot,2026-05-04 17:57:19,CRITICAL,asset_89c32ada4e,AR,Physical Port Down,2026-04-26 20:38:05,2026-04-26 20:38:05,189.32,1,LOS,DOWN,UP,-,-,NORMAL,0.696,link_down
alarm_03591,current_alarm_snapshot,2026-05-04 17:57:19,CRITICAL,asset_89c32ada4e,AR,Physical Port Down,2026-04-26 20:38:05,2026-04-26 20:38:05,189.32,1,LOS,DOWN,UP,-,-,NORMAL,0.696,link_down
alarm_03592,current_alarm_snapshot,2026-05-04 17:57:19,CRITICAL,asset_89c32ada4e,AR,Physical Port Down,2026-04-26 20:38:05,2026-04-26 20:38:05,189.32,1,LOS,DOWN,UP,-,-,NORMAL,0.696,link_down
alarm_03593,current_alarm_snapshot,2026-05-04 17:57:19,CRITICAL,asset_89c32ada4e,AR,Physical Port Down,2026-04-26 20:38:05,2026-04-26 20:38:05,189.32,1,LOS,DOWN,UP,-,-,NORMAL,0.696,link_down
alarm_03594,current_alarm_snapshot,2026-05-04 17:57:19,CRITICAL,asset_89c32ada4e,AR,Physical Port Down,2026-04-26 20:38:05,2026-04-26 20:38:05,189.32,1,LOS,DOWN,UP,-,-,NORMAL,0.696,link_down
alarm_03595,current_alarm_snapshot,2026-05-04 17:57:19,CRITICAL,asset_a980e7b945,AR,Physical Port Down,2026-04-26 23:35:42,2026-04-26 23:35:42,186.36,1,LOS,DOWN,UP,-,-,NORMAL,0.695,link_down
alarm_03596,current_alarm_snapshot,2026-05-04 17:57:19,CRITICAL,asset_a980e7b945,AR,Physical Port Down,2026-04-26 23:35:42,2026-04-26 23:35:42,186.36,1,LOS,DOWN,UP,-,-,NORMAL,0.695,link_down
alarm_03597,current_alarm_snapshot,2026-05-04 17:57:19,CRITICAL,asset_a980e7b945,AR,Physical Port Down,2026-04-26 23:35:42,2026-04-26 23:35:42,186.36,1,LOS,DOWN,UP,-,-,NORMAL,0.695,link_down
alarm_03598,current_alarm_snapshot,2026-05-04 17:57:19,CRITICAL,asset_a980e7b945,AR,Physical Port Down,2026-04-26 23:35:42,2026-04-26 23:35:42,186.36,1,LOS,DOWN,UP,-,-,NORMAL,0.695,link_down
alarm_03599,current_alarm_snapshot,2026-05-04 17:57:19,CRITICAL,asset_a980e7b945,AR,Physical Port Down,2026-04-26 23:35:42,2026-04-26 23:35:42,186.36,1,LOS,DOWN,UP,-,-,NORMAL,0.695,link_down
alarm_03600,current_alarm_snapshot,2026-05-04 17:57:19,CRITICAL,asset_0692723c35,AR,Physical Port Down,2026-04-27 06:42:09,2026-04-27 06:42:09,179.25,1,LOS,UNREPORTED,UNKNOWN,-,-,NORMAL,0.692,link_down
alarm_03601,current_alarm_snapshot,2026-05-04 17:57:19,CRITICAL,asset_94a9eacf63,AR,Physical Port Down,2026-04-27 10:06:23,2026-04-27 10:06:23,175.85,1,LOS,DOWN,UP,-,-,NORMAL,0.691,link_down
alarm_03602,current_alarm_snapshot,2026-05-04 17:57:19,CRITICAL,asset_4c6689acd7,AR,The Device is offline,2026-04-27 11:15:29,2026-04-27 11:15:29,174.7,1,UNKNOWN,UNKNOWN,UNKNOWN,-,-,NORMAL,0.691,other
alarm_03603,current_alarm_snapshot,2026-05-04 17:57:19,CRITICAL,asset_4a0afd798e,AR,Physical Port Down,2026-04-27 11:55:49,2026-04-27 11:55:49,174.03,1,LOS,UNREPORTED,UNKNOWN,-,-,NORMAL,0.69,link_down
alarm_03604,current_alarm_snapshot,2026-05-04 17:57:19,CRITICAL,asset_4a0afd798e,AR,Physical Port Down,2026-04-27 11:55:49,2026-04-27 11:55:49,174.03,1,LOS,UNREPORTED,UNKNOWN,-,-,NORMAL,0.69,link_down
alarm_03605,current_alarm_snapshot,2026-05-04 17:57:19,CRITICAL,asset_4a0afd798e,AR,Physical Port Down,2026-04-27 11:55:49,2026-04-27 11:55:49,174.03,1,LOS,UNREPORTED,UNKNOWN,-,-,NORMAL,0.69,link_down
alarm_03606,current_alarm_snapshot,2026-05-04 17:57:19,CRITICAL,asset_627c2e9c1c,AR,Physical Port Down,2026-04-27 12:10:16,2026-04-27 12:10:16,173.78,1,NEGOTIATION_FAIL,UNREPORTED,UNKNOWN,-,-,NORMAL,0.69,link_down
alarm_03607,current_alarm_snapshot,2026-05-04 17:57:19,CRITICAL,asset_627c2e9c1c,AR,Physical Port Down,2026-04-27 12:12:34,2026-04-27 12:12:34,173.75,1,LOS,UNREPORTED,UNKNOWN,-,-,NORMAL,0.69,link_down
alarm_03608,current_alarm_snapshot,2026-05-04 17:57:19,CRITICAL,asset_f2810b77d2,SW,The Device is offline,2026-04-27 12:58:20,2026-04-27 12:58:20,172.98,1,UNKNOWN,UNKNOWN,UNKNOWN,-,-,NORMAL,0.69,other
alarm_03609,current_alarm_snapshot,2026-05-04 17:57:19,CRITICAL,asset_8d6b835d22,AG,Physical Port Down,2026-04-27 13:30:25,2026-04-27 13:30:25,172.45,1,LOCAL_FAULT,DOWN,UP,-,-,NORMAL,0.69,link_down
alarm_03610,current_alarm_snapshot,2026-05-04 17:57:19,CRITICAL,asset_627c2e9c1c,AR,Physical Port Down,2026-04-27 14:16:16,2026-04-27 14:16:16,171.68,1,NEGOTIATION_FAIL,UNREPORTED,UNKNOWN,-,-,NORMAL,0.69,link_down
alarm_03611,current_alarm_snapshot,2026-05-04 17:57:19,CRITICAL,asset_4eb247c272,AR,The Device is offline,2026-04-27 14:20:11,2026-04-27 14:20:11,171.62,1,UNKNOWN,UNKNOWN,UNKNOWN,-,-,NORMAL,0.69,other
alarm_03612,current_alarm_snapshot,2026-05-04 17:57:19,CRITICAL,asset_0cc5e945ef,AR,The Device is offline,2026-04-27 14:21:27,2026-04-27 14:21:27,171.6,1,UNKNOWN,UNKNOWN,UNKNOWN,-,-,NORMAL,0.69,other
alarm_03613,current_alarm_snapshot,2026-05-04 17:57:19,CRITICAL,asset_82a617894f,AR,The Device is offline,2026-04-27 14:21:37,2026-04-27 14:21:37,171.59,1,UNKNOWN,UNKNOWN,UNKNOWN,-,-,NORMAL,0.69,other
alarm_03614,current_alarm_snapshot,2026-05-04 17:57:19,CRITICAL,asset_7c7c05274f,AR,The Device is offline,2026-04-27 14:21:56,2026-04-27 14:21:56,171.59,1,UNKNOWN,UNKNOWN,UNKNOWN,-,-,NORMAL,0.69,other
alarm_03615,current_alarm_snapshot,2026-05-04 17:57:19,CRITICAL,asset_ca32121a93,AR,The Device is offline,2026-04-27 14:22:06,2026-04-27 14:22:06,171.59,1,UNKNOWN,UNKNOWN,UNKNOWN,-,-,NORMAL,0.69,other
alarm_03616,current_alarm_snapshot,2026-05-04 17:57:19,CRITICAL,asset_0ed73be4ba,AR,The Device is offline,2026-04-27 14:22:16,2026-04-27 14:22:16,171.58,1,UNKNOWN,UNKNOWN,UNKNOWN,-,-,NORMAL,0.69,other
alarm_03617,current_alarm_snapshot,2026-05-04 17:57:19,CRITICAL,asset_1fe128c7e4,AR,The Device is offline,2026-04-27 14:22:35,2026-04-27 14:22:35,171.58,1,UNKNOWN,UNKNOWN,UNKNOWN,-,-,NORMAL,0.69,other
alarm_03618,current_alarm_snapshot,2026-05-04 17:57:19,CRITICAL,asset_627c2e9c1c,AR,Physical Port Down,2026-04-27 14:36:44,2026-04-27 14:36:44,171.34,1,LOS,UNREPORTED,UNKNOWN,-,-,NORMAL,0.689,link_down
alarm_03619,current_alarm_snapshot,2026-05-04 17:57:19,CRITICAL,asset_627c2e9c1c,AR,Physical Port Down,2026-04-27 14:37:45,2026-04-27 14:37:45,171.33,1,LOS,UNREPORTED,UNKNOWN,-,-,NORMAL,0.689,link_down
alarm_03620,current_alarm_snapshot,2026-05-04 17:57:19,CRITICAL,asset_b599c35360,AR,Physical Port Down,2026-04-27 15:03:49,2026-04-27 15:03:49,170.89,1,LOS,DOWN,UP,-,-,NORMAL,0.689,link_down
alarm_03621,current_alarm_snapshot,2026-05-04 17:57:19,CRITICAL,asset_627c2e9c1c,AR,Physical Port Down,2026-04-27 15:27:10,2026-04-27 15:27:10,170.5,1,LOS,UNREPORTED,UNKNOWN,-,-,NORMAL,0.689,link_down
alarm_03622,current_alarm_snapshot,2026-05-04 17:57:19,CRITICAL,asset_40b8c3a70c,CA,Physical Port Down,2026-04-27 15:27:39,2026-04-27 15:27:39,170.49,1,THE,UNREPORTED,UNKNOWN,-,-,NORMAL,0.689,link_down
alarm_03623,current_alarm_snapshot,2026-05-04 17:57:19,CRITICAL,asset_627c2e9c1c,AR,Physical Port Down,2026-04-27 16:17:10,2026-04-27 16:17:10,169.67,1,LOS,UNREPORTED,UNKNOWN,-,-,NORMAL,0.689,link_down
alarm_03624,current_alarm_snapshot,2026-05-04 17:57:19,CRITICAL,asset_91d94494ad,AR,Physical Port Down,2026-04-27 16:44:30,2026-04-27 16:44:30,169.21,1,LOS,UNREPORTED,UNKNOWN,-,-,NORMAL,0.689,link_down
alarm_03625,current_alarm_snapshot,2026-05-04 17:57:19,CRITICAL,asset_421ac6949e,AR,Physical Port Down,2026-04-27 18:49:05,2026-04-27 18:49:05,167.14,1,LOS,DOWN,UP,-,-,NORMAL,0.688,link_down
alarm_03626,current_alarm_snapshot,2026-05-04 17:57:19,CRITICAL,asset_c7209208cd,AR,Physical Port Down,2026-04-27 19:15:17,2026-04-27 19:15:17,166.7,1,LOS,DOWN,UP,-,-,NORMAL,0.688,link_down
alarm_03627,current_alarm_snapshot,2026-05-04 17:57:19,CRITICAL,asset_c7209208cd,AR,Physical Port Down,2026-04-27 19:15:17,2026-04-27 19:15:17,166.7,1,LOS,DOWN,UP,-,-,NORMAL,0.688,link_down
alarm_03628,current_alarm_snapshot,2026-05-04 17:57:19,CRITICAL,asset_de7ed2901e,AR,Physical Port Down,2026-04-27 20:56:52,2026-04-27 20:56:52,165.01,1,LOS,UP,UP,-,-,NORMAL,0.687,link_down
alarm_03629,current_alarm_snapshot,2026-05-04 17:57:19,CRITICAL,asset_4b9d8319be,AR,The Device is offline,2026-04-27 22:57:01,2026-04-27 22:57:01,163.0,1,UNKNOWN,UNKNOWN,UNKNOWN,-,-,NORMAL,0.687,other
alarm_03630,current_alarm_snapshot,2026-05-04 17:57:19,CRITICAL,asset_0fd94464fb,AR,The Device is offline,2026-04-27 22:57:11,2026-04-27 22:57:11,163.0,1,UNKNOWN,UNKNOWN,UNKNOWN,-,-,NORMAL,0.687,other
alarm_03631,current_alarm_snapshot,2026-05-04 17:57:19,CRITICAL,asset_bd36cb279c,AR,The Device is offline,2026-04-27 22:57:41,2026-04-27 22:57:41,162.99,1,UNKNOWN,UNKNOWN,UNKNOWN,-,-,NORMAL,0.687,other
alarm_03632,current_alarm_snapshot,2026-05-04 17:57:19,CRITICAL,asset_e79f8760e8,AR,Physical Port Down,2026-04-27 23:53:46,2026-04-27 23:53:46,162.06,1,LOS,DOWN,UP,-,-,NORMAL,0.686,link_down
alarm_03633,current_alarm_snapshot,2026-05-04 17:57:19,CRITICAL,asset_e79f8760e8,AR,Physical Port Down,2026-04-27 23:53:46,2026-04-27 23:53:46,162.06,1,LOS,DOWN,UP,-,-,NORMAL,0.686,link_down
alarm_03634,current_alarm_snapshot,2026-05-04 17:57:19,CRITICAL,asset_e79f8760e8,AR,Physical Port Down,2026-04-27 23:53:46,2026-04-27 23:53:46,162.06,1,LOS,DOWN,UP,-,-,NORMAL,0.686,link_down
alarm_03635,current_alarm_snapshot,2026-05-04 17:57:19,CRITICAL,asset_e79f8760e8,AR,Physical Port Down,2026-04-27 23:53:46,2026-04-27 23:53:46,162.06,1,LOS,DOWN,UP,-,-,NORMAL,0.686,link_down
alarm_03636,current_alarm_snapshot,2026-05-04 17:57:19,CRITICAL,asset_5fd51b72d8,AR,Physical Port Down,2026-04-28 00:00:24,2026-04-28 00:00:24,161.95,1,LOS,UP,UP,-,-,NORMAL,0.686,link_down
alarm_03637,current_alarm_snapshot,2026-05-04 17:57:19,CRITICAL,asset_176159379d,AR,Physical Port Down,2026-04-28 02:35:37,2026-04-28 02:35:37,159.36,1,LOS,DOWN,UP,-,-,NORMAL,0.685,link_down
alarm_03638,current_alarm_snapshot,2026-05-04 17:57:19,CRITICAL,asset_d2adaae7e3,AR,Physical Port Down,2026-04-28 03:06:21,2026-04-28 03:06:21,158.85,1,LOS,DOWN,UP,-,-,NORMAL,0.685,link_down
alarm_03639,current_alarm_snapshot,2026-05-04 17:57:19,CRITICAL,asset_335c0d3f71,AR,Physical Port Down,2026-04-28 07:57:23,2026-04-28 07:57:23,154.0,1,LOS,DOWN,UP,-,-,NORMAL,0.683,link_down
alarm_03640,current_alarm_snapshot,2026-05-04 17:57:19,CRITICAL,asset_335c0d3f71,AR,Physical Port Down,2026-04-28 07:57:23,2026-04-28 07:57:23,154.0,1,LOS,DOWN,UP,-,-,NORMAL,0.683,link_down
alarm_03641,current_alarm_snapshot,2026-05-04 17:57:19,CRITICAL,asset_fd6d74ec7f,AR,Physical Port Down,2026-04-28 09:41:18,2026-04-28 09:41:18,152.27,1,NEGOTIATION_FAIL,UNREPORTED,UNKNOWN,-,-,NORMAL,0.683,link_down
alarm_03642,current_alarm_snapshot,2026-05-04 17:57:19,CRITICAL,asset_dd2c14939f,AR,Physical Port Down,2026-04-28 10:17:00,2026-04-28 10:17:00,151.67,1,LOS,DOWN,UP,-,-,NORMAL,0.683,link_down
alarm_03643,current_alarm_snapshot,2026-05-04 17:57:19,CRITICAL,asset_dd2c14939f,AR,Physical Port Down,2026-04-28 10:17:00,2026-04-28 10:17:00,151.67,1,LOS,DOWN,UP,-,-,NORMAL,0.683,link_down
alarm_03644,current_alarm_snapshot,2026-05-04 17:57:19,CRITICAL,asset_dd2c14939f,AR,Physical Port Down,2026-04-28 10:17:00,2026-04-28 10:17:00,151.67,1,LOS,DOWN,UP,-,-,NORMAL,0.683,link_down
alarm_03645,current_alarm_snapshot,2026-05-04 17:57:19,CRITICAL,asset_6dc704ba48,AR,Physical Port Down,2026-04-28 10:58:53,2026-04-28 10:58:53,150.97,1,LOS,DOWN,UP,-,-,NORMAL,0.682,link_down
alarm_03646,current_alarm_snapshot,2026-05-04 17:57:19,CRITICAL,asset_6dc704ba48,AR,Physical Port Down,2026-04-28 10:58:53,2026-04-28 10:58:53,150.97,1,LOS,DOWN,UP,-,-,NORMAL,0.682,link_down
alarm_03647,current_alarm_snapshot,2026-05-04 17:57:19,CRITICAL,asset_4b8e597939,AR,Physical Port Down,2026-04-28 11:17:49,2026-04-28 11:17:49,150.66,1,LOS,DOWN,UP,-,-,NORMAL,0.682,link_down
alarm_03648,current_alarm_snapshot,2026-05-04 17:57:19,CRITICAL,asset_4b8e597939,AR,Physical Port Down,2026-04-28 11:17:49,2026-04-28 11:17:49,150.66,1,LOS,DOWN,UP,-,-,NORMAL,0.682,link_down
alarm_03649,current_alarm_snapshot,2026-05-04 17:57:19,CRITICAL,asset_4b8e597939,AR,Physical Port Down,2026-04-28 11:17:49,2026-04-28 11:17:49,150.66,1,LOS,DOWN,UP,-,-,NORMAL,0.682,link_down
alarm_03650,current_alarm_snapshot,2026-05-04 17:57:19,CRITICAL,asset_4b8e597939,AR,Physical Port Down,2026-04-28 11:17:49,2026-04-28 11:17:49,150.66,1,LOS,DOWN,UP,-,-,NORMAL,0.682,link_down
alarm_03651,current_alarm_snapshot,2026-05-04 17:57:19,CRITICAL,asset_4b8e597939,AR,Physical Port Down,2026-04-28 11:17:49,2026-04-28 11:17:49,150.66,1,LOS,DOWN,UP,-,-,NORMAL,0.682,link_down
alarm_03652,current_alarm_snapshot,2026-05-04 17:57:19,CRITICAL,asset_4b8e597939,AR,Physical Port Down,2026-04-28 11:17:49,2026-04-28 11:17:49,150.66,1,LOS,DOWN,UP,-,-,NORMAL,0.682,link_down
alarm_03653,current_alarm_snapshot,2026-05-04 17:57:19,CRITICAL,asset_a7742cf675,AR,Physical Port Down,2026-04-28 11:24:22,2026-04-28 11:24:22,150.55,1,LOS,DOWN,UP,-,-,NORMAL,0.682,link_down
alarm_03654,current_alarm_snapshot,2026-05-04 17:57:19,CRITICAL,asset_d9c9d2867a,AR,Physical Port Down,2026-04-28 12:51:53,2026-04-28 12:51:53,149.09,1,LOS,DOWN,UP,-,-,NORMAL,0.682,link_down
alarm_03655,current_alarm_snapshot,2026-05-04 17:57:19,CRITICAL,asset_d9c9d2867a,AR,Physical Port Down,2026-04-28 12:51:53,2026-04-28 12:51:53,149.09,1,LOS,DOWN,UP,-,-,NORMAL,0.682,link_down
alarm_03656,current_alarm_snapshot,2026-05-04 17:57:19,CRITICAL,asset_f85f3cd01e,AR,Physical Port Down,2026-04-28 14:10:41,2026-04-28 14:10:41,147.78,1,LOS,DOWN,UP,-,-,NORMAL,0.681,link_down
alarm_03657,current_alarm_snapshot,2026-05-04 17:57:19,CRITICAL,asset_72a502c5c7,AR,Physical Port Down,2026-04-28 14:22:07,2026-04-28 14:22:07,147.59,1,LOS,DOWN,UP,-,-,NORMAL,0.681,link_down
alarm_03658,current_alarm_snapshot,2026-05-04 17:57:19,CRITICAL,asset_a7cf26625e,AR,Physical Port Down,2026-04-28 15:05:39,2026-04-28 15:05:39,146.86,1,LOS,UNREPORTED,UNKNOWN,-,-,NORMAL,0.681,link_down
alarm_03659,current_alarm_snapshot,2026-05-04 17:57:19,CRITICAL,asset_291a1f658d,AR,Physical Port Down,2026-04-28 15:45:39,2026-04-28 15:45:39,146.19,1,LOS,UP,UP,-,-,NORMAL,0.681,link_down
alarm_03660,current_alarm_snapshot,2026-05-04 17:57:19,CRITICAL,asset_7fbc9f1c1f,AR,Physical Port Down,2026-04-28 16:08:34,2026-04-28 16:08:34,145.81,1,SHUTDOWN,UNREPORTED,UNKNOWN,-,-,NORMAL,0.681,link_down
alarm_03661,current_alarm_snapshot,2026-05-04 17:57:19,CRITICAL,asset_a500741e9f,AR,Physical Port Down,2026-04-28 16:29:57,2026-04-28 16:29:57,145.46,1,LOS,UNREPORTED,UNKNOWN,-,-,NORMAL,0.681,link_down
alarm_03662,current_alarm_snapshot,2026-05-04 17:57:19,CRITICAL,asset_086d501c05,AR,Physical Port Down,2026-04-28 18:11:34,2026-04-28 18:11:34,143.76,1,LOS,UNREPORTED,UNKNOWN,-,-,NORMAL,0.68,link_down
alarm_03663,current_alarm_snapshot,2026-05-04 17:57:19,CRITICAL,asset_23636efe1b,AR,The Device is offline,2026-04-28 18:38:17,2026-04-28 18:38:17,143.32,1,UNKNOWN,UNKNOWN,UNKNOWN,-,-,NORMAL,0.68,other
alarm_03664,current_alarm_snapshot,2026-05-04 17:57:19,CRITICAL,asset_a7cf26625e,AR,Physical Port Down,2026-04-28 18:49:56,2026-04-28 18:49:56,143.12,1,LOS,UNREPORTED,UNKNOWN,-,-,NORMAL,0.68,link_down
alarm_03665,current_alarm_snapshot,2026-05-04 17:57:19,CRITICAL,asset_7e435a2ddb,AR,Physical Port Down,2026-04-28 19:00:03,2026-04-28 19:00:03,142.95,1,OTHER_SOFT_DOWN,UP,UP,-,-,NORMAL,0.68,link_down
alarm_03666,current_alarm_snapshot,2026-05-04 17:57:19,CRITICAL,asset_a7cf26625e,AR,Physical Port Down,2026-04-28 19:01:30,2026-04-28 19:01:30,142.93,1,OTHER_SOFT_DOWN,UNREPORTED,UNKNOWN,-,-,NORMAL,0.68,link_down
alarm_03667,current_alarm_snapshot,2026-05-04 17:57:19,CRITICAL,asset_a7cf26625e,AR,Physical Port Down,2026-04-28 19:09:06,2026-04-28 19:09:06,142.8,1,LOS,UNREPORTED,UNKNOWN,-,-,NORMAL,0.68,link_down
alarm_03668,current_alarm_snapshot,2026-05-04 17:57:19,CRITICAL,asset_a7cf26625e,AR,Physical Port Down,2026-04-28 19:10:25,2026-04-28 19:10:25,142.78,1,NEGOTIATION_FAIL,UNREPORTED,UNKNOWN,-,-,NORMAL,0.68,link_down
alarm_03669,current_alarm_snapshot,2026-05-04 17:57:19,CRITICAL,asset_a7cf26625e,AR,Physical Port Down,2026-04-28 19:15:38,2026-04-28 19:15:38,142.69,1,NEGOTIATION_FAIL,UNREPORTED,UNKNOWN,-,-,NORMAL,0.68,link_down
alarm_03670,current_alarm_snapshot,2026-05-04 17:57:19,CRITICAL,asset_a7cf26625e,AR,Physical Port Down,2026-04-28 19:38:59,2026-04-28 19:38:59,142.31,1,NEGOTIATION_FAIL,UNREPORTED,UNKNOWN,-,-,NORMAL,0.679,link_down
alarm_03671,current_alarm_snapshot,2026-05-04 17:57:19,CRITICAL,asset_a7cf26625e,AR,Physical Port Down,2026-04-28 19:39:15,2026-04-28 19:39:15,142.3,1,LOS,UNREPORTED,UNKNOWN,-,-,NORMAL,0.679,link_down
alarm_03672,current_alarm_snapshot,2026-05-04 17:57:19,CRITICAL,asset_a7cf26625e,AR,Physical Port Down,2026-04-28 19:51:20,2026-04-28 19:51:20,142.1,1,LOS,UNREPORTED,UNKNOWN,-,-,NORMAL,0.679,link_down
alarm_03673,current_alarm_snapshot,2026-05-04 17:57:19,CRITICAL,asset_e754e0658e,AR,Physical Port Down,2026-04-28 20:09:11,2026-04-28 20:09:11,141.8,1,LOS,UNREPORTED,UNKNOWN,-,-,NORMAL,0.679,link_down
alarm_03674,current_alarm_snapshot,2026-05-04 17:57:19,CRITICAL,asset_e1ee14baab,AR,Physical Port Down,2026-04-28 22:52:28,2026-04-28 22:52:28,139.08,1,LOS,UNREPORTED,UNKNOWN,-,-,NORMAL,0.678,link_down
alarm_03675,current_alarm_snapshot,2026-05-04 17:57:19,CRITICAL,asset_026e4c6601,AR,Physical Port Down,2026-04-29 02:33:47,2026-04-29 02:33:47,135.39,1,LOS,DOWN,UP,-,-,NORMAL,0.677,link_down
alarm_03676,current_alarm_snapshot,2026-05-04 17:57:19,CRITICAL,asset_4d7a52aaf5,AR,Physical Port Down,2026-04-29 04:09:29,2026-04-29 04:09:29,133.8,1,LOS,UP,UP,-,-,NORMAL,0.676,link_down
alarm_03677,current_alarm_snapshot,2026-05-04 17:57:19,CRITICAL,asset_db60468f7e,AR,Physical Port Down,2026-04-29 06:06:25,2026-04-29 06:06:25,131.85,1,LOS,DOWN,UP,-,-,NORMAL,0.676,link_down
alarm_03678,current_alarm_snapshot,2026-05-04 17:57:19,CRITICAL,asset_db60468f7e,AR,Physical Port Down,2026-04-29 06:06:25,2026-04-29 06:06:25,131.85,1,LOS,DOWN,UP,-,-,NORMAL,0.676,link_down
alarm_03679,current_alarm_snapshot,2026-05-04 17:57:19,CRITICAL,asset_366ead1e86,AR,Physical Port Down,2026-04-29 08:02:51,2026-04-29 08:02:51,129.91,1,LOS,DOWN,UP,-,-,NORMAL,0.675,link_down
alarm_03680,current_alarm_snapshot,2026-05-04 17:57:19,CRITICAL,asset_7e435a2ddb,AR,Physical Port Down,2026-04-29 08:22:46,2026-04-29 08:22:46,129.58,1,LOS,UP,UP,-,-,NORMAL,0.675,link_down
alarm_03681,current_alarm_snapshot,2026-05-04 17:57:19,CRITICAL,asset_3f24e9e21f,AR,Physical Port Down,2026-04-29 08:38:31,2026-04-29 08:38:31,129.31,1,LOS,UNREPORTED,UNKNOWN,-,-,NORMAL,0.675,link_down
alarm_03682,current_alarm_snapshot,2026-05-04 17:57:19,CRITICAL,asset_723bee58bb,AR,Physical Port Down,2026-04-29 09:01:37,2026-04-29 09:01:37,128.93,1,LOS,DOWN,UP,-,-,NORMAL,0.675,link_down
alarm_03683,current_alarm_snapshot,2026-05-04 17:57:19,CRITICAL,asset_8a6e7ccbfe,AR,Physical Port Down,2026-04-29 09:22:23,2026-04-29 09:22:23,128.58,1,0,UNREPORTED,UNREPORTED,-,-,NORMAL,0.675,link_down
alarm_03684,current_alarm_snapshot,2026-05-04 17:57:19,CRITICAL,asset_1adc312e45,AR,Physical Port Down,2026-04-29 09:23:45,2026-04-29 09:23:45,128.56,1,LOS,UNREPORTED,UNKNOWN,-,-,NORMAL,0.675,link_down
alarm_03685,current_alarm_snapshot,2026-05-04 17:57:19,CRITICAL,asset_209d23b213,AR,Physical Port Down,2026-04-29 09:23:56,2026-04-29 09:23:56,128.56,1,LOS,UP,UP,-,-,NORMAL,0.675,link_down
alarm_03686,current_alarm_snapshot,2026-05-04 17:57:19,CRITICAL,asset_14476ccfd8,AR,Physical Port Down,2026-04-29 10:06:31,2026-04-29 10:06:31,127.85,1,LOS,DOWN,UP,-,-,NORMAL,0.674,link_down
alarm_03687,current_alarm_snapshot,2026-05-04 17:57:19,CRITICAL,asset_3ac76e9e3e,AR,Physical Port Down,2026-04-29 10:24:26,2026-04-29 10:24:26,127.55,1,LOS,UNREPORTED,UNKNOWN,-,-,NORMAL,0.674,link_down
alarm_03688,current_alarm_snapshot,2026-05-04 17:57:19,CRITICAL,asset_b4435c6667,AR,Physical Port Down,2026-04-29 11:55:50,2026-04-29 11:55:50,126.02,1,NEGOTIATION_FAIL,UNREPORTED,UNKNOWN,-,-,NORMAL,0.674,link_down
alarm_03689,current_alarm_snapshot,2026-05-04 17:57:19,CRITICAL,asset_086d501c05,AR,Physical Port Down,2026-04-29 13:13:14,2026-04-29 13:13:14,124.73,1,LOS,UNREPORTED,UNKNOWN,-,-,NORMAL,0.673,link_down
alarm_03690,current_alarm_snapshot,2026-05-04 17:57:19,CRITICAL,asset_5ff278be99,AR,Physical Port Down,2026-04-29 13:30:59,2026-04-29 13:30:59,124.44,1,LOS,DOWN,UP,-,-,NORMAL,0.673,link_down
alarm_03691,current_alarm_snapshot,2026-05-04 17:57:19,CRITICAL,asset_a161220ec6,AR,Physical Port Down,2026-04-29 13:47:01,2026-04-29 13:47:01,124.17,1,NEGOTIATION_FAIL,DOWN,UP,-,-,NORMAL,0.673,link_down
alarm_03692,current_alarm_snapshot,2026-05-04 17:57:19,CRITICAL,asset_81c24c73e5,AR,Physical Port Down,2026-04-29 13:52:29,2026-04-29 13:52:29,124.08,1,OTHER_SOFT_DOWN,UNREPORTED,UNKNOWN,-,-,NORMAL,0.673,link_down
alarm_03693,current_alarm_snapshot,2026-05-04 17:57:19,CRITICAL,asset_9f73ece6d5,AR,Physical Port Down,2026-04-29 14:33:06,2026-04-29 14:33:06,123.4,1,SHUTDOWN,DOWN,DOWN,-,-,NORMAL,0.673,link_down
alarm_03694,current_alarm_snapshot,2026-05-04 17:57:19,CRITICAL,asset_a24f626619,AR,Physical Port Down,2026-04-29 15:09:00,2026-04-29 15:09:00,122.81,1,LOS,UNREPORTED,UNKNOWN,-,-,NORMAL,0.673,link_down
alarm_03695,current_alarm_snapshot,2026-05-04 17:57:19,CRITICAL,asset_6ebbacb0fc,AR,Physical Port Down,2026-04-29 15:30:34,2026-04-29 15:30:34,122.45,1,LOS,UP,UP,-,-,NORMAL,0.673,link_down
alarm_03696,current_alarm_snapshot,2026-05-04 17:57:19,CRITICAL,asset_aeb9a83602,AR,Physical Port Down,2026-04-29 16:54:04,2026-04-29 16:54:04,121.05,1,LOS,DOWN,UP,-,-,NORMAL,0.672,link_down
alarm_03697,current_alarm_snapshot,2026-05-04 17:57:19,CRITICAL,asset_b616b40c81,AG,Physical Port Down,2026-04-29 16:59:12,2026-04-29 16:59:12,120.97,1,NEGOTIATION_FAIL,DOWN,UP,-,-,NORMAL,0.672,link_down
alarm_03698,current_alarm_snapshot,2026-05-04 17:57:19,CRITICAL,asset_53dd0adf17,AR,Physical Port Down,2026-04-29 17:05:27,2026-04-29 17:05:27,120.86,1,LOS,UNREPORTED,UNKNOWN,-,-,NORMAL,0.672,link_down
alarm_03699,current_alarm_snapshot,2026-05-04 17:57:19,CRITICAL,asset_bbd09dbb62,AR,Physical Port Down,2026-04-29 17:10:36,2026-04-29 17:10:36,120.78,1,LOS,UP,UP,-,-,NORMAL,0.672,link_down
alarm_03700,current_alarm_snapshot,2026-05-04 17:57:19,CRITICAL,asset_e75ba5885d,AR,Physical Port Down,2026-04-29 17:17:16,2026-04-29 17:17:16,120.67,1,LOS,UNREPORTED,UNKNOWN,-,-,NORMAL,0.672,link_down
alarm_03701,current_alarm_snapshot,2026-05-04 17:57:19,CRITICAL,asset_8a86023516,AR,Physical Port Down,2026-04-29 17:35:20,2026-04-29 17:35:20,120.37,1,LOS,UNREPORTED,UNKNOWN,-,-,NORMAL,0.672,link_down
alarm_03702,current_alarm_snapshot,2026-05-04 17:57:19,CRITICAL,asset_d4797a13a3,AR,Physical Port Down,2026-04-29 17:49:00,2026-04-29 17:49:00,120.14,1,LOS,UNREPORTED,UNKNOWN,-,-,NORMAL,0.672,link_down
alarm_03703,current_alarm_snapshot,2026-05-04 17:57:19,CRITICAL,asset_93c4062c2f,AR,Physical Port Down,2026-04-29 17:54:51,2026-04-29 17:54:51,120.04,1,LOS,UNREPORTED,UNKNOWN,-,-,NORMAL,0.672,link_down
alarm_03704,current_alarm_snapshot,2026-05-04 17:57:19,CRITICAL,asset_ea30c70594,AR,Physical Port Down,2026-04-29 18:04:46,2026-04-29 18:04:46,119.88,1,LOS,DOWN,UP,-,-,NORMAL,0.672,link_down
alarm_03705,current_alarm_snapshot,2026-05-04 17:57:19,CRITICAL,asset_ea1143b752,AR,Physical Port Down,2026-04-29 18:28:58,2026-04-29 18:28:58,119.47,1,LOS,UNREPORTED,UNKNOWN,-,-,NORMAL,0.671,link_down
alarm_03706,current_alarm_snapshot,2026-05-04 17:57:19,CRITICAL,asset_9733149fc1,AR,Physical Port Down,2026-04-29 23:15:21,2026-04-29 23:15:21,114.7,1,LOS,UP,UP,-,-,NORMAL,0.67,link_down
alarm_03707,current_alarm_snapshot,2026-05-04 17:57:19,CRITICAL,asset_b19c61215a,AR,Physical Port Down,2026-04-29 23:58:33,2026-04-29 23:58:33,113.98,1,NEGOTIATION_FAIL,UNREPORTED,UNKNOWN,-,-,NORMAL,0.67,link_down
alarm_03708,current_alarm_snapshot,2026-05-04 17:57:19,CRITICAL,asset_91a4509b13,AR,Physical Port Down,2026-04-29 23:58:40,2026-04-29 23:58:40,113.98,1,TRANSCEIVER_UNKNOWN,UNREPORTED,UNKNOWN,-,-,NORMAL,0.67,link_down
alarm_03709,current_alarm_snapshot,2026-05-04 17:57:19,CRITICAL,asset_27950e9a9f,AR,Physical Port Down,2026-04-29 23:59:17,2026-04-29 23:59:17,113.97,1,NEGOTIATION_FAIL,UNREPORTED,UNKNOWN,-,-,NORMAL,0.67,link_down
alarm_03710,current_alarm_snapshot,2026-05-04 17:57:19,CRITICAL,asset_e94b4b753e,AR,Physical Port Down,2026-04-30 00:04:56,2026-04-30 00:04:56,113.87,1,LOS,UNREPORTED,UNKNOWN,-,-,NORMAL,0.67,link_down
alarm_03711,current_alarm_snapshot,2026-05-04 17:57:19,CRITICAL,asset_89aa65a257,AR,Physical Port Down,2026-04-30 02:16:12,2026-04-30 02:16:12,111.69,1,LOS,DOWN,UP,-,-,NORMAL,0.669,link_down
alarm_03712,current_alarm_snapshot,2026-05-04 17:57:19,CRITICAL,asset_a47684fdbc,AR,Physical Port Down,2026-04-30 02:32:45,2026-04-30 02:32:45,111.41,1,LOS,UNREPORTED,UNKNOWN,-,-,NORMAL,0.669,link_down
alarm_03713,current_alarm_snapshot,2026-05-04 17:57:19,CRITICAL,asset_a6267fdf5c,AR,Physical Port Down,2026-04-30 06:38:58,2026-04-30 06:38:58,107.31,1,LOS,UP,UP,-,-,NORMAL,0.667,link_down
alarm_03714,current_alarm_snapshot,2026-05-04 17:57:19,CRITICAL,asset_c75b209873,AR,The Device is offline,2026-04-30 09:08:41,2026-04-30 09:08:41,104.81,1,UNKNOWN,UNKNOWN,UNKNOWN,-,-,NORMAL,0.666,other
alarm_03715,current_alarm_snapshot,2026-05-04 17:57:19,CRITICAL,asset_4b1c3620f4,AR,Physical Port Down,2026-04-30 09:18:42,2026-04-30 09:18:42,104.64,1,LOS,UNREPORTED,UNKNOWN,-,-,NORMAL,0.666,link_down
alarm_03716,current_alarm_snapshot,2026-05-04 17:57:19,CRITICAL,asset_062ce9d37e,AR,Physical Port Down,2026-04-30 09:19:34,2026-04-30 09:19:34,104.63,1,LOS,DOWN,UP,-,-,NORMAL,0.666,link_down
alarm_03717,current_alarm_snapshot,2026-05-04 17:57:19,CRITICAL,asset_062ce9d37e,AR,Physical Port Down,2026-04-30 09:19:34,2026-04-30 09:19:34,104.63,1,LOS,DOWN,UP,-,-,NORMAL,0.666,link_down
alarm_03718,current_alarm_snapshot,2026-05-04 17:57:19,CRITICAL,asset_5575c11803,AR,Physical Port Down,2026-04-30 09:35:21,2026-04-30 09:35:21,104.37,1,LOS,DOWN,UP,-,-,NORMAL,0.666,link_down
alarm_03719,current_alarm_snapshot,2026-05-04 17:57:19,CRITICAL,asset_7684c4b0da,AR,Physical Port Down,2026-04-30 10:18:31,2026-04-30 10:18:31,103.65,1,LOS,UP,UP,-,-,NORMAL,0.666,link_down
alarm_03720,current_alarm_snapshot,2026-05-04 17:57:19,CRITICAL,asset_c984b940d2,AR,Physical Port Down,2026-04-30 11:02:35,2026-04-30 11:02:35,102.91,1,LINK_FAULT,DOWN,UP,-,-,NORMAL,0.666,link_down
alarm_03721,current_alarm_snapshot,2026-05-04 17:57:19,CRITICAL,asset_b878b1db87,AR,Physical Port Down,2026-04-30 11:50:02,2026-04-30 11:50:02,102.12,1,LOS,UP,UP,-,-,NORMAL,0.665,link_down
alarm_03722,current_alarm_snapshot,2026-05-04 17:57:19,CRITICAL,asset_b878b1db87,AR,Physical Port Down,2026-04-30 11:52:46,2026-04-30 11:52:46,102.08,1,LOS,UP,UP,-,-,NORMAL,0.665,link_down
alarm_03723,current_alarm_snapshot,2026-05-04 17:57:19,CRITICAL,asset_e75ba5885d,AR,Physical Port Down,2026-04-30 12:10:59,2026-04-30 12:10:59,101.77,1,NEGOTIATION_FAIL,UNREPORTED,UNKNOWN,-,-,NORMAL,0.665,link_down
alarm_03724,current_alarm_snapshot,2026-05-04 17:57:19,CRITICAL,asset_0906c7da10,AR,Physical Port Down,2026-04-30 12:31:35,2026-04-30 12:31:35,101.43,1,LOS,UNREPORTED,UNKNOWN,-,-,NORMAL,0.665,link_down
alarm_03725,current_alarm_snapshot,2026-05-04 17:57:19,CRITICAL,asset_2074f82e71,AR,Physical Port Down,2026-04-30 12:35:31,2026-04-30 12:35:31,101.36,1,LOS,UP,UP,-,-,NORMAL,0.665,link_down
alarm_03726,current_alarm_snapshot,2026-05-04 17:57:19,CRITICAL,asset_efa37ea078,AR,Physical Port Down,2026-04-30 12:38:34,2026-04-30 12:38:34,101.31,1,LOS,DOWN,UP,-,-,NORMAL,0.665,link_down
alarm_03727,current_alarm_snapshot,2026-05-04 17:57:19,CRITICAL,asset_4e2b20eeba,AR,Physical Port Down,2026-04-30 12:52:58,2026-04-30 12:52:58,101.07,1,LOS,DOWN,UP,-,-,NORMAL,0.665,link_down
alarm_03728,current_alarm_snapshot,2026-05-04 17:57:19,CRITICAL,asset_c3138a009f,AR,Physical Port Down,2026-04-30 13:05:11,2026-04-30 13:05:11,100.87,1,LOS,DOWN,UP,-,-,NORMAL,0.665,link_down
alarm_03729,current_alarm_snapshot,2026-05-04 17:57:19,CRITICAL,asset_ee4c657175,AR,The Device is offline,2026-04-30 13:21:48,2026-04-30 13:21:48,100.59,1,UNKNOWN,UNKNOWN,UNKNOWN,-,-,NORMAL,0.665,other
alarm_03730,current_alarm_snapshot,2026-05-04 17:57:19,CRITICAL,asset_6444e14db9,AR,Physical Port Down,2026-04-30 13:29:07,2026-04-30 13:29:07,100.47,1,LOS,DOWN,UP,-,-,NORMAL,0.665,link_down
alarm_03731,current_alarm_snapshot,2026-05-04 17:57:19,CRITICAL,asset_dcf2d312db,AR,The Device is offline,2026-04-30 14:07:05,2026-04-30 14:07:05,99.84,1,UNKNOWN,UNKNOWN,UNKNOWN,-,-,NORMAL,0.665,other
alarm_03732,current_alarm_snapshot,2026-05-04 17:57:19,CRITICAL,asset_4254c589b5,AR,The Device is offline,2026-04-30 14:21:52,2026-04-30 14:21:52,99.59,1,UNKNOWN,UNKNOWN,UNKNOWN,-,-,NORMAL,0.665,other
alarm_03733,current_alarm_snapshot,2026-05-04 17:57:19,CRITICAL,asset_963770118c,AR,The Device is offline,2026-04-30 14:22:02,2026-04-30 14:22:02,99.59,1,UNKNOWN,UNKNOWN,UNKNOWN,-,-,NORMAL,0.665,other
alarm_03734,current_alarm_snapshot,2026-05-04 17:57:19,CRITICAL,asset_1a4e3ff4d1,AR,The Device is offline,2026-04-30 14:23:42,2026-04-30 14:23:42,99.56,1,UNKNOWN,UNKNOWN,UNKNOWN,-,-,NORMAL,0.665,other
alarm_03735,current_alarm_snapshot,2026-05-04 17:57:19,CRITICAL,asset_ed727f01b9,AR,Physical Port Down,2026-04-30 14:31:53,2026-04-30 14:31:53,99.42,1,LOS,DOWN,UP,-,-,NORMAL,0.665,link_down
alarm_03736,current_alarm_snapshot,2026-05-04 17:57:19,CRITICAL,asset_ed727f01b9,AR,Physical Port Down,2026-04-30 14:31:53,2026-04-30 14:31:53,99.42,1,LOS,DOWN,UP,-,-,NORMAL,0.665,link_down
alarm_03737,current_alarm_snapshot,2026-05-04 17:57:19,CRITICAL,asset_ed727f01b9,AR,Physical Port Down,2026-04-30 14:31:53,2026-04-30 14:31:53,99.42,1,LOS,DOWN,UP,-,-,NORMAL,0.665,link_down
alarm_03738,current_alarm_snapshot,2026-05-04 17:57:19,CRITICAL,asset_0b0d1a585f,AR,Physical Port Down,2026-04-30 14:38:31,2026-04-30 14:38:31,99.31,1,LOS,UNREPORTED,UNKNOWN,-,-,NORMAL,0.664,link_down
alarm_03739,current_alarm_snapshot,2026-05-04 17:57:19,CRITICAL,asset_d043ff84a1,AR,Physical Port Down,2026-04-30 14:46:29,2026-04-30 14:46:29,99.18,1,LOS,UNREPORTED,UNKNOWN,-,-,NORMAL,0.664,power_energy
alarm_03740,current_alarm_snapshot,2026-05-04 17:57:19,CRITICAL,asset_d043ff84a1,AR,Physical Port Down,2026-04-30 14:46:42,2026-04-30 14:46:42,99.18,1,LOS,UNREPORTED,UNKNOWN,-,-,NORMAL,0.664,power_energy
alarm_03741,current_alarm_snapshot,2026-05-04 17:57:19,CRITICAL,asset_a01dab7e3f,AR,Physical Port Down,2026-04-30 15:56:03,2026-04-30 15:56:03,98.02,1,LOS,DOWN,UP,-,-,NORMAL,0.664,link_down
alarm_03742,current_alarm_snapshot,2026-05-04 17:57:19,CRITICAL,asset_6d70370c23,AR,Physical Port Down,2026-04-30 16:08:24,2026-04-30 16:08:24,97.82,1,LOS,UNREPORTED,UNKNOWN,-,-,NORMAL,0.664,link_down
alarm_03743,current_alarm_snapshot,2026-05-04 17:57:19,CRITICAL,asset_7f2d729192,AR,Physical Port Down,2026-04-30 16:26:38,2026-04-30 16:26:38,97.51,1,LOS,DOWN,UP,-,-,NORMAL,0.664,link_down
alarm_03744,current_alarm_snapshot,2026-05-04 17:57:19,CRITICAL,asset_3105c2041d,AR,Physical Port Down,2026-04-30 17:00:02,2026-04-30 17:00:02,96.95,1,LOS,DOWN,UP,-,-,NORMAL,0.664,link_down
alarm_03745,current_alarm_snapshot,2026-05-04 17:57:19,CRITICAL,asset_c1308e50ea,AR,Physical Port Down,2026-04-30 17:02:45,2026-04-30 17:02:45,96.91,1,LOS,DOWN,UP,-,-,NORMAL,0.664,link_down
alarm_03746,current_alarm_snapshot,2026-05-04 17:57:19,CRITICAL,asset_ea30c70594,AR,Physical Port Down,2026-04-30 18:07:43,2026-04-30 18:07:43,95.83,1,LOS,DOWN,UP,-,-,NORMAL,0.663,link_down
alarm_03747,current_alarm_snapshot,2026-05-04 17:57:19,CRITICAL,asset_43030f97b7,AR,Physical Port Down,2026-04-30 21:16:22,2026-04-30 21:16:22,92.68,1,LOS,DOWN,UP,-,-,NORMAL,0.662,link_down
alarm_03748,current_alarm_snapshot,2026-05-04 17:57:19,CRITICAL,asset_6c8ad5bb17,AR,Physical Port Down,2026-04-30 21:49:53,2026-04-30 21:49:53,92.12,1,LOS,UP,UP,-,-,NORMAL,0.662,link_down
alarm_03749,current_alarm_snapshot,2026-05-04 17:57:19,CRITICAL,asset_03ba7c5dd5,AR,Physical Port Down,2026-04-30 21:50:06,2026-04-30 21:50:06,92.12,1,LOS,UP,UP,-,-,NORMAL,0.662,link_down
alarm_03750,current_alarm_snapshot,2026-05-04 17:57:19,CRITICAL,asset_608d4e9060,AR,Physical Port Down,2026-04-30 22:21:52,2026-04-30 22:21:52,91.59,1,LOS,DOWN,UP,-,-,NORMAL,0.662,link_down
alarm_03751,current_alarm_snapshot,2026-05-04 17:57:19,CRITICAL,asset_a9b2f0785a,AR,Physical Port Down,2026-05-01 00:44:02,2026-05-01 00:44:02,89.22,1,LOS,UNREPORTED,UNKNOWN,-,-,NORMAL,0.661,link_down
alarm_03752,current_alarm_snapshot,2026-05-04 17:57:19,CRITICAL,asset_0e5153db64,AR,Physical Port Down,2026-05-01 01:11:38,2026-05-01 01:11:38,88.76,1,REMOTE_FAULT,DOWN,UP,-,-,NORMAL,0.661,link_down
alarm_03753,current_alarm_snapshot,2026-05-04 17:57:19,CRITICAL,asset_a8abd6502f,AR,Physical Port Down,2026-05-01 03:20:57,2026-05-01 03:20:57,86.61,1,LOS,DOWN,UP,-,-,NORMAL,0.66,link_down
alarm_03754,current_alarm_snapshot,2026-05-04 17:57:19,CRITICAL,asset_27acda765b,AR,Physical Port Down,2026-05-01 04:59:11,2026-05-01 04:59:11,84.97,1,LOS,DOWN,UP,-,-,NORMAL,0.66,link_down
alarm_03755,current_alarm_snapshot,2026-05-04 17:57:19,CRITICAL,asset_dcc8fa6839,AR,Physical Port Down,2026-05-01 08:05:16,2026-05-01 08:05:16,81.87,1,LINK_FAULT,DOWN,UP,-,-,NORMAL,0.658,link_down
alarm_03756,current_alarm_snapshot,2026-05-04 17:57:19,CRITICAL,asset_058ab5948b,AR,The Device is offline,2026-05-01 09:44:36,2026-05-01 09:44:36,80.21,1,UNKNOWN,UNKNOWN,UNKNOWN,-,-,NORMAL,0.658,other
alarm_03757,current_alarm_snapshot,2026-05-04 17:57:19,CRITICAL,asset_9221311d4f,AR,Physical Port Down,2026-05-01 09:56:04,2026-05-01 09:56:04,80.02,1,LOS,UNREPORTED,UNKNOWN,-,-,NORMAL,0.658,link_down
alarm_03758,current_alarm_snapshot,2026-05-04 17:57:19,CRITICAL,asset_c27462eab1,AR,Physical Port Down,2026-05-01 10:34:12,2026-05-01 10:34:12,79.39,1,LOS,DOWN,UP,-,-,NORMAL,0.658,link_down
alarm_03759,current_alarm_snapshot,2026-05-04 17:57:19,CRITICAL,asset_c27462eab1,AR,Physical Port Down,2026-05-01 10:34:12,2026-05-01 10:34:12,79.39,1,LOS,DOWN,UP,-,-,NORMAL,0.658,link_down
alarm_03760,current_alarm_snapshot,2026-05-04 17:57:19,CRITICAL,asset_c27462eab1,AR,Physical Port Down,2026-05-01 10:34:12,2026-05-01 10:34:12,79.39,1,LOS,DOWN,UP,-,-,NORMAL,0.658,link_down
alarm_03761,current_alarm_snapshot,2026-05-04 17:57:19,CRITICAL,asset_c3138a009f,AR,Physical Port Down,2026-05-01 10:39:45,2026-05-01 10:39:45,79.29,1,LOS,DOWN,UP,-,-,NORMAL,0.658,link_down
alarm_03762,current_alarm_snapshot,2026-05-04 17:57:19,CRITICAL,asset_27023dfe2f,AR,The Device is offline,2026-05-01 11:00:33,2026-05-01 11:00:33,78.95,1,UNKNOWN,UNKNOWN,UNKNOWN,-,-,NORMAL,0.657,other
alarm_03763,current_alarm_snapshot,2026-05-04 17:57:19,CRITICAL,asset_50894a679c,AR,Physical Port Down,2026-05-01 11:45:43,2026-05-01 11:45:43,78.19,1,LOS,DOWN,UP,-,-,NORMAL,0.657,link_down
alarm_03764,current_alarm_snapshot,2026-05-04 17:57:19,CRITICAL,asset_bad316ef96,AR,Physical Port Down,2026-05-01 12:03:40,2026-05-01 12:03:40,77.89,1,LOS,UNREPORTED,UNKNOWN,-,-,NORMAL,0.657,link_down
alarm_03765,current_alarm_snapshot,2026-05-04 17:57:19,CRITICAL,asset_1336fead23,AR,Physical Port Down,2026-05-01 12:15:01,2026-05-01 12:15:01,77.7,1,LOS,UNREPORTED,UNKNOWN,-,-,NORMAL,0.657,link_down
alarm_03766,current_alarm_snapshot,2026-05-04 17:57:19,CRITICAL,asset_38f8d238d5,AR,Physical Port Down,2026-05-01 12:50:44,2026-05-01 12:50:44,77.11,1,LOS,DOWN,UP,-,-,NORMAL,0.657,link_down
alarm_03767,current_alarm_snapshot,2026-05-04 17:57:19,CRITICAL,asset_9db5a10f22,AR,Physical Port Down,2026-05-01 13:41:27,2026-05-01 13:41:27,76.26,1,OTHER_SOFT_DOWN,UNREPORTED,UNKNOWN,-,-,NORMAL,0.656,link_down
alarm_03768,current_alarm_snapshot,2026-05-04 17:57:19,CRITICAL,asset_bdb67fa18c,AR,Physical Port Down,2026-05-01 13:41:27,2026-05-01 13:41:27,76.26,1,OTHER_SOFT_DOWN,UNREPORTED,UNKNOWN,-,-,NORMAL,0.656,link_down
alarm_03769,current_alarm_snapshot,2026-05-04 17:57:19,CRITICAL,asset_1eacd7eed8,AR,Physical Port Down,2026-05-01 14:02:34,2026-05-01 14:02:34,75.91,1,NEGOTIATION_FAIL,UNREPORTED,UNKNOWN,-,-,NORMAL,0.656,link_down
alarm_03770,current_alarm_snapshot,2026-05-04 17:57:19,CRITICAL,asset_9c17a78cfa,AR,Physical Port Down,2026-05-01 19:35:04,2026-05-01 19:35:04,70.37,1,LOS,DOWN,UP,-,-,NORMAL,0.654,link_down
alarm_03771,current_alarm_snapshot,2026-05-04 17:57:19,CRITICAL,asset_9c17a78cfa,AR,Physical Port Down,2026-05-01 19:35:04,2026-05-01 19:35:04,70.37,1,LOS,DOWN,UP,-,-,NORMAL,0.654,link_down
alarm_03772,current_alarm_snapshot,2026-05-04 17:57:19,CRITICAL,asset_9c17a78cfa,AR,Physical Port Down,2026-05-01 19:36:07,2026-05-01 19:36:07,70.35,1,LOS,DOWN,UP,-,-,NORMAL,0.654,link_down
alarm_03773,current_alarm_snapshot,2026-05-04 17:57:19,CRITICAL,asset_bbfcfcda81,AR,Physical Port Down,2026-05-02 00:46:04,2026-05-02 00:46:04,65.19,1,LOS,DOWN,UP,-,-,NORMAL,0.653,link_down
alarm_03774,current_alarm_snapshot,2026-05-04 17:57:19,CRITICAL,asset_bbfcfcda81,AR,Physical Port Down,2026-05-02 00:46:04,2026-05-02 00:46:04,65.19,1,LOS,DOWN,UP,-,-,NORMAL,0.653,link_down
alarm_03775,current_alarm_snapshot,2026-05-04 17:57:19,CRITICAL,asset_bbfcfcda81,AR,Physical Port Down,2026-05-02 00:46:04,2026-05-02 00:46:04,65.19,1,LOS,DOWN,UP,-,-,NORMAL,0.653,link_down
alarm_03776,current_alarm_snapshot,2026-05-04 17:57:19,CRITICAL,asset_bbfcfcda81,AR,Physical Port Down,2026-05-02 00:46:04,2026-05-02 00:46:04,65.19,1,LOS,DOWN,UP,-,-,NORMAL,0.653,link_down
alarm_03777,current_alarm_snapshot,2026-05-04 17:57:19,CRITICAL,asset_bbfcfcda81,AR,Physical Port Down,2026-05-02 00:46:04,2026-05-02 00:46:04,65.19,1,LOS,DOWN,UP,-,-,NORMAL,0.653,link_down
alarm_03778,current_alarm_snapshot,2026-05-04 17:57:19,CRITICAL,asset_fe331d721c,AR,Physical Port Down,2026-05-02 02:25:50,2026-05-02 02:25:50,63.52,1,LOS,UNREPORTED,UNKNOWN,-,-,NORMAL,0.652,link_down
alarm_03779,current_alarm_snapshot,2026-05-04 17:57:19,CRITICAL,asset_ff42409ebe,AR,Physical Port Down,2026-05-02 02:53:13,2026-05-02 02:53:13,63.07,1,LOS,UP,UP,-,-,NORMAL,0.652,link_down
alarm_03780,current_alarm_snapshot,2026-05-04 17:57:19,CRITICAL,asset_38711d5d3c,AR,Physical Port Down,2026-05-02 04:09:23,2026-05-02 04:09:23,61.8,1,LOS,UP,UP,-,-,NORMAL,0.651,link_down
alarm_03781,current_alarm_snapshot,2026-05-04 17:57:19,CRITICAL,asset_38711d5d3c,AR,Physical Port Down,2026-05-02 04:09:23,2026-05-02 04:09:23,61.8,1,LOS,UP,UP,-,-,NORMAL,0.651,link_down
alarm_03782,current_alarm_snapshot,2026-05-04 17:57:19,CRITICAL,asset_ead5b11f6d,AR,Physical Port Down,2026-05-02 04:10:44,2026-05-02 04:10:44,61.78,1,LOS,UNREPORTED,UNKNOWN,-,-,NORMAL,0.651,link_down
alarm_03783,current_alarm_snapshot,2026-05-04 17:57:19,CRITICAL,asset_898c744180,AR,Physical Port Down,2026-05-02 04:13:11,2026-05-02 04:13:11,61.74,1,LINK_FAULT,DOWN,UP,-,-,NORMAL,0.651,link_down
alarm_03784,current_alarm_snapshot,2026-05-04 17:57:19,CRITICAL,asset_3d4105cb2b,AR,Physical Port Down,2026-05-02 05:36:04,2026-05-02 05:36:04,60.35,1,LOS,UNREPORTED,UNKNOWN,-,-,NORMAL,0.651,link_down
alarm_03785,current_alarm_snapshot,2026-05-04 17:57:19,CRITICAL,asset_e7ef0c25f4,AR,Physical Port Down,2026-05-02 08:17:27,2026-05-02 08:17:27,57.66,1,LOS,DOWN,UP,-,-,NORMAL,0.65,link_down
alarm_03786,current_alarm_snapshot,2026-05-04 17:57:19,CRITICAL,asset_0ef63bfe71,AR,Physical Port Down,2026-05-02 08:52:26,2026-05-02 08:52:26,57.08,1,LOS,DOWN,UP,-,-,NORMAL,0.65,link_down
alarm_03787,current_alarm_snapshot,2026-05-04 17:57:19,CRITICAL,asset_0ef63bfe71,AR,Physical Port Down,2026-05-02 08:52:28,2026-05-02 08:52:28,57.08,1,LOS,DOWN,UP,-,-,NORMAL,0.65,link_down
alarm_03788,current_alarm_snapshot,2026-05-04 17:57:19,CRITICAL,asset_0ef63bfe71,AR,Physical Port Down,2026-05-02 08:52:28,2026-05-02 08:52:28,57.08,1,LOS,DOWN,UP,-,-,NORMAL,0.65,link_down
alarm_03789,current_alarm_snapshot,2026-05-04 17:57:19,CRITICAL,asset_0ef63bfe71,AR,Physical Port Down,2026-05-02 08:52:28,2026-05-02 08:52:28,57.08,1,LOS,DOWN,UP,-,-,NORMAL,0.65,link_down
alarm_03790,current_alarm_snapshot,2026-05-04 17:57:19,CRITICAL,asset_fd2e461116,AR,Physical Port Down,2026-05-02 10:02:01,2026-05-02 10:02:01,55.92,1,LOS,DOWN,UP,-,-,NORMAL,0.649,link_down
alarm_03791,current_alarm_snapshot,2026-05-04 17:57:19,CRITICAL,asset_14fc4c3bc5,AR,Physical Port Down,2026-05-02 10:10:05,2026-05-02 10:10:05,55.79,1,LOS,DOWN,UP,-,-,NORMAL,0.649,link_down
alarm_03792,current_alarm_snapshot,2026-05-04 17:57:19,CRITICAL,asset_82f9cb4882,AR,Physical Port Down,2026-05-02 10:28:36,2026-05-02 10:28:36,55.48,1,LOS,DOWN,UP,-,-,NORMAL,0.649,link_down
alarm_03793,current_alarm_snapshot,2026-05-04 17:57:19,CRITICAL,asset_55db535d21,AR,Physical Port Down,2026-05-02 11:44:51,2026-05-02 11:44:51,54.21,1,LOS,DOWN,UP,-,-,NORMAL,0.649,link_down
alarm_03794,current_alarm_snapshot,2026-05-04 17:57:19,CRITICAL,asset_e91e3cd0a2,AR,Physical Port Down,2026-05-02 12:01:23,2026-05-02 12:01:23,53.93,1,LOS,DOWN,UP,-,-,NORMAL,0.649,link_down
alarm_03795,current_alarm_snapshot,2026-05-04 17:57:19,CRITICAL,asset_e91e3cd0a2,AR,Physical Port Down,2026-05-02 12:01:23,2026-05-02 12:01:23,53.93,1,LOS,DOWN,UP,-,-,NORMAL,0.649,link_down
alarm_03796,current_alarm_snapshot,2026-05-04 17:57:19,CRITICAL,asset_d4797a13a3,AR,Physical Port Down,2026-05-02 12:40:35,2026-05-02 12:40:35,53.28,1,LOS,UNREPORTED,UNKNOWN,-,-,NORMAL,0.648,link_down
alarm_03797,current_alarm_snapshot,2026-05-04 17:57:19,CRITICAL,asset_cbdcb887ce,AR,Physical Port Down,2026-05-02 13:52:06,2026-05-02 13:52:06,52.09,1,LOS,UNREPORTED,UNKNOWN,-,-,NORMAL,0.648,link_down
alarm_03798,current_alarm_snapshot,2026-05-04 17:57:19,CRITICAL,asset_1830ce2983,AR,Physical Port Down,2026-05-02 13:55:25,2026-05-02 13:55:25,52.03,1,LOS,UNREPORTED,UNKNOWN,-,-,NORMAL,0.648,link_down
alarm_03799,current_alarm_snapshot,2026-05-04 17:57:19,CRITICAL,asset_59519baa28,AR,Physical Port Down,2026-05-02 14:56:04,2026-05-02 14:56:04,51.02,1,LOS,DOWN,UP,-,-,NORMAL,0.648,link_down
alarm_03800,current_alarm_snapshot,2026-05-04 17:57:19,CRITICAL,asset_b226f50bd0,AR,Physical Port Down,2026-05-02 16:18:54,2026-05-02 16:18:54,49.64,1,LOS,DOWN,UP,-,-,NORMAL,0.647,link_down
alarm_03801,current_alarm_snapshot,2026-05-04 17:57:19,CRITICAL,asset_b226f50bd0,AR,Physical Port Down,2026-05-02 16:27:15,2026-05-02 16:27:15,49.5,1,LOS,DOWN,UP,-,-,NORMAL,0.647,link_down
alarm_03802,current_alarm_snapshot,2026-05-04 17:57:19,CRITICAL,asset_14a898beb8,AR,Physical Port Down,2026-05-02 17:53:56,2026-05-02 17:53:56,48.06,1,LOS,UNREPORTED,UNKNOWN,-,-,NORMAL,0.647,link_down
alarm_03803,current_alarm_snapshot,2026-05-04 17:57:19,CRITICAL,asset_02dcb7e047,AR,The Device is offline,2026-05-02 20:11:16,2026-05-02 20:11:16,45.77,1,UNKNOWN,UNKNOWN,UNKNOWN,-,-,NORMAL,0.646,other
alarm_03804,current_alarm_snapshot,2026-05-04 17:57:19,CRITICAL,asset_bdb67fa18c,AR,Physical Port Down,2026-05-02 20:59:34,2026-05-02 20:59:34,44.96,1,LOS,UNREPORTED,UNKNOWN,-,-,NORMAL,0.646,link_down
alarm_03805,current_alarm_snapshot,2026-05-04 17:57:19,CRITICAL,asset_a1cb8414db,AR,Board Invalid,2026-05-02 21:40:21,2026-05-02 21:40:21,44.28,1,UNKNOWN,UNKNOWN,UNKNOWN,-,-,NORMAL,0.645,equipment_module
alarm_03806,current_alarm_snapshot,2026-05-04 17:57:19,CRITICAL,asset_ad86311ee0,AR,Physical Port Down,2026-05-03 00:35:28,2026-05-03 00:35:28,41.36,1,LOS,DOWN,UP,-,-,NORMAL,0.644,link_down
alarm_03807,current_alarm_snapshot,2026-05-04 17:57:19,CRITICAL,asset_02c4dea2ed,AG,Board Invalid,2026-05-03 01:34:28,2026-05-03 01:34:28,40.38,1,UNKNOWN,UNKNOWN,UNKNOWN,-,-,NORMAL,0.644,equipment_module
alarm_03808,current_alarm_snapshot,2026-05-04 17:57:19,CRITICAL,asset_c8dba0d8f9,AR,Physical Port Down,2026-05-03 04:47:24,2026-05-03 04:47:24,37.17,1,SHUTDOWN,DOWN,DOWN,-,-,NORMAL,0.643,link_down
alarm_03809,current_alarm_snapshot,2026-05-04 17:57:19,CRITICAL,asset_e4ad9912b5,AR,Physical Port Down,2026-05-03 09:34:18,2026-05-03 09:34:18,32.38,1,LOS,DOWN,UP,-,-,NORMAL,0.641,link_down
alarm_03810,current_alarm_snapshot,2026-05-04 17:57:19,CRITICAL,asset_c3e5c1ad6f,AR,Physical Port Down,2026-05-03 10:09:29,2026-05-03 10:09:29,31.8,1,LOS,UP,UP,-,-,NORMAL,0.641,link_down
alarm_03811,current_alarm_snapshot,2026-05-04 17:57:19,CRITICAL,asset_2c626a6188,AR,Physical Port Down,2026-05-03 10:57:28,2026-05-03 10:57:28,31.0,1,LOS,DOWN,UP,-,-,NORMAL,0.641,link_down
alarm_03812,current_alarm_snapshot,2026-05-04 17:57:19,CRITICAL,asset_2c626a6188,AR,Physical Port Down,2026-05-03 10:57:28,2026-05-03 10:57:28,31.0,1,LOS,DOWN,UP,-,-,NORMAL,0.641,link_down
alarm_03813,current_alarm_snapshot,2026-05-04 17:57:19,CRITICAL,asset_2c626a6188,AR,Physical Port Down,2026-05-03 10:57:28,2026-05-03 10:57:28,31.0,1,LOS,DOWN,UP,-,-,NORMAL,0.641,link_down
alarm_03814,current_alarm_snapshot,2026-05-04 17:57:19,CRITICAL,asset_c99d7ca4a4,AR,Physical Port Down,2026-05-03 12:12:32,2026-05-03 12:12:32,29.75,1,LOS,UP,UP,-,-,NORMAL,0.64,link_down
alarm_03815,current_alarm_snapshot,2026-05-04 17:57:19,CRITICAL,asset_78f03c7048,AR,Physical Port Down,2026-05-03 12:32:06,2026-05-03 12:32:06,29.42,1,LOS,UNREPORTED,UNKNOWN,-,-,NORMAL,0.64,link_down
alarm_03816,current_alarm_snapshot,2026-05-04 17:57:19,CRITICAL,asset_b059ffb981,AR,Physical Port Down,2026-05-03 12:40:03,2026-05-03 12:40:03,29.29,1,LOS,DOWN,UP,-,-,NORMAL,0.64,link_down
alarm_03817,current_alarm_snapshot,2026-05-04 17:57:19,CRITICAL,asset_f2ce624db3,AR,Physical Port Down,2026-05-03 12:45:48,2026-05-03 12:45:48,29.19,1,LOS,UNREPORTED,UNKNOWN,-,-,NORMAL,0.64,link_down
alarm_03818,current_alarm_snapshot,2026-05-04 17:57:19,CRITICAL,asset_89d7a75bcc,AR,Physical Port Down,2026-05-03 12:49:06,2026-05-03 12:49:06,29.14,1,LOS,UP,UP,-,-,NORMAL,0.64,link_down
alarm_03819,current_alarm_snapshot,2026-05-04 17:57:19,CRITICAL,asset_654fd6c657,AR,Physical Port Down,2026-05-03 12:49:06,2026-05-03 12:49:06,29.14,1,LOS,UP,UP,-,-,NORMAL,0.64,link_down
alarm_03820,current_alarm_snapshot,2026-05-04 17:57:19,CRITICAL,asset_f4a57927be,AR,Physical Port Down,2026-05-03 13:46:18,2026-05-03 13:46:18,28.18,1,LOS,UNREPORTED,UNKNOWN,-,-,NORMAL,0.64,link_down
alarm_03821,current_alarm_snapshot,2026-05-04 17:57:19,CRITICAL,asset_87f75c86a3,AR,Physical Port Down,2026-05-03 15:54:40,2026-05-03 15:54:40,26.04,1,LOS,DOWN,UP,-,-,NORMAL,0.639,link_down
alarm_03822,current_alarm_snapshot,2026-05-04 17:57:19,CRITICAL,asset_87f75c86a3,AR,Physical Port Down,2026-05-03 15:54:40,2026-05-03 15:54:40,26.04,1,LOS,DOWN,UP,-,-,NORMAL,0.639,link_down
alarm_03823,current_alarm_snapshot,2026-05-04 17:57:19,CRITICAL,asset_87f75c86a3,AR,Physical Port Down,2026-05-03 15:54:40,2026-05-03 15:54:40,26.04,1,LOS,DOWN,UP,-,-,NORMAL,0.639,link_down
alarm_03824,current_alarm_snapshot,2026-05-04 17:57:19,CRITICAL,asset_40f5fb62d2,AR,Physical Port Down,2026-05-03 16:31:24,2026-05-03 16:31:24,25.43,1,LOS,DOWN,UP,-,-,NORMAL,0.639,link_down
alarm_03825,current_alarm_snapshot,2026-05-04 17:57:19,CRITICAL,asset_203c35a86e,AR,Physical Port Down,2026-05-03 16:35:27,2026-05-03 16:35:27,25.36,1,NEGOTIATION_FAIL,UNREPORTED,UNKNOWN,-,-,NORMAL,0.639,link_down
alarm_03826,current_alarm_snapshot,2026-05-04 17:57:19,CRITICAL,asset_c047678060,AR,The Device is offline,2026-05-03 20:16:29,2026-05-03 20:16:29,21.68,1,UNKNOWN,UNKNOWN,UNKNOWN,-,-,NORMAL,0.638,other
alarm_03827,current_alarm_snapshot,2026-05-04 17:57:19,CRITICAL,asset_b564a37d2c,AR,The Device is offline,2026-05-03 20:16:38,2026-05-03 20:16:38,21.68,1,UNKNOWN,UNKNOWN,UNKNOWN,-,-,NORMAL,0.638,other
alarm_03828,current_alarm_snapshot,2026-05-04 17:57:19,CRITICAL,asset_3edc387bf6,AR,Physical Port Down,2026-05-03 20:34:36,2026-05-03 20:34:36,21.38,1,LOS,DOWN,UP,-,-,NORMAL,0.637,link_down
alarm_03829,current_alarm_snapshot,2026-05-04 17:57:19,CRITICAL,asset_40f5fb62d2,AR,Physical Port Down,2026-05-03 20:43:46,2026-05-03 20:43:46,21.23,1,LOS,DOWN,UP,-,-,NORMAL,0.637,link_down
alarm_03830,current_alarm_snapshot,2026-05-04 17:57:19,CRITICAL,asset_0330f64979,AR,Physical Port Down,2026-05-03 20:49:26,2026-05-03 20:49:26,21.13,1,LOS,DOWN,UP,-,-,NORMAL,0.637,link_down
alarm_03831,current_alarm_snapshot,2026-05-04 17:57:19,CRITICAL,asset_0330f64979,AR,Physical Port Down,2026-05-03 20:49:27,2026-05-03 20:49:27,21.13,1,LOS,DOWN,UP,-,-,NORMAL,0.637,link_down
alarm_03832,current_alarm_snapshot,2026-05-04 17:57:19,CRITICAL,asset_40f5fb62d2,AR,Physical Port Down,2026-05-03 21:46:30,2026-05-03 21:46:30,20.18,1,LOS,DOWN,UP,-,-,NORMAL,0.637,link_down
alarm_03833,current_alarm_snapshot,2026-05-04 17:57:19,CRITICAL,asset_a8707be1e3,AR,Physical Port Down,2026-05-03 23:05:15,2026-05-03 23:05:15,18.87,1,LOS,UNREPORTED,UNKNOWN,-,-,NORMAL,0.637,link_down
alarm_03834,current_alarm_snapshot,2026-05-04 17:57:19,CRITICAL,asset_be60de384c,AR,Physical Port Down,2026-05-03 23:05:15,2026-05-03 23:05:15,18.87,1,LOS,UP,UP,-,-,NORMAL,0.637,link_down
alarm_03835,current_alarm_snapshot,2026-05-04 17:57:19,CRITICAL,asset_e0ac29e229,AR,Physical Port Down,2026-05-04 00:16:21,2026-05-04 00:16:21,17.68,1,LOS,DOWN,UP,-,-,NORMAL,0.636,link_down
alarm_03836,current_alarm_snapshot,2026-05-04 17:57:19,CRITICAL,asset_3e63742933,AR,The Device is offline,2026-05-04 01:26:14,2026-05-04 01:26:14,16.52,1,UNKNOWN,UNKNOWN,UNKNOWN,-,-,NORMAL,0.636,other
alarm_03837,current_alarm_snapshot,2026-05-04 17:57:19,CRITICAL,asset_e879c6c4c0,AR,Physical Port Down,2026-05-04 02:37:14,2026-05-04 02:37:14,15.33,1,LOS,UNREPORTED,UNKNOWN,-,-,NORMAL,0.635,link_down
alarm_03838,current_alarm_snapshot,2026-05-04 17:57:19,CRITICAL,asset_fd8deb5ed2,AR,Physical Port Down,2026-05-04 03:41:51,2026-05-04 03:41:51,14.26,1,LOS,DOWN,UP,-,-,NORMAL,0.635,link_down
alarm_03839,current_alarm_snapshot,2026-05-04 17:57:19,CRITICAL,asset_fb1b3603d0,AR,Physical Port Down,2026-05-04 03:43:30,2026-05-04 03:43:30,14.23,1,REMOTE_FAULT,DOWN,UP,-,-,NORMAL,0.635,link_down
alarm_03840,current_alarm_snapshot,2026-05-04 17:57:19,CRITICAL,asset_fb1b3603d0,AR,Physical Port Down,2026-05-04 03:43:30,2026-05-04 03:43:30,14.23,1,LOS,DOWN,UP,-,-,NORMAL,0.635,link_down
alarm_03841,current_alarm_snapshot,2026-05-04 17:57:19,CRITICAL,asset_d225a8f303,AR,Physical Port Down,2026-05-04 04:38:39,2026-05-04 04:38:39,13.31,1,TRANSCEIVER_UNKNOWN,UNREPORTED,UNKNOWN,-,-,NORMAL,0.635,link_down
alarm_03842,current_alarm_snapshot,2026-05-04 17:57:19,CRITICAL,asset_1f07031345,AR,Physical Port Down,2026-05-04 05:24:01,2026-05-04 05:24:01,12.55,1,LOS,UNREPORTED,UNKNOWN,-,-,NORMAL,0.634,link_down
alarm_03843,current_alarm_snapshot,2026-05-04 17:57:19,CRITICAL,asset_02c4dea2ed,AG,Board Invalid,2026-05-04 05:50:39,2026-05-04 05:50:39,12.11,1,UNKNOWN,UNKNOWN,UNKNOWN,-,-,NORMAL,0.634,equipment_module
alarm_03844,current_alarm_snapshot,2026-05-04 17:57:19,CRITICAL,asset_02c4dea2ed,AG,Board Invalid,2026-05-04 05:51:02,2026-05-04 05:51:02,12.1,1,UNKNOWN,UNKNOWN,UNKNOWN,-,-,NORMAL,0.634,equipment_module
alarm_03845,current_alarm_snapshot,2026-05-04 17:57:19,CRITICAL,asset_02c4dea2ed,AG,Board Invalid,2026-05-04 05:52:09,2026-05-04 05:52:09,12.09,1,UNKNOWN,UNKNOWN,UNKNOWN,-,-,NORMAL,0.634,equipment_module
alarm_03846,current_alarm_snapshot,2026-05-04 17:57:19,CRITICAL,asset_02c4dea2ed,AG,Board Invalid,2026-05-04 05:53:37,2026-05-04 05:53:37,12.06,1,UNKNOWN,UNKNOWN,UNKNOWN,-,-,NORMAL,0.634,equipment_module
alarm_03847,current_alarm_snapshot,2026-05-04 17:57:19,CRITICAL,asset_02c4dea2ed,AG,Board Invalid,2026-05-04 05:54:49,2026-05-04 05:54:49,12.04,1,UNKNOWN,UNKNOWN,UNKNOWN,-,-,NORMAL,0.634,equipment_module
alarm_03848,current_alarm_snapshot,2026-05-04 17:57:19,CRITICAL,asset_02c4dea2ed,AG,Board Invalid,2026-05-04 05:55:10,2026-05-04 05:55:10,12.04,1,UNKNOWN,UNKNOWN,UNKNOWN,-,-,NORMAL,0.634,equipment_module
alarm_03849,current_alarm_snapshot,2026-05-04 17:57:19,CRITICAL,asset_02c4dea2ed,AG,Board Invalid,2026-05-04 05:56:21,2026-05-04 05:56:21,12.02,1,UNKNOWN,UNKNOWN,UNKNOWN,-,-,NORMAL,0.634,equipment_module
alarm_03850,current_alarm_snapshot,2026-05-04 17:57:19,CRITICAL,asset_02c4dea2ed,AG,Board Invalid,2026-05-04 05:59:20,2026-05-04 05:59:20,11.97,1,UNKNOWN,UNKNOWN,UNKNOWN,-,-,NORMAL,0.634,equipment_module
alarm_03851,current_alarm_snapshot,2026-05-04 17:57:19,CRITICAL,asset_e3eb8f8231,AR,Physical Port Down,2026-05-04 06:42:35,2026-05-04 06:42:35,11.25,1,LOS,DOWN,UP,-,-,NORMAL,0.634,link_down
alarm_03852,current_alarm_snapshot,2026-05-04 17:57:19,CRITICAL,asset_f468d966e4,AR,Physical Port Down,2026-05-04 07:14:30,2026-05-04 07:14:30,10.71,1,LOS,DOWN,UP,-,-,NORMAL,0.634,link_down
alarm_03853,current_alarm_snapshot,2026-05-04 17:57:19,CRITICAL,asset_f468d966e4,AR,Physical Port Down,2026-05-04 07:14:30,2026-05-04 07:14:30,10.71,1,LINK_FAULT,DOWN,UP,-,-,NORMAL,0.634,link_down
alarm_03854,current_alarm_snapshot,2026-05-04 17:57:19,CRITICAL,asset_fce919c79d,AR,The Device is offline,2026-05-04 07:15:48,2026-05-04 07:15:48,10.69,1,UNKNOWN,UNKNOWN,UNKNOWN,-,-,NORMAL,0.634,other
alarm_03855,current_alarm_snapshot,2026-05-04 17:57:19,CRITICAL,asset_5da3847548,AR,Physical Port Down,2026-05-04 07:16:50,2026-05-04 07:16:50,10.67,1,LOS,DOWN,UP,-,-,NORMAL,0.634,link_down
alarm_03856,current_alarm_snapshot,2026-05-04 17:57:19,CRITICAL,asset_1bbadcf3b0,CP,Physical Port Down,2026-05-04 07:30:10,2026-05-04 07:30:10,10.45,1,THE,UNREPORTED,UNKNOWN,-,-,NORMAL,0.634,link_down
alarm_03857,current_alarm_snapshot,2026-05-04 17:57:19,CRITICAL,asset_1bbadcf3b0,CP,Physical Port Down,2026-05-04 07:30:10,2026-05-04 07:30:10,10.45,1,THE,UNREPORTED,UNKNOWN,-,-,NORMAL,0.634,link_down
alarm_03858,current_alarm_snapshot,2026-05-04 17:57:19,CRITICAL,asset_1bbadcf3b0,CP,Physical Port Down,2026-05-04 07:30:10,2026-05-04 07:30:10,10.45,1,THE,UNREPORTED,UNKNOWN,-,-,NORMAL,0.634,link_down
alarm_03859,current_alarm_snapshot,2026-05-04 17:57:19,CRITICAL,asset_1bbadcf3b0,CP,Physical Port Down,2026-05-04 07:30:10,2026-05-04 07:30:10,10.45,1,THE,UNREPORTED,UNKNOWN,-,-,NORMAL,0.634,link_down
alarm_03860,current_alarm_snapshot,2026-05-04 17:57:19,CRITICAL,asset_3edc387bf6,AR,Physical Port Down,2026-05-04 07:36:02,2026-05-04 07:36:02,10.35,1,LOS,DOWN,UP,-,-,NORMAL,0.634,link_down
alarm_03861,current_alarm_snapshot,2026-05-04 17:57:19,CRITICAL,asset_bdc4cee7d6,AR,Physical Port Down,2026-05-04 07:41:33,2026-05-04 07:41:33,10.26,1,LOS,UP,UP,-,-,NORMAL,0.634,link_down
alarm_03862,current_alarm_snapshot,2026-05-04 17:57:19,CRITICAL,asset_37cb02326c,AR,Physical Port Down,2026-05-04 07:45:47,2026-05-04 07:45:47,10.19,1,LOS,UP,UP,-,-,NORMAL,0.634,link_down
alarm_03863,current_alarm_snapshot,2026-05-04 17:57:19,CRITICAL,asset_1f07031345,AR,The Device is offline,2026-05-04 07:47:55,2026-05-04 07:47:55,10.16,1,UNKNOWN,UNKNOWN,UNKNOWN,-,-,NORMAL,0.634,other
alarm_03864,current_alarm_snapshot,2026-05-04 17:57:19,CRITICAL,asset_4eb97e97a1,AR,Physical Port Down,2026-05-04 08:01:53,2026-05-04 08:01:53,9.92,1,LOS,DOWN,UP,-,-,NORMAL,0.633,link_down
alarm_03865,current_alarm_snapshot,2026-05-04 17:57:19,CRITICAL,asset_017e107af0,AR,Physical Port Down,2026-05-04 08:07:40,2026-05-04 08:07:40,9.83,1,LOS,DOWN,UP,-,-,NORMAL,0.633,link_down
alarm_03866,current_alarm_snapshot,2026-05-04 17:57:19,CRITICAL,asset_c35e966244,AR,Physical Port Down,2026-05-04 08:31:25,2026-05-04 08:31:25,9.43,1,LOS,DOWN,UP,-,-,NORMAL,0.633,link_down
alarm_03867,current_alarm_snapshot,2026-05-04 17:57:19,CRITICAL,asset_c35e966244,AR,Physical Port Down,2026-05-04 08:31:25,2026-05-04 08:31:25,9.43,1,LOS,DOWN,UP,-,-,NORMAL,0.633,link_down
alarm_03868,current_alarm_snapshot,2026-05-04 17:57:19,CRITICAL,asset_32410af05c,AR,Physical Port Down,2026-05-04 08:36:59,2026-05-04 08:36:59,9.34,1,LOS,DOWN,UP,-,-,NORMAL,0.633,link_down
alarm_03869,current_alarm_snapshot,2026-05-04 17:57:19,CRITICAL,asset_33dc608ce4,AR,The Device is offline,2026-05-04 08:37:51,2026-05-04 08:37:51,9.32,1,UNKNOWN,UNKNOWN,UNKNOWN,-,-,NORMAL,0.633,other
alarm_03870,current_alarm_snapshot,2026-05-04 17:57:19,CRITICAL,asset_ade633978f,AR,Physical Port Down,2026-05-04 09:36:46,2026-05-04 09:36:46,8.34,1,LOS,DOWN,UP,-,-,NORMAL,0.633,link_down
alarm_03871,current_alarm_snapshot,2026-05-04 17:57:19,CRITICAL,asset_e7361531bf,AR,Physical Port Down,2026-05-04 09:42:15,2026-05-04 09:42:15,8.25,1,LOS,UNREPORTED,UNKNOWN,-,-,NORMAL,0.633,link_down
alarm_03872,current_alarm_snapshot,2026-05-04 17:57:19,CRITICAL,asset_89c32ada4e,AR,Physical Port Down,2026-05-04 09:51:58,2026-05-04 09:51:58,8.09,1,LOS,DOWN,UP,-,-,NORMAL,0.633,link_down
alarm_03873,current_alarm_snapshot,2026-05-04 17:57:19,CRITICAL,asset_e3eb8f8231,AR,Physical Port Down,2026-05-04 09:52:17,2026-05-04 09:52:17,8.08,1,LOS,DOWN,UP,-,-,NORMAL,0.633,link_down
alarm_03874,current_alarm_snapshot,2026-05-04 17:57:19,CRITICAL,asset_796d0024c6,AR,Physical Port Down,2026-05-04 09:52:17,2026-05-04 09:52:17,8.08,1,LOS,UNREPORTED,UNKNOWN,-,-,NORMAL,0.633,link_down
alarm_03875,current_alarm_snapshot,2026-05-04 17:57:19,CRITICAL,asset_5ac7fac4ef,AR,Physical Port Down,2026-05-04 09:55:15,2026-05-04 09:55:15,8.03,1,LOS,DOWN,UP,-,-,NORMAL,0.633,link_down
alarm_03876,current_alarm_snapshot,2026-05-04 17:57:19,CRITICAL,asset_6228f64d14,AG,Physical Port Down,2026-05-04 09:58:29,2026-05-04 09:58:29,7.98,1,THE,UNREPORTED,UNKNOWN,-,-,NORMAL,0.633,equipment_module
alarm_03877,current_alarm_snapshot,2026-05-04 17:57:19,CRITICAL,asset_1daec4427a,AG,Physical Port Down,2026-05-04 10:03:16,2026-05-04 10:03:16,7.9,1,SD,DOWN,UP,-,-,NORMAL,0.633,link_down
alarm_03878,current_alarm_snapshot,2026-05-04 17:57:19,CRITICAL,asset_59905abecc,AR,Physical Port Down,2026-05-04 10:17:02,2026-05-04 10:17:02,7.67,1,LOS,UNREPORTED,UNKNOWN,-,-,NORMAL,0.633,link_down
alarm_03879,current_alarm_snapshot,2026-05-04 17:57:19,CRITICAL,asset_bf4da6695f,AR,Board Invalid,2026-05-04 10:17:10,2026-05-04 10:17:10,7.67,1,UNKNOWN,UNKNOWN,UNKNOWN,-,-,NORMAL,0.633,equipment_module
alarm_03880,current_alarm_snapshot,2026-05-04 17:57:19,CRITICAL,asset_d71ca7217a,AR,Physical Port Down,2026-05-04 10:18:32,2026-05-04 10:18:32,7.65,1,LOS,UP,UP,-,-,NORMAL,0.633,link_down
alarm_03881,current_alarm_snapshot,2026-05-04 17:57:19,CRITICAL,asset_06f6c56de2,AR,Physical Port Down,2026-05-04 10:38:32,2026-05-04 10:38:32,7.31,1,LOS,DOWN,UP,-,-,NORMAL,0.633,link_down
alarm_03882,current_alarm_snapshot,2026-05-04 17:57:19,CRITICAL,asset_8c7e1dadff,AR,Physical Port Down,2026-05-04 10:58:50,2026-05-04 10:58:50,6.97,1,LOS,UNREPORTED,UNKNOWN,-,-,NORMAL,0.632,link_down
alarm_03883,current_alarm_snapshot,2026-05-04 17:57:19,MAJOR,asset_815e58a79a,AR,Board Temperature threshold,2026-05-04 10:59:25,2026-05-04 10:59:25,6.96,1,UNKNOWN,UNKNOWN,UNKNOWN,-,-,NORMAL,0.452,temperature_environment
alarm_03884,current_alarm_snapshot,2026-05-04 17:57:19,CRITICAL,asset_9f307c12ae,AR,Physical Port Down,2026-05-04 11:03:00,2026-05-04 11:03:00,6.91,1,LOS,UNREPORTED,UNKNOWN,-,-,NORMAL,0.632,link_down
alarm_03885,current_alarm_snapshot,2026-05-04 17:57:19,CRITICAL,asset_c0dcd745dc,AR,The Device is offline,2026-05-04 11:04:49,2026-05-04 11:04:49,6.88,1,UNKNOWN,UNKNOWN,UNKNOWN,-,-,NORMAL,0.632,other
alarm_03886,current_alarm_snapshot,2026-05-04 17:57:19,CRITICAL,asset_f51c9d8129,AR,Physical Port Down,2026-05-04 11:06:49,2026-05-04 11:06:49,6.84,1,LOS,UNREPORTED,UNKNOWN,-,-,NORMAL,0.632,link_down
alarm_03887,current_alarm_snapshot,2026-05-04 17:57:19,CRITICAL,asset_b03e3f6a07,AR,The Device is offline,2026-05-04 11:19:31,2026-05-04 11:19:31,6.63,1,UNKNOWN,UNKNOWN,UNKNOWN,-,-,NORMAL,0.632,other
alarm_03888,current_alarm_snapshot,2026-05-04 17:57:19,CRITICAL,asset_7160e398ff,AR,Physical Port Down,2026-05-04 11:22:06,2026-05-04 11:22:06,6.59,1,LOS,UNREPORTED,UNKNOWN,-,-,NORMAL,0.632,link_down
alarm_03889,current_alarm_snapshot,2026-05-04 17:57:19,CRITICAL,asset_7170fd4681,AG,Physical Port Down,2026-05-04 12:08:44,2026-05-04 12:08:44,5.81,1,THE,UNREPORTED,UNKNOWN,-,-,NORMAL,0.632,link_down
alarm_03890,current_alarm_snapshot,2026-05-04 17:57:19,CRITICAL,asset_7170fd4681,AG,Physical Port Down,2026-05-04 12:08:44,2026-05-04 12:08:44,5.81,1,THE,UNREPORTED,UNKNOWN,-,-,NORMAL,0.632,link_down
alarm_03891,current_alarm_snapshot,2026-05-04 17:57:19,CRITICAL,asset_7b7d433c3e,AR,The Device is offline,2026-05-04 12:09:40,2026-05-04 12:09:40,5.79,1,UNKNOWN,UNKNOWN,UNKNOWN,-,-,NORMAL,0.632,other
alarm_03892,current_alarm_snapshot,2026-05-04 17:57:19,CRITICAL,asset_17aac5a23d,AR,Physical Port Down,2026-05-04 12:14:29,2026-05-04 12:14:29,5.71,1,LOS,DOWN,UP,-,-,NORMAL,0.632,link_down
alarm_03893,current_alarm_snapshot,2026-05-04 17:57:19,MAJOR,asset_395e88dac3,AG,Board Temperature threshold,2026-05-04 12:24:09,2026-05-04 12:24:09,5.55,1,UNKNOWN,UNKNOWN,UNKNOWN,-,-,NORMAL,0.452,temperature_environment
alarm_03894,current_alarm_snapshot,2026-05-04 17:57:19,CRITICAL,asset_f324ec8c4b,AG,Board Invalid,2026-05-04 12:26:07,2026-05-04 12:26:07,5.52,1,UNKNOWN,UNKNOWN,UNKNOWN,-,-,NORMAL,0.632,equipment_module
alarm_03895,current_alarm_snapshot,2026-05-04 17:57:19,CRITICAL,asset_3eba04c072,AR,Physical Port Down,2026-05-04 12:36:57,2026-05-04 12:36:57,5.34,1,LOS,DOWN,UP,-,-,NORMAL,0.632,link_down
alarm_03896,current_alarm_snapshot,2026-05-04 17:57:19,CRITICAL,asset_3eba04c072,AR,Physical Port Down,2026-05-04 12:36:57,2026-05-04 12:36:57,5.34,1,LOS,DOWN,UP,-,-,NORMAL,0.632,link_down
alarm_03897,current_alarm_snapshot,2026-05-04 17:57:19,CRITICAL,asset_f4c0e2b657,AR,Physical Port Down,2026-05-04 12:47:03,2026-05-04 12:47:03,5.17,1,LOS,UNREPORTED,UNKNOWN,-,-,NORMAL,0.632,link_down
alarm_03898,current_alarm_snapshot,2026-05-04 17:57:19,CRITICAL,asset_6bebed2767,AR,The Device is offline,2026-05-04 12:47:06,2026-05-04 12:47:06,5.17,1,UNKNOWN,UNKNOWN,UNKNOWN,-,-,NORMAL,0.632,other
alarm_03899,current_alarm_snapshot,2026-05-04 17:57:19,CRITICAL,asset_4956f142d5,AR,Physical Port Down,2026-05-04 12:53:53,2026-05-04 12:53:53,5.06,1,LOS,DOWN,UP,-,-,NORMAL,0.632,link_down
alarm_03900,current_alarm_snapshot,2026-05-04 17:57:19,CRITICAL,asset_5fedd44774,AR,Physical Port Down,2026-05-04 12:58:56,2026-05-04 12:58:56,4.97,1,LOS,DOWN,UP,-,-,NORMAL,0.632,link_down
alarm_03901,current_alarm_snapshot,2026-05-04 17:57:19,CRITICAL,asset_78f03c7048,AR,Physical Port Down,2026-05-04 12:59:02,2026-05-04 12:59:02,4.97,1,LOS,UNREPORTED,UNKNOWN,-,-,NORMAL,0.632,link_down
alarm_03902,current_alarm_snapshot,2026-05-04 17:57:19,CRITICAL,asset_bc945ec0ee,AR,Physical Port Down,2026-05-04 13:04:34,2026-05-04 13:04:34,4.88,1,LOS,UNREPORTED,UNKNOWN,-,-,NORMAL,0.632,link_down
alarm_03903,current_alarm_snapshot,2026-05-04 17:57:19,CRITICAL,asset_11e29e6bdb,AR,Physical Port Down,2026-05-04 13:05:33,2026-05-04 13:05:33,4.86,1,LOS,UP,UP,-,-,NORMAL,0.632,link_down
alarm_03904,current_alarm_snapshot,2026-05-04 17:57:19,CRITICAL,asset_ea1143b752,AR,Physical Port Down,2026-05-04 13:09:13,2026-05-04 13:09:13,4.8,1,LOS,UNREPORTED,UNKNOWN,-,-,NORMAL,0.632,link_down
alarm_03905,current_alarm_snapshot,2026-05-04 17:57:19,CRITICAL,asset_9d22813a20,AR,Physical Port Down,2026-05-04 13:10:49,2026-05-04 13:10:49,4.78,1,LOS,DOWN,UP,-,-,NORMAL,0.632,link_down
alarm_03906,current_alarm_snapshot,2026-05-04 17:57:19,CRITICAL,asset_c97b1eb137,AR,Physical Port Down,2026-05-04 13:11:22,2026-05-04 13:11:22,4.77,1,LOS,UP,UP,-,-,NORMAL,0.632,link_down
alarm_03907,current_alarm_snapshot,2026-05-04 17:57:19,CRITICAL,asset_2dd950ba94,AR,Physical Port Down,2026-05-04 13:15:30,2026-05-04 13:15:30,4.7,1,LOS,DOWN,UP,-,-,NORMAL,0.632,link_down
alarm_03908,current_alarm_snapshot,2026-05-04 17:57:19,CRITICAL,asset_a2d75cc24a,AR,Physical Port Down,2026-05-04 13:20:08,2026-05-04 13:20:08,4.62,1,LOS,DOWN,UP,-,-,NORMAL,0.632,link_down
alarm_03909,current_alarm_snapshot,2026-05-04 17:57:19,CRITICAL,asset_600d846afd,AR,Physical Port Down,2026-05-04 13:24:37,2026-05-04 13:24:37,4.54,1,LOS,DOWN,UP,-,-,NORMAL,0.632,link_down
alarm_03910,current_alarm_snapshot,2026-05-04 17:57:19,CRITICAL,asset_815b4cb47d,AR,Physical Port Down,2026-05-04 13:25:06,2026-05-04 13:25:06,4.54,1,LOS,DOWN,UP,-,-,NORMAL,0.632,link_down
alarm_03911,current_alarm_snapshot,2026-05-04 17:57:19,CRITICAL,asset_7001e28073,AR,Physical Port Down,2026-05-04 13:32:15,2026-05-04 13:32:15,4.42,1,LOS,DOWN,UP,-,-,NORMAL,0.632,link_down
alarm_03912,current_alarm_snapshot,2026-05-04 17:57:19,MAJOR,asset_43618bfaef,AR,Board Temperature threshold,2026-05-04 13:34:24,2026-05-04 13:34:24,4.38,1,UNKNOWN,UNKNOWN,UNKNOWN,-,-,NORMAL,0.452,temperature_environment
alarm_03913,current_alarm_snapshot,2026-05-04 17:57:19,CRITICAL,asset_7574a75590,AR,Physical Port Down,2026-05-04 13:35:05,2026-05-04 13:35:05,4.37,1,LOS,DOWN,UP,-,-,NORMAL,0.632,link_down
alarm_03914,current_alarm_snapshot,2026-05-04 17:57:19,MAJOR,asset_963e28467a,AR,Board Temperature threshold,2026-05-04 13:35:18,2026-05-04 13:35:18,4.37,1,UNKNOWN,UNKNOWN,UNKNOWN,-,-,NORMAL,0.452,temperature_environment
alarm_03915,current_alarm_snapshot,2026-05-04 17:57:19,CRITICAL,asset_b35b41f6ed,AR,Physical Port Down,2026-05-04 13:36:14,2026-05-04 13:36:14,4.35,1,LOS,UNREPORTED,UNKNOWN,-,-,NORMAL,0.632,link_down
alarm_03916,current_alarm_snapshot,2026-05-04 17:57:19,CRITICAL,asset_b35b41f6ed,AR,Physical Port Down,2026-05-04 13:36:14,2026-05-04 13:36:14,4.35,1,LOS,UNREPORTED,UNKNOWN,-,-,NORMAL,0.632,link_down
alarm_03917,current_alarm_snapshot,2026-05-04 17:57:19,CRITICAL,asset_1385512d8e,AR,Physical Port Down,2026-05-04 13:42:28,2026-05-04 13:42:28,4.25,1,LOS,UNREPORTED,UNKNOWN,-,-,NORMAL,0.631,link_down
alarm_03918,current_alarm_snapshot,2026-05-04 17:57:19,CRITICAL,asset_8e496d51d6,AR,Physical Port Down,2026-05-04 13:43:30,2026-05-04 13:43:30,4.23,1,LOS,UNREPORTED,UNKNOWN,-,-,NORMAL,0.631,link_down
alarm_03919,current_alarm_snapshot,2026-05-04 17:57:19,CRITICAL,asset_d4ba532963,AR,Physical Port Down,2026-05-04 13:44:04,2026-05-04 13:44:04,4.22,1,LOS,UNREPORTED,UNKNOWN,-,-,NORMAL,0.631,link_down
alarm_03920,current_alarm_snapshot,2026-05-04 17:57:19,CRITICAL,asset_f623c70799,AR,Physical Port Down,2026-05-04 13:59:59,2026-05-04 13:59:59,3.96,1,LOS,UNREPORTED,UNKNOWN,-,-,NORMAL,0.631,link_down
alarm_03921,current_alarm_snapshot,2026-05-04 17:57:19,CRITICAL,asset_81982694d9,AR,Physical Port Down,2026-05-04 14:00:02,2026-05-04 14:00:02,3.95,1,LOS,DOWN,UP,-,-,NORMAL,0.631,link_down
alarm_03922,current_alarm_snapshot,2026-05-04 17:57:19,CRITICAL,asset_86def4dac3,AR,Physical Port Down,2026-05-04 14:01:31,2026-05-04 14:01:31,3.93,1,LOS,DOWN,UP,-,-,NORMAL,0.631,link_down
alarm_03923,current_alarm_snapshot,2026-05-04 17:57:19,CRITICAL,asset_20dbeff7f6,AR,Physical Port Down,2026-05-04 14:16:34,2026-05-04 14:16:34,3.68,1,LOS,DOWN,UP,-,-,NORMAL,0.631,link_down
alarm_03924,current_alarm_snapshot,2026-05-04 17:57:19,CRITICAL,asset_94a9eacf63,AR,Physical Port Down,2026-05-04 14:17:36,2026-05-04 14:17:36,3.66,1,LOS,DOWN,UP,-,-,NORMAL,0.631,link_down
alarm_03925,current_alarm_snapshot,2026-05-04 17:57:19,CRITICAL,asset_e6d6c34775,AR,Physical Port Down,2026-05-04 14:29:05,2026-05-04 14:29:05,3.47,1,LOS,DOWN,UP,-,-,NORMAL,0.631,link_down
alarm_03926,current_alarm_snapshot,2026-05-04 17:57:19,CRITICAL,asset_e6d6c34775,AR,Physical Port Down,2026-05-04 14:29:05,2026-05-04 14:29:05,3.47,1,LOS,DOWN,UP,-,-,NORMAL,0.631,link_down
alarm_03927,current_alarm_snapshot,2026-05-04 17:57:19,CRITICAL,asset_5d14f2364c,AR,Physical Port Down,2026-05-04 14:35:01,2026-05-04 14:35:01,3.37,1,LOS,UNREPORTED,UNKNOWN,-,-,NORMAL,0.631,link_down
alarm_03928,current_alarm_snapshot,2026-05-04 17:57:19,CRITICAL,asset_2819d8f6d4,AR,Physical Port Down,2026-05-04 14:45:29,2026-05-04 14:45:29,3.2,1,LOS,DOWN,UP,-,-,NORMAL,0.631,link_down
alarm_03929,current_alarm_snapshot,2026-05-04 17:57:19,CRITICAL,asset_79cf0ba479,AR,Physical Port Down,2026-05-04 14:50:33,2026-05-04 14:50:33,3.11,1,LOS,UNREPORTED,UNKNOWN,-,-,NORMAL,0.631,link_down
alarm_03930,current_alarm_snapshot,2026-05-04 17:57:19,CRITICAL,asset_de23d4523b,AR,Physical Port Down,2026-05-04 14:52:01,2026-05-04 14:52:01,3.09,1,LOS,DOWN,UP,-,-,NORMAL,0.631,link_down
alarm_03931,current_alarm_snapshot,2026-05-04 17:57:19,CRITICAL,asset_de23d4523b,AR,Physical Port Down,2026-05-04 14:52:01,2026-05-04 14:52:01,3.09,1,LOS,DOWN,UP,-,-,NORMAL,0.631,link_down
alarm_03932,current_alarm_snapshot,2026-05-04 17:57:19,CRITICAL,asset_c8a0f79e7f,AR,Physical Port Down,2026-05-04 14:56:49,2026-05-04 14:56:49,3.01,1,LOS,UP,UP,-,-,NORMAL,0.631,link_down
alarm_03933,current_alarm_snapshot,2026-05-04 17:57:19,CRITICAL,asset_51e47cea41,AR,Physical Port Down,2026-05-04 15:03:47,2026-05-04 15:03:47,2.89,1,LOS,DOWN,UP,-,-,NORMAL,0.631,link_down
alarm_03934,current_alarm_snapshot,2026-05-04 17:57:19,CRITICAL,asset_ea9d22b4ba,AR,Physical Port Down,2026-05-04 15:05:48,2026-05-04 15:05:48,2.86,1,LOS,UNREPORTED,UNKNOWN,-,-,NORMAL,0.631,link_down
alarm_03935,current_alarm_snapshot,2026-05-04 17:57:19,CRITICAL,asset_4b403a1b35,AR,Physical Port Down,2026-05-04 15:06:04,2026-05-04 15:06:04,2.85,1,LOS,UNREPORTED,UNKNOWN,-,-,NORMAL,0.631,link_down
alarm_03936,current_alarm_snapshot,2026-05-04 17:57:19,CRITICAL,asset_3ac76e9e3e,AR,Physical Port Down,2026-05-04 15:11:01,2026-05-04 15:11:01,2.77,1,LOS,UNREPORTED,UNKNOWN,-,-,NORMAL,0.631,link_down
alarm_03937,current_alarm_snapshot,2026-05-04 17:57:19,CRITICAL,asset_47b772bdb9,AR,Physical Port Down,2026-05-04 15:17:25,2026-05-04 15:17:25,2.67,1,LOS,DOWN,UP,-,-,NORMAL,0.631,link_down
alarm_03938,current_alarm_snapshot,2026-05-04 17:57:19,CRITICAL,asset_3eba04c072,AR,Physical Port Down,2026-05-04 15:17:57,2026-05-04 15:17:57,2.66,1,LOS,DOWN,UP,-,-,NORMAL,0.631,link_down
alarm_03939,current_alarm_snapshot,2026-05-04 17:57:19,CRITICAL,asset_5a648f65cc,AR,Physical Port Down,2026-05-04 15:20:19,2026-05-04 15:20:19,2.62,1,LOS,DOWN,UP,-,-,NORMAL,0.631,link_down
alarm_03940,current_alarm_snapshot,2026-05-04 17:57:19,CRITICAL,asset_36b13a3467,AR,Physical Port Down,2026-05-04 15:28:34,2026-05-04 15:28:34,2.48,1,LOS,UNREPORTED,UNKNOWN,-,-,NORMAL,0.631,link_down
alarm_03941,current_alarm_snapshot,2026-05-04 17:57:19,CRITICAL,asset_71409072f5,AR,Physical Port Down,2026-05-04 15:29:53,2026-05-04 15:29:53,2.46,1,LOS,DOWN,UP,-,-,NORMAL,0.631,link_down
alarm_03942,current_alarm_snapshot,2026-05-04 17:57:19,CRITICAL,asset_44f28c5fe2,AR,Physical Port Down,2026-05-04 15:33:43,2026-05-04 15:33:43,2.39,1,LOS,UP,UP,-,-,NORMAL,0.631,link_down
alarm_03943,current_alarm_snapshot,2026-05-04 17:57:19,CRITICAL,asset_cb0b5012fe,AR,The Device is offline,2026-05-04 15:40:41,2026-05-04 15:40:41,2.28,1,UNKNOWN,UNKNOWN,UNKNOWN,-,-,NORMAL,0.631,other
alarm_03944,current_alarm_snapshot,2026-05-04 17:57:19,CRITICAL,asset_a573303957,AR,Physical Port Down,2026-05-04 15:44:52,2026-05-04 15:44:52,2.21,1,LOS,DOWN,UP,-,-,NORMAL,0.631,link_down
alarm_03945,current_alarm_snapshot,2026-05-04 17:57:19,CRITICAL,asset_7e36431bda,AR,Physical Port Down,2026-05-04 15:44:52,2026-05-04 15:44:52,2.21,1,LOS,DOWN,UP,-,-,NORMAL,0.631,link_down
alarm_03946,current_alarm_snapshot,2026-05-04 17:57:19,CRITICAL,asset_f4047e9c54,AR,Physical Port Down,2026-05-04 15:45:35,2026-05-04 15:45:35,2.2,1,LOS,UNREPORTED,UNKNOWN,-,-,NORMAL,0.631,link_down
alarm_03947,current_alarm_snapshot,2026-05-04 17:57:19,CRITICAL,asset_90cab03ea9,SW,The Device is offline,2026-05-04 15:46:34,2026-05-04 15:46:34,2.18,1,UNKNOWN,UNKNOWN,UNKNOWN,-,-,NORMAL,0.631,other
alarm_03948,current_alarm_snapshot,2026-05-04 17:57:19,CRITICAL,asset_44d4c1dc59,AR,The Device is offline,2026-05-04 15:54:47,2026-05-04 15:54:47,2.04,1,UNKNOWN,UNKNOWN,UNKNOWN,-,-,NORMAL,0.631,other
alarm_03949,current_alarm_snapshot,2026-05-04 17:57:19,CRITICAL,asset_550abba0d2,AR,The Device is offline,2026-05-04 15:55:26,2026-05-04 15:55:26,2.03,1,UNKNOWN,UNKNOWN,UNKNOWN,-,-,NORMAL,0.631,other
alarm_03950,current_alarm_snapshot,2026-05-04 17:57:19,CRITICAL,asset_b32cafc117,AG,Physical Port Down,2026-05-04 16:10:44,2026-05-04 16:10:44,1.78,1,LOS,DOWN,UP,-,-,NORMAL,0.631,link_down
alarm_03951,current_alarm_snapshot,2026-05-04 17:57:19,CRITICAL,asset_b32cafc117,AG,Physical Port Down,2026-05-04 16:10:44,2026-05-04 16:10:44,1.78,1,LOS,DOWN,UP,-,-,NORMAL,0.631,link_down
alarm_03952,current_alarm_snapshot,2026-05-04 17:57:19,CRITICAL,asset_bc661fb23e,AR,Physical Port Down,2026-05-04 16:11:10,2026-05-04 16:11:10,1.77,1,LOS,DOWN,UP,-,-,NORMAL,0.631,link_down
alarm_03953,current_alarm_snapshot,2026-05-04 17:57:19,CRITICAL,asset_3836815949,AR,Physical Port Down,2026-05-04 16:11:46,2026-05-04 16:11:46,1.76,1,LOS,UNREPORTED,UNKNOWN,-,-,NORMAL,0.631,link_down
alarm_03954,current_alarm_snapshot,2026-05-04 17:57:19,CRITICAL,asset_244b35f43b,AR,Physical Port Down,2026-05-04 16:14:04,2026-05-04 16:14:04,1.72,1,LOS,UNREPORTED,UNKNOWN,-,-,NORMAL,0.631,link_down
alarm_03955,current_alarm_snapshot,2026-05-04 17:57:19,CRITICAL,asset_244b35f43b,AR,Physical Port Down,2026-05-04 16:14:05,2026-05-04 16:14:05,1.72,1,LOS,UNREPORTED,UNKNOWN,-,-,NORMAL,0.631,link_down
alarm_03956,current_alarm_snapshot,2026-05-04 17:57:19,CRITICAL,asset_bca4ebc52a,AR,Physical Port Down,2026-05-04 16:14:44,2026-05-04 16:14:44,1.71,1,LOS,UNREPORTED,UNKNOWN,-,-,NORMAL,0.631,link_down
alarm_03957,current_alarm_snapshot,2026-05-04 17:57:19,CRITICAL,asset_2e05ee4356,AR,Physical Port Down,2026-05-04 16:14:44,2026-05-04 16:14:44,1.71,1,LOS,UNREPORTED,UNKNOWN,-,-,NORMAL,0.631,link_down
alarm_03958,current_alarm_snapshot,2026-05-04 17:57:19,CRITICAL,asset_2c7bf8df07,CP,Physical Port Down,2026-05-04 16:16:40,2026-05-04 16:16:40,1.68,1,THE,UNREPORTED,UNKNOWN,-,-,NORMAL,0.631,link_down
alarm_03959,current_alarm_snapshot,2026-05-04 17:57:19,CRITICAL,asset_26c5cfd9c3,AR,The Device is offline,2026-05-04 16:18:54,2026-05-04 16:18:54,1.64,1,UNKNOWN,UNKNOWN,UNKNOWN,-,-,NORMAL,0.631,other
alarm_03960,current_alarm_snapshot,2026-05-04 17:57:19,CRITICAL,asset_768b236d93,AR,Physical Port Down,2026-05-04 16:32:19,2026-05-04 16:32:19,1.42,1,LINK_FAULT,DOWN,UP,-,-,NORMAL,0.63,link_down
alarm_03961,current_alarm_snapshot,2026-05-04 17:57:19,CRITICAL,asset_22b121338d,AR,Physical Port Down,2026-05-04 16:34:42,2026-05-04 16:34:42,1.38,1,LOS,DOWN,UP,-,-,NORMAL,0.63,link_down
alarm_03962,current_alarm_snapshot,2026-05-04 17:57:19,CRITICAL,asset_efc435d2a0,AR,Physical Port Down,2026-05-04 16:40:45,2026-05-04 16:40:45,1.28,1,LOS,UNREPORTED,UNKNOWN,-,-,NORMAL,0.63,link_down
alarm_03963,current_alarm_snapshot,2026-05-04 17:57:19,CRITICAL,asset_1a4f0bec77,AR,Physical Port Down,2026-05-04 16:42:12,2026-05-04 16:42:12,1.25,1,LOS,UP,UP,-,-,NORMAL,0.63,link_down
alarm_03964,current_alarm_snapshot,2026-05-04 17:57:19,CRITICAL,asset_36d7a16abd,AR,Physical Port Down,2026-05-04 16:44:07,2026-05-04 16:44:07,1.22,1,LOS,UP,UP,-,-,NORMAL,0.63,link_down
alarm_03965,current_alarm_snapshot,2026-05-04 17:57:19,CRITICAL,asset_8db894e97f,AR,The Device is offline,2026-05-04 16:44:49,2026-05-04 16:44:49,1.21,1,UNKNOWN,UNKNOWN,UNKNOWN,-,-,NORMAL,0.63,other
alarm_03966,current_alarm_snapshot,2026-05-04 17:57:19,CRITICAL,asset_37b7b4caa1,AR,The Device is offline,2026-05-04 16:45:38,2026-05-04 16:45:38,1.19,1,UNKNOWN,UNKNOWN,UNKNOWN,-,-,NORMAL,0.63,other
alarm_03967,current_alarm_snapshot,2026-05-04 17:57:19,CRITICAL,asset_2252836824,AR,Physical Port Down,2026-05-04 16:53:27,2026-05-04 16:53:27,1.06,1,LOS,DOWN,UP,-,-,NORMAL,0.63,link_down
alarm_03968,current_alarm_snapshot,2026-05-04 17:57:19,CRITICAL,asset_0cc43c5489,AR,Physical Port Down,2026-05-04 16:55:11,2026-05-04 16:55:11,1.04,1,LOS,DOWN,UP,-,-,NORMAL,0.63,link_down
alarm_03969,current_alarm_snapshot,2026-05-04 17:57:19,CRITICAL,asset_0bc3b8e77d,AG,Board Invalid,2026-05-04 16:57:28,2026-05-04 16:57:28,1.0,1,UNKNOWN,UNKNOWN,UNKNOWN,-,-,NORMAL,0.63,equipment_module
alarm_03970,current_alarm_snapshot,2026-05-04 17:57:19,CRITICAL,asset_da06191e4a,AR,Physical Port Down,2026-05-04 17:04:32,2026-05-04 17:04:32,0.88,1,LOS,DOWN,UP,-,-,NORMAL,0.63,link_down
alarm_03971,current_alarm_snapshot,2026-05-04 17:57:19,CRITICAL,asset_1b6a3ed53a,AR,Physical Port Down,2026-05-04 17:06:07,2026-05-04 17:06:07,0.85,1,LOS,DOWN,UP,-,-,NORMAL,0.63,link_down
alarm_03972,current_alarm_snapshot,2026-05-04 17:57:19,CRITICAL,asset_ca69f12f8f,AR,The Device is offline,2026-05-04 17:06:29,2026-05-04 17:06:29,0.85,1,UNKNOWN,UNKNOWN,UNKNOWN,-,-,NORMAL,0.63,other
alarm_03973,current_alarm_snapshot,2026-05-04 17:57:19,CRITICAL,asset_1eefabf14e,AR,Physical Port Down,2026-05-04 17:10:21,2026-05-04 17:10:21,0.78,1,LOS,UNREPORTED,UNKNOWN,-,-,NORMAL,0.63,link_down
alarm_03974,current_alarm_snapshot,2026-05-04 17:57:19,CRITICAL,asset_b9759d85cd,AR,Physical Port Down,2026-05-04 17:11:25,2026-05-04 17:11:25,0.77,1,LOS,DOWN,UP,-,-,NORMAL,0.63,link_down
alarm_03975,current_alarm_snapshot,2026-05-04 17:57:19,CRITICAL,asset_5d3a739519,AR,Physical Port Down,2026-05-04 17:13:16,2026-05-04 17:13:16,0.73,1,LOS,UP,UP,-,-,NORMAL,0.63,link_down
alarm_03976,current_alarm_snapshot,2026-05-04 17:57:19,CRITICAL,asset_23a63bb5a4,AR,Physical Port Down,2026-05-04 17:13:33,2026-05-04 17:13:33,0.73,1,NEGOTIATION_FAIL,UNREPORTED,UNKNOWN,-,-,NORMAL,0.63,link_down
alarm_03977,current_alarm_snapshot,2026-05-04 17:57:19,CRITICAL,asset_c3a1f26c60,AR,Physical Port Down,2026-05-04 17:13:53,2026-05-04 17:13:53,0.72,1,LOS,DOWN,UP,-,-,NORMAL,0.63,link_down
alarm_03978,current_alarm_snapshot,2026-05-04 17:57:19,CRITICAL,asset_6bf43b7e56,AR,Physical Port Down,2026-05-04 17:19:37,2026-05-04 17:19:37,0.63,1,LOS,DOWN,UP,-,-,NORMAL,0.63,link_down
alarm_03979,current_alarm_snapshot,2026-05-04 17:57:19,CRITICAL,asset_f713f3fb52,AR,Physical Port Down,2026-05-04 17:21:21,2026-05-04 17:21:21,0.6,1,LOS,DOWN,UP,-,-,NORMAL,0.63,link_down
alarm_03980,current_alarm_snapshot,2026-05-04 17:57:19,CRITICAL,asset_b58182a9de,AR,The Device is offline,2026-05-04 17:23:54,2026-05-04 17:23:54,0.56,1,UNKNOWN,UNKNOWN,UNKNOWN,-,-,NORMAL,0.63,other
alarm_03981,current_alarm_snapshot,2026-05-04 17:57:19,CRITICAL,asset_13f9377f21,AR,The Device is offline,2026-05-04 17:24:13,2026-05-04 17:24:13,0.55,1,UNKNOWN,UNKNOWN,UNKNOWN,-,-,NORMAL,0.63,other
alarm_03982,current_alarm_snapshot,2026-05-04 17:57:19,CRITICAL,asset_fd84523b17,AR,The Device is offline,2026-05-04 17:24:52,2026-05-04 17:24:52,0.54,1,UNKNOWN,UNKNOWN,UNKNOWN,-,-,NORMAL,0.63,other
alarm_03983,current_alarm_snapshot,2026-05-04 17:57:19,CRITICAL,asset_c9bbd46d53,AR,The Device is offline,2026-05-04 17:24:52,2026-05-04 17:24:52,0.54,1,UNKNOWN,UNKNOWN,UNKNOWN,-,-,NORMAL,0.63,other
alarm_03984,current_alarm_snapshot,2026-05-04 17:57:19,CRITICAL,asset_b87387c871,AR,The Device is offline,2026-05-04 17:24:52,2026-05-04 17:24:52,0.54,1,UNKNOWN,UNKNOWN,UNKNOWN,-,-,NORMAL,0.63,other
alarm_03985,current_alarm_snapshot,2026-05-04 17:57:19,CRITICAL,asset_841f74a393,AR,The Device is offline,2026-05-04 17:24:52,2026-05-04 17:24:52,0.54,1,UNKNOWN,UNKNOWN,UNKNOWN,-,-,NORMAL,0.63,other
alarm_03986,current_alarm_snapshot,2026-05-04 17:57:19,CRITICAL,asset_97326d1359,AR,The Device is offline,2026-05-04 17:25:04,2026-05-04 17:25:04,0.54,1,UNKNOWN,UNKNOWN,UNKNOWN,-,-,NORMAL,0.63,other
alarm_03987,current_alarm_snapshot,2026-05-04 17:57:19,CRITICAL,asset_b5d1a42f8f,AR,The Device is offline,2026-05-04 17:25:43,2026-05-04 17:25:43,0.53,1,UNKNOWN,UNKNOWN,UNKNOWN,-,-,NORMAL,0.63,other
alarm_03988,current_alarm_snapshot,2026-05-04 17:57:19,CRITICAL,asset_10e1430332,AR,The Device is offline,2026-05-04 17:25:43,2026-05-04 17:25:43,0.53,1,UNKNOWN,UNKNOWN,UNKNOWN,-,-,NORMAL,0.63,other
alarm_03989,current_alarm_snapshot,2026-05-04 17:57:19,CRITICAL,asset_3abae2f612,AR,The Device is offline,2026-05-04 17:25:52,2026-05-04 17:25:52,0.52,1,UNKNOWN,UNKNOWN,UNKNOWN,-,-,NORMAL,0.63,other
alarm_03990,current_alarm_snapshot,2026-05-04 17:57:19,CRITICAL,asset_7170fd4681,AG,Physical Port Down,2026-05-04 17:26:44,2026-05-04 17:26:44,0.51,1,THE,UNREPORTED,UNKNOWN,-,-,NORMAL,0.63,link_down
alarm_03991,current_alarm_snapshot,2026-05-04 17:57:19,CRITICAL,asset_bc125fc9bb,AR,Physical Port Down,2026-05-04 17:51:28,2026-05-04 17:51:28,0.1,1,LOS,DOWN,UP,-,-,NORMAL,0.63,link_down
alarm_03992,current_alarm_snapshot,2026-05-04 17:57:19,CRITICAL,asset_a19192e274,AR,Physical Port Down,2026-05-04 17:53:13,2026-05-04 17:53:13,0.07,1,LOS,DOWN,UP,-,-,NORMAL,0.63,link_down
alarm_03993,current_alarm_snapshot,2026-05-04 17:57:19,CRITICAL,asset_b3eda63d50,AR,Physical Port Down,2026-05-04 17:54:59,2026-05-04 17:54:59,0.04,1,LOS,UP,UP,-,-,NORMAL,0.63,link_down
alarm_03994,current_alarm_snapshot,2026-05-04 17:57:19,CRITICAL,asset_b3eda63d50,AR,Physical Port Down,2026-05-04 17:54:59,2026-05-04 17:54:59,0.04,1,LOS,UP,UP,-,-,NORMAL,0.63,link_down
alarm_03995,current_alarm_snapshot,2026-05-04 17:57:19,CRITICAL,asset_54f4559794,AR,Physical Port Down,2026-05-04 17:57:15,2026-05-04 17:57:15,0.0,1,LOS,DOWN,UP,-,-,NORMAL,0.63,link_down
alarm_03996,current_alarm_snapshot,2026-05-04 17:57:19,CRITICAL,asset_b1184316cf,AR,Physical Port Down,2026-05-04 17:58:32,2026-05-04 17:58:32,0,1,LOS,UNREPORTED,UNKNOWN,-,-,NORMAL,0.63,link_down
alarm_03997,current_alarm_snapshot,2026-05-04 17:57:19,CRITICAL,asset_e75ba5885d,AR,Physical Port Down,2026-05-04 17:58:32,2026-05-04 17:58:32,0,1,LOS,UNREPORTED,UNKNOWN,-,-,NORMAL,0.63,link_down
alarm_03998,current_alarm_snapshot,2026-05-04 17:57:19,CRITICAL,asset_f4a57927be,AR,Physical Port Down,2026-05-04 17:58:52,2026-05-04 17:58:52,0,1,LOS,UNREPORTED,UNKNOWN,-,-,NORMAL,0.63,link_down
alarm_03999,current_alarm_snapshot,2026-05-04 17:57:19,CRITICAL,asset_0a83cf4713,AR,Physical Port Down,2026-05-04 17:59:10,2026-05-04 17:59:10,0,1,LOS,UNREPORTED,UNKNOWN,-,-,NORMAL,0.63,link_down
alarm_04000,current_alarm_snapshot,2026-05-04 17:57:19,CRITICAL,asset_0a83cf4713,AR,Physical Port Down,2026-05-04 17:59:10,2026-05-04 17:59:10,0,1,LOS,UNREPORTED,UNKNOWN,-,-,NORMAL,0.63,link_down
alarm_04001,current_alarm_snapshot,2026-05-04 17:57:19,CRITICAL,asset_0a83cf4713,AR,Physical Port Down,2026-05-04 17:59:10,2026-05-04 17:59:10,0,1,LOS,UNREPORTED,UNKNOWN,-,-,NORMAL,0.63,link_down
alarm_04002,current_alarm_snapshot,2026-05-04 17:57:19,CRITICAL,asset_e077e730b1,AG,Board Invalid,2026-05-04 18:00:06,2026-05-04 18:00:06,0,1,UNKNOWN,UNKNOWN,UNKNOWN,-,-,NORMAL,0.63,equipment_module
alarm_04003,current_alarm_snapshot,2026-05-04 17:57:19,CRITICAL,asset_009663ee24,AR,The Device is offline,2026-05-04 18:00:29,2026-05-04 18:00:29,0,1,UNKNOWN,UNKNOWN,UNKNOWN,-,-,NORMAL,0.63,other
alarm_04004,current_alarm_snapshot,2026-05-04 17:57:19,CRITICAL,asset_b72005f0ac,AR,The Device is offline,2026-05-04 18:00:29,2026-05-04 18:00:29,0,1,UNKNOWN,UNKNOWN,UNKNOWN,-,-,NORMAL,0.63,other
alarm_04005,current_alarm_snapshot,2026-05-04 17:57:19,CRITICAL,asset_d8ef5e7aef,AR,The Device is offline,2026-05-04 18:00:29,2026-05-04 18:00:29,0,1,UNKNOWN,UNKNOWN,UNKNOWN,-,-,NORMAL,0.63,other
alarm_04006,current_alarm_snapshot,2026-05-04 17:57:19,CRITICAL,asset_4cf47fd26a,AR,Physical Port Down,2026-05-04 18:01:47,2026-05-04 18:01:47,0,1,LOS,UNREPORTED,UNKNOWN,-,-,NORMAL,0.63,link_down
alarm_04007,current_alarm_snapshot,2026-05-04 17:57:19,CRITICAL,asset_1bbadcf3b0,CP,Physical Port Down,2026-05-04 18:01:57,2026-05-04 18:01:57,0,1,THE,UNREPORTED,UNKNOWN,-,-,NORMAL,0.63,link_down
alarm_04008,current_alarm_snapshot,2026-05-04 17:57:19,CRITICAL,asset_92cf188d72,AR,Physical Port Down,2026-05-04 18:03:02,2026-05-04 18:03:02,0,1,LOS,DOWN,UP,-,-,NORMAL,0.63,link_down
alarm_04009,current_alarm_snapshot,2026-05-04 17:57:19,CRITICAL,asset_825afd4cc2,AR,Physical Port Down,2026-05-04 18:04:00,2026-05-04 18:04:00,0,1,LOS,DOWN,UP,-,-,NORMAL,0.63,link_down
alarm_04010,current_alarm_snapshot,2026-05-04 17:57:19,CRITICAL,asset_d88b9e382c,AR,The Device is offline,2026-05-04 18:01:37,2026-05-04 18:07:32,0,2,UNKNOWN,UNKNOWN,UNKNOWN,-,-,NORMAL,0.66,other
alarm_04011,current_alarm_snapshot,2026-05-04 17:57:19,CRITICAL,asset_be9bf79340,AR,The Device is offline,2026-05-04 17:56:50,2026-05-04 18:09:27,0.01,2,UNKNOWN,UNKNOWN,UNKNOWN,-,-,NORMAL,0.66,other
alarm_04012,current_alarm_snapshot,2026-05-04 17:57:19,CRITICAL,asset_92cbc8c4b8,AR,The Device is offline,2026-05-04 17:56:50,2026-05-04 18:09:27,0.01,2,UNKNOWN,UNKNOWN,UNKNOWN,-,-,NORMAL,0.66,other
alarm_04013,current_alarm_snapshot,2026-05-04 17:57:19,CRITICAL,asset_f33350234f,AR,The Device is offline,2026-05-04 17:56:50,2026-05-04 18:09:27,0.01,2,UNKNOWN,UNKNOWN,UNKNOWN,-,-,NORMAL,0.66,other
alarm_04014,current_alarm_snapshot,2026-05-04 17:57:19,CRITICAL,asset_776f98b639,AR,The Device is offline,2026-05-04 17:56:50,2026-05-04 18:09:27,0.01,2,UNKNOWN,UNKNOWN,UNKNOWN,-,-,NORMAL,0.66,other
alarm_04015,current_alarm_snapshot,2026-05-04 17:57:19,CRITICAL,asset_1464ea29de,AR,Physical Port Down,2026-05-02 17:28:30,2026-05-04 18:11:23,48.48,2,LOS,DOWN,UP,-,-,NORMAL,0.677,link_down
alarm_04016,current_alarm_snapshot,2026-05-04 17:57:19,CRITICAL,asset_1464ea29de,AR,Physical Port Down,2026-05-02 17:28:30,2026-05-04 18:11:23,48.48,2,LOS,DOWN,UP,-,-,NORMAL,0.677,link_down
alarm_04017,current_alarm_snapshot,2026-05-04 17:57:19,CRITICAL,asset_c2b9b42165,AR,Physical Port Down,2026-04-29 12:12:09,2026-05-04 18:13:11,125.75,2,LOS,UNREPORTED,UNKNOWN,-,-,NORMAL,0.704,link_down
alarm_04018,current_alarm_snapshot,2026-05-04 17:57:19,CRITICAL,asset_5e2c6577a2,AR,The Device is offline,2026-05-03 10:48:01,2026-05-04 18:14:28,31.16,2,UNKNOWN,UNKNOWN,UNKNOWN,-,-,NORMAL,0.671,other
alarm_04019,current_alarm_snapshot,2026-05-04 17:57:19,CRITICAL,asset_a928ffc681,AR,The Device is offline,2026-05-04 18:00:49,2026-05-04 18:16:38,0,3,UNKNOWN,UNKNOWN,UNKNOWN,-,-,NORMAL,0.69,other
alarm_04020,current_alarm_snapshot,2026-05-04 17:57:19,CRITICAL,asset_3874590375,AR,The Device is offline,2026-05-04 18:03:12,2026-05-04 18:16:49,0,3,UNKNOWN,UNKNOWN,UNKNOWN,-,-,NORMAL,0.69,other
alarm_04021,current_alarm_snapshot,2026-05-04 17:57:19,CRITICAL,asset_1842ab0f13,AR,The Device is offline,2026-05-04 17:52:44,2026-05-04 18:17:18,0.08,3,UNKNOWN,UNKNOWN,UNKNOWN,-,-,NORMAL,0.69,other
alarm_04022,current_alarm_snapshot,2026-05-04 17:57:19,CRITICAL,asset_8a6e7ccbfe,AR,Physical Port Down,2026-05-04 18:05:08,2026-05-04 18:19:10,0,5,LINK_FAULT,DOWN,UP,-,-,NORMAL,0.75,link_down
alarm_04023,current_alarm_snapshot,2026-05-04 17:57:19,CRITICAL,asset_a1cb8414db,AR,Physical Port Down,2026-05-04 17:30:01,2026-05-04 18:19:16,0.46,3,LOS,UNREPORTED,UNKNOWN,-,-,NORMAL,0.69,link_down
alarm_04024,current_alarm_snapshot,2026-05-04 17:57:19,CRITICAL,asset_d4ba532963,AR,Physical Port Down,2026-05-04 17:30:02,2026-05-04 18:19:16,0.45,3,LOS,UNREPORTED,UNKNOWN,-,-,NORMAL,0.69,link_down
alarm_04025,current_alarm_snapshot,2026-05-04 17:57:19,CRITICAL,asset_782c75de7a,AR,Physical Port Down,2026-05-04 05:57:13,2026-05-04 18:19:22,12.0,2,LOS,UNREPORTED,UNKNOWN,-,-,NORMAL,0.664,link_down
alarm_04026,current_alarm_snapshot,2026-05-04 17:57:19,CRITICAL,asset_181bcc9c61,AR,Physical Port Down,2026-05-04 19:54:50,2026-05-04 19:54:50,0,1,LOS,DOWN,UP,-,-,NORMAL,0.63,link_down
alarm_04027,current_alarm_snapshot,2026-05-04 17:57:19,CRITICAL,asset_181bcc9c61,AR,Physical Port Down,2026-05-04 19:54:50,2026-05-04 19:54:50,0,1,LOS,DOWN,UP,-,-,NORMAL,0.63,link_down
alarm_04028,current_alarm_snapshot,2026-05-04 17:57:19,CRITICAL,asset_90a10d8cf0,AR,Physical Port Down,2026-05-05 02:00:01,2026-05-05 02:00:01,0,1,LOS,UP,UP,-,-,NORMAL,0.63,link_down
alarm_04029,current_alarm_snapshot,2026-05-04 17:57:19,CRITICAL,asset_50894a679c,AR,Physical Port Down,2026-05-04 17:28:44,2026-05-04 18:20:17,0.48,2,LOS,DOWN,UP,-,-,NORMAL,0.66,link_down
