incident_id,data_source,area,year,quarter,month,week_of_year,priority,type_of_incident,trouble_type,incident_type,network_id,branch_id,status,sla_threshold_hours,duration_hours,reason_group,label_over_ola
inc_00001,incident_tx_ip,TXNOC,2024,1,2,4,MAJOR,MICROWAVE,LINK DOWN,IN SITE,network_001,branch_001,CLOSED,15.0,364.0,equipment_module,1
inc_00002,incident_tx_ip,TXNOC,2024,1,2,5,CRITICAL,FIBRA,LINK DOWN,CABLE BROKEN BACKBONE,network_002,branch_002,CLOSED,15.0,917.0,fiber_cable,1
inc_00003,incident_tx_ip,TXNOC,2024,1,2,5,MAJOR,FIBRA,ATTENUATION,CABLE BROKEN BACKBONE,network_002,branch_003,CLOSED,15.0,1320.5,attenuation,1
inc_00004,incident_tx_ip,TXNOC,2024,1,2,6,MAJOR,MICROWAVE,LINK DOWN,IN SITE,network_001,branch_004,CLOSED,15.0,1373.4,equipment_module,1
inc_00005,incident_tx_ip,TXNOC,2024,1,2,6,CRITICAL,FIBRA,ATTENUATION,CABLE BROKEN BACKBONE,network_002,branch_005,CLOSED,15.0,310.0,attenuation,1
inc_00006,incident_tx_ip,TXNOC,2024,1,2,8,MAJOR,MICROWAVE,LINK DOWN,IN SITE,network_001,branch_006,CLOSED,15.0,76.3,equipment_module,1
inc_00007,incident_tx_ip,TXNOC,2024,1,3,8,MAJOR,MICROWAVE,LINK DOWN,IN SITE,network_001,branch_007,CLOSED,15.0,63.0,equipment_module,1
inc_00008,incident_tx_ip,TXNOC,2024,1,3,8,MAJOR,MICROWAVE,LINK DOWN,IN SITE,network_001,branch_008,CLOSED,15.0,13.0,link_down,0
inc_00009,incident_tx_ip,TXNOC,2024,1,3,8,CRITICAL,FIBRA,LINK DOWN,CABLE BROKEN BACKBONE,network_002,branch_009,CLOSED,15.0,179.0,fiber_cable,1
inc_00010,incident_tx_ip,TXNOC,2024,1,3,8,MAJOR,FIBRA,ATTENUATION,CABLE BROKEN BACKBONE,network_002,branch_010,CLOSED,15.0,179.0,attenuation,1
inc_00011,incident_tx_ip,TXNOC,2024,1,3,9,CRITICAL,FIBRA,LINK DOWN,CABLE BROKEN BACKBONE,network_002,branch_004,CLOSED,15.0,149.0,fiber_cable,1
inc_00012,incident_tx_ip,TXNOC,2024,1,3,10,MAJOR,FIBRA,ATTENUATION,CABLE BROKEN BACKBONE,network_002,branch_011,CLOSED,14.0,81.5,attenuation,1
inc_00013,incident_tx_ip,TXNOC,2024,1,3,11,MAJOR,MICROWAVE,LINK DOWN,IN SITE,network_001,branch_012,CLOSED,15.0,203.78,equipment_module,1
inc_00014,incident_tx_ip,TXNOC,2024,1,3,11,MAJOR,MICROWAVE,LINK DOWN,IN SITE,network_001,branch_010,CLOSED,15.0,499.0,link_down,1
inc_00015,incident_tx_ip,TXNOC,2024,1,3,11,MAJOR,MICROWAVE,LINK DOWN,IN SITE,network_001,branch_013,CLOSED,15.0,8.0,link_down,0
inc_00016,incident_tx_ip,TXNOC,2024,1,3,11,MAJOR,MICROWAVE,LINK DOWN,IN SITE,network_001,branch_014,CLOSED,15.0,516.72,link_down,1
inc_00017,incident_tx_ip,TXNOC,2024,1,3,11,MAJOR,MICROWAVE,LINK DOWN,IN SITE,network_001,branch_005,CLOSED,15.0,109.37,equipment_module,1
inc_00018,incident_tx_ip,TXNOC,2024,1,3,11,CRITICAL,FIBRA,LINK DOWN,CABLE BROKEN BACKBONE,network_002,branch_001,CLOSED,15.0,175.0,fiber_cable,1
inc_00019,incident_tx_ip,TXNOC,2024,2,4,12,MAJOR,MICROWAVE,LINK DOWN,IN SITE,network_001,branch_011,CLOSED,15.0,30.0,equipment_module,1
inc_00020,incident_tx_ip,TXNOC,2024,2,4,12,MAJOR,FIBRA,ATTENUATION,CABLE BROKEN BACKBONE,network_002,branch_012,CLOSED,15.0,771.0,attenuation,1
inc_00021,incident_tx_ip,TXNOC,2024,2,4,12,CRITICAL,FIBRA,LINK DOWN,CABLE BROKEN BACKBONE,network_002,branch_001,CLOSED,15.0,19.53,attenuation,1
inc_00022,incident_tx_ip,TXNOC,2024,2,4,12,MAJOR,MICROWAVE,LINK DOWN,IN SITE,network_001,branch_003,CLOSED,15.0,127.57,equipment_module,1
inc_00023,incident_tx_ip,TXNOC,2024,2,4,12,CRITICAL,FIBRA,LINK DOWN,CABLE BROKEN BACKBONE,network_002,branch_010,CLOSED,15.0,90.0,fiber_cable,1
inc_00024,incident_tx_ip,TXNOC,2024,2,4,13,CRITICAL,FIBRA,ATTENUATION,CABLE BROKEN BACKBONE,network_002,branch_015,CLOSED,15.0,16.5,attenuation,1
inc_00025,incident_tx_ip,TXNOC,2024,2,4,13,MAJOR,FIBRA,ATTENUATION,CABLE BROKEN BACKBONE,network_002,branch_009,CLOSED,15.0,250.0,attenuation,1
inc_00026,incident_tx_ip,TXNOC,2024,2,4,13,MAJOR,FIBRA,ATTENUATION,CABLE BROKEN BACKBONE,network_002,branch_004,CLOSED,15.0,140.0,attenuation,1
inc_00027,incident_tx_ip,TXNOC,2024,2,4,13,CRITICAL,FIBRA,ATTENUATION,CABLE BROKEN BACKBONE,network_002,branch_010,CLOSED,15.0,470.0,attenuation,1
inc_00028,incident_tx_ip,TXNOC,2024,2,4,13,CRITICAL,FIBRA,LINK DOWN,CABLE BROKEN BACKBONE,network_002,branch_008,CLOSED,15.0,3.08,fiber_cable,0
inc_00029,incident_tx_ip,TXNOC,2024,2,4,13,CRITICAL,FIBRA,LINK DOWN,CABLE BROKEN BACKBONE,network_002,branch_001,CLOSED,15.0,4.5,fiber_cable,0
inc_00030,incident_tx_ip,TXNOC,2024,2,4,13,CRITICAL,FIBRA,LINK DOWN,CABLE BROKEN BACKBONE,network_002,branch_016,CLOSED,14.0,20.0,fiber_cable,1
inc_00031,incident_tx_ip,TXNOC,2024,2,4,13,CRITICAL,FIBRA,LINK DOWN,CABLE BROKEN BACKBONE,network_002,branch_017,CLOSED,15.0,1.82,fiber_cable,0
inc_00032,incident_tx_ip,TXNOC,2024,2,4,13,MAJOR,MICROWAVE,LINK DOWN,IN SITE,network_001,branch_007,CLOSED,15.0,153.0,equipment_module,1
inc_00033,incident_tx_ip,TXNOC,2024,2,4,13,CRITICAL,FIBRA,LINK DOWN,CABLE BROKEN BACKBONE,network_002,branch_009,CLOSED,15.0,3.77,fiber_cable,0
inc_00034,incident_tx_ip,TXNOC,2024,2,4,13,CRITICAL,FIBRA,LINK DOWN,CABLE BROKEN BACKBONE,network_002,branch_018,CLOSED,21.0,13.57,fiber_cable,0
inc_00035,incident_tx_ip,TXNOC,2024,2,4,13,CRITICAL,FIBRA,LINK DOWN,CABLE BROKEN BACKBONE,network_002,branch_017,CLOSED,15.0,6.13,fiber_cable,0
inc_00036,incident_tx_ip,TXNOC,2024,2,4,13,CRITICAL,FIBRA,LINK DOWN,CABLE BROKEN BACKBONE,network_002,branch_001,CLOSED,15.0,7.21,fiber_cable,0
inc_00037,incident_tx_ip,TXNOC,2024,2,4,13,CRITICAL,FIBRA,LINK DOWN,CABLE BROKEN BACKBONE,network_002,branch_001,CLOSED,15.0,6.94,fiber_cable,0
inc_00038,incident_tx_ip,TXNOC,2024,2,4,13,CRITICAL,FIBRA,LINK DOWN,CABLE BROKEN BACKBONE,network_002,branch_019,CLOSED,15.0,4.0,fiber_cable,0
inc_00039,incident_tx_ip,TXNOC,2024,2,4,13,CRITICAL,FIBRA,LINK DOWN,CABLE BROKEN BACKBONE,network_002,branch_017,CLOSED,15.0,8.02,fiber_cable,0
inc_00040,incident_tx_ip,TXNOC,2024,2,4,13,CRITICAL,FIBRA,ATTENUATION,CABLE BROKEN BACKBONE,network_002,branch_017,CLOSED,15.0,20.5,attenuation,1
inc_00041,incident_tx_ip,TXNOC,2024,2,4,13,MAJOR,FIBRA,ATTENUATION,CABLE BROKEN BACKBONE,network_002,branch_018,CLOSED,20.0,908.0,attenuation,1
inc_00042,incident_tx_ip,TXNOC,2024,2,4,13,MAJOR,MICROWAVE,LINK DOWN,IN SITE,network_001,branch_012,CLOSED,15.0,10.65,equipment_module,0
inc_00043,incident_tx_ip,TXNOC,2024,2,4,13,CRITICAL,FIBRA,LINK DOWN,CABLE BROKEN BACKBONE,network_002,branch_018,CLOSED,21.0,1.0,fiber_cable,0
inc_00044,incident_tx_ip,TXNOC,2024,2,4,14,CRITICAL,FIBRA,LINK DOWN,CABLE BROKEN BACKBONE,network_002,branch_007,CLOSED,15.0,15.87,fiber_cable,1
inc_00045,incident_tx_ip,TXNOC,2024,2,4,14,CRITICAL,FIBRA,LINK DOWN,CABLE BROKEN BACKBONE,network_002,branch_020,CLOSED,15.0,4.17,fiber_cable,0
inc_00046,incident_tx_ip,TXNOC,2024,2,4,14,CRITICAL,FIBRA,LINK DOWN,CABLE BROKEN BACKBONE,network_002,branch_003,CLOSED,15.0,5.87,fiber_cable,0
inc_00047,incident_tx_ip,TXNOC,2024,2,4,14,CRITICAL,FIBRA,ATTENUATION,CABLE BROKEN BACKBONE,network_002,branch_015,CLOSED,15.0,20.0,attenuation,1
inc_00048,incident_tx_ip,TXNOC,2024,2,4,14,CRITICAL,FIBRA,ATTENUATION,CABLE BROKEN BACKBONE,network_002,branch_010,CLOSED,14.0,9.0,attenuation,0
inc_00049,incident_tx_ip,TXNOC,2024,2,4,14,CRITICAL,MICROWAVE,BAD PERFORMANCE,IN SITE,network_001,branch_020,CLOSED,15.0,19.5,other,1
inc_00050,incident_tx_ip,TXNOC,2024,2,4,14,MAJOR,FIBRA,ATTENUATION,CABLE BROKEN BACKBONE,network_002,branch_020,CLOSED,15.0,5.0,attenuation,0
inc_00051,incident_tx_ip,TXNOC,2024,2,4,14,MAJOR,MICROWAVE,BAD PERFORMANCE,IN SITE,network_001,branch_002,CLOSED,15.0,34.0,other,1
inc_00052,incident_tx_ip,TXNOC,2024,2,4,14,MAJOR,MICROWAVE,BAD PERFORMANCE,IN SITE,network_001,branch_013,CLOSED,15.0,74.0,other,1
inc_00053,incident_tx_ip,TXNOC,2024,2,4,14,CRITICAL,FIBRA,LINK DOWN,CABLE BROKEN BACKBONE,network_002,branch_021,CLOSED,15.0,6.38,fiber_cable,0
inc_00054,incident_tx_ip,TXNOC,2024,2,4,14,CRITICAL,FIBRA,LINK DOWN,CABLE BROKEN BACKBONE,network_002,branch_018,CLOSED,21.0,10.0,fiber_cable,0
inc_00055,incident_tx_ip,TXNOC,2024,2,4,14,CRITICAL,FIBRA,LINK DOWN,CABLE BROKEN BACKBONE,network_002,branch_018,CLOSED,21.0,2.78,fiber_cable,0
inc_00056,incident_tx_ip,TXNOC,2024,2,4,14,CRITICAL,FIBRA,LINK DOWN,CABLE BROKEN BACKBONE,network_002,branch_017,CLOSED,15.0,13.81,fiber_cable,0
inc_00057,incident_tx_ip,TXNOC,2024,2,4,14,CRITICAL,FIBRA,ATTENUATION,CABLE BROKEN BACKBONE,network_002,branch_004,CLOSED,15.0,53.73,attenuation,1
inc_00058,incident_tx_ip,TXNOC,2024,2,4,14,CRITICAL,FIBRA,LINK DOWN,CABLE BROKEN BACKBONE,network_002,branch_011,CLOSED,15.0,7.34,fiber_cable,0
inc_00059,incident_tx_ip,TXNOC,2024,2,4,14,CRITICAL,FIBRA,LINK DOWN,CABLE BROKEN BACKBONE,network_002,branch_008,CLOSED,15.0,4.5,fiber_cable,0
inc_00060,incident_tx_ip,TXNOC,2024,2,4,14,MAJOR,MICROWAVE,LINK DOWN,IN SITE,network_001,branch_004,CLOSED,15.0,2.5,link_down,0
inc_00061,incident_tx_ip,TXNOC,2024,2,4,14,CRITICAL,FIBRA,LINK DOWN,CABLE BROKEN BACKBONE,network_002,branch_011,CLOSED,14.0,3.87,fiber_cable,0
inc_00062,incident_tx_ip,TXNOC,2024,2,4,14,MAJOR,MICROWAVE,LINK DOWN,IN SITE,network_001,branch_001,CLOSED,15.0,35.5,equipment_module,1
inc_00063,incident_tx_ip,TXNOC,2024,2,4,14,MAJOR,MICROWAVE,BAD PERFORMANCE,IN SITE,network_001,branch_022,CLOSED,15.0,910.0,link_down,1
inc_00064,incident_tx_ip,TXNOC,2024,2,4,14,CRITICAL,FIBRA,LINK DOWN,CABLE BROKEN BACKBONE,network_002,branch_003,CLOSED,15.0,7.0,fiber_cable,0
inc_00065,incident_tx_ip,TXNOC,2024,2,4,14,MAJOR,MICROWAVE,LINK DOWN,IN SITE,network_001,branch_010,CLOSED,15.0,10.5,equipment_module,0
inc_00066,incident_tx_ip,TXNOC,2024,2,4,14,CRITICAL,FIBRA,LINK DOWN,CABLE BROKEN BACKBONE,network_002,branch_015,CLOSED,15.0,8.62,fiber_cable,0
inc_00067,incident_tx_ip,TXNOC,2024,2,4,14,CRITICAL,FIBRA,LINK DOWN,CABLE BROKEN BACKBONE,network_002,branch_022,CLOSED,15.0,1.5,fiber_cable,0
inc_00068,incident_tx_ip,TXNOC,2024,2,4,14,MAJOR,MICROWAVE,LINK DOWN,IN SITE,network_001,branch_023,CLOSED,15.0,40.58,equipment_module,1
inc_00069,incident_tx_ip,TXNOC,2024,2,4,14,MAJOR,MICROWAVE,BAD PERFORMANCE,IN SITE,network_001,branch_024,CLOSED,15.0,42.0,link_down,1
inc_00070,incident_tx_ip,TXNOC,2024,2,4,14,CRITICAL,FIBRA,LINK DOWN,CABLE BROKEN BACKBONE,network_002,branch_003,CLOSED,15.0,4.17,fiber_cable,0
inc_00071,incident_tx_ip,TXNOC,2024,2,4,14,CRITICAL,FIBRA,LINK DOWN,CABLE BROKEN BACKBONE,network_002,branch_001,CLOSED,15.0,0.8,fiber_cable,0
inc_00072,incident_tx_ip,TXNOC,2024,2,4,15,CRITICAL,FIBRA,LINK DOWN,CABLE BROKEN BACKBONE,network_002,branch_010,CLOSED,15.0,3.0,fiber_cable,0
inc_00073,incident_tx_ip,TXNOC,2024,2,4,15,CRITICAL,FIBRA,LINK DOWN,CABLE BROKEN BACKBONE,network_002,branch_010,CLOSED,14.0,0.0,fiber_cable,0
inc_00074,incident_tx_ip,TXNOC,2024,2,4,15,CRITICAL,FIBRA,ATTENUATION,CABLE BROKEN BACKBONE,network_002,branch_006,CLOSED,13.0,12.73,attenuation,0
inc_00075,incident_tx_ip,TXNOC,2024,2,4,15,MAJOR,FIBRA,ATTENUATION,CABLE BROKEN BACKBONE,network_002,branch_017,CLOSED,15.0,139.0,attenuation,1
inc_00076,incident_tx_ip,TXNOC,2024,2,4,15,MAJOR,MICROWAVE,LINK DOWN,IN SITE,network_001,branch_021,CLOSED,15.0,110.0,equipment_module,1
inc_00077,incident_tx_ip,TXNOC,2024,2,4,15,MAJOR,FIBRA,ATTENUATION,CABLE BROKEN BACKBONE,network_002,branch_006,CLOSED,15.0,13.14,attenuation,0
inc_00078,incident_tx_ip,TXNOC,2024,2,4,15,MAJOR,FIBRA,ATTENUATION,CABLE BROKEN BACKBONE,network_002,branch_010,CLOSED,15.0,14.48,attenuation,0
inc_00079,incident_tx_ip,TXNOC,2024,2,4,15,MAJOR,MICROWAVE,BAD PERFORMANCE,IN SITE,network_001,branch_013,CLOSED,15.0,11.5,other,0
inc_00080,incident_tx_ip,TXNOC,2024,2,4,15,CRITICAL,FIBRA,LINK DOWN,CABLE BROKEN BACKBONE,network_002,branch_010,CLOSED,15.0,1.67,fiber_cable,0
inc_00081,incident_tx_ip,TXNOC,2024,2,4,15,CRITICAL,FIBRA,LINK DOWN,CABLE BROKEN BACKBONE,network_002,branch_006,CLOSED,15.0,6.85,fiber_cable,0
inc_00082,incident_tx_ip,TXNOC,2024,2,4,15,MAJOR,MICROWAVE,LINK DOWN,IN SITE,network_001,branch_004,CLOSED,15.0,210.0,equipment_module,1
inc_00083,incident_tx_ip,TXNOC,2024,2,4,15,MAJOR,MICROWAVE,BAD PERFORMANCE,IN SITE,network_001,branch_006,CLOSED,15.0,158.5,other,1
inc_00084,incident_tx_ip,TXNOC,2024,2,4,15,MAJOR,MICROWAVE,LINK DOWN,IN SITE,network_001,branch_003,CLOSED,15.0,131.96,link_down,1
inc_00085,incident_tx_ip,TXNOC,2024,2,4,15,CRITICAL,MICROWAVE,LINK DOWN,IN SITE,network_001,branch_022,CLOSED,15.0,198.0,equipment_module,1
inc_00086,incident_tx_ip,TXNOC,2024,2,4,15,MAJOR,MICROWAVE,LINK DOWN,IN SITE,network_001,branch_025,CLOSED,15.0,36.0,equipment_module,1
inc_00087,incident_tx_ip,TXNOC,2024,2,4,15,CRITICAL,FIBRA,LINK DOWN,CABLE BROKEN BACKBONE,network_002,branch_017,CLOSED,15.0,4.5,fiber_cable,0
inc_00088,incident_tx_ip,TXNOC,2024,2,4,15,MAJOR,FIBRA,ATTENUATION,CABLE BROKEN BACKBONE,network_002,branch_003,CLOSED,15.0,629.5,attenuation,1
inc_00089,incident_tx_ip,TXNOC,2024,2,4,15,CRITICAL,FIBRA,LINK DOWN,CABLE BROKEN BACKBONE,network_002,branch_001,CLOSED,15.0,20.0,fiber_cable,1
inc_00090,incident_tx_ip,TXNOC,2024,2,4,15,CRITICAL,FIBRA,LINK DOWN,CABLE BROKEN BACKBONE,network_002,branch_010,CLOSED,15.0,11.83,fiber_cable,0
inc_00091,incident_tx_ip,TXNOC,2024,2,4,15,CRITICAL,FIBRA,LINK DOWN,CABLE BROKEN BACKBONE,network_002,branch_020,CLOSED,15.0,3.5,fiber_cable,0
inc_00092,incident_tx_ip,TXNOC,2024,2,4,15,CRITICAL,FIBRA,LINK DOWN,CABLE BROKEN BACKBONE,network_002,branch_014,CLOSED,15.0,30.0,attenuation,1
inc_00093,incident_tx_ip,TXNOC,2024,2,4,15,MAJOR,MICROWAVE,LINK DOWN,IN SITE,network_001,branch_014,CLOSED,15.0,10.0,link_down,0
inc_00094,incident_tx_ip,TXNOC,2024,2,4,15,CRITICAL,FIBRA,LINK DOWN,CABLE BROKEN BACKBONE,network_002,branch_003,CLOSED,15.0,7.5,fiber_cable,0
inc_00095,incident_tx_ip,TXNOC,2024,2,4,16,MAJOR,MICROWAVE,LINK DOWN,IN SITE,network_001,branch_020,CLOSED,15.0,134.5,equipment_module,1
inc_00096,incident_tx_ip,TXNOC,2024,2,4,16,CRITICAL,FIBRA,BAD PERFORMANCE,CABLE BROKEN BACKBONE,network_002,branch_005,CLOSED,7.0,13.34,fiber_cable,1
inc_00097,incident_tx_ip,TXNOC,2024,2,4,16,CRITICAL,FIBRA,LINK DOWN,CABLE BROKEN BACKBONE,network_002,branch_002,CLOSED,15.0,5.42,fiber_cable,0
inc_00098,incident_tx_ip,TXNOC,2024,2,4,16,CRITICAL,FIBRA,LINK DOWN,CABLE BROKEN BACKBONE,network_002,branch_003,CLOSED,15.0,8.61,fiber_cable,0
inc_00099,incident_tx_ip,TXNOC,2024,2,4,16,CRITICAL,FIBRA,LINK DOWN,CABLE BROKEN BACKBONE,network_002,branch_017,CLOSED,15.0,7.25,fiber_cable,0
inc_00100,incident_tx_ip,TXNOC,2024,2,4,16,MAJOR,MICROWAVE,BAD PERFORMANCE,IN SITE,network_001,branch_013,CLOSED,15.0,877.0,other,1
inc_00101,incident_tx_ip,TXNOC,2024,2,4,16,MAJOR,MICROWAVE,BAD PERFORMANCE,IN SITE,network_001,branch_006,CLOSED,15.0,10.0,equipment_module,0
inc_00102,incident_tx_ip,TXNOC,2024,2,4,16,CRITICAL,FIBRA,LINK DOWN,CABLE BROKEN BACKBONE,network_002,branch_003,CLOSED,15.0,3.83,fiber_cable,0
inc_00103,incident_tx_ip,TXNOC,2024,2,4,16,CRITICAL,FIBRA,LINK DOWN,CABLE BROKEN BACKBONE,network_002,branch_006,CLOSED,15.0,7.0,fiber_cable,0
inc_00104,incident_tx_ip,TXNOC,2024,2,4,16,CRITICAL,FIBRA,LINK DOWN,CABLE BROKEN BACKBONE,network_002,branch_018,CLOSED,21.0,6.81,fiber_cable,0
inc_00105,incident_tx_ip,TXNOC,2024,2,4,16,CRITICAL,FIBRA,LINK DOWN,CABLE BROKEN BACKBONE,network_002,branch_018,CLOSED,20.0,7.0,fiber_cable,0
inc_00106,incident_tx_ip,TXNOC,2024,2,4,16,CRITICAL,FIBRA,LINK DOWN,CABLE BROKEN BACKBONE,network_002,branch_022,CLOSED,15.0,3.5,fiber_cable,0
inc_00107,incident_tx_ip,TXNOC,2024,2,4,16,CRITICAL,FIBRA,LINK DOWN,CABLE BROKEN BACKBONE,network_002,branch_003,CLOSED,15.0,4.95,fiber_cable,0
inc_00108,incident_tx_ip,TXNOC,2024,2,4,16,CRITICAL,FIBRA,LINK DOWN,CABLE BROKEN BACKBONE,network_002,branch_003,CLOSED,15.0,4.33,fiber_cable,0
inc_00109,incident_tx_ip,TXNOC,2024,2,4,16,CRITICAL,FIBRA,LINK DOWN,CABLE BROKEN BACKBONE,network_002,branch_002,CLOSED,15.0,6.03,fiber_cable,0
inc_00110,incident_tx_ip,TXNOC,2024,2,4,16,CRITICAL,FIBRA,LINK DOWN,CABLE BROKEN BACKBONE,network_002,branch_008,CLOSED,15.0,0.0,fiber_cable,0
inc_00111,incident_tx_ip,TXNOC,2024,2,4,16,MAJOR,MICROWAVE,LINK DOWN,IN SITE,network_001,branch_019,CLOSED,15.0,20.0,link_down,1
inc_00112,incident_tx_ip,TXNOC,2024,2,4,16,MAJOR,FIBRA,ATTENUATION,CABLE BROKEN BACKBONE,network_002,branch_017,CLOSED,15.0,2.5,attenuation,0
inc_00113,incident_tx_ip,TXNOC,2024,2,4,16,MAJOR,FIBRA,ATTENUATION,CABLE BROKEN BACKBONE,network_002,branch_002,CLOSED,15.0,130.0,attenuation,1
inc_00114,incident_tx_ip,TXNOC,2024,2,4,16,CRITICAL,FIBRA,LINK DOWN,CABLE BROKEN BACKBONE,network_002,branch_018,CLOSED,21.0,4.0,fiber_cable,0
inc_00115,incident_tx_ip,TXNOC,2024,2,4,16,CRITICAL,FIBRA,LINK DOWN,CABLE BROKEN BACKBONE,network_002,branch_020,CLOSED,15.0,10.0,fiber_cable,0
inc_00116,incident_tx_ip,TXNOC,2024,2,4,16,CRITICAL,FIBRA,LINK DOWN,CABLE BROKEN BACKBONE,network_002,branch_009,CLOSED,15.0,19.0,fiber_cable,1
inc_00117,incident_tx_ip,TXNOC,2024,2,4,16,CRITICAL,FIBRA,LINK DOWN,CABLE BROKEN BACKBONE,network_002,branch_010,CLOSED,15.0,6.0,fiber_cable,0
inc_00118,incident_tx_ip,TXNOC,2024,2,5,16,MAJOR,MICROWAVE,LINK DOWN,IN SITE,network_001,branch_021,CLOSED,15.0,21.67,link_down,1
inc_00119,incident_tx_ip,TXNOC,2024,2,5,16,MAJOR,MICROWAVE,LINK DOWN,IN SITE,network_001,branch_026,CLOSED,13.0,26.23,link_down,1
inc_00120,incident_tx_ip,TXNOC,2024,2,5,16,CRITICAL,FIBRA,LINK DOWN,CABLE BROKEN BACKBONE,network_002,branch_010,CLOSED,15.0,8.0,fiber_cable,0
inc_00121,incident_tx_ip,TXNOC,2024,2,5,17,CRITICAL,FIBRA,LINK DOWN,CABLE BROKEN BACKBONE,network_002,branch_002,CLOSED,15.0,0.8,fiber_cable,0
inc_00122,incident_tx_ip,TXNOC,2024,2,5,17,CRITICAL,FIBRA,LINK DOWN,CABLE BROKEN BACKBONE,network_002,branch_017,CLOSED,15.0,3.5,fiber_cable,0
inc_00123,incident_tx_ip,TXNOC,2024,2,5,17,CRITICAL,FIBRA,LINK DOWN,CABLE BROKEN BACKBONE,network_002,branch_018,CLOSED,21.0,4.5,fiber_cable,0
inc_00124,incident_tx_ip,TXNOC,2024,2,5,17,CRITICAL,FIBRA,LINK DOWN,CABLE BROKEN BACKBONE,network_002,branch_025,CLOSED,14.0,10.71,attenuation,0
inc_00125,incident_tx_ip,TXNOC,2024,2,5,17,CRITICAL,FIBRA,LINK DOWN,CABLE BROKEN BACKBONE,network_002,branch_001,CLOSED,15.0,4.13,fiber_cable,0
inc_00126,incident_tx_ip,TXNOC,2024,2,5,17,CRITICAL,FIBRA,LINK DOWN,CABLE BROKEN BACKBONE,network_002,branch_003,CLOSED,15.0,2.5,fiber_cable,0
inc_00127,incident_tx_ip,TXNOC,2024,2,5,17,CRITICAL,FIBRA,BAD PERFORMANCE,CABLE BROKEN BACKBONE,network_002,branch_027,CLOSED,27.0,80.5,fiber_cable,1
inc_00128,incident_tx_ip,TXNOC,2024,2,5,17,CRITICAL,FIBRA,LINK DOWN,CABLE BROKEN BACKBONE,network_002,branch_018,CLOSED,21.0,2.67,fiber_cable,0
inc_00129,incident_tx_ip,TXNOC,2024,2,5,17,CRITICAL,FIBRA,LINK DOWN,CABLE BROKEN BACKBONE,network_002,branch_008,CLOSED,15.0,6.33,fiber_cable,0
inc_00130,incident_tx_ip,TXNOC,2024,2,5,17,MAJOR,MICROWAVE,LINK DOWN,IN SITE,network_001,branch_014,CLOSED,15.0,10.0,equipment_module,0
inc_00131,incident_tx_ip,TXNOC,2024,2,5,17,MAJOR,MICROWAVE,LINK DOWN,IN SITE,network_001,branch_024,CLOSED,15.0,15.0,equipment_module,0
inc_00132,incident_tx_ip,TXNOC,2024,2,5,17,MAJOR,MICROWAVE,LINK DOWN,IN SITE,network_001,branch_008,CLOSED,15.0,10.0,link_down,0
inc_00133,incident_tx_ip,TXNOC,2024,2,5,17,MAJOR,MICROWAVE,LINK DOWN,IN SITE,network_001,branch_028,CLOSED,15.0,20.0,attenuation,1
inc_00134,incident_tx_ip,TXNOC,2024,2,5,17,MAJOR,FIBRA,ATTENUATION,CABLE BROKEN BACKBONE,network_002,branch_025,CLOSED,10.0,9.0,attenuation,0
inc_00135,incident_tx_ip,TXNOC,2024,2,5,17,CRITICAL,FIBRA,LINK DOWN,CABLE BROKEN BACKBONE,network_002,branch_004,CLOSED,15.0,3.03,fiber_cable,0
inc_00136,incident_tx_ip,TXNOC,2024,2,5,17,CRITICAL,FIBRA,LINK DOWN,CABLE BROKEN BACKBONE,network_002,branch_008,CLOSED,15.0,0.5,fiber_cable,0
inc_00137,incident_tx_ip,TXNOC,2024,2,5,17,MAJOR,MICROWAVE,BAD PERFORMANCE,IN SITE,network_001,branch_003,CLOSED,15.0,6.58,logical_config,0
inc_00138,incident_tx_ip,TXNOC,2024,2,5,17,CRITICAL,FIBRA,LINK DOWN,CABLE BROKEN BACKBONE,network_002,branch_029,CLOSED,15.0,6.48,fiber_cable,0
inc_00139,incident_tx_ip,TXNOC,2024,2,5,17,CRITICAL,FIBRA,LINK DOWN,CABLE BROKEN BACKBONE,network_002,branch_001,CLOSED,15.0,5.53,fiber_cable,0
inc_00140,incident_tx_ip,TXNOC,2024,2,5,17,CRITICAL,MICROWAVE,LINK DOWN,IN SITE,network_001,branch_024,CLOSED,15.0,1.0,equipment_module,0
inc_00141,incident_tx_ip,TXNOC,2024,2,5,17,CRITICAL,FIBRA,LINK DOWN,CABLE BROKEN BACKBONE,network_002,branch_003,CLOSED,15.0,2.28,fiber_cable,0
inc_00142,incident_tx_ip,TXNOC,2024,2,5,17,CRITICAL,FIBRA,LINK DOWN,CABLE BROKEN BACKBONE,network_002,branch_030,CLOSED,18.0,2.32,fiber_cable,0
inc_00143,incident_tx_ip,TXNOC,2024,2,5,17,CRITICAL,FIBRA,LINK DOWN,CABLE BROKEN BACKBONE,network_002,branch_018,CLOSED,21.0,0.7,fiber_cable,0
inc_00144,incident_tx_ip,TXNOC,2024,2,5,17,CRITICAL,FIBRA,LINK DOWN,CABLE BROKEN BACKBONE,network_002,branch_007,CLOSED,15.0,5.2,fiber_cable,0
inc_00145,incident_tx_ip,TXNOC,2024,2,5,17,MAJOR,MICROWAVE,LINK DOWN,IN SITE,network_001,branch_007,CLOSED,15.0,12.0,power_energy,0
inc_00146,incident_tx_ip,TXNOC,2024,2,5,17,MAJOR,FIBRA,ATTENUATION,CABLE BROKEN BACKBONE,network_002,branch_001,CLOSED,15.0,3.25,attenuation,0
inc_00147,incident_tx_ip,TXNOC,2024,2,5,17,MAJOR,MICROWAVE,LINK DOWN,IN SITE,network_001,branch_012,CLOSED,15.0,10.0,equipment_module,0
inc_00148,incident_tx_ip,TXNOC,2024,2,5,17,MAJOR,MICROWAVE,LINK DOWN,IN SITE,network_001,branch_002,CLOSED,15.0,6.87,equipment_module,0
inc_00149,incident_tx_ip,TXNOC,2024,2,5,17,CRITICAL,FIBRA,LINK DOWN,CABLE BROKEN BACKBONE,network_002,branch_022,CLOSED,15.0,6.28,fiber_cable,0
inc_00150,incident_tx_ip,TXNOC,2024,2,5,17,CRITICAL,FIBRA,LINK DOWN,CABLE BROKEN BACKBONE,network_002,branch_008,CLOSED,15.0,10.0,fiber_cable,0
inc_00151,incident_tx_ip,TXNOC,2024,2,5,17,MAJOR,MICROWAVE,LINK DOWN,IN SITE,network_001,branch_021,CLOSED,15.0,3.67,link_down,0
inc_00152,incident_tx_ip,TXNOC,2024,2,5,17,CRITICAL,FIBRA,LINK DOWN,CABLE BROKEN BACKBONE,network_002,branch_018,CLOSED,19.0,7.33,fiber_cable,0
inc_00153,incident_tx_ip,TXNOC,2024,2,5,17,CRITICAL,FIBRA,LINK DOWN,CABLE BROKEN BACKBONE,network_002,branch_018,CLOSED,21.0,9.33,fiber_cable,0
inc_00154,incident_tx_ip,TXNOC,2024,2,5,17,CRITICAL,FIBRA,LINK DOWN,CABLE BROKEN BACKBONE,network_002,branch_010,CLOSED,15.0,9.73,fiber_cable,0
inc_00155,incident_tx_ip,TXNOC,2024,2,5,17,CRITICAL,FIBRA,LINK DOWN,CABLE BROKEN BACKBONE,network_002,branch_021,CLOSED,15.0,1.33,fiber_cable,0
inc_00156,incident_tx_ip,TXNOC,2024,2,5,17,CRITICAL,FIBRA,LINK DOWN,CABLE BROKEN BACKBONE,network_002,branch_021,CLOSED,15.0,2.48,fiber_cable,0
inc_00157,incident_tx_ip,TXNOC,2024,2,5,17,CRITICAL,FIBRA,LINK DOWN,CABLE BROKEN BACKBONE,network_002,branch_021,CLOSED,15.0,2.8,fiber_cable,0
inc_00158,incident_tx_ip,TXNOC,2024,2,5,17,CRITICAL,FIBRA,LINK DOWN,CABLE BROKEN BACKBONE,network_002,branch_015,CLOSED,15.0,22.0,fiber_cable,1
inc_00159,incident_tx_ip,TXNOC,2024,2,5,17,CRITICAL,FIBRA,LINK DOWN,CABLE BROKEN BACKBONE,network_002,branch_003,CLOSED,15.0,7.0,fiber_cable,0
inc_00160,incident_tx_ip,TXNOC,2024,2,5,17,MAJOR,MICROWAVE,LINK DOWN,IN SITE,network_001,branch_003,CLOSED,15.0,20.0,equipment_module,1
inc_00161,incident_tx_ip,TXNOC,2024,2,5,17,MAJOR,MICROWAVE,LINK DOWN,IN SITE,network_001,branch_007,CLOSED,15.0,20.0,link_down,1
inc_00162,incident_tx_ip,TXNOC,2024,2,5,18,CRITICAL,FIBRA,LINK DOWN,CABLE BROKEN BACKBONE,network_002,branch_030,CLOSED,14.0,7.23,fiber_cable,0
inc_00163,incident_tx_ip,TXNOC,2024,2,5,18,CRITICAL,FIBRA,LINK DOWN,CABLE BROKEN BACKBONE,network_002,branch_030,CLOSED,18.0,20.0,fiber_cable,1
inc_00164,incident_tx_ip,TXNOC,2024,2,5,18,CRITICAL,FIBRA,LINK DOWN,CABLE BROKEN BACKBONE,network_002,branch_029,CLOSED,15.0,7.0,fiber_cable,0
inc_00165,incident_tx_ip,TXNOC,2024,2,5,18,CRITICAL,FIBRA,LINK DOWN,CABLE BROKEN BACKBONE,network_002,branch_012,CLOSED,15.0,7.33,fiber_cable,0
inc_00166,incident_tx_ip,TXNOC,2024,2,5,18,CRITICAL,FIBRA,LINK DOWN,CABLE BROKEN BACKBONE,network_002,branch_003,CLOSED,15.0,2.17,fiber_cable,0
inc_00167,incident_tx_ip,TXNOC,2024,2,5,18,MAJOR,MICROWAVE,LINK DOWN,IN SITE,network_001,branch_021,CLOSED,15.0,94.0,equipment_module,1
inc_00168,incident_tx_ip,TXNOC,2024,2,5,18,CRITICAL,FIBRA,LINK DOWN,CABLE BROKEN BACKBONE,network_002,branch_015,CLOSED,15.0,7.58,fiber_cable,0
inc_00169,incident_tx_ip,TXNOC,2024,2,5,18,CRITICAL,FIBRA,LINK DOWN,CABLE BROKEN BACKBONE,network_002,branch_025,CLOSED,21.0,14.58,fiber_cable,0
inc_00170,incident_tx_ip,TXNOC,2024,2,5,18,CRITICAL,FIBRA,ATTENUATION,CABLE BROKEN BACKBONE,network_002,branch_015,CLOSED,15.0,6.0,attenuation,0
inc_00171,incident_tx_ip,TXNOC,2024,2,5,18,MAJOR,MICROWAVE,LINK DOWN,IN SITE,network_001,branch_024,CLOSED,15.0,30.0,equipment_module,1
inc_00172,incident_tx_ip,TXNOC,2024,2,5,18,MAJOR,FIBRA,ATTENUATION,CABLE BROKEN BACKBONE,network_002,branch_025,CLOSED,14.0,7.83,attenuation,0
inc_00173,incident_tx_ip,TXNOC,2024,2,5,18,MAJOR,MICROWAVE,BAD PERFORMANCE,IN SITE,network_001,branch_003,CLOSED,15.0,29.0,logical_config,1
inc_00174,incident_tx_ip,TXNOC,2024,2,5,18,MAJOR,FIBRA,ATTENUATION,CABLE BROKEN BACKBONE,network_002,branch_025,CLOSED,14.0,7.83,attenuation,0
inc_00175,incident_tx_ip,TXNOC,2024,2,5,18,MAJOR,MICROWAVE,LINK DOWN,IN SITE,network_001,branch_001,CLOSED,15.0,71.67,equipment_module,1
inc_00176,incident_tx_ip,TXNOC,2024,2,5,18,CRITICAL,FIBRA,LINK DOWN,CABLE BROKEN BACKBONE,network_002,branch_003,CLOSED,7.0,20.0,fiber_cable,1
inc_00177,incident_tx_ip,TXNOC,2024,2,5,18,CRITICAL,FIBRA,LINK DOWN,CABLE BROKEN BACKBONE,network_002,branch_012,CLOSED,15.0,2.0,fiber_cable,0
inc_00178,incident_tx_ip,TXNOC,2024,2,5,18,CRITICAL,FIBRA,LINK DOWN,CABLE BROKEN BACKBONE,network_002,branch_024,CLOSED,15.0,10.0,fiber_cable,0
inc_00179,incident_tx_ip,TXNOC,2024,2,5,18,CRITICAL,FIBRA,ATTENUATION,CABLE BROKEN BACKBONE,network_002,branch_003,CLOSED,15.0,7.0,attenuation,0
inc_00180,incident_tx_ip,TXNOC,2024,2,5,18,CRITICAL,FIBRA,LINK DOWN,CABLE BROKEN BACKBONE,network_002,branch_004,CLOSED,15.0,0.0,fiber_cable,0
inc_00181,incident_tx_ip,TXNOC,2024,2,5,18,CRITICAL,FIBRA,LINK DOWN,CABLE BROKEN BACKBONE,network_002,branch_006,CLOSED,15.0,5.28,fiber_cable,0
inc_00182,incident_tx_ip,TXNOC,2024,2,5,18,CRITICAL,FIBRA,LINK DOWN,CABLE BROKEN BACKBONE,network_002,branch_007,CLOSED,15.0,17.45,fiber_cable,1
inc_00183,incident_tx_ip,TXNOC,2024,2,5,18,CRITICAL,FIBRA,LINK DOWN,CABLE BROKEN BACKBONE,network_002,branch_010,CLOSED,14.0,4.0,fiber_cable,0
inc_00184,incident_tx_ip,TXNOC,2024,2,5,18,CRITICAL,FIBRA,ATTENUATION,CABLE BROKEN BACKBONE,network_002,branch_010,CLOSED,14.0,2.67,attenuation,0
inc_00185,incident_tx_ip,TXNOC,2024,2,5,18,MAJOR,MICROWAVE,LINK DOWN,IN SITE,network_001,branch_008,CLOSED,15.0,58.0,link_down,1
inc_00186,incident_tx_ip,TXNOC,2024,2,5,18,CRITICAL,FIBRA,LINK DOWN,CABLE BROKEN BACKBONE,network_002,branch_018,CLOSED,21.0,10.0,fiber_cable,0
inc_00187,incident_tx_ip,TXNOC,2024,2,5,18,CRITICAL,FIBRA,LINK DOWN,CABLE BROKEN BACKBONE,network_002,branch_012,CLOSED,15.0,120.0,attenuation,1
inc_00188,incident_tx_ip,TXNOC,2024,2,5,18,MAJOR,MICROWAVE,LINK DOWN,IN SITE,network_001,branch_023,CLOSED,7.0,6.0,link_down,0
inc_00189,incident_tx_ip,TXNOC,2024,2,5,18,MAJOR,MICROWAVE,LINK DOWN,IN SITE,network_001,branch_024,CLOSED,15.0,135.13,link_down,1
inc_00190,incident_tx_ip,TXNOC,2024,2,5,18,MAJOR,MICROWAVE,LINK DOWN,IN SITE,network_001,branch_022,CLOSED,15.0,54.0,equipment_module,1
inc_00191,incident_tx_ip,TXNOC,2024,2,5,18,CRITICAL,FIBRA,ATTENUATION,CABLE BROKEN BACKBONE,network_002,branch_001,CLOSED,15.0,325.0,attenuation,1
inc_00192,incident_tx_ip,TXNOC,2024,2,5,18,CRITICAL,FIBRA,ATTENUATION,CABLE BROKEN BACKBONE,network_002,branch_002,CLOSED,15.0,189.0,attenuation,1
inc_00193,incident_tx_ip,TXNOC,2024,2,5,18,CRITICAL,FIBRA,LINK DOWN,CABLE BROKEN BACKBONE,network_002,branch_018,CLOSED,21.0,14.0,fiber_cable,0
inc_00194,incident_tx_ip,TXNOC,2024,2,5,18,MAJOR,FIBRA,ATTENUATION,CABLE BROKEN BACKBONE,network_002,branch_017,CLOSED,15.0,50.0,attenuation,1
inc_00195,incident_tx_ip,TXNOC,2024,2,5,18,CRITICAL,FIBRA,LINK DOWN,CABLE BROKEN BACKBONE,network_002,branch_008,CLOSED,15.0,4.5,fiber_cable,0
inc_00196,incident_tx_ip,TXNOC,2024,2,5,18,CRITICAL,FIBRA,LINK DOWN,CABLE BROKEN BACKBONE,network_002,branch_005,CLOSED,15.0,5.97,fiber_cable,0
inc_00197,incident_tx_ip,TXNOC,2024,2,5,18,MAJOR,MICROWAVE,LINK DOWN,IN SITE,network_001,branch_002,CLOSED,15.0,37.0,equipment_module,1
inc_00198,incident_tx_ip,TXNOC,2024,2,5,18,CRITICAL,FIBRA,LINK DOWN,CABLE BROKEN BACKBONE,network_002,branch_018,CLOSED,21.0,4.5,fiber_cable,0
inc_00199,incident_tx_ip,TXNOC,2024,2,5,18,CRITICAL,FIBRA,LINK DOWN,CABLE BROKEN BACKBONE,network_002,branch_015,CLOSED,15.0,6.0,fiber_cable,0
inc_00200,incident_tx_ip,TXNOC,2024,2,5,18,MAJOR,MICROWAVE,BAD PERFORMANCE,IN SITE,network_001,branch_008,CLOSED,15.0,42.0,other,1
inc_00201,incident_tx_ip,TXNOC,2024,2,5,18,CRITICAL,FIBRA,LINK DOWN,CABLE BROKEN BACKBONE,network_002,branch_016,CLOSED,15.0,14.0,fiber_cable,0
inc_00202,incident_tx_ip,TXNOC,2024,2,5,18,MAJOR,MICROWAVE,BAD PERFORMANCE,IN SITE,network_001,branch_004,CLOSED,15.0,53.95,other,1
inc_00203,incident_tx_ip,TXNOC,2024,2,5,18,CRITICAL,FIBRA,BAD PERFORMANCE,CABLE BROKEN BACKBONE,network_002,branch_030,CLOSED,3.0,10.0,fiber_cable,1
inc_00204,incident_tx_ip,TXNOC,2024,2,5,19,CRITICAL,FIBRA,LINK DOWN,CABLE BROKEN BACKBONE,network_002,branch_012,CLOSED,15.0,6.81,fiber_cable,0
inc_00205,incident_tx_ip,TXNOC,2024,2,5,19,CRITICAL,FIBRA,LINK DOWN,CABLE BROKEN BACKBONE,network_002,branch_006,CLOSED,15.0,7.0,fiber_cable,0
inc_00206,incident_tx_ip,TXNOC,2024,2,5,19,MAJOR,MICROWAVE,LINK DOWN,IN SITE,network_001,branch_010,CLOSED,15.0,17.16,equipment_module,1
inc_00207,incident_tx_ip,TXNOC,2024,2,5,19,CRITICAL,MICROWAVE,LINK DOWN,IN SITE,network_001,branch_003,CLOSED,15.0,21.0,power_energy,1
inc_00208,incident_tx_ip,TXNOC,2024,2,5,19,MAJOR,MICROWAVE,BAD PERFORMANCE,IN SITE,network_001,branch_013,CLOSED,15.0,33.0,other,1
inc_00209,incident_tx_ip,TXNOC,2024,2,5,19,CRITICAL,FIBRA,LINK DOWN,CABLE BROKEN BACKBONE,network_002,branch_017,CLOSED,15.0,5.5,fiber_cable,0
inc_00210,incident_tx_ip,TXNOC,2024,2,5,19,CRITICAL,FIBRA,LINK DOWN,CABLE BROKEN BACKBONE,network_002,branch_008,CLOSED,15.0,9.49,fiber_cable,0
inc_00211,incident_tx_ip,TXNOC,2024,2,5,19,MAJOR,FIBRA,ATTENUATION,CABLE BROKEN BACKBONE,network_002,branch_011,CLOSED,18.0,20.0,attenuation,1
inc_00212,incident_tx_ip,TXNOC,2024,2,5,19,CRITICAL,FIBRA,LINK DOWN,CABLE BROKEN BACKBONE,network_002,branch_018,CLOSED,21.0,0.5,fiber_cable,0
inc_00213,incident_tx_ip,TXNOC,2024,2,5,19,CRITICAL,FIBRA,LINK DOWN,CABLE BROKEN BACKBONE,network_002,branch_012,CLOSED,15.0,10.67,fiber_cable,0
inc_00214,incident_tx_ip,TXNOC,2024,2,5,19,CRITICAL,FIBRA,LINK DOWN,CABLE BROKEN BACKBONE,network_002,branch_022,CLOSED,15.0,7.0,attenuation,0
inc_00215,incident_tx_ip,TXNOC,2024,2,5,19,CRITICAL,FIBRA,LINK DOWN,CABLE BROKEN BACKBONE,network_002,branch_007,CLOSED,15.0,20.0,fiber_cable,1
inc_00216,incident_tx_ip,TXNOC,2024,2,5,19,MAJOR,MICROWAVE,BAD PERFORMANCE,IN SITE,network_001,branch_010,CLOSED,15.0,9.93,other,0
inc_00217,incident_tx_ip,TXNOC,2024,2,5,19,CRITICAL,FIBRA,LINK DOWN,CABLE BROKEN BACKBONE,network_002,branch_016,CLOSED,15.0,3.0,fiber_cable,0
inc_00218,incident_tx_ip,TXNOC,2024,2,5,19,CRITICAL,FIBRA,LINK DOWN,CABLE BROKEN BACKBONE,network_002,branch_003,CLOSED,15.0,6.0,fiber_cable,0
inc_00219,incident_tx_ip,TXNOC,2024,2,5,19,CRITICAL,FIBRA,LINK DOWN,CABLE BROKEN BACKBONE,network_002,branch_001,CLOSED,15.0,5.0,fiber_cable,0
inc_00220,incident_tx_ip,TXNOC,2024,2,5,19,CRITICAL,FIBRA,LINK DOWN,CABLE BROKEN BACKBONE,network_002,branch_017,CLOSED,15.0,10.0,fiber_cable,0
inc_00221,incident_tx_ip,TXNOC,2024,2,5,19,CRITICAL,FIBRA,LINK DOWN,CABLE BROKEN BACKBONE,network_002,branch_018,CLOSED,21.0,0.0,fiber_cable,0
inc_00222,incident_tx_ip,TXNOC,2024,2,5,19,CRITICAL,FIBRA,LINK DOWN,CABLE BROKEN BACKBONE,network_002,branch_015,CLOSED,15.0,10.0,fiber_cable,0
inc_00223,incident_tx_ip,TXNOC,2024,2,5,19,CRITICAL,FIBRA,LINK DOWN,CABLE BROKEN BACKBONE,network_002,branch_016,CLOSED,14.0,7.5,fiber_cable,0
inc_00224,incident_tx_ip,TXNOC,2024,2,5,19,CRITICAL,FIBRA,LINK DOWN,CABLE BROKEN BACKBONE,network_002,branch_011,CLOSED,15.0,129.88,attenuation,1
inc_00225,incident_tx_ip,TXNOC,2024,2,5,19,CRITICAL,FIBRA,LINK DOWN,CABLE BROKEN BACKBONE,network_002,branch_012,CLOSED,15.0,70.0,attenuation,1
inc_00226,incident_tx_ip,TXNOC,2024,2,5,19,MAJOR,MICROWAVE,LINK DOWN,IN SITE,network_001,branch_031,CLOSED,24.0,18.0,link_down,0
inc_00227,incident_tx_ip,TXNOC,2024,2,5,19,CRITICAL,MICROWAVE,LINK DOWN,IN SITE,network_001,branch_002,CLOSED,15.0,153.0,link_down,1
inc_00228,incident_tx_ip,TXNOC,2024,2,5,19,CRITICAL,FIBRA,LINK DOWN,CABLE BROKEN BACKBONE,network_002,branch_017,CLOSED,15.0,5.09,fiber_cable,0
inc_00229,incident_tx_ip,TXNOC,2024,2,5,19,CRITICAL,FIBRA,LINK DOWN,CABLE BROKEN BACKBONE,network_002,branch_010,CLOSED,15.0,1.67,fiber_cable,0
inc_00230,incident_tx_ip,TXNOC,2024,2,5,19,CRITICAL,FIBRA,LINK DOWN,CABLE BROKEN BACKBONE,network_002,branch_001,CLOSED,15.0,7.02,fiber_cable,0
inc_00231,incident_tx_ip,TXNOC,2024,2,5,19,CRITICAL,FIBRA,LINK DOWN,CABLE BROKEN BACKBONE,network_002,branch_003,CLOSED,15.0,4.33,fiber_cable,0
inc_00232,incident_tx_ip,TXNOC,2024,2,5,19,CRITICAL,FIBRA,LINK DOWN,CABLE BROKEN BACKBONE,network_002,branch_012,CLOSED,14.0,10.0,fiber_cable,0
inc_00233,incident_tx_ip,TXNOC,2024,2,5,19,MAJOR,MICROWAVE,BAD PERFORMANCE,IN SITE,network_001,branch_019,CLOSED,15.0,15.32,other,1
inc_00234,incident_tx_ip,TXNOC,2024,2,5,19,MAJOR,MICROWAVE,BAD PERFORMANCE,IN SITE,network_001,branch_004,CLOSED,15.0,104.42,other,1
inc_00235,incident_tx_ip,TXNOC,2024,2,5,19,MAJOR,FIBRA,ATTENUATION,CABLE BROKEN BACKBONE,network_002,branch_011,CLOSED,15.0,7.0,attenuation,0
inc_00236,incident_tx_ip,TXNOC,2024,2,5,19,CRITICAL,FIBRA,LINK DOWN,CABLE BROKEN BACKBONE,network_002,branch_017,CLOSED,15.0,12.2,fiber_cable,0
inc_00237,incident_tx_ip,TXNOC,2024,2,5,19,CRITICAL,FIBRA,LINK DOWN,CABLE BROKEN BACKBONE,network_002,branch_015,CLOSED,15.0,4.58,attenuation,0
inc_00238,incident_tx_ip,TXNOC,2024,2,5,19,MAJOR,MICROWAVE,LINK DOWN,IN SITE,network_001,branch_010,CLOSED,15.0,540.0,equipment_module,1
inc_00239,incident_tx_ip,TXNOC,2024,2,5,19,CRITICAL,FIBRA,LINK DOWN,CABLE BROKEN BACKBONE,network_002,branch_020,CLOSED,15.0,5.58,fiber_cable,0
inc_00240,incident_tx_ip,TXNOC,2024,2,5,19,CRITICAL,FIBRA,ATTENUATION,CABLE BROKEN BACKBONE,network_002,branch_007,CLOSED,15.0,20.0,attenuation,1
inc_00241,incident_tx_ip,TXNOC,2024,2,5,19,MAJOR,FIBRA,ATTENUATION,CABLE BROKEN BACKBONE,network_002,branch_017,CLOSED,15.0,50.0,attenuation,1
inc_00242,incident_tx_ip,TXNOC,2024,2,5,19,MAJOR,MICROWAVE,LINK DOWN,IN SITE,network_001,branch_008,CLOSED,15.0,11.5,equipment_module,0
inc_00243,incident_tx_ip,TXNOC,2024,2,5,20,MAJOR,MICROWAVE,BAD PERFORMANCE,IN SITE,network_001,branch_013,CLOSED,15.0,35.68,other,1
inc_00244,incident_tx_ip,TXNOC,2024,2,5,20,MAJOR,MICROWAVE,LINK DOWN,IN SITE,network_001,branch_024,CLOSED,7.0,147.49,equipment_module,1
inc_00245,incident_tx_ip,TXNOC,2024,2,5,20,CRITICAL,FIBRA,LINK DOWN,CABLE BROKEN BACKBONE,network_002,branch_018,CLOSED,21.0,3.0,fiber_cable,0
inc_00246,incident_tx_ip,TXNOC,2024,2,5,20,CRITICAL,FIBRA,LINK DOWN,CABLE BROKEN BACKBONE,network_002,branch_008,CLOSED,15.0,13.0,fiber_cable,0
inc_00247,incident_tx_ip,TXNOC,2024,2,5,20,MAJOR,MICROWAVE,BAD PERFORMANCE,IN SITE,network_001,branch_026,CLOSED,13.0,28.5,power_energy,1
inc_00248,incident_tx_ip,TXNOC,2024,2,5,20,MAJOR,MICROWAVE,LINK DOWN,IN SITE,network_001,branch_024,CLOSED,15.0,40.0,equipment_module,1
inc_00249,incident_tx_ip,TXNOC,2024,2,5,20,MAJOR,MICROWAVE,LINK DOWN,IN SITE,network_001,branch_002,CLOSED,15.0,4.5,equipment_module,0
inc_00250,incident_tx_ip,TXNOC,2024,2,5,20,CRITICAL,FIBRA,LINK DOWN,CABLE BROKEN BACKBONE,network_002,branch_018,CLOSED,21.0,9.33,fiber_cable,0
inc_00251,incident_tx_ip,TXNOC,2024,2,5,20,CRITICAL,FIBRA,LINK DOWN,CABLE BROKEN BACKBONE,network_002,branch_017,CLOSED,15.0,39.0,fiber_cable,1
inc_00252,incident_tx_ip,TXNOC,2024,2,5,20,CRITICAL,FIBRA,LINK DOWN,CABLE BROKEN BACKBONE,network_002,branch_018,CLOSED,21.0,8.12,fiber_cable,0
inc_00253,incident_tx_ip,TXNOC,2024,2,5,20,MAJOR,FIBRA,ATTENUATION,CABLE BROKEN BACKBONE,network_002,branch_004,CLOSED,15.0,131.31,attenuation,1
inc_00254,incident_tx_ip,TXNOC,2024,2,5,20,CRITICAL,FIBRA,ATTENUATION,CABLE BROKEN BACKBONE,network_002,branch_006,CLOSED,15.0,2.35,attenuation,0
inc_00255,incident_tx_ip,TXNOC,2024,2,5,20,CRITICAL,FIBRA,LINK DOWN,CABLE BROKEN BACKBONE,network_002,branch_015,CLOSED,15.0,6.43,fiber_cable,0
inc_00256,incident_tx_ip,TXNOC,2024,2,5,20,MAJOR,MICROWAVE,BAD PERFORMANCE,IN SITE,network_001,branch_004,CLOSED,15.0,650.0,other,1
inc_00257,incident_tx_ip,TXNOC,2024,2,5,20,CRITICAL,FIBRA,LINK DOWN,CABLE BROKEN BACKBONE,network_002,branch_003,CLOSED,15.0,3.5,fiber_cable,0
inc_00258,incident_tx_ip,TXNOC,2024,2,5,20,CRITICAL,FIBRA,LINK DOWN,CABLE BROKEN BACKBONE,network_002,branch_003,CLOSED,15.0,5.51,fiber_cable,0
inc_00259,incident_tx_ip,TXNOC,2024,2,5,20,MAJOR,MICROWAVE,BAD PERFORMANCE,IN SITE,network_001,branch_001,CLOSED,15.0,260.0,other,1
inc_00260,incident_tx_ip,TXNOC,2024,2,5,20,CRITICAL,FIBRA,LINK DOWN,CABLE BROKEN BACKBONE,network_002,branch_014,CLOSED,15.0,1.5,fiber_cable,0
inc_00261,incident_tx_ip,TXNOC,2024,2,5,20,CRITICAL,FIBRA,LINK DOWN,CABLE BROKEN BACKBONE,network_002,branch_015,CLOSED,15.0,13.0,fiber_cable,0
inc_00262,incident_tx_ip,TXNOC,2024,2,5,20,CRITICAL,FIBRA,ATTENUATION,CABLE BROKEN BACKBONE,network_002,branch_018,CLOSED,21.0,6.5,attenuation,0
inc_00263,incident_tx_ip,TXNOC,2024,2,5,20,CRITICAL,FIBRA,LINK DOWN,CABLE BROKEN BACKBONE,network_002,branch_002,CLOSED,15.0,50.0,fiber_cable,1
inc_00264,incident_tx_ip,TXNOC,2024,2,5,20,CRITICAL,FIBRA,LINK DOWN,CABLE BROKEN BACKBONE,network_002,branch_011,CLOSED,15.0,10.0,fiber_cable,0
inc_00265,incident_tx_ip,TXNOC,2024,2,5,20,CRITICAL,FIBRA,LINK DOWN,CABLE BROKEN BACKBONE,network_002,branch_018,CLOSED,21.0,6.0,fiber_cable,0
inc_00266,incident_tx_ip,TXNOC,2024,2,5,20,CRITICAL,FIBRA,LINK DOWN,CABLE BROKEN BACKBONE,network_002,branch_011,CLOSED,17.0,9.67,fiber_cable,0
inc_00267,incident_tx_ip,TXNOC,2024,2,5,20,MAJOR,MICROWAVE,LINK DOWN,IN SITE,network_001,branch_030,CLOSED,15.0,27.68,link_down,1
inc_00268,incident_tx_ip,TXNOC,2024,2,5,20,MAJOR,MICROWAVE,BAD PERFORMANCE,IN SITE,network_001,branch_003,CLOSED,7.0,181.36,equipment_module,1
inc_00269,incident_tx_ip,TXNOC,2024,2,5,20,CRITICAL,FIBRA,LINK DOWN,CABLE BROKEN BACKBONE,network_002,branch_019,CLOSED,15.0,3.63,fiber_cable,0
inc_00270,incident_tx_ip,TXNOC,2024,2,5,20,CRITICAL,FIBRA,LINK DOWN,CABLE BROKEN BACKBONE,network_002,branch_010,CLOSED,14.0,7.33,fiber_cable,0
inc_00271,incident_tx_ip,TXNOC,2024,2,5,20,CRITICAL,FIBRA,LINK DOWN,CABLE BROKEN BACKBONE,network_002,branch_017,CLOSED,15.0,67.0,attenuation,1
inc_00272,incident_tx_ip,TXNOC,2024,2,5,20,CRITICAL,FIBRA,LINK DOWN,CABLE BROKEN BACKBONE,network_002,branch_001,CLOSED,15.0,4.06,fiber_cable,0
inc_00273,incident_tx_ip,TXNOC,2024,2,5,21,CRITICAL,FIBRA,LINK DOWN,CABLE BROKEN BACKBONE,network_002,branch_022,CLOSED,15.0,7.5,fiber_cable,0
inc_00274,incident_tx_ip,TXNOC,2024,2,5,21,CRITICAL,FIBRA,LINK DOWN,CABLE BROKEN BACKBONE,network_002,branch_015,CLOSED,15.0,2.5,fiber_cable,0
inc_00275,incident_tx_ip,TXNOC,2024,2,6,21,MAJOR,MICROWAVE,BAD PERFORMANCE,IN SITE,network_001,branch_012,CLOSED,15.0,103.0,equipment_module,1
inc_00276,incident_tx_ip,TXNOC,2024,2,6,21,MAJOR,MICROWAVE,LINK DOWN,IN SITE,network_001,branch_013,CLOSED,15.0,3.41,link_down,0
inc_00277,incident_tx_ip,TXNOC,2024,2,6,21,CRITICAL,FIBRA,LINK DOWN,CABLE BROKEN BACKBONE,network_002,branch_029,CLOSED,15.0,3.0,fiber_cable,0
inc_00278,incident_tx_ip,TXNOC,2024,2,6,21,CRITICAL,FIBRA,LINK DOWN,CABLE BROKEN BACKBONE,network_002,branch_018,CLOSED,21.0,13.33,fiber_cable,0
inc_00279,incident_tx_ip,TXNOC,2024,2,6,21,MAJOR,MICROWAVE,BAD PERFORMANCE,IN SITE,network_001,branch_001,CLOSED,15.0,230.0,other,1
inc_00280,incident_tx_ip,TXNOC,2024,2,6,21,MAJOR,MICROWAVE,LINK DOWN,IN SITE,network_001,branch_026,CLOSED,13.0,0.0,link_down,0
inc_00281,incident_tx_ip,TXNOC,2024,2,6,21,CRITICAL,FIBRA,LINK DOWN,CABLE BROKEN BACKBONE,network_002,branch_008,CLOSED,15.0,20.0,fiber_cable,1
inc_00282,incident_tx_ip,TXNOC,2024,2,6,21,MAJOR,MICROWAVE,BAD PERFORMANCE,IN SITE,network_001,branch_001,CLOSED,15.0,10.0,other,0
inc_00283,incident_tx_ip,TXNOC,2024,2,6,21,MAJOR,MICROWAVE,LINK DOWN,IN SITE,network_001,branch_012,CLOSED,15.0,11.98,equipment_module,0
inc_00284,incident_tx_ip,TXNOC,2024,2,6,21,CRITICAL,FIBRA,LINK DOWN,CABLE BROKEN BACKBONE,network_002,branch_018,CLOSED,21.0,6.23,fiber_cable,0
inc_00285,incident_tx_ip,TXNOC,2024,2,6,21,MAJOR,FIBRA,ATTENUATION,CABLE BROKEN BACKBONE,network_002,branch_017,CLOSED,15.0,89.0,attenuation,1
inc_00286,incident_tx_ip,TXNOC,2024,2,6,21,CRITICAL,FIBRA,LINK DOWN,CABLE BROKEN BACKBONE,network_002,branch_003,CLOSED,15.0,3.32,fiber_cable,0
inc_00287,incident_tx_ip,TXNOC,2024,2,6,21,CRITICAL,FIBRA,ATTENUATION,CABLE BROKEN BACKBONE,network_002,branch_015,CLOSED,15.0,10.0,attenuation,0
inc_00288,incident_tx_ip,TXNOC,2024,2,6,21,MAJOR,MICROWAVE,BAD PERFORMANCE,IN SITE,network_001,branch_002,CLOSED,15.0,15.75,equipment_module,1
inc_00289,incident_tx_ip,TXNOC,2024,2,6,21,CRITICAL,FIBRA,LINK DOWN,CABLE BROKEN BACKBONE,network_002,branch_017,CLOSED,15.0,8.68,fiber_cable,0
inc_00290,incident_tx_ip,TXNOC,2024,2,6,21,CRITICAL,FIBRA,LINK DOWN,CABLE BROKEN BACKBONE,network_002,branch_012,CLOSED,15.0,10.68,fiber_cable,0
inc_00291,incident_tx_ip,TXNOC,2024,2,6,21,CRITICAL,FIBRA,LINK DOWN,CABLE BROKEN BACKBONE,network_002,branch_003,CLOSED,15.0,13.81,fiber_cable,0
inc_00292,incident_tx_ip,TXNOC,2024,2,6,21,MAJOR,MICROWAVE,LINK DOWN,IN SITE,network_001,branch_006,CLOSED,15.0,618.5,equipment_module,1
inc_00293,incident_tx_ip,TXNOC,2024,2,6,21,MAJOR,MICROWAVE,BAD PERFORMANCE,IN SITE,network_001,branch_014,CLOSED,15.0,109.0,other,1
inc_00294,incident_tx_ip,TXNOC,2024,2,6,21,MAJOR,MICROWAVE,BAD PERFORMANCE,IN SITE,network_001,branch_022,CLOSED,15.0,2.0,equipment_module,0
inc_00295,incident_tx_ip,TXNOC,2024,2,6,21,CRITICAL,FIBRA,LINK DOWN,CABLE BROKEN BACKBONE,network_002,branch_011,CLOSED,18.0,4.5,fiber_cable,0
inc_00296,incident_tx_ip,TXNOC,2024,2,6,21,MAJOR,MICROWAVE,LINK DOWN,IN SITE,network_001,branch_021,CLOSED,15.0,16.0,equipment_module,1
inc_00297,incident_tx_ip,TXNOC,2024,2,6,21,CRITICAL,FIBRA,LINK DOWN,CABLE BROKEN BACKBONE,network_002,branch_002,CLOSED,15.0,5.5,fiber_cable,0
inc_00298,incident_tx_ip,TXNOC,2024,2,6,21,CRITICAL,FIBRA,LINK DOWN,CABLE BROKEN BACKBONE,network_002,branch_018,CLOSED,21.0,2.45,fiber_cable,0
inc_00299,incident_tx_ip,TXNOC,2024,2,6,21,CRITICAL,FIBRA,LINK DOWN,CABLE BROKEN BACKBONE,network_002,branch_010,CLOSED,15.0,8.0,fiber_cable,0
inc_00300,incident_tx_ip,TXNOC,2024,2,6,21,CRITICAL,FIBRA,LINK DOWN,CABLE BROKEN BACKBONE,network_002,branch_009,CLOSED,15.0,3.0,fiber_cable,0
inc_00301,incident_tx_ip,TXNOC,2024,2,6,21,CRITICAL,FIBRA,LINK DOWN,CABLE BROKEN BACKBONE,network_002,branch_018,CLOSED,21.0,7.0,fiber_cable,0
inc_00302,incident_tx_ip,TXNOC,2024,2,6,22,MAJOR,MICROWAVE,LINK DOWN,IN SITE,network_001,branch_024,CLOSED,15.0,2.43,equipment_module,0
inc_00303,incident_tx_ip,TXNOC,2024,2,6,22,MAJOR,MICROWAVE,LINK DOWN,IN SITE,network_001,branch_001,CLOSED,7.0,10.0,link_down,1
inc_00304,incident_tx_ip,TXNOC,2024,2,6,22,CRITICAL,FIBRA,ATTENUATION,CABLE BROKEN BACKBONE,network_002,branch_010,CLOSED,15.0,4.5,attenuation,0
inc_00305,incident_tx_ip,TXNOC,2024,2,6,22,MAJOR,MICROWAVE,BAD PERFORMANCE,IN SITE,network_001,branch_004,CLOSED,15.0,33.5,other,1
inc_00306,incident_tx_ip,TXNOC,2024,2,6,22,CRITICAL,FIBRA,LINK DOWN,CABLE BROKEN BACKBONE,network_002,branch_022,CLOSED,15.0,0.0,fiber_cable,0
inc_00307,incident_tx_ip,TXNOC,2024,2,6,22,CRITICAL,FIBRA,LINK DOWN,CABLE BROKEN BACKBONE,network_002,branch_015,CLOSED,15.0,11.79,fiber_cable,0
inc_00308,incident_tx_ip,TXNOC,2024,2,6,22,CRITICAL,FIBRA,LINK DOWN,CABLE BROKEN BACKBONE,network_002,branch_004,CLOSED,15.0,18.5,fiber_cable,1
inc_00309,incident_tx_ip,TXNOC,2024,2,6,22,MAJOR,MICROWAVE,BAD PERFORMANCE,IN SITE,network_001,branch_003,CLOSED,15.0,517.74,other,1
inc_00310,incident_tx_ip,TXNOC,2024,2,6,22,MAJOR,MICROWAVE,LINK DOWN,IN SITE,network_001,branch_024,CLOSED,7.0,8.0,link_down,1
inc_00311,incident_tx_ip,TXNOC,2024,2,6,22,CRITICAL,FIBRA,LINK DOWN,CABLE BROKEN BACKBONE,network_002,branch_014,CLOSED,15.0,6.0,fiber_cable,0
inc_00312,incident_tx_ip,TXNOC,2024,2,6,22,CRITICAL,FIBRA,LINK DOWN,CABLE BROKEN BACKBONE,network_002,branch_008,CLOSED,15.0,2.52,fiber_cable,0
inc_00313,incident_tx_ip,TXNOC,2024,2,6,22,CRITICAL,FIBRA,LINK DOWN,CABLE BROKEN BACKBONE,network_002,branch_019,CLOSED,15.0,1.03,fiber_cable,0
inc_00314,incident_tx_ip,TXNOC,2024,2,6,22,MAJOR,MICROWAVE,LINK DOWN,IN SITE,network_001,branch_024,CLOSED,15.0,24.66,equipment_module,1
inc_00315,incident_tx_ip,TXNOC,2024,2,6,22,MAJOR,MICROWAVE,LINK DOWN,IN SITE,network_001,branch_005,CLOSED,15.0,20.39,link_down,1
inc_00316,incident_tx_ip,TXNOC,2024,2,6,22,CRITICAL,FIBRA,LINK DOWN,CABLE BROKEN BACKBONE,network_002,branch_014,CLOSED,15.0,4.67,fiber_cable,0
inc_00317,incident_tx_ip,TXNOC,2024,2,6,22,CRITICAL,FIBRA,LINK DOWN,CABLE BROKEN BACKBONE,network_002,branch_032,CLOSED,22.0,4.0,fiber_cable,0
inc_00318,incident_tx_ip,TXNOC,2024,2,6,22,MAJOR,MICROWAVE,LINK DOWN,IN SITE,network_001,branch_022,CLOSED,15.0,50.0,link_down,1
inc_00319,incident_tx_ip,TXNOC,2024,2,6,22,CRITICAL,FIBRA,LINK DOWN,CABLE BROKEN BACKBONE,network_002,branch_022,CLOSED,15.0,4.0,fiber_cable,0
inc_00320,incident_tx_ip,TXNOC,2024,2,6,22,CRITICAL,FIBRA,LINK DOWN,CABLE BROKEN BACKBONE,network_002,branch_005,CLOSED,15.0,5.5,fiber_cable,0
inc_00321,incident_tx_ip,TXNOC,2024,2,6,22,CRITICAL,FIBRA,LINK DOWN,CABLE BROKEN BACKBONE,network_002,branch_030,CLOSED,10.0,1.4,fiber_cable,0
inc_00322,incident_tx_ip,TXNOC,2024,2,6,22,CRITICAL,FIBRA,ATTENUATION,ATTENUATION OVER THRESHOLD,network_002,branch_005,CLOSED,15.0,49.0,attenuation,1
inc_00323,incident_tx_ip,TXNOC,2024,2,6,22,CRITICAL,FIBRA,ATTENUATION,ATTENUATION OVER THRESHOLD,network_002,branch_002,CLOSED,15.0,225.47,attenuation,1
inc_00324,incident_tx_ip,TXNOC,2024,2,6,22,CRITICAL,FIBRA,LINK DOWN,CABLE BROKEN BACKBONE,network_002,branch_004,CLOSED,15.0,12.5,attenuation,0
inc_00325,incident_tx_ip,TXNOC,2024,2,6,22,CRITICAL,FIBRA,ATTENUATION,ATTENUATION OVER THRESHOLD,network_002,branch_011,CLOSED,15.0,207.5,attenuation,1
inc_00326,incident_tx_ip,TXNOC,2024,2,6,22,MAJOR,MICROWAVE,BAD PERFORMANCE,IN SITE,network_001,branch_005,CLOSED,15.0,17.5,other,1
inc_00327,incident_tx_ip,TXNOC,2024,2,6,22,CRITICAL,FIBRA,LINK DOWN,CABLE BROKEN BACKBONE,network_002,branch_001,CLOSED,15.0,4.19,fiber_cable,0
inc_00328,incident_tx_ip,TXNOC,2024,2,6,22,MAJOR,MICROWAVE,BAD PERFORMANCE,IN SITE,network_001,branch_016,CLOSED,15.0,17.0,other,1
inc_00329,incident_tx_ip,TXNOC,2024,2,6,22,CRITICAL,FIBRA,LINK DOWN,CABLE BROKEN BACKBONE,network_002,branch_014,CLOSED,15.0,2.84,fiber_cable,0
inc_00330,incident_tx_ip,TXNOC,2024,2,6,23,CRITICAL,FIBRA,LINK DOWN,CABLE BROKEN BACKBONE,network_002,branch_007,CLOSED,15.0,16.68,fiber_cable,1
inc_00331,incident_tx_ip,TXNOC,2024,2,6,23,CRITICAL,MICROWAVE,LINK DOWN,CABLE BROKEN BACKBONE,network_002,branch_017,CLOSED,15.0,10.0,link_down,0
inc_00332,incident_tx_ip,TXNOC,2024,2,6,23,MINOR,MICROWAVE,BAD PERFORMANCE,IN SITE,network_001,branch_001,CLOSED,15.0,240.0,equipment_module,1
inc_00333,incident_tx_ip,TXNOC,2024,2,6,23,CRITICAL,FIBRA,LINK DOWN,CABLE BROKEN BACKBONE,network_002,branch_011,CLOSED,15.0,6.63,fiber_cable,0
inc_00334,incident_tx_ip,TXNOC,2024,2,6,23,CRITICAL,FIBRA,LINK DOWN,CABLE BROKEN BACKBONE,network_002,branch_019,CLOSED,15.0,7.5,fiber_cable,0
inc_00335,incident_tx_ip,TXNOC,2024,2,6,23,CRITICAL,FIBRA,LINK DOWN,CABLE BROKEN BACKBONE,network_002,branch_008,CLOSED,15.0,1.45,fiber_cable,0
inc_00336,incident_tx_ip,TXNOC,2024,2,6,23,CRITICAL,FIBRA,BAD PERFORMANCE,ATTENUATION OVER THRESHOLD,network_002,branch_032,CLOSED,22.0,84.03,fiber_cable,1
inc_00337,incident_tx_ip,TXNOC,2024,2,6,23,MAJOR,FIBRA,LINK DOWN,ATTENUATION OVER THRESHOLD,network_002,branch_018,CLOSED,21.0,770.0,attenuation,1
inc_00338,incident_tx_ip,TXNOC,2024,2,6,23,CRITICAL,FIBRA,LINK DOWN,CABLE BROKEN BACKBONE,network_002,branch_008,CLOSED,15.0,5.0,fiber_cable,0
inc_00339,incident_tx_ip,TXNOC,2024,2,6,23,CRITICAL,FIBRA,LINK DOWN,CABLE BROKEN BACKBONE,network_002,branch_003,CLOSED,15.0,3.72,fiber_cable,0
inc_00340,incident_tx_ip,TXNOC,2024,2,6,23,CRITICAL,FIBRA,LINK DOWN,CABLE BROKEN BACKBONE,network_002,branch_017,CLOSED,15.0,31.67,fiber_cable,1
inc_00341,incident_tx_ip,TXNOC,2024,2,6,23,CRITICAL,FIBRA,LINK DOWN,CABLE BROKEN BACKBONE,network_002,branch_011,CLOSED,15.0,1.1,fiber_cable,0
inc_00342,incident_tx_ip,TXNOC,2024,2,6,23,CRITICAL,FIBRA,LINK DOWN,CABLE BROKEN BACKBONE,network_002,branch_012,CLOSED,15.0,4.5,fiber_cable,0
inc_00343,incident_tx_ip,TXNOC,2024,2,6,23,MAJOR,MICROWAVE,LINK DOWN,CABLE BROKEN BACKBONE,network_002,branch_018,CLOSED,21.0,4.67,link_down,0
inc_00344,incident_tx_ip,TXNOC,2024,2,6,23,MAJOR,MICROWAVE,LINK DOWN,IN SITE,network_001,branch_030,CLOSED,15.0,71.17,attenuation,1
inc_00345,incident_tx_ip,TXNOC,2024,2,6,23,CRITICAL,FIBRA,ATTENUATION,ATTENUATION OVER THRESHOLD,network_002,branch_004,CLOSED,15.0,58.0,attenuation,1
inc_00346,incident_tx_ip,TXNOC,2024,2,6,23,CRITICAL,FIBRA,LINK DOWN,CABLE BROKEN BACKBONE,network_002,branch_008,CLOSED,15.0,3.75,fiber_cable,0
inc_00347,incident_tx_ip,TXNOC,2024,2,6,23,CRITICAL,FIBRA,LINK DOWN,CABLE BROKEN BACKBONE,network_002,branch_003,CLOSED,15.0,12.5,fiber_cable,0
inc_00348,incident_tx_ip,TXNOC,2024,2,6,23,CRITICAL,MICROWAVE,LINK DOWN,IN SITE,network_001,branch_014,CLOSED,15.0,68.5,link_down,1
inc_00349,incident_tx_ip,TXNOC,2024,2,6,23,CRITICAL,FIBRA,LINK DOWN,CABLE BROKEN BACKBONE,network_002,branch_003,CLOSED,15.0,1.63,fiber_cable,0
inc_00350,incident_tx_ip,TXNOC,2024,2,6,23,CRITICAL,FIBRA,LINK DOWN,CABLE BROKEN BACKBONE,network_002,branch_021,CLOSED,15.0,1.47,fiber_cable,0
inc_00351,incident_tx_ip,TXNOC,2024,2,6,23,MAJOR,MICROWAVE,LINK DOWN,IN SITE,network_001,branch_007,CLOSED,15.0,35.0,link_down,1
inc_00352,incident_tx_ip,TXNOC,2024,2,6,23,MAJOR,FIBRA,ATTENUATION,ATTENUATION NEAR TO THRESHOLD,network_002,branch_004,CLOSED,15.0,2.5,attenuation,0
inc_00353,incident_tx_ip,TXNOC,2024,2,6,23,CRITICAL,FIBRA,LINK DOWN,CABLE BROKEN BACKBONE,network_002,branch_001,CLOSED,15.0,3.33,fiber_cable,0
inc_00354,incident_tx_ip,TXNOC,2024,2,6,23,MAJOR,FIBRA,ATTENUATION,ATTENUATION OVER THRESHOLD,network_002,branch_009,CLOSED,15.0,20.0,attenuation,1
inc_00355,incident_tx_ip,TXNOC,2024,2,6,24,MAJOR,FIBRA,LINK DOWN,CABLE BROKEN BACKBONE,network_002,branch_006,CLOSED,13.0,7.0,fiber_cable,0
inc_00356,incident_tx_ip,TXNOC,2024,2,6,24,CRITICAL,FIBRA,LINK DOWN,CABLE BROKEN BACKBONE,network_002,branch_014,CLOSED,15.0,3.17,fiber_cable,0
inc_00357,incident_tx_ip,TXNOC,2024,2,6,24,CRITICAL,FIBRA,LINK DOWN,CABLE BROKEN BACKBONE,network_002,branch_010,CLOSED,15.0,5.0,fiber_cable,0
inc_00358,incident_tx_ip,TXNOC,2024,2,6,24,CRITICAL,FIBRA,LINK DOWN,CABLE BROKEN BACKBONE,network_002,branch_012,CLOSED,15.0,4.5,fiber_cable,0
inc_00359,incident_tx_ip,TXNOC,2024,2,6,24,CRITICAL,FIBRA,LINK DOWN,CABLE BROKEN BACKBONE,network_002,branch_017,CLOSED,15.0,16.0,fiber_cable,1
inc_00360,incident_tx_ip,TXNOC,2024,2,6,24,MAJOR,FIBRA,LINK DOWN,CABLE BROKEN BACKBONE,network_002,branch_003,CLOSED,15.0,1.67,fiber_cable,0
inc_00361,incident_tx_ip,TXNOC,2024,2,6,24,MAJOR,MICROWAVE,BAD PERFORMANCE,IN SITE,network_001,branch_001,CLOSED,15.0,30.0,other,1
inc_00362,incident_tx_ip,TXNOC,2024,2,6,24,MAJOR,MICROWAVE,BAD PERFORMANCE,IN SITE,network_001,branch_001,CLOSED,15.0,30.0,other,1
inc_00363,incident_tx_ip,TXNOC,2024,2,6,24,MAJOR,MICROWAVE,BAD PERFORMANCE,IN SITE,network_001,branch_024,CLOSED,15.0,80.0,other,1
inc_00364,incident_tx_ip,TXNOC,2024,2,6,24,MAJOR,MICROWAVE,BAD PERFORMANCE,IN SITE,network_001,branch_024,CLOSED,15.0,70.0,attenuation,1
inc_00365,incident_tx_ip,TXNOC,2024,2,6,24,CRITICAL,FIBRA,LINK DOWN,CABLE BROKEN BACKBONE,network_002,branch_021,CLOSED,15.0,5.0,fiber_cable,0
inc_00366,incident_tx_ip,TXNOC,2024,2,6,24,CRITICAL,MICROWAVE,LINK DOWN,IN SITE,network_001,branch_007,CLOSED,15.0,80.0,equipment_module,1
inc_00367,incident_tx_ip,TXNOC,2024,2,6,24,CRITICAL,MICROWAVE,LINK DOWN,IN SITE,network_001,branch_002,CLOSED,15.0,5.17,power_energy,0
inc_00368,incident_tx_ip,TXNOC,2024,2,6,24,MAJOR,MICROWAVE,BAD PERFORMANCE,IN SITE,network_001,branch_010,CLOSED,15.0,58.0,other,1
inc_00369,incident_tx_ip,TXNOC,2024,2,6,24,CRITICAL,FIBRA,LINK DOWN,CABLE BROKEN BACKBONE,network_002,branch_011,CLOSED,17.0,0.67,fiber_cable,0
inc_00370,incident_tx_ip,TXNOC,2024,2,6,24,CRITICAL,FIBRA,ATTENUATION,ATTENUATION OVER THRESHOLD,network_002,branch_030,CLOSED,15.0,38.67,attenuation,1
inc_00371,incident_tx_ip,TXNOC,2024,2,6,24,MAJOR,MICROWAVE,LINK DOWN,IN SITE,network_001,branch_014,CLOSED,15.0,5.0,equipment_module,0
inc_00372,incident_tx_ip,TXNOC,2024,2,6,24,MAJOR,MICROWAVE,BAD PERFORMANCE,IN SITE,network_001,branch_024,CLOSED,15.0,10.0,other,0
inc_00373,incident_tx_ip,TXNOC,2024,2,6,24,MAJOR,MICROWAVE,BAD PERFORMANCE,IN SITE,network_001,branch_004,CLOSED,15.0,110.0,other,1
inc_00374,incident_tx_ip,TXNOC,2024,2,6,24,MAJOR,FIBRA,LINK DOWN,CABLE BROKEN BACKBONE,network_002,branch_018,CLOSED,21.0,0.92,fiber_cable,0
inc_00375,incident_tx_ip,TXNOC,2024,2,6,24,CRITICAL,FIBRA,LINK DOWN,CABLE BROKEN BACKBONE,network_002,branch_005,CLOSED,15.0,4.72,fiber_cable,0
inc_00376,incident_tx_ip,TXNOC,2024,2,6,24,MAJOR,MICROWAVE,LINK DOWN,IN SITE,network_001,branch_004,CLOSED,15.0,103.4,equipment_module,1
inc_00377,incident_tx_ip,TXNOC,2024,2,6,24,CRITICAL,FIBRA,LINK DOWN,CABLE BROKEN BACKBONE,network_002,branch_001,CLOSED,15.0,4.33,fiber_cable,0
inc_00378,incident_tx_ip,TXNOC,2024,2,6,24,CRITICAL,FIBRA,LINK DOWN,CABLE BROKEN BACKBONE,network_002,branch_030,CLOSED,22.0,25.0,fiber_cable,1
inc_00379,incident_tx_ip,TXNOC,2024,2,6,25,CRITICAL,FIBRA,LINK DOWN,CABLE BROKEN BACKBONE,network_002,branch_017,CLOSED,15.0,14.0,attenuation,0
inc_00380,incident_tx_ip,TXNOC,2024,2,6,25,CRITICAL,FIBRA,LINK DOWN,CABLE BROKEN BACKBONE,network_002,branch_001,CLOSED,15.0,4.33,fiber_cable,0
inc_00381,incident_tx_ip,TXNOC,2024,2,6,25,CRITICAL,FIBRA,LINK DOWN,CABLE BROKEN BACKBONE,network_002,branch_006,CLOSED,13.0,4.33,fiber_cable,0
inc_00382,incident_tx_ip,TXNOC,2024,2,6,25,MAJOR,MICROWAVE,LINK DOWN,IN SITE,network_001,branch_019,CLOSED,15.0,6.33,link_down,0
inc_00383,incident_tx_ip,TXNOC,2024,2,6,25,CRITICAL,FIBRA,LINK DOWN,CABLE BROKEN BACKBONE,network_002,branch_011,CLOSED,14.0,9.5,fiber_cable,0
inc_00384,incident_tx_ip,TXNOC,2024,2,6,25,MAJOR,MICROWAVE,LINK DOWN,IN SITE,network_001,branch_025,CLOSED,15.0,10.0,equipment_module,0
inc_00385,incident_tx_ip,TXNOC,2024,2,6,25,CRITICAL,FIBRA,ATTENUATION,CABLE BROKEN ACCESS,network_002,branch_014,CLOSED,7.0,5.33,attenuation,0
inc_00386,incident_tx_ip,TXNOC,2024,2,6,25,CRITICAL,FIBRA,LINK DOWN,CABLE BROKEN BACKBONE,network_002,branch_022,CLOSED,7.0,1.19,fiber_cable,0
inc_00387,incident_tx_ip,TXNOC,2024,2,6,25,CRITICAL,FIBRA,LINK DOWN,CABLE BROKEN ACCESS,network_002,branch_010,CLOSED,15.0,30.0,fiber_cable,1
inc_00388,incident_tx_ip,TXNOC,2024,2,6,25,MAJOR,MICROWAVE,BAD PERFORMANCE,IN SITE,network_001,branch_009,CLOSED,15.0,19.86,other,1
inc_00389,incident_tx_ip,TXNOC,2024,2,6,25,MAJOR,MICROWAVE,LINK DOWN,IN SITE,network_001,branch_021,CLOSED,15.0,20.0,link_down,1
inc_00390,incident_tx_ip,TXNOC,2024,2,6,25,MAJOR,FIBRA,ATTENUATION,ATTENUATION NEAR TO THRESHOLD,network_002,branch_003,CLOSED,15.0,70.0,attenuation,1
inc_00391,incident_tx_ip,TXNOC,2024,2,6,25,MAJOR,FIBRA,ATTENUATION,ATTENUATION NEAR TO THRESHOLD,network_002,branch_006,CLOSED,13.0,4.5,attenuation,0
inc_00392,incident_tx_ip,TXNOC,2024,2,6,25,MAJOR,MICROWAVE,LINK DOWN,IN SITE,network_001,branch_005,CLOSED,15.0,10.0,link_down,0
inc_00393,incident_tx_ip,TXNOC,2024,2,6,25,CRITICAL,FIBRA,LINK DOWN,CABLE BROKEN BACKBONE,network_002,branch_002,CLOSED,15.0,6.65,fiber_cable,0
inc_00394,incident_tx_ip,TXNOC,2024,2,6,25,CRITICAL,FIBRA,LINK DOWN,CABLE BROKEN BACKBONE,network_002,branch_002,CLOSED,15.0,5.68,fiber_cable,0
inc_00395,incident_tx_ip,TXNOC,2024,2,6,25,CRITICAL,FIBRA,LINK DOWN,CABLE BROKEN BACKBONE,network_002,branch_014,CLOSED,15.0,2.7,fiber_cable,0
inc_00396,incident_tx_ip,TXNOC,2024,2,6,25,CRITICAL,FIBRA,ATTENUATION,ATTENUATION OVER THRESHOLD,network_002,branch_003,CLOSED,15.0,4.0,attenuation,0
inc_00397,incident_tx_ip,TXNOC,2024,3,7,25,CRITICAL,FIBRA,LINK DOWN,CABLE BROKEN BACKBONE,network_002,branch_006,CLOSED,15.0,7.0,attenuation,0
inc_00398,incident_tx_ip,TXNOC,2024,3,7,25,CRITICAL,FIBRA,LINK DOWN,CABLE BROKEN BACKBONE,network_002,branch_018,CLOSED,20.0,7.83,attenuation,0
inc_00399,incident_tx_ip,TXNOC,2024,3,7,25,CRITICAL,FIBRA,LINK DOWN,CABLE BROKEN BACKBONE,network_002,branch_003,CLOSED,15.0,13.0,attenuation,0
inc_00400,incident_tx_ip,TXNOC,2024,3,7,25,MAJOR,MICROWAVE,BAD PERFORMANCE,IN SITE,network_001,branch_001,CLOSED,15.0,5.0,other,0
inc_00401,incident_tx_ip,TXNOC,2024,3,7,25,CRITICAL,FIBRA,LINK DOWN,CABLE BROKEN BACKBONE,network_002,branch_021,CLOSED,15.0,10.0,fiber_cable,0
inc_00402,incident_tx_ip,TXNOC,2024,3,7,25,MAJOR,FIBRA,LINK DOWN,CABLE BROKEN BACKBONE,network_002,branch_003,CLOSED,15.0,3.0,fiber_cable,0
inc_00403,incident_tx_ip,TXNOC,2024,3,7,25,MAJOR,FIBRA,LINK DOWN,CABLE BROKEN BACKBONE,network_002,branch_029,CLOSED,15.0,8.5,fiber_cable,0
inc_00404,incident_tx_ip,TXNOC,2024,3,7,25,MAJOR,FIBRA,LINK DOWN,CABLE BROKEN BACKBONE,network_002,branch_018,CLOSED,21.0,6.5,fiber_cable,0
inc_00405,incident_tx_ip,TXNOC,2024,3,7,25,MAJOR,FIBRA,LINK DOWN,CABLE BROKEN BACKBONE,network_002,branch_018,CLOSED,21.0,0.0,fiber_cable,0
inc_00406,incident_tx_ip,TXNOC,2024,3,7,25,MAJOR,FIBRA,ATTENUATION,ATTENUATION OVER THRESHOLD,network_002,branch_010,CLOSED,15.0,80.0,attenuation,1
inc_00407,incident_tx_ip,TXNOC,2024,3,7,25,CRITICAL,FIBRA,LINK DOWN,CABLE BROKEN BACKBONE,network_002,branch_011,CLOSED,15.0,10.46,fiber_cable,0
inc_00408,incident_tx_ip,TXNOC,2024,3,7,26,CRITICAL,FIBRA,ATTENUATION,ATTENUATION NEAR TO THRESHOLD,network_002,branch_003,CLOSED,15.0,5.33,attenuation,0
inc_00409,incident_tx_ip,TXNOC,2024,3,7,26,CRITICAL,MICROWAVE,LINK DOWN,IN SITE,network_001,branch_003,CLOSED,15.0,4.67,power_energy,0
inc_00410,incident_tx_ip,TXNOC,2024,3,7,26,CRITICAL,FIBRA,LINK DOWN,CABLE BROKEN BACKBONE,network_002,branch_017,CLOSED,15.0,2.17,fiber_cable,0
inc_00411,incident_tx_ip,TXNOC,2024,3,7,26,CRITICAL,FIBRA,LINK DOWN,CABLE BROKEN BACKBONE,network_002,branch_016,CLOSED,14.0,12.31,fiber_cable,0
inc_00412,incident_tx_ip,TXNOC,2024,3,7,26,CRITICAL,FIBRA,LINK DOWN,ATTENUATION NEAR TO THRESHOLD,network_002,branch_003,CLOSED,15.0,9.5,attenuation,0
inc_00413,incident_tx_ip,TXNOC,2024,3,7,26,CRITICAL,FIBRA,LINK DOWN,CABLE BROKEN BACKBONE,network_002,branch_008,CLOSED,15.0,5.17,fiber_cable,0
inc_00414,incident_tx_ip,TXNOC,2024,3,7,26,CRITICAL,FIBRA,LINK DOWN,CABLE BROKEN BACKBONE,network_002,branch_018,CLOSED,21.0,1.23,fiber_cable,0
inc_00415,incident_tx_ip,TXNOC,2024,3,7,26,CRITICAL,FIBRA,LINK DOWN,CABLE BROKEN BACKBONE,network_002,branch_017,CLOSED,15.0,6.17,fiber_cable,0
inc_00416,incident_tx_ip,TXNOC,2024,3,7,26,CRITICAL,MICROWAVE,LINK DOWN,IN SITE,network_001,branch_021,CLOSED,15.0,9.0,link_down,0
inc_00417,incident_tx_ip,TXNOC,2024,3,7,26,CRITICAL,FIBRA,LINK DOWN,CABLE BROKEN BACKBONE,network_002,branch_006,CLOSED,15.0,4.98,fiber_cable,0
inc_00418,incident_tx_ip,TXNOC,2024,3,7,26,CRITICAL,FIBRA,LINK DOWN,CABLE BROKEN BACKBONE,network_002,branch_017,CLOSED,15.0,6.75,fiber_cable,0
inc_00419,incident_tx_ip,TXNOC,2024,3,7,26,CRITICAL,FIBRA,LINK DOWN,CABLE BROKEN BACKBONE,network_002,branch_018,CLOSED,20.0,3.0,fiber_cable,0
inc_00420,incident_tx_ip,TXNOC,2024,3,7,26,MAJOR,MICROWAVE,BAD PERFORMANCE,IN SITE,network_001,branch_001,CLOSED,15.0,11.0,attenuation,0
inc_00421,incident_tx_ip,TXNOC,2024,3,7,26,MAJOR,MICROWAVE,BAD PERFORMANCE,IN SITE,network_001,branch_025,CLOSED,15.0,191.0,other,1
inc_00422,incident_tx_ip,TXNOC,2024,3,7,26,MAJOR,MICROWAVE,BAD PERFORMANCE,IN SITE,network_001,branch_014,CLOSED,15.0,30.5,link_down,1
inc_00423,incident_tx_ip,TXNOC,2024,3,7,26,MAJOR,MICROWAVE,BAD PERFORMANCE,IN SITE,network_001,branch_022,CLOSED,15.0,10.0,link_down,0
inc_00424,incident_tx_ip,TXNOC,2024,3,7,26,MAJOR,MICROWAVE,BAD PERFORMANCE,IN SITE,network_001,branch_014,CLOSED,15.0,39.0,link_down,1
inc_00425,incident_tx_ip,TXNOC,2024,3,7,26,MAJOR,MICROWAVE,BAD PERFORMANCE,IN SITE,network_001,branch_019,CLOSED,15.0,10.0,other,0
inc_00426,incident_tx_ip,TXNOC,2024,3,7,26,CRITICAL,FIBRA,ATTENUATION,ATTENUATION OVER THRESHOLD,network_002,branch_022,CLOSED,15.0,531.67,attenuation,1
inc_00427,incident_tx_ip,TXNOC,2024,3,7,26,CRITICAL,FIBRA,LINK DOWN,CABLE BROKEN BACKBONE,network_002,branch_003,CLOSED,15.0,3.82,fiber_cable,0
inc_00428,incident_tx_ip,TXNOC,2024,3,7,26,CRITICAL,FIBRA,ATTENUATION,ATTENUATION NEAR TO THRESHOLD,network_002,branch_010,CLOSED,14.0,218.0,attenuation,1
inc_00429,incident_tx_ip,TXNOC,2024,3,7,26,CRITICAL,FIBRA,LINK DOWN,CABLE BROKEN BACKBONE,network_002,branch_001,CLOSED,15.0,3.0,fiber_cable,0
inc_00430,incident_tx_ip,TXNOC,2024,3,7,26,MAJOR,FIBRA,LINK DOWN,ATTENUATION NEAR TO THRESHOLD,network_002,branch_010,CLOSED,15.0,8.0,fiber_cable,0
inc_00431,incident_tx_ip,TXNOC,2024,3,7,26,CRITICAL,FIBRA,LINK DOWN,ATTENUATION NEAR TO THRESHOLD,network_002,branch_003,CLOSED,15.0,0.0,fiber_cable,0
inc_00432,incident_tx_ip,TXNOC,2024,3,7,26,CRITICAL,FIBRA,LINK DOWN,CABLE BROKEN BACKBONE,network_002,branch_015,CLOSED,15.0,0.0,fiber_cable,0
inc_00433,incident_tx_ip,TXNOC,2024,3,7,26,MAJOR,FIBRA,LINK DOWN,CABLE BROKEN BACKBONE,network_002,branch_018,CLOSED,21.0,8.0,fiber_cable,0
inc_00434,incident_tx_ip,TXNOC,2024,3,7,26,MAJOR,FIBRA,ATTENUATION,ATTENUATION NEAR TO THRESHOLD,network_002,branch_003,CLOSED,15.0,42.27,attenuation,1
inc_00435,incident_tx_ip,TXNOC,2024,3,7,26,CRITICAL,FIBRA,LINK DOWN,ATTENUATION NEAR TO THRESHOLD,network_002,branch_009,CLOSED,15.0,196.5,fiber_cable,1
inc_00436,incident_tx_ip,TXNOC,2024,3,7,26,CRITICAL,FIBRA,LINK DOWN,CABLE BROKEN BACKBONE,network_002,branch_010,CLOSED,15.0,12.17,fiber_cable,0
inc_00437,incident_tx_ip,TXNOC,2024,3,7,26,CRITICAL,FIBRA,LINK DOWN,CABLE BROKEN BACKBONE,network_002,branch_003,CLOSED,15.0,2.3,fiber_cable,0
inc_00438,incident_tx_ip,TXNOC,2024,3,7,26,CRITICAL,FIBRA,LINK DOWN,CABLE BROKEN BACKBONE,network_002,branch_014,CLOSED,15.0,6.0,fiber_cable,0
inc_00439,incident_tx_ip,TXNOC,2024,3,7,26,CRITICAL,FIBRA,ATTENUATION,ATTENUATION NEAR TO THRESHOLD,network_002,branch_017,CLOSED,15.0,20.0,attenuation,1
inc_00440,incident_tx_ip,TXNOC,2024,3,7,26,CRITICAL,FIBRA,LINK DOWN,CABLE BROKEN BACKBONE,network_002,branch_021,CLOSED,15.0,5.5,fiber_cable,0
inc_00441,incident_tx_ip,TXNOC,2024,3,7,26,MAJOR,MICROWAVE,LINK DOWN,IN SITE,network_001,branch_011,CLOSED,15.0,50.0,equipment_module,1
inc_00442,incident_tx_ip,TXNOC,2024,3,7,26,CRITICAL,FIBRA,ATTENUATION,ATTENUATION NEAR TO THRESHOLD,network_002,branch_019,CLOSED,15.0,184.0,attenuation,1
inc_00443,incident_tx_ip,TXNOC,2024,3,7,26,MAJOR,MICROWAVE,BAD PERFORMANCE,IN SITE,network_001,branch_001,CLOSED,15.0,11.5,equipment_module,0
inc_00444,incident_tx_ip,TXNOC,2024,3,7,26,MAJOR,FIBRA,LINK DOWN,IN SITE,network_002,branch_009,CLOSED,15.0,28.0,fiber_cable,1
inc_00445,incident_tx_ip,TXNOC,2024,3,7,26,MAJOR,FIBRA,LINK DOWN,CABLE BROKEN BACKBONE,network_002,branch_018,CLOSED,21.0,0.0,fiber_cable,0
inc_00446,incident_tx_ip,TXNOC,2024,3,7,26,MAJOR,FIBRA,LINK DOWN,CABLE BROKEN BACKBONE,network_002,branch_010,CLOSED,15.0,10.17,fiber_cable,0
inc_00447,incident_tx_ip,TXNOC,2024,3,7,27,CRITICAL,FIBRA,LINK DOWN,CABLE BROKEN BACKBONE,network_002,branch_015,CLOSED,15.0,10.0,attenuation,0
inc_00448,incident_tx_ip,TXNOC,2024,3,7,27,CRITICAL,FIBRA,LINK DOWN,CABLE BROKEN BACKBONE,network_002,branch_001,CLOSED,15.0,6.67,fiber_cable,0
inc_00449,incident_tx_ip,TXNOC,2024,3,7,27,CRITICAL,FIBRA,ATTENUATION,CABLE BROKEN BACKBONE,network_002,branch_010,CLOSED,15.0,10.0,attenuation,0
inc_00450,incident_tx_ip,TXNOC,2024,3,7,27,CRITICAL,FIBRA,LINK DOWN,CABLE BROKEN BACKBONE,network_002,branch_018,CLOSED,20.0,5.92,fiber_cable,0
inc_00451,incident_tx_ip,TXNOC,2024,3,7,27,CRITICAL,FIBRA,LINK DOWN,CABLE BROKEN BACKBONE,network_002,branch_014,CLOSED,15.0,5.33,fiber_cable,0
inc_00452,incident_tx_ip,TXNOC,2024,3,7,27,CRITICAL,FIBRA,LINK DOWN,CABLE BROKEN BACKBONE,network_002,branch_010,CLOSED,15.0,2.33,fiber_cable,0
inc_00453,incident_tx_ip,TXNOC,2024,3,7,27,CRITICAL,FIBRA,LINK DOWN,CABLE BROKEN BACKBONE,network_002,branch_001,CLOSED,15.0,10.12,fiber_cable,0
inc_00454,incident_tx_ip,TXNOC,2024,3,7,27,MAJOR,FIBRA,ATTENUATION,ATTENUATION OVER THRESHOLD,network_002,branch_019,CLOSED,15.0,33.0,attenuation,1
inc_00455,incident_tx_ip,TXNOC,2024,3,7,27,CRITICAL,FIBRA,ATTENUATION,ATTENUATION NEAR TO THRESHOLD,network_002,branch_015,CLOSED,15.0,51.84,attenuation,1
inc_00456,incident_tx_ip,TXNOC,2024,3,7,27,CRITICAL,FIBRA,BAD PERFORMANCE,ATTENUATION NEAR TO THRESHOLD,network_002,branch_003,CLOSED,15.0,31.29,fiber_cable,1
inc_00457,incident_tx_ip,TXNOC,2024,3,7,27,CRITICAL,FIBRA,ATTENUATION,ATTENUATION NEAR TO THRESHOLD,network_002,branch_015,CLOSED,15.0,16.0,attenuation,1
inc_00458,incident_tx_ip,TXNOC,2024,3,7,27,CRITICAL,FIBRA,LINK DOWN,ATTENUATION NEAR TO THRESHOLD,network_002,branch_001,CLOSED,15.0,19.0,fiber_cable,1
inc_00459,incident_tx_ip,TXNOC,2024,3,7,27,MAJOR,FIBRA,LINK DOWN,CABLE BROKEN BACKBONE,network_002,branch_010,CLOSED,15.0,16.0,fiber_cable,1
inc_00460,incident_tx_ip,TXNOC,2024,3,7,27,CRITICAL,FIBRA,LINK DOWN,CABLE BROKEN BACKBONE,network_002,branch_011,CLOSED,15.0,0.0,fiber_cable,0
inc_00461,incident_tx_ip,TXNOC,2024,3,7,27,MAJOR,MICROWAVE,LINK DOWN,IN SITE,network_001,branch_022,CLOSED,15.0,57.48,equipment_module,1
inc_00462,incident_tx_ip,TXNOC,2024,3,7,27,CRITICAL,FIBRA,LINK DOWN,CABLE BROKEN BACKBONE,network_002,branch_002,CLOSED,15.0,5.0,fiber_cable,0
inc_00463,incident_tx_ip,TXNOC,2024,3,7,27,MAJOR,MICROWAVE,BAD PERFORMANCE,IN SITE,network_001,branch_014,CLOSED,15.0,20.0,logical_config,1
inc_00464,incident_tx_ip,TXNOC,2024,3,7,27,CRITICAL,MICROWAVE,BAD PERFORMANCE,IN SITE,network_001,branch_017,CLOSED,15.0,3.0,equipment_module,0
inc_00465,incident_tx_ip,TXNOC,2024,3,7,27,MAJOR,MICROWAVE,BAD PERFORMANCE,IN SITE,network_001,branch_019,CLOSED,15.0,3.0,logical_config,0
inc_00466,incident_tx_ip,TXNOC,2024,3,7,27,CRITICAL,FIBRA,LINK DOWN,CABLE BROKEN BACKBONE,network_002,branch_016,CLOSED,14.0,0.0,fiber_cable,0
inc_00467,incident_tx_ip,TXNOC,2024,3,7,27,CRITICAL,FIBRA,LINK DOWN,CABLE BROKEN BACKBONE,network_002,branch_008,CLOSED,15.0,9.33,fiber_cable,0
inc_00468,incident_tx_ip,TXNOC,2024,3,7,27,CRITICAL,FIBRA,ATTENUATION,ATTENUATION NEAR TO THRESHOLD,network_002,branch_004,CLOSED,15.0,20.0,attenuation,1
inc_00469,incident_tx_ip,TXNOC,2024,3,7,27,CRITICAL,FIBRA,LINK DOWN,CABLE BROKEN ACCESS,network_002,branch_018,CLOSED,20.0,17.23,fiber_cable,0
inc_00470,incident_tx_ip,TXNOC,2024,3,7,27,MAJOR,MICROWAVE,LINK DOWN,IN SITE,network_001,branch_014,CLOSED,15.0,12.88,link_down,0
inc_00471,incident_tx_ip,TXNOC,2024,3,7,27,CRITICAL,FIBRA,LINK DOWN,CABLE BROKEN ACCESS,network_002,branch_003,CLOSED,15.0,10.0,fiber_cable,0
inc_00472,incident_tx_ip,TXNOC,2024,3,7,28,MAJOR,MICROWAVE,BAD PERFORMANCE,IN SITE,network_001,branch_019,CLOSED,15.0,9.5,attenuation,0
inc_00473,incident_tx_ip,TXNOC,2024,3,7,28,CRITICAL,FIBRA,LINK DOWN,CABLE BROKEN BACKBONE,network_002,branch_022,CLOSED,15.0,7.17,fiber_cable,0
inc_00474,incident_tx_ip,TXNOC,2024,3,7,28,CRITICAL,FIBRA,ATTENUATION,ATTENUATION NEAR TO THRESHOLD,network_002,branch_003,CLOSED,15.0,99.82,attenuation,1
inc_00475,incident_tx_ip,TXNOC,2024,3,7,28,MAJOR,FIBRA,ATTENUATION,ATTENUATION NEAR TO THRESHOLD,network_002,branch_001,CLOSED,15.0,30.0,attenuation,1
inc_00476,incident_tx_ip,TXNOC,2024,3,7,28,CRITICAL,FIBRA,LINK DOWN,CABLE BROKEN BACKBONE,network_002,branch_010,CLOSED,14.0,7.05,fiber_cable,0
inc_00477,incident_tx_ip,TXNOC,2024,3,7,28,CRITICAL,FIBRA,LINK DOWN,CABLE BROKEN ACCESS,network_002,branch_001,CLOSED,15.0,9.5,fiber_cable,0
inc_00478,incident_tx_ip,TXNOC,2024,3,7,28,CRITICAL,FIBRA,LINK DOWN,CABLE BROKEN BACKBONE,network_002,branch_003,CLOSED,15.0,0.78,fiber_cable,0
inc_00479,incident_tx_ip,TXNOC,2024,3,7,28,MAJOR,MICROWAVE,BAD PERFORMANCE,IN SITE,network_001,branch_003,CLOSED,15.0,104.03,other,1
inc_00480,incident_tx_ip,TXNOC,2024,3,7,28,CRITICAL,FIBRA,BAD PERFORMANCE,ATTENUATION NEAR TO THRESHOLD,network_001,branch_016,CLOSED,15.0,4.6,temperature_environment,0
inc_00481,incident_tx_ip,TXNOC,2024,3,7,28,MAJOR,MICROWAVE,BAD PERFORMANCE,IN SITE,network_001,branch_013,CLOSED,15.0,1333.67,other,1
inc_00482,incident_tx_ip,TXNOC,2024,3,7,28,CRITICAL,FIBRA,LINK DOWN,CABLE BROKEN ACCESS,network_002,branch_003,CLOSED,15.0,10.0,fiber_cable,0
inc_00483,incident_tx_ip,TXNOC,2024,3,7,28,CRITICAL,FIBRA,LINK DOWN,CABLE BROKEN BACKBONE,network_002,branch_015,CLOSED,15.0,7.0,fiber_cable,0
inc_00484,incident_tx_ip,TXNOC,2024,3,7,28,CRITICAL,FIBRA,LINK DOWN,CABLE BROKEN BACKBONE,network_002,branch_018,CLOSED,21.0,6.82,fiber_cable,0
inc_00485,incident_tx_ip,TXNOC,2024,3,7,28,CRITICAL,FIBRA,LINK DOWN,CABLE BROKEN BACKBONE,network_002,branch_018,CLOSED,21.0,7.33,fiber_cable,0
inc_00486,incident_tx_ip,TXNOC,2024,3,7,28,MAJOR,MICROWAVE,BAD PERFORMANCE,IN SITE,network_001,branch_006,CLOSED,15.0,93.0,equipment_module,1
inc_00487,incident_tx_ip,TXNOC,2024,3,7,28,MAJOR,MICROWAVE,BAD PERFORMANCE,IN SITE,network_001,branch_013,CLOSED,15.0,0.0,other,0
inc_00488,incident_tx_ip,TXNOC,2024,3,7,28,MAJOR,MICROWAVE,BAD PERFORMANCE,IN SITE,network_001,branch_013,CLOSED,15.0,0.0,other,0
inc_00489,incident_tx_ip,TXNOC,2024,3,7,28,MAJOR,MICROWAVE,BAD PERFORMANCE,IN SITE,network_001,branch_003,CLOSED,15.0,19.12,logical_config,1
inc_00490,incident_tx_ip,TXNOC,2024,3,7,28,CRITICAL,FIBRA,ATTENUATION,ATTENUATION NEAR TO THRESHOLD,network_002,branch_005,CLOSED,15.0,38.74,attenuation,1
inc_00491,incident_tx_ip,TXNOC,2024,3,7,28,CRITICAL,FIBRA,LINK DOWN,ATTENUATION OVER THRESHOLD,network_002,branch_012,CLOSED,15.0,7.0,fiber_cable,0
inc_00492,incident_tx_ip,TXNOC,2024,3,7,28,CRITICAL,FIBRA,BAD PERFORMANCE,IN SITE,network_002,branch_009,CLOSED,7.0,2.0,temperature_environment,0
inc_00493,incident_tx_ip,TXNOC,2024,3,7,28,CRITICAL,FIBRA,LINK DOWN,ATTENUATION OVER THRESHOLD,network_002,branch_029,CLOSED,15.0,6.97,fiber_cable,0
inc_00494,incident_tx_ip,TXNOC,2024,3,7,28,CRITICAL,FIBRA,LINK DOWN,CABLE BROKEN BACKBONE,network_002,branch_014,CLOSED,15.0,0.0,fiber_cable,0
inc_00495,incident_tx_ip,TXNOC,2024,3,7,28,CRITICAL,MICROWAVE,LINK DOWN,IN SITE,network_001,branch_003,CLOSED,15.0,20.0,equipment_module,1
inc_00496,incident_tx_ip,TXNOC,2024,3,7,28,CRITICAL,FIBRA,LINK DOWN,CABLE BROKEN BACKBONE,network_002,branch_029,CLOSED,15.0,4.47,fiber_cable,0
inc_00497,incident_tx_ip,TXNOC,2024,3,7,28,CRITICAL,FIBRA,LINK DOWN,CABLE BROKEN BACKBONE,network_002,branch_008,CLOSED,15.0,6.37,fiber_cable,0
inc_00498,incident_tx_ip,TXNOC,2024,3,7,28,CRITICAL,FIBRA,LINK DOWN,CABLE BROKEN BACKBONE,network_002,branch_006,CLOSED,13.0,6.52,fiber_cable,0
inc_00499,incident_tx_ip,TXNOC,2024,3,7,28,CRITICAL,FIBRA,LINK DOWN,CABLE BROKEN BACKBONE,network_002,branch_005,CLOSED,15.0,6.5,fiber_cable,0
inc_00500,incident_tx_ip,TXNOC,2024,3,7,28,CRITICAL,MICROWAVE,LINK DOWN,IN SITE,network_001,branch_011,CLOSED,15.0,8.83,equipment_module,0
inc_00501,incident_tx_ip,TXNOC,2024,3,7,28,MAJOR,MICROWAVE,BAD PERFORMANCE,IN SITE,network_001,branch_012,CLOSED,15.0,318.02,other,1
inc_00502,incident_tx_ip,TXNOC,2024,3,7,28,MAJOR,MICROWAVE,LINK DOWN,IN SITE,network_001,branch_024,CLOSED,15.0,360.0,power_energy,1
inc_00503,incident_tx_ip,TXNOC,2024,3,7,29,CRITICAL,FIBRA,LINK DOWN,IN SITE,network_002,branch_010,CLOSED,14.0,28.0,fiber_cable,1
inc_00504,incident_tx_ip,TXNOC,2024,3,7,29,CRITICAL,FIBRA,LINK DOWN,CABLE BROKEN BACKBONE,network_002,branch_018,CLOSED,20.0,6.46,fiber_cable,0
inc_00505,incident_tx_ip,TXNOC,2024,3,7,29,CRITICAL,FIBRA,LINK DOWN,CABLE BROKEN BACKBONE,network_002,branch_003,CLOSED,15.0,7.0,fiber_cable,0
inc_00506,incident_tx_ip,TXNOC,2024,3,7,29,CRITICAL,FIBRA,LINK DOWN,CABLE BROKEN BACKBONE,network_002,branch_011,CLOSED,17.0,6.0,fiber_cable,0
inc_00507,incident_tx_ip,TXNOC,2024,3,7,29,CRITICAL,FIBRA,LINK DOWN,IN SITE,network_002,branch_015,CLOSED,15.0,2.0,fiber_cable,0
inc_00508,incident_tx_ip,TXNOC,2024,3,7,29,CRITICAL,FIBRA,ATTENUATION,ATTENUATION NEAR TO THRESHOLD,network_002,branch_008,CLOSED,15.0,10.0,attenuation,0
inc_00509,incident_tx_ip,TXNOC,2024,3,7,29,CRITICAL,FIBRA,ATTENUATION,ATTENUATION NEAR TO THRESHOLD,network_002,branch_003,CLOSED,15.0,222.0,attenuation,1
inc_00510,incident_tx_ip,TXNOC,2024,3,7,29,MAJOR,MICROWAVE,LINK DOWN,IN SITE,network_001,branch_025,CLOSED,15.0,0.0,link_down,0
inc_00511,incident_tx_ip,TXNOC,2024,3,7,29,MAJOR,FIBRA,LINK DOWN,ATTENUATION NEAR TO THRESHOLD,network_002,branch_018,CLOSED,20.0,0.0,fiber_cable,0
inc_00512,incident_tx_ip,TXNOC,2024,3,7,29,MAJOR,MICROWAVE,BAD PERFORMANCE,IN SITE,network_001,branch_006,CLOSED,15.0,456.88,equipment_module,1
inc_00513,incident_tx_ip,TXNOC,2024,3,7,29,MAJOR,MICROWAVE,LINK DOWN,IN SITE,network_001,branch_021,CLOSED,15.0,312.0,equipment_module,1
inc_00514,incident_tx_ip,TXNOC,2024,3,7,29,CRITICAL,FIBRA,LINK DOWN,IN SITE,network_002,branch_003,CLOSED,15.0,17.53,fiber_cable,1
inc_00515,incident_tx_ip,TXNOC,2024,3,7,29,MAJOR,MICROWAVE,LINK DOWN,IN SITE,network_001,branch_001,CLOSED,15.0,341.08,equipment_module,1
inc_00516,incident_tx_ip,TXNOC,2024,3,7,29,MAJOR,MICROWAVE,LINK DOWN,IN SITE,network_001,branch_011,CLOSED,15.0,15.5,equipment_module,1
inc_00517,incident_tx_ip,TXNOC,2024,3,7,29,MAJOR,MICROWAVE,LINK DOWN,IN SITE,network_001,branch_011,CLOSED,15.0,16.33,link_down,1
inc_00518,incident_tx_ip,TXNOC,2024,3,7,29,MAJOR,FIBRA,ATTENUATION,ATTENUATION NEAR TO THRESHOLD,network_002,branch_018,CLOSED,19.0,28.54,attenuation,1
inc_00519,incident_tx_ip,TXNOC,2024,3,7,29,CRITICAL,FIBRA,LINK DOWN,CABLE BROKEN BACKBONE,network_002,branch_020,CLOSED,15.0,7.0,fiber_cable,0
inc_00520,incident_tx_ip,TXNOC,2024,3,7,29,CRITICAL,FIBRA,LINK DOWN,CABLE BROKEN BACKBONE,network_002,branch_018,CLOSED,21.0,10.0,fiber_cable,0
inc_00521,incident_tx_ip,TXNOC,2024,3,7,29,CRITICAL,FIBRA,LINK DOWN,CABLE BROKEN BACKBONE,network_002,branch_018,CLOSED,21.0,6.67,fiber_cable,0
inc_00522,incident_tx_ip,TXNOC,2024,3,7,29,CRITICAL,FIBRA,LINK DOWN,CABLE BROKEN BACKBONE,network_002,branch_001,CLOSED,15.0,7.02,fiber_cable,0
inc_00523,incident_tx_ip,TXNOC,2024,3,7,29,CRITICAL,FIBRA,LINK DOWN,CABLE BROKEN BACKBONE,network_002,branch_012,CLOSED,15.0,9.0,fiber_cable,0
inc_00524,incident_tx_ip,TXNOC,2024,3,7,29,MAJOR,FIBRA,BAD PERFORMANCE,IN SITE,network_002,branch_001,CLOSED,7.0,74.31,fiber_cable,1
inc_00525,incident_tx_ip,TXNOC,2024,3,7,29,CRITICAL,FIBRA,LINK DOWN,CABLE BROKEN BACKBONE,network_002,branch_020,CLOSED,15.0,0.83,fiber_cable,0
inc_00526,incident_tx_ip,TXNOC,2024,3,7,29,CRITICAL,MICROWAVE,LINK DOWN,IN SITE,network_001,branch_028,CLOSED,15.0,634.0,link_down,1
inc_00527,incident_tx_ip,TXNOC,2024,3,7,29,MAJOR,MICROWAVE,BAD PERFORMANCE,IN SITE,network_001,branch_028,CLOSED,15.0,6.33,equipment_module,0
inc_00528,incident_tx_ip,TXNOC,2024,3,7,29,MAJOR,FIBRA,LINK DOWN,CABLE BROKEN BACKBONE,network_002,branch_018,CLOSED,21.0,0.33,fiber_cable,0
inc_00529,incident_tx_ip,TXNOC,2024,3,7,29,MAJOR,FIBRA,LINK DOWN,CABLE BROKEN BACKBONE,network_002,branch_010,CLOSED,14.0,0.0,fiber_cable,0
inc_00530,incident_tx_ip,TXNOC,2024,3,7,29,MAJOR,FIBRA,BAD PERFORMANCE,IN SITE,network_002,branch_021,CLOSED,15.0,5.0,attenuation,0
inc_00531,incident_tx_ip,TXNOC,2024,3,7,29,CRITICAL,FIBRA,LINK DOWN,CABLE BROKEN BACKBONE,network_002,branch_006,CLOSED,15.0,8.5,fiber_cable,0
inc_00532,incident_tx_ip,TXNOC,2024,3,7,29,CRITICAL,FIBRA,LINK DOWN,CABLE BROKEN BACKBONE,network_002,branch_008,CLOSED,15.0,6.67,fiber_cable,0
inc_00533,incident_tx_ip,TXNOC,2024,3,7,29,MAJOR,MICROWAVE,BAD PERFORMANCE,IN SITE,network_001,branch_013,CLOSED,15.0,353.88,other,1
inc_00534,incident_tx_ip,TXNOC,2024,3,7,29,CRITICAL,FIBRA,LINK DOWN,CABLE BROKEN ACCESS,network_002,branch_005,CLOSED,15.0,1.17,fiber_cable,0
inc_00535,incident_tx_ip,TXNOC,2024,3,7,29,MAJOR,MICROWAVE,BAD PERFORMANCE,IN SITE,network_001,branch_002,CLOSED,15.0,80.0,logical_config,1
inc_00536,incident_tx_ip,TXNOC,2024,3,7,29,MAJOR,MICROWAVE,BAD PERFORMANCE,IN SITE,network_001,branch_019,CLOSED,15.0,1.75,other,0
inc_00537,incident_tx_ip,TXNOC,2024,3,7,29,CRITICAL,FIBRA,LINK DOWN,CABLE BROKEN BACKBONE,network_002,branch_008,CLOSED,15.0,0.0,fiber_cable,0
inc_00538,incident_tx_ip,TXNOC,2024,3,7,29,CRITICAL,FIBRA,LINK DOWN,CABLE BROKEN BACKBONE,network_002,branch_022,CLOSED,15.0,9.46,fiber_cable,0
inc_00539,incident_tx_ip,TXNOC,2024,3,7,29,CRITICAL,FIBRA,ATTENUATION,ATTENUATION OVER THRESHOLD,network_002,branch_014,CLOSED,15.0,28.58,attenuation,1
inc_00540,incident_tx_ip,TXNOC,2024,3,7,29,CRITICAL,FIBRA,LINK DOWN,IN SITE,network_002,branch_017,CLOSED,15.0,6.32,fiber_cable,0
inc_00541,incident_tx_ip,TXNOC,2024,3,7,29,MAJOR,MICROWAVE,LINK DOWN,IN SITE,network_001,branch_014,CLOSED,15.0,5.5,link_down,0
inc_00542,incident_tx_ip,TXNOC,2024,3,8,29,MAJOR,MICROWAVE,LINK DOWN,IN SITE,network_001,branch_012,CLOSED,15.0,314.5,link_down,1
inc_00543,incident_tx_ip,TXNOC,2024,3,8,29,MAJOR,MICROWAVE,LINK DOWN,IN SITE,network_001,branch_014,CLOSED,15.0,1.83,equipment_module,0
inc_00544,incident_tx_ip,TXNOC,2024,3,8,29,CRITICAL,FIBRA,LINK DOWN,CABLE BROKEN BACKBONE,network_002,branch_015,CLOSED,15.0,12.0,attenuation,0
inc_00545,incident_tx_ip,TXNOC,2024,3,8,29,CRITICAL,MICROWAVE,LINK DOWN,CABLE BROKEN BACKBONE,network_002,branch_018,CLOSED,21.0,4.52,link_down,0
inc_00546,incident_tx_ip,TXNOC,2024,3,8,29,MAJOR,MICROWAVE,LINK DOWN,IN SITE,network_001,branch_021,CLOSED,15.0,2.5,power_energy,0
inc_00547,incident_tx_ip,TXNOC,2024,3,8,29,MAJOR,MICROWAVE,LINK DOWN,IN SITE,network_001,branch_012,CLOSED,15.0,10.0,link_down,0
inc_00548,incident_tx_ip,TXNOC,2024,3,8,30,CRITICAL,FIBRA,LINK DOWN,CABLE BROKEN ACCESS,network_002,branch_006,CLOSED,13.0,7.5,fiber_cable,0
inc_00549,incident_tx_ip,TXNOC,2024,3,8,30,MAJOR,MICROWAVE,BAD PERFORMANCE,CABLE BROKEN ACCESS,network_001,branch_009,CLOSED,15.0,17.33,other,1
inc_00550,incident_tx_ip,TXNOC,2024,3,8,30,CRITICAL,FIBRA,LINK DOWN,CABLE BROKEN ACCESS,network_002,branch_001,CLOSED,15.0,5.83,fiber_cable,0
inc_00551,incident_tx_ip,TXNOC,2024,3,8,30,MAJOR,MICROWAVE,LINK DOWN,IN SITE,network_001,branch_009,CLOSED,15.0,20.0,equipment_module,1
inc_00552,incident_tx_ip,TXNOC,2024,3,8,30,MAJOR,MICROWAVE,BAD PERFORMANCE,IN SITE,network_001,branch_015,CLOSED,15.0,10.0,other,0
inc_00553,incident_tx_ip,TXNOC,2024,3,8,30,MAJOR,FIBRA,ATTENUATION,ATTENUATION OVER THRESHOLD,network_002,branch_001,CLOSED,15.0,10.0,attenuation,0
inc_00554,incident_tx_ip,TXNOC,2024,3,8,30,CRITICAL,FIBRA,LINK DOWN,CABLE BROKEN BACKBONE,network_002,branch_017,CLOSED,15.0,570.0,fiber_cable,1
inc_00555,incident_tx_ip,TXNOC,2024,3,8,30,MAJOR,FIBRA,ATTENUATION,ATTENUATION OVER THRESHOLD,network_002,branch_015,CLOSED,15.0,19.8,attenuation,1
inc_00556,incident_tx_ip,TXNOC,2024,3,8,30,CRITICAL,FIBRA,LINK DOWN,CABLE BROKEN BACKBONE,network_002,branch_001,CLOSED,15.0,13.83,fiber_cable,0
inc_00557,incident_tx_ip,TXNOC,2024,3,8,30,CRITICAL,FIBRA,LINK DOWN,CABLE BROKEN BACKBONE,network_002,branch_009,CLOSED,15.0,6.83,fiber_cable,0
inc_00558,incident_tx_ip,TXNOC,2024,3,8,30,CRITICAL,FIBRA,LINK DOWN,IN SITE,network_002,branch_003,CLOSED,7.0,24.89,fiber_cable,1
inc_00559,incident_tx_ip,TXNOC,2024,3,8,30,CRITICAL,MICROWAVE,LINK DOWN,IN SITE,network_001,branch_024,CLOSED,15.0,7.0,equipment_module,0
inc_00560,incident_tx_ip,TXNOC,2024,3,8,30,CRITICAL,FIBRA,LINK DOWN,IN SITE,network_002,branch_007,CLOSED,15.0,8.0,attenuation,0
inc_00561,incident_tx_ip,TXNOC,2024,3,8,30,MAJOR,MICROWAVE,BAD PERFORMANCE,IN SITE,network_001,branch_009,CLOSED,15.0,20.0,other,1
inc_00562,incident_tx_ip,TXNOC,2024,3,8,30,CRITICAL,FIBRA,LINK DOWN,CABLE BROKEN BACKBONE,network_002,branch_006,CLOSED,13.0,5.0,fiber_cable,0
inc_00563,incident_tx_ip,TXNOC,2024,3,8,30,CRITICAL,FIBRA,LINK DOWN,CABLE BROKEN BACKBONE,network_002,branch_003,CLOSED,15.0,4.0,fiber_cable,0
inc_00564,incident_tx_ip,TXNOC,2024,3,8,30,CRITICAL,FIBRA,LINK DOWN,CABLE BROKEN BACKBONE,network_002,branch_018,CLOSED,21.0,81.42,fiber_cable,1
inc_00565,incident_tx_ip,TXNOC,2024,3,8,30,CRITICAL,FIBRA,LINK DOWN,CABLE BROKEN BACKBONE,network_002,branch_003,CLOSED,15.0,5.46,fiber_cable,0
inc_00566,incident_tx_ip,TXNOC,2024,3,8,30,CRITICAL,FIBRA,LINK DOWN,CABLE BROKEN BACKBONE,network_002,branch_014,CLOSED,15.0,4.52,fiber_cable,0
inc_00567,incident_tx_ip,TXNOC,2024,3,8,30,CRITICAL,FIBRA,LINK DOWN,CABLE BROKEN BACKBONE,network_002,branch_006,CLOSED,15.0,2.87,fiber_cable,0
inc_00568,incident_tx_ip,TXNOC,2024,3,8,30,MAJOR,MICROWAVE,BAD PERFORMANCE,IN SITE,network_001,branch_014,CLOSED,15.0,9.27,other,0
inc_00569,incident_tx_ip,TXNOC,2024,3,8,30,MAJOR,MICROWAVE,BAD PERFORMANCE,IN SITE,network_001,branch_014,CLOSED,15.0,610.0,other,1
inc_00570,incident_tx_ip,TXNOC,2024,3,8,30,MAJOR,FIBRA,LINK DOWN,CABLE BROKEN BACKBONE,network_002,branch_001,CLOSED,15.0,20.0,attenuation,1
inc_00571,incident_tx_ip,TXNOC,2024,3,8,30,CRITICAL,FIBRA,LINK DOWN,CABLE BROKEN BACKBONE,network_002,branch_007,CLOSED,15.0,9.58,fiber_cable,0
inc_00572,incident_tx_ip,TXNOC,2024,3,8,30,CRITICAL,FIBRA,LINK DOWN,CABLE BROKEN BACKBONE,network_002,branch_015,CLOSED,15.0,5.0,fiber_cable,0
inc_00573,incident_tx_ip,TXNOC,2024,3,8,30,MAJOR,MICROWAVE,BAD PERFORMANCE,IN SITE,network_001,branch_005,CLOSED,15.0,5.0,other,0
inc_00574,incident_tx_ip,TXNOC,2024,3,8,30,MAJOR,MICROWAVE,BAD PERFORMANCE,IN SITE,network_001,branch_021,CLOSED,15.0,10.0,other,0
inc_00575,incident_tx_ip,TXNOC,2024,3,8,30,CRITICAL,FIBRA,LINK DOWN,CABLE BROKEN BACKBONE,network_002,branch_009,CLOSED,15.0,18.91,attenuation,1
inc_00576,incident_tx_ip,TXNOC,2024,3,8,30,MAJOR,MICROWAVE,BAD PERFORMANCE,IN SITE,network_001,branch_005,CLOSED,15.0,6.0,other,0
inc_00577,incident_tx_ip,TXNOC,2024,3,8,30,MAJOR,MICROWAVE,BAD PERFORMANCE,IN SITE,network_001,branch_013,CLOSED,15.0,1070.0,other,1
inc_00578,incident_tx_ip,TXNOC,2024,3,8,30,CRITICAL,FIBRA,LINK DOWN,CABLE BROKEN BACKBONE,network_002,branch_019,CLOSED,15.0,4.87,attenuation,0
inc_00579,incident_tx_ip,TXNOC,2024,3,8,30,CRITICAL,FIBRA,LINK DOWN,CABLE BROKEN BACKBONE,network_002,branch_021,CLOSED,15.0,1.33,fiber_cable,0
inc_00580,incident_tx_ip,TXNOC,2024,3,8,30,CRITICAL,FIBRA,LINK DOWN,CABLE BROKEN BACKBONE,network_002,branch_009,CLOSED,15.0,6.82,fiber_cable,0
inc_00581,incident_tx_ip,TXNOC,2024,3,8,30,CRITICAL,FIBRA,LINK DOWN,CABLE BROKEN ACCESS,network_002,branch_018,CLOSED,21.0,2.82,fiber_cable,0
inc_00582,incident_tx_ip,TXNOC,2024,3,8,30,MAJOR,FIBRA,LINK DOWN,CABLE BROKEN ACCESS,network_002,branch_010,CLOSED,15.0,5.17,fiber_cable,0
inc_00583,incident_tx_ip,TXNOC,2024,3,8,31,CRITICAL,FIBRA,LINK DOWN,CABLE BROKEN BACKBONE,network_002,branch_020,CLOSED,15.0,5.0,attenuation,0
inc_00584,incident_tx_ip,TXNOC,2024,3,8,31,MAJOR,MICROWAVE,BAD PERFORMANCE,IN SITE,network_001,branch_006,CLOSED,15.0,4.65,other,0
inc_00585,incident_tx_ip,TXNOC,2024,3,8,31,CRITICAL,FIBRA,LINK DOWN,CABLE BROKEN BACKBONE,network_002,branch_014,CLOSED,15.0,4.5,fiber_cable,0
inc_00586,incident_tx_ip,TXNOC,2024,3,8,31,MAJOR,MICROWAVE,LINK DOWN,IN SITE,network_001,branch_017,CLOSED,15.0,10.0,equipment_module,0
inc_00587,incident_tx_ip,TXNOC,2024,3,8,31,CRITICAL,FIBRA,ATTENUATION,ATTENUATION OVER THRESHOLD,network_002,branch_003,CLOSED,15.0,0.0,attenuation,0
inc_00588,incident_tx_ip,TXNOC,2024,3,8,31,MAJOR,FIBRA,LINK DOWN,ATTENUATION NEAR TO THRESHOLD,network_002,branch_004,CLOSED,15.0,5.0,attenuation,0
inc_00589,incident_tx_ip,TXNOC,2024,3,8,31,MAJOR,MICROWAVE,LINK DOWN,IN SITE,network_001,branch_008,CLOSED,15.0,1200.0,equipment_module,1
inc_00590,incident_tx_ip,TXNOC,2024,3,8,31,CRITICAL,FIBRA,LINK DOWN,CABLE BROKEN ACCESS,network_002,branch_018,CLOSED,21.0,8.5,fiber_cable,0
inc_00591,incident_tx_ip,TXNOC,2024,3,8,31,MAJOR,MICROWAVE,BAD PERFORMANCE,IN SITE,network_001,branch_007,CLOSED,15.0,93.75,equipment_module,1
inc_00592,incident_tx_ip,TXNOC,2024,3,8,31,CRITICAL,FIBRA,LINK DOWN,CABLE BROKEN BACKBONE,network_002,branch_001,CLOSED,15.0,20.0,fiber_cable,1
inc_00593,incident_tx_ip,TXNOC,2024,3,8,31,MAJOR,MICROWAVE,BAD PERFORMANCE,IN SITE,network_001,branch_009,CLOSED,15.0,10.0,other,0
inc_00594,incident_tx_ip,TXNOC,2024,3,8,31,MAJOR,MICROWAVE,BAD PERFORMANCE,IN SITE,network_001,branch_013,CLOSED,15.0,654.5,equipment_module,1
inc_00595,incident_tx_ip,TXNOC,2024,3,8,31,MAJOR,MICROWAVE,BAD PERFORMANCE,IN SITE,network_001,branch_012,CLOSED,15.0,220.0,other,1
inc_00596,incident_tx_ip,TXNOC,2024,3,8,31,MAJOR,MICROWAVE,BAD PERFORMANCE,IN SITE,network_001,branch_016,CLOSED,15.0,209.69,logical_config,1
inc_00597,incident_tx_ip,TXNOC,2024,3,8,31,CRITICAL,FIBRA,LINK DOWN,CABLE BROKEN BACKBONE,network_002,branch_003,CLOSED,15.0,12.73,fiber_cable,0
inc_00598,incident_tx_ip,TXNOC,2024,3,8,31,MAJOR,MICROWAVE,BAD PERFORMANCE,IN SITE,network_001,branch_013,CLOSED,15.0,79.73,logical_config,1
inc_00599,incident_tx_ip,TXNOC,2024,3,8,31,CRITICAL,FIBRA,LINK DOWN,CABLE BROKEN BACKBONE,network_002,branch_017,CLOSED,15.0,17.0,fiber_cable,1
inc_00600,incident_tx_ip,TXNOC,2024,3,8,31,MAJOR,MICROWAVE,BAD PERFORMANCE,IN SITE,network_001,branch_009,CLOSED,15.0,10.0,logical_config,0
inc_00601,incident_tx_ip,TXNOC,2024,3,8,31,MAJOR,MICROWAVE,BAD PERFORMANCE,IN SITE,network_001,branch_008,CLOSED,15.0,77.0,other,1
inc_00602,incident_tx_ip,TXNOC,2024,3,8,31,MAJOR,MICROWAVE,BAD PERFORMANCE,IN SITE,network_001,branch_014,CLOSED,15.0,20.0,logical_config,1
inc_00603,incident_tx_ip,TXNOC,2024,3,8,31,MAJOR,MICROWAVE,BAD PERFORMANCE,IN SITE,network_001,branch_014,CLOSED,15.0,13.0,attenuation,0
inc_00604,incident_tx_ip,TXNOC,2024,3,8,31,CRITICAL,FIBRA,LINK DOWN,CABLE BROKEN BACKBONE,network_002,branch_017,CLOSED,15.0,10.5,fiber_cable,0
inc_00605,incident_tx_ip,TXNOC,2024,3,8,31,MAJOR,MICROWAVE,BAD PERFORMANCE,IN SITE,network_001,branch_009,CLOSED,15.0,482.0,other,1
inc_00606,incident_tx_ip,TXNOC,2024,3,8,31,CRITICAL,FIBRA,ATTENUATION,ATTENUATION OVER THRESHOLD,network_002,branch_018,CLOSED,21.0,148.14,attenuation,1
inc_00607,incident_tx_ip,TXNOC,2024,3,8,31,MAJOR,MICROWAVE,BAD PERFORMANCE,IN SITE,network_001,branch_017,CLOSED,15.0,81.0,equipment_module,1
inc_00608,incident_tx_ip,TXNOC,2024,3,8,31,CRITICAL,FIBRA,LINK DOWN,CABLE BROKEN BACKBONE,network_002,branch_015,CLOSED,15.0,10.0,fiber_cable,0
inc_00609,incident_tx_ip,TXNOC,2024,3,8,31,CRITICAL,FIBRA,LINK DOWN,CABLE BROKEN BACKBONE,network_002,branch_003,CLOSED,15.0,2.63,fiber_cable,0
inc_00610,incident_tx_ip,TXNOC,2024,3,8,31,MAJOR,MICROWAVE,BAD PERFORMANCE,IN SITE,network_001,branch_004,CLOSED,15.0,198.0,other,1
inc_00611,incident_tx_ip,TXNOC,2024,3,8,31,CRITICAL,MICROWAVE,LINK DOWN,IN SITE,network_001,branch_003,CLOSED,15.0,16.0,equipment_module,1
inc_00612,incident_tx_ip,TXNOC,2024,3,8,31,CRITICAL,MICROWAVE,LINK DOWN,CABLE BROKEN BACKBONE,network_002,branch_004,CLOSED,15.0,5.92,fiber_cable,0
inc_00613,incident_tx_ip,TXNOC,2024,3,8,31,CRITICAL,MICROWAVE,LINK DOWN,CABLE BROKEN BACKBONE,network_002,branch_008,CLOSED,15.0,5.8,link_down,0
inc_00614,incident_tx_ip,TXNOC,2024,3,8,31,CRITICAL,FIBRA,LINK DOWN,CABLE BROKEN BACKBONE,network_002,branch_018,CLOSED,21.0,6.97,fiber_cable,0
inc_00615,incident_tx_ip,TXNOC,2024,3,8,31,CRITICAL,FIBRA,LINK DOWN,CABLE BROKEN ACCESS,network_002,branch_018,CLOSED,21.0,9.5,fiber_cable,0
inc_00616,incident_tx_ip,TXNOC,2024,3,8,31,CRITICAL,FIBRA,LINK DOWN,CABLE BROKEN ACCESS,network_002,branch_015,CLOSED,15.0,18.75,fiber_cable,1
inc_00617,incident_tx_ip,TXNOC,2024,3,8,31,CRITICAL,FIBRA,LINK DOWN,CABLE BROKEN BACKBONE,network_002,branch_015,CLOSED,15.0,27.5,fiber_cable,1
inc_00618,incident_tx_ip,TXNOC,2024,3,8,31,CRITICAL,FIBRA,LINK DOWN,CABLE BROKEN BACKBONE,network_002,branch_018,CLOSED,20.0,15.05,fiber_cable,0
inc_00619,incident_tx_ip,TXNOC,2024,3,8,31,CRITICAL,FIBRA,LINK DOWN,CABLE BROKEN BACKBONE,network_002,branch_025,CLOSED,14.0,4.5,fiber_cable,0
inc_00620,incident_tx_ip,TXNOC,2024,3,8,31,CRITICAL,FIBRA,LINK DOWN,CABLE BROKEN BACKBONE,network_002,branch_009,CLOSED,15.0,3.56,fiber_cable,0
inc_00621,incident_tx_ip,TXNOC,2024,3,8,31,CRITICAL,FIBRA,LINK DOWN,CABLE BROKEN BACKBONE,network_002,branch_018,CLOSED,21.0,0.0,fiber_cable,0
inc_00622,incident_tx_ip,TXNOC,2024,3,8,31,CRITICAL,FIBRA,LINK DOWN,CABLE BROKEN BACKBONE,network_002,branch_027,CLOSED,27.0,13.57,fiber_cable,0
inc_00623,incident_tx_ip,TXNOC,2024,3,8,31,CRITICAL,FIBRA,LINK DOWN,CABLE BROKEN BACKBONE,network_002,branch_021,CLOSED,15.0,20.0,fiber_cable,1
inc_00624,incident_tx_ip,TXNOC,2024,3,8,31,CRITICAL,MICROWAVE,LINK DOWN,IN SITE,network_001,branch_001,CLOSED,15.0,330.0,link_down,1
inc_00625,incident_tx_ip,TXNOC,2024,3,8,31,MAJOR,FIBRA,LINK DOWN,CABLE BROKEN BACKBONE,network_002,branch_022,CLOSED,15.0,5.0,fiber_cable,0
inc_00626,incident_tx_ip,TXNOC,2024,3,8,31,CRITICAL,FIBRA,LINK DOWN,CABLE BROKEN BACKBONE,network_002,branch_008,CLOSED,15.0,2.75,fiber_cable,0
inc_00627,incident_tx_ip,TXNOC,2024,3,8,32,CRITICAL,FIBRA,ATTENUATION,ATTENUATION NEAR TO THRESHOLD,network_002,branch_015,CLOSED,15.0,24.24,attenuation,1
inc_00628,incident_tx_ip,TXNOC,2024,3,8,32,MAJOR,MICROWAVE,BAD PERFORMANCE,IN SITE,network_001,branch_003,CLOSED,15.0,7.0,link_down,0
inc_00629,incident_tx_ip,TXNOC,2024,3,8,32,MAJOR,FIBRA,LINK DOWN,CABLE BROKEN BACKBONE,network_002,branch_002,CLOSED,15.0,0.0,fiber_cable,0
inc_00630,incident_tx_ip,TXNOC,2024,3,8,32,MAJOR,MICROWAVE,BAD PERFORMANCE,ATTENUATION OVER THRESHOLD,network_001,branch_001,CLOSED,15.0,32.0,equipment_module,1
inc_00631,incident_tx_ip,TXNOC,2024,3,8,32,CRITICAL,FIBRA,LINK DOWN,CABLE BROKEN BACKBONE,network_002,branch_014,CLOSED,15.0,1.0,fiber_cable,0
inc_00632,incident_tx_ip,TXNOC,2024,3,8,32,MAJOR,MICROWAVE,LINK DOWN,IN SITE,network_001,branch_019,CLOSED,15.0,1.58,equipment_module,0
inc_00633,incident_tx_ip,TXNOC,2024,3,8,32,CRITICAL,FIBRA,LINK DOWN,IN SITE,network_002,branch_018,CLOSED,21.0,1.0,fiber_cable,0
inc_00634,incident_tx_ip,TXNOC,2024,3,8,32,MAJOR,MICROWAVE,LINK DOWN,CABLE BROKEN ACCESS,network_001,branch_005,CLOSED,15.0,0.0,equipment_module,0
inc_00635,incident_tx_ip,TXNOC,2024,3,8,32,CRITICAL,FIBRA,LINK DOWN,CABLE BROKEN BACKBONE,network_002,branch_010,CLOSED,15.0,8.0,fiber_cable,0
inc_00636,incident_tx_ip,TXNOC,2024,3,8,32,CRITICAL,FIBRA,LINK DOWN,CABLE BROKEN BACKBONE,network_002,branch_003,CLOSED,15.0,6.72,fiber_cable,0
inc_00637,incident_tx_ip,TXNOC,2024,3,8,32,CRITICAL,FIBRA,LINK DOWN,CABLE BROKEN BACKBONE,network_002,branch_017,CLOSED,15.0,14.67,fiber_cable,0
inc_00638,incident_tx_ip,TXNOC,2024,3,8,32,CRITICAL,FIBRA,LINK DOWN,CABLE BROKEN BACKBONE,network_002,branch_003,CLOSED,15.0,6.0,fiber_cable,0
inc_00639,incident_tx_ip,TXNOC,2024,3,8,32,MAJOR,FIBRA,LINK DOWN,ATTENUATION NEAR TO THRESHOLD,network_002,branch_003,CLOSED,15.0,334.0,attenuation,1
inc_00640,incident_tx_ip,TXNOC,2024,3,8,32,MAJOR,MICROWAVE,BAD PERFORMANCE,IN SITE,network_001,branch_001,CLOSED,15.0,40.0,equipment_module,1
inc_00641,incident_tx_ip,TXNOC,2024,3,8,32,MAJOR,MICROWAVE,BAD PERFORMANCE,IN SITE,network_001,branch_001,CLOSED,15.0,218.5,equipment_module,1
inc_00642,incident_tx_ip,TXNOC,2024,3,8,32,CRITICAL,FIBRA,LINK DOWN,CABLE BROKEN BACKBONE,network_002,branch_022,CLOSED,15.0,4.83,fiber_cable,0
inc_00643,incident_tx_ip,TXNOC,2024,3,8,32,CRITICAL,FIBRA,LINK DOWN,CABLE BROKEN BACKBONE,network_002,branch_017,CLOSED,15.0,4.83,fiber_cable,0
inc_00644,incident_tx_ip,TXNOC,2024,3,8,32,MAJOR,MICROWAVE,BAD PERFORMANCE,ATTENUATION NEAR TO THRESHOLD,network_001,branch_014,CLOSED,15.0,152.57,logical_config,1
inc_00645,incident_tx_ip,TXNOC,2024,3,8,32,CRITICAL,FIBRA,LINK DOWN,CABLE BROKEN BACKBONE,network_002,branch_003,CLOSED,15.0,3.5,fiber_cable,0
inc_00646,incident_tx_ip,TXNOC,2024,3,8,32,CRITICAL,FIBRA,LINK DOWN,CABLE BROKEN BACKBONE,network_002,branch_018,CLOSED,21.0,5.17,fiber_cable,0
inc_00647,incident_tx_ip,TXNOC,2024,3,8,32,CRITICAL,FIBRA,LINK DOWN,CABLE BROKEN BACKBONE,network_002,branch_017,CLOSED,15.0,24.42,fiber_cable,1
inc_00648,incident_tx_ip,TXNOC,2024,3,8,32,CRITICAL,FIBRA,LINK DOWN,CABLE BROKEN BACKBONE,network_002,branch_010,CLOSED,15.0,1.0,fiber_cable,0
inc_00649,incident_tx_ip,TXNOC,2024,3,8,32,CRITICAL,FIBRA,LINK DOWN,CABLE BROKEN BACKBONE,network_002,branch_006,CLOSED,15.0,8.0,fiber_cable,0
inc_00650,incident_tx_ip,TXNOC,2024,3,8,32,MAJOR,MICROWAVE,BAD PERFORMANCE,IN SITE,network_001,branch_013,CLOSED,15.0,7.0,logical_config,0
inc_00651,incident_tx_ip,TXNOC,2024,3,8,32,MAJOR,FIBRA,ATTENUATION,ATTENUATION NEAR TO THRESHOLD,network_002,branch_003,CLOSED,15.0,65.2,attenuation,1
inc_00652,incident_tx_ip,TXNOC,2024,3,8,32,MAJOR,FIBRA,ATTENUATION,ATTENUATION NEAR TO THRESHOLD,network_002,branch_016,CLOSED,15.0,21.35,attenuation,1
inc_00653,incident_tx_ip,TXNOC,2024,3,8,32,CRITICAL,FIBRA,LINK DOWN,CABLE BROKEN BACKBONE,network_002,branch_011,CLOSED,17.0,6.1,fiber_cable,0
inc_00654,incident_tx_ip,TXNOC,2024,3,8,32,MAJOR,MICROWAVE,BAD PERFORMANCE,IN SITE,network_001,branch_024,CLOSED,15.0,95.26,equipment_module,1
inc_00655,incident_tx_ip,TXNOC,2024,3,8,32,MAJOR,MICROWAVE,BAD PERFORMANCE,IN SITE,network_001,branch_019,CLOSED,15.0,40.33,other,1
inc_00656,incident_tx_ip,TXNOC,2024,3,8,32,MAJOR,MICROWAVE,BAD PERFORMANCE,IN SITE,network_001,branch_021,CLOSED,15.0,321.0,other,1
inc_00657,incident_tx_ip,TXNOC,2024,3,8,32,MAJOR,MICROWAVE,BAD PERFORMANCE,IN SITE,network_001,branch_004,CLOSED,15.0,148.0,other,1
inc_00658,incident_tx_ip,TXNOC,2024,3,8,32,MAJOR,FIBRA,ATTENUATION,ATTENUATION NEAR TO THRESHOLD,network_002,branch_011,CLOSED,17.0,11.0,attenuation,0
inc_00659,incident_tx_ip,TXNOC,2024,3,8,32,MAJOR,MICROWAVE,BAD PERFORMANCE,IN SITE,network_001,branch_024,CLOSED,15.0,10.0,power_energy,0
inc_00660,incident_tx_ip,TXNOC,2024,3,8,32,MAJOR,MICROWAVE,LINK DOWN,IN SITE,network_001,branch_001,CLOSED,15.0,6.91,link_down,0
inc_00661,incident_tx_ip,TXNOC,2024,3,8,33,CRITICAL,FIBRA,LINK DOWN,CABLE BROKEN BACKBONE,network_002,branch_014,CLOSED,15.0,7.0,fiber_cable,0
inc_00662,incident_tx_ip,TXNOC,2024,3,8,33,CRITICAL,FIBRA,LINK DOWN,CABLE BROKEN BACKBONE,network_002,branch_017,CLOSED,15.0,20.0,fiber_cable,1
inc_00663,incident_tx_ip,TXNOC,2024,3,8,33,CRITICAL,FIBRA,LINK DOWN,CABLE BROKEN BACKBONE,network_002,branch_020,CLOSED,15.0,6.05,fiber_cable,0
inc_00664,incident_tx_ip,TXNOC,2024,3,8,33,MAJOR,MICROWAVE,BAD PERFORMANCE,IN SITE,network_001,branch_022,CLOSED,15.0,84.0,other,1
inc_00665,incident_tx_ip,TXNOC,2024,3,8,33,MAJOR,MICROWAVE,BAD PERFORMANCE,IN SITE,network_001,branch_012,CLOSED,15.0,44.0,other,1
inc_00666,incident_tx_ip,TXNOC,2024,3,8,33,MAJOR,FIBRA,LINK DOWN,IN SITE,network_002,branch_011,CLOSED,15.0,13.0,fiber_cable,0
inc_00667,incident_tx_ip,TXNOC,2024,3,8,33,MAJOR,FIBRA,LINK DOWN,IN SITE,network_002,branch_019,CLOSED,15.0,0.0,fiber_cable,0
inc_00668,incident_tx_ip,TXNOC,2024,3,8,33,MAJOR,MICROWAVE,BAD PERFORMANCE,IN SITE,network_001,branch_012,CLOSED,15.0,64.0,other,1
inc_00669,incident_tx_ip,TXNOC,2024,3,8,33,MAJOR,MICROWAVE,BAD PERFORMANCE,IN SITE,network_001,branch_008,CLOSED,15.0,288.83,other,1
inc_00670,incident_tx_ip,TXNOC,2024,3,8,33,MAJOR,MICROWAVE,BAD PERFORMANCE,IN SITE,network_001,branch_017,CLOSED,15.0,6.57,other,0
inc_00671,incident_tx_ip,TXNOC,2024,3,8,33,MAJOR,MICROWAVE,BAD PERFORMANCE,IN SITE,network_001,branch_012,CLOSED,15.0,60.0,other,1
inc_00672,incident_tx_ip,TXNOC,2024,3,8,33,MAJOR,MICROWAVE,BAD PERFORMANCE,IN SITE,network_001,branch_003,CLOSED,15.0,8.0,equipment_module,0
inc_00673,incident_tx_ip,TXNOC,2024,3,8,33,MAJOR,MICROWAVE,BAD PERFORMANCE,IN SITE,network_001,branch_001,CLOSED,15.0,7.0,logical_config,0
inc_00674,incident_tx_ip,TXNOC,2024,3,8,33,MAJOR,MICROWAVE,LINK DOWN,IN SITE,network_001,branch_007,CLOSED,15.0,10.02,equipment_module,0
inc_00675,incident_tx_ip,TXNOC,2024,3,8,33,CRITICAL,FIBRA,LINK DOWN,CABLE BROKEN BACKBONE,network_002,branch_015,CLOSED,15.0,7.0,fiber_cable,0
inc_00676,incident_tx_ip,TXNOC,2024,3,8,33,CRITICAL,FIBRA,LINK DOWN,CABLE BROKEN BACKBONE,network_002,branch_018,CLOSED,21.0,2.37,fiber_cable,0
inc_00677,incident_tx_ip,TXNOC,2024,3,8,33,CRITICAL,FIBRA,LINK DOWN,CABLE BROKEN BACKBONE,network_002,branch_014,CLOSED,15.0,2.47,fiber_cable,0
inc_00678,incident_tx_ip,TXNOC,2024,3,8,33,CRITICAL,FIBRA,LINK DOWN,CABLE BROKEN BACKBONE,network_002,branch_004,CLOSED,15.0,4.23,fiber_cable,0
inc_00679,incident_tx_ip,TXNOC,2024,3,8,33,CRITICAL,FIBRA,LINK DOWN,CABLE BROKEN BACKBONE,network_002,branch_011,CLOSED,15.0,9.64,fiber_cable,0
inc_00680,incident_tx_ip,TXNOC,2024,3,8,33,CRITICAL,FIBRA,LINK DOWN,CABLE BROKEN BACKBONE,network_002,branch_001,CLOSED,15.0,3.58,fiber_cable,0
inc_00681,incident_tx_ip,TXNOC,2024,3,8,33,MAJOR,FIBRA,ATTENUATION,ATTENUATION NEAR TO THRESHOLD,network_002,branch_011,CLOSED,17.0,57.0,attenuation,1
inc_00682,incident_tx_ip,TXNOC,2024,3,8,33,MAJOR,FIBRA,ATTENUATION,ATTENUATION NEAR TO THRESHOLD,network_002,branch_001,CLOSED,15.0,4.81,attenuation,0
inc_00683,incident_tx_ip,TXNOC,2024,3,8,33,CRITICAL,FIBRA,LINK DOWN,ATTENUATION OVER THRESHOLD,network_002,branch_021,CLOSED,15.0,6.5,attenuation,0
inc_00684,incident_tx_ip,TXNOC,2024,3,8,33,CRITICAL,FIBRA,LINK DOWN,CABLE BROKEN ACCESS,network_002,branch_005,CLOSED,15.0,2.9,fiber_cable,0
inc_00685,incident_tx_ip,TXNOC,2024,3,8,33,MAJOR,MICROWAVE,BAD PERFORMANCE,IN SITE,network_001,branch_016,CLOSED,15.0,52.32,other,1
inc_00686,incident_tx_ip,TXNOC,2024,3,8,33,MAJOR,MICROWAVE,BAD PERFORMANCE,IN SITE,network_001,branch_019,CLOSED,15.0,60.0,other,1
inc_00687,incident_tx_ip,TXNOC,2024,3,8,33,MAJOR,MICROWAVE,BAD PERFORMANCE,IN SITE,network_001,branch_001,CLOSED,15.0,40.0,other,1
inc_00688,incident_tx_ip,TXNOC,2024,3,8,33,MAJOR,MICROWAVE,BAD PERFORMANCE,IN SITE,network_001,branch_006,CLOSED,15.0,9.33,equipment_module,0
inc_00689,incident_tx_ip,TXNOC,2024,3,8,33,CRITICAL,FIBRA,LINK DOWN,CABLE BROKEN BACKBONE,network_002,branch_010,CLOSED,14.0,4.0,fiber_cable,0
inc_00690,incident_tx_ip,TXNOC,2024,3,8,33,CRITICAL,FIBRA,LINK DOWN,CABLE BROKEN BACKBONE,network_002,branch_016,CLOSED,14.0,3.77,fiber_cable,0
inc_00691,incident_tx_ip,TXNOC,2024,3,8,33,CRITICAL,FIBRA,LINK DOWN,CABLE BROKEN BACKBONE,network_002,branch_004,CLOSED,15.0,7.0,fiber_cable,0
inc_00692,incident_tx_ip,TXNOC,2024,3,8,33,CRITICAL,FIBRA,LINK DOWN,CABLE BROKEN BACKBONE,network_002,branch_018,CLOSED,20.0,10.0,fiber_cable,0
inc_00693,incident_tx_ip,TXNOC,2024,3,8,33,CRITICAL,FIBRA,LINK DOWN,CABLE BROKEN BACKBONE,network_002,branch_014,CLOSED,15.0,5.5,fiber_cable,0
inc_00694,incident_tx_ip,TXNOC,2024,3,8,33,CRITICAL,FIBRA,LINK DOWN,CABLE BROKEN BACKBONE,network_002,branch_024,CLOSED,15.0,20.0,fiber_cable,1
inc_00695,incident_tx_ip,TXNOC,2024,3,8,33,CRITICAL,FIBRA,LINK DOWN,CABLE BROKEN BACKBONE,network_002,branch_018,CLOSED,21.0,62.0,fiber_cable,1
inc_00696,incident_tx_ip,TXNOC,2024,3,8,33,CRITICAL,FIBRA,LINK DOWN,IN SITE,network_002,branch_007,CLOSED,15.0,190.0,fiber_cable,1
inc_00697,incident_tx_ip,TXNOC,2024,3,8,33,CRITICAL,FIBRA,ATTENUATION,CABLE BROKEN BACKBONE,network_002,branch_011,CLOSED,15.0,60.0,attenuation,1
inc_00698,incident_tx_ip,TXNOC,2024,3,8,33,CRITICAL,FIBRA,LINK DOWN,CABLE BROKEN BACKBONE,network_002,branch_010,CLOSED,15.0,5.0,fiber_cable,0
inc_00699,incident_tx_ip,TXNOC,2024,3,8,33,MAJOR,MICROWAVE,BAD PERFORMANCE,IN SITE,network_001,branch_024,CLOSED,15.0,148.83,other,1
inc_00700,incident_tx_ip,TXNOC,2024,3,8,33,MAJOR,MICROWAVE,BAD PERFORMANCE,IN SITE,network_001,branch_004,CLOSED,15.0,19.5,power_energy,1
inc_00701,incident_tx_ip,TXNOC,2024,3,8,33,CRITICAL,MICROWAVE,BAD PERFORMANCE,IN SITE,network_001,branch_010,CLOSED,15.0,0.0,other,0
inc_00702,incident_tx_ip,TXNOC,2024,3,8,33,MAJOR,MICROWAVE,BAD PERFORMANCE,IN SITE,network_001,branch_010,CLOSED,15.0,0.0,equipment_module,0
inc_00703,incident_tx_ip,TXNOC,2024,3,8,34,CRITICAL,FIBRA,LINK DOWN,CABLE BROKEN BACKBONE,network_002,branch_020,CLOSED,15.0,6.25,fiber_cable,0
inc_00704,incident_tx_ip,TXNOC,2024,3,8,34,CRITICAL,MICROWAVE,LINK DOWN,IN SITE,network_001,branch_012,CLOSED,15.0,11.0,link_down,0
inc_00705,incident_tx_ip,TXNOC,2024,3,8,34,CRITICAL,MICROWAVE,LINK DOWN,IN SITE,network_001,branch_024,CLOSED,15.0,40.0,link_down,1
inc_00706,incident_tx_ip,TXNOC,2024,3,8,34,CRITICAL,MICROWAVE,LINK DOWN,IN SITE,network_001,branch_010,CLOSED,15.0,18.0,equipment_module,1
inc_00707,incident_tx_ip,TXNOC,2024,3,8,34,CRITICAL,FIBRA,LINK DOWN,CABLE BROKEN BACKBONE,network_002,branch_018,CLOSED,21.0,4.6,fiber_cable,0
inc_00708,incident_tx_ip,TXNOC,2024,3,8,34,CRITICAL,FIBRA,LINK DOWN,CABLE BROKEN BACKBONE,network_002,branch_009,CLOSED,15.0,5.27,fiber_cable,0
inc_00709,incident_tx_ip,TXNOC,2024,3,8,34,CRITICAL,FIBRA,LINK DOWN,CABLE BROKEN BACKBONE,network_002,branch_020,CLOSED,15.0,7.67,fiber_cable,0
inc_00710,incident_tx_ip,TXNOC,2024,3,8,34,CRITICAL,FIBRA,LINK DOWN,CABLE BROKEN BACKBONE,network_002,branch_001,CLOSED,15.0,8.5,fiber_cable,0
inc_00711,incident_tx_ip,TXNOC,2024,3,8,34,CRITICAL,MICROWAVE,LINK DOWN,IN SITE,network_001,branch_010,CLOSED,15.0,7.0,link_down,0
inc_00712,incident_tx_ip,TXNOC,2024,3,8,34,CRITICAL,FIBRA,LINK DOWN,CABLE BROKEN BACKBONE,network_002,branch_018,CLOSED,21.0,5.0,fiber_cable,0
inc_00713,incident_tx_ip,TXNOC,2024,3,8,34,CRITICAL,FIBRA,LINK DOWN,CABLE BROKEN BACKBONE,network_002,branch_022,CLOSED,15.0,10.0,fiber_cable,0
inc_00714,incident_tx_ip,TXNOC,2024,3,8,34,CRITICAL,FIBRA,LINK DOWN,CABLE BROKEN ACCESS,network_002,branch_004,CLOSED,15.0,30.0,fiber_cable,1
inc_00715,incident_tx_ip,TXNOC,2024,3,9,34,CRITICAL,MICROWAVE,LINK DOWN,IN SITE,network_002,branch_018,CLOSED,21.0,6.0,link_down,0
inc_00716,incident_tx_ip,TXNOC,2024,3,9,34,MAJOR,MICROWAVE,LINK DOWN,IN SITE,network_001,branch_011,CLOSED,15.0,42.0,equipment_module,1
inc_00717,incident_tx_ip,TXNOC,2024,3,9,34,CRITICAL,FIBRA,LINK DOWN,CABLE BROKEN BACKBONE,network_002,branch_018,CLOSED,21.0,0.0,fiber_cable,0
inc_00718,incident_tx_ip,TXNOC,2024,3,9,34,MAJOR,MICROWAVE,LINK DOWN,IN SITE,network_001,branch_012,CLOSED,15.0,1.0,equipment_module,0
inc_00719,incident_tx_ip,TXNOC,2024,3,9,34,CRITICAL,MICROWAVE,LINK DOWN,CABLE BROKEN BACKBONE,network_002,branch_004,CLOSED,15.0,7.87,link_down,0
inc_00720,incident_tx_ip,TXNOC,2024,3,9,34,CRITICAL,MICROWAVE,LINK DOWN,IN SITE,network_001,branch_022,CLOSED,15.0,52.0,equipment_module,1
inc_00721,incident_tx_ip,TXNOC,2024,3,9,34,MAJOR,MICROWAVE,BAD PERFORMANCE,IN SITE,network_001,branch_013,CLOSED,15.0,42.0,logical_config,1
inc_00722,incident_tx_ip,TXNOC,2024,3,9,34,MAJOR,FIBRA,LINK DOWN,CABLE BROKEN BACKBONE,network_002,branch_015,CLOSED,15.0,3.18,fiber_cable,0
inc_00723,incident_tx_ip,TXNOC,2024,3,9,34,MAJOR,MICROWAVE,LINK DOWN,IN SITE,network_001,branch_023,CLOSED,15.0,62.17,equipment_module,1
inc_00724,incident_tx_ip,TXNOC,2024,3,9,34,MAJOR,MICROWAVE,BAD PERFORMANCE,IN SITE,network_001,branch_024,CLOSED,15.0,39.17,other,1
inc_00725,incident_tx_ip,TXNOC,2024,3,9,34,CRITICAL,FIBRA,LINK DOWN,CABLE BROKEN BACKBONE,network_002,branch_016,CLOSED,21.0,0.0,fiber_cable,0
inc_00726,incident_tx_ip,TXNOC,2024,3,9,34,MAJOR,MICROWAVE,BAD PERFORMANCE,IN SITE,network_001,branch_014,CLOSED,15.0,12.0,equipment_module,0
inc_00727,incident_tx_ip,TXNOC,2024,3,9,34,MAJOR,MICROWAVE,LINK DOWN,IN SITE,network_001,branch_008,CLOSED,15.0,20.0,link_down,1
inc_00728,incident_tx_ip,TXNOC,2024,3,9,34,CRITICAL,FIBRA,ATTENUATION,ATTENUATION OVER THRESHOLD,network_002,branch_004,CLOSED,15.0,3.5,attenuation,0
inc_00729,incident_tx_ip,TXNOC,2024,3,9,34,MAJOR,FIBRA,LINK DOWN,ATTENUATION OVER THRESHOLD,network_002,branch_030,CLOSED,21.0,40.0,attenuation,1
inc_00730,incident_tx_ip,TXNOC,2024,3,9,34,CRITICAL,FIBRA,ATTENUATION,ATTENUATION NEAR TO THRESHOLD,network_002,branch_018,CLOSED,21.0,256.67,attenuation,1
inc_00731,incident_tx_ip,TXNOC,2024,3,9,34,CRITICAL,FIBRA,LINK DOWN,CABLE BROKEN BACKBONE,network_002,branch_018,CLOSED,21.0,2.93,fiber_cable,0
inc_00732,incident_tx_ip,TXNOC,2024,3,9,34,MAJOR,FIBRA,LINK DOWN,CABLE BROKEN BACKBONE,network_002,branch_022,CLOSED,15.0,4.0,fiber_cable,0
inc_00733,incident_tx_ip,TXNOC,2024,3,9,34,MAJOR,MICROWAVE,BAD PERFORMANCE,ATTENUATION OVER THRESHOLD,network_001,branch_028,CLOSED,15.0,10.0,attenuation,0
inc_00734,incident_tx_ip,TXNOC,2024,3,9,34,CRITICAL,FIBRA,LINK DOWN,CABLE BROKEN BACKBONE,network_002,branch_018,CLOSED,21.0,4.0,fiber_cable,0
inc_00735,incident_tx_ip,TXNOC,2024,3,9,34,MAJOR,MICROWAVE,BAD PERFORMANCE,IN SITE,network_001,branch_014,CLOSED,15.0,39.0,equipment_module,1
inc_00736,incident_tx_ip,TXNOC,2024,3,9,34,CRITICAL,FIBRA,LINK DOWN,CABLE BROKEN BACKBONE,network_002,branch_017,CLOSED,15.0,7.0,fiber_cable,0
inc_00737,incident_tx_ip,TXNOC,2024,3,9,34,CRITICAL,FIBRA,LINK DOWN,CABLE BROKEN BACKBONE,network_002,branch_009,CLOSED,15.0,3.25,attenuation,0
inc_00738,incident_tx_ip,TXNOC,2024,3,9,34,MAJOR,MICROWAVE,BAD PERFORMANCE,IN SITE,network_001,branch_010,CLOSED,15.0,16.0,equipment_module,1
inc_00739,incident_tx_ip,TXNOC,2024,3,9,34,MAJOR,FIBRA,LINK DOWN,ATTENUATION NEAR TO THRESHOLD,network_002,branch_010,CLOSED,15.0,14.0,fiber_cable,0
inc_00740,incident_tx_ip,TXNOC,2024,3,9,34,MAJOR,FIBRA,LINK DOWN,ATTENUATION NEAR TO THRESHOLD,network_002,branch_020,CLOSED,15.0,4.0,fiber_cable,0
inc_00741,incident_tx_ip,TXNOC,2024,3,9,34,MAJOR,FIBRA,ATTENUATION,ATTENUATION OVER THRESHOLD,network_002,branch_001,CLOSED,15.0,7.0,attenuation,0
inc_00742,incident_tx_ip,TXNOC,2024,3,9,34,MAJOR,FIBRA,ATTENUATION,ATTENUATION OVER THRESHOLD,network_002,branch_020,CLOSED,15.0,15.0,attenuation,0
inc_00743,incident_tx_ip,TXNOC,2024,3,9,34,MAJOR,MICROWAVE,LINK DOWN,IN SITE,network_001,branch_001,CLOSED,15.0,14.0,power_energy,0
inc_00744,incident_tx_ip,TXNOC,2024,3,9,34,MAJOR,MICROWAVE,LINK DOWN,IN SITE,network_001,branch_029,CLOSED,15.0,39.74,attenuation,1
inc_00745,incident_tx_ip,TXNOC,2024,3,9,35,CRITICAL,FIBRA,LINK DOWN,CABLE BROKEN BACKBONE,network_002,branch_006,CLOSED,15.0,9.0,fiber_cable,0
inc_00746,incident_tx_ip,TXNOC,2024,3,9,35,CRITICAL,FIBRA,LINK DOWN,CABLE BROKEN ACCESS,network_002,branch_003,CLOSED,15.0,6.5,fiber_cable,0
inc_00747,incident_tx_ip,TXNOC,2024,3,9,35,CRITICAL,FIBRA,LINK DOWN,CABLE BROKEN BACKBONE,network_002,branch_017,CLOSED,15.0,8.68,fiber_cable,0
inc_00748,incident_tx_ip,TXNOC,2024,3,9,35,CRITICAL,FIBRA,LINK DOWN,CABLE BROKEN BACKBONE,network_002,branch_018,CLOSED,21.0,6.1,fiber_cable,0
inc_00749,incident_tx_ip,TXNOC,2024,3,9,35,CRITICAL,FIBRA,LINK DOWN,CABLE BROKEN ACCESS,network_002,branch_003,CLOSED,15.0,7.53,fiber_cable,0
inc_00750,incident_tx_ip,TXNOC,2024,3,9,35,CRITICAL,FIBRA,LINK DOWN,CABLE BROKEN BACKBONE,network_002,branch_011,CLOSED,15.0,9.75,fiber_cable,0
inc_00751,incident_tx_ip,TXNOC,2024,3,9,35,CRITICAL,FIBRA,LINK DOWN,CABLE BROKEN BACKBONE,network_002,branch_004,CLOSED,15.0,7.82,fiber_cable,0
inc_00752,incident_tx_ip,TXNOC,2024,3,9,35,CRITICAL,FIBRA,LINK DOWN,CABLE BROKEN BACKBONE,network_002,branch_018,CLOSED,21.0,3.0,fiber_cable,0
inc_00753,incident_tx_ip,TXNOC,2024,3,9,35,CRITICAL,FIBRA,LINK DOWN,CABLE BROKEN BACKBONE,network_002,branch_003,CLOSED,15.0,5.5,fiber_cable,0
inc_00754,incident_tx_ip,TXNOC,2024,3,9,35,CRITICAL,FIBRA,LINK DOWN,CABLE BROKEN BACKBONE,network_002,branch_011,CLOSED,14.0,4.5,fiber_cable,0
inc_00755,incident_tx_ip,TXNOC,2024,3,9,35,MAJOR,MICROWAVE,ATTENUATION,IN SITE,network_001,branch_003,CLOSED,15.0,632.0,attenuation,1
inc_00756,incident_tx_ip,TXNOC,2024,3,9,35,CRITICAL,FIBRA,LINK DOWN,IN SITE,network_002,branch_011,CLOSED,15.0,8.5,fiber_cable,0
inc_00757,incident_tx_ip,TXNOC,2024,3,9,35,CRITICAL,FIBRA,LINK DOWN,CABLE BROKEN BACKBONE,network_002,branch_011,CLOSED,18.0,2.8,fiber_cable,0
inc_00758,incident_tx_ip,TXNOC,2024,3,9,35,MAJOR,MICROWAVE,BAD PERFORMANCE,IN SITE,network_001,branch_006,CLOSED,15.0,70.0,other,1
inc_00759,incident_tx_ip,TXNOC,2024,3,9,35,CRITICAL,FIBRA,LINK DOWN,ATTENUATION OVER THRESHOLD,network_002,branch_011,CLOSED,15.0,105.5,attenuation,1
inc_00760,incident_tx_ip,TXNOC,2024,3,9,35,MAJOR,MICROWAVE,LINK DOWN,IN SITE,network_001,branch_020,CLOSED,15.0,80.0,equipment_module,1
inc_00761,incident_tx_ip,TXNOC,2024,3,9,35,MAJOR,MICROWAVE,LINK DOWN,IN SITE,network_001,branch_003,CLOSED,15.0,14.0,link_down,0
inc_00762,incident_tx_ip,TXNOC,2024,3,9,35,MAJOR,FIBRA,LINK DOWN,ATTENUATION NEAR TO THRESHOLD,network_002,branch_016,CLOSED,15.0,8.33,fiber_cable,0
inc_00763,incident_tx_ip,TXNOC,2024,3,9,35,CRITICAL,FIBRA,LINK DOWN,ATTENUATION NEAR TO THRESHOLD,network_002,branch_017,CLOSED,15.0,1.5,fiber_cable,0
inc_00764,incident_tx_ip,TXNOC,2024,3,9,35,CRITICAL,FIBRA,LINK DOWN,CABLE BROKEN BACKBONE,network_002,branch_003,CLOSED,15.0,7.0,fiber_cable,0
inc_00765,incident_tx_ip,TXNOC,2024,3,9,35,MAJOR,MICROWAVE,BAD PERFORMANCE,IN SITE,network_001,branch_008,CLOSED,15.0,40.0,fiber_cable,1
inc_00766,incident_tx_ip,TXNOC,2024,3,9,35,CRITICAL,FIBRA,LINK DOWN,CABLE BROKEN ACCESS,network_002,branch_019,CLOSED,15.0,7.0,fiber_cable,0
inc_00767,incident_tx_ip,TXNOC,2024,3,9,35,CRITICAL,FIBRA,LINK DOWN,CABLE BROKEN BACKBONE,network_002,branch_017,CLOSED,15.0,19.0,fiber_cable,1
inc_00768,incident_tx_ip,TXNOC,2024,3,9,35,CRITICAL,FIBRA,LINK DOWN,CABLE BROKEN BACKBONE,network_002,branch_003,CLOSED,15.0,1.85,fiber_cable,0
inc_00769,incident_tx_ip,TXNOC,2024,3,9,35,CRITICAL,FIBRA,LINK DOWN,CABLE BROKEN BACKBONE,network_002,branch_003,CLOSED,15.0,0.0,fiber_cable,0
inc_00770,incident_tx_ip,TXNOC,2024,3,9,35,CRITICAL,FIBRA,LINK DOWN,ATTENUATION OVER THRESHOLD,network_002,branch_003,CLOSED,15.0,13.0,attenuation,0
inc_00771,incident_tx_ip,TXNOC,2024,3,9,35,MAJOR,MICROWAVE,LINK DOWN,IN SITE,network_001,branch_017,CLOSED,15.0,30.0,fiber_cable,1
inc_00772,incident_tx_ip,TXNOC,2024,3,9,35,MAJOR,FIBRA,LINK DOWN,ATTENUATION OVER THRESHOLD,network_002,branch_017,CLOSED,15.0,7.17,fiber_cable,0
inc_00773,incident_tx_ip,TXNOC,2024,3,9,35,CRITICAL,FIBRA,LINK DOWN,CABLE BROKEN BACKBONE,network_002,branch_017,CLOSED,15.0,4.5,fiber_cable,0
inc_00774,incident_tx_ip,TXNOC,2024,3,9,35,CRITICAL,FIBRA,LINK DOWN,CABLE BROKEN ACCESS,network_002,branch_030,CLOSED,18.0,5.0,fiber_cable,0
inc_00775,incident_tx_ip,TXNOC,2024,3,9,35,MAJOR,FIBRA,LINK DOWN,IN SITE,network_002,branch_024,CLOSED,15.0,5.42,fiber_cable,0
inc_00776,incident_tx_ip,TXNOC,2024,3,9,35,MAJOR,FIBRA,LINK DOWN,CABLE BROKEN ACCESS,network_002,branch_003,CLOSED,15.0,3.35,fiber_cable,0
inc_00777,incident_tx_ip,TXNOC,2024,3,9,36,CRITICAL,FIBRA,ATTENUATION,ATTENUATION NEAR TO THRESHOLD,network_002,branch_003,CLOSED,15.0,7.0,attenuation,0
inc_00778,incident_tx_ip,TXNOC,2024,3,9,36,MAJOR,MICROWAVE,BAD PERFORMANCE,IN SITE,network_001,branch_012,CLOSED,15.0,572.0,attenuation,1
inc_00779,incident_tx_ip,TXNOC,2024,3,9,36,MAJOR,MICROWAVE,BAD PERFORMANCE,IN SITE,network_001,branch_029,CLOSED,15.0,2.5,other,0
inc_00780,incident_tx_ip,TXNOC,2024,3,9,36,MAJOR,MICROWAVE,BAD PERFORMANCE,IN SITE,network_001,branch_009,CLOSED,15.0,6.0,other,0
inc_00781,incident_tx_ip,TXNOC,2024,3,9,36,MAJOR,MICROWAVE,BAD PERFORMANCE,IN SITE,network_001,branch_022,CLOSED,15.0,9.0,logical_config,0
inc_00782,incident_tx_ip,TXNOC,2024,3,9,36,MAJOR,MICROWAVE,BAD PERFORMANCE,IN SITE,network_001,branch_003,CLOSED,15.0,20.0,other,1
inc_00783,incident_tx_ip,TXNOC,2024,3,9,36,CRITICAL,FIBRA,ATTENUATION,ATTENUATION NEAR TO THRESHOLD,network_002,branch_025,CLOSED,15.0,2.0,attenuation,0
inc_00784,incident_tx_ip,TXNOC,2024,3,9,36,CRITICAL,FIBRA,LINK DOWN,CABLE BROKEN BACKBONE,network_002,branch_014,CLOSED,15.0,8.0,fiber_cable,0
inc_00785,incident_tx_ip,TXNOC,2024,3,9,36,MAJOR,MICROWAVE,BAD PERFORMANCE,IN SITE,network_001,branch_011,CLOSED,15.0,252.0,other,1
inc_00786,incident_tx_ip,TXNOC,2024,3,9,36,CRITICAL,FIBRA,LINK DOWN,CABLE BROKEN ACCESS,network_002,branch_003,CLOSED,15.0,0.0,fiber_cable,0
inc_00787,incident_tx_ip,TXNOC,2024,3,9,36,MAJOR,MICROWAVE,BAD PERFORMANCE,IN SITE,network_001,branch_003,CLOSED,15.0,380.0,link_down,1
inc_00788,incident_tx_ip,TXNOC,2024,3,9,36,CRITICAL,FIBRA,ATTENUATION,CABLE BROKEN BACKBONE,network_002,branch_018,CLOSED,21.0,70.0,attenuation,1
inc_00789,incident_tx_ip,TXNOC,2024,3,9,36,CRITICAL,FIBRA,ATTENUATION,CABLE BROKEN BACKBONE,network_002,branch_010,CLOSED,15.0,12.0,attenuation,0
inc_00790,incident_tx_ip,TXNOC,2024,3,9,36,CRITICAL,FIBRA,ATTENUATION,ATTENUATION NEAR TO THRESHOLD,network_002,branch_011,CLOSED,15.0,309.0,attenuation,1
inc_00791,incident_tx_ip,TXNOC,2024,3,9,36,CRITICAL,FIBRA,LINK DOWN,CABLE BROKEN BACKBONE,network_002,branch_004,CLOSED,15.0,5.48,fiber_cable,0
inc_00792,incident_tx_ip,TXNOC,2024,3,9,36,CRITICAL,FIBRA,LINK DOWN,ATTENUATION NEAR TO THRESHOLD,network_002,branch_025,CLOSED,15.0,5.83,attenuation,0
inc_00793,incident_tx_ip,TXNOC,2024,3,9,36,CRITICAL,FIBRA,LINK DOWN,IN SITE,network_002,branch_016,CLOSED,15.0,7.5,fiber_cable,0
inc_00794,incident_tx_ip,TXNOC,2024,3,9,36,CRITICAL,FIBRA,LINK DOWN,ATTENUATION NEAR TO THRESHOLD,network_002,branch_003,CLOSED,15.0,4.0,fiber_cable,0
inc_00795,incident_tx_ip,TXNOC,2024,3,9,36,CRITICAL,FIBRA,LINK DOWN,IN SITE,network_002,branch_024,CLOSED,15.0,1.5,fiber_cable,0
inc_00796,incident_tx_ip,TXNOC,2024,3,9,36,MAJOR,MICROWAVE,BAD PERFORMANCE,IN SITE,network_001,branch_021,CLOSED,15.0,286.0,equipment_module,1
inc_00797,incident_tx_ip,TXNOC,2024,3,9,36,CRITICAL,FIBRA,LINK DOWN,CABLE BROKEN BACKBONE,network_002,branch_001,CLOSED,15.0,8.0,fiber_cable,0
inc_00798,incident_tx_ip,TXNOC,2024,3,9,36,MAJOR,MICROWAVE,LINK DOWN,IN SITE,network_001,branch_020,CLOSED,15.0,24.0,equipment_module,1
inc_00799,incident_tx_ip,TXNOC,2024,3,9,36,MAJOR,FIBRA,ATTENUATION,ATTENUATION OVER THRESHOLD,network_002,branch_003,CLOSED,15.0,31.03,attenuation,1
inc_00800,incident_tx_ip,TXNOC,2024,3,9,36,MAJOR,FIBRA,LINK DOWN,CABLE BROKEN BACKBONE,network_002,branch_007,CLOSED,15.0,2.5,fiber_cable,0
inc_00801,incident_tx_ip,TXNOC,2024,3,9,36,MAJOR,FIBRA,LINK DOWN,ATTENUATION NEAR TO THRESHOLD,network_002,branch_003,CLOSED,15.0,2.0,fiber_cable,0
inc_00802,incident_tx_ip,TXNOC,2024,3,9,36,MAJOR,FIBRA,LINK DOWN,ATTENUATION OVER THRESHOLD,network_002,branch_002,CLOSED,15.0,4.0,fiber_cable,0
inc_00803,incident_tx_ip,TXNOC,2024,3,9,36,MAJOR,FIBRA,LINK DOWN,CABLE BROKEN ACCESS,network_002,branch_003,CLOSED,15.0,3.5,fiber_cable,0
inc_00804,incident_tx_ip,TXNOC,2024,3,9,36,MAJOR,MICROWAVE,LINK DOWN,IN SITE,network_001,branch_020,CLOSED,15.0,3.5,attenuation,0
inc_00805,incident_tx_ip,TXNOC,2024,3,9,36,CRITICAL,FIBRA,LINK DOWN,CABLE BROKEN BACKBONE,network_002,branch_009,CLOSED,15.0,7.0,fiber_cable,0
inc_00806,incident_tx_ip,TXNOC,2024,3,9,36,MAJOR,MICROWAVE,LINK DOWN,IN SITE,network_001,branch_014,CLOSED,15.0,20.0,equipment_module,1
inc_00807,incident_tx_ip,TXNOC,2024,3,9,36,MAJOR,FIBRA,ATTENUATION,ATTENUATION NEAR TO THRESHOLD,network_002,branch_009,CLOSED,15.0,49.0,attenuation,1
inc_00808,incident_tx_ip,TXNOC,2024,3,9,36,MAJOR,FIBRA,LINK DOWN,ATTENUATION OVER THRESHOLD,network_002,branch_001,CLOSED,15.0,0.0,fiber_cable,0
inc_00809,incident_tx_ip,TXNOC,2024,3,9,36,MAJOR,MICROWAVE,LINK DOWN,IN SITE,network_001,branch_029,CLOSED,15.0,10.0,link_down,0
inc_00810,incident_tx_ip,TXNOC,2024,3,9,36,MAJOR,MICROWAVE,LINK DOWN,IN SITE,network_001,branch_005,CLOSED,19.0,16.0,equipment_module,0
inc_00811,incident_tx_ip,TXNOC,2024,3,9,37,MAJOR,MICROWAVE,ATTENUATION,ATTENUATION NEAR TO THRESHOLD,network_002,branch_017,CLOSED,15.0,18.0,attenuation,1
inc_00812,incident_tx_ip,TXNOC,2024,3,9,37,CRITICAL,FIBRA,LINK DOWN,CABLE BROKEN BACKBONE,network_002,branch_003,CLOSED,15.0,10.0,fiber_cable,0
inc_00813,incident_tx_ip,TXNOC,2024,3,9,37,CRITICAL,FIBRA,LINK DOWN,CABLE BROKEN BACKBONE,network_002,branch_003,CLOSED,15.0,5.0,fiber_cable,0
inc_00814,incident_tx_ip,TXNOC,2024,3,9,37,CRITICAL,FIBRA,LINK DOWN,CABLE BROKEN BACKBONE,network_002,branch_018,CLOSED,21.0,4.33,fiber_cable,0
inc_00815,incident_tx_ip,TXNOC,2024,3,9,37,CRITICAL,FIBRA,LINK DOWN,CABLE BROKEN BACKBONE,network_002,branch_006,CLOSED,13.0,3.33,fiber_cable,0
inc_00816,incident_tx_ip,TXNOC,2024,3,9,37,CRITICAL,FIBRA,LINK DOWN,CABLE BROKEN BACKBONE,network_002,branch_003,CLOSED,15.0,6.0,fiber_cable,0
inc_00817,incident_tx_ip,TXNOC,2024,3,9,37,CRITICAL,MICROWAVE,BAD PERFORMANCE,IN SITE,network_001,branch_012,CLOSED,15.0,18.0,equipment_module,1
inc_00818,incident_tx_ip,TXNOC,2024,3,9,37,CRITICAL,FIBRA,ATTENUATION,ATTENUATION OVER THRESHOLD,network_002,branch_022,CLOSED,15.0,200.0,attenuation,1
inc_00819,incident_tx_ip,TXNOC,2024,3,9,37,MAJOR,MICROWAVE,LINK DOWN,IN SITE,network_001,branch_020,CLOSED,15.0,2.0,link_down,0
inc_00820,incident_tx_ip,TXNOC,2024,3,9,37,CRITICAL,FIBRA,LINK DOWN,CABLE BROKEN BACKBONE,network_002,branch_019,CLOSED,15.0,7.5,fiber_cable,0
inc_00821,incident_tx_ip,TXNOC,2024,3,9,37,MAJOR,FIBRA,ATTENUATION,CABLE BROKEN BACKBONE,network_002,branch_003,CLOSED,15.0,3.0,attenuation,0
inc_00822,incident_tx_ip,TXNOC,2024,3,9,37,CRITICAL,FIBRA,LINK DOWN,CABLE BROKEN BACKBONE,network_002,branch_015,CLOSED,15.0,4.67,fiber_cable,0
inc_00823,incident_tx_ip,TXNOC,2024,3,9,37,CRITICAL,FIBRA,LINK DOWN,CABLE BROKEN BACKBONE,network_002,branch_010,CLOSED,14.0,0.0,fiber_cable,0
inc_00824,incident_tx_ip,TXNOC,2024,3,9,37,CRITICAL,FIBRA,LINK DOWN,CABLE BROKEN BACKBONE,network_002,branch_020,CLOSED,15.0,6.0,fiber_cable,0
inc_00825,incident_tx_ip,TXNOC,2024,3,9,37,CRITICAL,MICROWAVE,BAD PERFORMANCE,IN SITE,network_001,branch_012,CLOSED,15.0,3.0,other,0
inc_00826,incident_tx_ip,TXNOC,2024,3,9,37,MAJOR,MICROWAVE,BAD PERFORMANCE,IN SITE,network_001,branch_014,CLOSED,15.0,13.0,other,0
inc_00827,incident_tx_ip,TXNOC,2024,3,9,37,CRITICAL,FIBRA,LINK DOWN,CABLE BROKEN BACKBONE,network_002,branch_017,CLOSED,15.0,8.37,fiber_cable,0
inc_00828,incident_tx_ip,TXNOC,2024,3,9,37,CRITICAL,FIBRA,LINK DOWN,CABLE BROKEN BACKBONE,network_002,branch_030,CLOSED,14.0,1.0,fiber_cable,0
inc_00829,incident_tx_ip,TXNOC,2024,3,9,37,MAJOR,MICROWAVE,ATTENUATION,ATTENUATION OVER THRESHOLD,network_001,branch_001,CLOSED,15.0,10.0,attenuation,0
inc_00830,incident_tx_ip,TXNOC,2024,3,9,37,MAJOR,MICROWAVE,LINK DOWN,IN SITE,network_001,branch_024,CLOSED,15.0,0.0,equipment_module,0
inc_00831,incident_tx_ip,TXNOC,2024,3,9,37,MAJOR,MICROWAVE,LINK DOWN,IN SITE,network_001,branch_024,CLOSED,15.0,0.0,equipment_module,0
inc_00832,incident_tx_ip,TXNOC,2024,3,9,37,CRITICAL,FIBRA,LINK DOWN,CABLE BROKEN BACKBONE,network_002,branch_003,CLOSED,15.0,6.18,fiber_cable,0
inc_00833,incident_tx_ip,TXNOC,2024,3,9,37,CRITICAL,FIBRA,LINK DOWN,CABLE BROKEN BACKBONE,network_002,branch_017,CLOSED,15.0,15.47,fiber_cable,1
inc_00834,incident_tx_ip,TXNOC,2024,3,9,37,MAJOR,MICROWAVE,LINK DOWN,IN SITE,network_001,branch_001,CLOSED,15.0,65.0,equipment_module,1
inc_00835,incident_tx_ip,TXNOC,2024,3,9,37,MAJOR,MICROWAVE,LINK DOWN,IN SITE,network_001,branch_024,CLOSED,15.0,90.0,link_down,1
inc_00836,incident_tx_ip,TXNOC,2024,3,9,37,MAJOR,MICROWAVE,LINK DOWN,IN SITE,network_001,branch_012,CLOSED,15.0,174.68,equipment_module,1
inc_00837,incident_tx_ip,TXNOC,2024,3,9,37,MAJOR,MICROWAVE,LINK DOWN,IN SITE,network_001,branch_028,CLOSED,15.0,180.0,equipment_module,1
inc_00838,incident_tx_ip,TXNOC,2024,3,9,37,MAJOR,MICROWAVE,LINK DOWN,IN SITE,network_001,branch_028,CLOSED,15.0,189.09,equipment_module,1
inc_00839,incident_tx_ip,TXNOC,2024,3,9,37,MAJOR,FIBRA,LINK DOWN,CABLE BROKEN ACCESS,network_002,branch_030,CLOSED,15.0,4.0,fiber_cable,0
inc_00840,incident_tx_ip,TXNOC,2024,3,9,37,CRITICAL,FIBRA,LINK DOWN,CABLE BROKEN BACKBONE,network_002,branch_007,CLOSED,15.0,3.0,fiber_cable,0
inc_00841,incident_tx_ip,TXNOC,2024,3,9,37,CRITICAL,FIBRA,LINK DOWN,CABLE BROKEN BACKBONE,network_002,branch_030,CLOSED,10.0,0.0,fiber_cable,0
inc_00842,incident_tx_ip,TXNOC,2024,3,9,37,CRITICAL,FIBRA,LINK DOWN,CABLE BROKEN BACKBONE,network_002,branch_019,CLOSED,15.0,6.0,fiber_cable,0
inc_00843,incident_tx_ip,TXNOC,2024,3,9,37,CRITICAL,FIBRA,LINK DOWN,CABLE BROKEN BACKBONE,network_002,branch_018,CLOSED,21.0,3.17,fiber_cable,0
inc_00844,incident_tx_ip,TXNOC,2024,3,9,37,CRITICAL,FIBRA,LINK DOWN,CABLE BROKEN BACKBONE,network_002,branch_018,CLOSED,21.0,7.5,fiber_cable,0
inc_00845,incident_tx_ip,TXNOC,2024,3,9,37,MAJOR,FIBRA,LINK DOWN,CABLE BROKEN BACKBONE,network_002,branch_017,CLOSED,15.0,3.5,fiber_cable,0
inc_00846,incident_tx_ip,TXNOC,2024,3,9,37,CRITICAL,FIBRA,LINK DOWN,CABLE BROKEN BACKBONE,network_002,branch_003,CLOSED,15.0,1.5,fiber_cable,0
inc_00847,incident_tx_ip,TXNOC,2024,3,9,37,CRITICAL,FIBRA,ATTENUATION,ATTENUATION NEAR TO THRESHOLD,network_002,branch_017,CLOSED,15.0,1.0,attenuation,0
inc_00848,incident_tx_ip,TXNOC,2024,3,9,37,CRITICAL,FIBRA,ATTENUATION,ATTENUATION NEAR TO THRESHOLD,network_002,branch_003,CLOSED,15.0,15.53,attenuation,1
inc_00849,incident_tx_ip,TXNOC,2024,3,9,37,CRITICAL,FIBRA,LINK DOWN,CABLE BROKEN BACKBONE,network_002,branch_018,CLOSED,20.0,7.6,fiber_cable,0
inc_00850,incident_tx_ip,TXNOC,2024,3,9,37,CRITICAL,FIBRA,LINK DOWN,CABLE BROKEN BACKBONE,network_002,branch_003,CLOSED,15.0,5.0,fiber_cable,0
inc_00851,incident_tx_ip,TXNOC,2024,3,9,37,CRITICAL,FIBRA,LINK DOWN,CABLE BROKEN BACKBONE,network_002,branch_018,CLOSED,21.0,6.95,fiber_cable,0
inc_00852,incident_tx_ip,TXNOC,2024,3,9,37,CRITICAL,FIBRA,LINK DOWN,CABLE BROKEN ACCESS,network_002,branch_003,CLOSED,15.0,5.3,fiber_cable,0
inc_00853,incident_tx_ip,TXNOC,2024,3,9,38,MAJOR,MICROWAVE,BAD PERFORMANCE,IN SITE,network_001,branch_029,CLOSED,15.0,150.17,other,1
inc_00854,incident_tx_ip,TXNOC,2024,3,9,38,MAJOR,MICROWAVE,LINK DOWN,IN SITE,network_001,branch_023,CLOSED,15.0,27.17,equipment_module,1
inc_00855,incident_tx_ip,TXNOC,2024,3,9,38,MAJOR,MICROWAVE,LINK DOWN,IN SITE,network_001,branch_021,CLOSED,15.0,9.17,equipment_module,0
inc_00856,incident_tx_ip,TXNOC,2024,3,9,38,CRITICAL,FIBRA,LINK DOWN,CABLE BROKEN BACKBONE,network_002,branch_006,CLOSED,15.0,12.67,fiber_cable,0
inc_00857,incident_tx_ip,TXNOC,2024,3,9,38,CRITICAL,FIBRA,LINK DOWN,CABLE BROKEN BACKBONE,network_002,branch_014,CLOSED,15.0,2.13,fiber_cable,0
inc_00858,incident_tx_ip,TXNOC,2024,3,9,38,MAJOR,MICROWAVE,LINK DOWN,IN SITE,network_001,branch_017,CLOSED,15.0,13.0,equipment_module,0
inc_00859,incident_tx_ip,TXNOC,2024,3,9,38,CRITICAL,FIBRA,LINK DOWN,CABLE BROKEN ACCESS,network_002,branch_024,CLOSED,15.0,4.33,fiber_cable,0
inc_00860,incident_tx_ip,TXNOC,2024,3,9,38,CRITICAL,FIBRA,LINK DOWN,CABLE BROKEN ACCESS,network_002,branch_018,CLOSED,21.0,5.0,fiber_cable,0
inc_00861,incident_tx_ip,TXNOC,2024,3,9,38,CRITICAL,FIBRA,LINK DOWN,CABLE BROKEN ACCESS,network_002,branch_003,CLOSED,15.0,2.85,fiber_cable,0
inc_00862,incident_tx_ip,TXNOC,2024,3,9,38,CRITICAL,FIBRA,LINK DOWN,CABLE BROKEN ACCESS,network_002,branch_018,CLOSED,21.0,1.13,fiber_cable,0
inc_00863,incident_tx_ip,TXNOC,2024,3,9,38,CRITICAL,MICROWAVE,LINK DOWN,IN SITE,network_001,branch_010,CLOSED,15.0,28.18,equipment_module,1
inc_00864,incident_tx_ip,TXNOC,2024,3,9,38,CRITICAL,FIBRA,LINK DOWN,IN SITE,network_002,branch_018,CLOSED,21.0,3.83,fiber_cable,0
inc_00865,incident_tx_ip,TXNOC,2024,3,9,38,MAJOR,MICROWAVE,LINK DOWN,IN SITE,network_001,branch_003,CLOSED,15.0,25.83,link_down,1
inc_00866,incident_tx_ip,TXNOC,2024,3,9,38,CRITICAL,FIBRA,LINK DOWN,IN SITE,network_002,branch_017,CLOSED,15.0,2.67,fiber_cable,0
inc_00867,incident_tx_ip,TXNOC,2024,3,9,38,CRITICAL,FIBRA,LINK DOWN,IN SITE,network_002,branch_009,CLOSED,15.0,5.17,fiber_cable,0
inc_00868,incident_tx_ip,TXNOC,2024,3,9,38,CRITICAL,FIBRA,LINK DOWN,IN SITE,network_002,branch_018,CLOSED,21.0,1.0,fiber_cable,0
inc_00869,incident_tx_ip,TXNOC,2024,3,9,38,CRITICAL,FIBRA,ATTENUATION,ATTENUATION OVER THRESHOLD,network_002,branch_022,CLOSED,15.0,70.0,attenuation,1
inc_00870,incident_tx_ip,TXNOC,2024,3,9,38,MAJOR,MICROWAVE,LINK DOWN,IN SITE,network_001,branch_024,CLOSED,15.0,3.0,equipment_module,0
inc_00871,incident_tx_ip,TXNOC,2024,3,9,38,MAJOR,FIBRA,ATTENUATION,ATTENUATION NEAR TO THRESHOLD,network_002,branch_009,CLOSED,15.0,60.0,attenuation,1
inc_00872,incident_tx_ip,TXNOC,2024,3,9,38,CRITICAL,FIBRA,ATTENUATION,ATTENUATION NEAR TO THRESHOLD,network_002,branch_016,CLOSED,15.0,3.0,attenuation,0
inc_00873,incident_tx_ip,TXNOC,2024,3,9,38,CRITICAL,FIBRA,LINK DOWN,CABLE BROKEN BACKBONE,network_002,branch_001,CLOSED,15.0,6.93,fiber_cable,0
inc_00874,incident_tx_ip,TXNOC,2024,3,9,38,MAJOR,MICROWAVE,BAD PERFORMANCE,IN SITE,network_001,branch_022,CLOSED,15.0,73.68,equipment_module,1
inc_00875,incident_tx_ip,TXNOC,2024,3,9,38,CRITICAL,FIBRA,LINK DOWN,CABLE BROKEN BACKBONE,network_002,branch_008,CLOSED,15.0,1.67,fiber_cable,0
inc_00876,incident_tx_ip,TXNOC,2024,3,9,38,CRITICAL,MICROWAVE,BAD PERFORMANCE,IN SITE,network_001,branch_012,CLOSED,15.0,42.0,link_down,1
inc_00877,incident_tx_ip,TXNOC,2024,3,9,38,MAJOR,MICROWAVE,BAD PERFORMANCE,IN SITE,network_001,branch_001,CLOSED,15.0,54.3,equipment_module,1
inc_00878,incident_tx_ip,TXNOC,2024,3,9,38,CRITICAL,FIBRA,LINK DOWN,CABLE BROKEN BACKBONE,network_002,branch_001,CLOSED,15.0,7.0,fiber_cable,0
inc_00879,incident_tx_ip,TXNOC,2024,4,10,38,MAJOR,MICROWAVE,LINK DOWN,IN SITE,network_001,branch_007,CLOSED,15.0,32.0,link_down,1
inc_00880,incident_tx_ip,TXNOC,2024,4,10,38,MAJOR,FIBRA,LINK DOWN,CABLE BROKEN BACKBONE,network_002,branch_017,CLOSED,15.0,3.83,fiber_cable,0
inc_00881,incident_tx_ip,TXNOC,2024,4,10,38,MAJOR,MICROWAVE,LINK DOWN,IN SITE,network_001,branch_003,CLOSED,15.0,10.0,equipment_module,0
inc_00882,incident_tx_ip,TXNOC,2024,4,10,38,CRITICAL,FIBRA,LINK DOWN,CABLE BROKEN BACKBONE,network_002,branch_012,CLOSED,15.0,8.5,fiber_cable,0
inc_00883,incident_tx_ip,TXNOC,2024,4,10,38,CRITICAL,FIBRA,LINK DOWN,CABLE BROKEN ACCESS,network_002,branch_004,CLOSED,15.0,4.92,fiber_cable,0
inc_00884,incident_tx_ip,TXNOC,2024,4,10,39,MAJOR,MICROWAVE,BAD PERFORMANCE,IN SITE,network_001,branch_013,CLOSED,15.0,357.0,other,1
inc_00885,incident_tx_ip,TXNOC,2024,4,10,39,CRITICAL,FIBRA,LINK DOWN,CABLE BROKEN BACKBONE,network_002,branch_001,CLOSED,15.0,5.75,fiber_cable,0
inc_00886,incident_tx_ip,TXNOC,2024,4,10,39,CRITICAL,FIBRA,LINK DOWN,CABLE BROKEN BACKBONE,network_002,branch_003,CLOSED,15.0,3.83,fiber_cable,0
inc_00887,incident_tx_ip,TXNOC,2024,4,10,39,MAJOR,MICROWAVE,LINK DOWN,IN SITE,network_001,branch_003,CLOSED,15.0,12.0,link_down,0
inc_00888,incident_tx_ip,TXNOC,2024,4,10,39,MAJOR,MICROWAVE,LINK DOWN,IN SITE,network_001,branch_005,CLOSED,15.0,182.5,equipment_module,1
inc_00889,incident_tx_ip,TXNOC,2024,4,10,39,CRITICAL,FIBRA,LINK DOWN,CABLE BROKEN BACKBONE,network_002,branch_015,CLOSED,15.0,3.0,fiber_cable,0
inc_00890,incident_tx_ip,TXNOC,2024,4,10,39,CRITICAL,FIBRA,LINK DOWN,CABLE BROKEN BACKBONE,network_002,branch_014,CLOSED,15.0,6.58,fiber_cable,0
inc_00891,incident_tx_ip,TXNOC,2024,4,10,39,CRITICAL,FIBRA,LINK DOWN,CABLE BROKEN BACKBONE,network_002,branch_003,CLOSED,15.0,10.67,fiber_cable,0
inc_00892,incident_tx_ip,TXNOC,2024,4,10,39,CRITICAL,FIBRA,LINK DOWN,CABLE BROKEN ACCESS,network_002,branch_014,CLOSED,15.0,5.5,fiber_cable,0
inc_00893,incident_tx_ip,TXNOC,2024,4,10,39,MAJOR,MICROWAVE,LINK DOWN,IN SITE,network_001,branch_019,CLOSED,15.0,9.33,equipment_module,0
inc_00894,incident_tx_ip,TXNOC,2024,4,10,39,MAJOR,FIBRA,LINK DOWN,CABLE BROKEN ACCESS,network_002,branch_012,CLOSED,15.0,2.33,fiber_cable,0
inc_00895,incident_tx_ip,TXNOC,2024,4,10,39,MAJOR,FIBRA,LINK DOWN,CABLE BROKEN ACCESS,network_002,branch_001,CLOSED,15.0,44.78,attenuation,1
inc_00896,incident_tx_ip,TXNOC,2024,4,10,39,CRITICAL,FIBRA,ATTENUATION,ATTENUATION NEAR TO THRESHOLD,network_002,branch_010,CLOSED,15.0,2.0,attenuation,0
inc_00897,incident_tx_ip,TXNOC,2024,4,10,39,CRITICAL,FIBRA,LINK DOWN,CABLE BROKEN BACKBONE,network_002,branch_003,CLOSED,15.0,2.33,fiber_cable,0
inc_00898,incident_tx_ip,TXNOC,2024,4,10,39,MAJOR,FIBRA,LINK DOWN,CABLE BROKEN BACKBONE,network_002,branch_018,CLOSED,21.0,7.5,fiber_cable,0
inc_00899,incident_tx_ip,TXNOC,2024,4,10,39,MAJOR,MICROWAVE,LINK DOWN,IN SITE,network_001,branch_015,CLOSED,15.0,5.0,equipment_module,0
inc_00900,incident_tx_ip,TXNOC,2024,4,10,39,MAJOR,MICROWAVE,LINK DOWN,IN SITE,network_001,branch_011,CLOSED,15.0,11.0,equipment_module,0
inc_00901,incident_tx_ip,TXNOC,2024,4,10,39,MAJOR,MICROWAVE,BAD PERFORMANCE,IN SITE,network_001,branch_016,CLOSED,15.0,4.25,equipment_module,0
inc_00902,incident_tx_ip,TXNOC,2024,4,10,39,MAJOR,FIBRA,ATTENUATION,ATTENUATION NEAR TO THRESHOLD,network_002,branch_003,CLOSED,15.0,0.5,attenuation,0
inc_00903,incident_tx_ip,TXNOC,2024,4,10,39,MAJOR,MICROWAVE,BAD PERFORMANCE,IN SITE,network_001,branch_017,CLOSED,15.0,3.13,equipment_module,0
inc_00904,incident_tx_ip,TXNOC,2024,4,10,39,CRITICAL,FIBRA,ATTENUATION,ATTENUATION NEAR TO THRESHOLD,network_002,branch_003,CLOSED,15.0,5.0,attenuation,0
inc_00905,incident_tx_ip,TXNOC,2024,4,10,39,CRITICAL,FIBRA,LINK DOWN,CABLE BROKEN BACKBONE,network_002,branch_015,CLOSED,15.0,10.0,fiber_cable,0
inc_00906,incident_tx_ip,TXNOC,2024,4,10,39,CRITICAL,FIBRA,LINK DOWN,CABLE BROKEN BACKBONE,network_002,branch_004,CLOSED,15.0,5.1,fiber_cable,0
inc_00907,incident_tx_ip,TXNOC,2024,4,10,39,CRITICAL,FIBRA,LINK DOWN,CABLE BROKEN BACKBONE,network_002,branch_004,CLOSED,15.0,2.08,fiber_cable,0
inc_00908,incident_tx_ip,TXNOC,2024,4,10,39,CRITICAL,FIBRA,LINK DOWN,CABLE BROKEN BACKBONE,network_002,branch_018,CLOSED,21.0,1.97,fiber_cable,0
inc_00909,incident_tx_ip,TXNOC,2024,4,10,39,CRITICAL,FIBRA,LINK DOWN,CABLE BROKEN BACKBONE,network_002,branch_003,CLOSED,15.0,13.23,fiber_cable,0
inc_00910,incident_tx_ip,TXNOC,2024,4,10,39,CRITICAL,FIBRA,LINK DOWN,CABLE BROKEN BACKBONE,network_002,branch_020,CLOSED,15.0,3.0,fiber_cable,0
inc_00911,incident_tx_ip,TXNOC,2024,4,10,39,MAJOR,MICROWAVE,BAD PERFORMANCE,IN SITE,network_001,branch_016,CLOSED,15.0,58.0,other,1
inc_00912,incident_tx_ip,TXNOC,2024,4,10,39,MAJOR,MICROWAVE,BAD PERFORMANCE,IN SITE,network_001,branch_030,CLOSED,15.0,10.0,attenuation,0
inc_00913,incident_tx_ip,TXNOC,2024,4,10,39,MAJOR,MICROWAVE,BAD PERFORMANCE,IN SITE,network_001,branch_029,CLOSED,15.0,30.0,link_down,1
inc_00914,incident_tx_ip,TXNOC,2024,4,10,39,MAJOR,MICROWAVE,LINK DOWN,IN SITE,network_001,branch_014,CLOSED,15.0,33.83,equipment_module,1
inc_00915,incident_tx_ip,TXNOC,2024,4,10,39,CRITICAL,FIBRA,LINK DOWN,CABLE BROKEN BACKBONE,network_002,branch_005,CLOSED,15.0,5.0,fiber_cable,0
inc_00916,incident_tx_ip,TXNOC,2024,4,10,39,CRITICAL,FIBRA,LINK DOWN,CABLE BROKEN BACKBONE,network_002,branch_012,CLOSED,15.0,2.78,fiber_cable,0
inc_00917,incident_tx_ip,TXNOC,2024,4,10,39,MAJOR,FIBRA,LINK DOWN,CABLE BROKEN ACCESS,network_002,branch_014,CLOSED,15.0,5.75,fiber_cable,0
inc_00918,incident_tx_ip,TXNOC,2024,4,10,39,MAJOR,FIBRA,LINK DOWN,CABLE BROKEN ACCESS,network_002,branch_004,CLOSED,15.0,13.17,fiber_cable,0
inc_00919,incident_tx_ip,TXNOC,2024,4,10,40,MAJOR,MICROWAVE,LINK DOWN,IN SITE,network_001,branch_028,CLOSED,15.0,4.0,link_down,0
inc_00920,incident_tx_ip,TXNOC,2024,4,10,40,CRITICAL,FIBRA,LINK DOWN,CABLE BROKEN BACKBONE,network_002,branch_008,CLOSED,15.0,0.0,fiber_cable,0
inc_00921,incident_tx_ip,TXNOC,2024,4,10,40,MAJOR,MICROWAVE,LINK DOWN,IN SITE,network_001,branch_006,CLOSED,15.0,30.0,equipment_module,1
inc_00922,incident_tx_ip,TXNOC,2024,4,10,40,CRITICAL,FIBRA,LINK DOWN,CABLE BROKEN BACKBONE,network_002,branch_003,CLOSED,15.0,3.72,fiber_cable,0
inc_00923,incident_tx_ip,TXNOC,2024,4,10,40,CRITICAL,FIBRA,LINK DOWN,CABLE BROKEN BACKBONE,network_002,branch_017,CLOSED,15.0,18.62,fiber_cable,1
inc_00924,incident_tx_ip,TXNOC,2024,4,10,40,CRITICAL,MICROWAVE,BAD PERFORMANCE,IN SITE,network_001,branch_002,CLOSED,15.0,10.0,equipment_module,0
inc_00925,incident_tx_ip,TXNOC,2024,4,10,40,MAJOR,MICROWAVE,LINK DOWN,IN SITE,network_001,branch_028,CLOSED,15.0,6.0,link_down,0
inc_00926,incident_tx_ip,TXNOC,2024,4,10,40,MAJOR,MICROWAVE,LINK DOWN,IN SITE,network_001,branch_014,CLOSED,15.0,10.5,link_down,0
inc_00927,incident_tx_ip,TXNOC,2024,4,10,40,MAJOR,FIBRA,BAD PERFORMANCE,IN SITE,network_002,branch_013,CLOSED,14.0,381.0,fiber_cable,1
inc_00928,incident_tx_ip,TXNOC,2024,4,10,40,MAJOR,FIBRA,BAD PERFORMANCE,IN SITE,network_002,branch_022,CLOSED,15.0,1.0,fiber_cable,0
inc_00929,incident_tx_ip,TXNOC,2024,4,10,40,CRITICAL,FIBRA,LINK DOWN,CABLE BROKEN BACKBONE,network_002,branch_010,CLOSED,15.0,8.42,fiber_cable,0
inc_00930,incident_tx_ip,TXNOC,2024,4,10,40,MAJOR,MICROWAVE,BAD PERFORMANCE,IN SITE,network_001,branch_004,CLOSED,15.0,51.5,equipment_module,1
inc_00931,incident_tx_ip,TXNOC,2024,4,10,40,CRITICAL,FIBRA,LINK DOWN,CABLE BROKEN BACKBONE,network_002,branch_009,CLOSED,15.0,19.25,fiber_cable,1
inc_00932,incident_tx_ip,TXNOC,2024,4,10,40,CRITICAL,FIBRA,LINK DOWN,CABLE BROKEN BACKBONE,network_002,branch_017,CLOSED,15.0,5.73,fiber_cable,0
inc_00933,incident_tx_ip,TXNOC,2024,4,10,40,CRITICAL,FIBRA,LINK DOWN,CABLE BROKEN BACKBONE,network_002,branch_019,CLOSED,15.0,5.28,fiber_cable,0
inc_00934,incident_tx_ip,TXNOC,2024,4,10,40,MAJOR,MICROWAVE,BAD PERFORMANCE,IN SITE,network_001,branch_014,CLOSED,15.0,0.65,link_down,0
inc_00935,incident_tx_ip,TXNOC,2024,4,10,40,MAJOR,MICROWAVE,BAD PERFORMANCE,IN SITE,network_001,branch_013,CLOSED,15.0,273.0,equipment_module,1
inc_00936,incident_tx_ip,TXNOC,2024,4,10,40,MAJOR,MICROWAVE,LINK DOWN,IN SITE,network_001,branch_014,CLOSED,15.0,20.0,equipment_module,1
inc_00937,incident_tx_ip,TXNOC,2024,4,10,40,CRITICAL,FIBRA,LINK DOWN,IN SITE,network_002,branch_003,CLOSED,15.0,8.33,fiber_cable,0
inc_00938,incident_tx_ip,TXNOC,2024,4,10,40,CRITICAL,FIBRA,LINK DOWN,IN SITE,network_002,branch_018,CLOSED,21.0,9.0,fiber_cable,0
inc_00939,incident_tx_ip,TXNOC,2024,4,10,40,MAJOR,FIBRA,LINK DOWN,IN SITE,network_002,branch_018,CLOSED,21.0,7.0,fiber_cable,0
inc_00940,incident_tx_ip,TXNOC,2024,4,10,40,MAJOR,MICROWAVE,LINK DOWN,IN SITE,network_001,branch_024,CLOSED,15.0,25.83,link_down,1
inc_00941,incident_tx_ip,TXNOC,2024,4,10,40,CRITICAL,FIBRA,LINK DOWN,CABLE BROKEN ACCESS,network_002,branch_020,CLOSED,15.0,3.0,fiber_cable,0
inc_00942,incident_tx_ip,TXNOC,2024,4,10,40,MAJOR,MICROWAVE,BAD PERFORMANCE,IN SITE,network_001,branch_001,CLOSED,15.0,168.17,equipment_module,1
inc_00943,incident_tx_ip,TXNOC,2024,4,10,40,CRITICAL,FIBRA,LINK DOWN,CABLE BROKEN ACCESS,network_002,branch_014,CLOSED,15.0,6.83,fiber_cable,0
inc_00944,incident_tx_ip,TXNOC,2024,4,10,40,CRITICAL,FIBRA,LINK DOWN,CABLE BROKEN ACCESS,network_002,branch_005,CLOSED,15.0,2.67,fiber_cable,0
inc_00945,incident_tx_ip,TXNOC,2024,4,10,40,CRITICAL,FIBRA,LINK DOWN,CABLE BROKEN ACCESS,network_002,branch_006,CLOSED,15.0,1.83,fiber_cable,0
inc_00946,incident_tx_ip,TXNOC,2024,4,10,40,MAJOR,MICROWAVE,BAD PERFORMANCE,IN SITE,network_001,branch_021,CLOSED,15.0,116.0,equipment_module,1
inc_00947,incident_tx_ip,TXNOC,2024,4,10,40,CRITICAL,FIBRA,ATTENUATION,ATTENUATION OVER THRESHOLD,network_002,branch_018,CLOSED,21.0,8.97,attenuation,0
inc_00948,incident_tx_ip,TXNOC,2024,4,10,40,MAJOR,MICROWAVE,LINK DOWN,IN SITE,network_001,branch_029,CLOSED,15.0,45.0,equipment_module,1
inc_00949,incident_tx_ip,TXNOC,2024,4,10,40,CRITICAL,FIBRA,LINK DOWN,CABLE BROKEN BACKBONE,network_002,branch_003,CLOSED,15.0,10.0,fiber_cable,0
inc_00950,incident_tx_ip,TXNOC,2024,4,10,40,CRITICAL,FIBRA,LINK DOWN,CABLE BROKEN BACKBONE,network_002,branch_009,CLOSED,15.0,3.68,fiber_cable,0
inc_00951,incident_tx_ip,TXNOC,2024,4,10,40,MAJOR,MICROWAVE,LINK DOWN,IN SITE,network_001,branch_004,CLOSED,15.0,81.0,equipment_module,1
inc_00952,incident_tx_ip,TXNOC,2024,4,10,40,MAJOR,MICROWAVE,BAD PERFORMANCE,IN SITE,network_001,branch_006,CLOSED,15.0,88.0,equipment_module,1
inc_00953,incident_tx_ip,TXNOC,2024,4,10,40,CRITICAL,FIBRA,LINK DOWN,CABLE BROKEN BACKBONE,network_002,branch_012,CLOSED,15.0,0.0,fiber_cable,0
inc_00954,incident_tx_ip,TXNOC,2024,4,10,40,MAJOR,MICROWAVE,LINK DOWN,IN SITE,network_001,branch_021,CLOSED,15.0,0.0,link_down,0
inc_00955,incident_tx_ip,TXNOC,2024,4,10,40,MAJOR,MICROWAVE,LINK DOWN,IN SITE,network_001,branch_020,CLOSED,15.0,3.0,link_down,0
inc_00956,incident_tx_ip,TXNOC,2024,4,10,40,CRITICAL,FIBRA,ATTENUATION,ATTENUATION NEAR TO THRESHOLD,network_002,branch_017,CLOSED,15.0,14.0,attenuation,0
inc_00957,incident_tx_ip,TXNOC,2024,4,10,40,MAJOR,FIBRA,ATTENUATION,ATTENUATION NEAR TO THRESHOLD,network_002,branch_003,CLOSED,15.0,53.0,attenuation,1
inc_00958,incident_tx_ip,TXNOC,2024,4,10,40,MAJOR,FIBRA,LINK DOWN,CABLE BROKEN BACKBONE,network_002,branch_002,CLOSED,15.0,10.0,fiber_cable,0
inc_00959,incident_tx_ip,TXNOC,2024,4,10,40,CRITICAL,FIBRA,LINK DOWN,CABLE BROKEN BACKBONE,network_002,branch_014,CLOSED,15.0,6.0,fiber_cable,0
inc_00960,incident_tx_ip,TXNOC,2024,4,10,40,CRITICAL,FIBRA,LINK DOWN,CABLE BROKEN BACKBONE,network_002,branch_006,CLOSED,15.0,8.67,fiber_cable,0
inc_00961,incident_tx_ip,TXNOC,2024,4,10,40,CRITICAL,FIBRA,LINK DOWN,CABLE BROKEN BACKBONE,network_002,branch_003,CLOSED,15.0,3.0,fiber_cable,0
inc_00962,incident_tx_ip,TXNOC,2024,4,10,40,CRITICAL,FIBRA,ATTENUATION,ATTENUATION NEAR TO THRESHOLD,network_002,branch_002,CLOSED,15.0,15.0,attenuation,0
inc_00963,incident_tx_ip,TXNOC,2024,4,10,40,CRITICAL,FIBRA,ATTENUATION,ATTENUATION NEAR TO THRESHOLD,network_002,branch_012,CLOSED,15.0,31.18,attenuation,1
inc_00964,incident_tx_ip,TXNOC,2024,4,10,41,CRITICAL,FIBRA,LINK DOWN,CABLE BROKEN ACCESS,network_002,branch_003,CLOSED,15.0,1.33,attenuation,0
inc_00965,incident_tx_ip,TXNOC,2024,4,10,41,MAJOR,MICROWAVE,LINK DOWN,IN SITE,network_001,branch_002,CLOSED,15.0,47.83,equipment_module,1
inc_00966,incident_tx_ip,TXNOC,2024,4,10,41,CRITICAL,FIBRA,ATTENUATION,ATTENUATION NEAR TO THRESHOLD,network_002,branch_003,CLOSED,15.0,1.67,attenuation,0
inc_00967,incident_tx_ip,TXNOC,2024,4,10,41,MAJOR,MICROWAVE,BAD PERFORMANCE,IN SITE,network_001,branch_021,CLOSED,15.0,89.67,other,1
inc_00968,incident_tx_ip,TXNOC,2024,4,10,41,CRITICAL,FIBRA,LINK DOWN,CABLE BROKEN BACKBONE,network_002,branch_008,CLOSED,15.0,7.0,fiber_cable,0
inc_00969,incident_tx_ip,TXNOC,2024,4,10,41,MAJOR,FIBRA,LINK DOWN,CABLE BROKEN BACKBONE,network_002,branch_022,CLOSED,15.0,9.5,fiber_cable,0
inc_00970,incident_tx_ip,TXNOC,2024,4,10,41,MAJOR,FIBRA,LINK DOWN,CABLE BROKEN BACKBONE,network_002,branch_003,CLOSED,15.0,13.0,fiber_cable,0
inc_00971,incident_tx_ip,TXNOC,2024,4,10,41,MAJOR,FIBRA,LINK DOWN,CABLE BROKEN BACKBONE,network_002,branch_021,CLOSED,15.0,12.65,fiber_cable,0
inc_00972,incident_tx_ip,TXNOC,2024,4,10,41,CRITICAL,FIBRA,LINK DOWN,CABLE BROKEN BACKBONE,network_002,branch_012,CLOSED,15.0,2856.72,fiber_cable,1
inc_00973,incident_tx_ip,TXNOC,2024,4,10,41,MAJOR,MICROWAVE,LINK DOWN,IN SITE,network_001,branch_015,CLOSED,15.0,30.7,equipment_module,1
inc_00974,incident_tx_ip,TXNOC,2024,4,10,41,MAJOR,FIBRA,LINK DOWN,CABLE BROKEN BACKBONE,network_002,branch_029,CLOSED,15.0,6.0,fiber_cable,0
inc_00975,incident_tx_ip,TXNOC,2024,4,10,41,MAJOR,FIBRA,LINK DOWN,CABLE BROKEN BACKBONE,network_002,branch_025,CLOSED,14.0,5.0,fiber_cable,0
inc_00976,incident_tx_ip,TXNOC,2024,4,10,41,MAJOR,MICROWAVE,BAD PERFORMANCE,IN SITE,network_001,branch_003,CLOSED,15.0,77.5,attenuation,1
inc_00977,incident_tx_ip,TXNOC,2024,4,10,41,CRITICAL,FIBRA,LINK DOWN,CABLE BROKEN BACKBONE,network_002,branch_014,CLOSED,15.0,7.82,fiber_cable,0
inc_00978,incident_tx_ip,TXNOC,2024,4,10,41,MAJOR,MICROWAVE,LINK DOWN,IN SITE,network_001,branch_010,CLOSED,15.0,10.0,equipment_module,0
inc_00979,incident_tx_ip,TXNOC,2024,4,10,41,CRITICAL,FIBRA,LINK DOWN,CABLE BROKEN BACKBONE,network_002,branch_017,CLOSED,15.0,1.77,fiber_cable,0
inc_00980,incident_tx_ip,TXNOC,2024,4,10,41,MAJOR,MICROWAVE,BAD PERFORMANCE,IN SITE,network_001,branch_005,CLOSED,15.0,126.55,other,1
inc_00981,incident_tx_ip,TXNOC,2024,4,10,41,MAJOR,MICROWAVE,LINK DOWN,IN SITE,network_001,branch_017,CLOSED,15.0,6.5,link_down,0
inc_00982,incident_tx_ip,TXNOC,2024,4,10,41,MAJOR,MICROWAVE,LINK DOWN,IN SITE,network_001,branch_005,CLOSED,15.0,144.0,link_down,1
inc_00983,incident_tx_ip,TXNOC,2024,4,10,41,MAJOR,MICROWAVE,LINK DOWN,IN SITE,network_001,branch_005,CLOSED,15.0,2.0,equipment_module,0
inc_00984,incident_tx_ip,TXNOC,2024,4,10,41,MAJOR,FIBRA,ATTENUATION,ATTENUATION NEAR TO THRESHOLD,network_002,branch_032,CLOSED,22.0,0.0,attenuation,0
inc_00985,incident_tx_ip,TXNOC,2024,4,10,41,MAJOR,FIBRA,ATTENUATION,ATTENUATION NEAR TO THRESHOLD,network_002,branch_032,CLOSED,22.0,0.0,attenuation,0
inc_00986,incident_tx_ip,TXNOC,2024,4,10,41,MAJOR,FIBRA,ATTENUATION,ATTENUATION NEAR TO THRESHOLD,network_002,branch_004,CLOSED,15.0,0.0,attenuation,0
inc_00987,incident_tx_ip,TXNOC,2024,4,10,41,CRITICAL,FIBRA,LINK DOWN,CABLE BROKEN BACKBONE,network_002,branch_030,CLOSED,18.0,4.0,fiber_cable,0
inc_00988,incident_tx_ip,TXNOC,2024,4,10,41,CRITICAL,FIBRA,LINK DOWN,CABLE BROKEN BACKBONE,network_002,branch_008,CLOSED,15.0,4.17,fiber_cable,0
inc_00989,incident_tx_ip,TXNOC,2024,4,10,41,CRITICAL,FIBRA,LINK DOWN,CABLE BROKEN BACKBONE,network_002,branch_010,CLOSED,14.0,1.83,fiber_cable,0
inc_00990,incident_tx_ip,TXNOC,2024,4,10,41,CRITICAL,FIBRA,LINK DOWN,CABLE BROKEN BACKBONE,network_002,branch_006,CLOSED,13.0,1.0,fiber_cable,0
inc_00991,incident_tx_ip,TXNOC,2024,4,10,41,CRITICAL,FIBRA,LINK DOWN,CABLE BROKEN BACKBONE,network_002,branch_021,CLOSED,15.0,5.33,fiber_cable,0
inc_00992,incident_tx_ip,TXNOC,2024,4,10,41,MAJOR,MICROWAVE,BAD PERFORMANCE,IN SITE,network_001,branch_011,CLOSED,15.0,80.0,equipment_module,1
inc_00993,incident_tx_ip,TXNOC,2024,4,10,41,MAJOR,MICROWAVE,LINK DOWN,IN SITE,network_001,branch_004,CLOSED,15.0,0.0,link_down,0
inc_00994,incident_tx_ip,TXNOC,2024,4,10,41,MAJOR,MICROWAVE,BAD PERFORMANCE,IN SITE,network_001,branch_010,CLOSED,15.0,2863.42,other,1
inc_00995,incident_tx_ip,TXNOC,2024,4,10,41,CRITICAL,FIBRA,LINK DOWN,CABLE BROKEN BACKBONE,network_002,branch_006,CLOSED,13.0,6.5,fiber_cable,0
inc_00996,incident_tx_ip,TXNOC,2024,4,10,41,CRITICAL,FIBRA,LINK DOWN,CABLE BROKEN ACCESS,network_002,branch_004,CLOSED,15.0,5.67,fiber_cable,0
inc_00997,incident_tx_ip,TXNOC,2024,4,10,41,CRITICAL,FIBRA,LINK DOWN,CABLE BROKEN ACCESS,network_002,branch_018,CLOSED,21.0,1.08,fiber_cable,0
inc_00998,incident_tx_ip,TXNOC,2024,4,10,41,CRITICAL,FIBRA,LINK DOWN,CABLE BROKEN ACCESS,network_002,branch_029,CLOSED,15.0,0.5,fiber_cable,0
inc_00999,incident_tx_ip,TXNOC,2024,4,10,41,CRITICAL,FIBRA,LINK DOWN,CABLE BROKEN BACKBONE,network_002,branch_017,CLOSED,15.0,32.0,fiber_cable,1
inc_01000,incident_tx_ip,TXNOC,2024,4,10,41,MAJOR,FIBRA,BAD PERFORMANCE,IN SITE,network_002,branch_006,CLOSED,17.0,0.0,fiber_cable,0
inc_01001,incident_tx_ip,TXNOC,2024,4,10,42,MAJOR,MICROWAVE,LINK DOWN,IN SITE,network_001,branch_024,CLOSED,15.0,5.0,link_down,0
inc_01002,incident_tx_ip,TXNOC,2024,4,10,42,CRITICAL,FIBRA,LINK DOWN,CABLE BROKEN BACKBONE,network_002,branch_015,CLOSED,15.0,4.03,fiber_cable,0
inc_01003,incident_tx_ip,TXNOC,2024,4,10,42,MAJOR,MICROWAVE,LINK DOWN,IN SITE,network_001,branch_004,CLOSED,15.0,21.17,equipment_module,1
inc_01004,incident_tx_ip,TXNOC,2024,4,10,42,CRITICAL,FIBRA,LINK DOWN,CABLE BROKEN BACKBONE,network_002,branch_006,CLOSED,18.0,92.0,fiber_cable,1
inc_01005,incident_tx_ip,TXNOC,2024,4,10,42,MAJOR,MICROWAVE,BAD PERFORMANCE,IN SITE,network_001,branch_015,CLOSED,15.0,8.83,other,0
inc_01006,incident_tx_ip,TXNOC,2024,4,10,42,CRITICAL,FIBRA,LINK DOWN,CABLE BROKEN BACKBONE,network_002,branch_018,CLOSED,21.0,5.17,fiber_cable,0
inc_01007,incident_tx_ip,TXNOC,2024,4,10,42,CRITICAL,FIBRA,LINK DOWN,CABLE BROKEN BACKBONE,network_002,branch_005,CLOSED,15.0,6.0,fiber_cable,0
inc_01008,incident_tx_ip,TXNOC,2024,4,10,42,MAJOR,MICROWAVE,LINK DOWN,IN SITE,network_001,branch_014,CLOSED,15.0,4.0,equipment_module,0
inc_01009,incident_tx_ip,TXNOC,2024,4,10,42,CRITICAL,FIBRA,LINK DOWN,CABLE BROKEN BACKBONE,network_002,branch_018,CLOSED,21.0,2.67,fiber_cable,0
inc_01010,incident_tx_ip,TXNOC,2024,4,10,42,CRITICAL,FIBRA,LINK DOWN,CABLE BROKEN BACKBONE,network_002,branch_010,CLOSED,14.0,1.5,fiber_cable,0
inc_01011,incident_tx_ip,TXNOC,2024,4,10,42,MAJOR,MICROWAVE,LINK DOWN,IN SITE,network_001,branch_012,CLOSED,15.0,139.0,equipment_module,1
inc_01012,incident_tx_ip,TXNOC,2024,4,10,42,CRITICAL,FIBRA,LINK DOWN,CABLE BROKEN BACKBONE,network_002,branch_030,CLOSED,15.0,0.0,fiber_cable,0
inc_01013,incident_tx_ip,TXNOC,2024,4,10,42,MAJOR,MICROWAVE,LINK DOWN,IN SITE,network_001,branch_021,CLOSED,15.0,17.0,equipment_module,1
inc_01014,incident_tx_ip,TXNOC,2024,4,10,42,CRITICAL,FIBRA,LINK DOWN,CABLE BROKEN BACKBONE,network_002,branch_017,CLOSED,15.0,2.0,attenuation,0
inc_01015,incident_tx_ip,TXNOC,2024,4,10,42,MAJOR,MICROWAVE,LINK DOWN,IN SITE,network_001,branch_005,CLOSED,15.0,26.0,equipment_module,1
inc_01016,incident_tx_ip,TXNOC,2024,4,10,42,MAJOR,MICROWAVE,LINK DOWN,IN SITE,network_001,branch_005,CLOSED,15.0,49.12,equipment_module,1
inc_01017,incident_tx_ip,TXNOC,2024,4,10,42,CRITICAL,FIBRA,ATTENUATION,ATTENUATION NEAR TO THRESHOLD,network_002,branch_004,CLOSED,15.0,30.0,attenuation,1
inc_01018,incident_tx_ip,TXNOC,2024,4,10,42,MAJOR,MICROWAVE,LINK DOWN,IN SITE,network_001,branch_009,CLOSED,15.0,59.18,equipment_module,1
inc_01019,incident_tx_ip,TXNOC,2024,4,10,42,MAJOR,MICROWAVE,LINK DOWN,IN SITE,network_001,branch_006,CLOSED,15.0,10.0,power_energy,0
inc_01020,incident_tx_ip,TXNOC,2024,4,10,42,CRITICAL,FIBRA,LINK DOWN,CABLE BROKEN BACKBONE,network_002,branch_022,CLOSED,15.0,6.37,fiber_cable,0
inc_01021,incident_tx_ip,TXNOC,2024,4,10,42,CRITICAL,FIBRA,LINK DOWN,CABLE BROKEN BACKBONE,network_002,branch_006,CLOSED,13.0,2.77,fiber_cable,0
inc_01022,incident_tx_ip,TXNOC,2024,4,10,42,CRITICAL,FIBRA,LINK DOWN,CABLE BROKEN BACKBONE,network_002,branch_008,CLOSED,15.0,1.98,fiber_cable,0
inc_01023,incident_tx_ip,TXNOC,2024,4,10,42,MAJOR,MICROWAVE,BAD PERFORMANCE,IN SITE,network_001,branch_020,CLOSED,15.0,127.0,equipment_module,1
inc_01024,incident_tx_ip,TXNOC,2024,4,10,42,CRITICAL,FIBRA,LINK DOWN,CABLE BROKEN BACKBONE,network_002,branch_022,CLOSED,15.0,5.0,fiber_cable,0
inc_01025,incident_tx_ip,TXNOC,2024,4,10,42,MAJOR,FIBRA,ATTENUATION,ATTENUATION NEAR TO THRESHOLD,network_002,branch_015,CLOSED,15.0,33.37,attenuation,1
inc_01026,incident_tx_ip,TXNOC,2024,4,10,42,MAJOR,FIBRA,ATTENUATION,ATTENUATION NEAR TO THRESHOLD,network_002,branch_001,CLOSED,15.0,10.0,attenuation,0
inc_01027,incident_tx_ip,TXNOC,2024,4,10,42,MAJOR,FIBRA,ATTENUATION,ATTENUATION NEAR TO THRESHOLD,network_002,branch_009,CLOSED,15.0,20.0,attenuation,1
inc_01028,incident_tx_ip,TXNOC,2024,4,10,42,CRITICAL,FIBRA,LINK DOWN,CABLE BROKEN BACKBONE,network_002,branch_018,CLOSED,21.0,5.0,fiber_cable,0
inc_01029,incident_tx_ip,TXNOC,2024,4,10,42,CRITICAL,FIBRA,LINK DOWN,CABLE BROKEN BACKBONE,network_002,branch_014,CLOSED,15.0,9.0,fiber_cable,0
inc_01030,incident_tx_ip,TXNOC,2024,4,10,42,CRITICAL,FIBRA,LINK DOWN,CABLE BROKEN BACKBONE,network_002,branch_018,CLOSED,21.0,7.5,fiber_cable,0
inc_01031,incident_tx_ip,TXNOC,2024,4,10,42,CRITICAL,FIBRA,LINK DOWN,CABLE BROKEN BACKBONE,network_002,branch_004,CLOSED,15.0,7.0,fiber_cable,0
inc_01032,incident_tx_ip,TXNOC,2024,4,10,42,CRITICAL,FIBRA,LINK DOWN,CABLE BROKEN BACKBONE,network_002,branch_017,CLOSED,15.0,3.42,fiber_cable,0
inc_01033,incident_tx_ip,TXNOC,2024,4,10,42,CRITICAL,FIBRA,LINK DOWN,CABLE BROKEN BACKBONE,network_002,branch_022,CLOSED,15.0,0.0,fiber_cable,0
inc_01034,incident_tx_ip,TXNOC,2024,4,10,42,CRITICAL,FIBRA,LINK DOWN,CABLE BROKEN BACKBONE,network_002,branch_017,CLOSED,15.0,13.67,fiber_cable,0
inc_01035,incident_tx_ip,TXNOC,2024,4,10,42,MAJOR,MICROWAVE,LINK DOWN,IN SITE,network_001,branch_006,CLOSED,15.0,21.9,equipment_module,1
inc_01036,incident_tx_ip,TXNOC,2024,4,10,42,MAJOR,MICROWAVE,LINK DOWN,IN SITE,network_001,branch_006,CLOSED,15.0,9.0,link_down,0
inc_01037,incident_tx_ip,TXNOC,2024,4,10,42,CRITICAL,MICROWAVE,LINK DOWN,IN SITE,network_001,branch_025,CLOSED,15.0,21.0,equipment_module,1
inc_01038,incident_tx_ip,TXNOC,2024,4,10,42,CRITICAL,FIBRA,LINK DOWN,CABLE BROKEN BACKBONE,network_002,branch_004,CLOSED,15.0,5.0,fiber_cable,0
inc_01039,incident_tx_ip,TXNOC,2024,4,10,42,CRITICAL,FIBRA,ATTENUATION,CABLE BROKEN ACCESS,network_002,branch_018,CLOSED,21.0,3.17,attenuation,0
inc_01040,incident_tx_ip,TXNOC,2024,4,11,43,MAJOR,FIBRA,ATTENUATION,ATTENUATION NEAR TO THRESHOLD,network_002,branch_005,CLOSED,15.0,8.0,attenuation,0
inc_01041,incident_tx_ip,TXNOC,2024,4,11,43,CRITICAL,FIBRA,LINK DOWN,CABLE BROKEN BACKBONE,network_002,branch_001,CLOSED,15.0,4.33,fiber_cable,0
inc_01042,incident_tx_ip,TXNOC,2024,4,11,43,CRITICAL,FIBRA,LINK DOWN,CABLE BROKEN BACKBONE,network_002,branch_003,CLOSED,15.0,6.03,fiber_cable,0
inc_01043,incident_tx_ip,TXNOC,2024,4,11,43,CRITICAL,FIBRA,LINK DOWN,CABLE BROKEN BACKBONE,network_002,branch_018,CLOSED,21.0,1.13,fiber_cable,0
inc_01044,incident_tx_ip,TXNOC,2024,4,11,43,CRITICAL,MICROWAVE,LINK DOWN,IN SITE,network_001,branch_012,CLOSED,15.0,43.0,link_down,1
inc_01045,incident_tx_ip,TXNOC,2024,4,11,43,CRITICAL,FIBRA,LINK DOWN,CABLE BROKEN ACCESS,network_002,branch_017,CLOSED,15.0,20.95,fiber_cable,1
inc_01046,incident_tx_ip,TXNOC,2024,4,11,43,CRITICAL,FIBRA,LINK DOWN,CABLE BROKEN BACKBONE,network_002,branch_018,CLOSED,21.0,5.33,fiber_cable,0
inc_01047,incident_tx_ip,TXNOC,2024,4,11,43,MAJOR,FIBRA,ATTENUATION,ATTENUATION NEAR TO THRESHOLD,network_002,branch_008,CLOSED,15.0,24.0,attenuation,1
inc_01048,incident_tx_ip,TXNOC,2024,4,11,43,MAJOR,FIBRA,ATTENUATION,ATTENUATION NEAR TO THRESHOLD,network_002,branch_003,CLOSED,15.0,2.5,attenuation,0
inc_01049,incident_tx_ip,TXNOC,2024,4,11,43,MAJOR,FIBRA,ATTENUATION,ATTENUATION NEAR TO THRESHOLD,network_002,branch_010,CLOSED,15.0,2.0,attenuation,0
inc_01050,incident_tx_ip,TXNOC,2024,4,11,43,MAJOR,MICROWAVE,ATTENUATION,IN SITE,network_001,branch_002,CLOSED,15.0,26.0,attenuation,1
inc_01051,incident_tx_ip,TXNOC,2024,4,11,43,MAJOR,MICROWAVE,BAD PERFORMANCE,IN SITE,network_001,branch_013,CLOSED,15.0,30.0,logical_config,1
inc_01052,incident_tx_ip,TXNOC,2024,4,11,43,CRITICAL,FIBRA,LINK DOWN,CABLE BROKEN BACKBONE,network_002,branch_011,CLOSED,17.0,5.83,fiber_cable,0
inc_01053,incident_tx_ip,TXNOC,2024,4,11,43,CRITICAL,FIBRA,LINK DOWN,CABLE BROKEN BACKBONE,network_002,branch_018,CLOSED,21.0,3.83,fiber_cable,0
inc_01054,incident_tx_ip,TXNOC,2024,4,11,43,CRITICAL,MICROWAVE,LINK DOWN,IN SITE,network_001,branch_008,CLOSED,15.0,6.5,equipment_module,0
inc_01055,incident_tx_ip,TXNOC,2024,4,11,43,MAJOR,MICROWAVE,BAD PERFORMANCE,IN SITE,network_001,branch_020,CLOSED,15.0,16.0,attenuation,1
inc_01056,incident_tx_ip,TXNOC,2024,4,11,43,CRITICAL,MICROWAVE,LINK DOWN,IN SITE,network_001,branch_016,CLOSED,15.0,10.0,equipment_module,0
inc_01057,incident_tx_ip,TXNOC,2024,4,11,43,MAJOR,FIBRA,LINK DOWN,CABLE BROKEN BACKBONE,network_002,branch_018,CLOSED,21.0,6.0,fiber_cable,0
inc_01058,incident_tx_ip,TXNOC,2024,4,11,43,MAJOR,FIBRA,LINK DOWN,CABLE BROKEN BACKBONE,network_002,branch_017,CLOSED,15.0,5.5,fiber_cable,0
inc_01059,incident_tx_ip,TXNOC,2024,4,11,43,CRITICAL,MICROWAVE,LINK DOWN,IN SITE,network_001,branch_014,CLOSED,15.0,54.07,equipment_module,1
inc_01060,incident_tx_ip,TXNOC,2024,4,11,43,CRITICAL,FIBRA,LINK DOWN,CABLE BROKEN BACKBONE,network_002,branch_007,CLOSED,15.0,2.0,fiber_cable,0
inc_01061,incident_tx_ip,TXNOC,2024,4,11,43,MAJOR,FIBRA,LINK DOWN,CABLE BROKEN BACKBONE,network_002,branch_018,CLOSED,21.0,5.42,fiber_cable,0
inc_01062,incident_tx_ip,TXNOC,2024,4,11,43,MAJOR,MICROWAVE,BAD PERFORMANCE,IN SITE,network_001,branch_008,CLOSED,15.0,189.0,equipment_module,1
inc_01063,incident_tx_ip,TXNOC,2024,4,11,43,MAJOR,FIBRA,ATTENUATION,ATTENUATION NEAR TO THRESHOLD,network_002,branch_007,CLOSED,15.0,147.0,attenuation,1
inc_01064,incident_tx_ip,TXNOC,2024,4,11,43,MAJOR,FIBRA,ATTENUATION,ATTENUATION NEAR TO THRESHOLD,network_002,branch_003,CLOSED,15.0,481.0,attenuation,1
inc_01065,incident_tx_ip,TXNOC,2024,4,11,43,CRITICAL,FIBRA,LINK DOWN,CABLE BROKEN BACKBONE,network_002,branch_010,CLOSED,15.0,2.0,fiber_cable,0
inc_01066,incident_tx_ip,TXNOC,2024,4,11,43,CRITICAL,FIBRA,LINK DOWN,CABLE BROKEN ACCESS,network_002,branch_009,CLOSED,15.0,7.0,fiber_cable,0
inc_01067,incident_tx_ip,TXNOC,2024,4,11,43,CRITICAL,MICROWAVE,BAD PERFORMANCE,IN SITE,network_001,branch_011,CLOSED,15.0,18.37,equipment_module,1
inc_01068,incident_tx_ip,TXNOC,2024,4,11,43,MAJOR,FIBRA,LINK DOWN,ATTENUATION OVER THRESHOLD,network_002,branch_010,CLOSED,15.0,47.0,attenuation,1
inc_01069,incident_tx_ip,TXNOC,2024,4,11,43,MAJOR,MICROWAVE,BAD PERFORMANCE,IN SITE,network_001,branch_002,CLOSED,15.0,4.0,link_down,0
inc_01070,incident_tx_ip,TXNOC,2024,4,11,43,MAJOR,MICROWAVE,LINK DOWN,IN SITE,network_001,branch_003,CLOSED,15.0,90.0,equipment_module,1
inc_01071,incident_tx_ip,TXNOC,2024,4,11,43,MAJOR,MICROWAVE,LINK DOWN,IN SITE,network_001,branch_019,CLOSED,15.0,10.0,link_down,0
inc_01072,incident_tx_ip,TXNOC,2024,4,11,43,MAJOR,MICROWAVE,LINK DOWN,IN SITE,network_001,branch_005,CLOSED,15.0,4.0,link_down,0
inc_01073,incident_tx_ip,TXNOC,2024,4,11,43,CRITICAL,FIBRA,LINK DOWN,CABLE BROKEN ACCESS,network_002,branch_018,CLOSED,21.0,9.0,fiber_cable,0
inc_01074,incident_tx_ip,TXNOC,2024,4,11,43,CRITICAL,FIBRA,LINK DOWN,CABLE BROKEN BACKBONE,network_002,branch_018,CLOSED,21.0,19.83,fiber_cable,0
inc_01075,incident_tx_ip,TXNOC,2024,4,11,43,CRITICAL,FIBRA,LINK DOWN,CABLE BROKEN BACKBONE,network_002,branch_014,CLOSED,15.0,7.17,fiber_cable,0
inc_01076,incident_tx_ip,TXNOC,2024,4,11,43,CRITICAL,FIBRA,LINK DOWN,CABLE BROKEN BACKBONE,network_002,branch_017,CLOSED,15.0,4.0,fiber_cable,0
inc_01077,incident_tx_ip,TXNOC,2024,4,11,43,MAJOR,FIBRA,ATTENUATION,ATTENUATION OVER THRESHOLD,network_002,branch_005,CLOSED,15.0,25.33,attenuation,1
inc_01078,incident_tx_ip,TXNOC,2024,4,11,43,CRITICAL,FIBRA,LINK DOWN,CABLE BROKEN BACKBONE,network_002,branch_003,CLOSED,15.0,4.83,fiber_cable,0
inc_01079,incident_tx_ip,TXNOC,2024,4,11,43,CRITICAL,FIBRA,LINK DOWN,CABLE BROKEN BACKBONE,network_002,branch_005,CLOSED,15.0,21.67,fiber_cable,1
inc_01080,incident_tx_ip,TXNOC,2024,4,11,43,CRITICAL,FIBRA,LINK DOWN,CABLE BROKEN BACKBONE,network_002,branch_018,CLOSED,21.0,1.0,fiber_cable,0
inc_01081,incident_tx_ip,TXNOC,2024,4,11,44,CRITICAL,FIBRA,LINK DOWN,CABLE BROKEN BACKBONE,network_002,branch_029,CLOSED,15.0,8.0,fiber_cable,0
inc_01082,incident_tx_ip,TXNOC,2024,4,11,44,CRITICAL,MICROWAVE,BAD PERFORMANCE,IN SITE,network_001,branch_001,CLOSED,15.0,22.07,equipment_module,1
inc_01083,incident_tx_ip,TXNOC,2024,4,11,44,CRITICAL,MICROWAVE,LINK DOWN,IN SITE,network_001,branch_003,CLOSED,15.0,38.83,equipment_module,1
inc_01084,incident_tx_ip,TXNOC,2024,4,11,44,CRITICAL,FIBRA,LINK DOWN,CABLE BROKEN BACKBONE,network_002,branch_017,CLOSED,15.0,5.83,fiber_cable,0
inc_01085,incident_tx_ip,TXNOC,2024,4,11,44,MAJOR,FIBRA,ATTENUATION,ATTENUATION NEAR TO THRESHOLD,network_002,branch_016,CLOSED,15.0,20.0,attenuation,1
inc_01086,incident_tx_ip,TXNOC,2024,4,11,44,CRITICAL,FIBRA,LINK DOWN,CABLE BROKEN BACKBONE,network_002,branch_010,CLOSED,15.0,10.0,fiber_cable,0
inc_01087,incident_tx_ip,TXNOC,2024,4,11,44,CRITICAL,FIBRA,LINK DOWN,CABLE BROKEN BACKBONE,network_002,branch_025,CLOSED,14.0,1.75,fiber_cable,0
inc_01088,incident_tx_ip,TXNOC,2024,4,11,44,CRITICAL,MICROWAVE,LINK DOWN,IN SITE,network_001,branch_020,CLOSED,15.0,110.0,equipment_module,1
inc_01089,incident_tx_ip,TXNOC,2024,4,11,44,MAJOR,FIBRA,ATTENUATION,IN SITE,network_002,branch_010,CLOSED,15.0,200.0,attenuation,1
inc_01090,incident_tx_ip,TXNOC,2024,4,11,44,MAJOR,FIBRA,LINK DOWN,IN SITE,network_002,branch_015,CLOSED,15.0,16.17,fiber_cable,1
inc_01091,incident_tx_ip,TXNOC,2024,4,11,44,MAJOR,FIBRA,LINK DOWN,ATTENUATION OVER THRESHOLD,network_002,branch_006,CLOSED,13.0,10.0,fiber_cable,0
inc_01092,incident_tx_ip,TXNOC,2024,4,11,44,MINOR,MICROWAVE,LINK DOWN,IN SITE,network_001,branch_020,CLOSED,15.0,8.0,equipment_module,0
inc_01093,incident_tx_ip,TXNOC,2024,4,11,44,CRITICAL,FIBRA,LINK DOWN,CABLE BROKEN BACKBONE,network_002,branch_003,CLOSED,15.0,1.57,fiber_cable,0
inc_01094,incident_tx_ip,TXNOC,2024,4,11,44,CRITICAL,FIBRA,LINK DOWN,CABLE BROKEN BACKBONE,network_002,branch_011,CLOSED,15.0,9.0,fiber_cable,0
inc_01095,incident_tx_ip,TXNOC,2024,4,11,44,CRITICAL,FIBRA,LINK DOWN,CABLE BROKEN BACKBONE,network_002,branch_017,CLOSED,15.0,3.0,fiber_cable,0
inc_01096,incident_tx_ip,TXNOC,2024,4,11,44,MAJOR,MICROWAVE,BAD PERFORMANCE,IN SITE,network_001,branch_029,CLOSED,15.0,330.0,other,1
inc_01097,incident_tx_ip,TXNOC,2024,4,11,44,MAJOR,MICROWAVE,LINK DOWN,IN SITE,network_001,branch_003,CLOSED,15.0,10.0,equipment_module,0
inc_01098,incident_tx_ip,TXNOC,2024,4,11,44,CRITICAL,FIBRA,LINK DOWN,IN SITE,network_002,branch_019,CLOSED,15.0,6.17,fiber_cable,0
inc_01099,incident_tx_ip,TXNOC,2024,4,11,44,MAJOR,MICROWAVE,BAD PERFORMANCE,IN SITE,network_001,branch_006,CLOSED,15.0,37.33,other,1
inc_01100,incident_tx_ip,TXNOC,2024,4,11,44,CRITICAL,FIBRA,LINK DOWN,IN SITE,network_002,branch_011,CLOSED,15.0,6.92,fiber_cable,0
inc_01101,incident_tx_ip,TXNOC,2024,4,11,44,CRITICAL,FIBRA,LINK DOWN,IN SITE,network_002,branch_018,CLOSED,21.0,10.0,fiber_cable,0
inc_01102,incident_tx_ip,TXNOC,2024,4,11,44,CRITICAL,FIBRA,LINK DOWN,IN SITE,network_002,branch_017,CLOSED,15.0,326.0,fiber_cable,1
inc_01103,incident_tx_ip,TXNOC,2024,4,11,44,CRITICAL,FIBRA,LINK DOWN,IN SITE,network_002,branch_019,CLOSED,15.0,4.17,attenuation,0
inc_01104,incident_tx_ip,TXNOC,2024,4,11,44,MAJOR,MICROWAVE,LINK DOWN,IN SITE,network_001,branch_002,CLOSED,15.0,21.33,equipment_module,1
inc_01105,incident_tx_ip,TXNOC,2024,4,11,44,CRITICAL,MICROWAVE,LINK DOWN,IN SITE,network_001,branch_019,CLOSED,15.0,50.0,equipment_module,1
inc_01106,incident_tx_ip,TXNOC,2024,4,11,44,CRITICAL,FIBRA,LINK DOWN,CABLE BROKEN BACKBONE,network_002,branch_012,CLOSED,15.0,10.0,fiber_cable,0
inc_01107,incident_tx_ip,TXNOC,2024,4,11,44,CRITICAL,FIBRA,LINK DOWN,CABLE BROKEN BACKBONE,network_002,branch_003,CLOSED,15.0,10.0,fiber_cable,0
inc_01108,incident_tx_ip,TXNOC,2024,4,11,44,CRITICAL,FIBRA,ATTENUATION,IN SITE,network_002,branch_020,CLOSED,15.0,3.0,attenuation,0
inc_01109,incident_tx_ip,TXNOC,2024,4,11,44,MAJOR,MICROWAVE,LINK DOWN,IN SITE,network_001,branch_014,CLOSED,15.0,23.0,power_energy,1
inc_01110,incident_tx_ip,TXNOC,2024,4,11,44,CRITICAL,FIBRA,LINK DOWN,IN SITE,network_002,branch_001,CLOSED,15.0,4.0,fiber_cable,0
inc_01111,incident_tx_ip,TXNOC,2024,4,11,44,MAJOR,MICROWAVE,LINK DOWN,IN SITE,network_001,branch_025,CLOSED,15.0,36.0,equipment_module,1
inc_01112,incident_tx_ip,TXNOC,2024,4,11,44,CRITICAL,FIBRA,ATTENUATION,ATTENUATION NEAR TO THRESHOLD,network_002,branch_004,CLOSED,15.0,22.0,attenuation,1
inc_01113,incident_tx_ip,TXNOC,2024,4,11,44,CRITICAL,FIBRA,LINK DOWN,CABLE BROKEN BACKBONE,network_002,branch_005,CLOSED,15.0,7.0,fiber_cable,0
inc_01114,incident_tx_ip,TXNOC,2024,4,11,44,CRITICAL,FIBRA,LINK DOWN,CABLE BROKEN BACKBONE,network_002,branch_021,CLOSED,15.0,9.0,fiber_cable,0
inc_01115,incident_tx_ip,TXNOC,2024,4,11,44,CRITICAL,FIBRA,LINK DOWN,CABLE BROKEN BACKBONE,network_002,branch_005,CLOSED,15.0,4.23,fiber_cable,0
inc_01116,incident_tx_ip,TXNOC,2024,4,11,44,CRITICAL,FIBRA,LINK DOWN,CABLE BROKEN BACKBONE,network_002,branch_018,CLOSED,21.0,6.48,fiber_cable,0
inc_01117,incident_tx_ip,TXNOC,2024,4,11,44,CRITICAL,FIBRA,LINK DOWN,CABLE BROKEN BACKBONE,network_002,branch_004,CLOSED,15.0,1.77,fiber_cable,0
inc_01118,incident_tx_ip,TXNOC,2024,4,11,44,MAJOR,FIBRA,ATTENUATION,ATTENUATION NEAR TO THRESHOLD,network_002,branch_001,CLOSED,15.0,20.0,attenuation,1
inc_01119,incident_tx_ip,TXNOC,2024,4,11,44,MAJOR,FIBRA,ATTENUATION,ATTENUATION NEAR TO THRESHOLD,network_002,branch_004,CLOSED,15.0,12.0,attenuation,0
inc_01120,incident_tx_ip,TXNOC,2024,4,11,44,MAJOR,FIBRA,ATTENUATION,ATTENUATION OVER THRESHOLD,network_002,branch_018,CLOSED,21.0,5.17,attenuation,0
inc_01121,incident_tx_ip,TXNOC,2024,4,11,44,MAJOR,FIBRA,BAD PERFORMANCE,IN SITE,network_002,branch_010,CLOSED,15.0,4.17,fiber_cable,0
inc_01122,incident_tx_ip,TXNOC,2024,4,11,44,CRITICAL,FIBRA,LINK DOWN,CABLE BROKEN BACKBONE,network_002,branch_022,CLOSED,15.0,8.5,fiber_cable,0
inc_01123,incident_tx_ip,TXNOC,2024,4,11,44,MAJOR,MICROWAVE,LINK DOWN,IN SITE,network_001,branch_020,CLOSED,15.0,44.0,equipment_module,1
inc_01124,incident_tx_ip,TXNOC,2024,4,11,44,CRITICAL,FIBRA,LINK DOWN,CABLE BROKEN BACKBONE,network_002,branch_010,CLOSED,15.0,8.0,attenuation,0
inc_01125,incident_tx_ip,TXNOC,2024,4,11,45,CRITICAL,FIBRA,LINK DOWN,CABLE BROKEN BACKBONE,network_002,branch_004,CLOSED,15.0,7.33,fiber_cable,0
inc_01126,incident_tx_ip,TXNOC,2024,4,11,45,MAJOR,MICROWAVE,LINK DOWN,IN SITE,network_001,branch_005,CLOSED,15.0,4.0,attenuation,0
inc_01127,incident_tx_ip,TXNOC,2024,4,11,45,CRITICAL,FIBRA,LINK DOWN,CABLE BROKEN BACKBONE,network_002,branch_018,CLOSED,21.0,1.33,fiber_cable,0
inc_01128,incident_tx_ip,TXNOC,2024,4,11,45,MAJOR,MICROWAVE,LINK DOWN,IN SITE,network_001,branch_021,CLOSED,15.0,81.5,equipment_module,1
inc_01129,incident_tx_ip,TXNOC,2024,4,11,45,MAJOR,MICROWAVE,LINK DOWN,IN SITE,network_001,branch_006,CLOSED,15.0,81.0,equipment_module,1
inc_01130,incident_tx_ip,TXNOC,2024,4,11,45,CRITICAL,FIBRA,LINK DOWN,CABLE BROKEN BACKBONE,network_002,branch_002,CLOSED,15.0,5.0,fiber_cable,0
inc_01131,incident_tx_ip,TXNOC,2024,4,11,45,CRITICAL,FIBRA,LINK DOWN,CABLE BROKEN BACKBONE,network_002,branch_001,CLOSED,15.0,7.18,fiber_cable,0
inc_01132,incident_tx_ip,TXNOC,2024,4,11,45,CRITICAL,FIBRA,LINK DOWN,CABLE BROKEN BACKBONE,network_002,branch_018,CLOSED,21.0,8.67,fiber_cable,0
inc_01133,incident_tx_ip,TXNOC,2024,4,11,45,CRITICAL,FIBRA,LINK DOWN,CABLE BROKEN BACKBONE,network_002,branch_004,CLOSED,15.0,2.75,fiber_cable,0
inc_01134,incident_tx_ip,TXNOC,2024,4,11,45,CRITICAL,FIBRA,LINK DOWN,CABLE BROKEN BACKBONE,network_002,branch_003,CLOSED,15.0,6.33,fiber_cable,0
inc_01135,incident_tx_ip,TXNOC,2024,4,11,45,CRITICAL,MICROWAVE,BAD PERFORMANCE,IN SITE,network_001,branch_001,CLOSED,15.0,18.0,equipment_module,1
inc_01136,incident_tx_ip,TXNOC,2024,4,11,45,CRITICAL,FIBRA,LINK DOWN,CABLE BROKEN BACKBONE,network_002,branch_002,CLOSED,15.0,3.0,fiber_cable,0
inc_01137,incident_tx_ip,TXNOC,2024,4,11,45,CRITICAL,FIBRA,LINK DOWN,IN SITE,network_002,branch_020,CLOSED,15.0,85.0,fiber_cable,1
inc_01138,incident_tx_ip,TXNOC,2024,4,11,45,MAJOR,FIBRA,ATTENUATION,ATTENUATION OVER THRESHOLD,network_002,branch_025,CLOSED,10.0,17.0,attenuation,1
inc_01139,incident_tx_ip,TXNOC,2024,4,11,45,CRITICAL,FIBRA,LINK DOWN,CABLE BROKEN BACKBONE,network_002,branch_018,CLOSED,19.0,8.72,fiber_cable,0
inc_01140,incident_tx_ip,TXNOC,2024,4,11,45,CRITICAL,FIBRA,LINK DOWN,CABLE BROKEN BACKBONE,network_002,branch_003,CLOSED,15.0,3.5,fiber_cable,0
inc_01141,incident_tx_ip,TXNOC,2024,4,11,45,CRITICAL,FIBRA,LINK DOWN,CABLE BROKEN BACKBONE,network_002,branch_003,CLOSED,15.0,3.5,fiber_cable,0
inc_01142,incident_tx_ip,TXNOC,2024,4,11,45,MAJOR,MICROWAVE,BAD PERFORMANCE,IN SITE,network_001,branch_009,CLOSED,15.0,20.0,other,1
inc_01143,incident_tx_ip,TXNOC,2024,4,11,45,MAJOR,MICROWAVE,LINK DOWN,IN SITE,network_001,branch_003,CLOSED,15.0,81.0,equipment_module,1
inc_01144,incident_tx_ip,TXNOC,2024,4,11,45,MAJOR,MICROWAVE,LINK DOWN,IN SITE,network_001,branch_008,CLOSED,15.0,18.0,equipment_module,1
inc_01145,incident_tx_ip,TXNOC,2024,4,11,45,MAJOR,MICROWAVE,BAD PERFORMANCE,IN SITE,network_001,branch_005,CLOSED,15.0,84.5,power_energy,1
inc_01146,incident_tx_ip,TXNOC,2024,4,11,45,MAJOR,MICROWAVE,BAD PERFORMANCE,IN SITE,network_001,branch_005,CLOSED,15.0,32.0,other,1
inc_01147,incident_tx_ip,TXNOC,2024,4,11,45,MAJOR,MICROWAVE,BAD PERFORMANCE,IN SITE,network_001,branch_002,CLOSED,15.0,64.0,other,1
inc_01148,incident_tx_ip,TXNOC,2024,4,11,45,CRITICAL,FIBRA,LINK DOWN,CABLE BROKEN BACKBONE,network_002,branch_003,CLOSED,15.0,3.0,fiber_cable,0
inc_01149,incident_tx_ip,TXNOC,2024,4,11,45,CRITICAL,FIBRA,LINK DOWN,ATTENUATION NEAR TO THRESHOLD,network_002,branch_014,CLOSED,15.0,14.0,attenuation,0
inc_01150,incident_tx_ip,TXNOC,2024,4,11,45,CRITICAL,FIBRA,LINK DOWN,CABLE BROKEN BACKBONE,network_002,branch_010,CLOSED,7.0,4.67,fiber_cable,0
inc_01151,incident_tx_ip,TXNOC,2024,4,11,45,CRITICAL,FIBRA,LINK DOWN,CABLE BROKEN BACKBONE,network_002,branch_015,CLOSED,15.0,5.33,fiber_cable,0
inc_01152,incident_tx_ip,TXNOC,2024,4,11,45,CRITICAL,FIBRA,LINK DOWN,CABLE BROKEN BACKBONE,network_002,branch_007,CLOSED,15.0,7.83,fiber_cable,0
inc_01153,incident_tx_ip,TXNOC,2024,4,11,45,CRITICAL,FIBRA,LINK DOWN,CABLE BROKEN BACKBONE,network_002,branch_006,CLOSED,15.0,5.5,fiber_cable,0
inc_01154,incident_tx_ip,TXNOC,2024,4,11,45,CRITICAL,FIBRA,LINK DOWN,CABLE BROKEN BACKBONE,network_002,branch_018,CLOSED,21.0,8.0,fiber_cable,0
inc_01155,incident_tx_ip,TXNOC,2024,4,11,45,CRITICAL,FIBRA,LINK DOWN,CABLE BROKEN BACKBONE,network_002,branch_001,CLOSED,15.0,4.33,fiber_cable,0
inc_01156,incident_tx_ip,TXNOC,2024,4,11,45,CRITICAL,FIBRA,LINK DOWN,CABLE BROKEN BACKBONE,network_002,branch_016,CLOSED,14.0,3.17,fiber_cable,0
inc_01157,incident_tx_ip,TXNOC,2024,4,11,45,CRITICAL,MICROWAVE,LINK DOWN,IN SITE,network_001,branch_005,CLOSED,15.0,82.87,equipment_module,1
inc_01158,incident_tx_ip,TXNOC,2024,4,11,45,CRITICAL,MICROWAVE,LINK DOWN,IN SITE,network_001,branch_005,CLOSED,15.0,62.0,equipment_module,1
inc_01159,incident_tx_ip,TXNOC,2024,4,11,45,CRITICAL,MICROWAVE,LINK DOWN,IN SITE,network_001,branch_006,CLOSED,15.0,6.0,link_down,0
inc_01160,incident_tx_ip,TXNOC,2024,4,11,45,CRITICAL,FIBRA,BAD PERFORMANCE,IN SITE,network_002,branch_017,CLOSED,15.0,6.5,fiber_cable,0
inc_01161,incident_tx_ip,TXNOC,2024,4,11,45,CRITICAL,FIBRA,LINK DOWN,CABLE BROKEN BACKBONE,network_002,branch_017,CLOSED,15.0,8.5,fiber_cable,0
inc_01162,incident_tx_ip,TXNOC,2024,4,11,45,MAJOR,MICROWAVE,LINK DOWN,IN SITE,network_001,branch_023,CLOSED,15.0,50.0,equipment_module,1
inc_01163,incident_tx_ip,TXNOC,2024,4,11,45,MAJOR,MICROWAVE,LINK DOWN,IN SITE,network_001,branch_009,CLOSED,15.0,70.0,equipment_module,1
inc_01164,incident_tx_ip,TXNOC,2024,4,11,45,CRITICAL,FIBRA,LINK DOWN,CABLE BROKEN BACKBONE,network_002,branch_009,CLOSED,15.0,5.5,fiber_cable,0
inc_01165,incident_tx_ip,TXNOC,2024,4,11,45,CRITICAL,FIBRA,LINK DOWN,CABLE BROKEN BACKBONE,network_002,branch_020,CLOSED,15.0,3.5,fiber_cable,0
inc_01166,incident_tx_ip,TXNOC,2024,4,11,45,MAJOR,FIBRA,LINK DOWN,CABLE BROKEN BACKBONE,network_002,branch_004,CLOSED,15.0,1.5,fiber_cable,0
inc_01167,incident_tx_ip,TXNOC,2024,4,11,45,MAJOR,MICROWAVE,LINK DOWN,IN SITE,network_001,branch_021,CLOSED,15.0,32.0,equipment_module,1
inc_01168,incident_tx_ip,TXNOC,2024,4,11,45,MAJOR,FIBRA,LINK DOWN,IN SITE,network_001,branch_023,CLOSED,15.0,33.0,fiber_cable,1
inc_01169,incident_tx_ip,TXNOC,2024,4,11,45,MAJOR,MICROWAVE,LINK DOWN,IN SITE,network_001,branch_029,CLOSED,15.0,48.0,link_down,1
inc_01170,incident_tx_ip,TXNOC,2024,4,11,45,CRITICAL,FIBRA,LINK DOWN,CABLE BROKEN BACKBONE,network_002,branch_018,CLOSED,20.0,39.0,attenuation,1
inc_01171,incident_tx_ip,TXNOC,2024,4,11,45,CRITICAL,FIBRA,LINK DOWN,CABLE BROKEN BACKBONE,network_002,branch_003,CLOSED,15.0,2.9,fiber_cable,0
inc_01172,incident_tx_ip,TXNOC,2024,4,11,46,MAJOR,MICROWAVE,LINK DOWN,IN SITE,network_001,branch_020,CLOSED,15.0,10.0,link_down,0
inc_01173,incident_tx_ip,TXNOC,2024,4,11,46,CRITICAL,FIBRA,LINK DOWN,CABLE BROKEN BACKBONE,network_002,branch_020,CLOSED,15.0,8.0,fiber_cable,0
inc_01174,incident_tx_ip,TXNOC,2024,4,11,46,CRITICAL,FIBRA,LINK DOWN,CABLE BROKEN BACKBONE,network_002,branch_018,CLOSED,21.0,5.83,fiber_cable,0
inc_01175,incident_tx_ip,TXNOC,2024,4,11,46,CRITICAL,FIBRA,LINK DOWN,CABLE BROKEN BACKBONE,network_002,branch_007,CLOSED,15.0,6.17,fiber_cable,0
inc_01176,incident_tx_ip,TXNOC,2024,4,11,46,CRITICAL,FIBRA,LINK DOWN,CABLE BROKEN BACKBONE,network_002,branch_018,CLOSED,21.0,5.77,fiber_cable,0
inc_01177,incident_tx_ip,TXNOC,2024,4,11,46,CRITICAL,FIBRA,LINK DOWN,CABLE BROKEN BACKBONE,network_002,branch_008,CLOSED,15.0,2.1,fiber_cable,0
inc_01178,incident_tx_ip,TXNOC,2024,4,11,46,MAJOR,FIBRA,ATTENUATION,ATTENUATION NEAR TO THRESHOLD,network_002,branch_004,CLOSED,15.0,10.0,attenuation,0
inc_01179,incident_tx_ip,TXNOC,2024,4,11,46,CRITICAL,FIBRA,LINK DOWN,CABLE BROKEN BACKBONE,network_002,branch_003,CLOSED,15.0,10.0,fiber_cable,0
inc_01180,incident_tx_ip,TXNOC,2024,4,11,46,CRITICAL,FIBRA,LINK DOWN,CABLE BROKEN BACKBONE,network_002,branch_014,CLOSED,15.0,9.92,fiber_cable,0
inc_01181,incident_tx_ip,TXNOC,2024,4,11,46,MAJOR,MICROWAVE,LINK DOWN,IN SITE,network_001,branch_005,CLOSED,15.0,86.63,equipment_module,1
inc_01182,incident_tx_ip,TXNOC,2024,4,11,46,MAJOR,FIBRA,LINK DOWN,CABLE BROKEN BACKBONE,network_002,branch_009,CLOSED,15.0,3.0,fiber_cable,0
inc_01183,incident_tx_ip,TXNOC,2024,4,11,46,MAJOR,MICROWAVE,BAD PERFORMANCE,IN SITE,network_001,branch_008,CLOSED,15.0,6.0,power_energy,0
inc_01184,incident_tx_ip,TXNOC,2024,4,11,46,CRITICAL,FIBRA,LINK DOWN,CABLE BROKEN BACKBONE,network_002,branch_001,CLOSED,15.0,34.5,attenuation,1
inc_01185,incident_tx_ip,TXNOC,2024,4,11,46,MAJOR,MICROWAVE,LINK DOWN,IN SITE,network_001,branch_017,CLOSED,15.0,27.63,equipment_module,1
inc_01186,incident_tx_ip,TXNOC,2024,4,11,46,CRITICAL,FIBRA,LINK DOWN,CABLE BROKEN BACKBONE,network_002,branch_017,CLOSED,15.0,9.0,fiber_cable,0
inc_01187,incident_tx_ip,TXNOC,2024,4,11,46,CRITICAL,FIBRA,LINK DOWN,CABLE BROKEN BACKBONE,network_002,branch_018,CLOSED,21.0,8.17,fiber_cable,0
inc_01188,incident_tx_ip,TXNOC,2024,4,11,46,CRITICAL,FIBRA,LINK DOWN,CABLE BROKEN BACKBONE,network_002,branch_003,CLOSED,15.0,5.33,fiber_cable,0
inc_01189,incident_tx_ip,TXNOC,2024,4,11,46,CRITICAL,FIBRA,LINK DOWN,CABLE BROKEN BACKBONE,network_002,branch_012,CLOSED,15.0,3579.0,attenuation,1
inc_01190,incident_tx_ip,TXNOC,2024,4,11,46,CRITICAL,FIBRA,LINK DOWN,CABLE BROKEN BACKBONE,network_002,branch_011,CLOSED,15.0,7.0,fiber_cable,0
inc_01191,incident_tx_ip,TXNOC,2024,4,11,46,CRITICAL,FIBRA,LINK DOWN,CABLE BROKEN BACKBONE,network_002,branch_025,CLOSED,14.0,0.0,fiber_cable,0
inc_01192,incident_tx_ip,TXNOC,2024,4,11,46,MAJOR,FIBRA,LINK DOWN,CABLE BROKEN ACCESS,network_002,branch_010,CLOSED,15.0,7.0,attenuation,0
inc_01193,incident_tx_ip,TXNOC,2024,4,11,46,MAJOR,FIBRA,LINK DOWN,CABLE BROKEN BACKBONE,network_002,branch_003,CLOSED,15.0,2.0,fiber_cable,0
inc_01194,incident_tx_ip,TXNOC,2024,4,11,46,CRITICAL,FIBRA,LINK DOWN,CABLE BROKEN BACKBONE,network_002,branch_018,CLOSED,21.0,4.0,fiber_cable,0
inc_01195,incident_tx_ip,TXNOC,2024,4,11,46,CRITICAL,FIBRA,LINK DOWN,CABLE BROKEN BACKBONE,network_002,branch_018,CLOSED,21.0,5.0,fiber_cable,0
inc_01196,incident_tx_ip,TXNOC,2024,4,11,46,CRITICAL,FIBRA,LINK DOWN,CABLE BROKEN BACKBONE,network_002,branch_018,CLOSED,21.0,1.33,attenuation,0
inc_01197,incident_tx_ip,TXNOC,2024,4,11,46,MAJOR,MICROWAVE,BAD PERFORMANCE,IN SITE,network_001,branch_005,CLOSED,15.0,280.0,other,1
inc_01198,incident_tx_ip,TXNOC,2024,4,11,46,CRITICAL,FIBRA,BAD PERFORMANCE,ATTENUATION OVER THRESHOLD,network_002,branch_022,CLOSED,39.0,3.5,fiber_cable,0
inc_01199,incident_tx_ip,TXNOC,2024,4,11,46,CRITICAL,FIBRA,LINK DOWN,CABLE BROKEN BACKBONE,network_002,branch_018,CLOSED,21.0,10.0,fiber_cable,0
inc_01200,incident_tx_ip,TXNOC,2024,4,11,46,MAJOR,MICROWAVE,LINK DOWN,IN SITE,network_001,branch_001,CLOSED,15.0,60.0,link_down,1
inc_01201,incident_tx_ip,TXNOC,2024,4,11,46,MAJOR,MICROWAVE,LINK DOWN,IN SITE,network_001,branch_023,CLOSED,15.0,15.0,equipment_module,0
inc_01202,incident_tx_ip,TXNOC,2024,4,11,46,MAJOR,MICROWAVE,LINK DOWN,IN SITE,network_001,branch_020,CLOSED,15.0,108.3,equipment_module,1
inc_01203,incident_tx_ip,TXNOC,2024,4,11,46,CRITICAL,FIBRA,LINK DOWN,CABLE BROKEN BACKBONE,network_002,branch_015,CLOSED,15.0,6.0,fiber_cable,0
inc_01204,incident_tx_ip,TXNOC,2024,4,11,46,CRITICAL,FIBRA,LINK DOWN,CABLE BROKEN BACKBONE,network_002,branch_011,CLOSED,15.0,29.5,fiber_cable,1
inc_01205,incident_tx_ip,TXNOC,2024,4,11,46,CRITICAL,FIBRA,LINK DOWN,CABLE BROKEN BACKBONE,network_002,branch_010,CLOSED,15.0,2.92,fiber_cable,0
inc_01206,incident_tx_ip,TXNOC,2024,4,11,46,MAJOR,MICROWAVE,LINK DOWN,IN SITE,network_001,branch_007,CLOSED,15.0,2.0,link_down,0
inc_01207,incident_tx_ip,TXNOC,2024,4,11,46,CRITICAL,FIBRA,LINK DOWN,CABLE BROKEN BACKBONE,network_002,branch_021,CLOSED,15.0,6.0,fiber_cable,0
inc_01208,incident_tx_ip,TXNOC,2024,4,11,46,CRITICAL,FIBRA,LINK DOWN,CABLE BROKEN BACKBONE,network_002,branch_003,CLOSED,15.0,6.5,fiber_cable,0
inc_01209,incident_tx_ip,TXNOC,2024,4,11,46,MAJOR,MICROWAVE,LINK DOWN,IN SITE,network_001,branch_017,CLOSED,15.0,43.0,equipment_module,1
inc_01210,incident_tx_ip,TXNOC,2024,4,11,46,MAJOR,FIBRA,LINK DOWN,IN SITE,network_002,branch_018,CLOSED,21.0,1.83,fiber_cable,0
inc_01211,incident_tx_ip,TXNOC,2024,4,11,46,MAJOR,MICROWAVE,LINK DOWN,IN SITE,network_001,branch_019,CLOSED,15.0,200.17,equipment_module,1
inc_01212,incident_tx_ip,TXNOC,2024,4,11,46,CRITICAL,FIBRA,LINK DOWN,CABLE BROKEN BACKBONE,network_002,branch_003,CLOSED,15.0,0.0,fiber_cable,0
inc_01213,incident_tx_ip,TXNOC,2024,4,11,46,MAJOR,MICROWAVE,LINK DOWN,IN SITE,network_001,branch_030,CLOSED,15.0,13.0,link_down,0
inc_01214,incident_tx_ip,TXNOC,2024,4,11,46,CRITICAL,FIBRA,LINK DOWN,CABLE BROKEN BACKBONE,network_002,branch_001,CLOSED,15.0,6.0,fiber_cable,0
inc_01215,incident_tx_ip,TXNOC,2024,4,11,46,MAJOR,MICROWAVE,LINK DOWN,IN SITE,network_001,branch_021,CLOSED,15.0,18.53,equipment_module,1
inc_01216,incident_tx_ip,TXNOC,2024,4,11,46,MAJOR,MICROWAVE,LINK DOWN,IN SITE,network_001,branch_006,CLOSED,15.0,12.0,power_energy,0
inc_01217,incident_tx_ip,TXNOC,2024,4,11,46,CRITICAL,FIBRA,LINK DOWN,CABLE BROKEN BACKBONE,network_002,branch_001,CLOSED,15.0,10.0,fiber_cable,0
inc_01218,incident_tx_ip,TXNOC,2024,4,11,46,CRITICAL,FIBRA,LINK DOWN,CABLE BROKEN BACKBONE,network_002,branch_018,CLOSED,21.0,0.0,fiber_cable,0
inc_01219,incident_tx_ip,TXNOC,2024,4,11,46,CRITICAL,FIBRA,ATTENUATION,ATTENUATION OVER THRESHOLD,network_002,branch_001,CLOSED,15.0,0.0,attenuation,0
inc_01220,incident_tx_ip,TXNOC,2024,4,11,47,CRITICAL,FIBRA,LINK DOWN,CABLE BROKEN BACKBONE,network_002,branch_018,CLOSED,21.0,5.0,fiber_cable,0
inc_01221,incident_tx_ip,TXNOC,2024,4,11,47,CRITICAL,MICROWAVE,BAD PERFORMANCE,IN SITE,network_001,branch_024,CLOSED,15.0,69.33,logical_config,1
inc_01222,incident_tx_ip,TXNOC,2024,4,11,47,CRITICAL,FIBRA,LINK DOWN,CABLE BROKEN BACKBONE,network_002,branch_018,CLOSED,21.0,1.5,fiber_cable,0
inc_01223,incident_tx_ip,TXNOC,2024,4,11,47,CRITICAL,FIBRA,LINK DOWN,CABLE BROKEN BACKBONE,network_002,branch_009,CLOSED,15.0,0.67,fiber_cable,0
inc_01224,incident_tx_ip,TXNOC,2024,4,11,47,MAJOR,FIBRA,LINK DOWN,CABLE BROKEN BACKBONE,network_002,branch_011,CLOSED,15.0,4.83,fiber_cable,0
inc_01225,incident_tx_ip,TXNOC,2024,4,11,47,MAJOR,FIBRA,BAD PERFORMANCE,IN SITE,network_002,branch_006,CLOSED,7.0,220.0,fiber_cable,1
inc_01226,incident_tx_ip,TXNOC,2024,4,11,47,MAJOR,FIBRA,ATTENUATION,ATTENUATION OVER THRESHOLD,network_002,branch_001,CLOSED,15.0,10.0,attenuation,0
inc_01227,incident_tx_ip,TXNOC,2024,4,11,47,MAJOR,FIBRA,LINK DOWN,CABLE BROKEN BACKBONE,network_002,branch_003,CLOSED,15.0,5.0,fiber_cable,0
inc_01228,incident_tx_ip,TXNOC,2024,4,11,47,CRITICAL,FIBRA,LINK DOWN,CABLE BROKEN BACKBONE,network_002,branch_010,CLOSED,15.0,10.0,fiber_cable,0
inc_01229,incident_tx_ip,TXNOC,2024,4,11,47,CRITICAL,FIBRA,LINK DOWN,CABLE BROKEN ACCESS,network_002,branch_003,CLOSED,15.0,5.33,fiber_cable,0
inc_01230,incident_tx_ip,TXNOC,2024,4,11,47,MAJOR,MICROWAVE,BAD PERFORMANCE,IN SITE,network_001,branch_011,CLOSED,15.0,62.0,equipment_module,1
inc_01231,incident_tx_ip,TXNOC,2024,4,11,47,CRITICAL,FIBRA,LINK DOWN,CABLE BROKEN BACKBONE,network_002,branch_018,CLOSED,21.0,3.47,fiber_cable,0
inc_01232,incident_tx_ip,TXNOC,2024,4,11,47,CRITICAL,FIBRA,LINK DOWN,CABLE BROKEN BACKBONE,network_002,branch_018,CLOSED,19.0,2.7,fiber_cable,0
inc_01233,incident_tx_ip,TXNOC,2024,4,11,47,CRITICAL,FIBRA,LINK DOWN,CABLE BROKEN BACKBONE,network_002,branch_018,CLOSED,21.0,2.0,fiber_cable,0
inc_01234,incident_tx_ip,TXNOC,2024,4,11,47,CRITICAL,FIBRA,LINK DOWN,CABLE BROKEN BACKBONE,network_002,branch_001,CLOSED,15.0,4.0,fiber_cable,0
inc_01235,incident_tx_ip,TXNOC,2024,4,11,47,CRITICAL,FIBRA,LINK DOWN,CABLE BROKEN BACKBONE,network_002,branch_017,CLOSED,15.0,8.0,fiber_cable,0
inc_01236,incident_tx_ip,TXNOC,2024,4,11,47,MAJOR,MICROWAVE,BAD PERFORMANCE,IN SITE,network_001,branch_014,CLOSED,15.0,50.0,other,1
inc_01237,incident_tx_ip,TXNOC,2024,4,11,47,CRITICAL,FIBRA,LINK DOWN,CABLE BROKEN BACKBONE,network_002,branch_004,CLOSED,15.0,2.5,fiber_cable,0
inc_01238,incident_tx_ip,TXNOC,2024,4,11,47,CRITICAL,FIBRA,LINK DOWN,CABLE BROKEN BACKBONE,network_002,branch_018,CLOSED,21.0,7.5,fiber_cable,0
inc_01239,incident_tx_ip,TXNOC,2024,4,11,47,CRITICAL,FIBRA,LINK DOWN,CABLE BROKEN BACKBONE,network_002,branch_003,CLOSED,15.0,6.67,fiber_cable,0
inc_01240,incident_tx_ip,TXNOC,2024,4,11,47,CRITICAL,FIBRA,LINK DOWN,CABLE BROKEN BACKBONE,network_002,branch_010,CLOSED,14.0,0.0,fiber_cable,0
inc_01241,incident_tx_ip,TXNOC,2024,4,11,47,CRITICAL,FIBRA,LINK DOWN,CABLE BROKEN BACKBONE,network_002,branch_020,CLOSED,15.0,3.0,fiber_cable,0
inc_01242,incident_tx_ip,TXNOC,2024,4,11,47,CRITICAL,FIBRA,LINK DOWN,CABLE BROKEN BACKBONE,network_002,branch_018,CLOSED,21.0,50.0,attenuation,1
inc_01243,incident_tx_ip,TXNOC,2024,4,11,47,MAJOR,FIBRA,ATTENUATION,CABLE BROKEN BACKBONE,network_002,branch_018,CLOSED,21.0,70.0,attenuation,1
inc_01244,incident_tx_ip,TXNOC,2024,4,11,47,CRITICAL,FIBRA,LINK DOWN,CABLE BROKEN BACKBONE,network_002,branch_002,CLOSED,15.0,4.0,fiber_cable,0
inc_01245,incident_tx_ip,TXNOC,2024,4,12,47,CRITICAL,FIBRA,LINK DOWN,CABLE BROKEN BACKBONE,network_002,branch_011,CLOSED,15.0,8.0,fiber_cable,0
inc_01246,incident_tx_ip,TXNOC,2024,4,12,47,CRITICAL,FIBRA,LINK DOWN,CABLE BROKEN BACKBONE,network_002,branch_018,CLOSED,21.0,8.0,fiber_cable,0
inc_01247,incident_tx_ip,TXNOC,2024,4,12,47,CRITICAL,FIBRA,LINK DOWN,CABLE BROKEN BACKBONE,network_002,branch_017,CLOSED,15.0,16.0,fiber_cable,1
inc_01248,incident_tx_ip,TXNOC,2024,4,12,47,CRITICAL,FIBRA,LINK DOWN,CABLE BROKEN BACKBONE,network_002,branch_010,CLOSED,15.0,4.0,fiber_cable,0
inc_01249,incident_tx_ip,TXNOC,2024,4,12,47,MAJOR,MICROWAVE,LINK DOWN,IN SITE,network_001,branch_020,CLOSED,15.0,30.0,equipment_module,1
inc_01250,incident_tx_ip,TXNOC,2024,4,12,47,CRITICAL,FIBRA,LINK DOWN,CABLE BROKEN BACKBONE,network_002,branch_003,CLOSED,15.0,2.0,fiber_cable,0
inc_01251,incident_tx_ip,TXNOC,2024,4,12,47,MAJOR,FIBRA,ATTENUATION,ATTENUATION OVER THRESHOLD,network_002,branch_011,CLOSED,15.0,14.0,attenuation,0
inc_01252,incident_tx_ip,TXNOC,2024,4,12,47,MAJOR,MICROWAVE,LINK DOWN,IN SITE,network_001,branch_014,CLOSED,15.0,5.0,power_energy,0
inc_01253,incident_tx_ip,TXNOC,2024,4,12,47,CRITICAL,FIBRA,LINK DOWN,CABLE BROKEN BACKBONE,network_002,branch_025,CLOSED,14.0,6.55,fiber_cable,0
inc_01254,incident_tx_ip,TXNOC,2024,4,12,47,CRITICAL,FIBRA,LINK DOWN,CABLE BROKEN BACKBONE,network_002,branch_001,CLOSED,15.0,10.0,fiber_cable,0
inc_01255,incident_tx_ip,TXNOC,2024,4,12,47,CRITICAL,FIBRA,LINK DOWN,IN SITE,network_002,branch_001,CLOSED,7.0,317.0,fiber_cable,1
inc_01256,incident_tx_ip,TXNOC,2024,4,12,47,CRITICAL,FIBRA,LINK DOWN,CABLE BROKEN BACKBONE,network_002,branch_018,CLOSED,21.0,12.0,fiber_cable,0
inc_01257,incident_tx_ip,TXNOC,2024,4,12,47,CRITICAL,FIBRA,LINK DOWN,CABLE BROKEN BACKBONE,network_002,branch_020,CLOSED,15.0,0.0,fiber_cable,0
inc_01258,incident_tx_ip,TXNOC,2024,4,12,47,CRITICAL,FIBRA,LINK DOWN,ATTENUATION OVER THRESHOLD,network_002,branch_018,CLOSED,21.0,10.0,fiber_cable,0
inc_01259,incident_tx_ip,TXNOC,2024,4,12,47,CRITICAL,FIBRA,LINK DOWN,CABLE BROKEN BACKBONE,network_002,branch_003,CLOSED,15.0,5.5,fiber_cable,0
inc_01260,incident_tx_ip,TXNOC,2024,4,12,47,CRITICAL,FIBRA,LINK DOWN,CABLE BROKEN BACKBONE,network_002,branch_004,CLOSED,15.0,3.5,fiber_cable,0
inc_01261,incident_tx_ip,TXNOC,2024,4,12,47,CRITICAL,FIBRA,LINK DOWN,CABLE BROKEN BACKBONE,network_002,branch_012,CLOSED,15.0,9.0,fiber_cable,0
inc_01262,incident_tx_ip,TXNOC,2024,4,12,47,CRITICAL,FIBRA,LINK DOWN,CABLE BROKEN BACKBONE,network_002,branch_003,CLOSED,15.0,3.17,fiber_cable,0
inc_01263,incident_tx_ip,TXNOC,2024,4,12,47,CRITICAL,FIBRA,LINK DOWN,CABLE BROKEN BACKBONE,network_002,branch_018,CLOSED,21.0,7.25,fiber_cable,0
inc_01264,incident_tx_ip,TXNOC,2024,4,12,47,CRITICAL,FIBRA,LINK DOWN,CABLE BROKEN BACKBONE,network_002,branch_003,CLOSED,15.0,3.0,attenuation,0
inc_01265,incident_tx_ip,TXNOC,2024,4,12,47,MAJOR,MICROWAVE,BAD PERFORMANCE,IN SITE,network_001,branch_024,CLOSED,15.0,10.0,equipment_module,0
inc_01266,incident_tx_ip,TXNOC,2024,4,12,47,MAJOR,MICROWAVE,LINK DOWN,IN SITE,network_001,branch_004,CLOSED,15.0,34.0,equipment_module,1
inc_01267,incident_tx_ip,TXNOC,2024,4,12,47,CRITICAL,FIBRA,LINK DOWN,CABLE BROKEN BACKBONE,network_002,branch_002,CLOSED,15.0,15.67,fiber_cable,1
inc_01268,incident_tx_ip,TXNOC,2024,4,12,48,MAJOR,MICROWAVE,BAD PERFORMANCE,IN SITE,network_001,branch_003,CLOSED,15.0,0.07,equipment_module,0
inc_01269,incident_tx_ip,TXNOC,2024,4,12,48,CRITICAL,FIBRA,LINK DOWN,CABLE BROKEN BACKBONE,network_002,branch_003,CLOSED,15.0,2.8,fiber_cable,0
inc_01270,incident_tx_ip,TXNOC,2024,4,12,48,CRITICAL,FIBRA,LINK DOWN,CABLE BROKEN BACKBONE,network_002,branch_018,CLOSED,21.0,2.77,fiber_cable,0
inc_01271,incident_tx_ip,TXNOC,2024,4,12,48,MAJOR,MICROWAVE,LINK DOWN,IN SITE,network_001,branch_014,CLOSED,15.0,1950.1,link_down,1
inc_01272,incident_tx_ip,TXNOC,2024,4,12,48,CRITICAL,FIBRA,LINK DOWN,CABLE BROKEN BACKBONE,network_002,branch_016,CLOSED,14.0,5.0,fiber_cable,0
inc_01273,incident_tx_ip,TXNOC,2024,4,12,48,CRITICAL,FIBRA,LINK DOWN,CABLE BROKEN BACKBONE,network_002,branch_013,CLOSED,15.0,307.0,attenuation,1
inc_01274,incident_tx_ip,TXNOC,2024,4,12,48,CRITICAL,FIBRA,LINK DOWN,CABLE BROKEN BACKBONE,network_002,branch_018,CLOSED,21.0,2.5,fiber_cable,0
inc_01275,incident_tx_ip,TXNOC,2024,4,12,48,CRITICAL,FIBRA,LINK DOWN,CABLE BROKEN BACKBONE,network_002,branch_003,CLOSED,15.0,5.1,fiber_cable,0
inc_01276,incident_tx_ip,TXNOC,2024,4,12,48,MAJOR,MICROWAVE,BAD PERFORMANCE,IN SITE,network_001,branch_003,CLOSED,15.0,78.5,other,1
inc_01277,incident_tx_ip,TXNOC,2024,4,12,48,MINOR,MICROWAVE,BAD PERFORMANCE,IN SITE,network_001,branch_019,CLOSED,15.0,58.0,other,1
inc_01278,incident_tx_ip,TXNOC,2024,4,12,48,MAJOR,MICROWAVE,BAD PERFORMANCE,IN SITE,network_001,branch_019,CLOSED,15.0,15.0,other,0
inc_01279,incident_tx_ip,TXNOC,2024,4,12,48,CRITICAL,FIBRA,LINK DOWN,IN SITE,network_002,branch_020,CLOSED,15.0,4.0,fiber_cable,0
inc_01280,incident_tx_ip,TXNOC,2024,4,12,48,MAJOR,MICROWAVE,LINK DOWN,IN SITE,network_001,branch_004,CLOSED,15.0,103.0,equipment_module,1
inc_01281,incident_tx_ip,TXNOC,2024,4,12,48,CRITICAL,FIBRA,LINK DOWN,IN SITE,network_002,branch_017,CLOSED,15.0,9.0,fiber_cable,0
inc_01282,incident_tx_ip,TXNOC,2024,4,12,48,CRITICAL,FIBRA,LINK DOWN,IN SITE,network_002,branch_009,CLOSED,15.0,6.5,fiber_cable,0
inc_01283,incident_tx_ip,TXNOC,2024,4,12,48,CRITICAL,FIBRA,LINK DOWN,IN SITE,network_002,branch_018,CLOSED,20.0,7.07,fiber_cable,0
inc_01284,incident_tx_ip,TXNOC,2024,4,12,48,CRITICAL,FIBRA,LINK DOWN,IN SITE,network_002,branch_018,CLOSED,21.0,7.0,fiber_cable,0
inc_01285,incident_tx_ip,TXNOC,2024,4,12,48,CRITICAL,FIBRA,LINK DOWN,CABLE BROKEN BACKBONE,network_002,branch_011,CLOSED,14.0,0.0,fiber_cable,0
inc_01286,incident_tx_ip,TXNOC,2024,4,12,48,CRITICAL,FIBRA,LINK DOWN,CABLE BROKEN BACKBONE,network_002,branch_020,CLOSED,15.0,4.7,fiber_cable,0
inc_01287,incident_tx_ip,TXNOC,2024,4,12,48,MAJOR,MICROWAVE,BAD PERFORMANCE,CABLE BROKEN BACKBONE,network_001,branch_023,CLOSED,15.0,111.0,other,1
inc_01288,incident_tx_ip,TXNOC,2024,4,12,48,MAJOR,MICROWAVE,BAD PERFORMANCE,CABLE BROKEN BACKBONE,network_001,branch_024,CLOSED,15.0,8.83,equipment_module,0
inc_01289,incident_tx_ip,TXNOC,2024,4,12,48,MAJOR,MICROWAVE,BAD PERFORMANCE,CABLE BROKEN BACKBONE,network_001,branch_017,CLOSED,15.0,440.0,other,1
inc_01290,incident_tx_ip,TXNOC,2024,4,12,48,CRITICAL,FIBRA,LINK DOWN,CABLE BROKEN BACKBONE,network_002,branch_002,CLOSED,15.0,6.0,fiber_cable,0
inc_01291,incident_tx_ip,TXNOC,2024,4,12,48,CRITICAL,FIBRA,LINK DOWN,CABLE BROKEN BACKBONE,network_002,branch_015,CLOSED,15.0,9.13,fiber_cable,0
inc_01292,incident_tx_ip,TXNOC,2024,4,12,48,CRITICAL,FIBRA,BAD PERFORMANCE,CABLE BROKEN BACKBONE,network_002,branch_014,CLOSED,15.0,3.02,fiber_cable,0
inc_01293,incident_tx_ip,TXNOC,2024,4,12,48,CRITICAL,FIBRA,LINK DOWN,CABLE BROKEN BACKBONE,network_002,branch_018,CLOSED,21.0,2.0,fiber_cable,0
inc_01294,incident_tx_ip,TXNOC,2024,4,12,48,CRITICAL,FIBRA,LINK DOWN,CABLE BROKEN BACKBONE,network_002,branch_005,CLOSED,15.0,6.4,fiber_cable,0
inc_01295,incident_tx_ip,TXNOC,2024,4,12,48,CRITICAL,FIBRA,LINK DOWN,CABLE BROKEN BACKBONE,network_002,branch_015,CLOSED,15.0,5.75,fiber_cable,0
inc_01296,incident_tx_ip,TXNOC,2024,4,12,48,CRITICAL,FIBRA,LINK DOWN,CABLE BROKEN BACKBONE,network_002,branch_003,CLOSED,15.0,2.07,fiber_cable,0
inc_01297,incident_tx_ip,TXNOC,2024,4,12,48,MAJOR,MICROWAVE,LINK DOWN,IN SITE,network_001,branch_003,CLOSED,15.0,21.0,link_down,1
inc_01298,incident_tx_ip,TXNOC,2024,4,12,48,CRITICAL,MICROWAVE,LINK DOWN,IN SITE,network_001,branch_020,CLOSED,15.0,20.0,link_down,1
inc_01299,incident_tx_ip,TXNOC,2024,4,12,48,CRITICAL,FIBRA,LINK DOWN,CABLE BROKEN BACKBONE,network_002,branch_020,CLOSED,15.0,8.87,fiber_cable,0
inc_01300,incident_tx_ip,TXNOC,2024,4,12,48,CRITICAL,FIBRA,BAD PERFORMANCE,ATTENUATION NEAR TO THRESHOLD,network_002,branch_017,CLOSED,15.0,24.0,attenuation,1
inc_01301,incident_tx_ip,TXNOC,2024,4,12,48,CRITICAL,FIBRA,LINK DOWN,CABLE BROKEN BACKBONE,network_002,branch_029,CLOSED,15.0,20.0,fiber_cable,1
inc_01302,incident_tx_ip,TXNOC,2024,4,12,48,CRITICAL,FIBRA,LINK DOWN,CABLE BROKEN BACKBONE,network_002,branch_011,CLOSED,15.0,9.0,fiber_cable,0
inc_01303,incident_tx_ip,TXNOC,2024,4,12,48,MAJOR,MICROWAVE,LINK DOWN,CABLE BROKEN BACKBONE,network_002,branch_018,CLOSED,21.0,7.33,link_down,0
inc_01304,incident_tx_ip,TXNOC,2024,4,12,48,CRITICAL,FIBRA,LINK DOWN,CABLE BROKEN BACKBONE,network_002,branch_011,CLOSED,15.0,10.0,attenuation,0
inc_01305,incident_tx_ip,TXNOC,2024,4,12,48,CRITICAL,FIBRA,LINK DOWN,CABLE BROKEN BACKBONE,network_002,branch_022,CLOSED,15.0,0.0,fiber_cable,0
inc_01306,incident_tx_ip,TXNOC,2024,4,12,48,MAJOR,MICROWAVE,LINK DOWN,IN SITE,network_001,branch_019,CLOSED,15.0,20.0,equipment_module,1
inc_01307,incident_tx_ip,TXNOC,2024,4,12,49,CRITICAL,MICROWAVE,LINK DOWN,IN SITE,network_001,branch_006,CLOSED,15.0,20.0,equipment_module,1
inc_01308,incident_tx_ip,TXNOC,2024,4,12,49,CRITICAL,FIBRA,LINK DOWN,CABLE BROKEN BACKBONE,network_002,branch_029,CLOSED,15.0,1.33,fiber_cable,0
inc_01309,incident_tx_ip,TXNOC,2024,4,12,49,CRITICAL,FIBRA,LINK DOWN,CABLE BROKEN BACKBONE,network_002,branch_017,CLOSED,15.0,4.17,fiber_cable,0
inc_01310,incident_tx_ip,TXNOC,2024,4,12,49,CRITICAL,FIBRA,LINK DOWN,CABLE BROKEN BACKBONE,network_002,branch_003,CLOSED,15.0,0.63,fiber_cable,0
inc_01311,incident_tx_ip,TXNOC,2024,4,12,49,CRITICAL,FIBRA,LINK DOWN,CABLE BROKEN BACKBONE,network_002,branch_008,CLOSED,15.0,10.0,fiber_cable,0
inc_01312,incident_tx_ip,TXNOC,2024,4,12,49,MAJOR,MICROWAVE,BAD PERFORMANCE,IN SITE,network_001,branch_002,CLOSED,15.0,61.0,other,1
inc_01313,incident_tx_ip,TXNOC,2024,4,12,49,MAJOR,MICROWAVE,BAD PERFORMANCE,IN SITE,network_001,branch_029,CLOSED,15.0,14.0,equipment_module,0
inc_01314,incident_tx_ip,TXNOC,2024,4,12,49,MAJOR,MICROWAVE,BAD PERFORMANCE,IN SITE,network_001,branch_021,CLOSED,15.0,5.05,equipment_module,0
inc_01315,incident_tx_ip,TXNOC,2024,4,12,49,MAJOR,FIBRA,LINK DOWN,CABLE BROKEN BACKBONE,network_002,branch_017,CLOSED,15.0,5.0,fiber_cable,0
inc_01316,incident_tx_ip,TXNOC,2024,4,12,49,MAJOR,MICROWAVE,LINK DOWN,IN SITE,network_001,branch_001,CLOSED,15.0,26.0,equipment_module,1
inc_01317,incident_tx_ip,TXNOC,2024,4,12,49,MAJOR,FIBRA,LINK DOWN,CABLE BROKEN BACKBONE,network_002,branch_014,CLOSED,15.0,10.0,fiber_cable,0
inc_01318,incident_tx_ip,TXNOC,2024,4,12,49,MAJOR,FIBRA,ATTENUATION,ATTENUATION OVER THRESHOLD,network_002,branch_025,CLOSED,10.0,70.0,attenuation,1
inc_01319,incident_tx_ip,TXNOC,2024,4,12,49,MAJOR,MICROWAVE,LINK DOWN,IN SITE,network_001,branch_006,CLOSED,15.0,30.0,equipment_module,1
inc_01320,incident_tx_ip,TXNOC,2024,4,12,49,CRITICAL,MICROWAVE,LINK DOWN,IN SITE,network_001,branch_019,CLOSED,15.0,25.33,equipment_module,1
inc_01321,incident_tx_ip,TXNOC,2024,4,12,49,MAJOR,MICROWAVE,LINK DOWN,IN SITE,network_001,branch_017,CLOSED,15.0,80.0,equipment_module,1
inc_01322,incident_tx_ip,TXNOC,2024,4,12,49,CRITICAL,FIBRA,LINK DOWN,CABLE BROKEN BACKBONE,network_002,branch_022,CLOSED,15.0,2.0,fiber_cable,0
inc_01323,incident_tx_ip,TXNOC,2024,4,12,49,CRITICAL,FIBRA,LINK DOWN,CABLE BROKEN BACKBONE,network_002,branch_009,CLOSED,15.0,8.0,fiber_cable,0
inc_01324,incident_tx_ip,TXNOC,2024,4,12,49,CRITICAL,FIBRA,LINK DOWN,CABLE BROKEN BACKBONE,network_002,branch_018,CLOSED,20.0,4.83,fiber_cable,0
inc_01325,incident_tx_ip,TXNOC,2024,4,12,49,MAJOR,MICROWAVE,LINK DOWN,IN SITE,network_001,branch_029,CLOSED,15.0,1.0,link_down,0
inc_01326,incident_tx_ip,TXNOC,2024,4,12,49,MAJOR,FIBRA,ATTENUATION,CABLE BROKEN BACKBONE,network_002,branch_021,CLOSED,15.0,59.5,attenuation,1
inc_01327,incident_tx_ip,TXNOC,2024,4,12,49,MAJOR,FIBRA,LINK DOWN,CABLE BROKEN BACKBONE,network_002,branch_018,CLOSED,21.0,0.0,fiber_cable,0
inc_01328,incident_tx_ip,TXNOC,2024,4,12,49,MAJOR,FIBRA,ATTENUATION,ATTENUATION NEAR TO THRESHOLD,network_002,branch_003,CLOSED,15.0,9.0,attenuation,0
inc_01329,incident_tx_ip,TXNOC,2024,4,12,49,MAJOR,FIBRA,LINK DOWN,CABLE BROKEN ACCESS,network_002,branch_004,CLOSED,15.0,8.0,fiber_cable,0
inc_01330,incident_tx_ip,TXNOC,2024,4,12,49,MAJOR,MICROWAVE,LINK DOWN,IN SITE,network_001,branch_008,CLOSED,15.0,19.0,equipment_module,1
inc_01331,incident_tx_ip,TXNOC,2024,4,12,49,MAJOR,FIBRA,LINK DOWN,CABLE BROKEN BACKBONE,network_002,branch_010,CLOSED,15.0,10.0,fiber_cable,0
inc_01332,incident_tx_ip,TXNOC,2024,4,12,49,CRITICAL,FIBRA,LINK DOWN,CABLE BROKEN BACKBONE,network_002,branch_018,CLOSED,21.0,14.0,fiber_cable,0
inc_01333,incident_tx_ip,TXNOC,2024,4,12,49,MAJOR,MICROWAVE,LINK DOWN,IN SITE,network_001,branch_010,CLOSED,15.0,16.0,equipment_module,1
inc_01334,incident_tx_ip,TXNOC,2024,4,12,49,MAJOR,MICROWAVE,BAD PERFORMANCE,IN SITE,network_001,branch_013,CLOSED,15.0,403.0,other,1
inc_01335,incident_tx_ip,TXNOC,2024,4,12,49,MAJOR,MICROWAVE,BAD PERFORMANCE,IN SITE,network_001,branch_023,CLOSED,15.0,80.0,equipment_module,1
inc_01336,incident_tx_ip,TXNOC,2024,4,12,49,MAJOR,MICROWAVE,LINK DOWN,IN SITE,network_001,branch_017,CLOSED,15.0,7.0,equipment_module,0
inc_01337,incident_tx_ip,TXNOC,2024,4,12,49,CRITICAL,FIBRA,LINK DOWN,CABLE BROKEN BACKBONE,network_002,branch_018,CLOSED,21.0,4.67,fiber_cable,0
inc_01338,incident_tx_ip,TXNOC,2024,4,12,49,CRITICAL,FIBRA,LINK DOWN,CABLE BROKEN BACKBONE,network_002,branch_015,CLOSED,15.0,7.0,fiber_cable,0
inc_01339,incident_tx_ip,TXNOC,2024,4,12,49,CRITICAL,FIBRA,LINK DOWN,CABLE BROKEN BACKBONE,network_002,branch_018,CLOSED,21.0,5.63,fiber_cable,0
inc_01340,incident_tx_ip,TXNOC,2024,4,12,49,CRITICAL,MICROWAVE,LINK DOWN,IN SITE,network_001,branch_012,CLOSED,15.0,92.07,equipment_module,1
inc_01341,incident_tx_ip,TXNOC,2024,4,12,49,CRITICAL,FIBRA,LINK DOWN,CABLE BROKEN BACKBONE,network_002,branch_020,CLOSED,15.0,4.33,fiber_cable,0
inc_01342,incident_tx_ip,TXNOC,2024,4,12,49,CRITICAL,FIBRA,LINK DOWN,CABLE BROKEN BACKBONE,network_002,branch_011,CLOSED,15.0,3.5,fiber_cable,0
inc_01343,incident_tx_ip,TXNOC,2024,4,12,49,CRITICAL,MICROWAVE,LINK DOWN,IN SITE,network_001,branch_017,CLOSED,15.0,33.0,link_down,1
inc_01344,incident_tx_ip,TXNOC,2024,4,12,49,CRITICAL,FIBRA,LINK DOWN,CABLE BROKEN BACKBONE,network_002,branch_003,CLOSED,15.0,4.58,fiber_cable,0
inc_01345,incident_tx_ip,TXNOC,2024,4,12,49,MAJOR,MICROWAVE,LINK DOWN,IN SITE,network_001,branch_020,CLOSED,15.0,20.0,equipment_module,1
inc_01346,incident_tx_ip,TXNOC,2024,4,12,50,MAJOR,FIBRA,ATTENUATION,CABLE BROKEN ACCESS,network_002,branch_012,CLOSED,7.0,16.0,attenuation,1
inc_01347,incident_tx_ip,TXNOC,2024,4,12,50,CRITICAL,FIBRA,LINK DOWN,CABLE BROKEN BACKBONE,network_002,branch_014,CLOSED,15.0,3.83,fiber_cable,0
inc_01348,incident_tx_ip,TXNOC,2024,4,12,50,CRITICAL,FIBRA,LINK DOWN,CABLE BROKEN BACKBONE,network_002,branch_014,CLOSED,15.0,4.25,fiber_cable,0
inc_01349,incident_tx_ip,TXNOC,2024,4,12,50,CRITICAL,FIBRA,LINK DOWN,CABLE BROKEN BACKBONE,network_002,branch_004,CLOSED,15.0,7.58,fiber_cable,0
inc_01350,incident_tx_ip,TXNOC,2024,4,12,50,CRITICAL,FIBRA,LINK DOWN,CABLE BROKEN BACKBONE,network_002,branch_018,CLOSED,21.0,6.92,fiber_cable,0
inc_01351,incident_tx_ip,TXNOC,2024,4,12,50,CRITICAL,FIBRA,LINK DOWN,CABLE BROKEN BACKBONE,network_002,branch_003,CLOSED,15.0,14.42,fiber_cable,0
inc_01352,incident_tx_ip,TXNOC,2024,4,12,50,CRITICAL,FIBRA,LINK DOWN,CABLE BROKEN BACKBONE,network_002,branch_004,CLOSED,15.0,6.58,fiber_cable,0
inc_01353,incident_tx_ip,TXNOC,2024,4,12,50,CRITICAL,FIBRA,ATTENUATION,CABLE BROKEN BACKBONE,network_002,branch_001,CLOSED,15.0,10.67,attenuation,0
inc_01354,incident_tx_ip,TXNOC,2024,4,12,50,CRITICAL,FIBRA,LINK DOWN,CABLE BROKEN BACKBONE,network_002,branch_014,CLOSED,15.0,2.42,fiber_cable,0
inc_01355,incident_tx_ip,TXNOC,2024,4,12,50,MAJOR,MICROWAVE,LINK DOWN,IN SITE,network_001,branch_019,CLOSED,15.0,39.83,equipment_module,1
inc_01356,incident_tx_ip,TXNOC,2024,4,12,50,MAJOR,MICROWAVE,LINK DOWN,IN SITE,network_001,branch_019,CLOSED,15.0,20.0,equipment_module,1
inc_01357,incident_tx_ip,TXNOC,2024,4,12,50,CRITICAL,FIBRA,LINK DOWN,CABLE BROKEN BACKBONE,network_002,branch_003,CLOSED,15.0,4.17,fiber_cable,0
inc_01358,incident_tx_ip,TXNOC,2024,4,12,50,CRITICAL,FIBRA,LINK DOWN,CABLE BROKEN BACKBONE,network_002,branch_018,CLOSED,21.0,192.0,attenuation,1
inc_01359,incident_tx_ip,TXNOC,2024,4,12,50,CRITICAL,FIBRA,LINK DOWN,CABLE BROKEN BACKBONE,network_002,branch_003,CLOSED,15.0,4.83,fiber_cable,0
inc_01360,incident_tx_ip,TXNOC,2024,4,12,50,CRITICAL,FIBRA,LINK DOWN,CABLE BROKEN BACKBONE,network_002,branch_007,CLOSED,15.0,12.33,fiber_cable,0
inc_01361,incident_tx_ip,TXNOC,2024,4,12,50,MAJOR,MICROWAVE,LINK DOWN,IN SITE,network_001,branch_004,CLOSED,15.0,23.0,equipment_module,1
inc_01362,incident_tx_ip,TXNOC,2024,4,12,50,CRITICAL,FIBRA,ATTENUATION,ATTENUATION OVER THRESHOLD,network_002,branch_003,CLOSED,15.0,9.0,attenuation,0
inc_01363,incident_tx_ip,TXNOC,2024,4,12,50,CRITICAL,FIBRA,LINK DOWN,CABLE BROKEN BACKBONE,network_002,branch_018,CLOSED,20.0,6.0,fiber_cable,0
inc_01364,incident_tx_ip,TXNOC,2024,4,12,50,MAJOR,MICROWAVE,LINK DOWN,IN SITE,network_001,branch_009,CLOSED,15.0,18.0,equipment_module,1
inc_01365,incident_tx_ip,TXNOC,2024,4,12,50,CRITICAL,FIBRA,LINK DOWN,CABLE BROKEN BACKBONE,network_002,branch_018,CLOSED,21.0,6.8,fiber_cable,0
inc_01366,incident_tx_ip,TXNOC,2024,4,12,50,MAJOR,MICROWAVE,LINK DOWN,IN SITE,network_001,branch_009,CLOSED,15.0,5.0,equipment_module,0
inc_01367,incident_tx_ip,TXNOC,2024,4,12,50,MAJOR,FIBRA,ATTENUATION,ATTENUATION NEAR TO THRESHOLD,network_002,branch_014,CLOSED,15.0,4.0,attenuation,0
inc_01368,incident_tx_ip,TXNOC,2024,4,12,50,CRITICAL,FIBRA,LINK DOWN,CABLE BROKEN BACKBONE,network_002,branch_016,CLOSED,15.0,7.0,attenuation,0
inc_01369,incident_tx_ip,TXNOC,2024,4,12,50,CRITICAL,FIBRA,LINK DOWN,CABLE BROKEN BACKBONE,network_002,branch_018,CLOSED,21.0,2.5,fiber_cable,0
inc_01370,incident_tx_ip,TXNOC,2024,4,12,50,MAJOR,MICROWAVE,BAD PERFORMANCE,IN SITE,network_001,branch_010,CLOSED,15.0,442.0,equipment_module,1
inc_01371,incident_tx_ip,TXNOC,2024,4,12,50,MAJOR,MICROWAVE,LINK DOWN,IN SITE,network_001,branch_009,CLOSED,15.0,4.0,link_down,0
inc_01372,incident_tx_ip,TXNOC,2024,4,12,50,CRITICAL,MICROWAVE,LINK DOWN,IN SITE,network_001,branch_024,CLOSED,15.0,29.73,equipment_module,1
inc_01373,incident_tx_ip,TXNOC,2024,4,12,50,CRITICAL,FIBRA,LINK DOWN,CABLE BROKEN BACKBONE,network_002,branch_018,CLOSED,21.0,4.0,fiber_cable,0
inc_01374,incident_tx_ip,TXNOC,2024,4,12,50,CRITICAL,MICROWAVE,LINK DOWN,CABLE BROKEN BACKBONE,network_002,branch_006,CLOSED,13.0,6.0,link_down,0
inc_01375,incident_tx_ip,TXNOC,2024,4,12,50,MAJOR,MICROWAVE,LINK DOWN,IN SITE,network_001,branch_009,CLOSED,15.0,19.75,equipment_module,1
inc_01376,incident_tx_ip,TXNOC,2024,4,12,51,MAJOR,MICROWAVE,BAD PERFORMANCE,IN SITE,network_001,branch_019,CLOSED,15.0,150.0,equipment_module,1
inc_01377,incident_tx_ip,TXNOC,2024,4,12,51,CRITICAL,FIBRA,LINK DOWN,CABLE BROKEN BACKBONE,network_002,branch_003,CLOSED,15.0,5.0,fiber_cable,0
inc_01378,incident_tx_ip,TXNOC,2024,4,12,51,MAJOR,MICROWAVE,LINK DOWN,IN SITE,network_001,branch_010,CLOSED,15.0,13.33,equipment_module,0
inc_01379,incident_tx_ip,TXNOC,2024,4,12,51,CRITICAL,FIBRA,LINK DOWN,CABLE BROKEN BACKBONE,network_002,branch_015,CLOSED,15.0,5.83,fiber_cable,0
inc_01380,incident_tx_ip,TXNOC,2024,4,12,51,CRITICAL,FIBRA,LINK DOWN,CABLE BROKEN BACKBONE,network_002,branch_022,CLOSED,15.0,25.5,fiber_cable,1
inc_01381,incident_tx_ip,TXNOC,2024,4,12,51,MAJOR,MICROWAVE,BAD PERFORMANCE,IN SITE,network_001,branch_019,CLOSED,15.0,180.0,equipment_module,1
inc_01382,incident_tx_ip,TXNOC,2024,4,12,51,CRITICAL,FIBRA,LINK DOWN,CABLE BROKEN BACKBONE,network_002,branch_002,CLOSED,15.0,2.67,fiber_cable,0
inc_01383,incident_tx_ip,TXNOC,2024,4,12,51,MAJOR,FIBRA,LINK DOWN,ATTENUATION OVER THRESHOLD,network_002,branch_017,CLOSED,15.0,290.0,attenuation,1
inc_01384,incident_tx_ip,TXNOC,2024,4,12,51,CRITICAL,FIBRA,LINK DOWN,CABLE BROKEN BACKBONE,network_002,branch_011,CLOSED,15.0,10.0,fiber_cable,0
inc_01385,incident_tx_ip,TXNOC,2024,4,12,51,CRITICAL,FIBRA,LINK DOWN,CABLE BROKEN BACKBONE,network_002,branch_004,CLOSED,15.0,6.5,fiber_cable,0
inc_01386,incident_tx_ip,TXNOC,2024,4,12,51,CRITICAL,FIBRA,LINK DOWN,CABLE BROKEN BACKBONE,network_002,branch_011,CLOSED,18.0,20.33,fiber_cable,1
inc_01387,incident_tx_ip,TXNOC,2024,4,12,51,MAJOR,FIBRA,ATTENUATION,CABLE BROKEN BACKBONE,network_002,branch_015,CLOSED,15.0,20.0,attenuation,1
inc_01388,incident_tx_ip,TXNOC,2024,4,12,51,MAJOR,FIBRA,LINK DOWN,CABLE BROKEN BACKBONE,network_002,branch_004,CLOSED,15.0,5.0,fiber_cable,0
inc_01389,incident_tx_ip,TXNOC,2024,4,12,51,CRITICAL,FIBRA,LINK DOWN,CABLE BROKEN BACKBONE,network_002,branch_002,CLOSED,15.0,7.5,fiber_cable,0
inc_01390,incident_tx_ip,TXNOC,2024,4,12,51,CRITICAL,FIBRA,LINK DOWN,CABLE BROKEN BACKBONE,network_002,branch_005,CLOSED,15.0,9.0,fiber_cable,0
inc_01391,incident_tx_ip,TXNOC,2024,4,12,51,CRITICAL,FIBRA,LINK DOWN,CABLE BROKEN BACKBONE,network_002,branch_006,CLOSED,13.0,1.0,fiber_cable,0
inc_01392,incident_tx_ip,TXNOC,2024,4,12,51,CRITICAL,FIBRA,LINK DOWN,CABLE BROKEN BACKBONE,network_002,branch_018,CLOSED,21.0,7.0,fiber_cable,0
inc_01393,incident_tx_ip,TXNOC,2024,4,12,51,CRITICAL,FIBRA,LINK DOWN,CABLE BROKEN BACKBONE,network_002,branch_022,CLOSED,15.0,2.33,fiber_cable,0
inc_01394,incident_tx_ip,TXNOC,2024,4,12,51,CRITICAL,FIBRA,LINK DOWN,CABLE BROKEN BACKBONE,network_002,branch_004,CLOSED,15.0,3.17,fiber_cable,0
inc_01395,incident_tx_ip,TXNOC,2024,4,12,51,CRITICAL,FIBRA,LINK DOWN,CABLE BROKEN BACKBONE,network_002,branch_008,CLOSED,15.0,0.0,fiber_cable,0
inc_01396,incident_tx_ip,TXNOC,2024,4,12,51,CRITICAL,FIBRA,ATTENUATION,ATTENUATION NEAR TO THRESHOLD,network_002,branch_020,CLOSED,15.0,8.0,attenuation,0
inc_01397,incident_tx_ip,TXNOC,2024,4,12,51,MAJOR,FIBRA,ATTENUATION,ATTENUATION NEAR TO THRESHOLD,network_002,branch_011,CLOSED,17.0,60.0,attenuation,1
inc_01398,incident_tx_ip,TXNOC,2024,4,12,51,MAJOR,FIBRA,ATTENUATION,ATTENUATION NEAR TO THRESHOLD,network_002,branch_018,CLOSED,21.0,74.5,attenuation,1
inc_01399,incident_tx_ip,TXNOC,2024,4,12,51,MAJOR,FIBRA,ATTENUATION,ATTENUATION NEAR TO THRESHOLD,network_002,branch_022,CLOSED,15.0,70.0,attenuation,1
inc_01400,incident_tx_ip,TXNOC,2024,4,12,51,CRITICAL,FIBRA,LINK DOWN,CABLE BROKEN BACKBONE,network_002,branch_018,CLOSED,21.0,4.0,fiber_cable,0
inc_01401,incident_tx_ip,TXNOC,2024,4,12,51,CRITICAL,MICROWAVE,BAD PERFORMANCE,IN SITE,network_001,branch_024,CLOSED,15.0,54.17,equipment_module,1
inc_01402,incident_tx_ip,TXNOC,2024,1,1,51,MAJOR,MICROWAVE,BAD PERFORMANCE,IN SITE,network_001,branch_019,CLOSED,15.0,52.83,equipment_module,1
inc_01403,incident_tx_ip,TXNOC,2024,1,1,51,MAJOR,MICROWAVE,LINK DOWN,IN SITE,network_001,branch_022,CLOSED,15.0,53.0,equipment_module,1
inc_01404,incident_tx_ip,TXNOC,2024,1,1,51,MAJOR,MICROWAVE,LINK DOWN,IN SITE,network_001,branch_009,CLOSED,15.0,7.0,link_down,0
inc_01405,incident_tx_ip,TXNOC,2024,1,1,51,CRITICAL,FIBRA,LINK DOWN,CABLE BROKEN BACKBONE,network_002,branch_014,CLOSED,15.0,1.0,fiber_cable,0
inc_01406,incident_tx_ip,TXNOC,2024,1,1,51,CRITICAL,FIBRA,LINK DOWN,CABLE BROKEN BACKBONE,network_002,branch_017,CLOSED,15.0,5.0,fiber_cable,0
inc_01407,incident_tx_ip,TXNOC,2024,1,1,51,CRITICAL,FIBRA,LINK DOWN,CABLE BROKEN BACKBONE,network_002,branch_011,CLOSED,17.0,24.8,fiber_cable,1
inc_01408,incident_tx_ip,TXNOC,2024,1,1,51,CRITICAL,FIBRA,LINK DOWN,CABLE BROKEN BACKBONE,network_002,branch_003,CLOSED,15.0,2.07,fiber_cable,0
inc_01409,incident_tx_ip,TXNOC,2024,1,1,52,CRITICAL,FIBRA,LINK DOWN,CABLE BROKEN BACKBONE,network_002,branch_022,CLOSED,15.0,6.8,fiber_cable,0
inc_01410,incident_tx_ip,TXNOC,2024,1,1,52,MAJOR,FIBRA,LINK DOWN,CABLE BROKEN BACKBONE,network_002,branch_018,CLOSED,21.0,5.67,fiber_cable,0
inc_01411,incident_tx_ip,TXNOC,2024,1,1,52,MAJOR,FIBRA,LINK DOWN,CABLE BROKEN BACKBONE,network_002,branch_002,CLOSED,15.0,4.0,fiber_cable,0
inc_01412,incident_tx_ip,TXNOC,2024,1,1,52,CRITICAL,FIBRA,LINK DOWN,IN SITE,network_002,branch_001,CLOSED,15.0,63.92,fiber_cable,1
inc_01413,incident_tx_ip,TXNOC,2024,1,1,52,CRITICAL,FIBRA,LINK DOWN,IN SITE,network_002,branch_021,CLOSED,15.0,7.0,attenuation,0
inc_01414,incident_tx_ip,TXNOC,2024,1,1,52,MAJOR,FIBRA,LINK DOWN,IN SITE,network_001,branch_003,CLOSED,15.0,20.0,fiber_cable,1
inc_01415,incident_tx_ip,TXNOC,2024,1,1,52,CRITICAL,FIBRA,LINK DOWN,CABLE BROKEN BACKBONE,network_002,branch_004,CLOSED,15.0,2.0,fiber_cable,0
inc_01416,incident_tx_ip,TXNOC,2024,1,1,52,CRITICAL,FIBRA,LINK DOWN,CABLE BROKEN BACKBONE,network_002,branch_017,CLOSED,15.0,4.0,fiber_cable,0
inc_01417,incident_tx_ip,TXNOC,2024,1,1,52,CRITICAL,FIBRA,LINK DOWN,CABLE BROKEN BACKBONE,network_002,branch_015,CLOSED,15.0,5.83,fiber_cable,0
inc_01418,incident_tx_ip,TXNOC,2024,1,1,52,CRITICAL,FIBRA,LINK DOWN,CABLE BROKEN BACKBONE,network_002,branch_015,CLOSED,15.0,5.5,fiber_cable,0
inc_01419,incident_tx_ip,TXNOC,2024,1,1,52,CRITICAL,FIBRA,LINK DOWN,CABLE BROKEN BACKBONE,network_002,branch_020,CLOSED,15.0,3.0,fiber_cable,0
inc_01420,incident_tx_ip,TXNOC,2024,1,1,52,CRITICAL,FIBRA,LINK DOWN,IN SITE,network_002,branch_015,CLOSED,15.0,43.0,fiber_cable,1
inc_01421,incident_tx_ip,TXNOC,2024,1,1,52,MAJOR,MICROWAVE,LINK DOWN,IN SITE,network_001,branch_021,CLOSED,15.0,12.0,equipment_module,0
inc_01422,incident_tx_ip,TXNOC,2024,1,1,52,CRITICAL,FIBRA,LINK DOWN,CABLE BROKEN BACKBONE,network_002,branch_015,CLOSED,15.0,4.0,fiber_cable,0
inc_01423,incident_tx_ip,TXNOC,2024,1,1,52,CRITICAL,FIBRA,LINK DOWN,CABLE BROKEN BACKBONE,network_002,branch_003,CLOSED,15.0,4.5,fiber_cable,0
inc_01424,incident_tx_ip,TXNOC,2024,1,1,52,CRITICAL,FIBRA,ATTENUATION,CABLE BROKEN BACKBONE,network_002,branch_010,CLOSED,24.0,23.5,attenuation,0
inc_01425,incident_tx_ip,TXNOC,2024,1,1,52,MAJOR,FIBRA,BAD PERFORMANCE,IN SITE,network_002,branch_006,CLOSED,7.0,8.33,fiber_cable,1
inc_01426,incident_tx_ip,TXNOC,2024,1,1,52,MAJOR,FIBRA,ATTENUATION,CABLE BROKEN BACKBONE,network_002,branch_030,CLOSED,7.0,4.0,attenuation,0
inc_01427,incident_tx_ip,TXNOC,2024,1,1,52,MAJOR,FIBRA,ATTENUATION,ATTENUATION NEAR TO THRESHOLD,network_002,branch_014,CLOSED,15.0,30.0,attenuation,1
inc_01428,incident_tx_ip,TXNOC,2024,1,1,52,CRITICAL,FIBRA,LINK DOWN,CABLE BROKEN BACKBONE,network_002,branch_022,CLOSED,15.0,5.33,fiber_cable,0
inc_01429,incident_tx_ip,TXNOC,2024,1,1,52,CRITICAL,FIBRA,ATTENUATION,ATTENUATION NEAR TO THRESHOLD,network_002,branch_015,CLOSED,15.0,1.0,attenuation,0
inc_01430,incident_tx_ip,TXNOC,2024,1,1,52,CRITICAL,FIBRA,LINK DOWN,CABLE BROKEN BACKBONE,network_002,branch_009,CLOSED,15.0,5.17,fiber_cable,0
inc_01431,incident_tx_ip,TXNOC,2024,1,1,52,CRITICAL,FIBRA,LINK DOWN,CABLE BROKEN BACKBONE,network_002,branch_011,CLOSED,15.0,6.0,fiber_cable,0
inc_01432,incident_tx_ip,TXNOC,2024,1,1,52,MAJOR,MICROWAVE,LINK DOWN,IN SITE,network_001,branch_004,CLOSED,15.0,13.0,equipment_module,0
inc_01433,incident_tx_ip,TXNOC,2024,1,1,53,CRITICAL,FIBRA,LINK DOWN,CABLE BROKEN BACKBONE,network_002,branch_001,CLOSED,15.0,1.17,fiber_cable,0
inc_01434,incident_tx_ip,TXNOC,2024,1,1,53,CRITICAL,FIBRA,LINK DOWN,CABLE BROKEN BACKBONE,network_002,branch_020,CLOSED,15.0,2.5,fiber_cable,0
inc_01435,incident_tx_ip,TXNOC,2024,1,1,53,MAJOR,MICROWAVE,LINK DOWN,IN SITE,network_001,branch_023,CLOSED,15.0,35.5,equipment_module,1
inc_01436,incident_tx_ip,TXNOC,2024,1,1,53,MAJOR,MICROWAVE,LINK DOWN,IN SITE,network_001,branch_023,CLOSED,15.0,0.0,link_down,0
inc_01437,incident_tx_ip,TXNOC,2024,1,1,53,MAJOR,MICROWAVE,LINK DOWN,IN SITE,network_001,branch_006,CLOSED,15.0,38.5,equipment_module,1
inc_01438,incident_tx_ip,TXNOC,2025,1,1,1,CRITICAL,FIBRA,LINK DOWN,CABLE BROKEN BACKBONE,network_002,branch_014,CLOSED,15.0,9.0,fiber_cable,0
inc_01439,incident_tx_ip,TXNOC,2025,1,1,1,CRITICAL,MICROWAVE,LINK DOWN,IN SITE,network_001,branch_007,CLOSED,15.0,1.0,equipment_module,0
inc_01440,incident_tx_ip,TXNOC,2025,1,1,1,MAJOR,MICROWAVE,LINK DOWN,IN SITE,network_001,branch_014,CLOSED,15.0,292.0,equipment_module,1
inc_01441,incident_tx_ip,TXNOC,2025,1,1,1,MAJOR,FIBRA,BAD PERFORMANCE,ATTENUATION NEAR TO THRESHOLD,network_002,branch_009,CLOSED,15.0,30.0,fiber_cable,1
inc_01442,incident_tx_ip,TXNOC,2025,1,1,1,CRITICAL,FIBRA,LINK DOWN,CABLE BROKEN BACKBONE,network_002,branch_014,CLOSED,15.0,9.83,fiber_cable,0
inc_01443,incident_tx_ip,TXNOC,2025,1,1,1,CRITICAL,FIBRA,LINK DOWN,CABLE BROKEN BACKBONE,network_002,branch_017,CLOSED,15.0,2.17,fiber_cable,0
inc_01444,incident_tx_ip,TXNOC,2025,1,1,1,MAJOR,MICROWAVE,BAD PERFORMANCE,IN SITE,network_001,branch_006,CLOSED,15.0,83.17,equipment_module,1
inc_01445,incident_tx_ip,TXNOC,2025,1,1,1,MAJOR,FIBRA,LINK DOWN,IN SITE,network_002,branch_030,CLOSED,14.0,2.33,fiber_cable,0
inc_01446,incident_tx_ip,TXNOC,2025,1,1,1,CRITICAL,FIBRA,LINK DOWN,CABLE BROKEN BACKBONE,network_002,branch_012,CLOSED,15.0,6.0,fiber_cable,0
inc_01447,incident_tx_ip,TXNOC,2025,1,1,1,CRITICAL,FIBRA,ATTENUATION,ATTENUATION OVER THRESHOLD,network_002,branch_001,CLOSED,15.0,300.0,attenuation,1
inc_01448,incident_tx_ip,TXNOC,2025,1,1,1,CRITICAL,FIBRA,ATTENUATION,ATTENUATION OVER THRESHOLD,network_002,branch_003,CLOSED,15.0,102.0,attenuation,1
inc_01449,incident_tx_ip,TXNOC,2025,1,1,1,MAJOR,MICROWAVE,LINK DOWN,IN SITE,network_001,branch_021,CLOSED,15.0,238.5,link_down,1
inc_01450,incident_tx_ip,TXNOC,2025,1,1,1,MAJOR,MICROWAVE,LINK DOWN,IN SITE,network_001,branch_012,CLOSED,15.0,30.0,equipment_module,1
inc_01451,incident_tx_ip,TXNOC,2025,1,1,1,CRITICAL,FIBRA,LINK DOWN,CABLE BROKEN BACKBONE,network_002,branch_003,CLOSED,15.0,0.0,fiber_cable,0
inc_01452,incident_tx_ip,TXNOC,2025,1,1,1,CRITICAL,FIBRA,LINK DOWN,CABLE BROKEN BACKBONE,network_002,branch_001,CLOSED,15.0,7.5,fiber_cable,0
inc_01453,incident_tx_ip,TXNOC,2025,1,1,1,MAJOR,MICROWAVE,LINK DOWN,IN SITE,network_001,branch_001,CLOSED,15.0,11.5,equipment_module,0
inc_01454,incident_tx_ip,TXNOC,2025,1,1,1,CRITICAL,FIBRA,LINK DOWN,CABLE BROKEN BACKBONE,network_002,branch_018,CLOSED,21.0,9.0,fiber_cable,0
inc_01455,incident_tx_ip,TXNOC,2025,1,1,1,CRITICAL,FIBRA,LINK DOWN,CABLE BROKEN BACKBONE,network_002,branch_003,CLOSED,15.0,3.0,fiber_cable,0
inc_01456,incident_tx_ip,TXNOC,2025,1,1,1,CRITICAL,FIBRA,LINK DOWN,CABLE BROKEN BACKBONE,network_002,branch_003,CLOSED,15.0,5.0,fiber_cable,0
inc_01457,incident_tx_ip,TXNOC,2025,1,1,1,MAJOR,MICROWAVE,LINK DOWN,IN SITE,network_001,branch_021,CLOSED,15.0,8.67,equipment_module,0
inc_01458,incident_tx_ip,TXNOC,2025,1,1,1,MAJOR,MICROWAVE,LINK DOWN,IN SITE,network_001,branch_019,CLOSED,15.0,7.0,equipment_module,0
inc_01459,incident_tx_ip,TXNOC,2025,1,1,2,CRITICAL,FIBRA,LINK DOWN,CABLE BROKEN BACKBONE,network_002,branch_003,CLOSED,15.0,6.0,fiber_cable,0
inc_01460,incident_tx_ip,TXNOC,2025,1,1,2,CRITICAL,FIBRA,ATTENUATION,CABLE BROKEN BACKBONE,network_002,branch_021,CLOSED,15.0,226.0,attenuation,1
inc_01461,incident_tx_ip,TXNOC,2025,1,1,2,MAJOR,MICROWAVE,LINK DOWN,IN SITE,network_001,branch_009,CLOSED,15.0,4.0,equipment_module,0
inc_01462,incident_tx_ip,TXNOC,2025,1,1,2,CRITICAL,FIBRA,LINK DOWN,CABLE BROKEN ACCESS,network_002,branch_018,CLOSED,20.0,7.0,fiber_cable,0
inc_01463,incident_tx_ip,TXNOC,2025,1,1,2,MAJOR,MICROWAVE,LINK DOWN,IN SITE,network_001,branch_014,CLOSED,15.0,4.0,link_down,0
inc_01464,incident_tx_ip,TXNOC,2025,1,1,2,MAJOR,MICROWAVE,LINK DOWN,IN SITE,network_001,branch_001,CLOSED,15.0,5.5,equipment_module,0
inc_01465,incident_tx_ip,TXNOC,2025,1,1,2,MAJOR,MICROWAVE,LINK DOWN,IN SITE,network_001,branch_003,CLOSED,15.0,13.5,equipment_module,0
inc_01466,incident_tx_ip,TXNOC,2025,1,1,2,CRITICAL,FIBRA,LINK DOWN,IN SITE,network_002,branch_017,CLOSED,15.0,3.17,fiber_cable,0
inc_01467,incident_tx_ip,TXNOC,2025,1,1,2,CRITICAL,FIBRA,ATTENUATION,IN SITE,network_002,branch_008,CLOSED,15.0,9.0,attenuation,0
inc_01468,incident_tx_ip,TXNOC,2025,1,1,2,CRITICAL,FIBRA,ATTENUATION,CABLE BROKEN BACKBONE,network_002,branch_009,CLOSED,15.0,24.0,attenuation,1
inc_01469,incident_tx_ip,TXNOC,2025,1,1,2,MAJOR,MICROWAVE,LINK DOWN,IN SITE,network_001,branch_006,CLOSED,15.0,6.0,equipment_module,0
inc_01470,incident_tx_ip,TXNOC,2025,1,1,2,CRITICAL,FIBRA,LINK DOWN,CABLE BROKEN BACKBONE,network_002,branch_014,CLOSED,15.0,32.0,fiber_cable,1
inc_01471,incident_tx_ip,TXNOC,2025,1,1,2,CRITICAL,FIBRA,LINK DOWN,CABLE BROKEN BACKBONE,network_002,branch_022,CLOSED,15.0,8.0,fiber_cable,0
inc_01472,incident_tx_ip,TXNOC,2025,1,1,2,MAJOR,FIBRA,LINK DOWN,CABLE BROKEN BACKBONE,network_002,branch_010,CLOSED,15.0,7.0,fiber_cable,0
inc_01473,incident_tx_ip,TXNOC,2025,1,1,2,MAJOR,FIBRA,LINK DOWN,CABLE BROKEN BACKBONE,network_002,branch_014,CLOSED,15.0,0.83,fiber_cable,0
inc_01474,incident_tx_ip,TXNOC,2025,1,1,2,CRITICAL,FIBRA,LINK DOWN,CABLE BROKEN BACKBONE,network_002,branch_014,CLOSED,15.0,0.0,fiber_cable,0
inc_01475,incident_tx_ip,TXNOC,2025,1,1,2,CRITICAL,FIBRA,LINK DOWN,CABLE BROKEN BACKBONE,network_002,branch_012,CLOSED,15.0,4.83,fiber_cable,0
inc_01476,incident_tx_ip,TXNOC,2025,1,1,2,CRITICAL,FIBRA,LINK DOWN,ATTENUATION OVER THRESHOLD,network_002,branch_014,CLOSED,15.0,22.0,attenuation,1
inc_01477,incident_tx_ip,TXNOC,2025,1,1,2,CRITICAL,FIBRA,LINK DOWN,ATTENUATION NEAR TO THRESHOLD,network_002,branch_015,CLOSED,15.0,4.5,attenuation,0
inc_01478,incident_tx_ip,TXNOC,2025,1,1,2,CRITICAL,FIBRA,LINK DOWN,CABLE BROKEN BACKBONE,network_002,branch_014,CLOSED,15.0,8.0,fiber_cable,0
inc_01479,incident_tx_ip,TXNOC,2025,1,1,2,CRITICAL,FIBRA,LINK DOWN,CABLE BROKEN BACKBONE,network_002,branch_004,CLOSED,15.0,7.25,fiber_cable,0
inc_01480,incident_tx_ip,TXNOC,2025,1,1,2,CRITICAL,FIBRA,LINK DOWN,CABLE BROKEN BACKBONE,network_002,branch_011,CLOSED,15.0,7.1,fiber_cable,0
inc_01481,incident_tx_ip,TXNOC,2025,1,1,2,CRITICAL,FIBRA,LINK DOWN,CABLE BROKEN BACKBONE,network_002,branch_015,CLOSED,15.0,3.5,fiber_cable,0
inc_01482,incident_tx_ip,TXNOC,2025,1,1,2,MAJOR,MICROWAVE,LINK DOWN,IN SITE,network_001,branch_020,CLOSED,15.0,52.0,equipment_module,1
inc_01483,incident_tx_ip,TXNOC,2025,1,1,2,MAJOR,MICROWAVE,BAD PERFORMANCE,IN SITE,network_001,branch_021,CLOSED,15.0,2.0,equipment_module,0
inc_01484,incident_tx_ip,TXNOC,2025,1,1,2,CRITICAL,FIBRA,LINK DOWN,CABLE BROKEN BACKBONE,network_002,branch_021,CLOSED,15.0,5.48,fiber_cable,0
inc_01485,incident_tx_ip,TXNOC,2025,1,1,2,CRITICAL,FIBRA,LINK DOWN,CABLE BROKEN BACKBONE,network_002,branch_003,CLOSED,15.0,6.92,fiber_cable,0
inc_01486,incident_tx_ip,TXNOC,2025,1,1,2,CRITICAL,FIBRA,LINK DOWN,CABLE BROKEN BACKBONE,network_002,branch_003,CLOSED,15.0,2.92,fiber_cable,0
inc_01487,incident_tx_ip,TXNOC,2025,1,1,2,MAJOR,MICROWAVE,LINK DOWN,IN SITE,network_001,branch_005,CLOSED,15.0,24.0,equipment_module,1
inc_01488,incident_tx_ip,TXNOC,2025,1,1,2,CRITICAL,FIBRA,LINK DOWN,CABLE BROKEN BACKBONE,network_002,branch_018,CLOSED,21.0,1.33,fiber_cable,0
inc_01489,incident_tx_ip,TXNOC,2025,1,1,2,CRITICAL,FIBRA,LINK DOWN,CABLE BROKEN BACKBONE,network_002,branch_011,CLOSED,15.0,5.0,fiber_cable,0
inc_01490,incident_tx_ip,TXNOC,2025,1,1,2,CRITICAL,FIBRA,LINK DOWN,CABLE BROKEN BACKBONE,network_002,branch_005,CLOSED,15.0,10.0,fiber_cable,0
inc_01491,incident_tx_ip,TXNOC,2025,1,1,2,MAJOR,FIBRA,LINK DOWN,CABLE BROKEN BACKBONE,network_002,branch_003,CLOSED,15.0,10.0,fiber_cable,0
inc_01492,incident_tx_ip,TXNOC,2025,1,1,3,CRITICAL,FIBRA,LINK DOWN,CABLE BROKEN BACKBONE,network_002,branch_018,CLOSED,21.0,25.67,fiber_cable,1
inc_01493,incident_tx_ip,TXNOC,2025,1,1,3,CRITICAL,FIBRA,LINK DOWN,CABLE BROKEN BACKBONE,network_002,branch_003,CLOSED,15.0,15.0,fiber_cable,0
inc_01494,incident_tx_ip,TXNOC,2025,1,1,3,CRITICAL,FIBRA,LINK DOWN,CABLE BROKEN BACKBONE,network_002,branch_016,CLOSED,15.0,3.0,fiber_cable,0
inc_01495,incident_tx_ip,TXNOC,2025,1,1,3,MAJOR,MICROWAVE,LINK DOWN,CABLE BROKEN ACCESS,network_001,branch_029,CLOSED,15.0,14.0,link_down,0
inc_01496,incident_tx_ip,TXNOC,2025,1,1,3,CRITICAL,FIBRA,LINK DOWN,CABLE BROKEN BACKBONE,network_002,branch_003,CLOSED,15.0,0.0,fiber_cable,0
inc_01497,incident_tx_ip,TXNOC,2025,1,1,3,CRITICAL,FIBRA,ATTENUATION,CABLE BROKEN BACKBONE,network_002,branch_017,CLOSED,15.0,0.0,attenuation,0
inc_01498,incident_tx_ip,TXNOC,2025,1,1,3,MAJOR,MICROWAVE,LINK DOWN,IN SITE,network_001,branch_009,CLOSED,15.0,13.0,link_down,0
inc_01499,incident_tx_ip,TXNOC,2025,1,1,3,CRITICAL,FIBRA,LINK DOWN,CABLE BROKEN BACKBONE,network_002,branch_018,CLOSED,21.0,5.58,fiber_cable,0
inc_01500,incident_tx_ip,TXNOC,2025,1,1,3,CRITICAL,FIBRA,LINK DOWN,CABLE BROKEN BACKBONE,network_002,branch_018,CLOSED,21.0,4.0,fiber_cable,0
inc_01501,incident_tx_ip,TXNOC,2025,1,1,3,CRITICAL,MICROWAVE,LINK DOWN,IN SITE,network_001,branch_021,CLOSED,15.0,6.0,link_down,0
inc_01502,incident_tx_ip,TXNOC,2025,1,1,3,CRITICAL,FIBRA,LINK DOWN,CABLE BROKEN BACKBONE,network_002,branch_003,CLOSED,15.0,5.5,fiber_cable,0
inc_01503,incident_tx_ip,TXNOC,2025,1,1,3,CRITICAL,FIBRA,LINK DOWN,ATTENUATION NEAR TO THRESHOLD,network_002,branch_019,CLOSED,15.0,7.5,fiber_cable,0
inc_01504,incident_tx_ip,TXNOC,2025,1,1,3,CRITICAL,FIBRA,LINK DOWN,CABLE BROKEN BACKBONE,network_002,branch_003,CLOSED,15.0,4.0,fiber_cable,0
inc_01505,incident_tx_ip,TXNOC,2025,1,1,3,CRITICAL,FIBRA,LINK DOWN,CABLE BROKEN BACKBONE,network_002,branch_014,CLOSED,15.0,4.0,fiber_cable,0
inc_01506,incident_tx_ip,TXNOC,2025,1,1,3,CRITICAL,FIBRA,LINK DOWN,CABLE BROKEN BACKBONE,network_002,branch_018,CLOSED,21.0,2.58,fiber_cable,0
inc_01507,incident_tx_ip,TXNOC,2025,1,1,3,CRITICAL,FIBRA,LINK DOWN,CABLE BROKEN BACKBONE,network_002,branch_003,CLOSED,15.0,6.0,fiber_cable,0
inc_01508,incident_tx_ip,TXNOC,2025,1,1,3,MAJOR,MICROWAVE,LINK DOWN,IN SITE,network_001,branch_017,CLOSED,15.0,10.0,power_energy,0
inc_01509,incident_tx_ip,TXNOC,2025,1,1,3,CRITICAL,FIBRA,LINK DOWN,CABLE BROKEN BACKBONE,network_002,branch_010,CLOSED,15.0,6.5,fiber_cable,0
inc_01510,incident_tx_ip,TXNOC,2025,1,1,3,MAJOR,MICROWAVE,LINK DOWN,IN SITE,network_001,branch_012,CLOSED,15.0,19.0,attenuation,1
inc_01511,incident_tx_ip,TXNOC,2025,1,1,3,MAJOR,MICROWAVE,LINK DOWN,IN SITE,network_001,branch_008,CLOSED,15.0,17.83,equipment_module,1
inc_01512,incident_tx_ip,TXNOC,2025,1,1,3,MAJOR,FIBRA,LINK DOWN,IN SITE,network_002,branch_030,CLOSED,18.0,1.5,fiber_cable,0
inc_01513,incident_tx_ip,TXNOC,2025,1,1,3,MAJOR,MICROWAVE,LINK DOWN,IN SITE,network_001,branch_024,CLOSED,15.0,1.0,link_down,0
inc_01514,incident_tx_ip,TXNOC,2025,1,1,3,MAJOR,MICROWAVE,LINK DOWN,IN SITE,network_001,branch_014,CLOSED,15.0,5.0,link_down,0
inc_01515,incident_tx_ip,TXNOC,2025,1,1,3,MAJOR,FIBRA,LINK DOWN,IN SITE,network_002,branch_030,CLOSED,18.0,0.0,fiber_cable,0
inc_01516,incident_tx_ip,TXNOC,2025,1,1,3,MAJOR,MICROWAVE,LINK DOWN,IN SITE,network_001,branch_021,CLOSED,15.0,9.0,equipment_module,0
inc_01517,incident_tx_ip,TXNOC,2025,1,1,3,MAJOR,MICROWAVE,LINK DOWN,IN SITE,network_001,branch_021,CLOSED,15.0,6.0,link_down,0
inc_01518,incident_tx_ip,TXNOC,2025,1,1,3,MAJOR,MICROWAVE,LINK DOWN,IN SITE,network_001,branch_029,CLOSED,15.0,605.0,link_down,1
inc_01519,incident_tx_ip,TXNOC,2025,1,1,3,MAJOR,MICROWAVE,BAD PERFORMANCE,IN SITE,network_001,branch_012,CLOSED,15.0,63.0,other,1
inc_01520,incident_tx_ip,TXNOC,2025,1,1,3,CRITICAL,FIBRA,ATTENUATION,ATTENUATION NEAR TO THRESHOLD,network_002,branch_001,CLOSED,15.0,5.42,attenuation,0
inc_01521,incident_tx_ip,TXNOC,2025,1,1,3,MAJOR,MICROWAVE,LINK DOWN,IN SITE,network_001,branch_019,CLOSED,15.0,16.0,equipment_module,1
inc_01522,incident_tx_ip,TXNOC,2025,1,1,3,MAJOR,MICROWAVE,LINK DOWN,IN SITE,network_001,branch_017,CLOSED,15.0,4.0,equipment_module,0
inc_01523,incident_tx_ip,TXNOC,2025,1,1,3,MAJOR,MICROWAVE,LINK DOWN,IN SITE,network_001,branch_011,CLOSED,15.0,10.0,equipment_module,0
inc_01524,incident_tx_ip,TXNOC,2025,1,1,3,MAJOR,FIBRA,LINK DOWN,CABLE BROKEN BACKBONE,network_002,branch_011,CLOSED,15.0,0.0,fiber_cable,0
inc_01525,incident_tx_ip,TXNOC,2025,1,1,3,MAJOR,MICROWAVE,LINK DOWN,IN SITE,network_001,branch_011,CLOSED,15.0,3.0,equipment_module,0
inc_01526,incident_tx_ip,TXNOC,2025,1,1,3,CRITICAL,FIBRA,LINK DOWN,CABLE BROKEN BACKBONE,network_002,branch_025,CLOSED,14.0,7.7,fiber_cable,0
inc_01527,incident_tx_ip,TXNOC,2025,1,1,3,MAJOR,FIBRA,ATTENUATION,ATTENUATION OVER THRESHOLD,network_002,branch_003,CLOSED,15.0,161.0,attenuation,1
inc_01528,incident_tx_ip,TXNOC,2025,1,1,3,MAJOR,MICROWAVE,LINK DOWN,IN SITE,network_001,branch_005,CLOSED,15.0,8.0,equipment_module,0
inc_01529,incident_tx_ip,TXNOC,2025,1,1,3,CRITICAL,FIBRA,LINK DOWN,CABLE BROKEN BACKBONE,network_002,branch_002,CLOSED,15.0,8.67,fiber_cable,0
inc_01530,incident_tx_ip,TXNOC,2025,1,1,3,CRITICAL,FIBRA,LINK DOWN,CABLE BROKEN BACKBONE,network_002,branch_008,CLOSED,15.0,0.0,fiber_cable,0
inc_01531,incident_tx_ip,TXNOC,2025,1,1,3,CRITICAL,FIBRA,LINK DOWN,CABLE BROKEN BACKBONE,network_002,branch_018,CLOSED,21.0,7.0,fiber_cable,0
inc_01532,incident_tx_ip,TXNOC,2025,1,1,3,CRITICAL,FIBRA,LINK DOWN,CABLE BROKEN BACKBONE,network_002,branch_011,CLOSED,15.0,6.17,fiber_cable,0
inc_01533,incident_tx_ip,TXNOC,2025,1,1,4,CRITICAL,FIBRA,BAD PERFORMANCE,CABLE BROKEN BACKBONE,network_002,branch_004,CLOSED,15.0,195.0,attenuation,1
inc_01534,incident_tx_ip,TXNOC,2025,1,1,4,CRITICAL,FIBRA,LINK DOWN,CABLE BROKEN BACKBONE,network_002,branch_011,CLOSED,15.0,9.0,fiber_cable,0
inc_01535,incident_tx_ip,TXNOC,2025,1,1,4,MAJOR,FIBRA,LINK DOWN,CABLE BROKEN BACKBONE,network_002,branch_016,CLOSED,15.0,6.5,fiber_cable,0
inc_01536,incident_tx_ip,TXNOC,2025,1,1,4,CRITICAL,MICROWAVE,LINK DOWN,IN SITE,network_001,branch_010,CLOSED,15.0,4.0,equipment_module,0
inc_01537,incident_tx_ip,TXNOC,2025,1,1,4,MAJOR,MICROWAVE,LINK DOWN,IN SITE,network_001,branch_024,CLOSED,15.0,211.0,link_down,1
inc_01538,incident_tx_ip,TXNOC,2025,1,1,4,MAJOR,FIBRA,ATTENUATION,ATTENUATION OVER THRESHOLD,network_002,branch_009,CLOSED,15.0,41.0,attenuation,1
inc_01539,incident_tx_ip,TXNOC,2025,1,1,4,MAJOR,MICROWAVE,LINK DOWN,IN SITE,network_001,branch_017,CLOSED,15.0,11.0,link_down,0
inc_01540,incident_tx_ip,TXNOC,2025,1,1,4,CRITICAL,FIBRA,LINK DOWN,CABLE BROKEN BACKBONE,network_002,branch_010,CLOSED,15.0,8.0,fiber_cable,0
inc_01541,incident_tx_ip,TXNOC,2025,1,2,4,CRITICAL,FIBRA,ATTENUATION,ATTENUATION OVER THRESHOLD,network_002,branch_003,CLOSED,15.0,429.0,attenuation,1
inc_01542,incident_tx_ip,TXNOC,2025,1,2,4,MAJOR,MICROWAVE,BAD PERFORMANCE,IN SITE,network_001,branch_021,CLOSED,15.0,107.0,equipment_module,1
inc_01543,incident_tx_ip,TXNOC,2025,1,2,4,CRITICAL,FIBRA,LINK DOWN,CABLE BROKEN BACKBONE,network_002,branch_022,CLOSED,15.0,5.5,fiber_cable,0
inc_01544,incident_tx_ip,TXNOC,2025,1,2,4,CRITICAL,FIBRA,LINK DOWN,CABLE BROKEN BACKBONE,network_002,branch_029,CLOSED,15.0,3.0,fiber_cable,0
inc_01545,incident_tx_ip,TXNOC,2025,1,2,4,MAJOR,MICROWAVE,BAD PERFORMANCE,IN SITE,network_001,branch_008,CLOSED,15.0,2.0,equipment_module,0
inc_01546,incident_tx_ip,TXNOC,2025,1,2,4,MAJOR,MICROWAVE,LINK DOWN,IN SITE,network_001,branch_009,CLOSED,15.0,36.0,equipment_module,1
inc_01547,incident_tx_ip,TXNOC,2025,1,2,4,MAJOR,FIBRA,LINK DOWN,CABLE BROKEN BACKBONE,network_002,branch_018,CLOSED,21.0,1.0,fiber_cable,0
inc_01548,incident_tx_ip,TXNOC,2025,1,2,4,MAJOR,FIBRA,LINK DOWN,CABLE BROKEN BACKBONE,network_002,branch_018,CLOSED,21.0,30.0,fiber_cable,1
inc_01549,incident_tx_ip,TXNOC,2025,1,2,4,CRITICAL,FIBRA,LINK DOWN,CABLE BROKEN BACKBONE,network_002,branch_021,CLOSED,15.0,7.0,fiber_cable,0
inc_01550,incident_tx_ip,TXNOC,2025,1,2,4,MAJOR,MICROWAVE,LINK DOWN,IN SITE,network_001,branch_021,CLOSED,15.0,10.0,link_down,0
inc_01551,incident_tx_ip,TXNOC,2025,1,2,4,CRITICAL,FIBRA,LINK DOWN,CABLE BROKEN BACKBONE,network_002,branch_003,CLOSED,15.0,2.0,fiber_cable,0
inc_01552,incident_tx_ip,TXNOC,2025,1,2,4,CRITICAL,FIBRA,LINK DOWN,CABLE BROKEN BACKBONE,network_002,branch_019,CLOSED,15.0,4.83,fiber_cable,0
inc_01553,incident_tx_ip,TXNOC,2025,1,2,4,MAJOR,MICROWAVE,LINK DOWN,IN SITE,network_001,branch_011,CLOSED,15.0,6.0,equipment_module,0
inc_01554,incident_tx_ip,TXNOC,2025,1,2,4,CRITICAL,MICROWAVE,LINK DOWN,IN SITE,network_001,branch_011,CLOSED,15.0,0.0,equipment_module,0
inc_01555,incident_tx_ip,TXNOC,2025,1,2,4,MAJOR,MICROWAVE,BAD PERFORMANCE,IN SITE,network_001,branch_003,CLOSED,15.0,60.0,other,1
inc_01556,incident_tx_ip,TXNOC,2025,1,2,4,MAJOR,FIBRA,LINK DOWN,CABLE BROKEN BACKBONE,network_002,branch_008,CLOSED,15.0,10.0,fiber_cable,0
inc_01557,incident_tx_ip,TXNOC,2025,1,2,4,CRITICAL,FIBRA,LINK DOWN,CABLE BROKEN BACKBONE,network_002,branch_003,CLOSED,15.0,4.0,fiber_cable,0
inc_01558,incident_tx_ip,TXNOC,2025,1,2,4,MAJOR,FIBRA,ATTENUATION,ATTENUATION OVER THRESHOLD,network_002,branch_015,CLOSED,15.0,31.0,attenuation,1
inc_01559,incident_tx_ip,TXNOC,2025,1,2,4,CRITICAL,FIBRA,LINK DOWN,CABLE BROKEN BACKBONE,network_002,branch_016,CLOSED,14.0,6.5,fiber_cable,0
inc_01560,incident_tx_ip,TXNOC,2025,1,2,4,CRITICAL,FIBRA,LINK DOWN,CABLE BROKEN BACKBONE,network_002,branch_003,CLOSED,15.0,1.33,fiber_cable,0
inc_01561,incident_tx_ip,TXNOC,2025,1,2,5,CRITICAL,FIBRA,LINK DOWN,CABLE BROKEN BACKBONE,network_002,branch_012,CLOSED,15.0,3.0,fiber_cable,0
inc_01562,incident_tx_ip,TXNOC,2025,1,2,5,CRITICAL,FIBRA,LINK DOWN,CABLE BROKEN BACKBONE,network_002,branch_007,CLOSED,15.0,3.0,fiber_cable,0
inc_01563,incident_tx_ip,TXNOC,2025,1,2,5,CRITICAL,FIBRA,LINK DOWN,CABLE BROKEN BACKBONE,network_002,branch_008,CLOSED,15.0,10.0,fiber_cable,0
inc_01564,incident_tx_ip,TXNOC,2025,1,2,5,MAJOR,FIBRA,LINK DOWN,CABLE BROKEN BACKBONE,network_002,branch_019,CLOSED,15.0,7.17,fiber_cable,0
inc_01565,incident_tx_ip,TXNOC,2025,1,2,5,MAJOR,FIBRA,LINK DOWN,ATTENUATION OVER THRESHOLD,network_002,branch_018,CLOSED,21.0,9.5,fiber_cable,0
inc_01566,incident_tx_ip,TXNOC,2025,1,2,5,MAJOR,FIBRA,LINK DOWN,CABLE BROKEN BACKBONE,network_002,branch_003,CLOSED,15.0,6.0,fiber_cable,0
inc_01567,incident_tx_ip,TXNOC,2025,1,2,5,MAJOR,FIBRA,LINK DOWN,CABLE BROKEN ACCESS,network_002,branch_020,CLOSED,15.0,4.0,fiber_cable,0
inc_01568,incident_tx_ip,TXNOC,2025,1,2,5,MAJOR,FIBRA,LINK DOWN,CABLE BROKEN BACKBONE,network_002,branch_016,CLOSED,15.0,3.0,fiber_cable,0
inc_01569,incident_tx_ip,TXNOC,2025,1,2,5,MAJOR,FIBRA,LINK DOWN,ATTENUATION OVER THRESHOLD,network_002,branch_015,CLOSED,15.0,7.0,attenuation,0
inc_01570,incident_tx_ip,TXNOC,2025,1,2,5,CRITICAL,FIBRA,LINK DOWN,CABLE BROKEN BACKBONE,network_002,branch_017,CLOSED,15.0,2.67,fiber_cable,0
inc_01571,incident_tx_ip,TXNOC,2025,1,2,5,MAJOR,FIBRA,ATTENUATION,ATTENUATION NEAR TO THRESHOLD,network_002,branch_006,CLOSED,15.0,64.0,attenuation,1
inc_01572,incident_tx_ip,TXNOC,2025,1,2,5,CRITICAL,FIBRA,LINK DOWN,CABLE BROKEN BACKBONE,network_002,branch_005,CLOSED,15.0,8.0,fiber_cable,0
inc_01573,incident_tx_ip,TXNOC,2025,1,2,5,CRITICAL,FIBRA,LINK DOWN,CABLE BROKEN BACKBONE,network_002,branch_018,CLOSED,21.0,1.0,fiber_cable,0
inc_01574,incident_tx_ip,TXNOC,2025,1,2,5,CRITICAL,FIBRA,LINK DOWN,CABLE BROKEN BACKBONE,network_002,branch_002,CLOSED,15.0,0.0,fiber_cable,0
inc_01575,incident_tx_ip,TXNOC,2025,1,2,5,MAJOR,MICROWAVE,LINK DOWN,ATTENUATION OVER THRESHOLD,network_001,branch_013,CLOSED,15.0,6.0,equipment_module,0
inc_01576,incident_tx_ip,TXNOC,2025,1,2,5,MAJOR,MICROWAVE,LINK DOWN,IN SITE,network_001,branch_024,CLOSED,15.0,100.0,fiber_cable,1
inc_01577,incident_tx_ip,TXNOC,2025,1,2,5,MAJOR,MICROWAVE,LINK DOWN,IN SITE,network_001,branch_004,CLOSED,15.0,36.0,equipment_module,1
inc_01578,incident_tx_ip,TXNOC,2025,1,2,5,CRITICAL,FIBRA,LINK DOWN,CABLE BROKEN BACKBONE,network_002,branch_011,CLOSED,15.0,4.0,fiber_cable,0
inc_01579,incident_tx_ip,TXNOC,2025,1,2,5,MAJOR,MICROWAVE,BAD PERFORMANCE,IN SITE,network_001,branch_019,CLOSED,15.0,3.0,equipment_module,0
inc_01580,incident_tx_ip,TXNOC,2025,1,2,5,CRITICAL,FIBRA,LINK DOWN,CABLE BROKEN BACKBONE,network_002,branch_008,CLOSED,15.0,2.0,fiber_cable,0
inc_01581,incident_tx_ip,TXNOC,2025,1,2,5,CRITICAL,FIBRA,LINK DOWN,CABLE BROKEN BACKBONE,network_002,branch_014,CLOSED,15.0,3.5,fiber_cable,0
inc_01582,incident_tx_ip,TXNOC,2025,1,2,5,MAJOR,MICROWAVE,LINK DOWN,IN SITE,network_001,branch_022,CLOSED,15.0,26.0,equipment_module,1
inc_01583,incident_tx_ip,TXNOC,2025,1,2,5,CRITICAL,FIBRA,LINK DOWN,CABLE BROKEN BACKBONE,network_002,branch_017,CLOSED,15.0,17.0,fiber_cable,1
inc_01584,incident_tx_ip,TXNOC,2025,1,2,5,CRITICAL,FIBRA,LINK DOWN,CABLE BROKEN BACKBONE,network_002,branch_014,CLOSED,15.0,1.33,fiber_cable,0
inc_01585,incident_tx_ip,TXNOC,2025,1,2,5,CRITICAL,FIBRA,LINK DOWN,CABLE BROKEN BACKBONE,network_002,branch_018,CLOSED,21.0,0.5,fiber_cable,0
inc_01586,incident_tx_ip,TXNOC,2025,1,2,5,CRITICAL,MICROWAVE,LINK DOWN,CABLE BROKEN BACKBONE,network_001,branch_021,CLOSED,15.0,53.0,equipment_module,1
inc_01587,incident_tx_ip,TXNOC,2025,1,2,5,CRITICAL,MICROWAVE,BAD PERFORMANCE,ATTENUATION OVER THRESHOLD,network_001,branch_009,CLOSED,15.0,24.0,equipment_module,1
inc_01588,incident_tx_ip,TXNOC,2025,1,2,5,CRITICAL,FIBRA,LINK DOWN,CABLE BROKEN BACKBONE,network_002,branch_010,CLOSED,15.0,0.08,fiber_cable,0
inc_01589,incident_tx_ip,TXNOC,2025,1,2,5,CRITICAL,FIBRA,LINK DOWN,CABLE BROKEN BACKBONE,network_002,branch_003,CLOSED,15.0,3.0,fiber_cable,0
inc_01590,incident_tx_ip,TXNOC,2025,1,2,5,CRITICAL,FIBRA,LINK DOWN,CABLE BROKEN BACKBONE,network_002,branch_012,CLOSED,15.0,5.0,fiber_cable,0
inc_01591,incident_tx_ip,TXNOC,2025,1,2,5,MAJOR,FIBRA,LINK DOWN,IN SITE,network_002,branch_018,CLOSED,21.0,8.0,fiber_cable,0
inc_01592,incident_tx_ip,TXNOC,2025,1,2,5,MAJOR,FIBRA,LINK DOWN,IN SITE,network_002,branch_008,CLOSED,15.0,2.0,fiber_cable,0
inc_01593,incident_tx_ip,TXNOC,2025,1,2,5,MAJOR,FIBRA,LINK DOWN,IN SITE,network_002,branch_016,CLOSED,14.0,0.0,fiber_cable,0
inc_01594,incident_tx_ip,TXNOC,2025,1,2,5,CRITICAL,MICROWAVE,LINK DOWN,IN SITE,network_001,branch_004,CLOSED,15.0,11.0,equipment_module,0
inc_01595,incident_tx_ip,TXNOC,2025,1,2,5,CRITICAL,FIBRA,ATTENUATION,ATTENUATION NEAR TO THRESHOLD,network_002,branch_018,CLOSED,20.0,195.0,attenuation,1
inc_01596,incident_tx_ip,TXNOC,2025,1,2,5,CRITICAL,FIBRA,ATTENUATION,ATTENUATION OVER THRESHOLD,network_002,branch_012,CLOSED,15.0,7.67,attenuation,0
inc_01597,incident_tx_ip,TXNOC,2025,1,2,5,CRITICAL,FIBRA,LINK DOWN,CABLE BROKEN BACKBONE,network_002,branch_018,CLOSED,21.0,4.0,fiber_cable,0
inc_01598,incident_tx_ip,TXNOC,2025,1,2,5,MAJOR,MICROWAVE,BAD PERFORMANCE,IN SITE,network_001,branch_014,CLOSED,15.0,2.0,equipment_module,0
inc_01599,incident_tx_ip,TXNOC,2025,1,2,5,MAJOR,MICROWAVE,LINK DOWN,IN SITE,network_001,branch_021,CLOSED,15.0,11.0,equipment_module,0
inc_01600,incident_tx_ip,TXNOC,2025,1,2,6,CRITICAL,MICROWAVE,BAD PERFORMANCE,IN SITE,network_001,branch_013,CLOSED,15.0,1670.0,attenuation,1
inc_01601,incident_tx_ip,TXNOC,2025,1,2,6,CRITICAL,MICROWAVE,LINK DOWN,IN SITE,network_001,branch_012,CLOSED,15.0,100.0,equipment_module,1
inc_01602,incident_tx_ip,TXNOC,2025,1,2,6,MAJOR,MICROWAVE,BAD PERFORMANCE,IN SITE,network_001,branch_013,CLOSED,15.0,10.0,logical_config,0
inc_01603,incident_tx_ip,TXNOC,2025,1,2,6,CRITICAL,FIBRA,LINK DOWN,CABLE BROKEN BACKBONE,network_002,branch_007,CLOSED,15.0,5.0,fiber_cable,0
inc_01604,incident_tx_ip,TXNOC,2025,1,2,6,CRITICAL,MICROWAVE,LINK DOWN,IN SITE,network_001,branch_022,CLOSED,15.0,27.0,equipment_module,1
inc_01605,incident_tx_ip,TXNOC,2025,1,2,6,CRITICAL,FIBRA,LINK DOWN,CABLE BROKEN BACKBONE,network_002,branch_021,CLOSED,15.0,8.0,fiber_cable,0
inc_01606,incident_tx_ip,TXNOC,2025,1,2,6,CRITICAL,FIBRA,LINK DOWN,CABLE BROKEN BACKBONE,network_002,branch_018,CLOSED,20.0,0.0,fiber_cable,0
inc_01607,incident_tx_ip,TXNOC,2025,1,2,6,MAJOR,MICROWAVE,LINK DOWN,IN SITE,network_001,branch_028,CLOSED,15.0,16.0,equipment_module,1
inc_01608,incident_tx_ip,TXNOC,2025,1,2,6,CRITICAL,FIBRA,LINK DOWN,CABLE BROKEN BACKBONE,network_002,branch_003,CLOSED,15.0,3.0,fiber_cable,0
inc_01609,incident_tx_ip,TXNOC,2025,1,2,6,CRITICAL,FIBRA,LINK DOWN,CABLE BROKEN BACKBONE,network_002,branch_008,CLOSED,15.0,3.0,fiber_cable,0
inc_01610,incident_tx_ip,TXNOC,2025,1,2,6,CRITICAL,FIBRA,LINK DOWN,CABLE BROKEN BACKBONE,network_002,branch_030,CLOSED,14.0,4.25,fiber_cable,0
inc_01611,incident_tx_ip,TXNOC,2025,1,2,6,CRITICAL,FIBRA,LINK DOWN,CABLE BROKEN BACKBONE,network_002,branch_019,CLOSED,15.0,4.25,fiber_cable,0
inc_01612,incident_tx_ip,TXNOC,2025,1,2,6,MAJOR,MICROWAVE,LINK DOWN,CABLE BROKEN ACCESS,network_002,branch_014,CLOSED,15.0,15.0,equipment_module,0
inc_01613,incident_tx_ip,TXNOC,2025,1,2,6,MAJOR,MICROWAVE,LINK DOWN,IN SITE,network_001,branch_030,CLOSED,15.0,9.5,equipment_module,0
inc_01614,incident_tx_ip,TXNOC,2025,1,2,6,CRITICAL,FIBRA,LINK DOWN,ATTENUATION OVER THRESHOLD,network_002,branch_008,CLOSED,15.0,0.0,fiber_cable,0
inc_01615,incident_tx_ip,TXNOC,2025,1,2,6,CRITICAL,FIBRA,LINK DOWN,CABLE BROKEN BACKBONE,network_002,branch_011,CLOSED,15.0,0.0,fiber_cable,0
inc_01616,incident_tx_ip,TXNOC,2025,1,2,6,CRITICAL,FIBRA,LINK DOWN,CABLE BROKEN BACKBONE,network_002,branch_003,CLOSED,15.0,10.0,fiber_cable,0
inc_01617,incident_tx_ip,TXNOC,2025,1,2,6,CRITICAL,FIBRA,LINK DOWN,CABLE BROKEN BACKBONE,network_002,branch_022,CLOSED,15.0,4.0,fiber_cable,0
inc_01618,incident_tx_ip,TXNOC,2025,1,2,6,CRITICAL,MICROWAVE,LINK DOWN,IN SITE,network_001,branch_006,CLOSED,15.0,16.0,equipment_module,1
inc_01619,incident_tx_ip,TXNOC,2025,1,2,6,CRITICAL,FIBRA,LINK DOWN,ATTENUATION OVER THRESHOLD,network_002,branch_010,CLOSED,14.0,5.0,fiber_cable,0
inc_01620,incident_tx_ip,TXNOC,2025,1,2,6,CRITICAL,FIBRA,LINK DOWN,CABLE BROKEN BACKBONE,network_002,branch_018,CLOSED,21.0,4.0,fiber_cable,0
inc_01621,incident_tx_ip,TXNOC,2025,1,2,6,CRITICAL,FIBRA,LINK DOWN,CABLE BROKEN BACKBONE,network_002,branch_016,CLOSED,14.0,5.67,fiber_cable,0
inc_01622,incident_tx_ip,TXNOC,2025,1,2,6,CRITICAL,FIBRA,LINK DOWN,CABLE BROKEN BACKBONE,network_002,branch_018,CLOSED,21.0,9.5,fiber_cable,0
inc_01623,incident_tx_ip,TXNOC,2025,1,2,6,CRITICAL,FIBRA,LINK DOWN,CABLE BROKEN BACKBONE,network_002,branch_009,CLOSED,15.0,5.5,fiber_cable,0
inc_01624,incident_tx_ip,TXNOC,2025,1,2,6,CRITICAL,FIBRA,ATTENUATION,ATTENUATION OVER THRESHOLD,network_002,branch_009,CLOSED,15.0,4.0,attenuation,0
inc_01625,incident_tx_ip,TXNOC,2025,1,2,6,CRITICAL,FIBRA,LINK DOWN,CABLE BROKEN BACKBONE,network_002,branch_030,CLOSED,14.0,2.83,fiber_cable,0
inc_01626,incident_tx_ip,TXNOC,2025,1,2,6,CRITICAL,FIBRA,LINK DOWN,CABLE BROKEN BACKBONE,network_002,branch_022,CLOSED,15.0,6.0,fiber_cable,0
inc_01627,incident_tx_ip,TXNOC,2025,1,2,6,MAJOR,MICROWAVE,LINK DOWN,IN SITE,network_001,branch_004,CLOSED,15.0,35.0,link_down,1
inc_01628,incident_tx_ip,TXNOC,2025,1,2,6,MAJOR,MICROWAVE,LINK DOWN,IN SITE,network_001,branch_004,CLOSED,15.0,17.0,equipment_module,1
inc_01629,incident_tx_ip,TXNOC,2025,1,2,6,CRITICAL,FIBRA,ATTENUATION,ATTENUATION OVER THRESHOLD,network_002,branch_018,CLOSED,21.0,0.5,attenuation,0
inc_01630,incident_tx_ip,TXNOC,2025,1,2,6,CRITICAL,FIBRA,ATTENUATION,ATTENUATION NEAR TO THRESHOLD,network_002,branch_021,CLOSED,15.0,20.0,attenuation,1
inc_01631,incident_tx_ip,TXNOC,2025,1,2,6,CRITICAL,FIBRA,LINK DOWN,CABLE BROKEN BACKBONE,network_002,branch_011,CLOSED,14.0,4.5,fiber_cable,0
inc_01632,incident_tx_ip,TXNOC,2025,1,2,6,MAJOR,MICROWAVE,LINK DOWN,IN SITE,network_001,branch_012,CLOSED,15.0,30.0,link_down,1
inc_01633,incident_tx_ip,TXNOC,2025,1,2,7,MAJOR,MICROWAVE,BAD PERFORMANCE,IN SITE,network_001,branch_001,CLOSED,15.0,130.0,other,1
inc_01634,incident_tx_ip,TXNOC,2025,1,2,7,CRITICAL,FIBRA,LINK DOWN,CABLE BROKEN BACKBONE,network_002,branch_003,CLOSED,15.0,7.0,fiber_cable,0
inc_01635,incident_tx_ip,TXNOC,2025,1,2,7,MAJOR,MICROWAVE,BAD PERFORMANCE,IN SITE,network_001,branch_003,CLOSED,15.0,11.0,logical_config,0
inc_01636,incident_tx_ip,TXNOC,2025,1,2,7,CRITICAL,FIBRA,LINK DOWN,CABLE BROKEN BACKBONE,network_001,branch_003,CLOSED,15.0,3.0,fiber_cable,0
inc_01637,incident_tx_ip,TXNOC,2025,1,2,7,CRITICAL,FIBRA,LINK DOWN,IN SITE,network_002,branch_021,CLOSED,15.0,10.0,fiber_cable,0
inc_01638,incident_tx_ip,TXNOC,2025,1,2,7,MAJOR,MICROWAVE,BAD PERFORMANCE,ATTENUATION OVER THRESHOLD,network_001,branch_013,CLOSED,15.0,139.0,other,1
inc_01639,incident_tx_ip,TXNOC,2025,1,2,7,MAJOR,MICROWAVE,BAD PERFORMANCE,IN SITE,network_001,branch_013,CLOSED,15.0,67.0,equipment_module,1
inc_01640,incident_tx_ip,TXNOC,2025,1,2,7,CRITICAL,FIBRA,LINK DOWN,CABLE BROKEN BACKBONE,network_002,branch_017,CLOSED,15.0,8.75,fiber_cable,0
inc_01641,incident_tx_ip,TXNOC,2025,1,2,7,CRITICAL,FIBRA,LINK DOWN,CABLE BROKEN BACKBONE,network_002,branch_010,CLOSED,14.0,6.83,fiber_cable,0
inc_01642,incident_tx_ip,TXNOC,2025,1,2,7,MAJOR,MICROWAVE,LINK DOWN,IN SITE,network_001,branch_022,CLOSED,15.0,17.58,link_down,1
inc_01643,incident_tx_ip,TXNOC,2025,1,2,7,MAJOR,MICROWAVE,LINK DOWN,IN SITE,network_001,branch_010,CLOSED,15.0,35.83,equipment_module,1
inc_01644,incident_tx_ip,TXNOC,2025,1,2,7,CRITICAL,FIBRA,LINK DOWN,CABLE BROKEN BACKBONE,network_002,branch_018,CLOSED,21.0,4.5,fiber_cable,0
inc_01645,incident_tx_ip,TXNOC,2025,1,2,7,CRITICAL,FIBRA,LINK DOWN,CABLE BROKEN BACKBONE,network_002,branch_003,CLOSED,15.0,4.0,fiber_cable,0
inc_01646,incident_tx_ip,TXNOC,2025,1,2,7,CRITICAL,FIBRA,LINK DOWN,CABLE BROKEN BACKBONE,network_002,branch_022,CLOSED,15.0,1.33,fiber_cable,0
inc_01647,incident_tx_ip,TXNOC,2025,1,2,7,MAJOR,MICROWAVE,LINK DOWN,IN SITE,network_001,branch_002,CLOSED,15.0,106.0,equipment_module,1
inc_01648,incident_tx_ip,TXNOC,2025,1,2,7,CRITICAL,FIBRA,LINK DOWN,CABLE BROKEN BACKBONE,network_002,branch_025,CLOSED,14.0,4.0,fiber_cable,0
inc_01649,incident_tx_ip,TXNOC,2025,1,2,7,MAJOR,FIBRA,LINK DOWN,IN SITE,network_001,branch_009,CLOSED,15.0,10.0,fiber_cable,0
inc_01650,incident_tx_ip,TXNOC,2025,1,2,7,MAJOR,MICROWAVE,LINK DOWN,IN SITE,network_001,branch_021,CLOSED,15.0,40.0,equipment_module,1
inc_01651,incident_tx_ip,TXNOC,2025,1,2,7,MAJOR,MICROWAVE,BAD PERFORMANCE,IN SITE,network_001,branch_001,CLOSED,15.0,10.0,equipment_module,0
inc_01652,incident_tx_ip,TXNOC,2025,1,2,7,MAJOR,MICROWAVE,LINK DOWN,IN SITE,network_001,branch_001,CLOSED,15.0,13.83,equipment_module,0
inc_01653,incident_tx_ip,TXNOC,2025,1,2,7,MAJOR,MICROWAVE,BAD PERFORMANCE,IN SITE,network_001,branch_008,CLOSED,15.0,1554.75,attenuation,1
inc_01654,incident_tx_ip,TXNOC,2025,1,2,7,CRITICAL,FIBRA,LINK DOWN,CABLE BROKEN BACKBONE,network_002,branch_018,CLOSED,21.0,7.0,fiber_cable,0
inc_01655,incident_tx_ip,TXNOC,2025,1,2,7,CRITICAL,FIBRA,LINK DOWN,CABLE BROKEN BACKBONE,network_002,branch_010,CLOSED,15.0,7.33,fiber_cable,0
inc_01656,incident_tx_ip,TXNOC,2025,1,2,7,MAJOR,MICROWAVE,BAD PERFORMANCE,IN SITE,network_001,branch_005,CLOSED,15.0,35.33,other,1
inc_01657,incident_tx_ip,TXNOC,2025,1,2,7,CRITICAL,FIBRA,LINK DOWN,CABLE BROKEN BACKBONE,network_002,branch_010,CLOSED,15.0,2.33,fiber_cable,0
inc_01658,incident_tx_ip,TXNOC,2025,1,2,7,CRITICAL,FIBRA,LINK DOWN,CABLE BROKEN BACKBONE,network_002,branch_003,CLOSED,15.0,0.33,attenuation,0
inc_01659,incident_tx_ip,TXNOC,2025,1,2,7,CRITICAL,FIBRA,LINK DOWN,CABLE BROKEN BACKBONE,network_002,branch_015,CLOSED,15.0,6.17,fiber_cable,0
inc_01660,incident_tx_ip,TXNOC,2025,1,2,7,CRITICAL,FIBRA,LINK DOWN,CABLE BROKEN BACKBONE,network_002,branch_018,CLOSED,21.0,4.0,fiber_cable,0
inc_01661,incident_tx_ip,TXNOC,2025,1,2,7,CRITICAL,FIBRA,LINK DOWN,CABLE BROKEN BACKBONE,network_002,branch_018,CLOSED,20.0,9.0,fiber_cable,0
inc_01662,incident_tx_ip,TXNOC,2025,1,2,7,CRITICAL,FIBRA,LINK DOWN,CABLE BROKEN BACKBONE,network_002,branch_004,CLOSED,15.0,8.0,fiber_cable,0
inc_01663,incident_tx_ip,TXNOC,2025,1,2,7,MAJOR,FIBRA,LINK DOWN,CABLE BROKEN BACKBONE,network_002,branch_006,CLOSED,13.0,6.5,fiber_cable,0
inc_01664,incident_tx_ip,TXNOC,2025,1,2,7,MAJOR,MICROWAVE,LINK DOWN,IN SITE,network_001,branch_007,CLOSED,15.0,144.5,link_down,1
inc_01665,incident_tx_ip,TXNOC,2025,1,2,7,MAJOR,MICROWAVE,LINK DOWN,IN SITE,network_001,branch_007,CLOSED,15.0,214.5,equipment_module,1
inc_01666,incident_tx_ip,TXNOC,2025,1,2,7,MAJOR,MICROWAVE,LINK DOWN,IN SITE,network_001,branch_007,CLOSED,15.0,42.0,link_down,1
inc_01667,incident_tx_ip,TXNOC,2025,1,2,7,MAJOR,MICROWAVE,LINK DOWN,IN SITE,network_001,branch_009,CLOSED,15.0,24.5,link_down,1
inc_01668,incident_tx_ip,TXNOC,2025,1,2,7,MAJOR,MICROWAVE,LINK DOWN,IN SITE,network_001,branch_029,CLOSED,15.0,67.33,link_down,1
inc_01669,incident_tx_ip,TXNOC,2025,1,2,7,CRITICAL,FIBRA,LINK DOWN,CABLE BROKEN BACKBONE,network_002,branch_017,CLOSED,15.0,1.0,fiber_cable,0
inc_01670,incident_tx_ip,TXNOC,2025,1,2,7,CRITICAL,FIBRA,LINK DOWN,CABLE BROKEN BACKBONE,network_002,branch_010,CLOSED,15.0,35.0,attenuation,1
inc_01671,incident_tx_ip,TXNOC,2025,1,2,7,CRITICAL,FIBRA,LINK DOWN,CABLE BROKEN BACKBONE,network_002,branch_002,CLOSED,15.0,0.0,fiber_cable,0
inc_01672,incident_tx_ip,TXNOC,2025,1,2,7,CRITICAL,FIBRA,LINK DOWN,CABLE BROKEN BACKBONE,network_002,branch_018,CLOSED,20.0,2.0,fiber_cable,0
inc_01673,incident_tx_ip,TXNOC,2025,1,2,7,CRITICAL,MICROWAVE,LINK DOWN,IN SITE,network_001,branch_024,CLOSED,15.0,10.0,equipment_module,0
inc_01674,incident_tx_ip,TXNOC,2025,1,2,7,CRITICAL,FIBRA,LINK DOWN,CABLE BROKEN BACKBONE,network_002,branch_004,CLOSED,15.0,6.33,fiber_cable,0
inc_01675,incident_tx_ip,TXNOC,2025,1,2,7,CRITICAL,FIBRA,LINK DOWN,CABLE BROKEN BACKBONE,network_002,branch_018,CLOSED,21.0,4.5,fiber_cable,0
inc_01676,incident_tx_ip,TXNOC,2025,1,2,7,CRITICAL,FIBRA,LINK DOWN,CABLE BROKEN BACKBONE,network_002,branch_018,CLOSED,21.0,5.67,fiber_cable,0
inc_01677,incident_tx_ip,TXNOC,2025,1,2,7,MAJOR,MICROWAVE,LINK DOWN,IN SITE,network_001,branch_002,CLOSED,15.0,24.0,equipment_module,1
inc_01678,incident_tx_ip,TXNOC,2025,1,2,7,MAJOR,MICROWAVE,LINK DOWN,IN SITE,network_001,branch_012,CLOSED,15.0,29.0,equipment_module,1
inc_01679,incident_tx_ip,TXNOC,2025,1,2,7,CRITICAL,FIBRA,LINK DOWN,CABLE BROKEN BACKBONE,network_002,branch_014,CLOSED,15.0,0.0,fiber_cable,0
inc_01680,incident_tx_ip,TXNOC,2025,1,2,7,CRITICAL,FIBRA,LINK DOWN,CABLE BROKEN BACKBONE,network_002,branch_017,CLOSED,15.0,7.5,fiber_cable,0
inc_01681,incident_tx_ip,TXNOC,2025,1,2,7,CRITICAL,FIBRA,LINK DOWN,CABLE BROKEN BACKBONE,network_002,branch_003,CLOSED,15.0,7.83,fiber_cable,0
inc_01682,incident_tx_ip,TXNOC,2025,1,2,7,CRITICAL,FIBRA,LINK DOWN,CABLE BROKEN BACKBONE,network_002,branch_014,CLOSED,15.0,9.02,fiber_cable,0
inc_01683,incident_tx_ip,TXNOC,2025,1,2,7,CRITICAL,FIBRA,LINK DOWN,CABLE BROKEN BACKBONE,network_002,branch_011,CLOSED,15.0,6.33,fiber_cable,0
inc_01684,incident_tx_ip,TXNOC,2025,1,2,7,CRITICAL,FIBRA,LINK DOWN,CABLE BROKEN BACKBONE,network_002,branch_010,CLOSED,15.0,1.67,fiber_cable,0
inc_01685,incident_tx_ip,TXNOC,2025,1,2,7,MAJOR,MICROWAVE,LINK DOWN,IN SITE,network_001,branch_009,CLOSED,15.0,0.0,link_down,0
inc_01686,incident_tx_ip,TXNOC,2025,1,2,8,CRITICAL,FIBRA,LINK DOWN,CABLE BROKEN BACKBONE,network_002,branch_003,CLOSED,15.0,3.0,fiber_cable,0
inc_01687,incident_tx_ip,TXNOC,2025,1,2,8,MAJOR,MICROWAVE,LINK DOWN,IN SITE,network_001,branch_017,CLOSED,15.0,20.0,equipment_module,1
inc_01688,incident_tx_ip,TXNOC,2025,1,2,8,MAJOR,FIBRA,LINK DOWN,CABLE BROKEN BACKBONE,network_002,branch_001,CLOSED,15.0,8.5,fiber_cable,0
inc_01689,incident_tx_ip,TXNOC,2025,1,2,8,MAJOR,MICROWAVE,LINK DOWN,IN SITE,network_001,branch_008,CLOSED,15.0,30.5,equipment_module,1
inc_01690,incident_tx_ip,TXNOC,2025,1,2,8,MAJOR,MICROWAVE,LINK DOWN,IN SITE,network_001,branch_010,CLOSED,15.0,170.5,equipment_module,1
inc_01691,incident_tx_ip,TXNOC,2025,1,2,8,MAJOR,MICROWAVE,LINK DOWN,IN SITE,network_001,branch_023,CLOSED,15.0,10.0,equipment_module,0
inc_01692,incident_tx_ip,TXNOC,2025,1,2,8,CRITICAL,FIBRA,LINK DOWN,CABLE BROKEN BACKBONE,network_002,branch_005,CLOSED,15.0,9.0,fiber_cable,0
inc_01693,incident_tx_ip,TXNOC,2025,1,2,8,CRITICAL,FIBRA,LINK DOWN,CABLE BROKEN BACKBONE,network_002,branch_003,CLOSED,15.0,3.5,fiber_cable,0
inc_01694,incident_tx_ip,TXNOC,2025,1,2,8,CRITICAL,FIBRA,LINK DOWN,CABLE BROKEN BACKBONE,network_002,branch_003,CLOSED,15.0,9.33,fiber_cable,0
inc_01695,incident_tx_ip,TXNOC,2025,1,2,8,CRITICAL,FIBRA,LINK DOWN,CABLE BROKEN BACKBONE,network_002,branch_002,CLOSED,15.0,6.5,fiber_cable,0
inc_01696,incident_tx_ip,TXNOC,2025,1,2,8,CRITICAL,FIBRA,LINK DOWN,CABLE BROKEN BACKBONE,network_002,branch_017,CLOSED,15.0,4.5,fiber_cable,0
inc_01697,incident_tx_ip,TXNOC,2025,1,2,8,CRITICAL,FIBRA,LINK DOWN,CABLE BROKEN BACKBONE,network_002,branch_018,CLOSED,21.0,4.78,fiber_cable,0
inc_01698,incident_tx_ip,TXNOC,2025,1,2,8,CRITICAL,FIBRA,LINK DOWN,CABLE BROKEN BACKBONE,network_002,branch_002,CLOSED,15.0,8.83,fiber_cable,0
inc_01699,incident_tx_ip,TXNOC,2025,1,2,8,CRITICAL,FIBRA,LINK DOWN,CABLE BROKEN BACKBONE,network_002,branch_012,CLOSED,15.0,3.5,fiber_cable,0
inc_01700,incident_tx_ip,TXNOC,2025,1,2,8,CRITICAL,FIBRA,LINK DOWN,CABLE BROKEN BACKBONE,network_002,branch_003,CLOSED,15.0,2.0,fiber_cable,0
inc_01701,incident_tx_ip,TXNOC,2025,1,2,8,CRITICAL,FIBRA,LINK DOWN,CABLE BROKEN BACKBONE,network_002,branch_001,CLOSED,15.0,3.0,fiber_cable,0
inc_01702,incident_tx_ip,TXNOC,2025,1,2,8,CRITICAL,FIBRA,LINK DOWN,CABLE BROKEN BACKBONE,network_002,branch_001,CLOSED,15.0,4.0,fiber_cable,0
inc_01703,incident_tx_ip,TXNOC,2025,1,2,8,MAJOR,MICROWAVE,LINK DOWN,IN SITE,network_001,branch_007,CLOSED,15.0,59.83,equipment_module,1
inc_01704,incident_tx_ip,TXNOC,2025,1,2,8,CRITICAL,FIBRA,LINK DOWN,CABLE BROKEN BACKBONE,network_002,branch_032,CLOSED,22.0,280.0,fiber_cable,1
inc_01705,incident_tx_ip,TXNOC,2025,1,2,8,CRITICAL,FIBRA,LINK DOWN,CABLE BROKEN BACKBONE,network_002,branch_001,CLOSED,15.0,9.0,attenuation,0
inc_01706,incident_tx_ip,TXNOC,2025,1,2,8,MAJOR,FIBRA,ATTENUATION,ATTENUATION NEAR TO THRESHOLD,network_002,branch_010,CLOSED,15.0,769.0,attenuation,1
inc_01707,incident_tx_ip,TXNOC,2025,1,2,8,CRITICAL,FIBRA,LINK DOWN,CABLE BROKEN BACKBONE,network_002,branch_014,CLOSED,15.0,10.0,fiber_cable,0
inc_01708,incident_tx_ip,TXNOC,2025,1,2,8,CRITICAL,FIBRA,LINK DOWN,CABLE BROKEN BACKBONE,network_002,branch_003,CLOSED,15.0,9.33,fiber_cable,0
inc_01709,incident_tx_ip,TXNOC,2025,1,2,8,CRITICAL,MICROWAVE,LINK DOWN,IN SITE,network_001,branch_003,CLOSED,15.0,8.0,equipment_module,0
inc_01710,incident_tx_ip,TXNOC,2025,1,2,8,MAJOR,FIBRA,LINK DOWN,CABLE BROKEN BACKBONE,network_002,branch_018,CLOSED,21.0,6.33,fiber_cable,0
inc_01711,incident_tx_ip,TXNOC,2025,1,2,8,CRITICAL,FIBRA,LINK DOWN,CABLE BROKEN BACKBONE,network_002,branch_018,CLOSED,21.0,2.5,fiber_cable,0
inc_01712,incident_tx_ip,TXNOC,2025,1,2,8,MAJOR,MICROWAVE,LINK DOWN,IN SITE,network_001,branch_003,CLOSED,15.0,45.33,equipment_module,1
inc_01713,incident_tx_ip,TXNOC,2025,1,2,8,CRITICAL,FIBRA,LINK DOWN,CABLE BROKEN BACKBONE,network_002,branch_005,CLOSED,15.0,17.5,fiber_cable,1
inc_01714,incident_tx_ip,TXNOC,2025,1,2,8,MAJOR,FIBRA,ATTENUATION,ATTENUATION NEAR TO THRESHOLD,network_002,branch_020,CLOSED,15.0,6.17,attenuation,0
inc_01715,incident_tx_ip,TXNOC,2025,1,2,8,CRITICAL,FIBRA,LINK DOWN,CABLE BROKEN BACKBONE,network_002,branch_011,CLOSED,17.0,5.83,fiber_cable,0
inc_01716,incident_tx_ip,TXNOC,2025,1,2,8,CRITICAL,FIBRA,LINK DOWN,CABLE BROKEN BACKBONE,network_002,branch_005,CLOSED,15.0,8.58,fiber_cable,0
inc_01717,incident_tx_ip,TXNOC,2025,1,2,8,CRITICAL,FIBRA,LINK DOWN,CABLE BROKEN BACKBONE,network_002,branch_018,CLOSED,21.0,4.42,fiber_cable,0
inc_01718,incident_tx_ip,TXNOC,2025,1,2,8,MAJOR,MICROWAVE,BAD PERFORMANCE,IN SITE,network_001,branch_024,CLOSED,15.0,40.0,power_energy,1
inc_01719,incident_tx_ip,TXNOC,2025,1,3,8,MAJOR,MICROWAVE,LINK DOWN,IN SITE,network_001,branch_004,CLOSED,15.0,70.0,equipment_module,1
inc_01720,incident_tx_ip,TXNOC,2025,1,3,8,CRITICAL,FIBRA,LINK DOWN,CABLE BROKEN BACKBONE,network_002,branch_018,CLOSED,21.0,8.0,fiber_cable,0
inc_01721,incident_tx_ip,TXNOC,2025,1,3,8,CRITICAL,FIBRA,LINK DOWN,CABLE BROKEN BACKBONE,network_002,branch_003,CLOSED,15.0,6.5,fiber_cable,0
inc_01722,incident_tx_ip,TXNOC,2025,1,3,8,CRITICAL,FIBRA,LINK DOWN,CABLE BROKEN BACKBONE,network_002,branch_003,CLOSED,15.0,6.5,fiber_cable,0
inc_01723,incident_tx_ip,TXNOC,2025,1,3,8,CRITICAL,FIBRA,LINK DOWN,CABLE BROKEN BACKBONE,network_002,branch_017,CLOSED,15.0,4.5,fiber_cable,0
inc_01724,incident_tx_ip,TXNOC,2025,1,3,8,MAJOR,FIBRA,LINK DOWN,CABLE BROKEN BACKBONE,network_002,branch_018,CLOSED,21.0,0.5,fiber_cable,0
inc_01725,incident_tx_ip,TXNOC,2025,1,3,8,MAJOR,MICROWAVE,LINK DOWN,IN SITE,network_001,branch_004,CLOSED,15.0,29.0,equipment_module,1
inc_01726,incident_tx_ip,TXNOC,2025,1,3,8,MAJOR,MICROWAVE,LINK DOWN,IN SITE,network_001,branch_024,CLOSED,15.0,12.0,equipment_module,0
inc_01727,incident_tx_ip,TXNOC,2025,1,3,8,MAJOR,MICROWAVE,LINK DOWN,IN SITE,network_001,branch_011,CLOSED,15.0,89.0,equipment_module,1
inc_01728,incident_tx_ip,TXNOC,2025,1,3,8,MAJOR,FIBRA,LINK DOWN,ATTENUATION NEAR TO THRESHOLD,network_002,branch_005,CLOSED,15.0,10.0,attenuation,0
inc_01729,incident_tx_ip,TXNOC,2025,1,3,8,CRITICAL,FIBRA,LINK DOWN,CABLE BROKEN BACKBONE,network_002,branch_003,CLOSED,15.0,2.5,fiber_cable,0
inc_01730,incident_tx_ip,TXNOC,2025,1,3,8,CRITICAL,FIBRA,LINK DOWN,CABLE BROKEN BACKBONE,network_002,branch_022,CLOSED,15.0,6.33,fiber_cable,0
inc_01731,incident_tx_ip,TXNOC,2025,1,3,8,CRITICAL,FIBRA,LINK DOWN,CABLE BROKEN BACKBONE,network_002,branch_003,CLOSED,15.0,0.33,fiber_cable,0
inc_01732,incident_tx_ip,TXNOC,2025,1,3,8,MAJOR,MICROWAVE,LINK DOWN,IN SITE,network_001,branch_021,CLOSED,15.0,17.0,equipment_module,1
inc_01733,incident_tx_ip,TXNOC,2025,1,3,8,MAJOR,MICROWAVE,LINK DOWN,IN SITE,network_001,branch_024,CLOSED,15.0,20.0,power_energy,1
inc_01734,incident_tx_ip,TXNOC,2025,1,3,8,CRITICAL,FIBRA,LINK DOWN,CABLE BROKEN BACKBONE,network_002,branch_015,CLOSED,15.0,4.67,fiber_cable,0
inc_01735,incident_tx_ip,TXNOC,2025,1,3,8,MAJOR,MICROWAVE,LINK DOWN,IN SITE,network_001,branch_007,CLOSED,15.0,5.0,equipment_module,0
inc_01736,incident_tx_ip,TXNOC,2025,1,3,8,MAJOR,MICROWAVE,LINK DOWN,IN SITE,network_001,branch_001,CLOSED,15.0,6.83,equipment_module,0
inc_01737,incident_tx_ip,TXNOC,2025,1,3,8,CRITICAL,FIBRA,LINK DOWN,CABLE BROKEN BACKBONE,network_002,branch_020,CLOSED,15.0,1.0,fiber_cable,0
inc_01738,incident_tx_ip,TXNOC,2025,1,3,9,MAJOR,MICROWAVE,LINK DOWN,IN SITE,network_001,branch_007,CLOSED,15.0,48.0,equipment_module,1
inc_01739,incident_tx_ip,TXNOC,2025,1,3,9,CRITICAL,FIBRA,LINK DOWN,CABLE BROKEN BACKBONE,network_002,branch_018,CLOSED,21.0,8.0,fiber_cable,0
inc_01740,incident_tx_ip,TXNOC,2025,1,3,9,CRITICAL,FIBRA,LINK DOWN,CABLE BROKEN BACKBONE,network_002,branch_007,CLOSED,15.0,6.0,fiber_cable,0
inc_01741,incident_tx_ip,TXNOC,2025,1,3,9,CRITICAL,MICROWAVE,LINK DOWN,IN SITE,network_001,branch_019,CLOSED,18.0,31.0,equipment_module,1
inc_01742,incident_tx_ip,TXNOC,2025,1,3,9,CRITICAL,FIBRA,LINK DOWN,CABLE BROKEN BACKBONE,network_002,branch_003,CLOSED,15.0,7.0,fiber_cable,0
inc_01743,incident_tx_ip,TXNOC,2025,1,3,9,MAJOR,MICROWAVE,BAD PERFORMANCE,CABLE BROKEN BACKBONE,network_001,branch_021,CLOSED,15.0,30.0,equipment_module,1
inc_01744,incident_tx_ip,TXNOC,2025,1,3,9,CRITICAL,FIBRA,LINK DOWN,CABLE BROKEN BACKBONE,network_002,branch_001,CLOSED,15.0,7.0,fiber_cable,0
inc_01745,incident_tx_ip,TXNOC,2025,1,3,9,CRITICAL,FIBRA,LINK DOWN,CABLE BROKEN BACKBONE,network_002,branch_022,CLOSED,15.0,9.0,fiber_cable,0
inc_01746,incident_tx_ip,TXNOC,2025,1,3,9,MAJOR,FIBRA,LINK DOWN,CABLE BROKEN BACKBONE,network_002,branch_018,CLOSED,21.0,19.0,fiber_cable,0
inc_01747,incident_tx_ip,TXNOC,2025,1,3,9,CRITICAL,FIBRA,LINK DOWN,CABLE BROKEN BACKBONE,network_002,branch_003,CLOSED,15.0,3.0,fiber_cable,0
inc_01748,incident_tx_ip,TXNOC,2025,1,3,9,MAJOR,MICROWAVE,LINK DOWN,IN SITE,network_001,branch_029,CLOSED,15.0,40.0,equipment_module,1
inc_01749,incident_tx_ip,TXNOC,2025,1,3,9,MAJOR,FIBRA,ATTENUATION,ATTENUATION OVER THRESHOLD,network_002,branch_022,CLOSED,15.0,119.0,attenuation,1
inc_01750,incident_tx_ip,TXNOC,2025,1,3,9,MAJOR,FIBRA,ATTENUATION,ATTENUATION OVER THRESHOLD,network_002,branch_006,CLOSED,15.0,20.0,attenuation,1
inc_01751,incident_tx_ip,TXNOC,2025,1,3,9,CRITICAL,FIBRA,LINK DOWN,CABLE BROKEN BACKBONE,network_002,branch_015,CLOSED,15.0,7.0,fiber_cable,0
inc_01752,incident_tx_ip,TXNOC,2025,1,3,9,CRITICAL,FIBRA,LINK DOWN,CABLE BROKEN BACKBONE,network_002,branch_003,CLOSED,15.0,7.0,fiber_cable,0
inc_01753,incident_tx_ip,TXNOC,2025,1,3,9,MAJOR,FIBRA,LINK DOWN,CABLE BROKEN BACKBONE,network_002,branch_010,CLOSED,15.0,4.5,fiber_cable,0
inc_01754,incident_tx_ip,TXNOC,2025,1,3,9,MAJOR,FIBRA,LINK DOWN,CABLE BROKEN BACKBONE,network_002,branch_014,CLOSED,15.0,7.0,fiber_cable,0
inc_01755,incident_tx_ip,TXNOC,2025,1,3,9,MAJOR,FIBRA,LINK DOWN,CABLE BROKEN BACKBONE,network_002,branch_010,CLOSED,15.0,13.0,fiber_cable,0
inc_01756,incident_tx_ip,TXNOC,2025,1,3,9,MAJOR,FIBRA,ATTENUATION,ATTENUATION OVER THRESHOLD,network_002,branch_018,CLOSED,21.0,1452.49,attenuation,1
inc_01757,incident_tx_ip,TXNOC,2025,1,3,9,MAJOR,MICROWAVE,LINK DOWN,IN SITE,network_001,branch_006,CLOSED,15.0,17.0,equipment_module,1
inc_01758,incident_tx_ip,TXNOC,2025,1,3,9,MAJOR,MICROWAVE,BAD PERFORMANCE,IN SITE,network_001,branch_013,CLOSED,15.0,10.94,other,0
inc_01759,incident_tx_ip,TXNOC,2025,1,3,9,CRITICAL,FIBRA,LINK DOWN,CABLE BROKEN BACKBONE,network_002,branch_003,CLOSED,15.0,2.0,fiber_cable,0
inc_01760,incident_tx_ip,TXNOC,2025,1,3,9,CRITICAL,FIBRA,LINK DOWN,CABLE BROKEN BACKBONE,network_002,branch_003,CLOSED,15.0,7.5,fiber_cable,0
inc_01761,incident_tx_ip,TXNOC,2025,1,3,9,CRITICAL,FIBRA,LINK DOWN,CABLE BROKEN BACKBONE,network_002,branch_003,CLOSED,15.0,5.5,fiber_cable,0
inc_01762,incident_tx_ip,TXNOC,2025,1,3,9,CRITICAL,FIBRA,LINK DOWN,CABLE BROKEN BACKBONE,network_002,branch_016,CLOSED,15.0,0.0,fiber_cable,0
inc_01763,incident_tx_ip,TXNOC,2025,1,3,9,CRITICAL,FIBRA,LINK DOWN,IN SITE,network_001,branch_010,CLOSED,15.0,10.0,fiber_cable,0
inc_01764,incident_tx_ip,TXNOC,2025,1,3,9,CRITICAL,FIBRA,LINK DOWN,CABLE BROKEN BACKBONE,network_002,branch_001,CLOSED,15.0,0.73,fiber_cable,0
inc_01765,incident_tx_ip,TXNOC,2025,1,3,9,CRITICAL,FIBRA,LINK DOWN,CABLE BROKEN BACKBONE,network_002,branch_014,CLOSED,15.0,4.0,fiber_cable,0
inc_01766,incident_tx_ip,TXNOC,2025,1,3,9,CRITICAL,FIBRA,LINK DOWN,CABLE BROKEN BACKBONE,network_001,branch_018,CLOSED,21.0,7.0,fiber_cable,0
inc_01767,incident_tx_ip,TXNOC,2025,1,3,9,CRITICAL,FIBRA,BAD PERFORMANCE,ATTENUATION NEAR TO THRESHOLD,network_001,branch_022,CLOSED,15.0,6.5,attenuation,0
inc_01768,incident_tx_ip,TXNOC,2025,1,3,9,CRITICAL,FIBRA,LINK DOWN,CABLE BROKEN BACKBONE,network_001,branch_018,CLOSED,21.0,4.5,fiber_cable,0
inc_01769,incident_tx_ip,TXNOC,2025,1,3,9,MAJOR,MICROWAVE,LINK DOWN,IN SITE,network_001,branch_009,CLOSED,15.0,71.0,equipment_module,1
inc_01770,incident_tx_ip,TXNOC,2025,1,3,9,MAJOR,MICROWAVE,LINK DOWN,IN SITE,network_001,branch_008,CLOSED,15.0,195.0,equipment_module,1
inc_01771,incident_tx_ip,TXNOC,2025,1,3,9,CRITICAL,FIBRA,LINK DOWN,CABLE BROKEN BACKBONE,network_002,branch_015,CLOSED,15.0,15.5,fiber_cable,1
inc_01772,incident_tx_ip,TXNOC,2025,1,3,9,CRITICAL,FIBRA,LINK DOWN,CABLE BROKEN BACKBONE,network_002,branch_018,CLOSED,19.0,13.0,fiber_cable,0
inc_01773,incident_tx_ip,TXNOC,2025,1,3,9,CRITICAL,FIBRA,LINK DOWN,CABLE BROKEN BACKBONE,network_002,branch_003,CLOSED,15.0,50.0,attenuation,1
inc_01774,incident_tx_ip,TXNOC,2025,1,3,9,CRITICAL,FIBRA,LINK DOWN,CABLE BROKEN BACKBONE,network_002,branch_002,CLOSED,15.0,6.17,fiber_cable,0
inc_01775,incident_tx_ip,TXNOC,2025,1,3,9,CRITICAL,FIBRA,LINK DOWN,CABLE BROKEN BACKBONE,network_002,branch_003,CLOSED,15.0,2.25,fiber_cable,0
inc_01776,incident_tx_ip,TXNOC,2025,1,3,9,CRITICAL,MICROWAVE,LINK DOWN,CABLE BROKEN BACKBONE,network_002,branch_005,CLOSED,18.0,7.0,link_down,0
inc_01777,incident_tx_ip,TXNOC,2025,1,3,9,CRITICAL,FIBRA,LINK DOWN,CABLE BROKEN BACKBONE,network_002,branch_001,CLOSED,15.0,5.5,fiber_cable,0
inc_01778,incident_tx_ip,TXNOC,2025,1,3,9,CRITICAL,FIBRA,LINK DOWN,CABLE BROKEN BACKBONE,network_002,branch_014,CLOSED,15.0,7.0,fiber_cable,0
inc_01779,incident_tx_ip,TXNOC,2025,1,3,9,CRITICAL,FIBRA,LINK DOWN,CABLE BROKEN BACKBONE,network_002,branch_020,CLOSED,15.0,5.75,fiber_cable,0
inc_01780,incident_tx_ip,TXNOC,2025,1,3,9,CRITICAL,FIBRA,LINK DOWN,CABLE BROKEN BACKBONE,network_002,branch_014,CLOSED,15.0,6.5,fiber_cable,0
inc_01781,incident_tx_ip,TXNOC,2025,1,3,9,MAJOR,MICROWAVE,BAD PERFORMANCE,IN SITE,network_001,branch_001,CLOSED,15.0,151.0,logical_config,1
inc_01782,incident_tx_ip,TXNOC,2025,1,3,10,MAJOR,FIBRA,LINK DOWN,CABLE BROKEN BACKBONE,network_002,branch_016,CLOSED,15.0,4.67,fiber_cable,0
inc_01783,incident_tx_ip,TXNOC,2025,1,3,10,MAJOR,FIBRA,LINK DOWN,CABLE BROKEN BACKBONE,network_002,branch_007,CLOSED,7.0,109.0,fiber_cable,1
inc_01784,incident_tx_ip,TXNOC,2025,1,3,10,CRITICAL,FIBRA,LINK DOWN,CABLE BROKEN BACKBONE,network_002,branch_022,CLOSED,15.0,6.17,fiber_cable,0
inc_01785,incident_tx_ip,TXNOC,2025,1,3,10,MAJOR,MICROWAVE,LINK DOWN,IN SITE,network_001,branch_017,CLOSED,15.0,7.0,equipment_module,0
inc_01786,incident_tx_ip,TXNOC,2025,1,3,10,CRITICAL,FIBRA,LINK DOWN,CABLE BROKEN BACKBONE,network_002,branch_010,CLOSED,15.0,0.33,fiber_cable,0
inc_01787,incident_tx_ip,TXNOC,2025,1,3,10,CRITICAL,FIBRA,LINK DOWN,CABLE BROKEN BACKBONE,network_002,branch_014,CLOSED,15.0,11.83,fiber_cable,0
inc_01788,incident_tx_ip,TXNOC,2025,1,3,10,CRITICAL,FIBRA,ATTENUATION,CABLE BROKEN BACKBONE,network_002,branch_022,CLOSED,15.0,10.0,attenuation,0
inc_01789,incident_tx_ip,TXNOC,2025,1,3,10,CRITICAL,FIBRA,ATTENUATION,ATTENUATION NEAR TO THRESHOLD,network_002,branch_009,CLOSED,15.0,48.0,attenuation,1
inc_01790,incident_tx_ip,TXNOC,2025,1,3,10,CRITICAL,FIBRA,LINK DOWN,CABLE BROKEN BACKBONE,network_002,branch_022,CLOSED,15.0,5.0,fiber_cable,0
inc_01791,incident_tx_ip,TXNOC,2025,1,3,10,CRITICAL,FIBRA,LINK DOWN,CABLE BROKEN BACKBONE,network_002,branch_009,CLOSED,15.0,32.0,fiber_cable,1
inc_01792,incident_tx_ip,TXNOC,2025,1,3,10,CRITICAL,FIBRA,BAD PERFORMANCE,CABLE BROKEN BACKBONE,network_002,branch_011,CLOSED,15.0,339.0,fiber_cable,1
inc_01793,incident_tx_ip,TXNOC,2025,1,3,10,CRITICAL,FIBRA,LINK DOWN,CABLE BROKEN BACKBONE,network_002,branch_018,CLOSED,21.0,0.5,fiber_cable,0
inc_01794,incident_tx_ip,TXNOC,2025,1,3,10,CRITICAL,FIBRA,LINK DOWN,CABLE BROKEN BACKBONE,network_002,branch_001,CLOSED,15.0,13.5,fiber_cable,0
inc_01795,incident_tx_ip,TXNOC,2025,1,3,10,CRITICAL,FIBRA,LINK DOWN,CABLE BROKEN BACKBONE,network_002,branch_018,CLOSED,21.0,9.0,fiber_cable,0
inc_01796,incident_tx_ip,TXNOC,2025,1,3,10,CRITICAL,FIBRA,LINK DOWN,CABLE BROKEN BACKBONE,network_002,branch_003,CLOSED,15.0,8.5,fiber_cable,0
inc_01797,incident_tx_ip,TXNOC,2025,1,3,10,CRITICAL,FIBRA,LINK DOWN,CABLE BROKEN BACKBONE,network_002,branch_011,CLOSED,18.0,15.5,fiber_cable,0
inc_01798,incident_tx_ip,TXNOC,2025,1,3,10,CRITICAL,FIBRA,LINK DOWN,CABLE BROKEN BACKBONE,network_002,branch_007,CLOSED,15.0,63.5,fiber_cable,1
inc_01799,incident_tx_ip,TXNOC,2025,1,3,10,CRITICAL,FIBRA,BAD PERFORMANCE,ATTENUATION NEAR TO THRESHOLD,network_002,branch_022,CLOSED,15.0,0.0,attenuation,0
inc_01800,incident_tx_ip,TXNOC,2025,1,3,10,CRITICAL,FIBRA,ATTENUATION,IN SITE,network_002,branch_011,CLOSED,15.0,60.0,attenuation,1
inc_01801,incident_tx_ip,TXNOC,2025,1,3,10,CRITICAL,FIBRA,LINK DOWN,CABLE BROKEN BACKBONE,network_002,branch_022,CLOSED,15.0,1.0,attenuation,0
inc_01802,incident_tx_ip,TXNOC,2025,1,3,10,CRITICAL,FIBRA,LINK DOWN,CABLE BROKEN BACKBONE,network_002,branch_004,CLOSED,15.0,18.0,fiber_cable,1
inc_01803,incident_tx_ip,TXNOC,2025,1,3,10,CRITICAL,FIBRA,LINK DOWN,CABLE BROKEN BACKBONE,network_002,branch_018,CLOSED,21.0,5.0,fiber_cable,0
inc_01804,incident_tx_ip,TXNOC,2025,1,3,10,CRITICAL,FIBRA,LINK DOWN,IN SITE,network_001,branch_021,CLOSED,15.0,10.0,fiber_cable,0
inc_01805,incident_tx_ip,TXNOC,2025,1,3,10,MAJOR,FIBRA,LINK DOWN,CABLE BROKEN BACKBONE,network_002,branch_005,CLOSED,15.0,2.0,fiber_cable,0
inc_01806,incident_tx_ip,TXNOC,2025,1,3,10,MAJOR,MICROWAVE,BAD PERFORMANCE,IN SITE,network_001,branch_004,CLOSED,15.0,131.33,link_down,1
inc_01807,incident_tx_ip,TXNOC,2025,1,3,10,CRITICAL,FIBRA,LINK DOWN,CABLE BROKEN BACKBONE,network_002,branch_018,CLOSED,21.0,16.33,fiber_cable,0
inc_01808,incident_tx_ip,TXNOC,2025,1,3,10,CRITICAL,FIBRA,LINK DOWN,CABLE BROKEN BACKBONE,network_002,branch_025,CLOSED,15.0,11.17,fiber_cable,0
inc_01809,incident_tx_ip,TXNOC,2025,1,3,10,MAJOR,MICROWAVE,LINK DOWN,IN SITE,network_001,branch_012,CLOSED,15.0,20.0,link_down,1
inc_01810,incident_tx_ip,TXNOC,2025,1,3,10,MAJOR,MICROWAVE,LINK DOWN,IN SITE,network_001,branch_012,CLOSED,15.0,170.0,attenuation,1
inc_01811,incident_tx_ip,TXNOC,2025,1,3,10,CRITICAL,FIBRA,LINK DOWN,CABLE BROKEN BACKBONE,network_002,branch_001,CLOSED,15.0,1.17,fiber_cable,0
inc_01812,incident_tx_ip,TXNOC,2025,1,3,10,MAJOR,MICROWAVE,BAD PERFORMANCE,IN SITE,network_001,branch_003,CLOSED,15.0,67.0,equipment_module,1
inc_01813,incident_tx_ip,TXNOC,2025,1,3,10,CRITICAL,FIBRA,LINK DOWN,CABLE BROKEN BACKBONE,network_002,branch_017,CLOSED,15.0,13.72,fiber_cable,0
inc_01814,incident_tx_ip,TXNOC,2025,1,3,10,CRITICAL,FIBRA,LINK DOWN,IN SITE,network_002,branch_015,CLOSED,15.0,3.5,fiber_cable,0
inc_01815,incident_tx_ip,TXNOC,2025,1,3,10,CRITICAL,FIBRA,LINK DOWN,CABLE BROKEN BACKBONE,network_002,branch_003,CLOSED,15.0,3.5,fiber_cable,0
inc_01816,incident_tx_ip,TXNOC,2025,1,3,10,MAJOR,MICROWAVE,LINK DOWN,IN SITE,network_001,branch_016,CLOSED,15.0,6.0,equipment_module,0
inc_01817,incident_tx_ip,TXNOC,2025,1,3,10,CRITICAL,FIBRA,LINK DOWN,CABLE BROKEN BACKBONE,network_002,branch_020,CLOSED,15.0,10.0,fiber_cable,0
inc_01818,incident_tx_ip,TXNOC,2025,1,3,10,CRITICAL,MICROWAVE,BAD PERFORMANCE,IN SITE,network_001,branch_007,CLOSED,15.0,10.0,equipment_module,0
inc_01819,incident_tx_ip,TXNOC,2025,1,3,10,MAJOR,MICROWAVE,LINK DOWN,IN SITE,network_001,branch_012,CLOSED,15.0,10.0,equipment_module,0
inc_01820,incident_tx_ip,TXNOC,2025,1,3,10,CRITICAL,FIBRA,LINK DOWN,CABLE BROKEN BACKBONE,network_002,branch_020,CLOSED,15.0,0.5,fiber_cable,0
inc_01821,incident_tx_ip,TXNOC,2025,1,3,11,CRITICAL,FIBRA,LINK DOWN,CABLE BROKEN BACKBONE,network_002,branch_005,CLOSED,15.0,6.0,fiber_cable,0
inc_01822,incident_tx_ip,TXNOC,2025,1,3,11,CRITICAL,FIBRA,ATTENUATION,IN SITE,network_002,branch_015,CLOSED,15.0,90.0,attenuation,1
inc_01823,incident_tx_ip,TXNOC,2025,1,3,11,CRITICAL,FIBRA,LINK DOWN,CABLE BROKEN BACKBONE,network_002,branch_016,CLOSED,15.0,8.0,fiber_cable,0
inc_01824,incident_tx_ip,TXNOC,2025,1,3,11,CRITICAL,FIBRA,LINK DOWN,CABLE BROKEN BACKBONE,network_002,branch_002,CLOSED,15.0,5.0,fiber_cable,0
inc_01825,incident_tx_ip,TXNOC,2025,1,3,11,CRITICAL,FIBRA,LINK DOWN,CABLE BROKEN BACKBONE,network_002,branch_018,CLOSED,21.0,0.5,fiber_cable,0
inc_01826,incident_tx_ip,TXNOC,2025,1,3,11,MAJOR,MICROWAVE,LINK DOWN,IN SITE,network_001,branch_001,CLOSED,15.0,10.0,equipment_module,0
inc_01827,incident_tx_ip,TXNOC,2025,1,3,11,MAJOR,MICROWAVE,LINK DOWN,IN SITE,network_001,branch_001,CLOSED,19.0,10.0,power_energy,0
inc_01828,incident_tx_ip,TXNOC,2025,1,3,11,MAJOR,FIBRA,LINK DOWN,ATTENUATION NEAR TO THRESHOLD,network_002,branch_016,CLOSED,15.0,173.0,attenuation,1
inc_01829,incident_tx_ip,TXNOC,2025,1,3,11,MAJOR,MICROWAVE,LINK DOWN,IN SITE,network_001,branch_017,CLOSED,15.0,4.0,equipment_module,0
inc_01830,incident_tx_ip,TXNOC,2025,1,3,11,MAJOR,MICROWAVE,LINK DOWN,IN SITE,network_001,branch_008,CLOSED,15.0,20.0,link_down,1
inc_01831,incident_tx_ip,TXNOC,2025,1,3,11,MAJOR,FIBRA,LINK DOWN,ATTENUATION NEAR TO THRESHOLD,network_002,branch_014,CLOSED,15.0,21.0,attenuation,1
inc_01832,incident_tx_ip,TXNOC,2025,1,3,11,MAJOR,FIBRA,BAD PERFORMANCE,ATTENUATION OVER THRESHOLD,network_002,branch_007,CLOSED,15.0,94.0,attenuation,1
inc_01833,incident_tx_ip,TXNOC,2025,1,3,11,CRITICAL,FIBRA,LINK DOWN,CABLE BROKEN BACKBONE,network_002,branch_003,CLOSED,15.0,5.17,fiber_cable,0
inc_01834,incident_tx_ip,TXNOC,2025,1,3,11,MAJOR,MICROWAVE,LINK DOWN,IN SITE,network_001,branch_005,CLOSED,19.0,34.0,equipment_module,1
inc_01835,incident_tx_ip,TXNOC,2025,1,3,11,CRITICAL,FIBRA,LINK DOWN,CABLE BROKEN BACKBONE,network_002,branch_017,CLOSED,15.0,5.0,fiber_cable,0
inc_01836,incident_tx_ip,TXNOC,2025,1,3,11,CRITICAL,FIBRA,LINK DOWN,CABLE BROKEN BACKBONE,network_002,branch_007,CLOSED,15.0,60.0,attenuation,1
inc_01837,incident_tx_ip,TXNOC,2025,1,3,11,CRITICAL,FIBRA,LINK DOWN,CABLE BROKEN BACKBONE,network_002,branch_007,CLOSED,15.0,20.0,attenuation,1
inc_01838,incident_tx_ip,TXNOC,2025,1,3,11,CRITICAL,FIBRA,LINK DOWN,CABLE BROKEN BACKBONE,network_002,branch_018,CLOSED,21.0,5.0,fiber_cable,0
inc_01839,incident_tx_ip,TXNOC,2025,1,3,11,CRITICAL,FIBRA,LINK DOWN,CABLE BROKEN BACKBONE,network_002,branch_018,CLOSED,21.0,3.0,fiber_cable,0
inc_01840,incident_tx_ip,TXNOC,2025,1,3,11,CRITICAL,FIBRA,LINK DOWN,CABLE BROKEN BACKBONE,network_002,branch_005,CLOSED,15.0,8.0,fiber_cable,0
inc_01841,incident_tx_ip,TXNOC,2025,1,3,11,CRITICAL,FIBRA,LINK DOWN,CABLE BROKEN BACKBONE,network_002,branch_018,CLOSED,21.0,0.0,fiber_cable,0
inc_01842,incident_tx_ip,TXNOC,2025,1,3,11,CRITICAL,FIBRA,LINK DOWN,CABLE BROKEN BACKBONE,network_002,branch_018,CLOSED,21.0,20.0,fiber_cable,0
inc_01843,incident_tx_ip,TXNOC,2025,1,3,11,MAJOR,FIBRA,LINK DOWN,CABLE BROKEN BACKBONE,network_002,branch_018,CLOSED,21.0,5.5,fiber_cable,0
inc_01844,incident_tx_ip,TXNOC,2025,1,3,11,CRITICAL,FIBRA,LINK DOWN,CABLE BROKEN BACKBONE,network_002,branch_003,CLOSED,15.0,4.5,fiber_cable,0
inc_01845,incident_tx_ip,TXNOC,2025,1,3,11,MAJOR,MICROWAVE,BAD PERFORMANCE,IN SITE,network_001,branch_005,CLOSED,15.0,54.5,equipment_module,1
inc_01846,incident_tx_ip,TXNOC,2025,1,3,11,MAJOR,FIBRA,LINK DOWN,CABLE BROKEN BACKBONE,network_002,branch_015,CLOSED,15.0,3.33,fiber_cable,0
inc_01847,incident_tx_ip,TXNOC,2025,1,3,11,MAJOR,FIBRA,LINK DOWN,CABLE BROKEN BACKBONE,network_002,branch_010,CLOSED,15.0,3.33,fiber_cable,0
inc_01848,incident_tx_ip,TXNOC,2025,1,3,11,MAJOR,FIBRA,LINK DOWN,CABLE BROKEN BACKBONE,network_002,branch_008,CLOSED,15.0,2.67,fiber_cable,0
inc_01849,incident_tx_ip,TXNOC,2025,1,3,11,MAJOR,FIBRA,LINK DOWN,CABLE BROKEN BACKBONE,network_002,branch_014,CLOSED,15.0,1.0,fiber_cable,0
inc_01850,incident_tx_ip,TXNOC,2025,1,3,11,MAJOR,MICROWAVE,BAD PERFORMANCE,IN SITE,network_001,branch_012,CLOSED,15.0,63.0,equipment_module,1
inc_01851,incident_tx_ip,TXNOC,2025,1,3,11,MAJOR,FIBRA,ATTENUATION,IN SITE,network_002,branch_007,CLOSED,15.0,70.0,attenuation,1
inc_01852,incident_tx_ip,TXNOC,2025,1,3,11,CRITICAL,FIBRA,LINK DOWN,CABLE BROKEN BACKBONE,network_002,branch_030,CLOSED,18.0,10.0,fiber_cable,0
inc_01853,incident_tx_ip,TXNOC,2025,1,3,11,CRITICAL,FIBRA,LINK DOWN,CABLE BROKEN BACKBONE,network_002,branch_001,CLOSED,15.0,4.0,fiber_cable,0
inc_01854,incident_tx_ip,TXNOC,2025,1,3,11,MAJOR,FIBRA,LINK DOWN,CABLE BROKEN BACKBONE,network_002,branch_017,CLOSED,15.0,6.0,fiber_cable,0
inc_01855,incident_tx_ip,TXNOC,2025,1,3,11,MAJOR,FIBRA,ATTENUATION,ATTENUATION OVER THRESHOLD,network_002,branch_003,CLOSED,15.0,10.0,attenuation,0
inc_01856,incident_tx_ip,TXNOC,2025,1,3,11,MAJOR,FIBRA,ATTENUATION,ATTENUATION OVER THRESHOLD,network_002,branch_001,CLOSED,15.0,4.0,attenuation,0
inc_01857,incident_tx_ip,TXNOC,2025,1,3,11,CRITICAL,FIBRA,LINK DOWN,CABLE BROKEN BACKBONE,network_002,branch_003,CLOSED,15.0,6.83,fiber_cable,0
inc_01858,incident_tx_ip,TXNOC,2025,1,3,11,CRITICAL,FIBRA,LINK DOWN,CABLE BROKEN BACKBONE,network_002,branch_004,CLOSED,15.0,5.67,fiber_cable,0
inc_01859,incident_tx_ip,TXNOC,2025,1,3,11,CRITICAL,FIBRA,LINK DOWN,CABLE BROKEN BACKBONE,network_002,branch_018,CLOSED,20.0,5.08,fiber_cable,0
inc_01860,incident_tx_ip,TXNOC,2025,1,3,11,MAJOR,MICROWAVE,LINK DOWN,IN SITE,network_001,branch_010,CLOSED,15.0,81.67,equipment_module,1
inc_01861,incident_tx_ip,TXNOC,2025,1,3,11,CRITICAL,FIBRA,LINK DOWN,CABLE BROKEN BACKBONE,network_002,branch_011,CLOSED,14.0,20.83,fiber_cable,1
inc_01862,incident_tx_ip,TXNOC,2025,1,3,11,CRITICAL,FIBRA,LINK DOWN,CABLE BROKEN BACKBONE,network_002,branch_009,CLOSED,15.0,10.0,fiber_cable,0
inc_01863,incident_tx_ip,TXNOC,2025,1,3,11,MAJOR,MICROWAVE,LINK DOWN,IN SITE,network_001,branch_024,CLOSED,7.0,4.0,equipment_module,0
inc_01864,incident_tx_ip,TXNOC,2025,1,3,11,CRITICAL,FIBRA,LINK DOWN,CABLE BROKEN BACKBONE,network_002,branch_020,CLOSED,15.0,10.0,fiber_cable,0
inc_01865,incident_tx_ip,TXNOC,2025,1,3,11,MAJOR,MICROWAVE,LINK DOWN,IN SITE,network_001,branch_019,CLOSED,15.0,10.5,equipment_module,0
inc_01866,incident_tx_ip,TXNOC,2025,1,3,11,MAJOR,MICROWAVE,LINK DOWN,IN SITE,network_001,branch_006,CLOSED,15.0,34.33,equipment_module,1
inc_01867,incident_tx_ip,TXNOC,2025,1,3,12,CRITICAL,FIBRA,LINK DOWN,CABLE BROKEN BACKBONE,network_002,branch_003,CLOSED,15.0,3.5,fiber_cable,0
inc_01868,incident_tx_ip,TXNOC,2025,1,3,12,CRITICAL,FIBRA,LINK DOWN,CABLE BROKEN BACKBONE,network_002,branch_003,CLOSED,15.0,7.5,fiber_cable,0
inc_01869,incident_tx_ip,TXNOC,2025,1,3,12,CRITICAL,MICROWAVE,BAD PERFORMANCE,IN SITE,network_001,branch_024,CLOSED,15.0,71.67,other,1
inc_01870,incident_tx_ip,TXNOC,2025,1,3,12,CRITICAL,FIBRA,LINK DOWN,CABLE BROKEN BACKBONE,network_002,branch_017,CLOSED,15.0,11.17,fiber_cable,0
inc_01871,incident_tx_ip,TXNOC,2025,1,3,12,MAJOR,MICROWAVE,LINK DOWN,IN SITE,network_001,branch_001,CLOSED,15.0,8.5,link_down,0
inc_01872,incident_tx_ip,TXNOC,2025,1,3,12,MINOR,FIBRA,LINK DOWN,IN SITE,network_001,branch_014,CLOSED,15.0,4.5,fiber_cable,0
inc_01873,incident_tx_ip,TXNOC,2025,1,3,12,CRITICAL,FIBRA,LINK DOWN,CABLE BROKEN BACKBONE,network_002,branch_018,CLOSED,21.0,6.0,fiber_cable,0
inc_01874,incident_tx_ip,TXNOC,2025,1,3,12,MAJOR,FIBRA,ATTENUATION,ATTENUATION NEAR TO THRESHOLD,network_002,branch_001,CLOSED,15.0,22.0,attenuation,1
inc_01875,incident_tx_ip,TXNOC,2025,1,3,12,CRITICAL,FIBRA,LINK DOWN,CABLE BROKEN BACKBONE,network_002,branch_015,CLOSED,15.0,5.67,fiber_cable,0
inc_01876,incident_tx_ip,TXNOC,2025,1,3,12,CRITICAL,FIBRA,LINK DOWN,CABLE BROKEN BACKBONE,network_002,branch_009,CLOSED,15.0,2.32,fiber_cable,0
inc_01877,incident_tx_ip,TXNOC,2025,1,3,12,CRITICAL,FIBRA,LINK DOWN,CABLE BROKEN BACKBONE,network_002,branch_003,CLOSED,15.0,4.0,fiber_cable,0
inc_01878,incident_tx_ip,TXNOC,2025,1,3,12,CRITICAL,FIBRA,LINK DOWN,CABLE BROKEN BACKBONE,network_002,branch_009,CLOSED,15.0,12.0,fiber_cable,0
inc_01879,incident_tx_ip,TXNOC,2025,1,3,12,CRITICAL,FIBRA,LINK DOWN,CABLE BROKEN BACKBONE,network_002,branch_016,CLOSED,7.0,7.0,fiber_cable,0
inc_01880,incident_tx_ip,TXNOC,2025,1,3,12,MAJOR,MICROWAVE,BAD PERFORMANCE,IN SITE,network_001,branch_003,CLOSED,15.0,30.0,other,1
inc_01881,incident_tx_ip,TXNOC,2025,1,3,12,CRITICAL,FIBRA,LINK DOWN,CABLE BROKEN BACKBONE,network_002,branch_014,CLOSED,15.0,7.33,fiber_cable,0
inc_01882,incident_tx_ip,TXNOC,2025,1,3,12,CRITICAL,FIBRA,LINK DOWN,CABLE BROKEN BACKBONE,network_002,branch_011,CLOSED,15.0,7.17,fiber_cable,0
inc_01883,incident_tx_ip,TXNOC,2025,1,3,12,MAJOR,MICROWAVE,LINK DOWN,IN SITE,network_001,branch_004,CLOSED,15.0,15.0,equipment_module,0
inc_01884,incident_tx_ip,TXNOC,2025,1,3,12,MAJOR,MICROWAVE,BAD PERFORMANCE,IN SITE,network_001,branch_004,CLOSED,15.0,5.0,other,0
inc_01885,incident_tx_ip,TXNOC,2025,1,3,12,CRITICAL,FIBRA,BAD PERFORMANCE,CABLE BROKEN BACKBONE,network_002,branch_014,CLOSED,15.0,2.67,fiber_cable,0
inc_01886,incident_tx_ip,TXNOC,2025,1,3,12,CRITICAL,FIBRA,LINK DOWN,CABLE BROKEN BACKBONE,network_002,branch_008,CLOSED,15.0,0.5,fiber_cable,0
inc_01887,incident_tx_ip,TXNOC,2025,2,4,12,CRITICAL,FIBRA,LINK DOWN,CABLE BROKEN BACKBONE,network_002,branch_001,CLOSED,15.0,4.17,fiber_cable,0
inc_01888,incident_tx_ip,TXNOC,2025,2,4,12,CRITICAL,FIBRA,LINK DOWN,CABLE BROKEN BACKBONE,network_002,branch_017,CLOSED,15.0,11.0,fiber_cable,0
inc_01889,incident_tx_ip,TXNOC,2025,2,4,12,CRITICAL,FIBRA,LINK DOWN,CABLE BROKEN BACKBONE,network_002,branch_011,CLOSED,15.0,5.17,fiber_cable,0
inc_01890,incident_tx_ip,TXNOC,2025,2,4,12,CRITICAL,FIBRA,LINK DOWN,CABLE BROKEN BACKBONE,network_002,branch_014,CLOSED,15.0,6.5,fiber_cable,0
inc_01891,incident_tx_ip,TXNOC,2025,2,4,12,CRITICAL,FIBRA,LINK DOWN,CABLE BROKEN BACKBONE,network_002,branch_010,CLOSED,15.0,5.5,fiber_cable,0
inc_01892,incident_tx_ip,TXNOC,2025,2,4,12,CRITICAL,FIBRA,LINK DOWN,CABLE BROKEN BACKBONE,network_002,branch_010,CLOSED,15.0,2.0,fiber_cable,0
inc_01893,incident_tx_ip,TXNOC,2025,2,4,12,CRITICAL,FIBRA,LINK DOWN,CABLE BROKEN BACKBONE,network_002,branch_018,CLOSED,21.0,3.0,fiber_cable,0
inc_01894,incident_tx_ip,TXNOC,2025,2,4,12,CRITICAL,FIBRA,LINK DOWN,CABLE BROKEN BACKBONE,network_002,branch_018,CLOSED,21.0,1.0,fiber_cable,0
inc_01895,incident_tx_ip,TXNOC,2025,2,4,12,CRITICAL,FIBRA,LINK DOWN,CABLE BROKEN BACKBONE,network_002,branch_018,CLOSED,21.0,4.0,fiber_cable,0
inc_01896,incident_tx_ip,TXNOC,2025,2,4,12,CRITICAL,FIBRA,LINK DOWN,CABLE BROKEN BACKBONE,network_002,branch_018,CLOSED,21.0,5.33,fiber_cable,0
inc_01897,incident_tx_ip,TXNOC,2025,2,4,12,CRITICAL,FIBRA,LINK DOWN,CABLE BROKEN BACKBONE,network_002,branch_018,CLOSED,21.0,14.3,fiber_cable,0
inc_01898,incident_tx_ip,TXNOC,2025,2,4,12,CRITICAL,FIBRA,ATTENUATION,ATTENUATION NEAR TO THRESHOLD,network_002,branch_009,CLOSED,15.0,20.0,attenuation,1
inc_01899,incident_tx_ip,TXNOC,2025,2,4,12,MAJOR,MICROWAVE,BAD PERFORMANCE,IN SITE,network_001,branch_014,CLOSED,15.0,8.5,logical_config,0
inc_01900,incident_tx_ip,TXNOC,2025,2,4,12,CRITICAL,FIBRA,LINK DOWN,ATTENUATION NEAR TO THRESHOLD,network_002,branch_022,CLOSED,15.0,10.0,attenuation,0
inc_01901,incident_tx_ip,TXNOC,2025,2,4,12,CRITICAL,FIBRA,LINK DOWN,CABLE BROKEN BACKBONE,network_002,branch_005,CLOSED,15.0,6.17,fiber_cable,0
inc_01902,incident_tx_ip,TXNOC,2025,2,4,12,CRITICAL,FIBRA,LINK DOWN,CABLE BROKEN BACKBONE,network_002,branch_015,CLOSED,15.0,5.67,fiber_cable,0
inc_01903,incident_tx_ip,TXNOC,2025,2,4,12,CRITICAL,FIBRA,LINK DOWN,CABLE BROKEN BACKBONE,network_002,branch_003,CLOSED,15.0,2.83,fiber_cable,0
inc_01904,incident_tx_ip,TXNOC,2025,2,4,12,CRITICAL,FIBRA,LINK DOWN,CABLE BROKEN BACKBONE,network_002,branch_012,CLOSED,15.0,6.33,attenuation,0
inc_01905,incident_tx_ip,TXNOC,2025,2,4,13,CRITICAL,FIBRA,LINK DOWN,CABLE BROKEN ACCESS,network_001,branch_003,CLOSED,15.0,15.0,attenuation,0
inc_01906,incident_tx_ip,TXNOC,2025,2,4,13,MAJOR,MICROWAVE,LINK DOWN,IN SITE,network_001,branch_011,CLOSED,15.0,20.0,attenuation,1
inc_01907,incident_tx_ip,TXNOC,2025,2,4,13,MAJOR,FIBRA,LINK DOWN,CABLE BROKEN ACCESS,network_002,branch_018,CLOSED,21.0,3.33,attenuation,0
inc_01908,incident_tx_ip,TXNOC,2025,2,4,13,MAJOR,MICROWAVE,LINK DOWN,IN SITE,network_001,branch_019,CLOSED,15.0,112.0,link_down,1
inc_01909,incident_tx_ip,TXNOC,2025,2,4,13,CRITICAL,MICROWAVE,BAD PERFORMANCE,IN SITE,network_001,branch_003,CLOSED,15.0,1126.33,equipment_module,1
inc_01910,incident_tx_ip,TXNOC,2025,2,4,13,CRITICAL,FIBRA,LINK DOWN,IN SITE,network_002,branch_018,CLOSED,21.0,3.0,fiber_cable,0
inc_01911,incident_tx_ip,TXNOC,2025,2,4,13,MAJOR,FIBRA,LINK DOWN,IN SITE,network_002,branch_011,CLOSED,18.0,6.0,fiber_cable,0
inc_01912,incident_tx_ip,TXNOC,2025,2,4,13,MAJOR,FIBRA,LINK DOWN,IN SITE,network_002,branch_010,CLOSED,18.0,16.0,attenuation,0
inc_01913,incident_tx_ip,TXNOC,2025,2,4,13,MAJOR,FIBRA,ATTENUATION,ATTENUATION OVER THRESHOLD,network_002,branch_019,CLOSED,15.0,1215.62,attenuation,1
inc_01914,incident_tx_ip,TXNOC,2025,2,4,13,MAJOR,FIBRA,ATTENUATION,ATTENUATION OVER THRESHOLD,network_002,branch_018,CLOSED,20.0,1314.0,attenuation,1
inc_01915,incident_tx_ip,TXNOC,2025,2,4,13,MAJOR,FIBRA,ATTENUATION,ATTENUATION OVER THRESHOLD,network_002,branch_021,CLOSED,15.0,1215.68,attenuation,1
inc_01916,incident_tx_ip,TXNOC,2025,2,4,13,MAJOR,FIBRA,ATTENUATION,ATTENUATION OVER THRESHOLD,network_002,branch_004,CLOSED,15.0,1216.1,attenuation,1
inc_01917,incident_tx_ip,TXNOC,2025,2,4,13,MAJOR,FIBRA,ATTENUATION,ATTENUATION OVER THRESHOLD,network_002,branch_018,CLOSED,21.0,1215.96,attenuation,1
inc_01918,incident_tx_ip,TXNOC,2025,2,4,13,MAJOR,FIBRA,ATTENUATION,ATTENUATION OVER THRESHOLD,network_002,branch_007,CLOSED,15.0,1215.92,attenuation,1
inc_01919,incident_tx_ip,TXNOC,2025,2,4,13,MAJOR,FIBRA,ATTENUATION,ATTENUATION OVER THRESHOLD,network_002,branch_003,CLOSED,15.0,62.0,attenuation,1
inc_01920,incident_tx_ip,TXNOC,2025,2,4,13,MAJOR,FIBRA,ATTENUATION,ATTENUATION OVER THRESHOLD,network_002,branch_003,CLOSED,15.0,632.0,attenuation,1
inc_01921,incident_tx_ip,TXNOC,2025,2,4,13,MAJOR,FIBRA,ATTENUATION,ATTENUATION OVER THRESHOLD,network_002,branch_018,CLOSED,21.0,1710.0,attenuation,1
inc_01922,incident_tx_ip,TXNOC,2025,2,4,13,CRITICAL,FIBRA,BAD PERFORMANCE,IN SITE,network_002,branch_033,CLOSED,10.0,10.0,fiber_cable,0
inc_01923,incident_tx_ip,TXNOC,2025,2,4,13,CRITICAL,FIBRA,LINK DOWN,IN SITE,network_002,branch_030,CLOSED,18.0,6.0,fiber_cable,0
inc_01924,incident_tx_ip,TXNOC,2025,2,4,13,MAJOR,FIBRA,LINK DOWN,ATTENUATION OVER THRESHOLD,network_002,branch_001,CLOSED,15.0,2.0,fiber_cable,0
inc_01925,incident_tx_ip,TXNOC,2025,2,4,13,MAJOR,FIBRA,LINK DOWN,ATTENUATION OVER THRESHOLD,network_002,branch_018,CLOSED,21.0,2.0,fiber_cable,0
inc_01926,incident_tx_ip,TXNOC,2025,2,4,13,MAJOR,FIBRA,BAD PERFORMANCE,ATTENUATION NEAR TO THRESHOLD,network_002,branch_013,CLOSED,15.0,62.0,fiber_cable,1
inc_01927,incident_tx_ip,TXNOC,2025,2,4,13,MAJOR,FIBRA,BAD PERFORMANCE,ATTENUATION NEAR TO THRESHOLD,network_002,branch_017,CLOSED,15.0,4.0,fiber_cable,0
inc_01928,incident_tx_ip,TXNOC,2025,2,4,13,CRITICAL,FIBRA,LINK DOWN,CABLE BROKEN BACKBONE,network_002,branch_014,CLOSED,15.0,6.0,fiber_cable,0
inc_01929,incident_tx_ip,TXNOC,2025,2,4,13,CRITICAL,FIBRA,LINK DOWN,CABLE BROKEN BACKBONE,network_002,branch_018,CLOSED,21.0,0.0,fiber_cable,0
inc_01930,incident_tx_ip,TXNOC,2025,2,4,13,MAJOR,MICROWAVE,BAD PERFORMANCE,IN SITE,network_001,branch_014,CLOSED,15.0,12.0,logical_config,0
inc_01931,incident_tx_ip,TXNOC,2025,2,4,13,MAJOR,MICROWAVE,LINK DOWN,IN SITE,network_001,branch_004,CLOSED,15.0,9.0,link_down,0
inc_01932,incident_tx_ip,TXNOC,2025,2,4,13,CRITICAL,FIBRA,LINK DOWN,CABLE BROKEN BACKBONE,network_001,branch_015,CLOSED,15.0,6.33,fiber_cable,0
inc_01933,incident_tx_ip,TXNOC,2025,2,4,13,MAJOR,MICROWAVE,LINK DOWN,IN SITE,network_001,branch_014,CLOSED,15.0,9.5,link_down,0
inc_01934,incident_tx_ip,TXNOC,2025,2,4,13,CRITICAL,FIBRA,LINK DOWN,IN SITE,network_002,branch_008,CLOSED,15.0,4.5,fiber_cable,0
inc_01935,incident_tx_ip,TXNOC,2025,2,4,13,CRITICAL,FIBRA,LINK DOWN,IN SITE,network_002,branch_001,CLOSED,15.0,4.0,fiber_cable,0
inc_01936,incident_tx_ip,TXNOC,2025,2,4,13,CRITICAL,FIBRA,LINK DOWN,IN SITE,network_002,branch_007,CLOSED,15.0,6.0,fiber_cable,0
inc_01937,incident_tx_ip,TXNOC,2025,2,4,13,CRITICAL,FIBRA,LINK DOWN,IN SITE,network_002,branch_022,CLOSED,15.0,2.4,fiber_cable,0
inc_01938,incident_tx_ip,TXNOC,2025,2,4,13,MAJOR,MICROWAVE,BAD PERFORMANCE,IN SITE,network_001,branch_022,CLOSED,15.0,189.0,equipment_module,1
inc_01939,incident_tx_ip,TXNOC,2025,2,4,13,CRITICAL,FIBRA,LINK DOWN,CABLE BROKEN BACKBONE,network_002,branch_008,CLOSED,15.0,4.0,fiber_cable,0
inc_01940,incident_tx_ip,TXNOC,2025,2,4,13,CRITICAL,FIBRA,LINK DOWN,CABLE BROKEN BACKBONE,network_002,branch_018,CLOSED,21.0,6.03,fiber_cable,0
inc_01941,incident_tx_ip,TXNOC,2025,2,4,13,CRITICAL,FIBRA,LINK DOWN,CABLE BROKEN BACKBONE,network_002,branch_018,CLOSED,21.0,5.5,fiber_cable,0
inc_01942,incident_tx_ip,TXNOC,2025,2,4,13,CRITICAL,FIBRA,LINK DOWN,CABLE BROKEN BACKBONE,network_002,branch_001,CLOSED,15.0,37.42,fiber_cable,1
inc_01943,incident_tx_ip,TXNOC,2025,2,4,13,CRITICAL,FIBRA,LINK DOWN,CABLE BROKEN BACKBONE,network_002,branch_011,CLOSED,14.0,2.33,fiber_cable,0
inc_01944,incident_tx_ip,TXNOC,2025,2,4,13,MAJOR,MICROWAVE,BAD PERFORMANCE,IN SITE,network_001,branch_005,CLOSED,15.0,1123.76,equipment_module,1
inc_01945,incident_tx_ip,TXNOC,2025,2,4,13,MAJOR,FIBRA,BAD PERFORMANCE,CABLE BROKEN BACKBONE,network_002,branch_018,CLOSED,19.0,3.0,fiber_cable,0
inc_01946,incident_tx_ip,TXNOC,2025,2,4,13,CRITICAL,FIBRA,LINK DOWN,CABLE BROKEN BACKBONE,network_002,branch_021,CLOSED,15.0,6.83,fiber_cable,0
inc_01947,incident_tx_ip,TXNOC,2025,2,4,13,MAJOR,MICROWAVE,BAD PERFORMANCE,IN SITE,network_001,branch_009,CLOSED,15.0,270.0,equipment_module,1
inc_01948,incident_tx_ip,TXNOC,2025,2,4,13,CRITICAL,FIBRA,LINK DOWN,CABLE BROKEN BACKBONE,network_002,branch_018,CLOSED,21.0,5.5,fiber_cable,0
inc_01949,incident_tx_ip,TXNOC,2025,2,4,13,MAJOR,MICROWAVE,BAD PERFORMANCE,IN SITE,network_001,branch_014,CLOSED,15.0,5.0,logical_config,0
inc_01950,incident_tx_ip,TXNOC,2025,2,4,13,MAJOR,MICROWAVE,BAD PERFORMANCE,IN SITE,network_001,branch_013,CLOSED,15.0,61.22,other,1
inc_01951,incident_tx_ip,TXNOC,2025,2,4,13,CRITICAL,FIBRA,LINK DOWN,IN SITE,network_002,branch_030,CLOSED,17.0,7.08,fiber_cable,0
inc_01952,incident_tx_ip,TXNOC,2025,2,4,13,CRITICAL,FIBRA,LINK DOWN,CABLE BROKEN BACKBONE,network_002,branch_005,CLOSED,15.0,3.5,fiber_cable,0
inc_01953,incident_tx_ip,TXNOC,2025,2,4,13,CRITICAL,FIBRA,LINK DOWN,CABLE BROKEN BACKBONE,network_002,branch_003,CLOSED,15.0,5.8,fiber_cable,0
inc_01954,incident_tx_ip,TXNOC,2025,2,4,13,MAJOR,MICROWAVE,LINK DOWN,IN SITE,network_001,branch_004,CLOSED,15.0,37.33,attenuation,1
inc_01955,incident_tx_ip,TXNOC,2025,2,4,13,CRITICAL,FIBRA,LINK DOWN,CABLE BROKEN BACKBONE,network_002,branch_015,CLOSED,15.0,0.0,fiber_cable,0
inc_01956,incident_tx_ip,TXNOC,2025,2,4,13,MAJOR,MICROWAVE,LINK DOWN,IN SITE,network_001,branch_012,CLOSED,15.0,74.0,equipment_module,1
inc_01957,incident_tx_ip,TXNOC,2025,2,4,13,MAJOR,MICROWAVE,LINK DOWN,IN SITE,network_001,branch_014,CLOSED,15.0,100.0,link_down,1
inc_01958,incident_tx_ip,TXNOC,2025,2,4,13,CRITICAL,FIBRA,LINK DOWN,CABLE BROKEN BACKBONE,network_002,branch_018,CLOSED,21.0,0.0,fiber_cable,0
inc_01959,incident_tx_ip,TXNOC,2025,2,4,13,CRITICAL,FIBRA,LINK DOWN,CABLE BROKEN BACKBONE,network_002,branch_001,CLOSED,15.0,5.5,fiber_cable,0
inc_01960,incident_tx_ip,TXNOC,2025,2,4,13,CRITICAL,FIBRA,LINK DOWN,CABLE BROKEN BACKBONE,network_002,branch_001,CLOSED,15.0,9.5,fiber_cable,0
inc_01961,incident_tx_ip,TXNOC,2025,2,4,13,MAJOR,MICROWAVE,LINK DOWN,IN SITE,network_001,branch_003,CLOSED,15.0,71.5,equipment_module,1
inc_01962,incident_tx_ip,TXNOC,2025,2,4,13,MINOR,FIBRA,LINK DOWN,CABLE BROKEN BACKBONE,network_002,branch_010,CLOSED,15.0,6.67,fiber_cable,0
inc_01963,incident_tx_ip,TXNOC,2025,2,4,13,MINOR,FIBRA,ATTENUATION,ATTENUATION NEAR TO THRESHOLD,network_002,branch_005,CLOSED,15.0,20.67,attenuation,1
inc_01964,incident_tx_ip,TXNOC,2025,2,4,13,MINOR,MICROWAVE,LINK DOWN,IN SITE,network_001,branch_014,CLOSED,15.0,21.33,equipment_module,1
inc_01965,incident_tx_ip,TXNOC,2025,2,4,13,MAJOR,FIBRA,LINK DOWN,CABLE BROKEN BACKBONE,network_002,branch_018,CLOSED,21.0,2.5,fiber_cable,0
inc_01966,incident_tx_ip,TXNOC,2025,2,4,14,MAJOR,FIBRA,LINK DOWN,CABLE BROKEN BACKBONE,network_002,branch_018,CLOSED,20.0,6.15,fiber_cable,0
inc_01967,incident_tx_ip,TXNOC,2025,2,4,14,MAJOR,FIBRA,LINK DOWN,CABLE BROKEN BACKBONE,network_002,branch_016,CLOSED,18.0,4.0,fiber_cable,0
inc_01968,incident_tx_ip,TXNOC,2025,2,4,14,MAJOR,MICROWAVE,BAD PERFORMANCE,IN SITE,network_001,branch_003,CLOSED,15.0,10.0,equipment_module,0
inc_01969,incident_tx_ip,TXNOC,2025,2,4,14,CRITICAL,FIBRA,LINK DOWN,CABLE BROKEN BACKBONE,network_002,branch_003,CLOSED,15.0,4.0,fiber_cable,0
inc_01970,incident_tx_ip,TXNOC,2025,2,4,14,CRITICAL,FIBRA,LINK DOWN,CABLE BROKEN BACKBONE,network_002,branch_014,CLOSED,15.0,6.0,fiber_cable,0
inc_01971,incident_tx_ip,TXNOC,2025,2,4,14,CRITICAL,MICROWAVE,LINK DOWN,IN SITE,network_001,branch_024,CLOSED,15.0,87.5,equipment_module,1
inc_01972,incident_tx_ip,TXNOC,2025,2,4,14,CRITICAL,FIBRA,LINK DOWN,CABLE BROKEN BACKBONE,network_002,branch_030,CLOSED,18.0,3.5,fiber_cable,0
inc_01973,incident_tx_ip,TXNOC,2025,2,4,14,CRITICAL,FIBRA,LINK DOWN,CABLE BROKEN BACKBONE,network_002,branch_009,CLOSED,15.0,10.0,fiber_cable,0
inc_01974,incident_tx_ip,TXNOC,2025,2,4,14,MAJOR,MICROWAVE,BAD PERFORMANCE,IN SITE,network_001,branch_020,CLOSED,15.0,277.59,other,1
inc_01975,incident_tx_ip,TXNOC,2025,2,4,14,MAJOR,MICROWAVE,BAD PERFORMANCE,IN SITE,network_001,branch_003,CLOSED,15.0,25.25,equipment_module,1
inc_01976,incident_tx_ip,TXNOC,2025,2,4,14,MAJOR,MICROWAVE,ATTENUATION,IN SITE,network_001,branch_004,CLOSED,15.0,12.25,attenuation,0
inc_01977,incident_tx_ip,TXNOC,2025,2,4,14,MAJOR,MICROWAVE,BAD PERFORMANCE,IN SITE,network_001,branch_012,CLOSED,15.0,100.0,other,1
inc_01978,incident_tx_ip,TXNOC,2025,2,4,14,MAJOR,FIBRA,LINK DOWN,CABLE BROKEN BACKBONE,network_002,branch_002,CLOSED,15.0,0.0,fiber_cable,0
inc_01979,incident_tx_ip,TXNOC,2025,2,4,14,CRITICAL,FIBRA,LINK DOWN,CABLE BROKEN BACKBONE,network_002,branch_010,CLOSED,14.0,0.0,fiber_cable,0
inc_01980,incident_tx_ip,TXNOC,2025,2,4,14,MAJOR,MICROWAVE,BAD PERFORMANCE,IN SITE,network_001,branch_008,CLOSED,15.0,1121.71,other,1
inc_01981,incident_tx_ip,TXNOC,2025,2,4,14,MAJOR,FIBRA,LINK DOWN,CABLE BROKEN BACKBONE,network_002,branch_020,CLOSED,15.0,7.0,fiber_cable,0
inc_01982,incident_tx_ip,TXNOC,2025,2,4,14,MAJOR,FIBRA,LINK DOWN,CABLE BROKEN BACKBONE,network_002,branch_010,CLOSED,14.0,5.0,fiber_cable,0
inc_01983,incident_tx_ip,TXNOC,2025,2,4,14,MAJOR,MICROWAVE,BAD PERFORMANCE,IN SITE,network_001,branch_014,CLOSED,15.0,139.5,equipment_module,1
inc_01984,incident_tx_ip,TXNOC,2025,2,4,14,MAJOR,FIBRA,LINK DOWN,CABLE BROKEN BACKBONE,network_002,branch_008,CLOSED,15.0,4.82,fiber_cable,0
inc_01985,incident_tx_ip,TXNOC,2025,2,4,14,MAJOR,FIBRA,LINK DOWN,CABLE BROKEN BACKBONE,network_002,branch_018,CLOSED,21.0,10.0,fiber_cable,0
inc_01986,incident_tx_ip,TXNOC,2025,2,4,14,MAJOR,FIBRA,LINK DOWN,CABLE BROKEN BACKBONE,network_002,branch_018,CLOSED,20.0,0.0,fiber_cable,0
inc_01987,incident_tx_ip,TXNOC,2025,2,4,14,MAJOR,FIBRA,LINK DOWN,CABLE BROKEN BACKBONE,network_002,branch_017,CLOSED,15.0,4.67,attenuation,0
inc_01988,incident_tx_ip,TXNOC,2025,2,4,14,CRITICAL,FIBRA,LINK DOWN,CABLE BROKEN BACKBONE,network_002,branch_025,CLOSED,21.0,12.5,fiber_cable,0
inc_01989,incident_tx_ip,TXNOC,2025,2,4,14,CRITICAL,FIBRA,LINK DOWN,CABLE BROKEN BACKBONE,network_002,branch_030,CLOSED,18.0,3.5,fiber_cable,0
inc_01990,incident_tx_ip,TXNOC,2025,2,4,14,MAJOR,MICROWAVE,LINK DOWN,IN SITE,network_001,branch_007,CLOSED,15.0,47.0,equipment_module,1
inc_01991,incident_tx_ip,TXNOC,2025,2,4,14,CRITICAL,FIBRA,LINK DOWN,CABLE BROKEN BACKBONE,network_002,branch_004,CLOSED,15.0,2.67,fiber_cable,0
inc_01992,incident_tx_ip,TXNOC,2025,2,4,14,MAJOR,MICROWAVE,BAD PERFORMANCE,IN SITE,network_001,branch_024,CLOSED,15.0,18.0,logical_config,1
inc_01993,incident_tx_ip,TXNOC,2025,2,4,14,CRITICAL,FIBRA,LINK DOWN,CABLE BROKEN BACKBONE,network_002,branch_018,CLOSED,21.0,3.0,fiber_cable,0
inc_01994,incident_tx_ip,TXNOC,2025,2,4,14,MAJOR,FIBRA,LINK DOWN,IN SITE,network_002,branch_015,CLOSED,15.0,0.0,fiber_cable,0
inc_01995,incident_tx_ip,TXNOC,2025,2,4,14,MAJOR,FIBRA,LINK DOWN,CABLE BROKEN BACKBONE,network_002,branch_009,CLOSED,15.0,0.0,fiber_cable,0
inc_01996,incident_tx_ip,TXNOC,2025,2,4,15,MAJOR,MICROWAVE,LINK DOWN,IN SITE,network_001,branch_003,CLOSED,15.0,30.0,equipment_module,1
inc_01997,incident_tx_ip,TXNOC,2025,2,4,15,MAJOR,FIBRA,ATTENUATION,ATTENUATION NEAR TO THRESHOLD,network_002,branch_001,CLOSED,15.0,30.0,attenuation,1
inc_01998,incident_tx_ip,TXNOC,2025,2,4,15,MAJOR,FIBRA,LINK DOWN,CABLE BROKEN BACKBONE,network_002,branch_017,CLOSED,15.0,6.0,fiber_cable,0
inc_01999,incident_tx_ip,TXNOC,2025,2,4,15,MAJOR,FIBRA,LINK DOWN,CABLE BROKEN BACKBONE,network_002,branch_007,CLOSED,15.0,5.0,fiber_cable,0
inc_02000,incident_tx_ip,TXNOC,2025,2,4,15,MAJOR,FIBRA,LINK DOWN,CABLE BROKEN BACKBONE,network_002,branch_005,CLOSED,15.0,5.17,fiber_cable,0
inc_02001,incident_tx_ip,TXNOC,2025,2,4,15,MAJOR,FIBRA,LINK DOWN,CABLE BROKEN BACKBONE,network_002,branch_010,CLOSED,14.0,2.0,fiber_cable,0
inc_02002,incident_tx_ip,TXNOC,2025,2,4,15,MAJOR,FIBRA,LINK DOWN,CABLE BROKEN BACKBONE,network_002,branch_011,CLOSED,14.0,2.0,fiber_cable,0
inc_02003,incident_tx_ip,TXNOC,2025,2,4,15,MAJOR,FIBRA,LINK DOWN,CABLE BROKEN BACKBONE,network_002,branch_005,CLOSED,15.0,6.18,fiber_cable,0
inc_02004,incident_tx_ip,TXNOC,2025,2,4,15,MAJOR,FIBRA,LINK DOWN,CABLE BROKEN BACKBONE,network_002,branch_018,CLOSED,21.0,7.5,fiber_cable,0
inc_02005,incident_tx_ip,TXNOC,2025,2,4,15,MAJOR,MICROWAVE,LINK DOWN,IN SITE,network_001,branch_028,CLOSED,15.0,63.0,link_down,1
inc_02006,incident_tx_ip,TXNOC,2025,2,4,15,MAJOR,FIBRA,ATTENUATION,ATTENUATION NEAR TO THRESHOLD,network_002,branch_007,CLOSED,15.0,40.0,attenuation,1
inc_02007,incident_tx_ip,TXNOC,2025,2,4,15,MAJOR,FIBRA,ATTENUATION,IN SITE,network_002,branch_012,CLOSED,15.0,40.0,attenuation,1
inc_02008,incident_tx_ip,TXNOC,2025,2,4,15,CRITICAL,FIBRA,LINK DOWN,CABLE BROKEN BACKBONE,network_002,branch_013,CLOSED,20.0,3.17,fiber_cable,0
inc_02009,incident_tx_ip,TXNOC,2025,2,4,15,CRITICAL,FIBRA,LINK DOWN,CABLE BROKEN BACKBONE,network_002,branch_018,CLOSED,21.0,3.0,fiber_cable,0
inc_02010,incident_tx_ip,TXNOC,2025,2,4,15,CRITICAL,FIBRA,LINK DOWN,CABLE BROKEN BACKBONE,network_002,branch_017,CLOSED,15.0,11.83,fiber_cable,0
inc_02011,incident_tx_ip,TXNOC,2025,2,4,15,CRITICAL,FIBRA,LINK DOWN,CABLE BROKEN BACKBONE,network_002,branch_015,CLOSED,15.0,1.5,fiber_cable,0
inc_02012,incident_tx_ip,TXNOC,2025,2,4,15,CRITICAL,FIBRA,LINK DOWN,CABLE BROKEN BACKBONE,network_002,branch_018,CLOSED,21.0,0.67,fiber_cable,0
inc_02013,incident_tx_ip,TXNOC,2025,2,4,15,MAJOR,MICROWAVE,LINK DOWN,IN SITE,network_001,branch_010,CLOSED,15.0,10.0,equipment_module,0
inc_02014,incident_tx_ip,TXNOC,2025,2,4,15,MAJOR,MICROWAVE,LINK DOWN,CABLE BROKEN BACKBONE,network_002,branch_017,CLOSED,15.0,4.0,fiber_cable,0
inc_02015,incident_tx_ip,TXNOC,2025,2,4,15,MAJOR,MICROWAVE,BAD PERFORMANCE,IN SITE,network_001,branch_013,CLOSED,15.0,38.0,logical_config,1
inc_02016,incident_tx_ip,TXNOC,2025,2,4,15,MAJOR,FIBRA,ATTENUATION,IN SITE,network_002,branch_011,CLOSED,15.0,0.0,attenuation,0
inc_02017,incident_tx_ip,TXNOC,2025,2,4,15,MAJOR,MICROWAVE,BAD PERFORMANCE,IN SITE,network_001,branch_024,CLOSED,15.0,133.5,equipment_module,1
inc_02018,incident_tx_ip,TXNOC,2025,2,4,15,MAJOR,FIBRA,LINK DOWN,CABLE BROKEN BACKBONE,network_002,branch_010,CLOSED,15.0,9.0,fiber_cable,0
inc_02019,incident_tx_ip,TXNOC,2025,2,4,15,MAJOR,MICROWAVE,LINK DOWN,IN SITE,network_001,branch_009,CLOSED,15.0,16.0,equipment_module,1
inc_02020,incident_tx_ip,TXNOC,2025,2,4,15,MAJOR,MICROWAVE,LINK DOWN,IN SITE,network_001,branch_010,CLOSED,15.0,112.0,power_energy,1
inc_02021,incident_tx_ip,TXNOC,2025,2,4,15,MAJOR,MICROWAVE,BAD PERFORMANCE,IN SITE,network_001,branch_019,CLOSED,15.0,480.0,other,1
inc_02022,incident_tx_ip,TXNOC,2025,2,4,15,CRITICAL,FIBRA,LINK DOWN,CABLE BROKEN BACKBONE,network_002,branch_008,CLOSED,15.0,5.5,fiber_cable,0
inc_02023,incident_tx_ip,TXNOC,2025,2,4,15,MAJOR,MICROWAVE,BAD PERFORMANCE,IN SITE,network_001,branch_012,CLOSED,15.0,200.0,equipment_module,1
inc_02024,incident_tx_ip,TXNOC,2025,2,4,15,MAJOR,FIBRA,ATTENUATION,IN SITE,network_002,branch_008,CLOSED,15.0,10.0,attenuation,0
inc_02025,incident_tx_ip,TXNOC,2025,2,4,15,MAJOR,MICROWAVE,BAD PERFORMANCE,IN SITE,network_001,branch_014,CLOSED,15.0,12.0,equipment_module,0
inc_02026,incident_tx_ip,TXNOC,2025,2,4,16,MAJOR,FIBRA,LINK DOWN,CABLE BROKEN BACKBONE,network_002,branch_001,CLOSED,15.0,5.0,fiber_cable,0
inc_02027,incident_tx_ip,TXNOC,2025,2,4,16,MAJOR,FIBRA,LINK DOWN,CABLE BROKEN BACKBONE,network_002,branch_018,CLOSED,21.0,4.0,fiber_cable,0
inc_02028,incident_tx_ip,TXNOC,2025,2,4,16,MAJOR,FIBRA,LINK DOWN,CABLE BROKEN BACKBONE,network_002,branch_017,CLOSED,15.0,4.33,fiber_cable,0
inc_02029,incident_tx_ip,TXNOC,2025,2,4,16,MAJOR,FIBRA,ATTENUATION,CABLE BROKEN BACKBONE,network_002,branch_004,CLOSED,15.0,2.0,attenuation,0
inc_02030,incident_tx_ip,TXNOC,2025,2,4,16,MAJOR,FIBRA,ATTENUATION,ATTENUATION NEAR TO THRESHOLD,network_002,branch_003,CLOSED,15.0,975.0,attenuation,1
inc_02031,incident_tx_ip,TXNOC,2025,2,4,16,MAJOR,FIBRA,LINK DOWN,CABLE BROKEN BACKBONE,network_002,branch_022,CLOSED,15.0,8.0,fiber_cable,0
inc_02032,incident_tx_ip,TXNOC,2025,2,4,16,MAJOR,MICROWAVE,BAD PERFORMANCE,IN SITE,network_001,branch_001,CLOSED,15.0,1000.7,other,1
inc_02033,incident_tx_ip,TXNOC,2025,2,4,16,CRITICAL,FIBRA,LINK DOWN,CABLE BROKEN BACKBONE,network_002,branch_003,CLOSED,15.0,16.0,fiber_cable,1
inc_02034,incident_tx_ip,TXNOC,2025,2,4,16,CRITICAL,FIBRA,LINK DOWN,CABLE BROKEN BACKBONE,network_002,branch_020,CLOSED,15.0,7.5,fiber_cable,0
inc_02035,incident_tx_ip,TXNOC,2025,2,4,16,CRITICAL,FIBRA,LINK DOWN,CABLE BROKEN BACKBONE,network_002,branch_019,CLOSED,15.0,0.0,fiber_cable,0
inc_02036,incident_tx_ip,TXNOC,2025,2,4,16,CRITICAL,FIBRA,LINK DOWN,CABLE BROKEN BACKBONE,network_002,branch_003,CLOSED,15.0,0.0,fiber_cable,0
inc_02037,incident_tx_ip,TXNOC,2025,2,4,16,MAJOR,MICROWAVE,LINK DOWN,IN SITE,network_001,branch_004,CLOSED,15.0,17.5,equipment_module,1
inc_02038,incident_tx_ip,TXNOC,2025,2,4,16,MAJOR,FIBRA,LINK DOWN,CABLE BROKEN BACKBONE,network_002,branch_018,CLOSED,21.0,0.0,fiber_cable,0
inc_02039,incident_tx_ip,TXNOC,2025,2,4,16,MAJOR,FIBRA,LINK DOWN,CABLE BROKEN BACKBONE,network_002,branch_018,CLOSED,21.0,0.0,fiber_cable,0
inc_02040,incident_tx_ip,TXNOC,2025,2,4,16,MAJOR,FIBRA,LINK DOWN,CABLE BROKEN BACKBONE,network_002,branch_004,CLOSED,15.0,5.67,fiber_cable,0
inc_02041,incident_tx_ip,TXNOC,2025,2,4,16,MAJOR,FIBRA,LINK DOWN,CABLE BROKEN BACKBONE,network_002,branch_018,CLOSED,21.0,17.0,fiber_cable,0
inc_02042,incident_tx_ip,TXNOC,2025,2,4,16,MAJOR,FIBRA,BAD PERFORMANCE,ATTENUATION OVER THRESHOLD,network_002,branch_003,CLOSED,15.0,20.0,attenuation,1
inc_02043,incident_tx_ip,TXNOC,2025,2,4,16,CRITICAL,FIBRA,BAD PERFORMANCE,CABLE BROKEN BACKBONE,network_002,branch_014,CLOSED,15.0,119.0,fiber_cable,1
inc_02044,incident_tx_ip,TXNOC,2025,2,4,16,CRITICAL,FIBRA,LINK DOWN,CABLE BROKEN BACKBONE,network_002,branch_001,CLOSED,15.0,6.33,fiber_cable,0
inc_02045,incident_tx_ip,TXNOC,2025,2,4,16,CRITICAL,FIBRA,LINK DOWN,CABLE BROKEN BACKBONE,network_002,branch_018,CLOSED,21.0,6.83,fiber_cable,0
inc_02046,incident_tx_ip,TXNOC,2025,2,4,16,MAJOR,MICROWAVE,BAD PERFORMANCE,IN SITE,network_001,branch_024,CLOSED,15.0,5.0,link_down,0
inc_02047,incident_tx_ip,TXNOC,2025,2,4,16,MAJOR,MICROWAVE,BAD PERFORMANCE,IN SITE,network_001,branch_015,CLOSED,15.0,14.0,equipment_module,0
inc_02048,incident_tx_ip,TXNOC,2025,2,4,16,CRITICAL,FIBRA,LINK DOWN,CABLE BROKEN BACKBONE,network_002,branch_016,CLOSED,15.0,3.0,fiber_cable,0
inc_02049,incident_tx_ip,TXNOC,2025,2,4,16,CRITICAL,FIBRA,LINK DOWN,CABLE BROKEN BACKBONE,network_002,branch_020,CLOSED,15.0,0.0,fiber_cable,0
inc_02050,incident_tx_ip,TXNOC,2025,2,4,16,MAJOR,MICROWAVE,BAD PERFORMANCE,IN SITE,network_001,branch_020,CLOSED,15.0,31.0,equipment_module,1
inc_02051,incident_tx_ip,TXNOC,2025,2,4,16,MAJOR,MICROWAVE,BAD PERFORMANCE,IN SITE,network_001,branch_006,CLOSED,15.0,31.0,equipment_module,1
inc_02052,incident_tx_ip,TXNOC,2025,2,4,16,MAJOR,FIBRA,ATTENUATION,CABLE BROKEN BACKBONE,network_002,branch_003,CLOSED,7.0,2.0,attenuation,0
inc_02053,incident_tx_ip,TXNOC,2025,2,4,16,MAJOR,FIBRA,LINK DOWN,IN SITE,network_002,branch_018,CLOSED,21.0,3.58,fiber_cable,0
inc_02054,incident_tx_ip,TXNOC,2025,2,4,16,CRITICAL,FIBRA,LINK DOWN,IN SITE,network_002,branch_009,CLOSED,15.0,9.0,fiber_cable,0
inc_02055,incident_tx_ip,TXNOC,2025,2,4,16,CRITICAL,FIBRA,LINK DOWN,CABLE BROKEN BACKBONE,network_002,branch_014,CLOSED,15.0,10.0,fiber_cable,0
inc_02056,incident_tx_ip,TXNOC,2025,2,4,16,CRITICAL,FIBRA,BAD PERFORMANCE,ATTENUATION OVER THRESHOLD,network_002,branch_003,CLOSED,15.0,140.0,attenuation,1
inc_02057,incident_tx_ip,TXNOC,2025,2,4,16,CRITICAL,FIBRA,BAD PERFORMANCE,CABLE BROKEN BACKBONE,network_002,branch_018,CLOSED,21.0,453.81,attenuation,1
inc_02058,incident_tx_ip,TXNOC,2025,2,4,16,CRITICAL,FIBRA,LINK DOWN,CABLE BROKEN BACKBONE,network_002,branch_010,CLOSED,15.0,15.0,fiber_cable,0
inc_02059,incident_tx_ip,TXNOC,2025,2,4,16,CRITICAL,FIBRA,LINK DOWN,CABLE BROKEN BACKBONE,network_002,branch_022,CLOSED,15.0,3.0,fiber_cable,0
inc_02060,incident_tx_ip,TXNOC,2025,2,4,16,CRITICAL,MICROWAVE,LINK DOWN,CABLE BROKEN BACKBONE,network_001,branch_024,CLOSED,15.0,34.0,equipment_module,1
inc_02061,incident_tx_ip,TXNOC,2025,2,4,16,CRITICAL,FIBRA,LINK DOWN,CABLE BROKEN BACKBONE,network_002,branch_022,CLOSED,15.0,7.0,fiber_cable,0
inc_02062,incident_tx_ip,TXNOC,2025,2,4,16,MAJOR,FIBRA,LINK DOWN,CABLE BROKEN BACKBONE,network_002,branch_001,CLOSED,15.0,7.5,fiber_cable,0
inc_02063,incident_tx_ip,TXNOC,2025,2,4,16,CRITICAL,MICROWAVE,LINK DOWN,IN SITE,network_001,branch_011,CLOSED,15.0,27.0,equipment_module,1
inc_02064,incident_tx_ip,TXNOC,2025,2,4,16,CRITICAL,FIBRA,ATTENUATION,IN SITE,network_001,branch_012,CLOSED,15.0,28.0,attenuation,1
inc_02065,incident_tx_ip,TXNOC,2025,2,4,16,CRITICAL,MICROWAVE,LINK DOWN,IN SITE,network_001,branch_014,CLOSED,15.0,40.0,equipment_module,1
inc_02066,incident_tx_ip,TXNOC,2025,2,4,16,MAJOR,FIBRA,BAD PERFORMANCE,ATTENUATION NEAR TO THRESHOLD,network_002,branch_032,CLOSED,22.0,957.71,attenuation,1
inc_02067,incident_tx_ip,TXNOC,2025,2,4,16,CRITICAL,FIBRA,LINK DOWN,CABLE BROKEN BACKBONE,network_002,branch_014,CLOSED,15.0,1.0,fiber_cable,0
inc_02068,incident_tx_ip,TXNOC,2025,2,4,16,CRITICAL,FIBRA,LINK DOWN,CABLE BROKEN BACKBONE,network_002,branch_018,CLOSED,20.0,8.33,fiber_cable,0
inc_02069,incident_tx_ip,TXNOC,2025,2,4,16,CRITICAL,FIBRA,LINK DOWN,CABLE BROKEN BACKBONE,network_002,branch_010,CLOSED,15.0,10.0,fiber_cable,0
inc_02070,incident_tx_ip,TXNOC,2025,2,5,17,CRITICAL,FIBRA,LINK DOWN,CABLE BROKEN BACKBONE,network_002,branch_001,CLOSED,15.0,6.0,fiber_cable,0
inc_02071,incident_tx_ip,TXNOC,2025,2,5,17,CRITICAL,FIBRA,LINK DOWN,CABLE BROKEN BACKBONE,network_002,branch_003,CLOSED,15.0,7.0,fiber_cable,0
inc_02072,incident_tx_ip,TXNOC,2025,2,5,17,CRITICAL,FIBRA,LINK DOWN,CABLE BROKEN BACKBONE,network_002,branch_005,CLOSED,15.0,6.42,fiber_cable,0
inc_02073,incident_tx_ip,TXNOC,2025,2,5,17,CRITICAL,FIBRA,LINK DOWN,CABLE BROKEN BACKBONE,network_002,branch_010,CLOSED,15.0,1.0,fiber_cable,0
inc_02074,incident_tx_ip,TXNOC,2025,2,5,17,CRITICAL,FIBRA,BAD PERFORMANCE,IN SITE,network_002,branch_013,CLOSED,10.0,63.0,fiber_cable,1
inc_02075,incident_tx_ip,TXNOC,2025,2,5,17,MAJOR,MICROWAVE,LINK DOWN,IN SITE,network_001,branch_006,CLOSED,15.0,18.5,attenuation,1
inc_02076,incident_tx_ip,TXNOC,2025,2,5,17,MAJOR,MICROWAVE,LINK DOWN,IN SITE,network_001,branch_022,CLOSED,15.0,14.5,attenuation,0
inc_02077,incident_tx_ip,TXNOC,2025,2,5,17,MAJOR,FIBRA,LINK DOWN,IN SITE,network_002,branch_008,CLOSED,15.0,8.33,fiber_cable,0
inc_02078,incident_tx_ip,TXNOC,2025,2,5,17,CRITICAL,FIBRA,LINK DOWN,CABLE BROKEN BACKBONE,network_002,branch_018,CLOSED,21.0,10.83,fiber_cable,0
inc_02079,incident_tx_ip,TXNOC,2025,2,5,17,MAJOR,MICROWAVE,LINK DOWN,IN SITE,network_001,branch_006,CLOSED,15.0,11.0,equipment_module,0
inc_02080,incident_tx_ip,TXNOC,2025,2,5,17,MAJOR,FIBRA,LINK DOWN,CABLE BROKEN BACKBONE,network_002,branch_014,CLOSED,15.0,9.0,fiber_cable,0
inc_02081,incident_tx_ip,TXNOC,2025,2,5,17,MAJOR,FIBRA,LINK DOWN,CABLE BROKEN ACCESS,network_002,branch_018,CLOSED,21.0,2.0,fiber_cable,0
inc_02082,incident_tx_ip,TXNOC,2025,2,5,17,MAJOR,FIBRA,ATTENUATION,ATTENUATION NEAR TO THRESHOLD,network_002,branch_001,CLOSED,15.0,197.4,attenuation,1
inc_02083,incident_tx_ip,TXNOC,2025,2,5,17,MAJOR,FIBRA,ATTENUATION,ATTENUATION NEAR TO THRESHOLD,network_002,branch_022,CLOSED,15.0,920.58,attenuation,1
inc_02084,incident_tx_ip,TXNOC,2025,2,5,17,MAJOR,FIBRA,ATTENUATION,ATTENUATION NEAR TO THRESHOLD,network_002,branch_025,CLOSED,14.0,920.84,attenuation,1
inc_02085,incident_tx_ip,TXNOC,2025,2,5,17,MAJOR,FIBRA,ATTENUATION,ATTENUATION NEAR TO THRESHOLD,network_002,branch_021,CLOSED,15.0,920.37,attenuation,1
inc_02086,incident_tx_ip,TXNOC,2025,2,5,17,MAJOR,FIBRA,ATTENUATION,ATTENUATION NEAR TO THRESHOLD,network_002,branch_017,CLOSED,15.0,920.17,attenuation,1
inc_02087,incident_tx_ip,TXNOC,2025,2,5,17,MAJOR,FIBRA,ATTENUATION,ATTENUATION NEAR TO THRESHOLD,network_002,branch_017,CLOSED,15.0,920.22,attenuation,1
inc_02088,incident_tx_ip,TXNOC,2025,2,5,17,MAJOR,FIBRA,ATTENUATION,ATTENUATION NEAR TO THRESHOLD,network_002,branch_008,CLOSED,15.0,1133.5,attenuation,1
inc_02089,incident_tx_ip,TXNOC,2025,2,5,17,CRITICAL,FIBRA,LINK DOWN,CABLE BROKEN BACKBONE,network_002,branch_021,CLOSED,15.0,6.5,fiber_cable,0
inc_02090,incident_tx_ip,TXNOC,2025,2,5,17,CRITICAL,FIBRA,ATTENUATION,ATTENUATION NEAR TO THRESHOLD,network_002,branch_017,CLOSED,15.0,923.93,attenuation,1
inc_02091,incident_tx_ip,TXNOC,2025,2,5,17,CRITICAL,MICROWAVE,ATTENUATION,IN SITE,network_001,branch_021,CLOSED,15.0,8.5,attenuation,0
inc_02092,incident_tx_ip,TXNOC,2025,2,5,17,CRITICAL,FIBRA,LINK DOWN,CABLE BROKEN BACKBONE,network_002,branch_010,CLOSED,15.0,10.0,fiber_cable,0
inc_02093,incident_tx_ip,TXNOC,2025,2,5,17,CRITICAL,MICROWAVE,BAD PERFORMANCE,IN SITE,network_001,branch_014,CLOSED,15.0,8.0,equipment_module,0
inc_02094,incident_tx_ip,TXNOC,2025,2,5,17,CRITICAL,FIBRA,LINK DOWN,CABLE BROKEN BACKBONE,network_002,branch_006,CLOSED,13.0,3.5,fiber_cable,0
inc_02095,incident_tx_ip,TXNOC,2025,2,5,17,MAJOR,MICROWAVE,LINK DOWN,IN SITE,network_001,branch_021,CLOSED,15.0,4.67,equipment_module,0
inc_02096,incident_tx_ip,TXNOC,2025,2,5,17,CRITICAL,FIBRA,LINK DOWN,CABLE BROKEN BACKBONE,network_002,branch_014,CLOSED,15.0,9.0,fiber_cable,0
inc_02097,incident_tx_ip,TXNOC,2025,2,5,17,CRITICAL,FIBRA,LINK DOWN,CABLE BROKEN BACKBONE,network_002,branch_015,CLOSED,15.0,2.0,fiber_cable,0
inc_02098,incident_tx_ip,TXNOC,2025,2,5,17,MAJOR,FIBRA,ATTENUATION,ATTENUATION NEAR TO THRESHOLD,network_002,branch_017,CLOSED,15.0,90.0,attenuation,1
inc_02099,incident_tx_ip,TXNOC,2025,2,5,17,CRITICAL,MICROWAVE,LINK DOWN,CABLE BROKEN BACKBONE,network_001,branch_004,CLOSED,15.0,33.33,power_energy,1
inc_02100,incident_tx_ip,TXNOC,2025,2,5,17,CRITICAL,FIBRA,ATTENUATION,ATTENUATION OVER THRESHOLD,network_002,branch_003,CLOSED,15.0,20.0,attenuation,1
inc_02101,incident_tx_ip,TXNOC,2025,2,5,17,MAJOR,FIBRA,ATTENUATION,ATTENUATION OVER THRESHOLD,network_002,branch_001,CLOSED,15.0,19.17,attenuation,1
inc_02102,incident_tx_ip,TXNOC,2025,2,5,17,CRITICAL,FIBRA,LINK DOWN,CABLE BROKEN BACKBONE,network_002,branch_012,CLOSED,15.0,4.67,attenuation,0
inc_02103,incident_tx_ip,TXNOC,2025,2,5,17,CRITICAL,FIBRA,LINK DOWN,CABLE BROKEN BACKBONE,network_002,branch_010,CLOSED,15.0,0.25,fiber_cable,0
inc_02104,incident_tx_ip,TXNOC,2025,2,5,17,CRITICAL,FIBRA,LINK DOWN,CABLE BROKEN BACKBONE,network_002,branch_021,CLOSED,15.0,0.25,fiber_cable,0
inc_02105,incident_tx_ip,TXNOC,2025,2,5,17,CRITICAL,FIBRA,LINK DOWN,CABLE BROKEN BACKBONE,network_002,branch_011,CLOSED,14.0,0.0,fiber_cable,0
inc_02106,incident_tx_ip,TXNOC,2025,2,5,17,CRITICAL,FIBRA,LINK DOWN,CABLE BROKEN BACKBONE,network_002,branch_018,CLOSED,21.0,4.5,fiber_cable,0
inc_02107,incident_tx_ip,TXNOC,2025,2,5,17,CRITICAL,FIBRA,LINK DOWN,ATTENUATION NEAR TO THRESHOLD,network_002,branch_011,CLOSED,15.0,120.0,fiber_cable,1
inc_02108,incident_tx_ip,TXNOC,2025,2,5,17,CRITICAL,FIBRA,LINK DOWN,CABLE BROKEN BACKBONE,network_002,branch_003,CLOSED,15.0,5.0,fiber_cable,0
inc_02109,incident_tx_ip,TXNOC,2025,2,5,18,MAJOR,MICROWAVE,LINK DOWN,IN SITE,network_001,branch_019,CLOSED,15.0,20.0,equipment_module,1
inc_02110,incident_tx_ip,TXNOC,2025,2,5,18,MAJOR,MICROWAVE,LINK DOWN,IN SITE,network_001,branch_021,CLOSED,15.0,11.5,equipment_module,0
inc_02111,incident_tx_ip,TXNOC,2025,2,5,18,MAJOR,FIBRA,LINK DOWN,CABLE BROKEN BACKBONE,network_002,branch_003,CLOSED,15.0,0.0,fiber_cable,0
inc_02112,incident_tx_ip,TXNOC,2025,2,5,18,MAJOR,MICROWAVE,BAD PERFORMANCE,IN SITE,network_001,branch_024,CLOSED,15.0,768.0,equipment_module,1
inc_02113,incident_tx_ip,TXNOC,2025,2,5,18,MAJOR,FIBRA,LINK DOWN,CABLE BROKEN BACKBONE,network_002,branch_002,CLOSED,15.0,2.0,fiber_cable,0
inc_02114,incident_tx_ip,TXNOC,2025,2,5,18,MAJOR,FIBRA,LINK DOWN,CABLE BROKEN BACKBONE,network_002,branch_002,CLOSED,21.0,2.5,fiber_cable,0
inc_02115,incident_tx_ip,TXNOC,2025,2,5,18,MAJOR,FIBRA,ATTENUATION,ATTENUATION OVER THRESHOLD,network_002,branch_014,CLOSED,15.0,7.0,attenuation,0
inc_02116,incident_tx_ip,TXNOC,2025,2,5,18,MAJOR,FIBRA,LINK DOWN,CABLE BROKEN BACKBONE,network_002,branch_008,CLOSED,15.0,4.0,fiber_cable,0
inc_02117,incident_tx_ip,TXNOC,2025,2,5,18,CRITICAL,FIBRA,LINK DOWN,CABLE BROKEN BACKBONE,network_002,branch_001,CLOSED,15.0,7.17,fiber_cable,0
inc_02118,incident_tx_ip,TXNOC,2025,2,5,18,CRITICAL,FIBRA,LINK DOWN,CABLE BROKEN BACKBONE,network_002,branch_003,CLOSED,15.0,6.5,fiber_cable,0
inc_02119,incident_tx_ip,TXNOC,2025,2,5,18,CRITICAL,FIBRA,LINK DOWN,CABLE BROKEN BACKBONE,network_002,branch_007,CLOSED,15.0,5.5,fiber_cable,0
inc_02120,incident_tx_ip,TXNOC,2025,2,5,18,MAJOR,MICROWAVE,LINK DOWN,IN SITE,network_001,branch_021,CLOSED,15.0,111.83,equipment_module,1
inc_02121,incident_tx_ip,TXNOC,2025,2,5,18,CRITICAL,FIBRA,LINK DOWN,CABLE BROKEN BACKBONE,network_002,branch_018,CLOSED,21.0,1.0,fiber_cable,0
inc_02122,incident_tx_ip,TXNOC,2025,2,5,18,CRITICAL,FIBRA,LINK DOWN,CABLE BROKEN BACKBONE,network_002,branch_003,CLOSED,15.0,5.05,fiber_cable,0
inc_02123,incident_tx_ip,TXNOC,2025,2,5,18,CRITICAL,FIBRA,LINK DOWN,CABLE BROKEN BACKBONE,network_002,branch_017,CLOSED,15.0,3.5,fiber_cable,0
inc_02124,incident_tx_ip,TXNOC,2025,2,5,18,CRITICAL,MICROWAVE,LINK DOWN,IN SITE,network_001,branch_009,CLOSED,15.0,60.0,equipment_module,1
inc_02125,incident_tx_ip,TXNOC,2025,2,5,18,CRITICAL,FIBRA,LINK DOWN,CABLE BROKEN BACKBONE,network_002,branch_015,CLOSED,15.0,6.0,fiber_cable,0
inc_02126,incident_tx_ip,TXNOC,2025,2,5,18,CRITICAL,FIBRA,ATTENUATION,CABLE BROKEN BACKBONE,network_002,branch_018,CLOSED,21.0,4.5,attenuation,0
inc_02127,incident_tx_ip,TXNOC,2025,2,5,18,CRITICAL,FIBRA,LINK DOWN,CABLE BROKEN BACKBONE,network_002,branch_008,CLOSED,15.0,6.0,fiber_cable,0
inc_02128,incident_tx_ip,TXNOC,2025,2,5,18,CRITICAL,FIBRA,LINK DOWN,CABLE BROKEN BACKBONE,network_002,branch_003,CLOSED,15.0,1.5,fiber_cable,0
inc_02129,incident_tx_ip,TXNOC,2025,2,5,18,CRITICAL,FIBRA,LINK DOWN,CABLE BROKEN BACKBONE,network_002,branch_006,CLOSED,15.0,0.5,fiber_cable,0
inc_02130,incident_tx_ip,TXNOC,2025,2,5,18,CRITICAL,FIBRA,LINK DOWN,CABLE BROKEN BACKBONE,network_002,branch_014,CLOSED,15.0,0.0,fiber_cable,0
inc_02131,incident_tx_ip,TXNOC,2025,2,5,18,CRITICAL,FIBRA,LINK DOWN,CABLE BROKEN BACKBONE,network_002,branch_003,CLOSED,15.0,5.5,fiber_cable,0
inc_02132,incident_tx_ip,TXNOC,2025,2,5,18,CRITICAL,FIBRA,LINK DOWN,CABLE BROKEN BACKBONE,network_002,branch_001,CLOSED,15.0,3.57,fiber_cable,0
inc_02133,incident_tx_ip,TXNOC,2025,2,5,18,CRITICAL,FIBRA,LINK DOWN,CABLE BROKEN BACKBONE,network_002,branch_005,CLOSED,15.0,5.0,fiber_cable,0
inc_02134,incident_tx_ip,TXNOC,2025,2,5,18,MINOR,MICROWAVE,BAD PERFORMANCE,IN SITE,network_001,branch_030,CLOSED,15.0,7.0,other,0
inc_02135,incident_tx_ip,TXNOC,2025,2,5,18,MINOR,MICROWAVE,BAD PERFORMANCE,IN SITE,network_001,branch_009,CLOSED,15.0,240.0,other,1
inc_02136,incident_tx_ip,TXNOC,2025,2,5,18,CRITICAL,FIBRA,LINK DOWN,CABLE BROKEN BACKBONE,network_002,branch_001,CLOSED,15.0,4.33,fiber_cable,0
inc_02137,incident_tx_ip,TXNOC,2025,2,5,18,MAJOR,MICROWAVE,LINK DOWN,IN SITE,network_001,branch_007,CLOSED,15.0,836.79,link_down,1
inc_02138,incident_tx_ip,TXNOC,2025,2,5,18,CRITICAL,FIBRA,LINK DOWN,IN SITE,network_002,branch_015,CLOSED,15.0,5.5,fiber_cable,0
inc_02139,incident_tx_ip,TXNOC,2025,2,5,18,CRITICAL,FIBRA,LINK DOWN,IN SITE,network_002,branch_003,CLOSED,15.0,2.17,fiber_cable,0
inc_02140,incident_tx_ip,TXNOC,2025,2,5,18,CRITICAL,FIBRA,LINK DOWN,CABLE BROKEN BACKBONE,network_002,branch_001,CLOSED,15.0,1.58,fiber_cable,0
inc_02141,incident_tx_ip,TXNOC,2025,2,5,18,CRITICAL,FIBRA,LINK DOWN,CABLE BROKEN BACKBONE,network_002,branch_007,CLOSED,15.0,6.0,fiber_cable,0
inc_02142,incident_tx_ip,TXNOC,2025,2,5,18,CRITICAL,FIBRA,LINK DOWN,CABLE BROKEN BACKBONE,network_002,branch_003,CLOSED,15.0,4.5,attenuation,0
inc_02143,incident_tx_ip,TXNOC,2025,2,5,18,CRITICAL,FIBRA,LINK DOWN,CABLE BROKEN BACKBONE,network_002,branch_030,CLOSED,18.0,102.5,attenuation,1
inc_02144,incident_tx_ip,TXNOC,2025,2,5,18,CRITICAL,FIBRA,LINK DOWN,CABLE BROKEN BACKBONE,network_002,branch_010,CLOSED,15.0,4.5,fiber_cable,0
inc_02145,incident_tx_ip,TXNOC,2025,2,5,18,CRITICAL,FIBRA,LINK DOWN,CABLE BROKEN BACKBONE,network_002,branch_008,CLOSED,15.0,5.5,fiber_cable,0
inc_02146,incident_tx_ip,TXNOC,2025,2,5,18,CRITICAL,FIBRA,ATTENUATION,ATTENUATION OVER THRESHOLD,network_002,branch_001,CLOSED,15.0,165.0,attenuation,1
inc_02147,incident_tx_ip,TXNOC,2025,2,5,18,CRITICAL,FIBRA,ATTENUATION,CABLE BROKEN BACKBONE,network_002,branch_011,CLOSED,15.0,7.0,attenuation,0
inc_02148,incident_tx_ip,TXNOC,2025,2,5,18,CRITICAL,MICROWAVE,LINK DOWN,IN SITE,network_001,branch_024,CLOSED,15.0,3.0,link_down,0
inc_02149,incident_tx_ip,TXNOC,2025,2,5,18,CRITICAL,FIBRA,LINK DOWN,CABLE BROKEN BACKBONE,network_002,branch_010,CLOSED,15.0,16.0,fiber_cable,1
inc_02150,incident_tx_ip,TXNOC,2025,2,5,18,CRITICAL,FIBRA,LINK DOWN,CABLE BROKEN BACKBONE,network_002,branch_025,CLOSED,14.0,6.83,fiber_cable,0
inc_02151,incident_tx_ip,TXNOC,2025,2,5,18,MAJOR,FIBRA,BAD PERFORMANCE,ATTENUATION NEAR TO THRESHOLD,network_002,branch_007,CLOSED,15.0,778.0,attenuation,1
inc_02152,incident_tx_ip,TXNOC,2025,2,5,18,CRITICAL,FIBRA,LINK DOWN,CABLE BROKEN BACKBONE,network_002,branch_018,CLOSED,21.0,2.95,fiber_cable,0
inc_02153,incident_tx_ip,TXNOC,2025,2,5,18,CRITICAL,FIBRA,LINK DOWN,CABLE BROKEN BACKBONE,network_002,branch_014,CLOSED,15.0,2.25,fiber_cable,0
inc_02154,incident_tx_ip,TXNOC,2025,2,5,19,CRITICAL,FIBRA,ATTENUATION,ATTENUATION NEAR TO THRESHOLD,network_002,branch_014,CLOSED,15.0,807.55,attenuation,1
inc_02155,incident_tx_ip,TXNOC,2025,2,5,19,MAJOR,FIBRA,LINK DOWN,CABLE BROKEN BACKBONE,network_002,branch_008,CLOSED,15.0,3.0,fiber_cable,0
inc_02156,incident_tx_ip,TXNOC,2025,2,5,19,CRITICAL,MICROWAVE,LINK DOWN,IN SITE,network_001,branch_004,CLOSED,15.0,12.0,power_energy,0
inc_02157,incident_tx_ip,TXNOC,2025,2,5,19,CRITICAL,FIBRA,LINK DOWN,CABLE BROKEN BACKBONE,network_002,branch_006,CLOSED,13.0,10.0,fiber_cable,0
inc_02158,incident_tx_ip,TXNOC,2025,2,5,19,CRITICAL,MICROWAVE,LINK DOWN,IN SITE,network_001,branch_003,CLOSED,15.0,107.83,equipment_module,1
inc_02159,incident_tx_ip,TXNOC,2025,2,5,19,CRITICAL,FIBRA,LINK DOWN,CABLE BROKEN BACKBONE,network_002,branch_016,CLOSED,14.0,4.75,fiber_cable,0
inc_02160,incident_tx_ip,TXNOC,2025,2,5,19,CRITICAL,FIBRA,LINK DOWN,CABLE BROKEN BACKBONE,network_002,branch_003,CLOSED,15.0,31.17,attenuation,1
inc_02161,incident_tx_ip,TXNOC,2025,2,5,19,CRITICAL,FIBRA,LINK DOWN,CABLE BROKEN BACKBONE,network_002,branch_018,CLOSED,20.0,13.0,fiber_cable,0
inc_02162,incident_tx_ip,TXNOC,2025,2,5,19,CRITICAL,FIBRA,LINK DOWN,CABLE BROKEN ACCESS,network_002,branch_018,CLOSED,21.0,8.0,fiber_cable,0
inc_02163,incident_tx_ip,TXNOC,2025,2,5,19,CRITICAL,MICROWAVE,LINK DOWN,IN SITE,network_001,branch_024,CLOSED,15.0,70.0,equipment_module,1
inc_02164,incident_tx_ip,TXNOC,2025,2,5,19,CRITICAL,FIBRA,LINK DOWN,CABLE BROKEN BACKBONE,network_002,branch_018,CLOSED,21.0,0.0,fiber_cable,0
inc_02165,incident_tx_ip,TXNOC,2025,2,5,19,CRITICAL,FIBRA,LINK DOWN,CABLE BROKEN BACKBONE,network_002,branch_009,CLOSED,15.0,10.0,fiber_cable,0
inc_02166,incident_tx_ip,TXNOC,2025,2,5,19,MAJOR,FIBRA,ATTENUATION,ATTENUATION OVER THRESHOLD,network_002,branch_007,CLOSED,15.0,744.0,attenuation,1
inc_02167,incident_tx_ip,TXNOC,2025,2,5,19,CRITICAL,FIBRA,LINK DOWN,CABLE BROKEN BACKBONE,network_002,branch_003,CLOSED,15.0,3.92,fiber_cable,0
inc_02168,incident_tx_ip,TXNOC,2025,2,5,19,CRITICAL,FIBRA,BAD PERFORMANCE,CABLE BROKEN BACKBONE,network_002,branch_015,CLOSED,15.0,3.0,attenuation,0
inc_02169,incident_tx_ip,TXNOC,2025,2,5,19,CRITICAL,FIBRA,LINK DOWN,CABLE BROKEN BACKBONE,network_002,branch_030,CLOSED,18.0,4.5,fiber_cable,0
inc_02170,incident_tx_ip,TXNOC,2025,2,5,19,CRITICAL,FIBRA,LINK DOWN,CABLE BROKEN BACKBONE,network_002,branch_007,CLOSED,15.0,6.5,fiber_cable,0
inc_02171,incident_tx_ip,TXNOC,2025,2,5,19,CRITICAL,FIBRA,LINK DOWN,IN SITE,network_001,branch_001,CLOSED,15.0,7.5,fiber_cable,0
inc_02172,incident_tx_ip,TXNOC,2025,2,5,19,CRITICAL,MICROWAVE,LINK DOWN,IN SITE,network_001,branch_016,CLOSED,15.0,6.5,link_down,0
inc_02173,incident_tx_ip,TXNOC,2025,2,5,19,CRITICAL,MICROWAVE,LINK DOWN,IN SITE,network_001,branch_001,CLOSED,15.0,11.0,equipment_module,0
inc_02174,incident_tx_ip,TXNOC,2025,2,5,19,CRITICAL,FIBRA,LINK DOWN,CABLE BROKEN BACKBONE,network_002,branch_018,CLOSED,21.0,7.92,fiber_cable,0
inc_02175,incident_tx_ip,TXNOC,2025,2,5,19,CRITICAL,MICROWAVE,LINK DOWN,IN SITE,network_001,branch_012,CLOSED,15.0,43.0,equipment_module,1
inc_02176,incident_tx_ip,TXNOC,2025,2,5,19,CRITICAL,MICROWAVE,LINK DOWN,IN SITE,network_001,branch_012,CLOSED,15.0,46.5,link_down,1
inc_02177,incident_tx_ip,TXNOC,2025,2,5,19,CRITICAL,FIBRA,LINK DOWN,CABLE BROKEN BACKBONE,network_002,branch_030,CLOSED,15.0,3.5,fiber_cable,0
inc_02178,incident_tx_ip,TXNOC,2025,2,5,19,MAJOR,MICROWAVE,LINK DOWN,IN SITE,network_001,branch_021,CLOSED,15.0,118.5,equipment_module,1
inc_02179,incident_tx_ip,TXNOC,2025,2,5,19,CRITICAL,MICROWAVE,BAD PERFORMANCE,IN SITE,network_001,branch_009,CLOSED,15.0,160.0,other,1
inc_02180,incident_tx_ip,TXNOC,2025,2,5,19,MAJOR,MICROWAVE,LINK DOWN,IN SITE,network_001,branch_029,CLOSED,15.0,2.0,power_energy,0
inc_02181,incident_tx_ip,TXNOC,2025,2,5,19,CRITICAL,FIBRA,LINK DOWN,CABLE BROKEN BACKBONE,network_002,branch_018,CLOSED,21.0,0.5,fiber_cable,0
inc_02182,incident_tx_ip,TXNOC,2025,2,5,19,CRITICAL,MICROWAVE,BAD PERFORMANCE,IN SITE,network_001,branch_029,CLOSED,15.0,13.5,equipment_module,0
inc_02183,incident_tx_ip,TXNOC,2025,2,5,19,CRITICAL,FIBRA,LINK DOWN,CABLE BROKEN BACKBONE,network_002,branch_014,CLOSED,15.0,1.83,fiber_cable,0
inc_02184,incident_tx_ip,TXNOC,2025,2,5,19,CRITICAL,FIBRA,ATTENUATION,CABLE BROKEN BACKBONE,network_002,branch_018,CLOSED,21.0,747.75,attenuation,1
inc_02185,incident_tx_ip,TXNOC,2025,2,5,19,CRITICAL,FIBRA,LINK DOWN,CABLE BROKEN BACKBONE,network_001,branch_012,CLOSED,15.0,7.5,fiber_cable,0
inc_02186,incident_tx_ip,TXNOC,2025,2,5,19,CRITICAL,FIBRA,LINK DOWN,CABLE BROKEN BACKBONE,network_001,branch_021,CLOSED,15.0,10.0,fiber_cable,0
inc_02187,incident_tx_ip,TXNOC,2025,2,5,19,CRITICAL,MICROWAVE,LINK DOWN,IN SITE,network_001,branch_020,CLOSED,15.0,12.83,equipment_module,0
inc_02188,incident_tx_ip,TXNOC,2025,2,5,19,CRITICAL,MICROWAVE,LINK DOWN,IN SITE,network_001,branch_022,CLOSED,15.0,7.5,link_down,0
inc_02189,incident_tx_ip,TXNOC,2025,2,5,19,CRITICAL,FIBRA,LINK DOWN,CABLE BROKEN BACKBONE,network_001,branch_018,CLOSED,20.0,2.0,fiber_cable,0
inc_02190,incident_tx_ip,TXNOC,2025,2,5,19,CRITICAL,FIBRA,LINK DOWN,CABLE BROKEN BACKBONE,network_001,branch_022,CLOSED,15.0,5.0,fiber_cable,0
inc_02191,incident_tx_ip,TXNOC,2025,2,5,20,CRITICAL,FIBRA,LINK DOWN,CABLE BROKEN BACKBONE,network_001,branch_014,CLOSED,15.0,2.0,fiber_cable,0
inc_02192,incident_tx_ip,TXNOC,2025,2,5,20,CRITICAL,MICROWAVE,LINK DOWN,IN SITE,network_001,branch_010,CLOSED,15.0,108.75,equipment_module,1
inc_02193,incident_tx_ip,TXNOC,2025,2,5,20,CRITICAL,FIBRA,ATTENUATION,ATTENUATION OVER THRESHOLD,network_002,branch_010,CLOSED,15.0,5.83,attenuation,0
inc_02194,incident_tx_ip,TXNOC,2025,2,5,20,CRITICAL,FIBRA,LINK DOWN,CABLE BROKEN BACKBONE,network_002,branch_020,CLOSED,15.0,3.0,fiber_cable,0
inc_02195,incident_tx_ip,TXNOC,2025,2,5,20,CRITICAL,MICROWAVE,BAD PERFORMANCE,CABLE BROKEN ACCESS,network_001,branch_024,CLOSED,15.0,229.37,attenuation,1
inc_02196,incident_tx_ip,TXNOC,2025,2,5,20,CRITICAL,FIBRA,BAD PERFORMANCE,IN SITE,network_002,branch_013,CLOSED,40.0,3.5,fiber_cable,0
inc_02197,incident_tx_ip,TXNOC,2025,2,5,20,CRITICAL,FIBRA,BAD PERFORMANCE,IN SITE,network_002,branch_013,CLOSED,15.0,0.33,fiber_cable,0
inc_02198,incident_tx_ip,TXNOC,2025,2,5,20,CRITICAL,FIBRA,LINK DOWN,CABLE BROKEN BACKBONE,network_002,branch_011,CLOSED,14.0,4.0,fiber_cable,0
inc_02199,incident_tx_ip,TXNOC,2025,2,5,20,CRITICAL,FIBRA,LINK DOWN,CABLE BROKEN BACKBONE,network_002,branch_020,CLOSED,15.0,4.5,fiber_cable,0
inc_02200,incident_tx_ip,TXNOC,2025,2,5,20,CRITICAL,FIBRA,BAD PERFORMANCE,CABLE BROKEN BACKBONE,network_002,branch_004,CLOSED,15.0,160.0,fiber_cable,1
inc_02201,incident_tx_ip,TXNOC,2025,2,5,20,CRITICAL,FIBRA,LINK DOWN,CABLE BROKEN BACKBONE,network_002,branch_021,CLOSED,15.0,5.33,fiber_cable,0
inc_02202,incident_tx_ip,TXNOC,2025,2,5,20,CRITICAL,FIBRA,LINK DOWN,CABLE BROKEN BACKBONE,network_002,branch_018,CLOSED,21.0,15.33,fiber_cable,0
inc_02203,incident_tx_ip,TXNOC,2025,2,5,20,CRITICAL,FIBRA,LINK DOWN,CABLE BROKEN BACKBONE,network_002,branch_001,CLOSED,15.0,2.5,fiber_cable,0
inc_02204,incident_tx_ip,TXNOC,2025,2,5,20,CRITICAL,MICROWAVE,LINK DOWN,IN SITE,network_001,branch_003,CLOSED,15.0,472.83,equipment_module,1
inc_02205,incident_tx_ip,TXNOC,2025,2,5,20,CRITICAL,FIBRA,LINK DOWN,CABLE BROKEN BACKBONE,network_002,branch_008,CLOSED,15.0,7.0,fiber_cable,0
inc_02206,incident_tx_ip,TXNOC,2025,2,5,20,CRITICAL,FIBRA,LINK DOWN,CABLE BROKEN BACKBONE,network_002,branch_014,CLOSED,15.0,6.5,fiber_cable,0
inc_02207,incident_tx_ip,TXNOC,2025,2,5,20,CRITICAL,FIBRA,LINK DOWN,CABLE BROKEN BACKBONE,network_002,branch_011,CLOSED,14.0,2.17,fiber_cable,0
inc_02208,incident_tx_ip,TXNOC,2025,2,5,20,CRITICAL,MICROWAVE,LINK DOWN,IN SITE,network_001,branch_001,CLOSED,15.0,15.33,link_down,1
inc_02209,incident_tx_ip,TXNOC,2025,2,5,20,CRITICAL,MICROWAVE,LINK DOWN,IN SITE,network_001,branch_003,CLOSED,15.0,14.0,equipment_module,0
inc_02210,incident_tx_ip,TXNOC,2025,2,5,20,CRITICAL,MICROWAVE,LINK DOWN,IN SITE,network_001,branch_001,CLOSED,15.0,70.0,link_down,1
inc_02211,incident_tx_ip,TXNOC,2025,2,5,20,CRITICAL,FIBRA,LINK DOWN,CABLE BROKEN BACKBONE,network_002,branch_018,CLOSED,20.0,8.17,fiber_cable,0
inc_02212,incident_tx_ip,TXNOC,2025,2,5,20,CRITICAL,FIBRA,LINK DOWN,CABLE BROKEN BACKBONE,network_002,branch_004,CLOSED,15.0,4.33,fiber_cable,0
inc_02213,incident_tx_ip,TXNOC,2025,2,5,20,CRITICAL,MICROWAVE,LINK DOWN,IN SITE,network_001,branch_030,CLOSED,15.0,6.5,equipment_module,0
inc_02214,incident_tx_ip,TXNOC,2025,2,5,20,CRITICAL,FIBRA,LINK DOWN,CABLE BROKEN BACKBONE,network_002,branch_030,CLOSED,18.0,3.0,attenuation,0
inc_02215,incident_tx_ip,TXNOC,2025,2,5,20,CRITICAL,FIBRA,LINK DOWN,CABLE BROKEN BACKBONE,network_002,branch_018,CLOSED,21.0,33.0,fiber_cable,1
inc_02216,incident_tx_ip,TXNOC,2025,2,5,20,CRITICAL,FIBRA,LINK DOWN,CABLE BROKEN BACKBONE,network_002,branch_003,CLOSED,15.0,2.83,fiber_cable,0
inc_02217,incident_tx_ip,TXNOC,2025,2,5,20,CRITICAL,FIBRA,BAD PERFORMANCE,IN SITE,network_002,branch_013,CLOSED,8.0,172.01,fiber_cable,1
inc_02218,incident_tx_ip,TXNOC,2025,2,5,20,CRITICAL,FIBRA,LINK DOWN,CABLE BROKEN BACKBONE,network_002,branch_018,CLOSED,21.0,2.92,fiber_cable,0
inc_02219,incident_tx_ip,TXNOC,2025,2,5,20,CRITICAL,FIBRA,LINK DOWN,CABLE BROKEN BACKBONE,network_002,branch_003,CLOSED,15.0,7.58,fiber_cable,0
inc_02220,incident_tx_ip,TXNOC,2025,2,5,20,CRITICAL,FIBRA,ATTENUATION,CABLE BROKEN BACKBONE,network_002,branch_004,CLOSED,15.0,80.0,attenuation,1
inc_02221,incident_tx_ip,TXNOC,2025,2,5,21,CRITICAL,MICROWAVE,LINK DOWN,IN SITE,network_001,branch_004,CLOSED,15.0,36.0,equipment_module,1
inc_02222,incident_tx_ip,TXNOC,2025,2,5,21,CRITICAL,MICROWAVE,LINK DOWN,IN SITE,network_001,branch_014,CLOSED,15.0,6.0,link_down,0
inc_02223,incident_tx_ip,TXNOC,2025,2,5,21,CRITICAL,FIBRA,LINK DOWN,CABLE BROKEN BACKBONE,network_002,branch_009,CLOSED,15.0,1.67,fiber_cable,0
inc_02224,incident_tx_ip,TXNOC,2025,2,5,21,CRITICAL,MICROWAVE,LINK DOWN,IN SITE,network_001,branch_030,CLOSED,15.0,5.33,link_down,0
inc_02225,incident_tx_ip,TXNOC,2025,2,5,21,CRITICAL,MICROWAVE,LINK DOWN,IN SITE,network_001,branch_006,CLOSED,15.0,70.0,equipment_module,1
inc_02226,incident_tx_ip,TXNOC,2025,2,5,21,CRITICAL,FIBRA,ATTENUATION,CABLE BROKEN BACKBONE,network_002,branch_018,CLOSED,21.0,5.0,attenuation,0
inc_02227,incident_tx_ip,TXNOC,2025,2,5,21,CRITICAL,FIBRA,LINK DOWN,IN SITE,network_001,branch_021,CLOSED,15.0,15.5,attenuation,1
inc_02228,incident_tx_ip,TXNOC,2025,2,5,21,CRITICAL,FIBRA,LINK DOWN,IN SITE,network_001,branch_030,CLOSED,15.0,7.0,fiber_cable,0
inc_02229,incident_tx_ip,TXNOC,2025,2,5,21,CRITICAL,FIBRA,LINK DOWN,IN SITE,network_002,branch_004,CLOSED,15.0,7.0,fiber_cable,0
inc_02230,incident_tx_ip,TXNOC,2025,2,6,21,CRITICAL,FIBRA,ATTENUATION,CABLE BROKEN BACKBONE,network_002,branch_017,CLOSED,15.0,5.0,attenuation,0
inc_02231,incident_tx_ip,TXNOC,2025,2,6,21,CRITICAL,FIBRA,LINK DOWN,IN SITE,network_001,branch_002,CLOSED,15.0,13.5,fiber_cable,0
inc_02232,incident_tx_ip,TXNOC,2025,2,6,21,CRITICAL,MICROWAVE,LINK DOWN,IN SITE,network_001,branch_003,CLOSED,15.0,710.0,link_down,1
inc_02233,incident_tx_ip,TXNOC,2025,2,6,21,CRITICAL,FIBRA,LINK DOWN,CABLE BROKEN BACKBONE,network_002,branch_011,CLOSED,15.0,14.0,fiber_cable,0
inc_02234,incident_tx_ip,TXNOC,2025,2,6,21,CRITICAL,FIBRA,LINK DOWN,CABLE BROKEN BACKBONE,network_002,branch_008,CLOSED,15.0,3.0,fiber_cable,0
inc_02235,incident_tx_ip,TXNOC,2025,2,6,21,CRITICAL,MICROWAVE,LINK DOWN,IN SITE,network_001,branch_022,CLOSED,15.0,10.0,equipment_module,0
inc_02236,incident_tx_ip,TXNOC,2025,2,6,21,CRITICAL,FIBRA,LINK DOWN,CABLE BROKEN BACKBONE,network_002,branch_001,CLOSED,15.0,4.33,fiber_cable,0
inc_02237,incident_tx_ip,TXNOC,2025,2,6,21,CRITICAL,FIBRA,LINK DOWN,CABLE BROKEN BACKBONE,network_002,branch_018,CLOSED,21.0,2.33,fiber_cable,0
inc_02238,incident_tx_ip,TXNOC,2025,2,6,21,CRITICAL,FIBRA,LINK DOWN,CABLE BROKEN BACKBONE,network_002,branch_003,CLOSED,15.0,12.17,fiber_cable,0
inc_02239,incident_tx_ip,TXNOC,2025,2,6,21,MAJOR,MICROWAVE,BAD PERFORMANCE,IN SITE,network_001,branch_001,CLOSED,15.0,602.0,link_down,1
inc_02240,incident_tx_ip,TXNOC,2025,2,6,21,CRITICAL,FIBRA,LINK DOWN,CABLE BROKEN BACKBONE,network_002,branch_003,CLOSED,15.0,3.0,fiber_cable,0
inc_02241,incident_tx_ip,TXNOC,2025,2,6,21,CRITICAL,MICROWAVE,BAD PERFORMANCE,IN SITE,network_001,branch_024,CLOSED,15.0,628.4,other,1
inc_02242,incident_tx_ip,TXNOC,2025,2,6,21,CRITICAL,FIBRA,LINK DOWN,CABLE BROKEN BACKBONE,network_002,branch_005,CLOSED,15.0,3.17,fiber_cable,0
inc_02243,incident_tx_ip,TXNOC,2025,2,6,21,MINOR,MICROWAVE,LINK DOWN,IN SITE,network_001,branch_001,CLOSED,15.0,15.0,equipment_module,0
inc_02244,incident_tx_ip,TXNOC,2025,2,6,21,CRITICAL,FIBRA,LINK DOWN,CABLE BROKEN BACKBONE,network_002,branch_004,CLOSED,15.0,6.5,fiber_cable,0
inc_02245,incident_tx_ip,TXNOC,2025,2,6,21,MINOR,MICROWAVE,BAD PERFORMANCE,IN SITE,network_001,branch_030,CLOSED,15.0,9.5,other,0
inc_02246,incident_tx_ip,TXNOC,2025,2,6,21,MINOR,MICROWAVE,BAD PERFORMANCE,IN SITE,network_001,branch_003,CLOSED,15.0,307.5,link_down,1
inc_02247,incident_tx_ip,TXNOC,2025,2,6,21,CRITICAL,MICROWAVE,LINK DOWN,IN SITE,network_001,branch_010,CLOSED,15.0,30.0,equipment_module,1
inc_02248,incident_tx_ip,TXNOC,2025,2,6,21,CRITICAL,MICROWAVE,LINK DOWN,IN SITE,network_001,branch_001,CLOSED,15.0,7.5,equipment_module,0
inc_02249,incident_tx_ip,TXNOC,2025,2,6,21,CRITICAL,FIBRA,LINK DOWN,CABLE BROKEN BACKBONE,network_002,branch_025,CLOSED,14.0,10.0,attenuation,0
inc_02250,incident_tx_ip,TXNOC,2025,2,6,21,CRITICAL,FIBRA,LINK DOWN,CABLE BROKEN BACKBONE,network_002,branch_005,CLOSED,15.0,1.0,attenuation,0
inc_02251,incident_tx_ip,TXNOC,2025,2,6,21,CRITICAL,MICROWAVE,BAD PERFORMANCE,IN SITE,network_001,branch_001,CLOSED,15.0,169.5,other,1
inc_02252,incident_tx_ip,TXNOC,2025,2,6,21,CRITICAL,MICROWAVE,LINK DOWN,IN SITE,network_001,branch_009,CLOSED,15.0,10.0,power_energy,0
inc_02253,incident_tx_ip,TXNOC,2025,2,6,21,CRITICAL,FIBRA,LINK DOWN,CABLE BROKEN BACKBONE,network_002,branch_010,CLOSED,15.0,5.17,fiber_cable,0
inc_02254,incident_tx_ip,TXNOC,2025,2,6,21,CRITICAL,FIBRA,LINK DOWN,CABLE BROKEN BACKBONE,network_002,branch_011,CLOSED,15.0,6.53,fiber_cable,0
inc_02255,incident_tx_ip,TXNOC,2025,2,6,21,CRITICAL,FIBRA,LINK DOWN,CABLE BROKEN BACKBONE,network_002,branch_003,CLOSED,15.0,6.0,fiber_cable,0
inc_02256,incident_tx_ip,TXNOC,2025,2,6,21,CRITICAL,FIBRA,LINK DOWN,CABLE BROKEN BACKBONE,network_002,branch_025,CLOSED,14.0,10.0,attenuation,0
inc_02257,incident_tx_ip,TXNOC,2025,2,6,21,CRITICAL,FIBRA,LINK DOWN,CABLE BROKEN BACKBONE,network_002,branch_003,CLOSED,15.0,115.0,attenuation,1
inc_02258,incident_tx_ip,TXNOC,2025,2,6,21,CRITICAL,MICROWAVE,LINK DOWN,IN SITE,network_001,branch_005,CLOSED,15.0,2.67,link_down,0
inc_02259,incident_tx_ip,TXNOC,2025,2,6,21,CRITICAL,FIBRA,LINK DOWN,CABLE BROKEN BACKBONE,network_002,branch_018,CLOSED,21.0,16.5,fiber_cable,0
inc_02260,incident_tx_ip,TXNOC,2025,2,6,21,CRITICAL,FIBRA,LINK DOWN,CABLE BROKEN BACKBONE,network_002,branch_003,CLOSED,15.0,0.5,fiber_cable,0
inc_02261,incident_tx_ip,TXNOC,2025,2,6,22,CRITICAL,FIBRA,LINK DOWN,CABLE BROKEN BACKBONE,network_002,branch_014,CLOSED,15.0,7.0,fiber_cable,0
inc_02262,incident_tx_ip,TXNOC,2025,2,6,22,CRITICAL,FIBRA,LINK DOWN,CABLE BROKEN BACKBONE,network_002,branch_020,CLOSED,15.0,7.0,fiber_cable,0
inc_02263,incident_tx_ip,TXNOC,2025,2,6,22,CRITICAL,FIBRA,LINK DOWN,CABLE BROKEN BACKBONE,network_002,branch_025,CLOSED,14.0,5.0,fiber_cable,0
inc_02264,incident_tx_ip,TXNOC,2025,2,6,22,CRITICAL,FIBRA,LINK DOWN,CABLE BROKEN BACKBONE,network_002,branch_017,CLOSED,15.0,9.67,fiber_cable,0
inc_02265,incident_tx_ip,TXNOC,2025,2,6,22,CRITICAL,FIBRA,LINK DOWN,CABLE BROKEN BACKBONE,network_002,branch_010,CLOSED,14.0,10.0,fiber_cable,0
inc_02266,incident_tx_ip,TXNOC,2025,2,6,22,CRITICAL,FIBRA,LINK DOWN,CABLE BROKEN BACKBONE,network_002,branch_018,CLOSED,21.0,18.35,fiber_cable,0
inc_02267,incident_tx_ip,TXNOC,2025,2,6,22,CRITICAL,FIBRA,LINK DOWN,CABLE BROKEN ACCESS,network_002,branch_003,CLOSED,15.0,3.0,fiber_cable,0
inc_02268,incident_tx_ip,TXNOC,2025,2,6,22,CRITICAL,FIBRA,LINK DOWN,IN SITE,network_002,branch_006,CLOSED,21.0,30.0,fiber_cable,1
inc_02269,incident_tx_ip,TXNOC,2025,2,6,22,MINOR,MICROWAVE,LINK DOWN,IN SITE,network_001,branch_021,CLOSED,15.0,1.0,equipment_module,0
inc_02270,incident_tx_ip,TXNOC,2025,2,6,22,MINOR,MICROWAVE,LINK DOWN,IN SITE,network_001,branch_014,CLOSED,15.0,3.0,equipment_module,0
inc_02271,incident_tx_ip,TXNOC,2025,2,6,22,CRITICAL,FIBRA,LINK DOWN,CABLE BROKEN BACKBONE,network_002,branch_018,CLOSED,21.0,5.0,fiber_cable,0
inc_02272,incident_tx_ip,TXNOC,2025,2,6,22,MINOR,MICROWAVE,LINK DOWN,IN SITE,network_001,branch_001,CLOSED,15.0,0.0,link_down,0
inc_02273,incident_tx_ip,TXNOC,2025,2,6,22,MINOR,MICROWAVE,LINK DOWN,IN SITE,network_001,branch_015,CLOSED,15.0,18.0,link_down,1
inc_02274,incident_tx_ip,TXNOC,2025,2,6,22,CRITICAL,FIBRA,LINK DOWN,CABLE BROKEN BACKBONE,network_002,branch_001,CLOSED,15.0,0.0,fiber_cable,0
inc_02275,incident_tx_ip,TXNOC,2025,2,6,22,CRITICAL,FIBRA,ATTENUATION,CABLE BROKEN BACKBONE,network_002,branch_015,CLOSED,15.0,3.0,attenuation,0
inc_02276,incident_tx_ip,TXNOC,2025,2,6,22,MINOR,MICROWAVE,LINK DOWN,IN SITE,network_001,branch_001,CLOSED,15.0,8.0,link_down,0
inc_02277,incident_tx_ip,TXNOC,2025,2,6,22,MINOR,MICROWAVE,LINK DOWN,IN SITE,network_001,branch_012,CLOSED,15.0,35.0,equipment_module,1
inc_02278,incident_tx_ip,TXNOC,2025,2,6,22,CRITICAL,FIBRA,ATTENUATION,CABLE BROKEN BACKBONE,network_002,branch_016,CLOSED,14.0,4.4,attenuation,0
inc_02279,incident_tx_ip,TXNOC,2025,2,6,22,CRITICAL,FIBRA,ATTENUATION,CABLE BROKEN BACKBONE,network_002,branch_003,CLOSED,15.0,57.0,attenuation,1
inc_02280,incident_tx_ip,TXNOC,2025,2,6,22,MINOR,MICROWAVE,LINK DOWN,IN SITE,network_001,branch_024,CLOSED,15.0,31.0,link_down,1
inc_02281,incident_tx_ip,TXNOC,2025,2,6,22,CRITICAL,FIBRA,LINK DOWN,CABLE BROKEN BACKBONE,network_002,branch_014,CLOSED,15.0,4.33,fiber_cable,0
inc_02282,incident_tx_ip,TXNOC,2025,2,6,22,CRITICAL,FIBRA,LINK DOWN,CABLE BROKEN BACKBONE,network_002,branch_021,CLOSED,15.0,7.0,attenuation,0
inc_02283,incident_tx_ip,TXNOC,2025,2,6,22,CRITICAL,FIBRA,LINK DOWN,CABLE BROKEN BACKBONE,network_002,branch_015,CLOSED,15.0,0.0,fiber_cable,0
inc_02284,incident_tx_ip,TXNOC,2025,2,6,22,CRITICAL,FIBRA,LINK DOWN,CABLE BROKEN BACKBONE,network_002,branch_018,CLOSED,21.0,40.0,fiber_cable,1
inc_02285,incident_tx_ip,TXNOC,2025,2,6,22,CRITICAL,FIBRA,LINK DOWN,CABLE BROKEN BACKBONE,network_002,branch_018,CLOSED,21.0,6.0,fiber_cable,0
inc_02286,incident_tx_ip,TXNOC,2025,2,6,22,MINOR,MICROWAVE,LINK DOWN,IN SITE,network_001,branch_003,CLOSED,15.0,6.0,equipment_module,0
inc_02287,incident_tx_ip,TXNOC,2025,2,6,22,MINOR,MICROWAVE,LINK DOWN,IN SITE,network_001,branch_003,CLOSED,15.0,30.0,equipment_module,1
inc_02288,incident_tx_ip,TXNOC,2025,2,6,22,MINOR,MICROWAVE,LINK DOWN,IN SITE,network_001,branch_003,CLOSED,15.0,14.0,equipment_module,0
inc_02289,incident_tx_ip,TXNOC,2025,2,6,22,CRITICAL,FIBRA,LINK DOWN,CABLE BROKEN BACKBONE,network_002,branch_012,CLOSED,15.0,35.5,attenuation,1
inc_02290,incident_tx_ip,TXNOC,2025,2,6,22,CRITICAL,FIBRA,LINK DOWN,CABLE BROKEN BACKBONE,network_002,branch_003,CLOSED,15.0,2.0,fiber_cable,0
inc_02291,incident_tx_ip,TXNOC,2025,2,6,22,CRITICAL,FIBRA,LINK DOWN,CABLE BROKEN BACKBONE,network_002,branch_008,CLOSED,15.0,7.5,fiber_cable,0
inc_02292,incident_tx_ip,TXNOC,2025,2,6,22,MINOR,MICROWAVE,LINK DOWN,IN SITE,network_001,branch_006,CLOSED,15.0,59.0,equipment_module,1
inc_02293,incident_tx_ip,TXNOC,2025,2,6,23,CRITICAL,FIBRA,LINK DOWN,CABLE BROKEN BACKBONE,network_002,branch_008,CLOSED,15.0,8.43,fiber_cable,0
inc_02294,incident_tx_ip,TXNOC,2025,2,6,23,CRITICAL,MICROWAVE,BAD PERFORMANCE,IN SITE,network_001,branch_003,CLOSED,15.0,176.93,equipment_module,1
inc_02295,incident_tx_ip,TXNOC,2025,2,6,23,CRITICAL,FIBRA,LINK DOWN,CABLE BROKEN ACCESS,network_002,branch_003,CLOSED,15.0,2.27,fiber_cable,0
inc_02296,incident_tx_ip,TXNOC,2025,2,6,23,MINOR,MICROWAVE,LINK DOWN,IN SITE,network_001,branch_004,CLOSED,15.0,46.0,equipment_module,1
inc_02297,incident_tx_ip,TXNOC,2025,2,6,23,CRITICAL,FIBRA,LINK DOWN,CABLE BROKEN BACKBONE,network_002,branch_003,CLOSED,15.0,5.55,fiber_cable,0
inc_02298,incident_tx_ip,TXNOC,2025,2,6,23,CRITICAL,FIBRA,LINK DOWN,CABLE BROKEN BACKBONE,network_002,branch_008,CLOSED,15.0,3.58,fiber_cable,0
inc_02299,incident_tx_ip,TXNOC,2025,2,6,23,CRITICAL,FIBRA,ATTENUATION,ATTENUATION OVER THRESHOLD,network_002,branch_030,CLOSED,15.0,1320.0,attenuation,1
inc_02300,incident_tx_ip,TXNOC,2025,2,6,23,CRITICAL,FIBRA,LINK DOWN,CABLE BROKEN BACKBONE,network_002,branch_005,CLOSED,15.0,2.42,fiber_cable,0
inc_02301,incident_tx_ip,TXNOC,2025,2,6,23,CRITICAL,FIBRA,LINK DOWN,CABLE BROKEN BACKBONE,network_002,branch_001,CLOSED,15.0,6.0,fiber_cable,0
inc_02302,incident_tx_ip,TXNOC,2025,2,6,23,CRITICAL,FIBRA,LINK DOWN,CABLE BROKEN BACKBONE,network_002,branch_018,CLOSED,21.0,6.0,fiber_cable,0
inc_02303,incident_tx_ip,TXNOC,2025,2,6,23,CRITICAL,FIBRA,LINK DOWN,CABLE BROKEN BACKBONE,network_002,branch_017,CLOSED,15.0,16.0,fiber_cable,1
inc_02304,incident_tx_ip,TXNOC,2025,2,6,23,MINOR,MICROWAVE,LINK DOWN,IN SITE,network_001,branch_019,CLOSED,15.0,486.0,equipment_module,1
inc_02305,incident_tx_ip,TXNOC,2025,2,6,23,CRITICAL,FIBRA,LINK DOWN,CABLE BROKEN BACKBONE,network_002,branch_013,CLOSED,7.0,56.0,fiber_cable,1
inc_02306,incident_tx_ip,TXNOC,2025,2,6,23,MINOR,MICROWAVE,LINK DOWN,IN SITE,network_001,branch_014,CLOSED,15.0,233.0,equipment_module,1
inc_02307,incident_tx_ip,TXNOC,2025,2,6,23,CRITICAL,FIBRA,LINK DOWN,CABLE BROKEN BACKBONE,network_002,branch_018,CLOSED,21.0,5.9,fiber_cable,0
inc_02308,incident_tx_ip,TXNOC,2025,2,6,23,CRITICAL,FIBRA,LINK DOWN,CABLE BROKEN BACKBONE,network_002,branch_001,CLOSED,15.0,4.17,fiber_cable,0
inc_02309,incident_tx_ip,TXNOC,2025,2,6,23,CRITICAL,FIBRA,LINK DOWN,CABLE BROKEN BACKBONE,network_002,branch_005,CLOSED,15.0,4.0,fiber_cable,0
inc_02310,incident_tx_ip,TXNOC,2025,2,6,23,MAJOR,MICROWAVE,LINK DOWN,IN SITE,network_001,branch_005,CLOSED,15.0,0.0,link_down,0
inc_02311,incident_tx_ip,TXNOC,2025,2,6,23,MAJOR,MICROWAVE,LINK DOWN,IN SITE,network_001,branch_014,CLOSED,15.0,0.0,link_down,0
inc_02312,incident_tx_ip,TXNOC,2025,2,6,23,CRITICAL,FIBRA,LINK DOWN,CABLE BROKEN BACKBONE,network_002,branch_012,CLOSED,15.0,8.0,fiber_cable,0
inc_02313,incident_tx_ip,TXNOC,2025,2,6,23,MAJOR,MICROWAVE,LINK DOWN,IN SITE,network_001,branch_020,CLOSED,15.0,53.0,equipment_module,1
inc_02314,incident_tx_ip,TXNOC,2025,2,6,23,MAJOR,MICROWAVE,LINK DOWN,IN SITE,network_001,branch_015,CLOSED,15.0,17.58,link_down,1
inc_02315,incident_tx_ip,TXNOC,2025,2,6,23,MAJOR,MICROWAVE,LINK DOWN,IN SITE,network_001,branch_001,CLOSED,15.0,0.0,link_down,0
inc_02316,incident_tx_ip,TXNOC,2025,2,6,23,CRITICAL,FIBRA,BAD PERFORMANCE,CABLE BROKEN BACKBONE,network_002,branch_020,CLOSED,15.0,10.0,attenuation,0
inc_02317,incident_tx_ip,TXNOC,2025,2,6,23,CRITICAL,FIBRA,BAD PERFORMANCE,CABLE BROKEN BACKBONE,network_002,branch_015,CLOSED,15.0,8.17,attenuation,0
inc_02318,incident_tx_ip,TXNOC,2025,2,6,23,CRITICAL,FIBRA,BAD PERFORMANCE,CABLE BROKEN BACKBONE,network_002,branch_004,CLOSED,15.0,1.67,fiber_cable,0
inc_02319,incident_tx_ip,TXNOC,2025,2,6,23,MAJOR,MICROWAVE,LINK DOWN,IN SITE,network_001,branch_001,CLOSED,15.0,8.67,equipment_module,0
inc_02320,incident_tx_ip,TXNOC,2025,2,6,23,CRITICAL,FIBRA,BAD PERFORMANCE,CABLE BROKEN BACKBONE,network_002,branch_010,CLOSED,14.0,40.0,attenuation,1
inc_02321,incident_tx_ip,TXNOC,2025,2,6,23,CRITICAL,FIBRA,BAD PERFORMANCE,CABLE BROKEN BACKBONE,network_002,branch_004,CLOSED,15.0,7.75,fiber_cable,0
inc_02322,incident_tx_ip,TXNOC,2025,2,6,23,MAJOR,MICROWAVE,LINK DOWN,IN SITE,network_001,branch_021,CLOSED,15.0,313.67,link_down,1
inc_02323,incident_tx_ip,TXNOC,2025,2,6,23,MAJOR,MICROWAVE,LINK DOWN,IN SITE,network_001,branch_014,CLOSED,15.0,706.0,link_down,1
inc_02324,incident_tx_ip,TXNOC,2025,2,6,23,CRITICAL,FIBRA,BAD PERFORMANCE,CABLE BROKEN BACKBONE,network_002,branch_010,CLOSED,15.0,20.0,fiber_cable,1
inc_02325,incident_tx_ip,TXNOC,2025,2,6,23,CRITICAL,FIBRA,LINK DOWN,CABLE BROKEN BACKBONE,network_002,branch_015,CLOSED,15.0,4.67,attenuation,0
inc_02326,incident_tx_ip,TXNOC,2025,2,6,23,CRITICAL,FIBRA,LINK DOWN,CABLE BROKEN BACKBONE,network_002,branch_020,CLOSED,15.0,1.0,fiber_cable,0
inc_02327,incident_tx_ip,TXNOC,2025,2,6,24,MAJOR,MICROWAVE,LINK DOWN,IN SITE,network_001,branch_021,CLOSED,15.0,9.33,equipment_module,0
inc_02328,incident_tx_ip,TXNOC,2025,2,6,24,CRITICAL,FIBRA,LINK DOWN,CABLE BROKEN BACKBONE,network_002,branch_022,CLOSED,15.0,7.17,fiber_cable,0
inc_02329,incident_tx_ip,TXNOC,2025,2,6,24,MAJOR,MICROWAVE,LINK DOWN,IN SITE,network_001,branch_029,CLOSED,15.0,511.97,equipment_module,1
inc_02330,incident_tx_ip,TXNOC,2025,2,6,24,CRITICAL,FIBRA,LINK DOWN,CABLE BROKEN BACKBONE,network_002,branch_009,CLOSED,15.0,0.17,fiber_cable,0
inc_02331,incident_tx_ip,TXNOC,2025,2,6,24,CRITICAL,FIBRA,LINK DOWN,CABLE BROKEN BACKBONE,network_002,branch_001,CLOSED,15.0,0.0,fiber_cable,0
inc_02332,incident_tx_ip,TXNOC,2025,2,6,24,CRITICAL,FIBRA,LINK DOWN,CABLE BROKEN BACKBONE,network_002,branch_025,CLOSED,18.0,20.0,fiber_cable,1
inc_02333,incident_tx_ip,TXNOC,2025,2,6,24,MINOR,MICROWAVE,LINK DOWN,IN SITE,network_001,branch_029,CLOSED,15.0,112.0,equipment_module,1
inc_02334,incident_tx_ip,TXNOC,2025,2,6,24,CRITICAL,FIBRA,ATTENUATION,ATTENUATION NEAR TO THRESHOLD,network_002,branch_022,CLOSED,15.0,3.0,attenuation,0
inc_02335,incident_tx_ip,TXNOC,2025,2,6,24,CRITICAL,MICROWAVE,LINK DOWN,IN SITE,network_001,branch_016,CLOSED,15.0,279.29,attenuation,1
inc_02336,incident_tx_ip,TXNOC,2025,2,6,24,MAJOR,MICROWAVE,LINK DOWN,IN SITE,network_001,branch_021,CLOSED,15.0,0.67,attenuation,0
inc_02337,incident_tx_ip,TXNOC,2025,2,6,24,MAJOR,MICROWAVE,LINK DOWN,IN SITE,network_001,branch_014,CLOSED,15.0,119.0,equipment_module,1
inc_02338,incident_tx_ip,TXNOC,2025,2,6,24,MAJOR,MICROWAVE,LINK DOWN,IN SITE,network_001,branch_001,CLOSED,15.0,355.23,link_down,1
inc_02339,incident_tx_ip,TXNOC,2025,2,6,24,MAJOR,MICROWAVE,LINK DOWN,IN SITE,network_001,branch_024,CLOSED,15.0,19.0,equipment_module,1
inc_02340,incident_tx_ip,TXNOC,2025,2,6,24,MINOR,MICROWAVE,LINK DOWN,IN SITE,network_001,branch_001,CLOSED,15.0,200.0,equipment_module,1
inc_02341,incident_tx_ip,TXNOC,2025,2,6,24,MAJOR,MICROWAVE,LINK DOWN,IN SITE,network_001,branch_001,CLOSED,15.0,640.0,link_down,1
inc_02342,incident_tx_ip,TXNOC,2025,2,6,24,MAJOR,MICROWAVE,LINK DOWN,IN SITE,network_001,branch_015,CLOSED,15.0,145.0,equipment_module,1
inc_02343,incident_tx_ip,TXNOC,2025,2,6,24,CRITICAL,FIBRA,LINK DOWN,CABLE BROKEN BACKBONE,network_002,branch_018,CLOSED,21.0,13.0,fiber_cable,0
inc_02344,incident_tx_ip,TXNOC,2025,2,6,24,CRITICAL,FIBRA,LINK DOWN,CABLE BROKEN BACKBONE,network_002,branch_003,CLOSED,15.0,149.0,attenuation,1
inc_02345,incident_tx_ip,TXNOC,2025,2,6,24,MAJOR,MICROWAVE,BAD PERFORMANCE,IN SITE,network_001,branch_004,CLOSED,15.0,400.0,equipment_module,1
inc_02346,incident_tx_ip,TXNOC,2025,2,6,24,CRITICAL,FIBRA,ATTENUATION,CABLE BROKEN BACKBONE,network_002,branch_030,CLOSED,18.0,45.5,attenuation,1
inc_02347,incident_tx_ip,TXNOC,2025,2,6,24,CRITICAL,FIBRA,LINK DOWN,CABLE BROKEN ACCESS,network_002,branch_014,CLOSED,15.0,5.5,fiber_cable,0
inc_02348,incident_tx_ip,TXNOC,2025,2,6,24,CRITICAL,FIBRA,LINK DOWN,CABLE BROKEN ACCESS,network_002,branch_015,CLOSED,15.0,8.0,fiber_cable,0
inc_02349,incident_tx_ip,TXNOC,2025,2,6,24,CRITICAL,FIBRA,LINK DOWN,CABLE BROKEN BACKBONE,network_002,branch_018,CLOSED,21.0,3.0,fiber_cable,0
inc_02350,incident_tx_ip,TXNOC,2025,2,6,24,CRITICAL,FIBRA,LINK DOWN,CABLE BROKEN BACKBONE,network_002,branch_003,CLOSED,15.0,7.0,fiber_cable,0
inc_02351,incident_tx_ip,TXNOC,2025,2,6,24,CRITICAL,FIBRA,LINK DOWN,CABLE BROKEN BACKBONE,network_002,branch_001,CLOSED,15.0,0.0,fiber_cable,0
inc_02352,incident_tx_ip,TXNOC,2025,2,6,24,MAJOR,FIBRA,LINK DOWN,IN SITE,network_002,branch_001,CLOSED,7.0,20.22,fiber_cable,1
inc_02353,incident_tx_ip,TXNOC,2025,2,6,24,CRITICAL,FIBRA,LINK DOWN,CABLE BROKEN BACKBONE,network_002,branch_021,CLOSED,15.0,29.5,attenuation,1
inc_02354,incident_tx_ip,TXNOC,2025,2,6,24,CRITICAL,FIBRA,LINK DOWN,CABLE BROKEN BACKBONE,network_002,branch_017,CLOSED,15.0,7.0,fiber_cable,0
inc_02355,incident_tx_ip,TXNOC,2025,2,6,24,CRITICAL,FIBRA,LINK DOWN,CABLE BROKEN BACKBONE,network_002,branch_004,CLOSED,15.0,0.0,fiber_cable,0
inc_02356,incident_tx_ip,TXNOC,2025,2,6,24,CRITICAL,FIBRA,LINK DOWN,CABLE BROKEN BACKBONE,network_002,branch_003,CLOSED,15.0,1.0,fiber_cable,0
inc_02357,incident_tx_ip,TXNOC,2025,2,6,24,CRITICAL,FIBRA,LINK DOWN,CABLE BROKEN BACKBONE,network_002,branch_007,CLOSED,15.0,0.0,fiber_cable,0
inc_02358,incident_tx_ip,TXNOC,2025,2,6,24,MAJOR,MICROWAVE,BAD PERFORMANCE,IN SITE,network_001,branch_004,CLOSED,15.0,45.97,other,1
inc_02359,incident_tx_ip,TXNOC,2025,2,6,24,MAJOR,MICROWAVE,BAD PERFORMANCE,IN SITE,network_001,branch_029,CLOSED,15.0,8.17,link_down,0
inc_02360,incident_tx_ip,TXNOC,2025,2,6,24,CRITICAL,FIBRA,ATTENUATION,CABLE BROKEN BACKBONE,network_002,branch_003,CLOSED,15.0,20.0,attenuation,1
inc_02361,incident_tx_ip,TXNOC,2025,2,6,25,CRITICAL,FIBRA,ATTENUATION,CABLE BROKEN ACCESS,network_002,branch_021,CLOSED,15.0,34.0,attenuation,1
inc_02362,incident_tx_ip,TXNOC,2025,2,6,25,CRITICAL,FIBRA,LINK DOWN,CABLE BROKEN ACCESS,network_002,branch_003,CLOSED,15.0,6.0,fiber_cable,0
inc_02363,incident_tx_ip,TXNOC,2025,2,6,25,MAJOR,MICROWAVE,BAD PERFORMANCE,IN SITE,network_001,branch_025,CLOSED,15.0,19.34,equipment_module,1
inc_02364,incident_tx_ip,TXNOC,2025,2,6,25,MAJOR,MICROWAVE,BAD PERFORMANCE,IN SITE,network_001,branch_001,CLOSED,15.0,351.83,equipment_module,1
inc_02365,incident_tx_ip,TXNOC,2025,2,6,25,MAJOR,MICROWAVE,BAD PERFORMANCE,IN SITE,network_001,branch_020,CLOSED,15.0,29.0,other,1
inc_02366,incident_tx_ip,TXNOC,2025,2,6,25,CRITICAL,FIBRA,ATTENUATION,CABLE BROKEN ACCESS,network_002,branch_018,CLOSED,21.0,1.0,attenuation,0
inc_02367,incident_tx_ip,TXNOC,2025,2,6,25,CRITICAL,FIBRA,LINK DOWN,CABLE BROKEN BACKBONE,network_002,branch_014,CLOSED,15.0,15.05,fiber_cable,1
inc_02368,incident_tx_ip,TXNOC,2025,2,6,25,CRITICAL,FIBRA,LINK DOWN,CABLE BROKEN BACKBONE,network_002,branch_007,CLOSED,15.0,14.13,fiber_cable,0
inc_02369,incident_tx_ip,TXNOC,2025,2,6,25,MAJOR,MICROWAVE,LINK DOWN,IN SITE,network_001,branch_014,CLOSED,15.0,321.0,equipment_module,1
inc_02370,incident_tx_ip,TXNOC,2025,2,6,25,MAJOR,MICROWAVE,LINK DOWN,IN SITE,network_001,branch_008,CLOSED,15.0,105.5,link_down,1
inc_02371,incident_tx_ip,TXNOC,2025,2,6,25,CRITICAL,FIBRA,LINK DOWN,CABLE BROKEN ACCESS,network_002,branch_022,CLOSED,15.0,1.58,fiber_cable,0
inc_02372,incident_tx_ip,TXNOC,2025,2,6,25,CRITICAL,FIBRA,LINK DOWN,CABLE BROKEN ACCESS,network_002,branch_010,CLOSED,15.0,4.0,fiber_cable,0
inc_02373,incident_tx_ip,TXNOC,2025,2,6,25,CRITICAL,FIBRA,LINK DOWN,CABLE BROKEN ACCESS,network_002,branch_008,CLOSED,15.0,0.0,fiber_cable,0
inc_02374,incident_tx_ip,TXNOC,2025,2,6,25,MAJOR,MICROWAVE,BAD PERFORMANCE,IN SITE,network_001,branch_001,CLOSED,15.0,18.0,other,1
inc_02375,incident_tx_ip,TXNOC,2025,2,6,25,MAJOR,FIBRA,LINK DOWN,CABLE BROKEN BACKBONE,network_002,branch_021,CLOSED,15.0,10.0,fiber_cable,0
inc_02376,incident_tx_ip,TXNOC,2025,2,6,25,CRITICAL,FIBRA,LINK DOWN,CABLE BROKEN BACKBONE,network_002,branch_001,CLOSED,15.0,5.33,fiber_cable,0
inc_02377,incident_tx_ip,TXNOC,2025,2,6,25,MAJOR,MICROWAVE,BAD PERFORMANCE,IN SITE,network_001,branch_020,CLOSED,15.0,0.33,other,0
inc_02378,incident_tx_ip,TXNOC,2025,2,6,25,CRITICAL,FIBRA,LINK DOWN,CABLE BROKEN BACKBONE,network_002,branch_007,CLOSED,15.0,1.67,fiber_cable,0
inc_02379,incident_tx_ip,TXNOC,2025,2,6,25,CRITICAL,FIBRA,LINK DOWN,CABLE BROKEN BACKBONE,network_002,branch_018,CLOSED,21.0,1.92,fiber_cable,0
inc_02380,incident_tx_ip,TXNOC,2025,2,6,25,CRITICAL,FIBRA,ATTENUATION,CABLE BROKEN ACCESS,network_002,branch_015,CLOSED,15.0,4.75,attenuation,0
inc_02381,incident_tx_ip,TXNOC,2025,2,6,25,CRITICAL,FIBRA,LINK DOWN,CABLE BROKEN ACCESS,network_002,branch_001,CLOSED,15.0,70.92,attenuation,1
inc_02382,incident_tx_ip,TXNOC,2025,2,6,25,CRITICAL,MICROWAVE,LINK DOWN,IN SITE,network_001,branch_022,CLOSED,15.0,30.33,equipment_module,1
inc_02383,incident_tx_ip,TXNOC,2025,2,6,25,CRITICAL,FIBRA,LINK DOWN,CABLE BROKEN ACCESS,network_002,branch_016,CLOSED,15.0,0.0,fiber_cable,0
inc_02384,incident_tx_ip,TXNOC,2025,2,6,25,CRITICAL,FIBRA,ATTENUATION,ATTENUATION NEAR TO THRESHOLD,network_002,branch_010,CLOSED,15.0,585.0,attenuation,1
inc_02385,incident_tx_ip,TXNOC,2025,3,7,25,CRITICAL,FIBRA,LINK DOWN,CABLE BROKEN ACCESS,network_002,branch_018,CLOSED,21.0,20.0,fiber_cable,0
inc_02386,incident_tx_ip,TXNOC,2025,3,7,25,CRITICAL,FIBRA,LINK DOWN,CABLE BROKEN ACCESS,network_002,branch_015,CLOSED,15.0,7.5,fiber_cable,0
inc_02387,incident_tx_ip,TXNOC,2025,3,7,25,CRITICAL,MICROWAVE,LINK DOWN,IN SITE,network_001,branch_005,CLOSED,15.0,17.5,link_down,1
inc_02388,incident_tx_ip,TXNOC,2025,3,7,25,CRITICAL,MICROWAVE,LINK DOWN,IN SITE,network_001,branch_012,CLOSED,15.0,567.5,equipment_module,1
inc_02389,incident_tx_ip,TXNOC,2025,3,7,25,CRITICAL,MICROWAVE,LINK DOWN,IN SITE,network_001,branch_014,CLOSED,15.0,325.5,equipment_module,1
inc_02390,incident_tx_ip,TXNOC,2025,3,7,25,CRITICAL,MICROWAVE,LINK DOWN,IN SITE,network_001,branch_008,CLOSED,15.0,7.5,equipment_module,0
inc_02391,incident_tx_ip,TXNOC,2025,3,7,25,CRITICAL,FIBRA,LINK DOWN,CABLE BROKEN BACKBONE,network_002,branch_020,CLOSED,15.0,0.0,fiber_cable,0
inc_02392,incident_tx_ip,TXNOC,2025,3,7,25,CRITICAL,FIBRA,LINK DOWN,CABLE BROKEN BACKBONE,network_002,branch_018,CLOSED,20.0,3.0,fiber_cable,0
inc_02393,incident_tx_ip,TXNOC,2025,3,7,25,CRITICAL,MICROWAVE,LINK DOWN,IN SITE,network_001,branch_014,CLOSED,15.0,67.5,equipment_module,1
inc_02394,incident_tx_ip,TXNOC,2025,3,7,25,CRITICAL,FIBRA,BAD PERFORMANCE,CABLE BROKEN BACKBONE,network_002,branch_021,CLOSED,7.0,1.0,temperature_environment,0
inc_02395,incident_tx_ip,TXNOC,2025,3,7,25,CRITICAL,FIBRA,LINK DOWN,CABLE BROKEN BACKBONE,network_002,branch_018,CLOSED,20.0,0.0,fiber_cable,0
inc_02396,incident_tx_ip,TXNOC,2025,3,7,25,CRITICAL,FIBRA,ATTENUATION,ATTENUATION OVER THRESHOLD,network_002,branch_032,CLOSED,22.0,1140.0,attenuation,1
inc_02397,incident_tx_ip,TXNOC,2025,3,7,26,CRITICAL,MICROWAVE,LINK DOWN,IN SITE,network_001,branch_022,CLOSED,15.0,10.0,equipment_module,0
inc_02398,incident_tx_ip,TXNOC,2025,3,7,26,CRITICAL,FIBRA,LINK DOWN,CABLE BROKEN BACKBONE,network_002,branch_003,CLOSED,15.0,3.0,fiber_cable,0
inc_02399,incident_tx_ip,TXNOC,2025,3,7,26,CRITICAL,FIBRA,LINK DOWN,CABLE BROKEN ACCESS,network_002,branch_003,CLOSED,15.0,4.17,fiber_cable,0
inc_02400,incident_tx_ip,TXNOC,2025,3,7,26,CRITICAL,FIBRA,LINK DOWN,CABLE BROKEN ACCESS,network_002,branch_020,CLOSED,15.0,0.0,fiber_cable,0
inc_02401,incident_tx_ip,TXNOC,2025,3,7,26,CRITICAL,FIBRA,ATTENUATION,ATTENUATION OVER THRESHOLD,network_002,branch_025,CLOSED,14.0,260.0,attenuation,1
inc_02402,incident_tx_ip,TXNOC,2025,3,7,26,CRITICAL,FIBRA,ATTENUATION,ATTENUATION OVER THRESHOLD,network_002,branch_021,CLOSED,15.0,6.67,attenuation,0
inc_02403,incident_tx_ip,TXNOC,2025,3,7,26,CRITICAL,MICROWAVE,LINK DOWN,IN SITE,network_001,branch_024,CLOSED,15.0,13.0,link_down,0
inc_02404,incident_tx_ip,TXNOC,2025,3,7,26,CRITICAL,FIBRA,ATTENUATION,ATTENUATION OVER THRESHOLD,network_002,branch_009,CLOSED,15.0,0.65,attenuation,0
inc_02405,incident_tx_ip,TXNOC,2025,3,7,26,CRITICAL,FIBRA,LINK DOWN,CABLE BROKEN BACKBONE,network_002,branch_001,CLOSED,15.0,13.33,fiber_cable,0
inc_02406,incident_tx_ip,TXNOC,2025,3,7,26,CRITICAL,FIBRA,LINK DOWN,CABLE BROKEN BACKBONE,network_002,branch_008,CLOSED,15.0,2.5,fiber_cable,0
inc_02407,incident_tx_ip,TXNOC,2025,3,7,26,CRITICAL,FIBRA,LINK DOWN,CABLE BROKEN BACKBONE,network_002,branch_032,CLOSED,22.0,0.0,fiber_cable,0
inc_02408,incident_tx_ip,TXNOC,2025,3,7,26,CRITICAL,FIBRA,ATTENUATION,CABLE BROKEN BACKBONE,network_002,branch_015,CLOSED,15.0,10.0,attenuation,0
inc_02409,incident_tx_ip,TXNOC,2025,3,7,26,MINOR,MICROWAVE,LINK DOWN,IN SITE,network_001,branch_024,CLOSED,15.0,10.0,attenuation,0
inc_02410,incident_tx_ip,TXNOC,2025,3,7,26,CRITICAL,FIBRA,ATTENUATION,ATTENUATION OVER THRESHOLD,network_002,branch_032,CLOSED,22.0,47.0,attenuation,1
inc_02411,incident_tx_ip,TXNOC,2025,3,7,26,CRITICAL,FIBRA,LINK DOWN,CABLE BROKEN BACKBONE,network_002,branch_022,CLOSED,15.0,8.0,fiber_cable,0
inc_02412,incident_tx_ip,TXNOC,2025,3,7,26,MINOR,MICROWAVE,LINK DOWN,IN SITE,network_001,branch_022,CLOSED,15.0,43.0,equipment_module,1
inc_02413,incident_tx_ip,TXNOC,2025,3,7,26,CRITICAL,FIBRA,LINK DOWN,CABLE BROKEN BACKBONE,network_002,branch_018,CLOSED,21.0,2.67,fiber_cable,0
inc_02414,incident_tx_ip,TXNOC,2025,3,7,26,CRITICAL,FIBRA,LINK DOWN,CABLE BROKEN BACKBONE,network_002,branch_018,CLOSED,21.0,3.0,fiber_cable,0
inc_02415,incident_tx_ip,TXNOC,2025,3,7,26,CRITICAL,FIBRA,ATTENUATION,ATTENUATION OVER THRESHOLD,network_002,branch_030,CLOSED,7.0,10.5,attenuation,1
inc_02416,incident_tx_ip,TXNOC,2025,3,7,26,CRITICAL,FIBRA,LINK DOWN,CABLE BROKEN BACKBONE,network_002,branch_005,CLOSED,15.0,7.0,fiber_cable,0
inc_02417,incident_tx_ip,TXNOC,2025,3,7,26,CRITICAL,FIBRA,LINK DOWN,CABLE BROKEN BACKBONE,network_002,branch_018,CLOSED,21.0,5.0,fiber_cable,0
inc_02418,incident_tx_ip,TXNOC,2025,3,7,26,CRITICAL,FIBRA,BAD PERFORMANCE,IN SITE,network_002,branch_004,CLOSED,7.0,102.0,fiber_cable,1
inc_02419,incident_tx_ip,TXNOC,2025,3,7,26,MAJOR,MICROWAVE,LINK DOWN,IN SITE,network_001,branch_014,CLOSED,15.0,130.0,equipment_module,1
inc_02420,incident_tx_ip,TXNOC,2025,3,7,26,MAJOR,MICROWAVE,LINK DOWN,IN SITE,network_001,branch_010,CLOSED,15.0,104.0,equipment_module,1
inc_02421,incident_tx_ip,TXNOC,2025,3,7,26,MAJOR,MICROWAVE,LINK DOWN,IN SITE,network_001,branch_014,CLOSED,15.0,20.0,link_down,1
inc_02422,incident_tx_ip,TXNOC,2025,3,7,26,CRITICAL,FIBRA,LINK DOWN,CABLE BROKEN BACKBONE,network_002,branch_014,CLOSED,15.0,0.0,fiber_cable,0
inc_02423,incident_tx_ip,TXNOC,2025,3,7,26,CRITICAL,FIBRA,LINK DOWN,CABLE BROKEN BACKBONE,network_002,branch_016,CLOSED,15.0,10.0,fiber_cable,0
inc_02424,incident_tx_ip,TXNOC,2025,3,7,26,CRITICAL,FIBRA,LINK DOWN,CABLE BROKEN BACKBONE,network_002,branch_001,CLOSED,15.0,3.5,fiber_cable,0
inc_02425,incident_tx_ip,TXNOC,2025,3,7,26,CRITICAL,FIBRA,LINK DOWN,CABLE BROKEN BACKBONE,network_002,branch_017,CLOSED,15.0,7.0,fiber_cable,0
inc_02426,incident_tx_ip,TXNOC,2025,3,7,27,MINOR,MICROWAVE,LINK DOWN,IN SITE,network_001,branch_004,CLOSED,15.0,85.0,equipment_module,1
inc_02427,incident_tx_ip,TXNOC,2025,3,7,27,MINOR,MICROWAVE,LINK DOWN,IN SITE,network_001,branch_029,CLOSED,15.0,10.0,equipment_module,0
inc_02428,incident_tx_ip,TXNOC,2025,3,7,27,MINOR,MICROWAVE,BAD PERFORMANCE,IN SITE,network_001,branch_014,CLOSED,15.0,450.0,other,1
inc_02429,incident_tx_ip,TXNOC,2025,3,7,27,CRITICAL,FIBRA,LINK DOWN,CABLE BROKEN BACKBONE,network_002,branch_018,CLOSED,21.0,29.33,fiber_cable,1
inc_02430,incident_tx_ip,TXNOC,2025,3,7,27,CRITICAL,FIBRA,LINK DOWN,CABLE BROKEN BACKBONE,network_002,branch_018,CLOSED,21.0,4.0,fiber_cable,0
inc_02431,incident_tx_ip,TXNOC,2025,3,7,27,CRITICAL,FIBRA,LINK DOWN,CABLE BROKEN BACKBONE,network_002,branch_030,CLOSED,17.0,6.0,fiber_cable,0
inc_02432,incident_tx_ip,TXNOC,2025,3,7,27,CRITICAL,FIBRA,LINK DOWN,CABLE BROKEN BACKBONE,network_002,branch_003,CLOSED,15.0,1.5,fiber_cable,0
inc_02433,incident_tx_ip,TXNOC,2025,3,7,27,CRITICAL,FIBRA,LINK DOWN,CABLE BROKEN BACKBONE,network_002,branch_017,CLOSED,15.0,3.0,fiber_cable,0
inc_02434,incident_tx_ip,TXNOC,2025,3,7,27,CRITICAL,FIBRA,LINK DOWN,CABLE BROKEN BACKBONE,network_002,branch_001,CLOSED,15.0,2.0,fiber_cable,0
inc_02435,incident_tx_ip,TXNOC,2025,3,7,27,CRITICAL,MICROWAVE,BAD PERFORMANCE,IN SITE,network_001,branch_006,CLOSED,15.0,40.0,logical_config,1
inc_02436,incident_tx_ip,TXNOC,2025,3,7,27,CRITICAL,FIBRA,BAD PERFORMANCE,IN SITE,network_002,branch_003,CLOSED,7.0,290.0,fiber_cable,1
inc_02437,incident_tx_ip,TXNOC,2025,3,7,27,CRITICAL,FIBRA,LINK DOWN,CABLE BROKEN BACKBONE,network_002,branch_004,CLOSED,15.0,6.5,fiber_cable,0
inc_02438,incident_tx_ip,TXNOC,2025,3,7,27,CRITICAL,FIBRA,LINK DOWN,CABLE BROKEN BACKBONE,network_002,branch_018,CLOSED,20.0,10.0,fiber_cable,0
inc_02439,incident_tx_ip,TXNOC,2025,3,7,27,CRITICAL,FIBRA,BAD PERFORMANCE,CABLE BROKEN BACKBONE,network_002,branch_003,CLOSED,15.0,6.17,fiber_cable,0
inc_02440,incident_tx_ip,TXNOC,2025,3,7,27,CRITICAL,FIBRA,BAD PERFORMANCE,IN SITE,network_002,branch_029,CLOSED,7.0,16.0,fiber_cable,1
inc_02441,incident_tx_ip,TXNOC,2025,3,7,27,CRITICAL,MICROWAVE,LINK DOWN,IN SITE,network_002,branch_011,CLOSED,7.0,5.33,link_down,0
inc_02442,incident_tx_ip,TXNOC,2025,3,7,27,MAJOR,MICROWAVE,LINK DOWN,IN SITE,network_001,branch_014,CLOSED,15.0,4.0,power_energy,0
inc_02443,incident_tx_ip,TXNOC,2025,3,7,27,MAJOR,MICROWAVE,LINK DOWN,IN SITE,network_001,branch_014,CLOSED,15.0,5.5,link_down,0
inc_02444,incident_tx_ip,TXNOC,2025,3,7,27,CRITICAL,MICROWAVE,BAD PERFORMANCE,IN SITE,network_001,branch_002,CLOSED,15.0,72.5,other,1
inc_02445,incident_tx_ip,TXNOC,2025,3,7,27,CRITICAL,FIBRA,LINK DOWN,CABLE BROKEN BACKBONE,network_002,branch_014,CLOSED,15.0,2.75,fiber_cable,0
inc_02446,incident_tx_ip,TXNOC,2025,3,7,27,CRITICAL,FIBRA,LINK DOWN,CABLE BROKEN BACKBONE,network_002,branch_022,CLOSED,15.0,3.0,fiber_cable,0
inc_02447,incident_tx_ip,TXNOC,2025,3,7,27,MAJOR,FIBRA,ATTENUATION,ATTENUATION NEAR TO THRESHOLD,network_002,branch_018,CLOSED,21.0,420.0,attenuation,1
inc_02448,incident_tx_ip,TXNOC,2025,3,7,27,CRITICAL,FIBRA,LINK DOWN,CABLE BROKEN BACKBONE,network_002,branch_015,CLOSED,15.0,3.5,fiber_cable,0
inc_02449,incident_tx_ip,TXNOC,2025,3,7,27,MAJOR,FIBRA,ATTENUATION,ATTENUATION NEAR TO THRESHOLD,network_002,branch_014,CLOSED,15.0,530.0,attenuation,1
inc_02450,incident_tx_ip,TXNOC,2025,3,7,27,CRITICAL,FIBRA,LINK DOWN,CABLE BROKEN BACKBONE,network_002,branch_022,CLOSED,15.0,0.0,fiber_cable,0
inc_02451,incident_tx_ip,TXNOC,2025,3,7,27,CRITICAL,FIBRA,LINK DOWN,CABLE BROKEN BACKBONE,network_002,branch_004,CLOSED,15.0,3.83,fiber_cable,0
inc_02452,incident_tx_ip,TXNOC,2025,3,7,27,MAJOR,FIBRA,ATTENUATION,ATTENUATION NEAR TO THRESHOLD,network_001,branch_014,CLOSED,15.0,10.0,attenuation,0
inc_02453,incident_tx_ip,TXNOC,2025,3,7,27,CRITICAL,FIBRA,BAD PERFORMANCE,IN SITE,network_002,branch_013,CLOSED,14.0,60.0,fiber_cable,1
inc_02454,incident_tx_ip,TXNOC,2025,3,7,27,MAJOR,FIBRA,ATTENUATION,ATTENUATION NEAR TO THRESHOLD,network_002,branch_018,CLOSED,21.0,9.5,attenuation,0
inc_02455,incident_tx_ip,TXNOC,2025,3,7,27,CRITICAL,FIBRA,LINK DOWN,CABLE BROKEN BACKBONE,network_002,branch_005,CLOSED,15.0,6.0,fiber_cable,0
inc_02456,incident_tx_ip,TXNOC,2025,3,7,27,CRITICAL,FIBRA,LINK DOWN,CABLE BROKEN BACKBONE,network_002,branch_014,CLOSED,15.0,3.88,fiber_cable,0
inc_02457,incident_tx_ip,TXNOC,2025,3,7,27,CRITICAL,FIBRA,LINK DOWN,CABLE BROKEN BACKBONE,network_002,branch_001,CLOSED,15.0,7.33,fiber_cable,0
inc_02458,incident_tx_ip,TXNOC,2025,3,7,27,CRITICAL,FIBRA,LINK DOWN,CABLE BROKEN BACKBONE,network_002,branch_004,CLOSED,15.0,14.5,fiber_cable,0
inc_02459,incident_tx_ip,TXNOC,2025,3,7,27,CRITICAL,FIBRA,LINK DOWN,CABLE BROKEN BACKBONE,network_002,branch_001,CLOSED,15.0,5.47,fiber_cable,0
inc_02460,incident_tx_ip,TXNOC,2025,3,7,27,CRITICAL,FIBRA,LINK DOWN,CABLE BROKEN BACKBONE,network_002,branch_021,CLOSED,15.0,6.45,fiber_cable,0
inc_02461,incident_tx_ip,TXNOC,2025,3,7,27,CRITICAL,FIBRA,LINK DOWN,CABLE BROKEN BACKBONE,network_002,branch_017,CLOSED,15.0,7.12,attenuation,0
inc_02462,incident_tx_ip,TXNOC,2025,3,7,28,CRITICAL,FIBRA,LINK DOWN,IN SITE,network_002,branch_003,CLOSED,7.0,0.0,fiber_cable,0
inc_02463,incident_tx_ip,TXNOC,2025,3,7,28,CRITICAL,FIBRA,BAD PERFORMANCE,IN SITE,network_002,branch_022,CLOSED,15.0,2.67,fiber_cable,0
inc_02464,incident_tx_ip,TXNOC,2025,3,7,28,CRITICAL,FIBRA,LINK DOWN,CABLE BROKEN BACKBONE,network_002,branch_014,CLOSED,15.0,5.5,fiber_cable,0
inc_02465,incident_tx_ip,TXNOC,2025,3,7,28,CRITICAL,FIBRA,LINK DOWN,CABLE BROKEN BACKBONE,network_002,branch_022,CLOSED,15.0,3.33,fiber_cable,0
inc_02466,incident_tx_ip,TXNOC,2025,3,7,28,CRITICAL,FIBRA,LINK DOWN,CABLE BROKEN BACKBONE,network_002,branch_012,CLOSED,15.0,5.5,fiber_cable,0
inc_02467,incident_tx_ip,TXNOC,2025,3,7,28,CRITICAL,FIBRA,LINK DOWN,CABLE BROKEN BACKBONE,network_002,branch_003,CLOSED,15.0,4.33,fiber_cable,0
inc_02468,incident_tx_ip,TXNOC,2025,3,7,28,CRITICAL,FIBRA,LINK DOWN,CABLE BROKEN BACKBONE,network_002,branch_005,CLOSED,15.0,0.0,fiber_cable,0
inc_02469,incident_tx_ip,TXNOC,2025,3,7,28,MAJOR,MICROWAVE,LINK DOWN,IN SITE,network_001,branch_014,CLOSED,15.0,10.0,equipment_module,0
inc_02470,incident_tx_ip,TXNOC,2025,3,7,28,MAJOR,MICROWAVE,LINK DOWN,IN SITE,network_001,branch_024,CLOSED,15.0,10.0,equipment_module,0
inc_02471,incident_tx_ip,TXNOC,2025,3,7,28,MAJOR,FIBRA,ATTENUATION,ATTENUATION NEAR TO THRESHOLD,network_002,branch_001,CLOSED,15.0,26.0,attenuation,1
inc_02472,incident_tx_ip,TXNOC,2025,3,7,28,CRITICAL,FIBRA,LINK DOWN,CABLE BROKEN BACKBONE,network_002,branch_022,CLOSED,15.0,3.67,fiber_cable,0
inc_02473,incident_tx_ip,TXNOC,2025,3,7,28,CRITICAL,FIBRA,LINK DOWN,CABLE BROKEN BACKBONE,network_002,branch_001,CLOSED,15.0,4.47,fiber_cable,0
inc_02474,incident_tx_ip,TXNOC,2025,3,7,28,CRITICAL,FIBRA,LINK DOWN,CABLE BROKEN BACKBONE,network_002,branch_022,CLOSED,15.0,1.92,fiber_cable,0
inc_02475,incident_tx_ip,TXNOC,2025,3,7,28,CRITICAL,FIBRA,LINK DOWN,CABLE BROKEN BACKBONE,network_002,branch_001,CLOSED,15.0,4.92,fiber_cable,0
inc_02476,incident_tx_ip,TXNOC,2025,3,7,28,CRITICAL,FIBRA,LINK DOWN,IN SITE,network_002,branch_003,CLOSED,15.0,6.5,fiber_cable,0
inc_02477,incident_tx_ip,TXNOC,2025,3,7,28,CRITICAL,MICROWAVE,BAD PERFORMANCE,IN SITE,network_001,branch_003,CLOSED,15.0,1004.0,equipment_module,1
inc_02478,incident_tx_ip,TXNOC,2025,3,7,28,CRITICAL,MICROWAVE,LINK DOWN,IN SITE,network_001,branch_012,CLOSED,15.0,140.0,equipment_module,1
inc_02479,incident_tx_ip,TXNOC,2025,3,7,28,CRITICAL,FIBRA,LINK DOWN,IN SITE,network_002,branch_001,CLOSED,15.0,1.5,attenuation,0
inc_02480,incident_tx_ip,TXNOC,2025,3,7,28,CRITICAL,FIBRA,ATTENUATION,ATTENUATION OVER THRESHOLD,network_002,branch_010,CLOSED,14.0,520.0,attenuation,1
inc_02481,incident_tx_ip,TXNOC,2025,3,7,28,CRITICAL,FIBRA,ATTENUATION,CABLE BROKEN BACKBONE,network_002,branch_003,CLOSED,15.0,2.0,attenuation,0
inc_02482,incident_tx_ip,TXNOC,2025,3,7,28,CRITICAL,FIBRA,ATTENUATION,CABLE BROKEN BACKBONE,network_002,branch_022,CLOSED,15.0,5.25,attenuation,0
inc_02483,incident_tx_ip,TXNOC,2025,3,7,28,CRITICAL,MICROWAVE,LINK DOWN,IN SITE,network_001,branch_024,CLOSED,15.0,37.0,equipment_module,1
inc_02484,incident_tx_ip,TXNOC,2025,3,7,28,CRITICAL,FIBRA,ATTENUATION,CABLE BROKEN BACKBONE,network_002,branch_018,CLOSED,21.0,8.08,attenuation,0
inc_02485,incident_tx_ip,TXNOC,2025,3,7,28,CRITICAL,FIBRA,LINK DOWN,CABLE BROKEN BACKBONE,network_002,branch_004,CLOSED,15.0,11.5,fiber_cable,0
inc_02486,incident_tx_ip,TXNOC,2025,3,7,28,CRITICAL,FIBRA,LINK DOWN,CABLE BROKEN BACKBONE,network_002,branch_004,CLOSED,15.0,10.67,fiber_cable,0
inc_02487,incident_tx_ip,TXNOC,2025,3,7,28,CRITICAL,FIBRA,LINK DOWN,CABLE BROKEN BACKBONE,network_002,branch_011,CLOSED,18.0,9.12,fiber_cable,0
inc_02488,incident_tx_ip,TXNOC,2025,3,7,28,CRITICAL,MICROWAVE,LINK DOWN,IN SITE,network_001,branch_004,CLOSED,15.0,2.0,equipment_module,0
inc_02489,incident_tx_ip,TXNOC,2025,3,7,28,CRITICAL,MICROWAVE,LINK DOWN,IN SITE,network_001,branch_003,CLOSED,15.0,10.0,equipment_module,0
inc_02490,incident_tx_ip,TXNOC,2025,3,7,28,CRITICAL,FIBRA,LINK DOWN,CABLE BROKEN BACKBONE,network_002,branch_002,CLOSED,15.0,3.0,fiber_cable,0
inc_02491,incident_tx_ip,TXNOC,2025,3,7,28,CRITICAL,FIBRA,LINK DOWN,CABLE BROKEN BACKBONE,network_002,branch_014,CLOSED,15.0,4.82,fiber_cable,0
inc_02492,incident_tx_ip,TXNOC,2025,3,7,28,CRITICAL,FIBRA,LINK DOWN,CABLE BROKEN BACKBONE,network_002,branch_004,CLOSED,15.0,8.0,fiber_cable,0
inc_02493,incident_tx_ip,TXNOC,2025,3,7,28,CRITICAL,FIBRA,LINK DOWN,CABLE BROKEN BACKBONE,network_002,branch_016,CLOSED,17.0,10.0,fiber_cable,0
inc_02494,incident_tx_ip,TXNOC,2025,3,7,28,CRITICAL,FIBRA,LINK DOWN,CABLE BROKEN BACKBONE,network_002,branch_016,CLOSED,14.0,4.5,fiber_cable,0
inc_02495,incident_tx_ip,TXNOC,2025,3,7,28,CRITICAL,FIBRA,LINK DOWN,CABLE BROKEN BACKBONE,network_002,branch_008,CLOSED,15.0,4.5,fiber_cable,0
inc_02496,incident_tx_ip,TXNOC,2025,3,7,28,CRITICAL,MICROWAVE,LINK DOWN,IN SITE,network_001,branch_024,CLOSED,15.0,506.5,equipment_module,1
inc_02497,incident_tx_ip,TXNOC,2025,3,7,28,CRITICAL,MICROWAVE,LINK DOWN,IN SITE,network_001,branch_022,CLOSED,15.0,84.5,equipment_module,1
inc_02498,incident_tx_ip,TXNOC,2025,3,7,28,MAJOR,MICROWAVE,LINK DOWN,IN SITE,network_001,branch_011,CLOSED,15.0,18.83,equipment_module,1
inc_02499,incident_tx_ip,TXNOC,2025,3,7,28,CRITICAL,FIBRA,LINK DOWN,CABLE BROKEN BACKBONE,network_002,branch_008,CLOSED,15.0,6.67,fiber_cable,0
inc_02500,incident_tx_ip,TXNOC,2025,3,7,28,CRITICAL,FIBRA,LINK DOWN,CABLE BROKEN BACKBONE,network_002,branch_018,CLOSED,21.0,1.8,fiber_cable,0
inc_02501,incident_tx_ip,TXNOC,2025,3,7,28,MAJOR,MICROWAVE,BAD PERFORMANCE,IN SITE,network_001,branch_024,CLOSED,7.0,2.8,logical_config,0
inc_02502,incident_tx_ip,TXNOC,2025,3,7,28,CRITICAL,FIBRA,LINK DOWN,IN SITE,network_002,branch_011,CLOSED,7.0,15.8,fiber_cable,1
inc_02503,incident_tx_ip,TXNOC,2025,3,7,28,CRITICAL,FIBRA,LINK DOWN,IN SITE,network_002,branch_003,CLOSED,15.0,26.0,attenuation,1
inc_02504,incident_tx_ip,TXNOC,2025,3,7,29,CRITICAL,FIBRA,LINK DOWN,IN SITE,network_002,branch_010,CLOSED,14.0,2.0,fiber_cable,0
inc_02505,incident_tx_ip,TXNOC,2025,3,7,29,CRITICAL,MICROWAVE,LINK DOWN,IN SITE,network_001,branch_024,CLOSED,15.0,10.0,link_down,0
inc_02506,incident_tx_ip,TXNOC,2025,3,7,29,CRITICAL,FIBRA,LINK DOWN,IN SITE,network_002,branch_002,CLOSED,15.0,0.13,fiber_cable,0
inc_02507,incident_tx_ip,TXNOC,2025,3,7,29,CRITICAL,FIBRA,ATTENUATION,CABLE BROKEN BACKBONE,network_002,branch_004,CLOSED,15.0,10.5,attenuation,0
inc_02508,incident_tx_ip,TXNOC,2025,3,7,29,CRITICAL,FIBRA,ATTENUATION,ATTENUATION NEAR TO THRESHOLD,network_002,branch_017,CLOSED,15.0,910.0,attenuation,1
inc_02509,incident_tx_ip,TXNOC,2025,3,7,29,CRITICAL,FIBRA,LINK DOWN,CABLE BROKEN BACKBONE,network_002,branch_003,CLOSED,15.0,3.63,fiber_cable,0
inc_02510,incident_tx_ip,TXNOC,2025,3,7,29,CRITICAL,FIBRA,LINK DOWN,CABLE BROKEN BACKBONE,network_002,branch_017,CLOSED,15.0,1.0,fiber_cable,0
inc_02511,incident_tx_ip,TXNOC,2025,3,7,29,CRITICAL,FIBRA,LINK DOWN,CABLE BROKEN BACKBONE,network_002,branch_001,CLOSED,15.0,4.35,fiber_cable,0
inc_02512,incident_tx_ip,TXNOC,2025,3,7,29,CRITICAL,MICROWAVE,BAD PERFORMANCE,IN SITE,network_001,branch_023,CLOSED,15.0,881.5,other,1
inc_02513,incident_tx_ip,TXNOC,2025,3,7,29,CRITICAL,FIBRA,LINK DOWN,CABLE BROKEN BACKBONE,network_002,branch_003,CLOSED,15.0,4.5,fiber_cable,0
inc_02514,incident_tx_ip,TXNOC,2025,3,7,29,CRITICAL,FIBRA,LINK DOWN,CABLE BROKEN BACKBONE,network_002,branch_018,CLOSED,21.0,5.48,fiber_cable,0
inc_02515,incident_tx_ip,TXNOC,2025,3,7,29,CRITICAL,FIBRA,LINK DOWN,CABLE BROKEN BACKBONE,network_002,branch_018,CLOSED,20.0,3.17,fiber_cable,0
inc_02516,incident_tx_ip,TXNOC,2025,3,7,29,CRITICAL,FIBRA,LINK DOWN,CABLE BROKEN BACKBONE,network_002,branch_018,CLOSED,21.0,6.82,fiber_cable,0
inc_02517,incident_tx_ip,TXNOC,2025,3,7,29,CRITICAL,FIBRA,LINK DOWN,CABLE BROKEN BACKBONE,network_002,branch_005,CLOSED,15.0,3.17,fiber_cable,0
inc_02518,incident_tx_ip,TXNOC,2025,3,7,29,CRITICAL,FIBRA,LINK DOWN,CABLE BROKEN ACCESS,network_002,branch_003,CLOSED,15.0,29.07,fiber_cable,1
inc_02519,incident_tx_ip,TXNOC,2025,3,7,29,CRITICAL,FIBRA,LINK DOWN,CABLE BROKEN BACKBONE,network_002,branch_018,CLOSED,20.0,10.0,fiber_cable,0
inc_02520,incident_tx_ip,TXNOC,2025,3,7,29,CRITICAL,FIBRA,LINK DOWN,CABLE BROKEN BACKBONE,network_002,branch_017,CLOSED,15.0,7.92,fiber_cable,0
inc_02521,incident_tx_ip,TXNOC,2025,3,7,29,CRITICAL,FIBRA,LINK DOWN,CABLE BROKEN BACKBONE,network_002,branch_018,CLOSED,21.0,3.25,fiber_cable,0
inc_02522,incident_tx_ip,TXNOC,2025,3,7,29,CRITICAL,FIBRA,LINK DOWN,CABLE BROKEN BACKBONE,network_002,branch_018,CLOSED,20.0,1.5,fiber_cable,0
inc_02523,incident_tx_ip,TXNOC,2025,3,7,29,CRITICAL,FIBRA,LINK DOWN,CABLE BROKEN BACKBONE,network_002,branch_014,CLOSED,15.0,9.5,fiber_cable,0
inc_02524,incident_tx_ip,TXNOC,2025,3,7,29,CRITICAL,FIBRA,LINK DOWN,CABLE BROKEN BACKBONE,network_002,branch_010,CLOSED,14.0,6.5,fiber_cable,0
inc_02525,incident_tx_ip,TXNOC,2025,3,7,29,CRITICAL,FIBRA,LINK DOWN,CABLE BROKEN BACKBONE,network_002,branch_020,CLOSED,15.0,5.5,fiber_cable,0
inc_02526,incident_tx_ip,TXNOC,2025,3,7,29,CRITICAL,FIBRA,LINK DOWN,CABLE BROKEN BACKBONE,network_002,branch_029,CLOSED,15.0,2.0,fiber_cable,0
inc_02527,incident_tx_ip,TXNOC,2025,3,7,29,CRITICAL,FIBRA,LINK DOWN,CABLE BROKEN BACKBONE,network_002,branch_029,CLOSED,7.0,2.0,fiber_cable,0
inc_02528,incident_tx_ip,TXNOC,2025,3,7,29,CRITICAL,FIBRA,ATTENUATION,ATTENUATION NEAR TO THRESHOLD,network_002,branch_010,CLOSED,14.0,450.0,attenuation,1
inc_02529,incident_tx_ip,TXNOC,2025,3,7,29,CRITICAL,FIBRA,ATTENUATION,ATTENUATION NEAR TO THRESHOLD,network_002,branch_022,CLOSED,15.0,879.5,attenuation,1
inc_02530,incident_tx_ip,TXNOC,2025,3,7,29,CRITICAL,FIBRA,LINK DOWN,CABLE BROKEN BACKBONE,network_002,branch_008,CLOSED,15.0,9.4,fiber_cable,0
inc_02531,incident_tx_ip,TXNOC,2025,3,7,29,CRITICAL,FIBRA,LINK DOWN,CABLE BROKEN BACKBONE,network_002,branch_001,CLOSED,15.0,4.75,fiber_cable,0
inc_02532,incident_tx_ip,TXNOC,2025,3,7,29,CRITICAL,FIBRA,LINK DOWN,CABLE BROKEN BACKBONE,network_002,branch_004,CLOSED,15.0,1.08,fiber_cable,0
inc_02533,incident_tx_ip,TXNOC,2025,3,7,29,CRITICAL,FIBRA,LINK DOWN,CABLE BROKEN BACKBONE,network_002,branch_001,CLOSED,15.0,11.25,fiber_cable,0
inc_02534,incident_tx_ip,TXNOC,2025,3,7,29,CRITICAL,FIBRA,LINK DOWN,CABLE BROKEN BACKBONE,network_002,branch_014,CLOSED,15.0,3.75,fiber_cable,0
inc_02535,incident_tx_ip,TXNOC,2025,3,7,29,CRITICAL,FIBRA,LINK DOWN,ATTENUATION OVER THRESHOLD,network_002,branch_006,CLOSED,13.0,3.0,attenuation,0
inc_02536,incident_tx_ip,TXNOC,2025,3,7,29,CRITICAL,FIBRA,ATTENUATION,ATTENUATION OVER THRESHOLD,network_002,branch_016,CLOSED,25.0,52.0,attenuation,1
inc_02537,incident_tx_ip,TXNOC,2025,3,7,29,CRITICAL,FIBRA,LINK DOWN,ATTENUATION OVER THRESHOLD,network_002,branch_017,CLOSED,15.0,7.5,fiber_cable,0
inc_02538,incident_tx_ip,TXNOC,2025,3,7,29,CRITICAL,FIBRA,LINK DOWN,CABLE BROKEN BACKBONE,network_002,branch_010,CLOSED,15.0,7.5,fiber_cable,0
inc_02539,incident_tx_ip,TXNOC,2025,3,8,30,MAJOR,FIBRA,ATTENUATION,ATTENUATION NEAR TO THRESHOLD,network_002,branch_008,CLOSED,15.0,16.0,attenuation,1
inc_02540,incident_tx_ip,TXNOC,2025,3,8,30,CRITICAL,FIBRA,LINK DOWN,CABLE BROKEN ACCESS,network_002,branch_003,CLOSED,15.0,2.17,fiber_cable,0
inc_02541,incident_tx_ip,TXNOC,2025,3,8,30,CRITICAL,FIBRA,ATTENUATION,ATTENUATION OVER THRESHOLD,network_002,branch_015,CLOSED,15.0,1.17,attenuation,0
inc_02542,incident_tx_ip,TXNOC,2025,3,8,30,CRITICAL,MICROWAVE,BAD PERFORMANCE,IN SITE,network_001,branch_019,CLOSED,15.0,102.51,equipment_module,1
inc_02543,incident_tx_ip,TXNOC,2025,3,8,30,MAJOR,MICROWAVE,BAD PERFORMANCE,IN SITE,network_001,branch_007,CLOSED,15.0,10.0,equipment_module,0
inc_02544,incident_tx_ip,TXNOC,2025,3,8,30,CRITICAL,FIBRA,LINK DOWN,CABLE BROKEN ACCESS,network_002,branch_012,CLOSED,15.0,935.83,attenuation,1
inc_02545,incident_tx_ip,TXNOC,2025,3,8,30,MAJOR,MICROWAVE,BAD PERFORMANCE,IN SITE,network_001,branch_012,CLOSED,15.0,80.0,equipment_module,1
inc_02546,incident_tx_ip,TXNOC,2025,3,8,30,CRITICAL,FIBRA,ATTENUATION,ATTENUATION NEAR TO THRESHOLD,network_002,branch_016,CLOSED,15.0,410.0,attenuation,1
inc_02547,incident_tx_ip,TXNOC,2025,3,8,30,CRITICAL,FIBRA,LINK DOWN,CABLE BROKEN BACKBONE,network_002,branch_002,CLOSED,15.0,5.67,fiber_cable,0
inc_02548,incident_tx_ip,TXNOC,2025,3,8,30,CRITICAL,FIBRA,LINK DOWN,CABLE BROKEN BACKBONE,network_002,branch_003,CLOSED,15.0,3.5,fiber_cable,0
inc_02549,incident_tx_ip,TXNOC,2025,3,8,30,CRITICAL,FIBRA,LINK DOWN,CABLE BROKEN BACKBONE,network_002,branch_004,CLOSED,15.0,2.5,fiber_cable,0
inc_02550,incident_tx_ip,TXNOC,2025,3,8,30,CRITICAL,MICROWAVE,LINK DOWN,CABLE BROKEN BACKBONE,network_001,branch_029,CLOSED,15.0,17.0,equipment_module,1
inc_02551,incident_tx_ip,TXNOC,2025,3,8,30,CRITICAL,FIBRA,LINK DOWN,CABLE BROKEN BACKBONE,network_002,branch_019,CLOSED,15.0,4.5,fiber_cable,0
inc_02552,incident_tx_ip,TXNOC,2025,3,8,30,CRITICAL,FIBRA,LINK DOWN,CABLE BROKEN BACKBONE,network_002,branch_008,CLOSED,15.0,0.0,fiber_cable,0
inc_02553,incident_tx_ip,TXNOC,2025,3,8,30,CRITICAL,FIBRA,ATTENUATION,ATTENUATION NEAR TO THRESHOLD,network_002,branch_003,CLOSED,15.0,11.0,attenuation,0
inc_02554,incident_tx_ip,TXNOC,2025,3,8,30,CRITICAL,FIBRA,ATTENUATION,ATTENUATION OVER THRESHOLD,network_002,branch_018,CLOSED,21.0,0.0,attenuation,0
inc_02555,incident_tx_ip,TXNOC,2025,3,8,30,MAJOR,FIBRA,ATTENUATION,ATTENUATION NEAR TO THRESHOLD,network_002,branch_017,CLOSED,15.0,390.0,attenuation,1
inc_02556,incident_tx_ip,TXNOC,2025,3,8,30,MAJOR,FIBRA,ATTENUATION,ATTENUATION NEAR TO THRESHOLD,network_002,branch_005,CLOSED,15.0,400.0,attenuation,1
inc_02557,incident_tx_ip,TXNOC,2025,3,8,30,CRITICAL,FIBRA,LINK DOWN,CABLE BROKEN BACKBONE,network_002,branch_011,CLOSED,15.0,13.5,fiber_cable,0
inc_02558,incident_tx_ip,TXNOC,2025,3,8,30,CRITICAL,FIBRA,LINK DOWN,CABLE BROKEN BACKBONE,network_002,branch_003,CLOSED,15.0,1.83,fiber_cable,0
inc_02559,incident_tx_ip,TXNOC,2025,3,8,30,MAJOR,MICROWAVE,BAD PERFORMANCE,IN SITE,network_001,branch_024,CONTINUE,15.0,1.83,other,0
inc_02560,incident_tx_ip,TXNOC,2025,3,8,30,CRITICAL,FIBRA,LINK DOWN,CABLE BROKEN BACKBONE,network_002,branch_009,CLOSED,15.0,7.83,fiber_cable,0
inc_02561,incident_tx_ip,TXNOC,2025,3,8,30,CRITICAL,FIBRA,LINK DOWN,CABLE BROKEN BACKBONE,network_002,branch_003,CLOSED,15.0,1.67,fiber_cable,0
inc_02562,incident_tx_ip,TXNOC,2025,3,8,30,CRITICAL,FIBRA,LINK DOWN,CABLE BROKEN BACKBONE,network_002,branch_003,CLOSED,15.0,0.0,fiber_cable,0
inc_02563,incident_tx_ip,TXNOC,2025,3,8,30,CRITICAL,FIBRA,ATTENUATION,ATTENUATION OVER THRESHOLD,network_002,branch_029,CLOSED,15.0,250.0,attenuation,1
inc_02564,incident_tx_ip,TXNOC,2025,3,8,30,MAJOR,MICROWAVE,BAD PERFORMANCE,IN SITE,network_001,branch_014,CLOSED,15.0,37.0,equipment_module,1
inc_02565,incident_tx_ip,TXNOC,2025,3,8,30,CRITICAL,FIBRA,LINK DOWN,CABLE BROKEN BACKBONE,network_002,branch_018,CLOSED,21.0,7.0,fiber_cable,0
inc_02566,incident_tx_ip,TXNOC,2025,3,8,30,CRITICAL,FIBRA,LINK DOWN,CABLE BROKEN BACKBONE,network_002,branch_007,CLOSED,15.0,6.5,fiber_cable,0
inc_02567,incident_tx_ip,TXNOC,2025,3,8,30,CRITICAL,FIBRA,LINK DOWN,CABLE BROKEN BACKBONE,network_002,branch_003,CLOSED,15.0,2.17,fiber_cable,0
inc_02568,incident_tx_ip,TXNOC,2025,3,8,30,CRITICAL,FIBRA,LINK DOWN,CABLE BROKEN BACKBONE,network_002,branch_017,CLOSED,15.0,1.17,fiber_cable,0
inc_02569,incident_tx_ip,TXNOC,2025,3,8,30,CRITICAL,FIBRA,LINK DOWN,CABLE BROKEN BACKBONE,network_002,branch_006,CLOSED,15.0,0.67,fiber_cable,0
inc_02570,incident_tx_ip,TXNOC,2025,3,8,30,MAJOR,MICROWAVE,BAD PERFORMANCE,IN SITE,network_001,branch_030,CLOSED,15.0,29.67,equipment_module,1
inc_02571,incident_tx_ip,TXNOC,2025,3,8,30,CRITICAL,FIBRA,LINK DOWN,CABLE BROKEN BACKBONE,network_002,branch_018,CLOSED,21.0,0.0,fiber_cable,0
inc_02572,incident_tx_ip,TXNOC,2025,3,8,30,CRITICAL,FIBRA,LINK DOWN,CABLE BROKEN ACCESS,network_002,branch_010,CLOSED,15.0,5.0,fiber_cable,0
inc_02573,incident_tx_ip,TXNOC,2025,3,8,30,CRITICAL,FIBRA,LINK DOWN,ATTENUATION OVER THRESHOLD,network_002,branch_003,CLOSED,15.0,12.0,fiber_cable,0
inc_02574,incident_tx_ip,TXNOC,2025,3,8,30,MAJOR,MICROWAVE,BAD PERFORMANCE,IN SITE,network_001,branch_022,CLOSED,15.0,8.33,other,0
inc_02575,incident_tx_ip,TXNOC,2025,3,8,30,CRITICAL,FIBRA,LINK DOWN,CABLE BROKEN ACCESS,network_002,branch_003,CLOSED,15.0,3.83,fiber_cable,0
inc_02576,incident_tx_ip,TXNOC,2025,3,8,30,CRITICAL,FIBRA,LINK DOWN,CABLE BROKEN ACCESS,network_002,branch_001,CLOSED,15.0,1.5,fiber_cable,0
inc_02577,incident_tx_ip,TXNOC,2025,3,8,30,CRITICAL,FIBRA,LINK DOWN,CABLE BROKEN ACCESS,network_002,branch_008,CLOSED,15.0,3.0,fiber_cable,0
inc_02578,incident_tx_ip,TXNOC,2025,3,8,30,CRITICAL,FIBRA,LINK DOWN,CABLE BROKEN ACCESS,network_002,branch_003,CLOSED,15.0,2.0,fiber_cable,0
inc_02579,incident_tx_ip,TXNOC,2025,3,8,30,CRITICAL,FIBRA,LINK DOWN,ATTENUATION OVER THRESHOLD,network_002,branch_009,CLOSED,15.0,2.0,attenuation,0
inc_02580,incident_tx_ip,TXNOC,2025,3,8,30,MAJOR,MICROWAVE,BAD PERFORMANCE,IN SITE,network_001,branch_024,CLOSED,15.0,160.0,other,1
inc_02581,incident_tx_ip,TXNOC,2025,3,8,30,CRITICAL,FIBRA,LINK DOWN,CABLE BROKEN BACKBONE,network_002,branch_022,CLOSED,15.0,2.5,fiber_cable,0
inc_02582,incident_tx_ip,TXNOC,2025,3,8,30,CRITICAL,FIBRA,LINK DOWN,CABLE BROKEN BACKBONE,network_002,branch_018,CLOSED,21.0,4.0,fiber_cable,0
inc_02583,incident_tx_ip,TXNOC,2025,3,8,30,CRITICAL,MICROWAVE,LINK DOWN,IN SITE,network_001,branch_014,CLOSED,15.0,17.0,link_down,1
inc_02584,incident_tx_ip,TXNOC,2025,3,8,31,CRITICAL,FIBRA,LINK DOWN,CABLE BROKEN BACKBONE,network_002,branch_020,CLOSED,15.0,5.0,fiber_cable,0
inc_02585,incident_tx_ip,TXNOC,2025,3,8,31,CRITICAL,FIBRA,LINK DOWN,CABLE BROKEN BACKBONE,network_002,branch_005,CLOSED,15.0,6.0,fiber_cable,0
inc_02586,incident_tx_ip,TXNOC,2025,3,8,31,MAJOR,MICROWAVE,BAD PERFORMANCE,IN SITE,network_001,branch_010,CLOSED,15.0,70.0,link_down,1
inc_02587,incident_tx_ip,TXNOC,2025,3,8,31,CRITICAL,FIBRA,LINK DOWN,CABLE BROKEN BACKBONE,network_002,branch_012,CLOSED,15.0,7.5,fiber_cable,0
inc_02588,incident_tx_ip,TXNOC,2025,3,8,31,CRITICAL,FIBRA,LINK DOWN,CABLE BROKEN BACKBONE,network_002,branch_018,CLOSED,21.0,7.0,fiber_cable,0
inc_02589,incident_tx_ip,TXNOC,2025,3,8,31,CRITICAL,FIBRA,LINK DOWN,CABLE BROKEN BACKBONE,network_002,branch_010,CLOSED,15.0,4.0,fiber_cable,0
inc_02590,incident_tx_ip,TXNOC,2025,3,8,31,CRITICAL,FIBRA,LINK DOWN,CABLE BROKEN BACKBONE,network_002,branch_004,CLOSED,15.0,0.0,fiber_cable,0
inc_02591,incident_tx_ip,TXNOC,2025,3,8,31,CRITICAL,FIBRA,LINK DOWN,CABLE BROKEN BACKBONE,network_002,branch_010,CLOSED,15.0,16.5,attenuation,1
inc_02592,incident_tx_ip,TXNOC,2025,3,8,31,CRITICAL,FIBRA,LINK DOWN,CABLE BROKEN BACKBONE,network_002,branch_015,CLOSED,15.0,9.0,fiber_cable,0
inc_02593,incident_tx_ip,TXNOC,2025,3,8,31,CRITICAL,FIBRA,LINK DOWN,CABLE BROKEN BACKBONE,network_002,branch_003,CLOSED,15.0,1.83,fiber_cable,0
inc_02594,incident_tx_ip,TXNOC,2025,3,8,31,CRITICAL,FIBRA,LINK DOWN,CABLE BROKEN BACKBONE,network_002,branch_003,CLOSED,15.0,2.67,fiber_cable,0
inc_02595,incident_tx_ip,TXNOC,2025,3,8,31,CRITICAL,FIBRA,LINK DOWN,CABLE BROKEN BACKBONE,network_002,branch_018,CLOSED,21.0,1.92,fiber_cable,0
inc_02596,incident_tx_ip,TXNOC,2025,3,8,31,MAJOR,FIBRA,ATTENUATION,ATTENUATION OVER THRESHOLD,network_002,branch_020,CLOSED,15.0,14.5,attenuation,0
inc_02597,incident_tx_ip,TXNOC,2025,3,8,31,CRITICAL,FIBRA,LINK DOWN,CABLE BROKEN BACKBONE,network_002,branch_003,CLOSED,15.0,10.0,fiber_cable,0
inc_02598,incident_tx_ip,TXNOC,2025,3,8,31,MAJOR,MICROWAVE,LINK DOWN,IN SITE,network_001,branch_007,CLOSED,15.0,10.0,link_down,0
inc_02599,incident_tx_ip,TXNOC,2025,3,8,31,MAJOR,MICROWAVE,LINK DOWN,IN SITE,network_001,branch_011,CLOSED,15.0,38.0,equipment_module,1
inc_02600,incident_tx_ip,TXNOC,2025,3,8,31,CRITICAL,FIBRA,ATTENUATION,ATTENUATION OVER THRESHOLD,network_002,branch_004,CLOSED,15.0,190.0,attenuation,1
inc_02601,incident_tx_ip,TXNOC,2025,3,8,31,CRITICAL,FIBRA,ATTENUATION,ATTENUATION OVER THRESHOLD,network_002,branch_003,CLOSED,15.0,400.0,attenuation,1
inc_02602,incident_tx_ip,TXNOC,2025,3,8,31,CRITICAL,FIBRA,LINK DOWN,IN SITE,network_002,branch_022,CLOSED,15.0,90.0,fiber_cable,1
inc_02603,incident_tx_ip,TXNOC,2025,3,8,31,MAJOR,MICROWAVE,LINK DOWN,IN SITE,network_001,branch_001,CLOSED,15.0,180.0,equipment_module,1
inc_02604,incident_tx_ip,TXNOC,2025,3,8,31,CRITICAL,FIBRA,ATTENUATION,CABLE BROKEN BACKBONE,network_002,branch_007,CLOSED,15.0,4.0,attenuation,0
inc_02605,incident_tx_ip,TXNOC,2025,3,8,31,CRITICAL,FIBRA,ATTENUATION,CABLE BROKEN BACKBONE,network_002,branch_018,CLOSED,20.0,2.0,attenuation,0
inc_02606,incident_tx_ip,TXNOC,2025,3,8,31,MAJOR,MICROWAVE,BAD PERFORMANCE,IN SITE,network_001,branch_010,CLOSED,15.0,5.0,link_down,0
inc_02607,incident_tx_ip,TXNOC,2025,3,8,31,MAJOR,MICROWAVE,BAD PERFORMANCE,IN SITE,network_001,branch_012,CLOSED,15.0,5.0,equipment_module,0
inc_02608,incident_tx_ip,TXNOC,2025,3,8,31,MAJOR,MICROWAVE,BAD PERFORMANCE,IN SITE,network_001,branch_005,CLOSED,15.0,6.0,equipment_module,0
inc_02609,incident_tx_ip,TXNOC,2025,3,8,31,CRITICAL,FIBRA,LINK DOWN,CABLE BROKEN BACKBONE,network_002,branch_003,CLOSED,15.0,6.75,fiber_cable,0
inc_02610,incident_tx_ip,TXNOC,2025,3,8,31,CRITICAL,FIBRA,LINK DOWN,CABLE BROKEN BACKBONE,network_002,branch_003,CLOSED,15.0,6.5,fiber_cable,0
inc_02611,incident_tx_ip,TXNOC,2025,3,8,32,CRITICAL,FIBRA,LINK DOWN,CABLE BROKEN BACKBONE,network_002,branch_018,CLOSED,20.0,0.0,fiber_cable,0
inc_02612,incident_tx_ip,TXNOC,2025,3,8,32,CRITICAL,FIBRA,BAD PERFORMANCE,IN SITE,network_002,branch_007,CLOSED,7.0,171.0,fiber_cable,1
inc_02613,incident_tx_ip,TXNOC,2025,3,8,32,MAJOR,MICROWAVE,LINK DOWN,IN SITE,network_001,branch_014,CLOSED,15.0,7.5,equipment_module,0
inc_02614,incident_tx_ip,TXNOC,2025,3,8,32,CRITICAL,FIBRA,BAD PERFORMANCE,IN SITE,network_002,branch_022,CLOSED,15.0,7.0,fiber_cable,0
inc_02615,incident_tx_ip,TXNOC,2025,3,8,32,CRITICAL,FIBRA,BAD PERFORMANCE,IN SITE,network_002,branch_018,CLOSED,20.0,6.0,fiber_cable,0
inc_02616,incident_tx_ip,TXNOC,2025,3,8,32,CRITICAL,FIBRA,BAD PERFORMANCE,IN SITE,network_002,branch_003,CLOSED,15.0,5.0,fiber_cable,0
inc_02617,incident_tx_ip,TXNOC,2025,3,8,32,CRITICAL,FIBRA,BAD PERFORMANCE,IN SITE,network_002,branch_018,CLOSED,20.0,3.0,fiber_cable,0
inc_02618,incident_tx_ip,TXNOC,2025,3,8,32,CRITICAL,FIBRA,BAD PERFORMANCE,IN SITE,network_002,branch_015,CLOSED,15.0,5.0,attenuation,0
inc_02619,incident_tx_ip,TXNOC,2025,3,8,32,CRITICAL,FIBRA,BAD PERFORMANCE,IN SITE,network_002,branch_018,CLOSED,20.0,5.0,fiber_cable,0
inc_02620,incident_tx_ip,TXNOC,2025,3,8,32,CRITICAL,FIBRA,BAD PERFORMANCE,IN SITE,network_002,branch_022,CLOSED,15.0,6.0,fiber_cable,0
inc_02621,incident_tx_ip,TXNOC,2025,3,8,32,CRITICAL,FIBRA,BAD PERFORMANCE,IN SITE,network_002,branch_020,CLOSED,15.0,3.0,fiber_cable,0
inc_02622,incident_tx_ip,TXNOC,2025,3,8,32,CRITICAL,FIBRA,BAD PERFORMANCE,IN SITE,network_002,branch_010,CLOSED,14.0,4.0,fiber_cable,0
inc_02623,incident_tx_ip,TXNOC,2025,3,8,32,MAJOR,MICROWAVE,LINK DOWN,IN SITE,network_001,branch_001,CLOSED,15.0,200.0,link_down,1
inc_02624,incident_tx_ip,TXNOC,2025,3,8,32,CRITICAL,FIBRA,LINK DOWN,CABLE BROKEN BACKBONE,network_002,branch_018,CLOSED,21.0,9.85,fiber_cable,0
inc_02625,incident_tx_ip,TXNOC,2025,3,8,32,CRITICAL,FIBRA,LINK DOWN,CABLE BROKEN BACKBONE,network_002,branch_007,CLOSED,15.0,7.52,fiber_cable,0
inc_02626,incident_tx_ip,TXNOC,2025,3,8,32,CRITICAL,FIBRA,LINK DOWN,CABLE BROKEN ACCESS,network_002,branch_020,CLOSED,15.0,8.65,fiber_cable,0
inc_02627,incident_tx_ip,TXNOC,2025,3,8,32,CRITICAL,FIBRA,LINK DOWN,CABLE BROKEN BACKBONE,network_002,branch_006,CLOSED,15.0,3.08,fiber_cable,0
inc_02628,incident_tx_ip,TXNOC,2025,3,8,32,CRITICAL,FIBRA,LINK DOWN,CABLE BROKEN BACKBONE,network_002,branch_001,CLOSED,15.0,0.0,fiber_cable,0
inc_02629,incident_tx_ip,TXNOC,2025,3,8,32,CRITICAL,FIBRA,LINK DOWN,IN SITE,network_002,branch_010,CLOSED,14.0,20.0,fiber_cable,1
inc_02630,incident_tx_ip,TXNOC,2025,3,8,32,CRITICAL,FIBRA,LINK DOWN,CABLE BROKEN BACKBONE,network_002,branch_018,CLOSED,21.0,3.17,fiber_cable,0
inc_02631,incident_tx_ip,TXNOC,2025,3,8,32,CRITICAL,FIBRA,LINK DOWN,CABLE BROKEN BACKBONE,network_002,branch_022,CLOSED,15.0,8.23,fiber_cable,0
inc_02632,incident_tx_ip,TXNOC,2025,3,8,32,CRITICAL,FIBRA,LINK DOWN,CABLE BROKEN BACKBONE,network_002,branch_018,CLOSED,21.0,8.23,fiber_cable,0
inc_02633,incident_tx_ip,TXNOC,2025,3,8,32,CRITICAL,FIBRA,LINK DOWN,CABLE BROKEN BACKBONE,network_002,branch_003,CLOSED,15.0,7.9,fiber_cable,0
inc_02634,incident_tx_ip,TXNOC,2025,3,8,32,CRITICAL,FIBRA,LINK DOWN,CABLE BROKEN BACKBONE,network_002,branch_020,CLOSED,15.0,6.0,fiber_cable,0
inc_02635,incident_tx_ip,TXNOC,2025,3,8,32,CRITICAL,FIBRA,LINK DOWN,CABLE BROKEN BACKBONE,network_002,branch_003,CLOSED,15.0,4.73,fiber_cable,0
inc_02636,incident_tx_ip,TXNOC,2025,3,8,32,CRITICAL,FIBRA,LINK DOWN,CABLE BROKEN BACKBONE,network_002,branch_001,CLOSED,15.0,8.23,fiber_cable,0
inc_02637,incident_tx_ip,TXNOC,2025,3,8,32,CRITICAL,FIBRA,LINK DOWN,CABLE BROKEN BACKBONE,network_002,branch_005,CLOSED,15.0,2.17,fiber_cable,0
inc_02638,incident_tx_ip,TXNOC,2025,3,8,32,CRITICAL,FIBRA,LINK DOWN,CABLE BROKEN BACKBONE,network_002,branch_007,CLOSED,15.0,8.23,fiber_cable,0
inc_02639,incident_tx_ip,TXNOC,2025,3,8,32,CRITICAL,FIBRA,LINK DOWN,CABLE BROKEN BACKBONE,network_002,branch_016,CLOSED,14.0,1.5,fiber_cable,0
inc_02640,incident_tx_ip,TXNOC,2025,3,8,32,CRITICAL,MICROWAVE,LINK DOWN,IN SITE,network_001,branch_024,CLOSED,15.0,10.0,equipment_module,0
inc_02641,incident_tx_ip,TXNOC,2025,3,8,32,CRITICAL,FIBRA,BAD PERFORMANCE,IN SITE,network_002,branch_002,CLOSED,15.0,50.0,fiber_cable,1
inc_02642,incident_tx_ip,TXNOC,2025,3,8,32,CRITICAL,FIBRA,LINK DOWN,CABLE BROKEN BACKBONE,network_002,branch_010,CLOSED,15.0,5.0,fiber_cable,0
inc_02643,incident_tx_ip,TXNOC,2025,3,8,32,CRITICAL,FIBRA,LINK DOWN,CABLE BROKEN BACKBONE,network_002,branch_017,CLOSED,15.0,3.0,fiber_cable,0
inc_02644,incident_tx_ip,TXNOC,2025,3,8,32,CRITICAL,FIBRA,LINK DOWN,IN SITE,network_002,branch_014,CLOSED,15.0,2.0,fiber_cable,0
inc_02645,incident_tx_ip,TXNOC,2025,3,8,32,CRITICAL,FIBRA,LINK DOWN,CABLE BROKEN BACKBONE,network_002,branch_022,CLOSED,15.0,10.0,fiber_cable,0
inc_02646,incident_tx_ip,TXNOC,2025,3,8,32,CRITICAL,FIBRA,LINK DOWN,CABLE BROKEN BACKBONE,network_002,branch_008,CLOSED,15.0,2.0,fiber_cable,0
inc_02647,incident_tx_ip,TXNOC,2025,3,8,32,CRITICAL,FIBRA,ATTENUATION,ATTENUATION NEAR TO THRESHOLD,network_002,branch_009,CLOSED,15.0,15.5,attenuation,1
inc_02648,incident_tx_ip,TXNOC,2025,3,8,32,CRITICAL,FIBRA,LINK DOWN,CABLE BROKEN BACKBONE,network_002,branch_004,CLOSED,15.0,10.0,fiber_cable,0
inc_02649,incident_tx_ip,TXNOC,2025,3,8,32,MAJOR,FIBRA,ATTENUATION,ATTENUATION OVER THRESHOLD,network_002,branch_018,CLOSED,21.0,390.0,attenuation,1
inc_02650,incident_tx_ip,TXNOC,2025,3,8,33,MAJOR,FIBRA,ATTENUATION,ATTENUATION OVER THRESHOLD,network_002,branch_022,CLOSED,15.0,280.5,attenuation,1
inc_02651,incident_tx_ip,TXNOC,2025,3,8,33,CRITICAL,FIBRA,LINK DOWN,CABLE BROKEN BACKBONE,network_002,branch_018,CLOSED,21.0,9.0,fiber_cable,0
inc_02652,incident_tx_ip,TXNOC,2025,3,8,33,CRITICAL,FIBRA,LINK DOWN,CABLE BROKEN BACKBONE,network_002,branch_001,CLOSED,15.0,8.0,fiber_cable,0
inc_02653,incident_tx_ip,TXNOC,2025,3,8,33,CRITICAL,FIBRA,LINK DOWN,CABLE BROKEN BACKBONE,network_002,branch_018,CLOSED,21.0,7.5,fiber_cable,0
inc_02654,incident_tx_ip,TXNOC,2025,3,8,33,CRITICAL,FIBRA,ATTENUATION,ATTENUATION OVER THRESHOLD,network_002,branch_018,CLOSED,20.0,317.0,attenuation,1
inc_02655,incident_tx_ip,TXNOC,2025,3,8,33,CRITICAL,FIBRA,ATTENUATION,ATTENUATION OVER THRESHOLD,network_002,branch_003,CLOSED,15.0,440.0,attenuation,1
inc_02656,incident_tx_ip,TXNOC,2025,3,8,33,CRITICAL,FIBRA,ATTENUATION,ATTENUATION OVER THRESHOLD,network_002,branch_018,CLOSED,20.0,10.0,attenuation,0
inc_02657,incident_tx_ip,TXNOC,2025,3,8,33,CRITICAL,FIBRA,ATTENUATION,ATTENUATION OVER THRESHOLD,network_002,branch_004,CLOSED,15.0,3.0,attenuation,0
inc_02658,incident_tx_ip,TXNOC,2025,3,8,33,CRITICAL,FIBRA,LINK DOWN,CABLE BROKEN BACKBONE,network_002,branch_001,CLOSED,15.0,2.25,fiber_cable,0
inc_02659,incident_tx_ip,TXNOC,2025,3,8,33,MAJOR,MICROWAVE,LINK DOWN,IN SITE,network_001,branch_020,CLOSED,15.0,2.68,link_down,0
inc_02660,incident_tx_ip,TXNOC,2025,3,8,33,MAJOR,MICROWAVE,BAD PERFORMANCE,IN SITE,network_001,branch_014,CLOSED,15.0,480.5,equipment_module,1
inc_02661,incident_tx_ip,TXNOC,2025,3,8,33,CRITICAL,FIBRA,ATTENUATION,ATTENUATION OVER THRESHOLD,network_002,branch_003,CLOSED,15.0,6.12,attenuation,0
inc_02662,incident_tx_ip,TXNOC,2025,3,8,33,CRITICAL,FIBRA,LINK DOWN,CABLE BROKEN BACKBONE,network_002,branch_001,CLOSED,15.0,4.0,fiber_cable,0
inc_02663,incident_tx_ip,TXNOC,2025,3,8,33,CRITICAL,FIBRA,LINK DOWN,CABLE BROKEN BACKBONE,network_002,branch_001,CLOSED,15.0,0.88,fiber_cable,0
inc_02664,incident_tx_ip,TXNOC,2025,3,8,33,CRITICAL,FIBRA,LINK DOWN,CABLE BROKEN BACKBONE,network_002,branch_001,CLOSED,15.0,5.88,fiber_cable,0
inc_02665,incident_tx_ip,TXNOC,2025,3,8,33,CRITICAL,FIBRA,LINK DOWN,CABLE BROKEN BACKBONE,network_002,branch_014,CLOSED,15.0,0.0,fiber_cable,0
inc_02666,incident_tx_ip,TXNOC,2025,3,8,33,CRITICAL,FIBRA,ATTENUATION,ATTENUATION OVER THRESHOLD,network_002,branch_001,CLOSED,15.0,30.0,attenuation,1
inc_02667,incident_tx_ip,TXNOC,2025,3,8,33,CRITICAL,FIBRA,LINK DOWN,CABLE BROKEN BACKBONE,network_002,branch_009,CLOSED,15.0,6.0,fiber_cable,0
inc_02668,incident_tx_ip,TXNOC,2025,3,8,33,CRITICAL,FIBRA,LINK DOWN,CABLE BROKEN BACKBONE,network_002,branch_011,CLOSED,14.0,8.18,fiber_cable,0
inc_02669,incident_tx_ip,TXNOC,2025,3,8,33,CRITICAL,FIBRA,LINK DOWN,CABLE BROKEN BACKBONE,network_002,branch_014,CLOSED,15.0,7.0,fiber_cable,0
inc_02670,incident_tx_ip,TXNOC,2025,3,8,33,CRITICAL,FIBRA,LINK DOWN,CABLE BROKEN BACKBONE,network_002,branch_017,CLOSED,15.0,8.0,fiber_cable,0
inc_02671,incident_tx_ip,TXNOC,2025,3,8,33,CRITICAL,FIBRA,LINK DOWN,CABLE BROKEN BACKBONE,network_002,branch_018,CLOSED,21.0,9.5,fiber_cable,0
inc_02672,incident_tx_ip,TXNOC,2025,3,8,33,CRITICAL,FIBRA,LINK DOWN,CABLE BROKEN BACKBONE,network_002,branch_003,CLOSED,15.0,6.5,fiber_cable,0
inc_02673,incident_tx_ip,TXNOC,2025,3,8,33,MAJOR,MICROWAVE,BAD PERFORMANCE,IN SITE,network_001,branch_021,CLOSED,15.0,14.0,equipment_module,0
inc_02674,incident_tx_ip,TXNOC,2025,3,8,33,CRITICAL,FIBRA,LINK DOWN,CABLE BROKEN BACKBONE,network_002,branch_007,CLOSED,15.0,1.0,fiber_cable,0
inc_02675,incident_tx_ip,TXNOC,2025,3,8,33,MAJOR,MICROWAVE,BAD PERFORMANCE,IN SITE,network_001,branch_008,CLOSED,15.0,272.0,logical_config,1
inc_02676,incident_tx_ip,TXNOC,2025,3,8,33,CRITICAL,FIBRA,LINK DOWN,CABLE BROKEN BACKBONE,network_002,branch_003,CLOSED,15.0,2.0,fiber_cable,0
inc_02677,incident_tx_ip,TXNOC,2025,3,8,33,CRITICAL,FIBRA,LINK DOWN,CABLE BROKEN BACKBONE,network_002,branch_007,CLOSED,15.0,10.0,attenuation,0
inc_02678,incident_tx_ip,TXNOC,2025,3,8,33,CRITICAL,FIBRA,LINK DOWN,CABLE BROKEN BACKBONE,network_002,branch_010,CLOSED,15.0,9.0,fiber_cable,0
inc_02679,incident_tx_ip,TXNOC,2025,3,8,33,CRITICAL,FIBRA,LINK DOWN,CABLE BROKEN BACKBONE,network_002,branch_003,CLOSED,15.0,0.25,fiber_cable,0
inc_02680,incident_tx_ip,TXNOC,2025,3,8,33,CRITICAL,FIBRA,LINK DOWN,CABLE BROKEN BACKBONE,network_002,branch_015,CLOSED,15.0,10.0,fiber_cable,0
inc_02681,incident_tx_ip,TXNOC,2025,3,8,33,CRITICAL,FIBRA,LINK DOWN,CABLE BROKEN BACKBONE,network_002,branch_017,CLOSED,15.0,2.23,fiber_cable,0
inc_02682,incident_tx_ip,TXNOC,2025,3,8,33,CRITICAL,FIBRA,LINK DOWN,CABLE BROKEN BACKBONE,network_002,branch_018,CLOSED,21.0,7.17,fiber_cable,0
inc_02683,incident_tx_ip,TXNOC,2025,3,8,33,MAJOR,MICROWAVE,LINK DOWN,IN SITE,network_001,branch_034,CLOSED,15.0,41.0,equipment_module,1
inc_02684,incident_tx_ip,TXNOC,2025,3,8,34,CRITICAL,FIBRA,ATTENUATION,CABLE BROKEN BACKBONE,network_002,branch_018,CLOSED,21.0,80.0,attenuation,1
inc_02685,incident_tx_ip,TXNOC,2025,3,8,34,CRITICAL,FIBRA,LINK DOWN,CABLE BROKEN BACKBONE,network_002,branch_018,CLOSED,20.0,8.5,fiber_cable,0
inc_02686,incident_tx_ip,TXNOC,2025,3,8,34,CRITICAL,FIBRA,LINK DOWN,CABLE BROKEN BACKBONE,network_002,branch_021,CLOSED,15.0,4.78,fiber_cable,0
inc_02687,incident_tx_ip,TXNOC,2025,3,8,34,CRITICAL,FIBRA,ATTENUATION,ATTENUATION OVER THRESHOLD,network_002,branch_032,CLOSED,22.0,127.67,attenuation,1
inc_02688,incident_tx_ip,TXNOC,2025,3,8,34,CRITICAL,FIBRA,ATTENUATION,ATTENUATION OVER THRESHOLD,network_002,branch_014,CLOSED,15.0,3.67,attenuation,0
inc_02689,incident_tx_ip,TXNOC,2025,3,8,34,CRITICAL,FIBRA,ATTENUATION,ATTENUATION OVER THRESHOLD,network_002,branch_014,CLOSED,15.0,30.0,attenuation,1
inc_02690,incident_tx_ip,TXNOC,2025,3,8,34,CRITICAL,MICROWAVE,BAD PERFORMANCE,IN SITE,network_001,branch_008,CLOSED,15.0,440.0,other,1
inc_02691,incident_tx_ip,TXNOC,2025,3,8,34,MAJOR,MICROWAVE,LINK DOWN,IN SITE,network_001,branch_020,CLOSED,15.0,30.0,link_down,1
inc_02692,incident_tx_ip,TXNOC,2025,3,8,34,CRITICAL,FIBRA,LINK DOWN,CABLE BROKEN BACKBONE,network_002,branch_010,CLOSED,14.0,4.92,fiber_cable,0
inc_02693,incident_tx_ip,TXNOC,2025,3,8,34,CRITICAL,FIBRA,LINK DOWN,CABLE BROKEN BACKBONE,network_002,branch_016,CLOSED,14.0,87.75,fiber_cable,1
inc_02694,incident_tx_ip,TXNOC,2025,3,8,34,CRITICAL,FIBRA,LINK DOWN,CABLE BROKEN BACKBONE,network_002,branch_001,CLOSED,15.0,8.75,fiber_cable,0
inc_02695,incident_tx_ip,TXNOC,2025,3,8,34,CRITICAL,FIBRA,LINK DOWN,CABLE BROKEN BACKBONE,network_002,branch_011,CLOSED,15.0,8.15,fiber_cable,0
inc_02696,incident_tx_ip,TXNOC,2025,3,8,34,CRITICAL,FIBRA,LINK DOWN,CABLE BROKEN BACKBONE,network_002,branch_017,CLOSED,15.0,4.75,fiber_cable,0
inc_02697,incident_tx_ip,TXNOC,2025,3,8,34,CRITICAL,FIBRA,BAD PERFORMANCE,IN SITE,network_002,branch_020,CLOSED,15.0,490.0,fiber_cable,1
inc_02698,incident_tx_ip,TXNOC,2025,3,8,34,CRITICAL,FIBRA,ATTENUATION,ATTENUATION OVER THRESHOLD,network_002,branch_017,CLOSED,15.0,230.0,attenuation,1
inc_02699,incident_tx_ip,TXNOC,2025,3,8,34,CRITICAL,FIBRA,ATTENUATION,ATTENUATION OVER THRESHOLD,network_002,branch_017,CLOSED,15.0,7.33,attenuation,0
inc_02700,incident_tx_ip,TXNOC,2025,3,8,34,CRITICAL,FIBRA,ATTENUATION,ATTENUATION OVER THRESHOLD,network_002,branch_013,CLOSED,15.0,50.0,attenuation,1
inc_02701,incident_tx_ip,TXNOC,2025,3,8,34,CRITICAL,FIBRA,LINK DOWN,CABLE BROKEN BACKBONE,network_002,branch_016,CLOSED,15.0,9.67,fiber_cable,0
inc_02702,incident_tx_ip,TXNOC,2025,3,8,34,CRITICAL,FIBRA,LINK DOWN,CABLE BROKEN BACKBONE,network_002,branch_014,CLOSED,15.0,7.33,fiber_cable,0
inc_02703,incident_tx_ip,TXNOC,2025,3,8,34,CRITICAL,FIBRA,LINK DOWN,CABLE BROKEN BACKBONE,network_002,branch_018,CLOSED,21.0,0.33,fiber_cable,0
inc_02704,incident_tx_ip,TXNOC,2025,3,8,34,CRITICAL,FIBRA,LINK DOWN,CABLE BROKEN BACKBONE,network_002,branch_010,CLOSED,14.0,3.67,fiber_cable,0
inc_02705,incident_tx_ip,TXNOC,2025,3,8,34,CRITICAL,FIBRA,LINK DOWN,CABLE BROKEN BACKBONE,network_002,branch_010,CLOSED,15.0,3.5,fiber_cable,0
inc_02706,incident_tx_ip,TXNOC,2025,3,8,34,CRITICAL,FIBRA,LINK DOWN,CABLE BROKEN BACKBONE,network_002,branch_016,CLOSED,15.0,84.0,fiber_cable,1
inc_02707,incident_tx_ip,TXNOC,2025,3,9,34,CRITICAL,FIBRA,LINK DOWN,CABLE BROKEN BACKBONE,network_002,branch_019,CLOSED,15.0,10.0,fiber_cable,0
inc_02708,incident_tx_ip,TXNOC,2025,3,9,34,CRITICAL,FIBRA,LINK DOWN,CABLE BROKEN BACKBONE,network_002,branch_001,CLOSED,15.0,4.0,fiber_cable,0
inc_02709,incident_tx_ip,TXNOC,2025,3,9,34,CRITICAL,FIBRA,LINK DOWN,CABLE BROKEN BACKBONE,network_002,branch_018,CLOSED,21.0,16.0,fiber_cable,0
inc_02710,incident_tx_ip,TXNOC,2025,3,9,34,MAJOR,MICROWAVE,LINK DOWN,IN SITE,network_001,branch_024,CLOSED,15.0,50.0,equipment_module,1
inc_02711,incident_tx_ip,TXNOC,2025,3,9,34,CRITICAL,FIBRA,LINK DOWN,CABLE BROKEN BACKBONE,network_002,branch_003,CLOSED,15.0,16.0,attenuation,1
inc_02712,incident_tx_ip,TXNOC,2025,3,9,34,CRITICAL,FIBRA,LINK DOWN,ATTENUATION NEAR TO THRESHOLD,network_002,branch_005,CLOSED,15.0,7.33,fiber_cable,0
inc_02713,incident_tx_ip,TXNOC,2025,3,9,34,CRITICAL,FIBRA,LINK DOWN,CABLE BROKEN BACKBONE,network_002,branch_018,CLOSED,21.0,5.0,fiber_cable,0
inc_02714,incident_tx_ip,TXNOC,2025,3,9,34,CRITICAL,FIBRA,LINK DOWN,CABLE BROKEN BACKBONE,network_002,branch_014,CLOSED,15.0,7.0,fiber_cable,0
inc_02715,incident_tx_ip,TXNOC,2025,3,9,34,CRITICAL,FIBRA,LINK DOWN,CABLE BROKEN BACKBONE,network_002,branch_018,CLOSED,20.0,6.0,fiber_cable,0
inc_02716,incident_tx_ip,TXNOC,2025,3,9,34,CRITICAL,FIBRA,LINK DOWN,CABLE BROKEN BACKBONE,network_002,branch_018,CLOSED,21.0,4.0,fiber_cable,0
inc_02717,incident_tx_ip,TXNOC,2025,3,9,34,CRITICAL,FIBRA,LINK DOWN,CABLE BROKEN BACKBONE,network_002,branch_017,CLOSED,15.0,1.0,fiber_cable,0
inc_02718,incident_tx_ip,TXNOC,2025,3,9,34,CRITICAL,FIBRA,LINK DOWN,CABLE BROKEN BACKBONE,network_002,branch_004,CLOSED,15.0,4.0,attenuation,0
inc_02719,incident_tx_ip,TXNOC,2025,3,9,34,CRITICAL,MICROWAVE,LINK DOWN,CABLE BROKEN BACKBONE,network_001,branch_014,CLOSED,15.0,41.0,equipment_module,1
inc_02720,incident_tx_ip,TXNOC,2025,3,9,34,CRITICAL,FIBRA,LINK DOWN,CABLE BROKEN BACKBONE,network_002,branch_018,CLOSED,21.0,33.0,fiber_cable,1
inc_02721,incident_tx_ip,TXNOC,2025,3,9,34,CRITICAL,FIBRA,LINK DOWN,CABLE BROKEN BACKBONE,network_002,branch_001,CLOSED,15.0,22.0,fiber_cable,1
inc_02722,incident_tx_ip,TXNOC,2025,3,9,34,CRITICAL,MICROWAVE,LINK DOWN,CABLE BROKEN BACKBONE,network_001,branch_020,CLOSED,15.0,19.0,link_down,1
inc_02723,incident_tx_ip,TXNOC,2025,3,9,34,CRITICAL,FIBRA,LINK DOWN,CABLE BROKEN BACKBONE,network_002,branch_018,CLOSED,21.0,0.0,fiber_cable,0
inc_02724,incident_tx_ip,TXNOC,2025,3,9,34,CRITICAL,MICROWAVE,LINK DOWN,CABLE BROKEN BACKBONE,network_001,branch_001,CLOSED,15.0,30.0,equipment_module,1
inc_02725,incident_tx_ip,TXNOC,2025,3,9,34,MAJOR,FIBRA,ATTENUATION,ATTENUATION OVER THRESHOLD,network_002,branch_003,CLOSED,15.0,6.0,attenuation,0
inc_02726,incident_tx_ip,TXNOC,2025,3,9,34,MAJOR,MICROWAVE,BAD PERFORMANCE,IN SITE,network_001,branch_017,CLOSED,15.0,10.0,equipment_module,0
inc_02727,incident_tx_ip,TXNOC,2025,3,9,34,CRITICAL,FIBRA,LINK DOWN,CABLE BROKEN BACKBONE,network_002,branch_020,CLOSED,15.0,5.33,fiber_cable,0
inc_02728,incident_tx_ip,TXNOC,2025,3,9,34,CRITICAL,FIBRA,LINK DOWN,CABLE BROKEN BACKBONE,network_002,branch_002,CLOSED,15.0,5.83,fiber_cable,0
inc_02729,incident_tx_ip,TXNOC,2025,3,9,34,CRITICAL,FIBRA,LINK DOWN,CABLE BROKEN BACKBONE,network_002,branch_004,CLOSED,15.0,1.83,fiber_cable,0
inc_02730,incident_tx_ip,TXNOC,2025,3,9,34,CRITICAL,FIBRA,LINK DOWN,CABLE BROKEN BACKBONE,network_002,branch_011,CLOSED,15.0,0.0,fiber_cable,0
inc_02731,incident_tx_ip,TXNOC,2025,3,9,35,CRITICAL,MICROWAVE,BAD PERFORMANCE,IN SITE,network_001,branch_021,CLOSED,15.0,4.0,other,0
inc_02732,incident_tx_ip,TXNOC,2025,3,9,35,CRITICAL,FIBRA,LINK DOWN,CABLE BROKEN BACKBONE,network_002,branch_015,CLOSED,15.0,2.0,fiber_cable,0
inc_02733,incident_tx_ip,TXNOC,2025,3,9,35,CRITICAL,FIBRA,ATTENUATION,ATTENUATION OVER THRESHOLD,network_002,branch_029,CLOSED,15.0,35.17,attenuation,1
inc_02734,incident_tx_ip,TXNOC,2025,3,9,35,CRITICAL,FIBRA,ATTENUATION,ATTENUATION OVER THRESHOLD,network_002,branch_014,CLOSED,15.0,29.33,attenuation,1
inc_02735,incident_tx_ip,TXNOC,2025,3,9,35,CRITICAL,FIBRA,ATTENUATION,ATTENUATION OVER THRESHOLD,network_002,branch_002,CLOSED,15.0,4.0,attenuation,0
inc_02736,incident_tx_ip,TXNOC,2025,3,9,35,CRITICAL,FIBRA,ATTENUATION,ATTENUATION OVER THRESHOLD,network_002,branch_012,CLOSED,15.0,5.5,attenuation,0
inc_02737,incident_tx_ip,TXNOC,2025,3,9,35,CRITICAL,FIBRA,ATTENUATION,ATTENUATION OVER THRESHOLD,network_002,branch_010,CLOSED,15.0,4.5,attenuation,0
inc_02738,incident_tx_ip,TXNOC,2025,3,9,35,CRITICAL,FIBRA,ATTENUATION,CABLE BROKEN BACKBONE,network_002,branch_018,CLOSED,21.0,4.0,attenuation,0
inc_02739,incident_tx_ip,TXNOC,2025,3,9,35,CRITICAL,FIBRA,LINK DOWN,CABLE BROKEN BACKBONE,network_002,branch_006,CLOSED,13.0,2.5,fiber_cable,0
inc_02740,incident_tx_ip,TXNOC,2025,3,9,35,CRITICAL,FIBRA,LINK DOWN,CABLE BROKEN BACKBONE,network_002,branch_018,CLOSED,21.0,0.0,fiber_cable,0
inc_02741,incident_tx_ip,TXNOC,2025,3,9,35,CRITICAL,FIBRA,LINK DOWN,CABLE BROKEN BACKBONE,network_002,branch_007,CLOSED,15.0,27.0,fiber_cable,1
inc_02742,incident_tx_ip,TXNOC,2025,3,9,35,CRITICAL,FIBRA,LINK DOWN,CABLE BROKEN BACKBONE,network_002,branch_010,CLOSED,15.0,10.0,fiber_cable,0
inc_02743,incident_tx_ip,TXNOC,2025,3,9,35,CRITICAL,MICROWAVE,LINK DOWN,IN SITE,network_001,branch_006,CLOSED,15.0,50.0,equipment_module,1
inc_02744,incident_tx_ip,TXNOC,2025,3,9,35,CRITICAL,FIBRA,ATTENUATION,CABLE BROKEN BACKBONE,network_002,branch_015,CLOSED,15.0,165.0,attenuation,1
inc_02745,incident_tx_ip,TXNOC,2025,3,9,35,CRITICAL,FIBRA,ATTENUATION,ATTENUATION NEAR TO THRESHOLD,network_002,branch_029,CLOSED,15.0,10.0,attenuation,0
inc_02746,incident_tx_ip,TXNOC,2025,3,9,35,CRITICAL,FIBRA,ATTENUATION,CABLE BROKEN BACKBONE,network_002,branch_018,CLOSED,21.0,10.0,attenuation,0
inc_02747,incident_tx_ip,TXNOC,2025,3,9,35,CRITICAL,FIBRA,LINK DOWN,CABLE BROKEN BACKBONE,network_002,branch_025,CLOSED,15.0,17.67,fiber_cable,1
inc_02748,incident_tx_ip,TXNOC,2025,3,9,35,CRITICAL,MICROWAVE,LINK DOWN,IN SITE,network_001,branch_008,CLOSED,15.0,95.17,power_energy,1
inc_02749,incident_tx_ip,TXNOC,2025,3,9,35,CRITICAL,FIBRA,LINK DOWN,CABLE BROKEN BACKBONE,network_002,branch_003,CLOSED,15.0,0.0,fiber_cable,0
inc_02750,incident_tx_ip,TXNOC,2025,3,9,35,CRITICAL,FIBRA,LINK DOWN,CABLE BROKEN BACKBONE,network_002,branch_010,CLOSED,15.0,0.0,fiber_cable,0
inc_02751,incident_tx_ip,TXNOC,2025,3,9,35,CRITICAL,FIBRA,LINK DOWN,CABLE BROKEN BACKBONE,network_002,branch_003,CLOSED,15.0,6.5,fiber_cable,0
inc_02752,incident_tx_ip,TXNOC,2025,3,9,35,CRITICAL,FIBRA,LINK DOWN,CABLE BROKEN BACKBONE,network_002,branch_010,CLOSED,15.0,5.5,fiber_cable,0
inc_02753,incident_tx_ip,TXNOC,2025,3,9,35,CRITICAL,FIBRA,LINK DOWN,CABLE BROKEN BACKBONE,network_002,branch_003,CLOSED,15.0,1.67,fiber_cable,0
inc_02754,incident_tx_ip,TXNOC,2025,3,9,35,CRITICAL,FIBRA,ATTENUATION,ATTENUATION OVER THRESHOLD,network_002,branch_015,CLOSED,14.0,0.0,attenuation,0
inc_02755,incident_tx_ip,TXNOC,2025,3,9,35,CRITICAL,FIBRA,LINK DOWN,CABLE BROKEN BACKBONE,network_002,branch_004,CLOSED,15.0,4.0,fiber_cable,0
inc_02756,incident_tx_ip,TXNOC,2025,3,9,35,CRITICAL,MICROWAVE,LINK DOWN,IN SITE,network_001,branch_003,CLOSED,15.0,48.0,link_down,1
inc_02757,incident_tx_ip,TXNOC,2025,3,9,35,CRITICAL,FIBRA,LINK DOWN,CABLE BROKEN BACKBONE,network_002,branch_018,CLOSED,21.0,4.5,fiber_cable,0
inc_02758,incident_tx_ip,TXNOC,2025,3,9,35,CRITICAL,FIBRA,LINK DOWN,CABLE BROKEN BACKBONE,network_002,branch_001,CLOSED,15.0,6.5,fiber_cable,0
inc_02759,incident_tx_ip,TXNOC,2025,3,9,35,CRITICAL,FIBRA,LINK DOWN,CABLE BROKEN BACKBONE,network_002,branch_005,CLOSED,15.0,4.5,fiber_cable,0
inc_02760,incident_tx_ip,TXNOC,2025,3,9,35,CRITICAL,FIBRA,LINK DOWN,CABLE BROKEN BACKBONE,network_002,branch_001,CLOSED,15.0,3.83,fiber_cable,0
inc_02761,incident_tx_ip,TXNOC,2025,3,9,35,CRITICAL,FIBRA,LINK DOWN,CABLE BROKEN BACKBONE,network_002,branch_003,CLOSED,15.0,6.83,fiber_cable,0
inc_02762,incident_tx_ip,TXNOC,2025,3,9,35,MAJOR,FIBRA,LINK DOWN,CABLE BROKEN BACKBONE,network_002,branch_001,CLOSED,15.0,0.0,fiber_cable,0
inc_02763,incident_tx_ip,TXNOC,2025,3,9,35,CRITICAL,FIBRA,BAD PERFORMANCE,IN SITE,network_002,branch_004,CLOSED,15.0,359.0,fiber_cable,1
inc_02764,incident_tx_ip,TXNOC,2025,3,9,35,MAJOR,MICROWAVE,BAD PERFORMANCE,IN SITE,network_001,branch_001,CLOSED,15.0,10.0,equipment_module,0
inc_02765,incident_tx_ip,TXNOC,2025,3,9,35,MAJOR,FIBRA,LINK DOWN,CABLE BROKEN BACKBONE,network_002,branch_035,CLOSED,15.0,5.0,fiber_cable,0
inc_02766,incident_tx_ip,TXNOC,2025,3,9,35,MAJOR,FIBRA,LINK DOWN,CABLE BROKEN BACKBONE,network_002,branch_008,CLOSED,15.0,1.83,fiber_cable,0
inc_02767,incident_tx_ip,TXNOC,2025,3,9,36,MAJOR,MICROWAVE,LINK DOWN,IN SITE,network_001,branch_024,CLOSED,15.0,182.5,equipment_module,1
inc_02768,incident_tx_ip,TXNOC,2025,3,9,36,CRITICAL,FIBRA,LINK DOWN,CABLE BROKEN BACKBONE,network_002,branch_003,CLOSED,15.0,8.17,fiber_cable,0
inc_02769,incident_tx_ip,TXNOC,2025,3,9,36,CRITICAL,FIBRA,LINK DOWN,CABLE BROKEN BACKBONE,network_002,branch_018,CLOSED,21.0,7.17,fiber_cable,0
inc_02770,incident_tx_ip,TXNOC,2025,3,9,36,CRITICAL,FIBRA,LINK DOWN,CABLE BROKEN BACKBONE,network_002,branch_006,CLOSED,13.0,5.0,fiber_cable,0
inc_02771,incident_tx_ip,TXNOC,2025,3,9,36,CRITICAL,FIBRA,LINK DOWN,CABLE BROKEN BACKBONE,network_002,branch_003,CLOSED,25.0,0.17,fiber_cable,0
inc_02772,incident_tx_ip,TXNOC,2025,3,9,36,CRITICAL,FIBRA,ATTENUATION,ATTENUATION OVER THRESHOLD,network_002,branch_003,CLOSED,15.0,20.0,attenuation,1
inc_02773,incident_tx_ip,TXNOC,2025,3,9,36,CRITICAL,FIBRA,ATTENUATION,ATTENUATION OVER THRESHOLD,network_002,branch_003,CLOSED,15.0,6.0,attenuation,0
inc_02774,incident_tx_ip,TXNOC,2025,3,9,36,CRITICAL,FIBRA,LINK DOWN,ATTENUATION OVER THRESHOLD,network_002,branch_001,CLOSED,15.0,3.0,fiber_cable,0
inc_02775,incident_tx_ip,TXNOC,2025,3,9,36,CRITICAL,FIBRA,LINK DOWN,ATTENUATION OVER THRESHOLD,network_002,branch_001,CLOSED,15.0,6.0,attenuation,0
inc_02776,incident_tx_ip,TXNOC,2025,3,9,36,CRITICAL,FIBRA,LINK DOWN,CABLE BROKEN BACKBONE,network_002,branch_007,CLOSED,15.0,7.83,fiber_cable,0
inc_02777,incident_tx_ip,TXNOC,2025,3,9,36,CRITICAL,FIBRA,LINK DOWN,CABLE BROKEN BACKBONE,network_002,branch_004,CLOSED,15.0,2.83,fiber_cable,0
inc_02778,incident_tx_ip,TXNOC,2025,3,9,36,CRITICAL,FIBRA,LINK DOWN,CABLE BROKEN BACKBONE,network_002,branch_006,CLOSED,13.0,1.17,fiber_cable,0
inc_02779,incident_tx_ip,TXNOC,2025,3,9,36,CRITICAL,FIBRA,LINK DOWN,CABLE BROKEN BACKBONE,network_002,branch_014,CLOSED,15.0,0.83,fiber_cable,0
inc_02780,incident_tx_ip,TXNOC,2025,3,9,36,CRITICAL,FIBRA,LINK DOWN,CABLE BROKEN BACKBONE,network_002,branch_029,CLOSED,15.0,0.0,fiber_cable,0
inc_02781,incident_tx_ip,TXNOC,2025,3,9,36,CRITICAL,MICROWAVE,LINK DOWN,CABLE BROKEN BACKBONE,network_002,branch_024,CLOSED,15.0,425.0,link_down,1
inc_02782,incident_tx_ip,TXNOC,2025,3,9,36,CRITICAL,FIBRA,LINK DOWN,CABLE BROKEN BACKBONE,network_002,branch_001,CLOSED,15.0,3.33,fiber_cable,0
inc_02783,incident_tx_ip,TXNOC,2025,3,9,36,CRITICAL,FIBRA,LINK DOWN,CABLE BROKEN BACKBONE,network_002,branch_002,CLOSED,15.0,10.0,fiber_cable,0
inc_02784,incident_tx_ip,TXNOC,2025,3,9,36,CRITICAL,FIBRA,LINK DOWN,CABLE BROKEN BACKBONE,network_002,branch_025,CLOSED,18.0,6.0,fiber_cable,0
inc_02785,incident_tx_ip,TXNOC,2025,3,9,36,CRITICAL,FIBRA,LINK DOWN,CABLE BROKEN BACKBONE,network_002,branch_011,CLOSED,17.0,9.5,fiber_cable,0
inc_02786,incident_tx_ip,TXNOC,2025,3,9,36,CRITICAL,FIBRA,LINK DOWN,CABLE BROKEN BACKBONE,network_002,branch_015,CLOSED,15.0,6.0,fiber_cable,0
inc_02787,incident_tx_ip,TXNOC,2025,3,9,36,CRITICAL,FIBRA,LINK DOWN,CABLE BROKEN BACKBONE,network_002,branch_003,CLOSED,15.0,5.67,fiber_cable,0
inc_02788,incident_tx_ip,TXNOC,2025,3,9,36,CRITICAL,FIBRA,LINK DOWN,CABLE BROKEN BACKBONE,network_002,branch_035,CLOSED,15.0,4.75,fiber_cable,0
inc_02789,incident_tx_ip,TXNOC,2025,3,9,36,CRITICAL,FIBRA,LINK DOWN,CABLE BROKEN BACKBONE,network_002,branch_014,CLOSED,15.0,0.0,fiber_cable,0
inc_02790,incident_tx_ip,TXNOC,2025,3,9,36,CRITICAL,FIBRA,LINK DOWN,CABLE BROKEN BACKBONE,network_002,branch_018,CLOSED,21.0,4.33,fiber_cable,0
inc_02791,incident_tx_ip,TXNOC,2025,3,9,36,CRITICAL,MICROWAVE,LINK DOWN,CABLE BROKEN BACKBONE,network_002,branch_011,CLOSED,7.0,2.33,link_down,0
inc_02792,incident_tx_ip,TXNOC,2025,3,9,36,MAJOR,MICROWAVE,LINK DOWN,IN SITE,network_001,branch_028,CLOSED,15.0,6.0,equipment_module,0
inc_02793,incident_tx_ip,TXNOC,2025,3,9,36,MAJOR,MICROWAVE,LINK DOWN,IN SITE,network_001,branch_035,CLOSED,15.0,125.67,equipment_module,1
inc_02794,incident_tx_ip,TXNOC,2025,3,9,36,CRITICAL,MICROWAVE,LINK DOWN,CABLE BROKEN BACKBONE,network_002,branch_035,CLOSED,15.0,7.33,link_down,0
inc_02795,incident_tx_ip,TXNOC,2025,3,9,36,CRITICAL,FIBRA,LINK DOWN,CABLE BROKEN BACKBONE,network_002,branch_014,CLOSED,15.0,7.08,fiber_cable,0
inc_02796,incident_tx_ip,TXNOC,2025,3,9,36,CRITICAL,FIBRA,LINK DOWN,CABLE BROKEN BACKBONE,network_002,branch_018,CLOSED,21.0,5.33,fiber_cable,0
inc_02797,incident_tx_ip,TXNOC,2025,3,9,36,CRITICAL,FIBRA,LINK DOWN,CABLE BROKEN BACKBONE,network_002,branch_003,CLOSED,15.0,1.0,attenuation,0
inc_02798,incident_tx_ip,TXNOC,2025,3,9,36,CRITICAL,FIBRA,LINK DOWN,CABLE BROKEN BACKBONE,network_002,branch_003,CLOSED,15.0,2.0,attenuation,0
inc_02799,incident_tx_ip,TXNOC,2025,3,9,36,CRITICAL,FIBRA,LINK DOWN,CABLE BROKEN BACKBONE,network_002,branch_007,CLOSED,15.0,3.33,fiber_cable,0
inc_02800,incident_tx_ip,TXNOC,2025,3,9,36,CRITICAL,FIBRA,LINK DOWN,CABLE BROKEN BACKBONE,network_002,branch_035,CLOSED,15.0,3.33,fiber_cable,0
inc_02801,incident_tx_ip,TXNOC,2025,3,9,36,CRITICAL,FIBRA,ATTENUATION,ATTENUATION NEAR TO THRESHOLD,network_002,branch_015,CLOSED,15.0,4.0,attenuation,0
inc_02802,incident_tx_ip,TXNOC,2025,3,9,36,CRITICAL,FIBRA,LINK DOWN,CABLE BROKEN BACKBONE,network_002,branch_014,CLOSED,15.0,6.0,fiber_cable,0
inc_02803,incident_tx_ip,TXNOC,2025,3,9,36,CRITICAL,FIBRA,LINK DOWN,CABLE BROKEN BACKBONE,network_002,branch_001,CLOSED,15.0,4.5,fiber_cable,0
inc_02804,incident_tx_ip,TXNOC,2025,3,9,36,MAJOR,MICROWAVE,LINK DOWN,IN SITE,network_001,branch_015,CLOSED,15.0,14.0,equipment_module,0
inc_02805,incident_tx_ip,TXNOC,2025,3,9,36,CRITICAL,FIBRA,LINK DOWN,CABLE BROKEN BACKBONE,network_002,branch_004,CLOSED,15.0,19.0,fiber_cable,1
inc_02806,incident_tx_ip,TXNOC,2025,3,9,36,CRITICAL,FIBRA,LINK DOWN,CABLE BROKEN BACKBONE,network_002,branch_035,CLOSED,15.0,6.0,fiber_cable,0
inc_02807,incident_tx_ip,TXNOC,2025,3,9,36,CRITICAL,FIBRA,LINK DOWN,ATTENUATION OVER THRESHOLD,network_002,branch_030,CLOSED,18.0,44.67,attenuation,1
inc_02808,incident_tx_ip,TXNOC,2025,3,9,36,CRITICAL,FIBRA,LINK DOWN,ATTENUATION OVER THRESHOLD,network_002,branch_012,CLOSED,15.0,4.5,fiber_cable,0
inc_02809,incident_tx_ip,TXNOC,2025,3,9,36,CRITICAL,FIBRA,LINK DOWN,ATTENUATION OVER THRESHOLD,network_002,branch_016,CLOSED,10.0,25.83,fiber_cable,1
inc_02810,incident_tx_ip,TXNOC,2025,3,9,36,MAJOR,MICROWAVE,LINK DOWN,IN SITE,network_001,branch_005,CLOSED,15.0,10.0,equipment_module,0
inc_02811,incident_tx_ip,TXNOC,2025,3,9,37,CRITICAL,FIBRA,LINK DOWN,ATTENUATION OVER THRESHOLD,network_002,branch_022,CLOSED,15.0,7.0,fiber_cable,0
inc_02812,incident_tx_ip,TXNOC,2025,3,9,37,CRITICAL,FIBRA,LINK DOWN,CABLE BROKEN BACKBONE,network_002,branch_035,CLOSED,15.0,6.0,fiber_cable,0
inc_02813,incident_tx_ip,TXNOC,2025,3,9,37,CRITICAL,FIBRA,LINK DOWN,CABLE BROKEN BACKBONE,network_002,branch_003,CLOSED,15.0,4.67,fiber_cable,0
inc_02814,incident_tx_ip,TXNOC,2025,3,9,37,CRITICAL,FIBRA,LINK DOWN,CABLE BROKEN BACKBONE,network_002,branch_035,CLOSED,15.0,2.17,fiber_cable,0
inc_02815,incident_tx_ip,TXNOC,2025,3,9,37,CRITICAL,FIBRA,LINK DOWN,CABLE BROKEN BACKBONE,network_002,branch_011,CLOSED,17.0,0.95,fiber_cable,0
inc_02816,incident_tx_ip,TXNOC,2025,3,9,37,CRITICAL,FIBRA,ATTENUATION,CABLE BROKEN BACKBONE,network_002,branch_011,CLOSED,14.0,0.0,attenuation,0
inc_02817,incident_tx_ip,TXNOC,2025,3,9,37,CRITICAL,FIBRA,LINK DOWN,CABLE BROKEN BACKBONE,network_002,branch_018,CLOSED,21.0,4.0,fiber_cable,0
inc_02818,incident_tx_ip,TXNOC,2025,3,9,37,CRITICAL,FIBRA,LINK DOWN,CABLE BROKEN BACKBONE,network_002,branch_035,CLOSED,15.0,2.92,fiber_cable,0
inc_02819,incident_tx_ip,TXNOC,2025,3,9,37,CRITICAL,FIBRA,LINK DOWN,CABLE BROKEN BACKBONE,network_002,branch_003,CLOSED,15.0,3.0,fiber_cable,0
inc_02820,incident_tx_ip,TXNOC,2025,3,9,37,CRITICAL,FIBRA,LINK DOWN,CABLE BROKEN BACKBONE,network_002,branch_014,CLOSED,15.0,6.32,fiber_cable,0
inc_02821,incident_tx_ip,TXNOC,2025,3,9,37,CRITICAL,FIBRA,LINK DOWN,CABLE BROKEN BACKBONE,network_002,branch_004,CLOSED,15.0,10.0,fiber_cable,0
inc_02822,incident_tx_ip,TXNOC,2025,3,9,37,CRITICAL,FIBRA,LINK DOWN,CABLE BROKEN BACKBONE,network_002,branch_018,CLOSED,21.0,2.0,fiber_cable,0
inc_02823,incident_tx_ip,TXNOC,2025,3,9,37,CRITICAL,FIBRA,LINK DOWN,CABLE BROKEN BACKBONE,network_002,branch_004,CLOSED,15.0,2.0,fiber_cable,0
inc_02824,incident_tx_ip,TXNOC,2025,3,9,37,CRITICAL,FIBRA,ATTENUATION,CABLE BROKEN BACKBONE,network_002,branch_003,CLOSED,15.0,9.0,attenuation,0
inc_02825,incident_tx_ip,TXNOC,2025,3,9,37,CRITICAL,FIBRA,ATTENUATION,CABLE BROKEN BACKBONE,network_002,branch_025,CLOSED,14.0,5.5,attenuation,0
inc_02826,incident_tx_ip,TXNOC,2025,3,9,37,CRITICAL,FIBRA,LINK DOWN,CABLE BROKEN BACKBONE,network_002,branch_004,CLOSED,15.0,10.0,fiber_cable,0
inc_02827,incident_tx_ip,TXNOC,2025,3,9,37,CRITICAL,FIBRA,LINK DOWN,CABLE BROKEN BACKBONE,network_002,branch_018,CLOSED,21.0,6.67,fiber_cable,0
inc_02828,incident_tx_ip,TXNOC,2025,3,9,37,CRITICAL,FIBRA,LINK DOWN,CABLE BROKEN BACKBONE,network_002,branch_018,CLOSED,21.0,6.0,fiber_cable,0
inc_02829,incident_tx_ip,TXNOC,2025,3,9,37,CRITICAL,FIBRA,LINK DOWN,CABLE BROKEN BACKBONE,network_002,branch_035,CLOSED,14.0,5.75,fiber_cable,0
inc_02830,incident_tx_ip,TXNOC,2025,3,9,37,CRITICAL,FIBRA,LINK DOWN,IN SITE,network_002,branch_001,CLOSED,7.0,12.0,fiber_cable,1
inc_02831,incident_tx_ip,TXNOC,2025,3,9,37,CRITICAL,FIBRA,LINK DOWN,CABLE BROKEN BACKBONE,network_002,branch_025,CLOSED,18.0,8.0,fiber_cable,0
inc_02832,incident_tx_ip,TXNOC,2025,3,9,37,CRITICAL,FIBRA,ATTENUATION,CABLE BROKEN BACKBONE,network_002,branch_018,CLOSED,20.0,113.5,attenuation,1
inc_02833,incident_tx_ip,TXNOC,2025,3,9,37,CRITICAL,FIBRA,ATTENUATION,CABLE BROKEN BACKBONE,network_002,branch_008,CLOSED,15.0,340.0,attenuation,1
inc_02834,incident_tx_ip,TXNOC,2025,3,9,37,CRITICAL,FIBRA,ATTENUATION,ATTENUATION OVER THRESHOLD,network_002,branch_018,CLOSED,21.0,10.5,attenuation,0
inc_02835,incident_tx_ip,TXNOC,2025,3,9,37,CRITICAL,FIBRA,LINK DOWN,CABLE BROKEN BACKBONE,network_002,branch_009,CLOSED,15.0,3.33,fiber_cable,0
inc_02836,incident_tx_ip,TXNOC,2025,3,9,37,CRITICAL,FIBRA,LINK DOWN,CABLE BROKEN BACKBONE,network_002,branch_003,CLOSED,15.0,3.17,fiber_cable,0
inc_02837,incident_tx_ip,TXNOC,2025,3,9,37,CRITICAL,FIBRA,LINK DOWN,CABLE BROKEN BACKBONE,network_002,branch_018,CLOSED,19.0,11.17,fiber_cable,0
inc_02838,incident_tx_ip,TXNOC,2025,3,9,37,CRITICAL,FIBRA,LINK DOWN,IN SITE,network_002,branch_001,CLOSED,7.0,45.0,fiber_cable,1
inc_02839,incident_tx_ip,TXNOC,2025,3,9,37,CRITICAL,FIBRA,LINK DOWN,IN SITE,network_002,branch_018,CLOSED,20.0,0.67,fiber_cable,0
inc_02840,incident_tx_ip,TXNOC,2025,3,9,37,MAJOR,MICROWAVE,LINK DOWN,IN SITE,network_001,branch_009,CLOSED,15.0,4.67,equipment_module,0
inc_02841,incident_tx_ip,TXNOC,2025,3,9,37,CRITICAL,FIBRA,LINK DOWN,CABLE BROKEN BACKBONE,network_002,branch_011,CLOSED,14.0,18.83,fiber_cable,1
inc_02842,incident_tx_ip,TXNOC,2025,3,9,37,CRITICAL,FIBRA,LINK DOWN,CABLE BROKEN BACKBONE,network_002,branch_005,CLOSED,15.0,4.0,fiber_cable,0
inc_02843,incident_tx_ip,TXNOC,2025,3,9,37,CRITICAL,FIBRA,LINK DOWN,CABLE BROKEN BACKBONE,network_002,branch_021,CLOSED,15.0,5.33,fiber_cable,0
inc_02844,incident_tx_ip,TXNOC,2025,3,9,37,CRITICAL,FIBRA,LINK DOWN,CABLE BROKEN BACKBONE,network_002,branch_005,CLOSED,15.0,4.17,fiber_cable,0
inc_02845,incident_tx_ip,TXNOC,2025,3,9,37,MAJOR,MICROWAVE,LINK DOWN,IN SITE,network_001,branch_014,CLOSED,15.0,14.0,link_down,0
inc_02846,incident_tx_ip,TXNOC,2025,3,9,37,CRITICAL,FIBRA,LINK DOWN,CABLE BROKEN BACKBONE,network_002,branch_011,CLOSED,18.0,19.5,fiber_cable,1
inc_02847,incident_tx_ip,TXNOC,2025,3,9,37,CRITICAL,FIBRA,LINK DOWN,CABLE BROKEN BACKBONE,network_002,branch_017,CLOSED,15.0,13.5,fiber_cable,0
inc_02848,incident_tx_ip,TXNOC,2025,3,9,37,CRITICAL,FIBRA,LINK DOWN,CABLE BROKEN BACKBONE,network_002,branch_005,CLOSED,15.0,5.33,fiber_cable,0
inc_02849,incident_tx_ip,TXNOC,2025,3,9,37,CRITICAL,FIBRA,LINK DOWN,CABLE BROKEN BACKBONE,network_002,branch_015,CLOSED,15.0,4.5,fiber_cable,0
inc_02850,incident_tx_ip,TXNOC,2025,3,9,37,CRITICAL,FIBRA,LINK DOWN,CABLE BROKEN BACKBONE,network_002,branch_020,CLOSED,15.0,4.33,fiber_cable,0
inc_02851,incident_tx_ip,TXNOC,2025,3,9,38,CRITICAL,FIBRA,LINK DOWN,CABLE BROKEN BACKBONE,network_002,branch_022,CLOSED,15.0,7.5,fiber_cable,0
inc_02852,incident_tx_ip,TXNOC,2025,3,9,38,CRITICAL,FIBRA,LINK DOWN,CABLE BROKEN BACKBONE,network_002,branch_030,CLOSED,14.0,5.0,fiber_cable,0
inc_02853,incident_tx_ip,TXNOC,2025,3,9,38,CRITICAL,FIBRA,LINK DOWN,CABLE BROKEN BACKBONE,network_002,branch_018,CLOSED,21.0,3.5,fiber_cable,0
inc_02854,incident_tx_ip,TXNOC,2025,3,9,38,MAJOR,MICROWAVE,LINK DOWN,IN SITE,network_001,branch_014,CLOSED,15.0,30.0,equipment_module,1
inc_02855,incident_tx_ip,TXNOC,2025,3,9,38,MAJOR,MICROWAVE,LINK DOWN,IN SITE,network_001,branch_001,CLOSED,15.0,40.0,equipment_module,1
inc_02856,incident_tx_ip,TXNOC,2025,3,9,38,MAJOR,MICROWAVE,LINK DOWN,IN SITE,network_001,branch_004,CLOSED,15.0,13.83,link_down,0
inc_02857,incident_tx_ip,TXNOC,2025,3,9,38,CRITICAL,FIBRA,LINK DOWN,CABLE BROKEN BACKBONE,network_002,branch_014,CLOSED,15.0,2.5,fiber_cable,0
inc_02858,incident_tx_ip,TXNOC,2025,3,9,38,CRITICAL,FIBRA,LINK DOWN,CABLE BROKEN BACKBONE,network_002,branch_005,CLOSED,15.0,6.0,fiber_cable,0
inc_02859,incident_tx_ip,TXNOC,2025,3,9,38,CRITICAL,FIBRA,LINK DOWN,CABLE BROKEN BACKBONE,network_002,branch_018,CLOSED,21.0,5.5,fiber_cable,0
inc_02860,incident_tx_ip,TXNOC,2025,3,9,38,CRITICAL,FIBRA,LINK DOWN,CABLE BROKEN BACKBONE,network_002,branch_018,CLOSED,21.0,4.0,fiber_cable,0
inc_02861,incident_tx_ip,TXNOC,2025,3,9,38,CRITICAL,FIBRA,LINK DOWN,CABLE BROKEN BACKBONE,network_002,branch_013,CLOSED,14.0,10.0,fiber_cable,0
inc_02862,incident_tx_ip,TXNOC,2025,3,9,38,CRITICAL,FIBRA,LINK DOWN,CABLE BROKEN BACKBONE,network_002,branch_018,CLOSED,21.0,3.67,fiber_cable,0
inc_02863,incident_tx_ip,TXNOC,2025,3,9,38,CRITICAL,FIBRA,LINK DOWN,CABLE BROKEN BACKBONE,network_002,branch_035,CLOSED,15.0,3.67,fiber_cable,0
inc_02864,incident_tx_ip,TXNOC,2025,3,9,38,MAJOR,MICROWAVE,BAD PERFORMANCE,IN SITE,network_001,branch_007,CLOSED,15.0,8.5,other,0
inc_02865,incident_tx_ip,TXNOC,2025,3,9,38,MAJOR,MICROWAVE,LINK DOWN,IN SITE,network_001,branch_011,CLOSED,15.0,0.0,equipment_module,0
inc_02866,incident_tx_ip,TXNOC,2025,3,9,38,CRITICAL,FIBRA,LINK DOWN,CABLE BROKEN BACKBONE,network_002,branch_003,CLOSED,15.0,2.0,fiber_cable,0
inc_02867,incident_tx_ip,TXNOC,2025,3,9,38,CRITICAL,FIBRA,BAD PERFORMANCE,IN SITE,network_002,branch_002,CLOSED,7.0,261.67,fiber_cable,1
inc_02868,incident_tx_ip,TXNOC,2025,3,9,38,CRITICAL,FIBRA,LINK DOWN,CABLE BROKEN BACKBONE,network_002,branch_018,CLOSED,21.0,0.0,fiber_cable,0
inc_02869,incident_tx_ip,TXNOC,2025,3,9,38,CRITICAL,FIBRA,LINK DOWN,CABLE BROKEN BACKBONE,network_002,branch_018,CLOSED,21.0,0.0,fiber_cable,0
inc_02870,incident_tx_ip,TXNOC,2025,3,9,38,CRITICAL,FIBRA,LINK DOWN,CABLE BROKEN BACKBONE,network_002,branch_017,CLOSED,15.0,8.0,fiber_cable,0
inc_02871,incident_tx_ip,TXNOC,2025,3,9,38,CRITICAL,FIBRA,LINK DOWN,CABLE BROKEN BACKBONE,network_002,branch_029,CLOSED,15.0,5.02,fiber_cable,0
inc_02872,incident_tx_ip,TXNOC,2025,3,9,38,CRITICAL,FIBRA,LINK DOWN,CABLE BROKEN BACKBONE,network_002,branch_021,CLOSED,15.0,3.35,fiber_cable,0
inc_02873,incident_tx_ip,TXNOC,2025,3,9,38,CRITICAL,FIBRA,BAD PERFORMANCE,IN SITE,network_002,branch_002,CLOSED,7.0,6.0,fiber_cable,0
inc_02874,incident_tx_ip,TXNOC,2025,3,9,38,CRITICAL,FIBRA,ATTENUATION,ATTENUATION OVER THRESHOLD,network_002,branch_017,CLOSED,15.0,38.27,attenuation,1
inc_02875,incident_tx_ip,TXNOC,2025,3,9,38,MAJOR,MICROWAVE,BAD PERFORMANCE,IN SITE,network_001,branch_003,CLOSED,15.0,250.35,other,1
inc_02876,incident_tx_ip,TXNOC,2025,3,9,38,CRITICAL,FIBRA,LINK DOWN,CABLE BROKEN BACKBONE,network_002,branch_034,CLOSED,14.0,10.0,fiber_cable,0
inc_02877,incident_tx_ip,TXNOC,2025,3,9,38,MAJOR,FIBRA,ATTENUATION,CABLE BROKEN BACKBONE,network_002,branch_001,CLOSED,15.0,4.5,attenuation,0
inc_02878,incident_tx_ip,TXNOC,2025,3,9,38,CRITICAL,FIBRA,LINK DOWN,CABLE BROKEN BACKBONE,network_002,branch_003,CLOSED,15.0,3.0,fiber_cable,0
inc_02879,incident_tx_ip,TXNOC,2025,3,9,38,CRITICAL,FIBRA,LINK DOWN,CABLE BROKEN BACKBONE,network_002,branch_008,CLOSED,15.0,3.5,fiber_cable,0
inc_02880,incident_tx_ip,TXNOC,2025,3,9,38,CRITICAL,FIBRA,LINK DOWN,IN SITE,network_002,branch_004,CLOSED,15.0,93.0,fiber_cable,1
inc_02881,incident_tx_ip,TXNOC,2025,3,9,38,CRITICAL,FIBRA,LINK DOWN,CABLE BROKEN BACKBONE,network_002,branch_003,CLOSED,15.0,3.17,fiber_cable,0
inc_02882,incident_tx_ip,TXNOC,2025,3,9,38,CRITICAL,FIBRA,LINK DOWN,CABLE BROKEN BACKBONE,network_002,branch_007,CLOSED,15.0,8.67,fiber_cable,0
inc_02883,incident_tx_ip,TXNOC,2025,3,9,38,CRITICAL,FIBRA,LINK DOWN,CABLE BROKEN BACKBONE,network_002,branch_018,CLOSED,21.0,7.17,fiber_cable,0
inc_02884,incident_tx_ip,TXNOC,2025,3,9,38,CRITICAL,FIBRA,LINK DOWN,CABLE BROKEN BACKBONE,network_002,branch_003,CLOSED,15.0,4.5,fiber_cable,0
inc_02885,incident_tx_ip,TXNOC,2025,3,9,38,CRITICAL,FIBRA,LINK DOWN,CABLE BROKEN BACKBONE,network_002,branch_003,CLOSED,15.0,2.5,fiber_cable,0
inc_02886,incident_tx_ip,TXNOC,2025,3,9,38,CRITICAL,FIBRA,ATTENUATION,CABLE BROKEN BACKBONE,network_002,branch_003,CLOSED,15.0,20.0,attenuation,1
inc_02887,incident_tx_ip,TXNOC,2025,4,10,38,CRITICAL,FIBRA,LINK DOWN,IN SITE,network_002,branch_008,CLOSED,15.0,4.03,fiber_cable,0
inc_02888,incident_tx_ip,TXNOC,2025,4,10,38,CRITICAL,FIBRA,LINK DOWN,CABLE BROKEN BACKBONE,network_002,branch_016,CLOSED,15.0,6.67,fiber_cable,0
inc_02889,incident_tx_ip,TXNOC,2025,4,10,38,CRITICAL,FIBRA,LINK DOWN,CABLE BROKEN BACKBONE,network_002,branch_017,CLOSED,15.0,10.08,fiber_cable,0
inc_02890,incident_tx_ip,TXNOC,2025,4,10,38,CRITICAL,FIBRA,LINK DOWN,CABLE BROKEN BACKBONE,network_002,branch_012,CLOSED,15.0,1.58,fiber_cable,0
inc_02891,incident_tx_ip,TXNOC,2025,4,10,38,MAJOR,FIBRA,ATTENUATION,ATTENUATION OVER THRESHOLD,network_002,branch_018,CLOSED,21.0,4.0,attenuation,0
inc_02892,incident_tx_ip,TXNOC,2025,4,10,39,CRITICAL,FIBRA,LINK DOWN,CABLE BROKEN BACKBONE,network_002,branch_008,CLOSED,15.0,7.67,attenuation,0
inc_02893,incident_tx_ip,TXNOC,2025,4,10,39,CRITICAL,FIBRA,LINK DOWN,CABLE BROKEN BACKBONE,network_002,branch_003,CLOSED,15.0,3.0,fiber_cable,0
inc_02894,incident_tx_ip,TXNOC,2025,4,10,39,CRITICAL,FIBRA,ATTENUATION,ATTENUATION OVER THRESHOLD,network_002,branch_017,CLOSED,15.0,10.0,attenuation,0
inc_02895,incident_tx_ip,TXNOC,2025,4,10,39,CRITICAL,FIBRA,LINK DOWN,CABLE BROKEN BACKBONE,network_002,branch_035,CLOSED,14.0,1.0,fiber_cable,0
inc_02896,incident_tx_ip,TXNOC,2025,4,10,39,CRITICAL,FIBRA,LINK DOWN,CABLE BROKEN BACKBONE,network_002,branch_035,CLOSED,14.0,1.5,fiber_cable,0
inc_02897,incident_tx_ip,TXNOC,2025,4,10,39,CRITICAL,FIBRA,LINK DOWN,CABLE BROKEN BACKBONE,network_002,branch_016,CLOSED,14.0,11.13,fiber_cable,0
inc_02898,incident_tx_ip,TXNOC,2025,4,10,39,CRITICAL,FIBRA,LINK DOWN,IN SITE,network_002,branch_005,CLOSED,15.0,10.0,fiber_cable,0
inc_02899,incident_tx_ip,TXNOC,2025,4,10,39,MAJOR,FIBRA,ATTENUATION,ATTENUATION OVER THRESHOLD,network_002,branch_029,CLOSED,15.0,10.0,attenuation,0
inc_02900,incident_tx_ip,TXNOC,2025,4,10,39,MAJOR,FIBRA,LINK DOWN,CABLE BROKEN BACKBONE,network_002,branch_004,CLOSED,15.0,20.84,fiber_cable,1
inc_02901,incident_tx_ip,TXNOC,2025,4,10,39,MAJOR,FIBRA,LINK DOWN,CABLE BROKEN BACKBONE,network_002,branch_021,CLOSED,15.0,6.0,fiber_cable,0
inc_02902,incident_tx_ip,TXNOC,2025,4,10,39,MAJOR,FIBRA,LINK DOWN,CABLE BROKEN BACKBONE,network_002,branch_018,CLOSED,21.0,3.7,fiber_cable,0
inc_02903,incident_tx_ip,TXNOC,2025,4,10,39,CRITICAL,FIBRA,ATTENUATION,CABLE BROKEN BACKBONE,network_002,branch_025,CLOSED,14.0,190.37,attenuation,1
inc_02904,incident_tx_ip,TXNOC,2025,4,10,39,CRITICAL,FIBRA,ATTENUATION,CABLE BROKEN BACKBONE,network_002,branch_019,CLOSED,15.0,7.5,attenuation,0
inc_02905,incident_tx_ip,TXNOC,2025,4,10,39,CRITICAL,FIBRA,ATTENUATION,CABLE BROKEN BACKBONE,network_002,branch_008,CLOSED,15.0,5.83,attenuation,0
inc_02906,incident_tx_ip,TXNOC,2025,4,10,39,MAJOR,MICROWAVE,LINK DOWN,IN SITE,network_001,branch_024,CLOSED,15.0,530.0,link_down,1
inc_02907,incident_tx_ip,TXNOC,2025,4,10,39,CRITICAL,FIBRA,ATTENUATION,CABLE BROKEN BACKBONE,network_002,branch_024,CLOSED,15.0,60.0,attenuation,1
inc_02908,incident_tx_ip,TXNOC,2025,4,10,39,CRITICAL,FIBRA,LINK DOWN,IN SITE,network_002,branch_021,CLOSED,15.0,6.0,fiber_cable,0
inc_02909,incident_tx_ip,TXNOC,2025,4,10,39,CRITICAL,FIBRA,LINK DOWN,IN SITE,network_002,branch_015,CLOSED,15.0,2.5,fiber_cable,0
inc_02910,incident_tx_ip,TXNOC,2025,4,10,39,CRITICAL,FIBRA,LINK DOWN,IN SITE,network_002,branch_035,CLOSED,14.0,2.0,fiber_cable,0
inc_02911,incident_tx_ip,TXNOC,2025,4,10,39,CRITICAL,MICROWAVE,LINK DOWN,IN SITE,network_001,branch_021,CLOSED,15.0,51.0,equipment_module,1
inc_02912,incident_tx_ip,TXNOC,2025,4,10,39,CRITICAL,FIBRA,LINK DOWN,CABLE BROKEN BACKBONE,network_002,branch_014,CLOSED,15.0,1.67,fiber_cable,0
inc_02913,incident_tx_ip,TXNOC,2025,4,10,39,CRITICAL,FIBRA,BAD PERFORMANCE,ATTENUATION OVER THRESHOLD,network_002,branch_007,CLOSED,15.0,36.17,fiber_cable,1
inc_02914,incident_tx_ip,TXNOC,2025,4,10,39,CRITICAL,FIBRA,LINK DOWN,CABLE BROKEN BACKBONE,network_002,branch_018,CLOSED,21.0,6.0,fiber_cable,0
inc_02915,incident_tx_ip,TXNOC,2025,4,10,39,CRITICAL,FIBRA,ATTENUATION,CABLE BROKEN BACKBONE,network_002,branch_004,CLOSED,15.0,18.0,attenuation,1
inc_02916,incident_tx_ip,TXNOC,2025,4,10,39,MAJOR,FIBRA,BAD PERFORMANCE,IN SITE,network_002,branch_015,CLOSED,7.0,5.0,fiber_cable,0
inc_02917,incident_tx_ip,TXNOC,2025,4,10,39,CRITICAL,MICROWAVE,LINK DOWN,IN SITE,network_001,branch_014,CLOSED,15.0,41.0,equipment_module,1
inc_02918,incident_tx_ip,TXNOC,2025,4,10,39,CRITICAL,FIBRA,LINK DOWN,CABLE BROKEN BACKBONE,network_002,branch_001,CLOSED,15.0,3.0,fiber_cable,0
inc_02919,incident_tx_ip,TXNOC,2025,4,10,39,CRITICAL,FIBRA,LINK DOWN,CABLE BROKEN BACKBONE,network_002,branch_035,CLOSED,15.0,10.0,fiber_cable,0
inc_02920,incident_tx_ip,TXNOC,2025,4,10,39,CRITICAL,MICROWAVE,LINK DOWN,IN SITE,network_001,branch_021,CLOSED,15.0,13.0,equipment_module,0
inc_02921,incident_tx_ip,TXNOC,2025,4,10,39,CRITICAL,FIBRA,LINK DOWN,CABLE BROKEN BACKBONE,network_002,branch_014,CLOSED,15.0,14.0,fiber_cable,0
inc_02922,incident_tx_ip,TXNOC,2025,4,10,39,CRITICAL,MICROWAVE,LINK DOWN,IN SITE,network_001,branch_014,CLOSED,15.0,7.0,link_down,0
inc_02923,incident_tx_ip,TXNOC,2025,4,10,39,CRITICAL,MICROWAVE,LINK DOWN,IN SITE,network_001,branch_011,CLOSED,15.0,18.0,equipment_module,1
inc_02924,incident_tx_ip,TXNOC,2025,4,10,39,CRITICAL,MICROWAVE,LINK DOWN,IN SITE,network_001,branch_020,CLOSED,15.0,15.0,attenuation,0
inc_02925,incident_tx_ip,TXNOC,2025,4,10,39,CRITICAL,MICROWAVE,LINK DOWN,IN SITE,network_002,branch_018,CLOSED,20.0,1.0,attenuation,0
inc_02926,incident_tx_ip,TXNOC,2025,4,10,39,CRITICAL,FIBRA,LINK DOWN,CABLE BROKEN BACKBONE,network_002,branch_002,CLOSED,15.0,6.83,fiber_cable,0
inc_02927,incident_tx_ip,TXNOC,2025,4,10,39,CRITICAL,MICROWAVE,LINK DOWN,CABLE BROKEN BACKBONE,network_002,branch_024,CLOSED,15.0,317.0,link_down,1
inc_02928,incident_tx_ip,TXNOC,2025,4,10,40,CRITICAL,FIBRA,LINK DOWN,CABLE BROKEN BACKBONE,network_002,branch_003,CLOSED,15.0,6.67,fiber_cable,0
inc_02929,incident_tx_ip,TXNOC,2025,4,10,40,CRITICAL,FIBRA,ATTENUATION,ATTENUATION OVER THRESHOLD,network_001,branch_021,CLOSED,15.0,130.0,attenuation,1
inc_02930,incident_tx_ip,TXNOC,2025,4,10,40,CRITICAL,FIBRA,LINK DOWN,CABLE BROKEN BACKBONE,network_002,branch_035,CLOSED,14.0,0.0,fiber_cable,0
inc_02931,incident_tx_ip,TXNOC,2025,4,10,40,CRITICAL,FIBRA,LINK DOWN,CABLE BROKEN BACKBONE,network_002,branch_001,CLOSED,15.0,0.0,fiber_cable,0
inc_02932,incident_tx_ip,TXNOC,2025,4,10,40,CRITICAL,MICROWAVE,LINK DOWN,IN SITE,network_001,branch_014,CLOSED,15.0,12.77,equipment_module,0
inc_02933,incident_tx_ip,TXNOC,2025,4,10,40,CRITICAL,MICROWAVE,LINK DOWN,IN SITE,network_001,branch_003,CLOSED,15.0,30.0,link_down,1
inc_02934,incident_tx_ip,TXNOC,2025,4,10,40,CRITICAL,FIBRA,LINK DOWN,CABLE BROKEN BACKBONE,network_002,branch_018,CLOSED,21.0,4.5,fiber_cable,0
inc_02935,incident_tx_ip,TXNOC,2025,4,10,40,CRITICAL,FIBRA,LINK DOWN,CABLE BROKEN BACKBONE,network_002,branch_016,CLOSED,15.0,5.47,fiber_cable,0
inc_02936,incident_tx_ip,TXNOC,2025,4,10,40,CRITICAL,FIBRA,LINK DOWN,CABLE BROKEN BACKBONE,network_002,branch_006,CLOSED,15.0,5.5,fiber_cable,0
inc_02937,incident_tx_ip,TXNOC,2025,4,10,40,CRITICAL,FIBRA,LINK DOWN,CABLE BROKEN BACKBONE,network_002,branch_008,CLOSED,15.0,6.0,fiber_cable,0
inc_02938,incident_tx_ip,TXNOC,2025,4,10,40,CRITICAL,FIBRA,LINK DOWN,CABLE BROKEN BACKBONE,network_002,branch_012,CLOSED,15.0,6.5,fiber_cable,0
inc_02939,incident_tx_ip,TXNOC,2025,4,10,40,CRITICAL,FIBRA,LINK DOWN,CABLE BROKEN BACKBONE,network_002,branch_011,CLOSED,14.0,5.5,fiber_cable,0
inc_02940,incident_tx_ip,TXNOC,2025,4,10,40,CRITICAL,MICROWAVE,BAD PERFORMANCE,IN SITE,network_001,branch_024,CLOSED,15.0,10.0,logical_config,0
inc_02941,incident_tx_ip,TXNOC,2025,4,10,40,CRITICAL,MICROWAVE,BAD PERFORMANCE,IN SITE,network_001,branch_029,CLOSED,15.0,41.5,equipment_module,1
inc_02942,incident_tx_ip,TXNOC,2025,4,10,40,CRITICAL,MICROWAVE,BAD PERFORMANCE,IN SITE,network_001,branch_019,CLOSED,15.0,24.5,equipment_module,1
inc_02943,incident_tx_ip,TXNOC,2025,4,10,40,CRITICAL,FIBRA,LINK DOWN,IN SITE,network_002,branch_011,CLOSED,7.0,24.5,fiber_cable,1
inc_02944,incident_tx_ip,TXNOC,2025,4,10,40,CRITICAL,FIBRA,LINK DOWN,CABLE BROKEN BACKBONE,network_002,branch_004,CLOSED,15.0,4.5,fiber_cable,0
inc_02945,incident_tx_ip,TXNOC,2025,4,10,40,CRITICAL,FIBRA,LINK DOWN,CABLE BROKEN BACKBONE,network_002,branch_018,CLOSED,20.0,67.33,fiber_cable,1
inc_02946,incident_tx_ip,TXNOC,2025,4,10,40,CRITICAL,FIBRA,LINK DOWN,CABLE BROKEN BACKBONE,network_002,branch_003,CLOSED,15.0,5.0,fiber_cable,0
inc_02947,incident_tx_ip,TXNOC,2025,4,10,40,MAJOR,FIBRA,LINK DOWN,IN SITE,network_001,branch_035,CLOSED,15.0,4.67,fiber_cable,0
inc_02948,incident_tx_ip,TXNOC,2025,4,10,40,CRITICAL,FIBRA,LINK DOWN,CABLE BROKEN BACKBONE,network_002,branch_020,CLOSED,15.0,3.93,fiber_cable,0
inc_02949,incident_tx_ip,TXNOC,2025,4,10,40,CRITICAL,FIBRA,LINK DOWN,CABLE BROKEN BACKBONE,network_002,branch_029,CLOSED,15.0,1.83,fiber_cable,0
inc_02950,incident_tx_ip,TXNOC,2025,4,10,40,CRITICAL,FIBRA,BAD PERFORMANCE,CABLE BROKEN BACKBONE,network_002,branch_014,CLOSED,7.0,20.0,attenuation,1
inc_02951,incident_tx_ip,TXNOC,2025,4,10,40,CRITICAL,MICROWAVE,BAD PERFORMANCE,IN SITE,network_001,branch_021,CLOSED,15.0,87.5,equipment_module,1
inc_02952,incident_tx_ip,TXNOC,2025,4,10,40,CRITICAL,FIBRA,LINK DOWN,CABLE BROKEN BACKBONE,network_002,branch_035,CLOSED,15.0,6.67,fiber_cable,0
inc_02953,incident_tx_ip,TXNOC,2025,4,10,40,CRITICAL,MICROWAVE,LINK DOWN,IN SITE,network_001,branch_021,CLOSED,15.0,10.67,equipment_module,0
inc_02954,incident_tx_ip,TXNOC,2025,4,10,40,CRITICAL,FIBRA,LINK DOWN,CABLE BROKEN BACKBONE,network_002,branch_003,CLOSED,15.0,2.0,fiber_cable,0
inc_02955,incident_tx_ip,TXNOC,2025,4,10,40,CRITICAL,FIBRA,LINK DOWN,CABLE BROKEN BACKBONE,network_002,branch_003,CLOSED,15.0,7.0,fiber_cable,0
inc_02956,incident_tx_ip,TXNOC,2025,4,10,40,CRITICAL,MICROWAVE,BAD PERFORMANCE,IN SITE,network_001,branch_004,CLOSED,15.0,29.0,equipment_module,1
inc_02957,incident_tx_ip,TXNOC,2025,4,10,40,CRITICAL,MICROWAVE,BAD PERFORMANCE,IN SITE,network_001,branch_021,CLOSED,15.0,12.33,link_down,0
inc_02958,incident_tx_ip,TXNOC,2025,4,10,40,CRITICAL,MICROWAVE,BAD PERFORMANCE,IN SITE,network_001,branch_003,CLOSED,15.0,3.0,link_down,0
inc_02959,incident_tx_ip,TXNOC,2025,4,10,40,CRITICAL,FIBRA,LINK DOWN,CABLE BROKEN BACKBONE,network_002,branch_003,CLOSED,15.0,6.5,fiber_cable,0
inc_02960,incident_tx_ip,TXNOC,2025,4,10,41,CRITICAL,FIBRA,ATTENUATION,CABLE BROKEN BACKBONE,network_002,branch_015,CLOSED,15.0,10.0,attenuation,0
inc_02961,incident_tx_ip,TXNOC,2025,4,10,41,MAJOR,MICROWAVE,BAD PERFORMANCE,IN SITE,network_001,branch_024,CLOSED,15.0,280.0,logical_config,1
inc_02962,incident_tx_ip,TXNOC,2025,4,10,41,CRITICAL,FIBRA,LINK DOWN,CABLE BROKEN BACKBONE,network_002,branch_006,CLOSED,15.0,5.33,fiber_cable,0
inc_02963,incident_tx_ip,TXNOC,2025,4,10,41,CRITICAL,FIBRA,LINK DOWN,CABLE BROKEN BACKBONE,network_002,branch_003,CLOSED,15.0,7.83,fiber_cable,0
inc_02964,incident_tx_ip,TXNOC,2025,4,10,41,CRITICAL,FIBRA,LINK DOWN,CABLE BROKEN BACKBONE,network_002,branch_015,CLOSED,15.0,2.17,fiber_cable,0
inc_02965,incident_tx_ip,TXNOC,2025,4,10,41,CRITICAL,FIBRA,BAD PERFORMANCE,IN SITE,network_002,branch_014,CLOSED,7.0,19.17,temperature_environment,1
inc_02966,incident_tx_ip,TXNOC,2025,4,10,41,CRITICAL,FIBRA,LINK DOWN,CABLE BROKEN BACKBONE,network_002,branch_018,CLOSED,21.0,10.0,fiber_cable,0
inc_02967,incident_tx_ip,TXNOC,2025,4,10,41,CRITICAL,FIBRA,BAD PERFORMANCE,IN SITE,network_002,branch_017,CLOSED,7.0,28.0,temperature_environment,1
inc_02968,incident_tx_ip,TXNOC,2025,4,10,41,CRITICAL,FIBRA,BAD PERFORMANCE,ATTENUATION OVER THRESHOLD,network_002,branch_035,CLOSED,15.0,9.5,attenuation,0
inc_02969,incident_tx_ip,TXNOC,2025,4,10,41,CRITICAL,FIBRA,LINK DOWN,CABLE BROKEN BACKBONE,network_002,branch_015,CLOSED,15.0,5.0,fiber_cable,0
inc_02970,incident_tx_ip,TXNOC,2025,4,10,41,MAJOR,FIBRA,ATTENUATION,ATTENUATION OVER THRESHOLD,network_002,branch_029,CLOSED,15.0,66.47,attenuation,1
inc_02971,incident_tx_ip,TXNOC,2025,4,10,41,CRITICAL,FIBRA,LINK DOWN,CABLE BROKEN BACKBONE,network_002,branch_003,CLOSED,15.0,3.0,fiber_cable,0
inc_02972,incident_tx_ip,TXNOC,2025,4,10,41,CRITICAL,FIBRA,LINK DOWN,CABLE BROKEN BACKBONE,network_002,branch_014,CLOSED,15.0,5.0,fiber_cable,0
inc_02973,incident_tx_ip,TXNOC,2025,4,10,41,CRITICAL,FIBRA,LINK DOWN,IN SITE,network_002,branch_015,CLOSED,7.0,30.0,fiber_cable,1
inc_02974,incident_tx_ip,TXNOC,2025,4,10,41,CRITICAL,FIBRA,LINK DOWN,IN SITE,network_001,branch_003,CLOSED,15.0,23.0,fiber_cable,1
inc_02975,incident_tx_ip,TXNOC,2025,4,10,41,CRITICAL,FIBRA,ATTENUATION,CABLE BROKEN BACKBONE,network_002,branch_012,CLOSED,15.0,16.0,attenuation,1
inc_02976,incident_tx_ip,TXNOC,2025,4,10,41,CRITICAL,FIBRA,LINK DOWN,CABLE BROKEN BACKBONE,network_002,branch_018,CLOSED,21.0,5.0,fiber_cable,0
inc_02977,incident_tx_ip,TXNOC,2025,4,10,41,CRITICAL,FIBRA,LINK DOWN,CABLE BROKEN BACKBONE,network_002,branch_003,CLOSED,15.0,5.25,fiber_cable,0
inc_02978,incident_tx_ip,TXNOC,2025,4,10,41,CRITICAL,FIBRA,LINK DOWN,CABLE BROKEN BACKBONE,network_002,branch_018,CLOSED,21.0,52.75,fiber_cable,1
inc_02979,incident_tx_ip,TXNOC,2025,4,10,41,CRITICAL,FIBRA,LINK DOWN,CABLE BROKEN BACKBONE,network_002,branch_018,CLOSED,21.0,6.0,fiber_cable,0
inc_02980,incident_tx_ip,TXNOC,2025,4,10,41,CRITICAL,FIBRA,LINK DOWN,CABLE BROKEN BACKBONE,network_002,branch_010,CLOSED,14.0,5.25,fiber_cable,0
inc_02981,incident_tx_ip,TXNOC,2025,4,10,41,CRITICAL,FIBRA,LINK DOWN,CABLE BROKEN BACKBONE,network_002,branch_011,CLOSED,17.0,3.75,fiber_cable,0
inc_02982,incident_tx_ip,TXNOC,2025,4,10,41,CRITICAL,FIBRA,LINK DOWN,CABLE BROKEN BACKBONE,network_002,branch_021,CLOSED,15.0,10.92,attenuation,0
inc_02983,incident_tx_ip,TXNOC,2025,4,10,41,CRITICAL,FIBRA,ATTENUATION,CABLE BROKEN BACKBONE,network_002,branch_007,CLOSED,15.0,9.25,attenuation,0
inc_02984,incident_tx_ip,TXNOC,2025,4,10,41,CRITICAL,FIBRA,LINK DOWN,CABLE BROKEN BACKBONE,network_002,branch_008,CLOSED,15.0,0.0,fiber_cable,0
inc_02985,incident_tx_ip,TXNOC,2025,4,10,41,CRITICAL,FIBRA,LINK DOWN,CABLE BROKEN BACKBONE,network_002,branch_018,CLOSED,20.0,6.0,fiber_cable,0
inc_02986,incident_tx_ip,TXNOC,2025,4,10,41,CRITICAL,FIBRA,LINK DOWN,CABLE BROKEN BACKBONE,network_002,branch_014,CLOSED,15.0,5.0,fiber_cable,0
inc_02987,incident_tx_ip,TXNOC,2025,4,10,41,CRITICAL,FIBRA,LINK DOWN,CABLE BROKEN BACKBONE,network_002,branch_004,CLOSED,15.0,30.0,attenuation,1
inc_02988,incident_tx_ip,TXNOC,2025,4,10,41,CRITICAL,FIBRA,LINK DOWN,CABLE BROKEN BACKBONE,network_002,branch_018,CLOSED,20.0,15.0,fiber_cable,0
inc_02989,incident_tx_ip,TXNOC,2025,4,10,41,CRITICAL,MICROWAVE,LINK DOWN,IN SITE,network_001,branch_008,CLOSED,15.0,63.5,equipment_module,1
inc_02990,incident_tx_ip,TXNOC,2025,4,10,41,CRITICAL,FIBRA,LINK DOWN,CABLE BROKEN BACKBONE,network_002,branch_019,CLOSED,15.0,5.17,fiber_cable,0
inc_02991,incident_tx_ip,TXNOC,2025,4,10,41,CRITICAL,FIBRA,LINK DOWN,CABLE BROKEN BACKBONE,network_002,branch_018,CLOSED,20.0,14.3,fiber_cable,0
inc_02992,incident_tx_ip,TXNOC,2025,4,10,41,CRITICAL,FIBRA,LINK DOWN,CABLE BROKEN BACKBONE,network_002,branch_025,CLOSED,18.0,5.0,fiber_cable,0
inc_02993,incident_tx_ip,TXNOC,2025,4,10,41,CRITICAL,FIBRA,LINK DOWN,CABLE BROKEN BACKBONE,network_002,branch_018,CLOSED,21.0,1.3,fiber_cable,0
inc_02994,incident_tx_ip,TXNOC,2025,4,10,41,CRITICAL,FIBRA,LINK DOWN,CABLE BROKEN BACKBONE,network_002,branch_002,CLOSED,15.0,2.83,fiber_cable,0
inc_02995,incident_tx_ip,TXNOC,2025,4,10,41,CRITICAL,FIBRA,LINK DOWN,CABLE BROKEN BACKBONE,network_002,branch_018,CLOSED,21.0,0.0,fiber_cable,0
inc_02996,incident_tx_ip,TXNOC,2025,4,10,41,CRITICAL,FIBRA,LINK DOWN,CABLE BROKEN BACKBONE,network_002,branch_018,CLOSED,21.0,1.0,attenuation,0
inc_02997,incident_tx_ip,TXNOC,2025,4,10,41,CRITICAL,FIBRA,LINK DOWN,CABLE BROKEN BACKBONE,network_002,branch_021,CLOSED,15.0,7.0,fiber_cable,0
inc_02998,incident_tx_ip,TXNOC,2025,4,10,41,CRITICAL,FIBRA,LINK DOWN,CABLE BROKEN BACKBONE,network_002,branch_035,CLOSED,15.0,0.0,attenuation,0
inc_02999,incident_tx_ip,TXNOC,2025,4,10,41,CRITICAL,FIBRA,LINK DOWN,CABLE BROKEN BACKBONE,network_002,branch_021,CLOSED,15.0,0.5,fiber_cable,0
inc_03000,incident_tx_ip,TXNOC,2025,4,10,41,CRITICAL,FIBRA,LINK DOWN,CABLE BROKEN BACKBONE,network_002,branch_004,CLOSED,15.0,4.0,fiber_cable,0
inc_03001,incident_tx_ip,TXNOC,2025,4,10,41,CRITICAL,FIBRA,LINK DOWN,CABLE BROKEN BACKBONE,network_002,branch_018,CLOSED,21.0,2.0,fiber_cable,0
inc_03002,incident_tx_ip,TXNOC,2025,4,10,41,CRITICAL,FIBRA,LINK DOWN,CABLE BROKEN BACKBONE,network_002,branch_003,CLOSED,15.0,6.0,fiber_cable,0
inc_03003,incident_tx_ip,TXNOC,2025,4,10,41,CRITICAL,FIBRA,LINK DOWN,CABLE BROKEN BACKBONE,network_002,branch_009,CLOSED,15.0,2.33,fiber_cable,0
inc_03004,incident_tx_ip,TXNOC,2025,4,10,41,CRITICAL,MICROWAVE,LINK DOWN,IN SITE,network_001,branch_021,CLOSED,15.0,0.0,power_energy,0
inc_03005,incident_tx_ip,TXNOC,2025,4,10,41,CRITICAL,FIBRA,LINK DOWN,CABLE BROKEN BACKBONE,network_002,branch_003,CLOSED,15.0,10.0,fiber_cable,0
inc_03006,incident_tx_ip,TXNOC,2025,4,10,41,CRITICAL,FIBRA,LINK DOWN,CABLE BROKEN BACKBONE,network_002,branch_035,CLOSED,15.0,0.0,fiber_cable,0
inc_03007,incident_tx_ip,TXNOC,2025,4,10,42,CRITICAL,FIBRA,LINK DOWN,CABLE BROKEN BACKBONE,network_002,branch_010,CLOSED,14.0,2.27,fiber_cable,0
inc_03008,incident_tx_ip,TXNOC,2025,4,10,42,CRITICAL,FIBRA,LINK DOWN,CABLE BROKEN BACKBONE,network_002,branch_035,CLOSED,15.0,3.0,fiber_cable,0
inc_03009,incident_tx_ip,TXNOC,2025,4,10,42,CRITICAL,FIBRA,LINK DOWN,CABLE BROKEN BACKBONE,network_002,branch_001,CLOSED,15.0,3.07,fiber_cable,0
inc_03010,incident_tx_ip,TXNOC,2025,4,10,42,CRITICAL,FIBRA,LINK DOWN,CABLE BROKEN BACKBONE,network_002,branch_004,CLOSED,15.0,0.42,fiber_cable,0
inc_03011,incident_tx_ip,TXNOC,2025,4,10,42,CRITICAL,FIBRA,LINK DOWN,CABLE BROKEN BACKBONE,network_002,branch_018,CLOSED,20.0,2.0,fiber_cable,0
inc_03012,incident_tx_ip,TXNOC,2025,4,10,42,CRITICAL,MICROWAVE,LINK DOWN,IN SITE,network_001,branch_021,CLOSED,15.0,25.0,equipment_module,1
inc_03013,incident_tx_ip,TXNOC,2025,4,10,42,MAJOR,FIBRA,ATTENUATION,CABLE BROKEN BACKBONE,network_002,branch_004,CLOSED,15.0,34.67,attenuation,1
inc_03014,incident_tx_ip,TXNOC,2025,4,10,42,CRITICAL,FIBRA,LINK DOWN,CABLE BROKEN BACKBONE,network_002,branch_009,CLOSED,15.0,9.33,fiber_cable,0
inc_03015,incident_tx_ip,TXNOC,2025,4,10,42,MAJOR,MICROWAVE,LINK DOWN,IN SITE,network_002,branch_001,CLOSED,15.0,13.5,equipment_module,0
inc_03016,incident_tx_ip,TXNOC,2025,4,10,42,CRITICAL,FIBRA,LINK DOWN,CABLE BROKEN BACKBONE,network_002,branch_035,CLOSED,14.0,8.33,fiber_cable,0
inc_03017,incident_tx_ip,TXNOC,2025,4,10,42,CRITICAL,FIBRA,LINK DOWN,CABLE BROKEN BACKBONE,network_002,branch_005,CLOSED,15.0,7.17,fiber_cable,0
inc_03018,incident_tx_ip,TXNOC,2025,4,10,42,CRITICAL,FIBRA,LINK DOWN,CABLE BROKEN BACKBONE,network_002,branch_032,CLOSED,22.0,2.17,fiber_cable,0
inc_03019,incident_tx_ip,TXNOC,2025,4,10,42,CRITICAL,FIBRA,LINK DOWN,CABLE BROKEN BACKBONE,network_002,branch_009,CLOSED,15.0,7.52,fiber_cable,0
inc_03020,incident_tx_ip,TXNOC,2025,4,10,42,CRITICAL,FIBRA,LINK DOWN,CABLE BROKEN BACKBONE,network_002,branch_017,CLOSED,15.0,7.45,fiber_cable,0
inc_03021,incident_tx_ip,TXNOC,2025,4,10,42,CRITICAL,FIBRA,LINK DOWN,CABLE BROKEN BACKBONE,network_002,branch_011,CLOSED,15.0,4.45,fiber_cable,0
inc_03022,incident_tx_ip,TXNOC,2025,4,10,42,CRITICAL,FIBRA,LINK DOWN,CABLE BROKEN BACKBONE,network_002,branch_004,CLOSED,15.0,3.95,fiber_cable,0
inc_03023,incident_tx_ip,TXNOC,2025,4,10,42,CRITICAL,FIBRA,ATTENUATION,ATTENUATION NEAR TO THRESHOLD,network_002,branch_018,CLOSED,21.0,1090.0,attenuation,1
inc_03024,incident_tx_ip,TXNOC,2025,4,10,42,CRITICAL,FIBRA,LINK DOWN,CABLE BROKEN BACKBONE,network_002,branch_008,CLOSED,15.0,1.0,fiber_cable,0
inc_03025,incident_tx_ip,TXNOC,2025,4,10,42,CRITICAL,FIBRA,LINK DOWN,CABLE BROKEN BACKBONE,network_002,branch_003,CLOSED,15.0,5.83,fiber_cable,0
inc_03026,incident_tx_ip,TXNOC,2025,4,10,42,CRITICAL,FIBRA,LINK DOWN,CABLE BROKEN BACKBONE,network_002,branch_009,CLOSED,15.0,5.17,fiber_cable,0
inc_03027,incident_tx_ip,TXNOC,2025,4,10,42,CRITICAL,FIBRA,LINK DOWN,CABLE BROKEN BACKBONE,network_002,branch_018,CLOSED,21.0,4.23,fiber_cable,0
inc_03028,incident_tx_ip,TXNOC,2025,4,10,42,CRITICAL,FIBRA,ATTENUATION,ATTENUATION NEAR TO THRESHOLD,network_002,branch_001,CLOSED,15.0,7.0,attenuation,0
inc_03029,incident_tx_ip,TXNOC,2025,4,10,42,CRITICAL,MICROWAVE,LINK DOWN,IN SITE,network_001,branch_019,CLOSED,15.0,326.0,equipment_module,1
inc_03030,incident_tx_ip,TXNOC,2025,4,10,42,CRITICAL,FIBRA,LINK DOWN,CABLE BROKEN BACKBONE,network_002,branch_018,CLOSED,21.0,9.0,fiber_cable,0
inc_03031,incident_tx_ip,TXNOC,2025,4,10,42,MAJOR,FIBRA,ATTENUATION,ATTENUATION OVER THRESHOLD,network_002,branch_018,CLOSED,21.0,0.0,attenuation,0
inc_03032,incident_tx_ip,TXNOC,2025,4,10,42,CRITICAL,FIBRA,LINK DOWN,CABLE BROKEN BACKBONE,network_002,branch_004,CLOSED,15.0,20.0,fiber_cable,1
inc_03033,incident_tx_ip,TXNOC,2025,4,10,42,CRITICAL,FIBRA,LINK DOWN,CABLE BROKEN BACKBONE,network_002,branch_012,CLOSED,15.0,224.5,attenuation,1
inc_03034,incident_tx_ip,TXNOC,2025,4,10,42,CRITICAL,FIBRA,LINK DOWN,CABLE BROKEN BACKBONE,network_002,branch_021,CLOSED,15.0,3.0,fiber_cable,0
inc_03035,incident_tx_ip,TXNOC,2025,4,10,42,MAJOR,MICROWAVE,LINK DOWN,IN SITE,network_001,branch_001,CLOSED,15.0,4.0,equipment_module,0
inc_03036,incident_tx_ip,TXNOC,2025,4,10,42,CRITICAL,FIBRA,LINK DOWN,CABLE BROKEN BACKBONE,network_002,branch_012,CLOSED,15.0,8.67,fiber_cable,0
inc_03037,incident_tx_ip,TXNOC,2025,4,10,43,CRITICAL,FIBRA,LINK DOWN,CABLE BROKEN BACKBONE,network_002,branch_018,CLOSED,21.0,0.5,fiber_cable,0
inc_03038,incident_tx_ip,TXNOC,2025,4,10,43,MAJOR,MICROWAVE,LINK DOWN,IN SITE,network_001,branch_024,CLOSED,15.0,21.0,link_down,1
inc_03039,incident_tx_ip,TXNOC,2025,4,10,43,CRITICAL,FIBRA,ATTENUATION,CABLE BROKEN BACKBONE,network_002,branch_012,CLOSED,15.0,0.0,attenuation,0
inc_03040,incident_tx_ip,TXNOC,2025,4,11,43,MAJOR,FIBRA,ATTENUATION,ATTENUATION OVER THRESHOLD,network_002,branch_004,CLOSED,15.0,3.5,attenuation,0
inc_03041,incident_tx_ip,TXNOC,2025,4,11,43,CRITICAL,MICROWAVE,LINK DOWN,IN SITE,network_001,branch_001,CLOSED,15.0,416.5,equipment_module,1
inc_03042,incident_tx_ip,TXNOC,2025,4,11,43,CRITICAL,FIBRA,LINK DOWN,CABLE BROKEN BACKBONE,network_002,branch_018,CLOSED,21.0,12.5,fiber_cable,0
inc_03043,incident_tx_ip,TXNOC,2025,4,11,43,CRITICAL,FIBRA,LINK DOWN,CABLE BROKEN BACKBONE,network_002,branch_018,CLOSED,21.0,6.95,fiber_cable,0
inc_03044,incident_tx_ip,TXNOC,2025,4,11,43,CRITICAL,FIBRA,LINK DOWN,CABLE BROKEN BACKBONE,network_002,branch_018,CLOSED,21.0,0.0,fiber_cable,0
inc_03045,incident_tx_ip,TXNOC,2025,4,11,43,CRITICAL,FIBRA,LINK DOWN,CABLE BROKEN BACKBONE,network_002,branch_015,CLOSED,15.0,4.0,fiber_cable,0
inc_03046,incident_tx_ip,TXNOC,2025,4,11,43,CRITICAL,FIBRA,LINK DOWN,CABLE BROKEN BACKBONE,network_002,branch_008,CLOSED,15.0,3.05,fiber_cable,0
inc_03047,incident_tx_ip,TXNOC,2025,4,11,43,CRITICAL,FIBRA,LINK DOWN,CABLE BROKEN BACKBONE,network_002,branch_011,CLOSED,15.0,1.05,fiber_cable,0
inc_03048,incident_tx_ip,TXNOC,2025,4,11,43,CRITICAL,FIBRA,LINK DOWN,CABLE BROKEN BACKBONE,network_002,branch_003,CLOSED,15.0,4.0,fiber_cable,0
inc_03049,incident_tx_ip,TXNOC,2025,4,11,43,CRITICAL,FIBRA,LINK DOWN,CABLE BROKEN BACKBONE,network_002,branch_018,CLOSED,21.0,5.33,fiber_cable,0
inc_03050,incident_tx_ip,TXNOC,2025,4,11,43,CRITICAL,FIBRA,LINK DOWN,CABLE BROKEN BACKBONE,network_002,branch_035,CLOSED,15.0,4.5,fiber_cable,0
inc_03051,incident_tx_ip,TXNOC,2025,4,11,43,MAJOR,MICROWAVE,LINK DOWN,IN SITE,network_001,branch_003,CLOSED,15.0,27.0,equipment_module,1
inc_03052,incident_tx_ip,TXNOC,2025,4,11,43,CRITICAL,FIBRA,LINK DOWN,CABLE BROKEN BACKBONE,network_002,branch_001,CLOSED,15.0,4.5,fiber_cable,0
inc_03053,incident_tx_ip,TXNOC,2025,4,11,43,MAJOR,FIBRA,ATTENUATION,ATTENUATION OVER THRESHOLD,network_002,branch_014,CLOSED,15.0,80.0,attenuation,1
inc_03054,incident_tx_ip,TXNOC,2025,4,11,43,CRITICAL,FIBRA,LINK DOWN,CABLE BROKEN BACKBONE,network_002,branch_032,CLOSED,22.0,4.5,fiber_cable,0
inc_03055,incident_tx_ip,TXNOC,2025,4,11,43,CRITICAL,FIBRA,LINK DOWN,IN SITE,network_002,branch_003,CLOSED,15.0,9.0,fiber_cable,0
inc_03056,incident_tx_ip,TXNOC,2025,4,11,43,CRITICAL,FIBRA,LINK DOWN,IN SITE,network_002,branch_014,CLOSED,15.0,6.0,fiber_cable,0
inc_03057,incident_tx_ip,TXNOC,2025,4,11,43,CRITICAL,FIBRA,LINK DOWN,IN SITE,network_002,branch_006,CLOSED,13.0,5.0,fiber_cable,0
inc_03058,incident_tx_ip,TXNOC,2025,4,11,43,MAJOR,MICROWAVE,LINK DOWN,IN SITE,network_001,branch_012,CLOSED,15.0,62.83,link_down,1
inc_03059,incident_tx_ip,TXNOC,2025,4,11,43,CRITICAL,FIBRA,LINK DOWN,CABLE BROKEN BACKBONE,network_002,branch_003,CLOSED,15.0,0.0,fiber_cable,0
inc_03060,incident_tx_ip,TXNOC,2025,4,11,43,CRITICAL,FIBRA,LINK DOWN,CABLE BROKEN BACKBONE,network_002,branch_010,CLOSED,14.0,17.0,fiber_cable,1
inc_03061,incident_tx_ip,TXNOC,2025,4,11,43,CRITICAL,FIBRA,LINK DOWN,CABLE BROKEN BACKBONE,network_002,branch_018,CLOSED,20.0,5.0,fiber_cable,0
inc_03062,incident_tx_ip,TXNOC,2025,4,11,43,MAJOR,MICROWAVE,LINK DOWN,IN SITE,network_001,branch_024,CLOSED,15.0,48.0,equipment_module,1
inc_03063,incident_tx_ip,TXNOC,2025,4,11,43,CRITICAL,FIBRA,LINK DOWN,CABLE BROKEN BACKBONE,network_002,branch_008,CLOSED,15.0,3.0,fiber_cable,0
inc_03064,incident_tx_ip,TXNOC,2025,4,11,43,CRITICAL,FIBRA,LINK DOWN,CABLE BROKEN BACKBONE,network_002,branch_006,CLOSED,15.0,2.0,fiber_cable,0
inc_03065,incident_tx_ip,TXNOC,2025,4,11,44,CRITICAL,FIBRA,LINK DOWN,CABLE BROKEN BACKBONE,network_002,branch_029,CLOSED,15.0,6.5,fiber_cable,0
inc_03066,incident_tx_ip,TXNOC,2025,4,11,44,CRITICAL,MICROWAVE,LINK DOWN,IN SITE,network_001,branch_019,CLOSED,15.0,20.0,equipment_module,1
inc_03067,incident_tx_ip,TXNOC,2025,4,11,44,CRITICAL,FIBRA,LINK DOWN,CABLE BROKEN BACKBONE,network_002,branch_003,CLOSED,15.0,4.0,fiber_cable,0
inc_03068,incident_tx_ip,TXNOC,2025,4,11,44,CRITICAL,FIBRA,LINK DOWN,CABLE BROKEN BACKBONE,network_002,branch_014,CLOSED,41.0,34.0,fiber_cable,0
inc_03069,incident_tx_ip,TXNOC,2025,4,11,44,CRITICAL,FIBRA,LINK DOWN,CABLE BROKEN BACKBONE,network_002,branch_020,CLOSED,15.0,11.0,fiber_cable,0
inc_03070,incident_tx_ip,TXNOC,2025,4,11,44,MAJOR,FIBRA,LINK DOWN,CABLE BROKEN BACKBONE,network_002,branch_016,CLOSED,14.0,10.0,attenuation,0
inc_03071,incident_tx_ip,TXNOC,2025,4,11,44,MAJOR,MICROWAVE,LINK DOWN,IN SITE,network_001,branch_009,CLOSED,15.0,1.0,equipment_module,0
inc_03072,incident_tx_ip,TXNOC,2025,4,11,44,MAJOR,MICROWAVE,LINK DOWN,IN SITE,network_001,branch_009,CLOSED,15.0,14.5,equipment_module,0
inc_03073,incident_tx_ip,TXNOC,2025,4,11,44,MAJOR,MICROWAVE,LINK DOWN,IN SITE,network_001,branch_009,CLOSED,15.0,20.0,equipment_module,1
inc_03074,incident_tx_ip,TXNOC,2025,4,11,44,CRITICAL,FIBRA,LINK DOWN,CABLE BROKEN BACKBONE,network_002,branch_003,CLOSED,15.0,2.5,fiber_cable,0
inc_03075,incident_tx_ip,TXNOC,2025,4,11,44,CRITICAL,FIBRA,LINK DOWN,CABLE BROKEN BACKBONE,network_002,branch_011,CLOSED,15.0,5.17,fiber_cable,0
inc_03076,incident_tx_ip,TXNOC,2025,4,11,44,CRITICAL,FIBRA,LINK DOWN,CABLE BROKEN BACKBONE,network_002,branch_003,CLOSED,15.0,1.83,fiber_cable,0
inc_03077,incident_tx_ip,TXNOC,2025,4,11,44,CRITICAL,FIBRA,LINK DOWN,CABLE BROKEN BACKBONE,network_002,branch_018,CLOSED,21.0,7.0,fiber_cable,0
inc_03078,incident_tx_ip,TXNOC,2025,4,11,44,CRITICAL,FIBRA,LINK DOWN,CABLE BROKEN BACKBONE,network_002,branch_004,CLOSED,7.0,1.0,temperature_environment,0
inc_03079,incident_tx_ip,TXNOC,2025,4,11,44,MAJOR,MICROWAVE,LINK DOWN,IN SITE,network_001,branch_009,CLOSED,15.0,25.0,equipment_module,1
inc_03080,incident_tx_ip,TXNOC,2025,4,11,44,MAJOR,MICROWAVE,LINK DOWN,IN SITE,network_001,branch_021,CLOSED,15.0,45.0,link_down,1
inc_03081,incident_tx_ip,TXNOC,2025,4,11,44,CRITICAL,FIBRA,ATTENUATION,CABLE BROKEN BACKBONE,network_002,branch_004,CLOSED,15.0,5.0,attenuation,0
inc_03082,incident_tx_ip,TXNOC,2025,4,11,44,CRITICAL,FIBRA,LINK DOWN,CABLE BROKEN BACKBONE,network_002,branch_008,CLOSED,7.0,2.0,fiber_cable,0
inc_03083,incident_tx_ip,TXNOC,2025,4,11,44,CRITICAL,FIBRA,ATTENUATION,CABLE BROKEN BACKBONE,network_002,branch_003,CLOSED,15.0,23.33,attenuation,1
inc_03084,incident_tx_ip,TXNOC,2025,4,11,44,CRITICAL,FIBRA,LINK DOWN,CABLE BROKEN BACKBONE,network_002,branch_022,CLOSED,15.0,5.0,fiber_cable,0
inc_03085,incident_tx_ip,TXNOC,2025,4,11,44,CRITICAL,FIBRA,LINK DOWN,CABLE BROKEN BACKBONE,network_002,branch_030,CLOSED,15.0,7.5,fiber_cable,0
inc_03086,incident_tx_ip,TXNOC,2025,4,11,44,CRITICAL,FIBRA,LINK DOWN,CABLE BROKEN BACKBONE,network_002,branch_018,CLOSED,21.0,0.0,fiber_cable,0
inc_03087,incident_tx_ip,TXNOC,2025,4,11,44,CRITICAL,FIBRA,LINK DOWN,CABLE BROKEN BACKBONE,network_002,branch_014,CLOSED,15.0,0.0,fiber_cable,0
inc_03088,incident_tx_ip,TXNOC,2025,4,11,44,MAJOR,FIBRA,ATTENUATION,ATTENUATION OVER THRESHOLD,network_002,branch_017,CLOSED,15.0,50.0,attenuation,1
inc_03089,incident_tx_ip,TXNOC,2025,4,11,44,CRITICAL,FIBRA,LINK DOWN,CABLE BROKEN BACKBONE,network_002,branch_011,CLOSED,15.0,7.5,fiber_cable,0
inc_03090,incident_tx_ip,TXNOC,2025,4,11,44,CRITICAL,FIBRA,LINK DOWN,CABLE BROKEN BACKBONE,network_002,branch_030,CLOSED,15.0,50.0,fiber_cable,1
inc_03091,incident_tx_ip,TXNOC,2025,4,11,44,CRITICAL,FIBRA,LINK DOWN,CABLE BROKEN BACKBONE,network_002,branch_018,CLOSED,21.0,7.5,fiber_cable,0
inc_03092,incident_tx_ip,TXNOC,2025,4,11,44,CRITICAL,MICROWAVE,BAD PERFORMANCE,IN SITE,network_001,branch_024,CLOSED,15.0,500.0,power_energy,1
inc_03093,incident_tx_ip,TXNOC,2025,4,11,44,CRITICAL,FIBRA,LINK DOWN,IN SITE,network_002,branch_006,CLOSED,12.0,3.5,fiber_cable,0
inc_03094,incident_tx_ip,TXNOC,2025,4,11,44,CRITICAL,FIBRA,LINK DOWN,IN SITE,network_002,branch_003,CLOSED,15.0,6.0,fiber_cable,0
inc_03095,incident_tx_ip,TXNOC,2025,4,11,44,CRITICAL,FIBRA,LINK DOWN,IN SITE,network_002,branch_010,CLOSED,14.0,9.83,fiber_cable,0
inc_03096,incident_tx_ip,TXNOC,2025,4,11,44,CRITICAL,FIBRA,LINK DOWN,IN SITE,network_002,branch_003,CLOSED,15.0,1.5,fiber_cable,0
inc_03097,incident_tx_ip,TXNOC,2025,4,11,44,CRITICAL,FIBRA,LINK DOWN,IN SITE,network_002,branch_017,CLOSED,15.0,0.33,fiber_cable,0
inc_03098,incident_tx_ip,TXNOC,2025,4,11,45,CRITICAL,MICROWAVE,LINK DOWN,IN SITE,network_001,branch_008,CLOSED,15.0,380.0,equipment_module,1
inc_03099,incident_tx_ip,TXNOC,2025,4,11,45,CRITICAL,FIBRA,LINK DOWN,CABLE BROKEN BACKBONE,network_002,branch_003,CLOSED,15.0,4.67,fiber_cable,0
inc_03100,incident_tx_ip,TXNOC,2025,4,11,45,CRITICAL,FIBRA,LINK DOWN,CABLE BROKEN BACKBONE,network_002,branch_003,CLOSED,15.0,6.33,fiber_cable,0
inc_03101,incident_tx_ip,TXNOC,2025,4,11,45,CRITICAL,FIBRA,LINK DOWN,CABLE BROKEN BACKBONE,network_002,branch_005,CLOSED,15.0,7.67,fiber_cable,0
inc_03102,incident_tx_ip,TXNOC,2025,4,11,45,CRITICAL,FIBRA,ATTENUATION,CABLE BROKEN BACKBONE,network_002,branch_010,CLOSED,14.0,26.67,attenuation,1
inc_03103,incident_tx_ip,TXNOC,2025,4,11,45,MAJOR,MICROWAVE,LINK DOWN,IN SITE,network_001,branch_024,CLOSED,15.0,48.0,equipment_module,1
inc_03104,incident_tx_ip,TXNOC,2025,4,11,45,CRITICAL,FIBRA,LINK DOWN,IN SITE,network_001,branch_017,CLOSED,15.0,6.0,fiber_cable,0
inc_03105,incident_tx_ip,TXNOC,2025,4,11,45,CRITICAL,MICROWAVE,BAD PERFORMANCE,IN SITE,network_001,branch_003,CLOSED,15.0,1121.88,logical_config,1
inc_03106,incident_tx_ip,TXNOC,2025,4,11,45,CRITICAL,MICROWAVE,LINK DOWN,IN SITE,network_001,branch_024,CLOSED,15.0,20.0,link_down,1
inc_03107,incident_tx_ip,TXNOC,2025,4,11,45,CRITICAL,MICROWAVE,BAD PERFORMANCE,IN SITE,network_001,branch_021,CLOSED,15.0,250.0,equipment_module,1
inc_03108,incident_tx_ip,TXNOC,2025,4,11,45,CRITICAL,MICROWAVE,LINK DOWN,IN SITE,network_001,branch_029,CLOSED,15.0,21.0,link_down,1
inc_03109,incident_tx_ip,TXNOC,2025,4,11,45,CRITICAL,MICROWAVE,LINK DOWN,IN SITE,network_001,branch_035,CLOSED,15.0,287.0,equipment_module,1
inc_03110,incident_tx_ip,TXNOC,2025,4,11,45,CRITICAL,MICROWAVE,BAD PERFORMANCE,IN SITE,network_001,branch_009,CLOSED,15.0,150.0,other,1
inc_03111,incident_tx_ip,TXNOC,2025,4,11,45,CRITICAL,MICROWAVE,BAD PERFORMANCE,IN SITE,network_001,branch_023,CLOSED,15.0,140.0,other,1
inc_03112,incident_tx_ip,TXNOC,2025,4,11,45,CRITICAL,FIBRA,LINK DOWN,CABLE BROKEN BACKBONE,network_002,branch_029,CLOSED,15.0,4.5,fiber_cable,0
inc_03113,incident_tx_ip,TXNOC,2025,4,11,45,CRITICAL,FIBRA,LINK DOWN,CABLE BROKEN BACKBONE,network_002,branch_008,CLOSED,15.0,7.33,fiber_cable,0
inc_03114,incident_tx_ip,TXNOC,2025,4,11,45,CRITICAL,FIBRA,LINK DOWN,CABLE BROKEN BACKBONE,network_002,branch_018,CLOSED,21.0,2.0,fiber_cable,0
inc_03115,incident_tx_ip,TXNOC,2025,4,11,45,MAJOR,MICROWAVE,LINK DOWN,IN SITE,network_001,branch_006,CLOSED,15.0,97.0,link_down,1
inc_03116,incident_tx_ip,TXNOC,2025,4,11,45,CRITICAL,FIBRA,LINK DOWN,CABLE BROKEN BACKBONE,network_002,branch_005,CLOSED,15.0,3.0,fiber_cable,0
inc_03117,incident_tx_ip,TXNOC,2025,4,11,45,CRITICAL,FIBRA,LINK DOWN,CABLE BROKEN BACKBONE,network_002,branch_010,CLOSED,15.0,0.5,fiber_cable,0
inc_03118,incident_tx_ip,TXNOC,2025,4,11,45,CRITICAL,FIBRA,ATTENUATION,ATTENUATION OVER THRESHOLD,network_002,branch_008,CLOSED,15.0,500.0,attenuation,1
inc_03119,incident_tx_ip,TXNOC,2025,4,11,45,CRITICAL,FIBRA,ATTENUATION,ATTENUATION OVER THRESHOLD,network_002,branch_030,CLOSED,14.0,29.0,attenuation,1
inc_03120,incident_tx_ip,TXNOC,2025,4,11,45,CRITICAL,FIBRA,ATTENUATION,ATTENUATION OVER THRESHOLD,network_002,branch_018,CLOSED,20.0,8.0,attenuation,0
inc_03121,incident_tx_ip,TXNOC,2025,4,11,45,CRITICAL,FIBRA,ATTENUATION,ATTENUATION OVER THRESHOLD,network_002,branch_017,CLOSED,15.0,5.5,attenuation,0
inc_03122,incident_tx_ip,TXNOC,2025,4,11,45,CRITICAL,FIBRA,ATTENUATION,ATTENUATION OVER THRESHOLD,network_002,branch_034,CLOSED,14.0,291.5,attenuation,1
inc_03123,incident_tx_ip,TXNOC,2025,4,11,45,CRITICAL,FIBRA,LINK DOWN,ATTENUATION OVER THRESHOLD,network_002,branch_035,CLOSED,15.0,0.0,fiber_cable,0
inc_03124,incident_tx_ip,TXNOC,2025,4,11,45,CRITICAL,FIBRA,LINK DOWN,ATTENUATION OVER THRESHOLD,network_002,branch_003,CLOSED,15.0,1.3,fiber_cable,0
inc_03125,incident_tx_ip,TXNOC,2025,4,11,45,CRITICAL,FIBRA,LINK DOWN,ATTENUATION OVER THRESHOLD,network_002,branch_017,CLOSED,15.0,11.83,fiber_cable,0
inc_03126,incident_tx_ip,TXNOC,2025,4,11,45,CRITICAL,FIBRA,LINK DOWN,CABLE BROKEN BACKBONE,network_002,branch_014,CLOSED,7.0,6.0,fiber_cable,0
inc_03127,incident_tx_ip,TXNOC,2025,4,11,45,CRITICAL,FIBRA,LINK DOWN,CABLE BROKEN BACKBONE,network_002,branch_035,CLOSED,19.0,6.0,fiber_cable,0
inc_03128,incident_tx_ip,TXNOC,2025,4,11,45,CRITICAL,FIBRA,LINK DOWN,ATTENUATION OVER THRESHOLD,network_002,branch_032,CLOSED,22.0,10.0,attenuation,0
inc_03129,incident_tx_ip,TXNOC,2025,4,11,45,CRITICAL,FIBRA,LINK DOWN,CABLE BROKEN BACKBONE,network_002,branch_020,CLOSED,15.0,2.0,fiber_cable,0
inc_03130,incident_tx_ip,TXNOC,2025,4,11,45,CRITICAL,FIBRA,LINK DOWN,CABLE BROKEN BACKBONE,network_002,branch_030,CLOSED,18.0,3.0,fiber_cable,0
inc_03131,incident_tx_ip,TXNOC,2025,4,11,45,CRITICAL,FIBRA,LINK DOWN,CABLE BROKEN BACKBONE,network_002,branch_003,CLOSED,15.0,2.5,fiber_cable,0
inc_03132,incident_tx_ip,TXNOC,2025,4,11,45,CRITICAL,FIBRA,LINK DOWN,CABLE BROKEN BACKBONE,network_002,branch_010,CLOSED,14.0,12.25,fiber_cable,0
inc_03133,incident_tx_ip,TXNOC,2025,4,11,45,CRITICAL,FIBRA,LINK DOWN,CABLE BROKEN BACKBONE,network_002,branch_021,CLOSED,15.0,4.33,fiber_cable,0
inc_03134,incident_tx_ip,TXNOC,2025,4,11,45,CRITICAL,FIBRA,LINK DOWN,CABLE BROKEN BACKBONE,network_002,branch_001,CLOSED,15.0,2.67,fiber_cable,0
inc_03135,incident_tx_ip,TXNOC,2025,4,11,45,CRITICAL,FIBRA,LINK DOWN,CABLE BROKEN BACKBONE,network_002,branch_018,CLOSED,21.0,2.67,fiber_cable,0
inc_03136,incident_tx_ip,TXNOC,2025,4,11,45,CRITICAL,FIBRA,LINK DOWN,CABLE BROKEN BACKBONE,network_002,branch_011,CLOSED,21.0,10.0,fiber_cable,0
inc_03137,incident_tx_ip,TXNOC,2025,4,11,45,CRITICAL,FIBRA,LINK DOWN,CABLE BROKEN BACKBONE,network_002,branch_018,CLOSED,20.0,10.0,fiber_cable,0
inc_03138,incident_tx_ip,TXNOC,2025,4,11,45,CRITICAL,FIBRA,LINK DOWN,CABLE BROKEN BACKBONE,network_002,branch_025,CLOSED,18.0,7.0,fiber_cable,0
inc_03139,incident_tx_ip,TXNOC,2025,4,11,45,CRITICAL,MICROWAVE,LINK DOWN,IN SITE,network_001,branch_009,CLOSED,15.0,15.0,equipment_module,0
inc_03140,incident_tx_ip,TXNOC,2025,4,11,45,CRITICAL,MICROWAVE,LINK DOWN,IN SITE,network_001,branch_024,CLOSED,15.0,19.0,equipment_module,1
inc_03141,incident_tx_ip,TXNOC,2025,4,11,46,MAJOR,MICROWAVE,BAD PERFORMANCE,IN SITE,network_001,branch_024,CLOSED,7.0,49.5,equipment_module,1
inc_03142,incident_tx_ip,TXNOC,2025,4,11,46,CRITICAL,FIBRA,LINK DOWN,ATTENUATION OVER THRESHOLD,network_002,branch_014,CLOSED,15.0,6.5,fiber_cable,0
inc_03143,incident_tx_ip,TXNOC,2025,4,11,46,CRITICAL,FIBRA,LINK DOWN,ATTENUATION OVER THRESHOLD,network_002,branch_001,CLOSED,15.0,8.0,fiber_cable,0
inc_03144,incident_tx_ip,TXNOC,2025,4,11,46,CRITICAL,FIBRA,LINK DOWN,ATTENUATION OVER THRESHOLD,network_002,branch_003,CLOSED,15.0,6.0,fiber_cable,0
inc_03145,incident_tx_ip,TXNOC,2025,4,11,46,CRITICAL,FIBRA,LINK DOWN,ATTENUATION OVER THRESHOLD,network_002,branch_012,CLOSED,15.0,11.0,fiber_cable,0
inc_03146,incident_tx_ip,TXNOC,2025,4,11,46,CRITICAL,FIBRA,LINK DOWN,ATTENUATION OVER THRESHOLD,network_002,branch_017,CLOSED,15.0,1.0,fiber_cable,0
inc_03147,incident_tx_ip,TXNOC,2025,4,11,46,CRITICAL,FIBRA,LINK DOWN,ATTENUATION OVER THRESHOLD,network_002,branch_008,CLOSED,15.0,0.0,attenuation,0
inc_03148,incident_tx_ip,TXNOC,2025,4,11,46,CRITICAL,FIBRA,LINK DOWN,ATTENUATION OVER THRESHOLD,network_002,branch_018,CLOSED,20.0,8.0,fiber_cable,0
inc_03149,incident_tx_ip,TXNOC,2025,4,11,46,CRITICAL,FIBRA,LINK DOWN,ATTENUATION OVER THRESHOLD,network_002,branch_002,CLOSED,15.0,4.0,fiber_cable,0
inc_03150,incident_tx_ip,TXNOC,2025,4,11,46,CRITICAL,FIBRA,LINK DOWN,ATTENUATION OVER THRESHOLD,network_002,branch_012,CLOSED,15.0,29.0,fiber_cable,1
inc_03151,incident_tx_ip,TXNOC,2025,4,11,46,CRITICAL,FIBRA,LINK DOWN,ATTENUATION OVER THRESHOLD,network_002,branch_035,CLOSED,15.0,0.0,fiber_cable,0
inc_03152,incident_tx_ip,TXNOC,2025,4,11,46,MAJOR,MICROWAVE,BAD PERFORMANCE,IN SITE,network_001,branch_029,CLOSED,15.0,20.0,other,1
inc_03153,incident_tx_ip,TXNOC,2025,4,11,46,MAJOR,FIBRA,BAD PERFORMANCE,IN SITE,network_002,branch_008,CLOSED,15.0,110.0,attenuation,1
inc_03154,incident_tx_ip,TXNOC,2025,4,11,46,MAJOR,MICROWAVE,LINK DOWN,IN SITE,network_001,branch_005,CLOSED,15.0,23.0,link_down,1
inc_03155,incident_tx_ip,TXNOC,2025,4,11,46,CRITICAL,FIBRA,LINK DOWN,CABLE BROKEN BACKBONE,network_002,branch_018,CLOSED,21.0,5.0,fiber_cable,0
inc_03156,incident_tx_ip,TXNOC,2025,4,11,46,CRITICAL,FIBRA,LINK DOWN,CABLE BROKEN BACKBONE,network_002,branch_018,CLOSED,21.0,5.0,fiber_cable,0
inc_03157,incident_tx_ip,TXNOC,2025,4,11,46,CRITICAL,FIBRA,LINK DOWN,CABLE BROKEN BACKBONE,network_002,branch_021,CLOSED,15.0,2.0,fiber_cable,0
inc_03158,incident_tx_ip,TXNOC,2025,4,11,46,CRITICAL,FIBRA,LINK DOWN,CABLE BROKEN BACKBONE,network_002,branch_003,CLOSED,15.0,2.0,fiber_cable,0
inc_03159,incident_tx_ip,TXNOC,2025,4,11,46,CRITICAL,FIBRA,LINK DOWN,IN SITE,network_002,branch_018,CLOSED,21.0,1.5,fiber_cable,0
inc_03160,incident_tx_ip,TXNOC,2025,4,11,46,CRITICAL,FIBRA,LINK DOWN,IN SITE,network_002,branch_018,CLOSED,21.0,6.0,fiber_cable,0
inc_03161,incident_tx_ip,TXNOC,2025,4,11,46,MAJOR,FIBRA,BAD PERFORMANCE,IN SITE,network_001,branch_017,CLOSED,15.0,80.0,fiber_cable,1
inc_03162,incident_tx_ip,TXNOC,2025,4,11,46,CRITICAL,FIBRA,LINK DOWN,CABLE BROKEN BACKBONE,network_002,branch_001,CLOSED,15.0,5.0,fiber_cable,0
inc_03163,incident_tx_ip,TXNOC,2025,4,11,46,MAJOR,FIBRA,BAD PERFORMANCE,IN SITE,network_002,branch_029,CLOSED,15.0,145.0,attenuation,1
inc_03164,incident_tx_ip,TXNOC,2025,4,11,46,CRITICAL,FIBRA,LINK DOWN,CABLE BROKEN BACKBONE,network_002,branch_003,CLOSED,15.0,3.0,fiber_cable,0
inc_03165,incident_tx_ip,TXNOC,2025,4,11,46,CRITICAL,FIBRA,LINK DOWN,CABLE BROKEN BACKBONE,network_002,branch_020,CLOSED,15.0,5.0,fiber_cable,0
inc_03166,incident_tx_ip,TXNOC,2025,4,11,46,CRITICAL,FIBRA,LINK DOWN,CABLE BROKEN BACKBONE,network_002,branch_008,CLOSED,15.0,1.0,fiber_cable,0
inc_03167,incident_tx_ip,TXNOC,2025,4,11,46,MAJOR,FIBRA,BAD PERFORMANCE,IN SITE,network_001,branch_021,CLOSED,15.0,14.0,fiber_cable,0
inc_03168,incident_tx_ip,TXNOC,2025,4,11,46,CRITICAL,FIBRA,LINK DOWN,IN SITE,network_002,branch_017,CLOSED,7.0,20.0,fiber_cable,1
inc_03169,incident_tx_ip,TXNOC,2025,4,11,46,CRITICAL,FIBRA,LINK DOWN,IN SITE,network_002,branch_006,CLOSED,15.0,6.0,fiber_cable,0
inc_03170,incident_tx_ip,TXNOC,2025,4,11,46,CRITICAL,FIBRA,LINK DOWN,IN SITE,network_002,branch_004,CLOSED,15.0,9.0,fiber_cable,0
inc_03171,incident_tx_ip,TXNOC,2025,4,11,46,CRITICAL,FIBRA,LINK DOWN,IN SITE,network_002,branch_035,CLOSED,15.0,9.0,fiber_cable,0
inc_03172,incident_tx_ip,TXNOC,2025,4,11,46,CRITICAL,FIBRA,LINK DOWN,IN SITE,network_002,branch_007,CLOSED,15.0,6.5,fiber_cable,0
inc_03173,incident_tx_ip,TXNOC,2025,4,11,46,CRITICAL,FIBRA,LINK DOWN,IN SITE,network_002,branch_001,CLOSED,15.0,3.5,fiber_cable,0
inc_03174,incident_tx_ip,TXNOC,2025,4,11,46,CRITICAL,FIBRA,LINK DOWN,IN SITE,network_002,branch_018,CLOSED,21.0,0.0,fiber_cable,0
inc_03175,incident_tx_ip,TXNOC,2025,4,11,46,CRITICAL,FIBRA,LINK DOWN,IN SITE,network_002,branch_018,CLOSED,21.0,0.0,fiber_cable,0
inc_03176,incident_tx_ip,TXNOC,2025,4,11,46,CRITICAL,FIBRA,LINK DOWN,CABLE BROKEN BACKBONE,network_002,branch_002,CLOSED,15.0,7.0,fiber_cable,0
inc_03177,incident_tx_ip,TXNOC,2025,4,11,46,CRITICAL,FIBRA,LINK DOWN,CABLE BROKEN BACKBONE,network_002,branch_021,CLOSED,15.0,10.0,attenuation,0
inc_03178,incident_tx_ip,TXNOC,2025,4,11,46,CRITICAL,FIBRA,LINK DOWN,CABLE BROKEN BACKBONE,network_002,branch_002,CLOSED,15.0,5.75,fiber_cable,0
inc_03179,incident_tx_ip,TXNOC,2025,4,11,46,CRITICAL,FIBRA,LINK DOWN,CABLE BROKEN BACKBONE,network_002,branch_002,CLOSED,15.0,5.43,attenuation,0
inc_03180,incident_tx_ip,TXNOC,2025,4,11,46,CRITICAL,FIBRA,LINK DOWN,IN SITE,network_002,branch_018,CLOSED,21.0,3.5,fiber_cable,0
inc_03181,incident_tx_ip,TXNOC,2025,4,11,46,CRITICAL,FIBRA,LINK DOWN,IN SITE,network_002,branch_001,CLOSED,15.0,10.0,attenuation,0
inc_03182,incident_tx_ip,TXNOC,2025,4,11,47,CRITICAL,FIBRA,LINK DOWN,CABLE BROKEN BACKBONE,network_002,branch_030,CLOSED,14.0,9.87,fiber_cable,0
inc_03183,incident_tx_ip,TXNOC,2025,4,11,47,CRITICAL,FIBRA,LINK DOWN,CABLE BROKEN BACKBONE,network_002,branch_014,CLOSED,15.0,6.83,fiber_cable,0
inc_03184,incident_tx_ip,TXNOC,2025,4,11,47,CRITICAL,FIBRA,LINK DOWN,CABLE BROKEN BACKBONE,network_002,branch_018,CLOSED,21.0,5.3,fiber_cable,0
inc_03185,incident_tx_ip,TXNOC,2025,4,11,47,CRITICAL,FIBRA,LINK DOWN,CABLE BROKEN BACKBONE,network_002,branch_022,CLOSED,15.0,2.75,fiber_cable,0
inc_03186,incident_tx_ip,TXNOC,2025,4,11,47,CRITICAL,FIBRA,LINK DOWN,CABLE BROKEN BACKBONE,network_002,branch_006,CLOSED,13.0,0.0,fiber_cable,0
inc_03187,incident_tx_ip,TXNOC,2025,4,11,47,MAJOR,MICROWAVE,BAD PERFORMANCE,IN SITE,network_001,branch_003,CONTINUE,15.0,7.35,other,0
inc_03188,incident_tx_ip,TXNOC,2025,4,11,47,CRITICAL,FIBRA,LINK DOWN,CABLE BROKEN BACKBONE,network_002,branch_008,CLOSED,15.0,9.0,attenuation,0
inc_03189,incident_tx_ip,TXNOC,2025,4,11,47,CRITICAL,FIBRA,LINK DOWN,CABLE BROKEN BACKBONE,network_002,branch_012,CLOSED,15.0,4.83,fiber_cable,0
inc_03190,incident_tx_ip,TXNOC,2025,4,11,47,CRITICAL,FIBRA,LINK DOWN,CABLE BROKEN BACKBONE,network_002,branch_018,CLOSED,20.0,6.0,fiber_cable,0
inc_03191,incident_tx_ip,TXNOC,2025,4,11,47,CRITICAL,FIBRA,LINK DOWN,CABLE BROKEN BACKBONE,network_002,branch_008,CLOSED,15.0,6.5,fiber_cable,0
inc_03192,incident_tx_ip,TXNOC,2025,4,11,47,CRITICAL,FIBRA,LINK DOWN,CABLE BROKEN BACKBONE,network_002,branch_002,CLOSED,15.0,6.17,fiber_cable,0
inc_03193,incident_tx_ip,TXNOC,2025,4,11,47,CRITICAL,FIBRA,LINK DOWN,CABLE BROKEN BACKBONE,network_002,branch_018,CLOSED,21.0,4.17,fiber_cable,0
inc_03194,incident_tx_ip,TXNOC,2025,4,11,47,CRITICAL,FIBRA,LINK DOWN,CABLE BROKEN BACKBONE,network_002,branch_004,CLOSED,15.0,0.0,fiber_cable,0
inc_03195,incident_tx_ip,TXNOC,2025,4,11,47,CRITICAL,FIBRA,LINK DOWN,IN SITE,network_002,branch_016,CLOSED,14.0,7.0,fiber_cable,0
inc_03196,incident_tx_ip,TXNOC,2025,4,11,47,CRITICAL,FIBRA,LINK DOWN,CABLE BROKEN BACKBONE,network_002,branch_008,CLOSED,15.0,10.0,fiber_cable,0
inc_03197,incident_tx_ip,TXNOC,2025,4,11,47,CRITICAL,FIBRA,LINK DOWN,CABLE BROKEN BACKBONE,network_002,branch_018,CLOSED,20.0,7.2,fiber_cable,0
inc_03198,incident_tx_ip,TXNOC,2025,4,11,47,CRITICAL,FIBRA,LINK DOWN,CABLE BROKEN BACKBONE,network_002,branch_017,CLOSED,15.0,7.17,fiber_cable,0
inc_03199,incident_tx_ip,TXNOC,2025,4,11,47,CRITICAL,FIBRA,LINK DOWN,CABLE BROKEN BACKBONE,network_002,branch_002,CLOSED,15.0,13.75,fiber_cable,0
inc_03200,incident_tx_ip,TXNOC,2025,4,11,47,CRITICAL,FIBRA,LINK DOWN,CABLE BROKEN BACKBONE,network_002,branch_017,CLOSED,15.0,4.48,fiber_cable,0
inc_03201,incident_tx_ip,TXNOC,2025,4,11,47,CRITICAL,MICROWAVE,LINK DOWN,IN SITE,network_001,branch_020,CLOSED,15.0,20.0,link_down,1
inc_03202,incident_tx_ip,TXNOC,2025,4,11,47,CRITICAL,FIBRA,LINK DOWN,CABLE BROKEN BACKBONE,network_002,branch_022,CLOSED,15.0,10.0,fiber_cable,0
inc_03203,incident_tx_ip,TXNOC,2025,4,11,47,CRITICAL,FIBRA,LINK DOWN,CABLE BROKEN BACKBONE,network_002,branch_016,CLOSED,14.0,0.0,fiber_cable,0
inc_03204,incident_tx_ip,TXNOC,2025,4,11,47,CRITICAL,FIBRA,LINK DOWN,CABLE BROKEN BACKBONE,network_002,branch_035,CLOSED,15.0,60.0,fiber_cable,1
inc_03205,incident_tx_ip,TXNOC,2025,4,11,47,CRITICAL,FIBRA,ATTENUATION,CABLE BROKEN BACKBONE,network_002,branch_022,CLOSED,15.0,159.0,attenuation,1
inc_03206,incident_tx_ip,TXNOC,2025,4,11,47,CRITICAL,FIBRA,LINK DOWN,CABLE BROKEN BACKBONE,network_002,branch_004,CLOSED,15.0,3.0,fiber_cable,0
inc_03207,incident_tx_ip,TXNOC,2025,4,11,47,CRITICAL,FIBRA,LINK DOWN,CABLE BROKEN BACKBONE,network_002,branch_003,CLOSED,15.0,3.5,fiber_cable,0
inc_03208,incident_tx_ip,TXNOC,2025,4,11,47,CRITICAL,FIBRA,LINK DOWN,CABLE BROKEN BACKBONE,network_002,branch_001,CLOSED,15.0,5.5,fiber_cable,0
inc_03209,incident_tx_ip,TXNOC,2025,4,11,47,CRITICAL,FIBRA,LINK DOWN,CABLE BROKEN BACKBONE,network_002,branch_003,CLOSED,15.0,6.47,fiber_cable,0
inc_03210,incident_tx_ip,TXNOC,2025,4,11,47,CRITICAL,FIBRA,LINK DOWN,CABLE BROKEN BACKBONE,network_002,branch_019,CLOSED,15.0,5.0,fiber_cable,0
inc_03211,incident_tx_ip,TXNOC,2025,4,11,47,CRITICAL,FIBRA,LINK DOWN,CABLE BROKEN BACKBONE,network_002,branch_015,CLOSED,15.0,3.0,fiber_cable,0
inc_03212,incident_tx_ip,TXNOC,2025,4,11,47,CRITICAL,FIBRA,LINK DOWN,CABLE BROKEN BACKBONE,network_002,branch_003,CLOSED,15.0,1.15,fiber_cable,0
inc_03213,incident_tx_ip,TXNOC,2025,4,12,47,CRITICAL,FIBRA,ATTENUATION,CABLE BROKEN BACKBONE,network_002,branch_011,CLOSED,15.0,70.0,attenuation,1
inc_03214,incident_tx_ip,TXNOC,2025,4,12,47,CRITICAL,FIBRA,ATTENUATION,CABLE BROKEN ACCESS,network_002,branch_018,CLOSED,21.0,10.0,attenuation,0
inc_03215,incident_tx_ip,TXNOC,2025,4,12,47,CRITICAL,FIBRA,LINK DOWN,CABLE BROKEN BACKBONE,network_002,branch_004,CLOSED,15.0,18.17,fiber_cable,1
inc_03216,incident_tx_ip,TXNOC,2025,4,12,47,CRITICAL,FIBRA,ATTENUATION,CABLE BROKEN BACKBONE,network_002,branch_030,CLOSED,17.0,0.0,attenuation,0
inc_03217,incident_tx_ip,TXNOC,2025,4,12,47,CRITICAL,FIBRA,LINK DOWN,CABLE BROKEN BACKBONE,network_002,branch_019,CLOSED,15.0,3.0,fiber_cable,0
inc_03218,incident_tx_ip,TXNOC,2025,4,12,47,CRITICAL,FIBRA,ATTENUATION,CABLE BROKEN BACKBONE,network_002,branch_011,CLOSED,14.0,180.0,attenuation,1
inc_03219,incident_tx_ip,TXNOC,2025,4,12,47,CRITICAL,FIBRA,LINK DOWN,CABLE BROKEN BACKBONE,network_002,branch_018,CLOSED,20.0,3.0,fiber_cable,0
inc_03220,incident_tx_ip,TXNOC,2025,4,12,47,CRITICAL,FIBRA,LINK DOWN,CABLE BROKEN BACKBONE,network_002,branch_003,CLOSED,15.0,4.5,fiber_cable,0
inc_03221,incident_tx_ip,TXNOC,2025,4,12,47,CRITICAL,MICROWAVE,LINK DOWN,IN SITE,network_001,branch_008,CLOSED,15.0,36.08,equipment_module,1
inc_03222,incident_tx_ip,TXNOC,2025,4,12,47,CRITICAL,FIBRA,LINK DOWN,CABLE BROKEN BACKBONE,network_002,branch_032,CLOSED,22.0,1.5,fiber_cable,0
inc_03223,incident_tx_ip,TXNOC,2025,4,12,47,CRITICAL,FIBRA,LINK DOWN,CABLE BROKEN BACKBONE,network_002,branch_018,CLOSED,21.0,0.5,fiber_cable,0
inc_03224,incident_tx_ip,TXNOC,2025,4,12,47,CRITICAL,MICROWAVE,LINK DOWN,IN SITE,network_001,branch_015,CLOSED,7.0,6.5,equipment_module,0
inc_03225,incident_tx_ip,TXNOC,2025,4,12,47,CRITICAL,FIBRA,LINK DOWN,CABLE BROKEN BACKBONE,network_002,branch_034,CLOSED,14.0,6.5,fiber_cable,0
inc_03226,incident_tx_ip,TXNOC,2025,4,12,47,CRITICAL,FIBRA,LINK DOWN,CABLE BROKEN BACKBONE,network_002,branch_021,CLOSED,15.0,0.0,fiber_cable,0
inc_03227,incident_tx_ip,TXNOC,2025,4,12,48,CRITICAL,FIBRA,LINK DOWN,CABLE BROKEN BACKBONE,network_002,branch_017,CLOSED,15.0,8.5,fiber_cable,0
inc_03228,incident_tx_ip,TXNOC,2025,4,12,48,CRITICAL,FIBRA,LINK DOWN,CABLE BROKEN BACKBONE,network_002,branch_004,CLOSED,15.0,6.0,fiber_cable,0
inc_03229,incident_tx_ip,TXNOC,2025,4,12,48,CRITICAL,FIBRA,LINK DOWN,CABLE BROKEN BACKBONE,network_002,branch_001,CLOSED,15.0,0.17,fiber_cable,0
inc_03230,incident_tx_ip,TXNOC,2025,4,12,48,CRITICAL,FIBRA,LINK DOWN,CABLE BROKEN BACKBONE,network_002,branch_021,CLOSED,15.0,5.12,fiber_cable,0
inc_03231,incident_tx_ip,TXNOC,2025,4,12,48,CRITICAL,FIBRA,LINK DOWN,CABLE BROKEN BACKBONE,network_002,branch_018,CLOSED,20.0,3.5,fiber_cable,0
inc_03232,incident_tx_ip,TXNOC,2025,4,12,48,CRITICAL,FIBRA,ATTENUATION,CABLE BROKEN BACKBONE,network_002,branch_009,CLOSED,15.0,9.5,attenuation,0
inc_03233,incident_tx_ip,TXNOC,2025,4,12,48,CRITICAL,FIBRA,ATTENUATION,CABLE BROKEN BACKBONE,network_002,branch_008,CLOSED,15.0,5.0,attenuation,0
inc_03234,incident_tx_ip,TXNOC,2025,4,12,48,CRITICAL,MICROWAVE,LINK DOWN,IN SITE,network_001,branch_003,CLOSED,15.0,12.0,link_down,0
inc_03235,incident_tx_ip,TXNOC,2025,4,12,48,CRITICAL,FIBRA,ATTENUATION,ATTENUATION NEAR TO THRESHOLD,network_002,branch_007,CLOSED,15.0,23.0,attenuation,1
inc_03236,incident_tx_ip,TXNOC,2025,4,12,48,CRITICAL,MICROWAVE,LINK DOWN,IN SITE,network_001,branch_003,CLOSED,15.0,3.5,equipment_module,0
inc_03237,incident_tx_ip,TXNOC,2025,4,12,48,CRITICAL,FIBRA,BAD PERFORMANCE,ATTENUATION NEAR TO THRESHOLD,network_002,branch_029,CLOSED,7.0,26.0,fiber_cable,1
inc_03238,incident_tx_ip,TXNOC,2025,4,12,48,CRITICAL,FIBRA,BAD PERFORMANCE,ATTENUATION NEAR TO THRESHOLD,network_002,branch_001,CLOSED,15.0,540.0,attenuation,1
inc_03239,incident_tx_ip,TXNOC,2025,4,12,48,CRITICAL,FIBRA,LINK DOWN,CABLE BROKEN BACKBONE,network_002,branch_015,CLOSED,15.0,1.1,fiber_cable,0
inc_03240,incident_tx_ip,TXNOC,2025,4,12,48,CRITICAL,FIBRA,LINK DOWN,CABLE BROKEN BACKBONE,network_002,branch_020,CLOSED,15.0,9.37,fiber_cable,0
inc_03241,incident_tx_ip,TXNOC,2025,4,12,48,CRITICAL,FIBRA,LINK DOWN,CABLE BROKEN BACKBONE,network_002,branch_004,CLOSED,15.0,5.67,fiber_cable,0
inc_03242,incident_tx_ip,TXNOC,2025,4,12,48,MAJOR,MICROWAVE,LINK DOWN,IN SITE,network_002,branch_024,CLOSED,15.0,6.0,link_down,0
inc_03243,incident_tx_ip,TXNOC,2025,4,12,48,CRITICAL,FIBRA,LINK DOWN,CABLE BROKEN BACKBONE,network_002,branch_003,CLOSED,15.0,4.67,fiber_cable,0
inc_03244,incident_tx_ip,TXNOC,2025,4,12,48,CRITICAL,FIBRA,LINK DOWN,CABLE BROKEN BACKBONE,network_002,branch_011,CLOSED,15.0,1.83,fiber_cable,0
inc_03245,incident_tx_ip,TXNOC,2025,4,12,48,CRITICAL,MICROWAVE,LINK DOWN,IN SITE,network_001,branch_014,CLOSED,15.0,4.0,link_down,0
inc_03246,incident_tx_ip,TXNOC,2025,4,12,48,CRITICAL,FIBRA,LINK DOWN,CABLE BROKEN BACKBONE,network_002,branch_003,CLOSED,15.0,1.0,attenuation,0
inc_03247,incident_tx_ip,TXNOC,2025,4,12,48,CRITICAL,MICROWAVE,BAD PERFORMANCE,IN SITE,network_001,branch_024,CLOSED,15.0,57.0,logical_config,1
inc_03248,incident_tx_ip,TXNOC,2025,4,12,48,CRITICAL,MICROWAVE,BAD PERFORMANCE,IN SITE,network_001,branch_002,CLOSED,15.0,561.0,equipment_module,1
inc_03249,incident_tx_ip,TXNOC,2025,4,12,48,CRITICAL,FIBRA,ATTENUATION,CABLE BROKEN BACKBONE,network_002,branch_019,CLOSED,15.0,24.0,attenuation,1
inc_03250,incident_tx_ip,TXNOC,2025,4,12,48,CRITICAL,FIBRA,ATTENUATION,CABLE BROKEN BACKBONE,network_002,branch_011,CLOSED,15.0,4.0,attenuation,0
inc_03251,incident_tx_ip,TXNOC,2025,4,12,48,CRITICAL,FIBRA,LINK DOWN,CABLE BROKEN BACKBONE,network_002,branch_014,CLOSED,15.0,6.75,fiber_cable,0
inc_03252,incident_tx_ip,TXNOC,2025,4,12,48,CRITICAL,FIBRA,LINK DOWN,CABLE BROKEN BACKBONE,network_002,branch_019,CLOSED,15.0,1.45,fiber_cable,0
inc_03253,incident_tx_ip,TXNOC,2025,4,12,48,CRITICAL,FIBRA,LINK DOWN,CABLE BROKEN BACKBONE,network_002,branch_017,CLOSED,15.0,12.5,fiber_cable,0
inc_03254,incident_tx_ip,TXNOC,2025,4,12,48,CRITICAL,FIBRA,LINK DOWN,CABLE BROKEN BACKBONE,network_002,branch_003,CLOSED,15.0,10.0,attenuation,0
inc_03255,incident_tx_ip,TXNOC,2025,4,12,48,CRITICAL,FIBRA,LINK DOWN,CABLE BROKEN BACKBONE,network_002,branch_018,CLOSED,20.0,3.0,fiber_cable,0
inc_03256,incident_tx_ip,TXNOC,2025,4,12,48,CRITICAL,FIBRA,LINK DOWN,CABLE BROKEN BACKBONE,network_002,branch_035,CLOSED,15.0,6.0,fiber_cable,0
inc_03257,incident_tx_ip,TXNOC,2025,4,12,48,CRITICAL,FIBRA,LINK DOWN,CABLE BROKEN BACKBONE,network_002,branch_018,CLOSED,21.0,3.75,fiber_cable,0
inc_03258,incident_tx_ip,TXNOC,2025,4,12,48,CRITICAL,MICROWAVE,LINK DOWN,IN SITE,network_001,branch_014,CLOSED,15.0,60.0,equipment_module,1
inc_03259,incident_tx_ip,TXNOC,2025,4,12,48,CRITICAL,FIBRA,BAD PERFORMANCE,IN SITE,network_002,branch_017,CLOSED,7.0,20.0,fiber_cable,1
inc_03260,incident_tx_ip,TXNOC,2025,4,12,48,CRITICAL,FIBRA,LINK DOWN,CABLE BROKEN BACKBONE,network_002,branch_022,CLOSED,15.0,1.5,fiber_cable,0
inc_03261,incident_tx_ip,TXNOC,2025,4,12,48,CRITICAL,FIBRA,LINK DOWN,CABLE BROKEN BACKBONE,network_002,branch_001,CLOSED,15.0,1.0,fiber_cable,0
inc_03262,incident_tx_ip,TXNOC,2025,4,12,48,CRITICAL,FIBRA,BAD PERFORMANCE,IN SITE,network_002,branch_004,CLOSED,7.0,8.0,fiber_cable,1
inc_03263,incident_tx_ip,TXNOC,2025,4,12,48,CRITICAL,FIBRA,LINK DOWN,IN SITE,network_002,branch_010,CLOSED,14.0,3.0,fiber_cable,0
inc_03264,incident_tx_ip,TXNOC,2025,4,12,48,CRITICAL,MICROWAVE,LINK DOWN,IN SITE,network_001,branch_017,CLOSED,15.0,9.0,equipment_module,0
inc_03265,incident_tx_ip,TXNOC,2025,4,12,48,CRITICAL,FIBRA,LINK DOWN,IN SITE,network_002,branch_003,CLOSED,15.0,0.92,fiber_cable,0
inc_03266,incident_tx_ip,TXNOC,2025,4,12,48,CRITICAL,FIBRA,LINK DOWN,CABLE BROKEN BACKBONE,network_002,branch_014,CLOSED,15.0,0.0,fiber_cable,0
inc_03267,incident_tx_ip,TXNOC,2025,4,12,49,CRITICAL,FIBRA,LINK DOWN,CABLE BROKEN BACKBONE,network_002,branch_003,CLOSED,15.0,7.0,fiber_cable,0
inc_03268,incident_tx_ip,TXNOC,2025,4,12,49,CRITICAL,FIBRA,LINK DOWN,CABLE BROKEN BACKBONE,network_002,branch_003,CLOSED,15.0,4.0,fiber_cable,0
inc_03269,incident_tx_ip,TXNOC,2025,4,12,49,CRITICAL,FIBRA,LINK DOWN,CABLE BROKEN BACKBONE,network_002,branch_029,CLOSED,15.0,2.38,fiber_cable,0
inc_03270,incident_tx_ip,TXNOC,2025,4,12,49,CRITICAL,FIBRA,BAD PERFORMANCE,CABLE BROKEN BACKBONE,network_002,branch_018,CLOSED,21.0,992.38,attenuation,1
inc_03271,incident_tx_ip,TXNOC,2025,4,12,49,CRITICAL,FIBRA,BAD PERFORMANCE,CABLE BROKEN BACKBONE,network_002,branch_029,CLOSED,15.0,210.0,fiber_cable,1
inc_03272,incident_tx_ip,TXNOC,2025,4,12,49,CRITICAL,FIBRA,LINK DOWN,CABLE BROKEN BACKBONE,network_002,branch_003,CLOSED,15.0,8.93,fiber_cable,0
inc_03273,incident_tx_ip,TXNOC,2025,4,12,49,CRITICAL,FIBRA,LINK DOWN,CABLE BROKEN BACKBONE,network_002,branch_015,CLOSED,15.0,3.0,fiber_cable,0
inc_03274,incident_tx_ip,TXNOC,2025,4,12,49,CRITICAL,FIBRA,LINK DOWN,CABLE BROKEN BACKBONE,network_002,branch_020,CLOSED,15.0,2.58,fiber_cable,0
inc_03275,incident_tx_ip,TXNOC,2025,4,12,49,CRITICAL,FIBRA,LINK DOWN,CABLE BROKEN BACKBONE,network_002,branch_014,CLOSED,15.0,2.58,fiber_cable,0
inc_03276,incident_tx_ip,TXNOC,2025,4,12,49,CRITICAL,FIBRA,LINK DOWN,CABLE BROKEN BACKBONE,network_002,branch_021,CLOSED,15.0,0.0,fiber_cable,0
inc_03277,incident_tx_ip,TXNOC,2025,4,12,49,CRITICAL,FIBRA,LINK DOWN,CABLE BROKEN BACKBONE,network_002,branch_019,CLOSED,15.0,10.0,fiber_cable,0
inc_03278,incident_tx_ip,TXNOC,2025,4,12,49,CRITICAL,FIBRA,LINK DOWN,CABLE BROKEN BACKBONE,network_002,branch_023,CLOSED,15.0,9.42,fiber_cable,0
inc_03279,incident_tx_ip,TXNOC,2025,4,12,49,CRITICAL,FIBRA,LINK DOWN,CABLE BROKEN BACKBONE,network_002,branch_008,CLOSED,15.0,7.0,fiber_cable,0
inc_03280,incident_tx_ip,TXNOC,2025,4,12,49,CRITICAL,FIBRA,LINK DOWN,CABLE BROKEN BACKBONE,network_002,branch_018,CLOSED,21.0,5.0,fiber_cable,0
inc_03281,incident_tx_ip,TXNOC,2025,4,12,49,CRITICAL,FIBRA,BAD PERFORMANCE,CABLE BROKEN BACKBONE,network_002,branch_023,CLOSED,7.0,40.5,fiber_cable,1
inc_03282,incident_tx_ip,TXNOC,2025,4,12,49,CRITICAL,FIBRA,BAD PERFORMANCE,CABLE BROKEN BACKBONE,network_002,branch_010,CLOSED,7.0,10.0,temperature_environment,1
inc_03283,incident_tx_ip,TXNOC,2025,4,12,49,CRITICAL,FIBRA,BAD PERFORMANCE,CABLE BROKEN BACKBONE,network_002,branch_003,CLOSED,15.0,7.0,fiber_cable,0
inc_03284,incident_tx_ip,TXNOC,2025,4,12,49,CRITICAL,FIBRA,BAD PERFORMANCE,CABLE BROKEN BACKBONE,network_002,branch_016,CLOSED,7.0,978.0,attenuation,1
inc_03285,incident_tx_ip,TXNOC,2025,4,12,49,CRITICAL,FIBRA,BAD PERFORMANCE,CABLE BROKEN BACKBONE,network_002,branch_015,CLOSED,15.0,2.5,fiber_cable,0
inc_03286,incident_tx_ip,TXNOC,2025,4,12,49,CRITICAL,FIBRA,BAD PERFORMANCE,CABLE BROKEN BACKBONE,network_002,branch_029,CLOSED,15.0,10.0,fiber_cable,0
inc_03287,incident_tx_ip,TXNOC,2025,4,12,49,CRITICAL,FIBRA,BAD PERFORMANCE,CABLE BROKEN BACKBONE,network_002,branch_014,CLOSED,15.0,1.5,fiber_cable,0
inc_03288,incident_tx_ip,TXNOC,2025,4,12,49,CRITICAL,FIBRA,BAD PERFORMANCE,CABLE BROKEN BACKBONE,network_002,branch_011,CLOSED,15.0,1.0,fiber_cable,0
inc_03289,incident_tx_ip,TXNOC,2025,4,12,49,CRITICAL,FIBRA,BAD PERFORMANCE,CABLE BROKEN BACKBONE,network_002,branch_018,CLOSED,20.0,7.5,fiber_cable,0
inc_03290,incident_tx_ip,TXNOC,2025,4,12,49,CRITICAL,FIBRA,BAD PERFORMANCE,CABLE BROKEN BACKBONE,network_002,branch_022,CLOSED,15.0,8.5,attenuation,0
inc_03291,incident_tx_ip,TXNOC,2025,4,12,49,CRITICAL,FIBRA,LINK DOWN,IN SITE,network_002,branch_015,CLOSED,15.0,8.0,fiber_cable,0
inc_03292,incident_tx_ip,TXNOC,2025,4,12,49,CRITICAL,FIBRA,LINK DOWN,CABLE BROKEN BACKBONE,network_002,branch_003,CLOSED,15.0,5.0,fiber_cable,0
inc_03293,incident_tx_ip,TXNOC,2025,4,12,49,CRITICAL,FIBRA,LINK DOWN,CABLE BROKEN BACKBONE,network_002,branch_020,CLOSED,15.0,4.32,fiber_cable,0
inc_03294,incident_tx_ip,TXNOC,2025,4,12,49,CRITICAL,FIBRA,LINK DOWN,CABLE BROKEN BACKBONE,network_002,branch_020,CLOSED,15.0,2.58,fiber_cable,0
inc_03295,incident_tx_ip,TXNOC,2025,4,12,49,CRITICAL,FIBRA,LINK DOWN,CABLE BROKEN BACKBONE,network_002,branch_017,CLOSED,15.0,7.83,fiber_cable,0
inc_03296,incident_tx_ip,TXNOC,2025,4,12,49,CRITICAL,FIBRA,LINK DOWN,CABLE BROKEN BACKBONE,network_002,branch_003,CLOSED,15.0,4.83,fiber_cable,0
inc_03297,incident_tx_ip,TXNOC,2025,4,12,49,CRITICAL,FIBRA,LINK DOWN,CABLE BROKEN BACKBONE,network_002,branch_001,CLOSED,15.0,5.33,fiber_cable,0
inc_03298,incident_tx_ip,TXNOC,2025,4,12,49,MINOR,FIBRA,ATTENUATION,CABLE BROKEN BACKBONE,network_002,branch_011,CLOSED,15.0,5.33,attenuation,0
inc_03299,incident_tx_ip,TXNOC,2025,4,12,49,MINOR,FIBRA,BAD PERFORMANCE,CABLE BROKEN BACKBONE,network_002,branch_014,CLOSED,15.0,10.0,fiber_cable,0
inc_03300,incident_tx_ip,TXNOC,2025,4,12,49,CRITICAL,FIBRA,LINK DOWN,CABLE BROKEN BACKBONE,network_002,branch_002,CLOSED,15.0,0.85,fiber_cable,0
inc_03301,incident_tx_ip,TXNOC,2025,4,12,49,CRITICAL,FIBRA,LINK DOWN,CABLE BROKEN BACKBONE,network_002,branch_017,CLOSED,15.0,5.0,fiber_cable,0
inc_03302,incident_tx_ip,TXNOC,2025,4,12,50,CRITICAL,FIBRA,LINK DOWN,CABLE BROKEN BACKBONE,network_002,branch_016,CLOSED,15.0,7.0,fiber_cable,0
inc_03303,incident_tx_ip,TXNOC,2025,4,12,50,CRITICAL,FIBRA,LINK DOWN,CABLE BROKEN BACKBONE,network_002,branch_017,CLOSED,15.0,9.0,fiber_cable,0
inc_03304,incident_tx_ip,TXNOC,2025,4,12,50,CRITICAL,MICROWAVE,BAD PERFORMANCE,IN SITE,network_001,branch_020,CLOSED,15.0,6.5,equipment_module,0
inc_03305,incident_tx_ip,TXNOC,2025,4,12,50,CRITICAL,MICROWAVE,LINK DOWN,IN SITE,network_001,branch_012,CLOSED,15.0,361.08,equipment_module,1
inc_03306,incident_tx_ip,TXNOC,2025,4,12,50,CRITICAL,MICROWAVE,BAD PERFORMANCE,IN SITE,network_001,branch_007,CLOSED,15.0,78.5,link_down,1
inc_03307,incident_tx_ip,TXNOC,2025,4,12,50,MINOR,FIBRA,ATTENUATION,CABLE BROKEN BACKBONE,network_002,branch_030,CLOSED,14.0,10.0,attenuation,0
inc_03308,incident_tx_ip,TXNOC,2025,4,12,50,MINOR,FIBRA,LINK DOWN,CABLE BROKEN BACKBONE,network_002,branch_016,CLOSED,18.0,199.0,fiber_cable,1
inc_03309,incident_tx_ip,TXNOC,2025,4,12,50,MAJOR,MICROWAVE,LINK DOWN,IN SITE,network_001,branch_012,CLOSED,15.0,25.5,link_down,1
inc_03310,incident_tx_ip,TXNOC,2025,4,12,50,MAJOR,MICROWAVE,BAD PERFORMANCE,IN SITE,network_001,branch_024,CONTINUE,15.0,10.0,link_down,0
inc_03311,incident_tx_ip,TXNOC,2025,4,12,50,CRITICAL,FIBRA,LINK DOWN,CABLE BROKEN BACKBONE,network_002,branch_002,CLOSED,15.0,9.33,fiber_cable,0
inc_03312,incident_tx_ip,TXNOC,2025,4,12,50,CRITICAL,FIBRA,LINK DOWN,CABLE BROKEN BACKBONE,network_002,branch_008,CLOSED,15.0,3.83,fiber_cable,0
inc_03313,incident_tx_ip,TXNOC,2025,4,12,50,CRITICAL,FIBRA,LINK DOWN,CABLE BROKEN BACKBONE,network_002,branch_007,CLOSED,15.0,5.0,fiber_cable,0
inc_03314,incident_tx_ip,TXNOC,2025,4,12,50,CRITICAL,FIBRA,LINK DOWN,CABLE BROKEN BACKBONE,network_002,branch_008,CLOSED,15.0,2.55,fiber_cable,0
inc_03315,incident_tx_ip,TXNOC,2025,4,12,50,MAJOR,MICROWAVE,BAD PERFORMANCE,IN SITE,network_001,branch_012,CLOSED,15.0,78.0,link_down,1
inc_03316,incident_tx_ip,TXNOC,2025,4,12,50,MAJOR,MICROWAVE,BAD PERFORMANCE,IN SITE,network_001,branch_014,CLOSED,15.0,4.0,link_down,0
inc_03317,incident_tx_ip,TXNOC,2025,4,12,50,CRITICAL,FIBRA,LINK DOWN,CABLE BROKEN BACKBONE,network_002,branch_018,CLOSED,20.0,10.0,fiber_cable,0
inc_03318,incident_tx_ip,TXNOC,2025,4,12,50,CRITICAL,FIBRA,LINK DOWN,CABLE BROKEN BACKBONE,network_002,branch_007,CLOSED,15.0,9.5,attenuation,0
inc_03319,incident_tx_ip,TXNOC,2025,4,12,50,CRITICAL,FIBRA,LINK DOWN,CABLE BROKEN BACKBONE,network_002,branch_014,CLOSED,15.0,7.33,fiber_cable,0
inc_03320,incident_tx_ip,TXNOC,2025,4,12,50,CRITICAL,FIBRA,LINK DOWN,CABLE BROKEN BACKBONE,network_002,branch_008,CLOSED,15.0,1.5,fiber_cable,0
inc_03321,incident_tx_ip,TXNOC,2025,4,12,50,CRITICAL,FIBRA,LINK DOWN,CABLE BROKEN BACKBONE,network_002,branch_018,CLOSED,21.0,7.43,fiber_cable,0
inc_03322,incident_tx_ip,TXNOC,2025,4,12,50,CRITICAL,FIBRA,BAD PERFORMANCE,IN SITE,network_002,branch_024,CLOSED,7.0,2.0,fiber_cable,0
inc_03323,incident_tx_ip,TXNOC,2025,4,12,50,CRITICAL,FIBRA,BAD PERFORMANCE,IN SITE,network_002,branch_003,CLOSED,15.0,8.0,fiber_cable,0
inc_03324,incident_tx_ip,TXNOC,2025,4,12,50,MAJOR,MICROWAVE,BAD PERFORMANCE,IN SITE,network_001,branch_015,CLOSED,15.0,17.0,equipment_module,1
inc_03325,incident_tx_ip,TXNOC,2025,4,12,50,CRITICAL,FIBRA,BAD PERFORMANCE,IN SITE,network_002,branch_029,CLOSED,15.0,4.33,fiber_cable,0
inc_03326,incident_tx_ip,TXNOC,2025,4,12,50,CRITICAL,FIBRA,BAD PERFORMANCE,IN SITE,network_002,branch_004,CLOSED,15.0,0.0,fiber_cable,0
inc_03327,incident_tx_ip,TXNOC,2025,4,12,50,CRITICAL,FIBRA,BAD PERFORMANCE,IN SITE,network_002,branch_003,CLOSED,15.0,6.0,fiber_cable,0
inc_03328,incident_tx_ip,TXNOC,2025,4,12,50,CRITICAL,FIBRA,BAD PERFORMANCE,IN SITE,network_002,branch_003,CLOSED,15.0,0.0,attenuation,0
inc_03329,incident_tx_ip,TXNOC,2025,4,12,50,CRITICAL,FIBRA,BAD PERFORMANCE,IN SITE,network_002,branch_003,CLOSED,15.0,58.5,attenuation,1
inc_03330,incident_tx_ip,TXNOC,2025,4,12,50,CRITICAL,FIBRA,LINK DOWN,CABLE BROKEN BACKBONE,network_002,branch_022,CLOSED,15.0,3.5,fiber_cable,0
inc_03331,incident_tx_ip,TXNOC,2025,4,12,50,CRITICAL,FIBRA,LINK DOWN,CABLE BROKEN BACKBONE,network_002,branch_001,CLOSED,15.0,2.5,fiber_cable,0
inc_03332,incident_tx_ip,TXNOC,2025,4,12,50,CRITICAL,FIBRA,LINK DOWN,CABLE BROKEN BACKBONE,network_002,branch_035,CLOSED,14.0,6.0,fiber_cable,0
inc_03333,incident_tx_ip,TXNOC,2025,4,12,50,CRITICAL,FIBRA,LINK DOWN,CABLE BROKEN BACKBONE,network_002,branch_005,CLOSED,15.0,0.0,fiber_cable,0
inc_03334,incident_tx_ip,TXNOC,2025,4,12,50,CRITICAL,FIBRA,LINK DOWN,CABLE BROKEN BACKBONE,network_002,branch_016,CLOSED,14.0,4.5,fiber_cable,0
inc_03335,incident_tx_ip,TXNOC,2025,4,12,50,CRITICAL,FIBRA,LINK DOWN,CABLE BROKEN BACKBONE,network_002,branch_015,CLOSED,15.0,3.5,attenuation,0
inc_03336,incident_tx_ip,TXNOC,2025,4,12,50,CRITICAL,FIBRA,LINK DOWN,CABLE BROKEN BACKBONE,network_002,branch_020,CLOSED,15.0,4.0,attenuation,0
inc_03337,incident_tx_ip,TXNOC,2025,4,12,50,CRITICAL,FIBRA,LINK DOWN,CABLE BROKEN BACKBONE,network_002,branch_017,CLOSED,15.0,4.25,fiber_cable,0
inc_03338,incident_tx_ip,TXNOC,2025,4,12,50,MAJOR,MICROWAVE,LINK DOWN,CABLE BROKEN BACKBONE,network_002,branch_001,CLOSED,15.0,190.0,equipment_module,1
inc_03339,incident_tx_ip,TXNOC,2025,4,12,50,CRITICAL,FIBRA,LINK DOWN,CABLE BROKEN BACKBONE,network_002,branch_018,CLOSED,21.0,4.0,fiber_cable,0
inc_03340,incident_tx_ip,TXNOC,2025,4,12,51,CRITICAL,FIBRA,LINK DOWN,CABLE BROKEN BACKBONE,network_002,branch_014,CLOSED,15.0,3.5,fiber_cable,0
inc_03341,incident_tx_ip,TXNOC,2025,4,12,51,CRITICAL,FIBRA,ATTENUATION,CABLE BROKEN BACKBONE,network_002,branch_020,CLOSED,15.0,34.0,attenuation,1
inc_03342,incident_tx_ip,TXNOC,2025,4,12,51,CRITICAL,FIBRA,LINK DOWN,CABLE BROKEN BACKBONE,network_002,branch_003,CLOSED,15.0,7.5,fiber_cable,0
inc_03343,incident_tx_ip,TXNOC,2025,4,12,51,CRITICAL,FIBRA,LINK DOWN,CABLE BROKEN BACKBONE,network_002,branch_032,CLOSED,22.0,10.0,fiber_cable,0
inc_03344,incident_tx_ip,TXNOC,2025,4,12,51,CRITICAL,FIBRA,LINK DOWN,CABLE BROKEN BACKBONE,network_002,branch_018,CLOSED,21.0,7.6,fiber_cable,0
inc_03345,incident_tx_ip,TXNOC,2025,4,12,51,CRITICAL,FIBRA,LINK DOWN,CABLE BROKEN BACKBONE,network_002,branch_018,CLOSED,21.0,8.0,fiber_cable,0
inc_03346,incident_tx_ip,TXNOC,2025,4,12,51,MAJOR,MICROWAVE,BAD PERFORMANCE,IN SITE,network_001,branch_029,CLOSED,15.0,0.0,equipment_module,0
inc_03347,incident_tx_ip,TXNOC,2025,4,12,51,MAJOR,MICROWAVE,LINK DOWN,IN SITE,network_001,branch_028,CLOSED,15.0,95.33,equipment_module,1
inc_03348,incident_tx_ip,TXNOC,2025,4,12,51,MAJOR,MICROWAVE,BAD PERFORMANCE,IN SITE,network_001,branch_023,CLOSED,15.0,38.83,equipment_module,1
inc_03349,incident_tx_ip,TXNOC,2025,4,12,51,CRITICAL,FIBRA,ATTENUATION,CABLE BROKEN BACKBONE,network_002,branch_001,CLOSED,15.0,20.0,attenuation,1
inc_03350,incident_tx_ip,TXNOC,2025,4,12,51,CRITICAL,FIBRA,LINK DOWN,CABLE BROKEN BACKBONE,network_002,branch_018,CLOSED,21.0,20.0,attenuation,0
inc_03351,incident_tx_ip,TXNOC,2025,4,12,51,CRITICAL,FIBRA,LINK DOWN,CABLE BROKEN BACKBONE,network_002,branch_016,CLOSED,10.0,6.5,fiber_cable,0
inc_03352,incident_tx_ip,TXNOC,2025,4,12,51,CRITICAL,FIBRA,LINK DOWN,CABLE BROKEN BACKBONE,network_002,branch_035,CLOSED,15.0,4.0,fiber_cable,0
inc_03353,incident_tx_ip,TXNOC,2025,4,12,51,CRITICAL,FIBRA,LINK DOWN,CABLE BROKEN BACKBONE,network_002,branch_018,CLOSED,21.0,3.17,fiber_cable,0
inc_03354,incident_tx_ip,TXNOC,2025,4,12,51,CRITICAL,FIBRA,ATTENUATION,ATTENUATION OVER THRESHOLD,network_002,branch_020,CLOSED,15.0,1.0,attenuation,0
inc_03355,incident_tx_ip,TXNOC,2025,4,12,51,CRITICAL,FIBRA,LINK DOWN,CABLE BROKEN BACKBONE,network_002,branch_017,CLOSED,15.0,27.0,fiber_cable,1
inc_03356,incident_tx_ip,TXNOC,2025,4,12,51,CRITICAL,FIBRA,LINK DOWN,CABLE BROKEN BACKBONE,network_001,branch_005,CLOSED,15.0,81.98,fiber_cable,1
inc_03357,incident_tx_ip,TXNOC,2025,4,12,51,CRITICAL,FIBRA,BAD PERFORMANCE,CABLE BROKEN BACKBONE,network_001,branch_016,CLOSED,15.0,158.0,attenuation,1
inc_03358,incident_tx_ip,TXNOC,2025,4,12,51,CRITICAL,FIBRA,LINK DOWN,CABLE BROKEN BACKBONE,network_002,branch_018,CLOSED,21.0,3.83,fiber_cable,0
inc_03359,incident_tx_ip,TXNOC,2025,4,12,51,CRITICAL,FIBRA,LINK DOWN,CABLE BROKEN BACKBONE,network_002,branch_001,CLOSED,15.0,3.6,fiber_cable,0
inc_03360,incident_tx_ip,TXNOC,2025,4,12,51,CRITICAL,FIBRA,LINK DOWN,CABLE BROKEN BACKBONE,network_002,branch_003,CLOSED,15.0,8.27,fiber_cable,0
inc_03361,incident_tx_ip,TXNOC,2025,4,12,51,CRITICAL,FIBRA,LINK DOWN,CABLE BROKEN BACKBONE,network_002,branch_014,CLOSED,15.0,3.27,fiber_cable,0
inc_03362,incident_tx_ip,TXNOC,2025,4,12,51,CRITICAL,FIBRA,LINK DOWN,CABLE BROKEN BACKBONE,network_002,branch_001,CLOSED,15.0,2.27,fiber_cable,0
inc_03363,incident_tx_ip,TXNOC,2025,4,12,51,CRITICAL,FIBRA,LINK DOWN,CABLE BROKEN BACKBONE,network_002,branch_004,CLOSED,15.0,4.0,fiber_cable,0
inc_03364,incident_tx_ip,TXNOC,2025,4,12,51,CRITICAL,FIBRA,LINK DOWN,CABLE BROKEN BACKBONE,network_002,branch_017,CLOSED,15.0,3.0,fiber_cable,0
inc_03365,incident_tx_ip,TXNOC,2025,4,12,51,MAJOR,MICROWAVE,BAD PERFORMANCE,IN SITE,network_001,branch_023,CLOSED,15.0,3.0,equipment_module,0
inc_03366,incident_tx_ip,TXNOC,2025,4,12,51,CRITICAL,MICROWAVE,LINK DOWN,CABLE BROKEN BACKBONE,network_002,branch_003,CLOSED,15.0,865.5,link_down,1
inc_03367,incident_tx_ip,TXNOC,2025,4,12,51,CRITICAL,FIBRA,LINK DOWN,CABLE BROKEN BACKBONE,network_002,branch_016,CLOSED,15.0,5.5,fiber_cable,0
inc_03368,incident_tx_ip,TXNOC,2025,4,12,51,CRITICAL,FIBRA,LINK DOWN,CABLE BROKEN BACKBONE,network_002,branch_017,CLOSED,15.0,25.5,fiber_cable,1
inc_03369,incident_tx_ip,TXNOC,2025,4,12,51,CRITICAL,FIBRA,LINK DOWN,CABLE BROKEN BACKBONE,network_002,branch_003,CLOSED,15.0,3.0,attenuation,0
inc_03370,incident_tx_ip,TXNOC,2025,4,12,51,CRITICAL,FIBRA,LINK DOWN,CABLE BROKEN BACKBONE,network_002,branch_003,CLOSED,15.0,5.5,fiber_cable,0
inc_03371,incident_tx_ip,TXNOC,2025,4,12,51,CRITICAL,MICROWAVE,LINK DOWN,CABLE BROKEN BACKBONE,network_001,branch_005,CLOSED,15.0,15.52,equipment_module,1
inc_03372,incident_tx_ip,TXNOC,2025,4,12,51,CRITICAL,FIBRA,LINK DOWN,CABLE BROKEN BACKBONE,network_002,branch_018,CLOSED,21.0,6.0,fiber_cable,0
inc_03373,incident_tx_ip,TXNOC,2025,1,1,51,CRITICAL,FIBRA,LINK DOWN,CABLE BROKEN BACKBONE,network_002,branch_021,CLOSED,15.0,4.0,fiber_cable,0
inc_03374,incident_tx_ip,TXNOC,2025,1,1,51,CRITICAL,FIBRA,LINK DOWN,CABLE BROKEN BACKBONE,network_002,branch_020,CLOSED,15.0,3.5,fiber_cable,0
inc_03375,incident_tx_ip,TXNOC,2025,1,1,51,CRITICAL,FIBRA,LINK DOWN,CABLE BROKEN BACKBONE,network_002,branch_005,CLOSED,15.0,3.57,fiber_cable,0
inc_03376,incident_tx_ip,TXNOC,2025,1,1,51,CRITICAL,FIBRA,BAD PERFORMANCE,CABLE BROKEN BACKBONE,network_002,branch_004,CLOSED,15.0,10.0,fiber_cable,0
inc_03377,incident_tx_ip,TXNOC,2025,1,1,51,CRITICAL,FIBRA,BAD PERFORMANCE,CABLE BROKEN BACKBONE,network_002,branch_002,CLOSED,15.0,5.0,fiber_cable,0
inc_03378,incident_tx_ip,TXNOC,2025,1,1,52,CRITICAL,FIBRA,LINK DOWN,CABLE BROKEN BACKBONE,network_002,branch_011,CLOSED,15.0,7.98,fiber_cable,0
inc_03379,incident_tx_ip,TXNOC,2025,1,1,52,CRITICAL,FIBRA,LINK DOWN,CABLE BROKEN BACKBONE,network_002,branch_008,CLOSED,15.0,7.2,fiber_cable,0
inc_03380,incident_tx_ip,TXNOC,2025,1,1,52,CRITICAL,FIBRA,LINK DOWN,CABLE BROKEN BACKBONE,network_002,branch_001,CLOSED,15.0,7.83,fiber_cable,0
inc_03381,incident_tx_ip,TXNOC,2025,1,1,52,CRITICAL,FIBRA,LINK DOWN,CABLE BROKEN BACKBONE,network_002,branch_004,CLOSED,15.0,5.97,fiber_cable,0
inc_03382,incident_tx_ip,TXNOC,2025,1,1,52,CRITICAL,FIBRA,LINK DOWN,CABLE BROKEN BACKBONE,network_002,branch_018,CLOSED,21.0,1.33,fiber_cable,0
inc_03383,incident_tx_ip,TXNOC,2025,1,1,52,CRITICAL,FIBRA,LINK DOWN,CABLE BROKEN BACKBONE,network_002,branch_010,CLOSED,15.0,2.28,fiber_cable,0
inc_03384,incident_tx_ip,TXNOC,2025,1,1,52,CRITICAL,FIBRA,LINK DOWN,CABLE BROKEN BACKBONE,network_002,branch_001,CLOSED,15.0,3.0,fiber_cable,0
inc_03385,incident_tx_ip,TXNOC,2025,1,1,52,CRITICAL,FIBRA,LINK DOWN,CABLE BROKEN BACKBONE,network_002,branch_004,CLOSED,15.0,3.0,fiber_cable,0
inc_03386,incident_tx_ip,TXNOC,2025,1,1,52,CRITICAL,FIBRA,LINK DOWN,CABLE BROKEN BACKBONE,network_002,branch_018,CLOSED,21.0,6.0,fiber_cable,0
inc_03387,incident_tx_ip,TXNOC,2025,1,1,52,CRITICAL,FIBRA,LINK DOWN,CABLE BROKEN BACKBONE,network_002,branch_008,CLOSED,15.0,3.13,fiber_cable,0
inc_03388,incident_tx_ip,TXNOC,2025,1,1,52,CRITICAL,FIBRA,LINK DOWN,CABLE BROKEN BACKBONE,network_002,branch_008,CLOSED,15.0,7.2,fiber_cable,0
inc_03389,incident_tx_ip,TXNOC,2025,1,1,52,CRITICAL,FIBRA,LINK DOWN,CABLE BROKEN BACKBONE,network_002,branch_003,CLOSED,15.0,2.37,fiber_cable,0
inc_03390,incident_tx_ip,TXNOC,2025,1,1,52,CRITICAL,FIBRA,LINK DOWN,CABLE BROKEN BACKBONE,network_002,branch_010,CLOSED,14.0,4.7,fiber_cable,0
inc_03391,incident_tx_ip,TXNOC,2025,1,1,52,CRITICAL,FIBRA,LINK DOWN,CABLE BROKEN BACKBONE,network_002,branch_018,CLOSED,21.0,0.0,fiber_cable,0
inc_03392,incident_tx_ip,TXNOC,2025,1,1,52,CRITICAL,FIBRA,LINK DOWN,CABLE BROKEN BACKBONE,network_002,branch_018,CLOSED,21.0,4.0,fiber_cable,0
inc_03393,incident_tx_ip,TXNOC,2025,1,1,52,CRITICAL,FIBRA,LINK DOWN,CABLE BROKEN ACCESS,network_002,branch_003,CLOSED,15.0,3.5,fiber_cable,0
inc_03394,incident_tx_ip,TXNOC,2025,1,1,52,CRITICAL,FIBRA,LINK DOWN,CABLE BROKEN ACCESS,network_002,branch_012,CLOSED,15.0,6.0,fiber_cable,0
inc_03395,incident_tx_ip,TXNOC,2025,1,1,52,CRITICAL,FIBRA,LINK DOWN,CABLE BROKEN ACCESS,network_002,branch_016,CLOSED,15.0,6.0,fiber_cable,0
inc_03396,incident_tx_ip,TXNOC,2025,1,1,52,CRITICAL,MICROWAVE,BAD PERFORMANCE,CABLE BROKEN BACKBONE,network_001,branch_021,CLOSED,15.0,842.0,other,1
inc_03397,incident_tx_ip,TXNOC,2025,1,1,52,CRITICAL,FIBRA,LINK DOWN,CABLE BROKEN BACKBONE,network_002,branch_004,CLOSED,15.0,12.0,attenuation,0
inc_03398,incident_tx_ip,TXNOC,2025,1,1,52,CRITICAL,FIBRA,BAD PERFORMANCE,CABLE BROKEN BACKBONE,network_001,branch_006,CLOSED,15.0,109.5,fiber_cable,1
inc_03399,incident_tx_ip,TXNOC,2025,1,1,52,CRITICAL,FIBRA,LINK DOWN,CABLE BROKEN BACKBONE,network_002,branch_009,CLOSED,15.0,9.0,fiber_cable,0
inc_03400,incident_tx_ip,TXNOC,2025,1,1,52,CRITICAL,FIBRA,LINK DOWN,CABLE BROKEN BACKBONE,network_002,branch_008,CLOSED,15.0,0.0,fiber_cable,0
inc_03401,incident_tx_ip,TXNOC,2025,1,1,52,CRITICAL,FIBRA,LINK DOWN,CABLE BROKEN BACKBONE,network_002,branch_003,CLOSED,15.0,0.0,fiber_cable,0
inc_03402,incident_tx_ip,TXNOC,2025,1,1,52,CRITICAL,FIBRA,LINK DOWN,CABLE BROKEN BACKBONE,network_002,branch_010,CLOSED,14.0,1.5,fiber_cable,0
inc_03403,incident_tx_ip,TXNOC,2025,1,1,52,CRITICAL,FIBRA,LINK DOWN,CABLE BROKEN BACKBONE,network_002,branch_018,CLOSED,21.0,0.0,fiber_cable,0
inc_03404,incident_tx_ip,TXNOC,2025,1,1,52,CRITICAL,FIBRA,LINK DOWN,CABLE BROKEN BACKBONE,network_002,branch_014,CLOSED,15.0,2.75,fiber_cable,0
inc_03405,incident_tx_ip,TXNOC,2025,1,1,52,CRITICAL,FIBRA,LINK DOWN,CABLE BROKEN BACKBONE,network_002,branch_009,CLOSED,15.0,7.12,fiber_cable,0
inc_03406,incident_tx_ip,TXNOC,2025,1,1,52,CRITICAL,FIBRA,LINK DOWN,CABLE BROKEN BACKBONE,network_002,branch_003,CLOSED,15.0,2.75,fiber_cable,0
inc_03407,incident_tx_ip,TXNOC,2025,1,1,52,CRITICAL,FIBRA,LINK DOWN,CABLE BROKEN BACKBONE,network_002,branch_003,CLOSED,15.0,6.0,fiber_cable,0
inc_03408,incident_tx_ip,TXNOC,2025,1,1,52,CRITICAL,FIBRA,LINK DOWN,CABLE BROKEN BACKBONE,network_002,branch_003,CLOSED,15.0,0.0,fiber_cable,0
inc_03409,incident_tx_ip,TXNOC,2025,1,1,52,CRITICAL,FIBRA,LINK DOWN,CABLE BROKEN BACKBONE,network_002,branch_001,CLOSED,15.0,4.85,fiber_cable,0
inc_03410,incident_tx_ip,TXNOC,2025,1,1,52,CRITICAL,FIBRA,LINK DOWN,CABLE BROKEN BACKBONE,network_002,branch_004,CLOSED,15.0,14.0,fiber_cable,0
inc_03411,incident_tx_ip,TXNOC,2025,1,1,52,CRITICAL,FIBRA,LINK DOWN,CABLE BROKEN BACKBONE,network_002,branch_018,CLOSED,21.0,3.43,fiber_cable,0
inc_03412,incident_tx_ip,TXNOC,2025,1,1,52,CRITICAL,FIBRA,LINK DOWN,CABLE BROKEN BACKBONE,network_002,branch_002,CLOSED,15.0,6.0,fiber_cable,0
inc_03413,incident_tx_ip,TXNOC,2025,1,1,52,CRITICAL,FIBRA,LINK DOWN,CABLE BROKEN BACKBONE,network_002,branch_011,CLOSED,15.0,6.0,fiber_cable,0
inc_03414,incident_tx_ip,TXNOC,2025,1,1,52,CRITICAL,FIBRA,LINK DOWN,CABLE BROKEN BACKBONE,network_002,branch_003,CLOSED,15.0,4.0,fiber_cable,0
inc_03415,incident_tx_ip,TXNOC,2025,1,1,52,CRITICAL,FIBRA,LINK DOWN,CABLE BROKEN BACKBONE,network_002,branch_008,CLOSED,15.0,6.0,fiber_cable,0
inc_03416,incident_tx_ip,TXNOC,2025,1,1,52,MINOR,FIBRA,ATTENUATION,CABLE BROKEN BACKBONE,network_002,branch_016,CLOSED,18.0,264.0,attenuation,1
inc_03417,incident_tx_ip,TXNOC,2026,1,1,1,CRITICAL,FIBRA,LINK DOWN,CABLE BROKEN BACKBONE,network_002,branch_022,CLOSED,15.0,3.0,fiber_cable,0
inc_03418,incident_tx_ip,TXNOC,2026,1,1,1,CRITICAL,FIBRA,LINK DOWN,CABLE BROKEN BACKBONE,network_002,branch_005,CLOSED,15.0,10.0,fiber_cable,0
inc_03419,incident_tx_ip,TXNOC,2026,1,1,1,CRITICAL,FIBRA,LINK DOWN,CABLE BROKEN BACKBONE,network_002,branch_004,CLOSED,15.0,6.5,fiber_cable,0
inc_03420,incident_tx_ip,TXNOC,2026,1,1,1,CRITICAL,MICROWAVE,LINK DOWN,IN SITE,network_001,branch_024,CLOSED,15.0,20.5,equipment_module,1
inc_03421,incident_tx_ip,TXNOC,2026,1,1,1,CRITICAL,FIBRA,LINK DOWN,CABLE BROKEN BACKBONE,network_002,branch_003,CLOSED,15.0,1.5,fiber_cable,0
inc_03422,incident_tx_ip,TXNOC,2026,1,1,1,CRITICAL,FIBRA,LINK DOWN,CABLE BROKEN BACKBONE,network_002,branch_008,CLOSED,15.0,0.57,attenuation,0
inc_03423,incident_tx_ip,TXNOC,2026,1,1,1,CRITICAL,FIBRA,LINK DOWN,CABLE BROKEN BACKBONE,network_002,branch_016,CLOSED,15.0,2.5,fiber_cable,0
inc_03424,incident_tx_ip,TXNOC,2026,1,1,1,CRITICAL,FIBRA,LINK DOWN,CABLE BROKEN BACKBONE,network_002,branch_003,CLOSED,15.0,5.4,fiber_cable,0
inc_03425,incident_tx_ip,TXNOC,2026,1,1,1,CRITICAL,FIBRA,LINK DOWN,CABLE BROKEN BACKBONE,network_002,branch_003,CLOSED,15.0,2.68,fiber_cable,0
inc_03426,incident_tx_ip,TXNOC,2026,1,1,1,CRITICAL,FIBRA,ATTENUATION,CABLE BROKEN BACKBONE,network_002,branch_003,CLOSED,15.0,140.0,attenuation,1
inc_03427,incident_tx_ip,TXNOC,2026,1,1,1,CRITICAL,FIBRA,LINK DOWN,CABLE BROKEN BACKBONE,network_002,branch_015,CLOSED,15.0,2.13,fiber_cable,0
inc_03428,incident_tx_ip,TXNOC,2026,1,1,1,CRITICAL,FIBRA,BAD PERFORMANCE,IN SITE,network_002,branch_017,CLOSED,7.0,5.38,fiber_cable,0
inc_03429,incident_tx_ip,TXNOC,2026,1,1,1,CRITICAL,FIBRA,LINK DOWN,CABLE BROKEN BACKBONE,network_002,branch_001,CLOSED,15.0,4.67,fiber_cable,0
inc_03430,incident_tx_ip,TXNOC,2026,1,1,1,CRITICAL,FIBRA,LINK DOWN,CABLE BROKEN BACKBONE,network_002,branch_001,CLOSED,15.0,4.03,fiber_cable,0
inc_03431,incident_tx_ip,TXNOC,2026,1,1,1,MAJOR,FIBRA,ATTENUATION,CABLE BROKEN BACKBONE,network_002,branch_001,CLOSED,15.0,11.8,attenuation,0
inc_03432,incident_tx_ip,TXNOC,2026,1,1,1,CRITICAL,FIBRA,LINK DOWN,CABLE BROKEN BACKBONE,network_002,branch_017,CLOSED,15.0,6.0,fiber_cable,0
inc_03433,incident_tx_ip,TXNOC,2026,1,1,1,CRITICAL,FIBRA,LINK DOWN,CABLE BROKEN BACKBONE,network_002,branch_011,CLOSED,17.0,7.17,attenuation,0
inc_03434,incident_tx_ip,TXNOC,2026,1,1,1,CRITICAL,FIBRA,LINK DOWN,CABLE BROKEN BACKBONE,network_002,branch_001,CLOSED,15.0,5.17,fiber_cable,0
inc_03435,incident_tx_ip,TXNOC,2026,1,1,1,CRITICAL,FIBRA,BAD PERFORMANCE,IN SITE,network_002,branch_017,CLOSED,15.0,1.5,temperature_environment,0
inc_03436,incident_tx_ip,TXNOC,2026,1,1,1,CRITICAL,FIBRA,LINK DOWN,CABLE BROKEN BACKBONE,network_002,branch_015,CLOSED,15.0,5.67,fiber_cable,0
inc_03437,incident_tx_ip,TXNOC,2026,1,1,1,CRITICAL,FIBRA,LINK DOWN,CABLE BROKEN BACKBONE,network_002,branch_001,CLOSED,15.0,3.17,fiber_cable,0
inc_03438,incident_tx_ip,TXNOC,2026,1,1,1,CRITICAL,FIBRA,LINK DOWN,CABLE BROKEN BACKBONE,network_002,branch_014,CLOSED,15.0,1.92,fiber_cable,0
inc_03439,incident_tx_ip,TXNOC,2026,1,1,1,CRITICAL,FIBRA,LINK DOWN,CABLE BROKEN BACKBONE,network_002,branch_017,CLOSED,15.0,4.75,fiber_cable,0
inc_03440,incident_tx_ip,TXNOC,2026,1,1,1,CRITICAL,FIBRA,LINK DOWN,CABLE BROKEN BACKBONE,network_002,branch_006,CLOSED,13.0,0.0,fiber_cable,0
inc_03441,incident_tx_ip,TXNOC,2026,1,1,2,CRITICAL,FIBRA,BAD PERFORMANCE,ATTENUATION NEAR TO THRESHOLD,network_002,branch_021,CLOSED,15.0,9.92,attenuation,0
inc_03442,incident_tx_ip,TXNOC,2026,1,1,2,CRITICAL,FIBRA,BAD PERFORMANCE,ATTENUATION NEAR TO THRESHOLD,network_002,branch_015,CLOSED,7.0,6.9,attenuation,0
inc_03443,incident_tx_ip,TXNOC,2026,1,1,2,CRITICAL,FIBRA,LINK DOWN,CABLE BROKEN BACKBONE,network_002,branch_022,CLOSED,15.0,3.5,fiber_cable,0
inc_03444,incident_tx_ip,TXNOC,2026,1,1,2,CRITICAL,FIBRA,LINK DOWN,CABLE BROKEN BACKBONE,network_002,branch_018,CLOSED,21.0,0.9,fiber_cable,0
inc_03445,incident_tx_ip,TXNOC,2026,1,1,2,CRITICAL,FIBRA,LINK DOWN,CABLE BROKEN BACKBONE,network_002,branch_017,CLOSED,15.0,17.5,fiber_cable,1
inc_03446,incident_tx_ip,TXNOC,2026,1,1,2,CRITICAL,FIBRA,LINK DOWN,CABLE BROKEN BACKBONE,network_002,branch_016,CLOSED,15.0,2.5,fiber_cable,0
inc_03447,incident_tx_ip,TXNOC,2026,1,1,2,CRITICAL,FIBRA,LINK DOWN,CABLE BROKEN BACKBONE,network_002,branch_003,CLOSED,15.0,7.67,fiber_cable,0
inc_03448,incident_tx_ip,TXNOC,2026,1,1,2,CRITICAL,FIBRA,LINK DOWN,CABLE BROKEN BACKBONE,network_002,branch_019,CLOSED,15.0,4.0,fiber_cable,0
inc_03449,incident_tx_ip,TXNOC,2026,1,1,2,CRITICAL,FIBRA,LINK DOWN,CABLE BROKEN BACKBONE,network_002,branch_018,CLOSED,21.0,4.0,fiber_cable,0
inc_03450,incident_tx_ip,TXNOC,2026,1,1,2,CRITICAL,FIBRA,LINK DOWN,CABLE BROKEN BACKBONE,network_002,branch_002,CLOSED,15.0,33.5,attenuation,1
inc_03451,incident_tx_ip,TXNOC,2026,1,1,2,CRITICAL,FIBRA,LINK DOWN,CABLE BROKEN BACKBONE,network_002,branch_011,CLOSED,14.0,2.23,fiber_cable,0
inc_03452,incident_tx_ip,TXNOC,2026,1,1,2,CRITICAL,FIBRA,LINK DOWN,CABLE BROKEN BACKBONE,network_002,branch_012,CLOSED,15.0,5.5,fiber_cable,0
inc_03453,incident_tx_ip,TXNOC,2026,1,1,2,CRITICAL,FIBRA,LINK DOWN,CABLE BROKEN BACKBONE,network_002,branch_003,CLOSED,15.0,1.0,fiber_cable,0
inc_03454,incident_tx_ip,TXNOC,2026,1,1,2,CRITICAL,FIBRA,LINK DOWN,CABLE BROKEN BACKBONE,network_002,branch_003,CLOSED,15.0,3.0,fiber_cable,0
inc_03455,incident_tx_ip,TXNOC,2026,1,1,2,CRITICAL,FIBRA,LINK DOWN,CABLE BROKEN BACKBONE,network_002,branch_010,CLOSED,15.0,10.0,fiber_cable,0
inc_03456,incident_tx_ip,TXNOC,2026,1,1,2,CRITICAL,FIBRA,LINK DOWN,CABLE BROKEN BACKBONE,network_002,branch_018,CLOSED,21.0,39.5,fiber_cable,1
inc_03457,incident_tx_ip,TXNOC,2026,1,1,2,CRITICAL,FIBRA,LINK DOWN,CABLE BROKEN BACKBONE,network_002,branch_018,CLOSED,21.0,3.5,fiber_cable,0
inc_03458,incident_tx_ip,TXNOC,2026,1,1,2,CRITICAL,FIBRA,LINK DOWN,CABLE BROKEN BACKBONE,network_002,branch_018,CLOSED,21.0,1.2,fiber_cable,0
inc_03459,incident_tx_ip,TXNOC,2026,1,1,2,CRITICAL,FIBRA,LINK DOWN,CABLE BROKEN BACKBONE,network_002,branch_012,CLOSED,15.0,6.83,fiber_cable,0
inc_03460,incident_tx_ip,TXNOC,2026,1,1,2,CRITICAL,FIBRA,LINK DOWN,CABLE BROKEN BACKBONE,network_002,branch_025,CLOSED,18.0,0.0,fiber_cable,0
inc_03461,incident_tx_ip,TXNOC,2026,1,1,2,CRITICAL,FIBRA,BAD PERFORMANCE,CABLE BROKEN BACKBONE,network_001,branch_012,CLOSED,15.0,120.0,fiber_cable,1
inc_03462,incident_tx_ip,TXNOC,2026,1,1,2,CRITICAL,FIBRA,LINK DOWN,CABLE BROKEN BACKBONE,network_001,branch_019,CLOSED,15.0,17.0,fiber_cable,1
inc_03463,incident_tx_ip,TXNOC,2026,1,1,2,CRITICAL,MICROWAVE,BAD PERFORMANCE,CABLE BROKEN BACKBONE,network_001,branch_019,CLOSED,15.0,183.5,other,1
inc_03464,incident_tx_ip,TXNOC,2026,1,1,2,CRITICAL,FIBRA,BAD PERFORMANCE,CABLE BROKEN BACKBONE,network_001,branch_019,CLOSED,15.0,7.0,fiber_cable,0
inc_03465,incident_tx_ip,TXNOC,2026,1,1,2,CRITICAL,FIBRA,LINK DOWN,CABLE BROKEN BACKBONE,network_002,branch_001,CLOSED,15.0,3.17,fiber_cable,0
inc_03466,incident_tx_ip,TXNOC,2026,1,1,2,CRITICAL,FIBRA,LINK DOWN,CABLE BROKEN BACKBONE,network_002,branch_003,CLOSED,15.0,4.23,fiber_cable,0
inc_03467,incident_tx_ip,TXNOC,2026,1,1,2,CRITICAL,FIBRA,LINK DOWN,CABLE BROKEN BACKBONE,network_002,branch_010,CLOSED,14.0,2.33,fiber_cable,0
inc_03468,incident_tx_ip,TXNOC,2026,1,1,2,CRITICAL,FIBRA,LINK DOWN,CABLE BROKEN BACKBONE,network_002,branch_021,CLOSED,15.0,4.67,fiber_cable,0
inc_03469,incident_tx_ip,TXNOC,2026,1,1,2,CRITICAL,MICROWAVE,LINK DOWN,IN SITE,network_001,branch_029,CLOSED,15.0,89.5,equipment_module,1
inc_03470,incident_tx_ip,TXNOC,2026,1,1,2,CRITICAL,FIBRA,LINK DOWN,CABLE BROKEN BACKBONE,network_002,branch_003,CLOSED,15.0,4.4,fiber_cable,0
inc_03471,incident_tx_ip,TXNOC,2026,1,1,2,CRITICAL,FIBRA,LINK DOWN,CABLE BROKEN BACKBONE,network_002,branch_015,CLOSED,15.0,5.87,fiber_cable,0
inc_03472,incident_tx_ip,TXNOC,2026,1,1,2,CRITICAL,FIBRA,LINK DOWN,CABLE BROKEN BACKBONE,network_002,branch_004,CLOSED,15.0,1.95,fiber_cable,0
inc_03473,incident_tx_ip,TXNOC,2026,1,1,2,CRITICAL,FIBRA,LINK DOWN,CABLE BROKEN BACKBONE,network_002,branch_004,CLOSED,15.0,0.0,fiber_cable,0
inc_03474,incident_tx_ip,TXNOC,2026,1,1,2,CRITICAL,FIBRA,LINK DOWN,CABLE BROKEN BACKBONE,network_002,branch_029,CLOSED,15.0,6.0,fiber_cable,0
inc_03475,incident_tx_ip,TXNOC,2026,1,1,2,CRITICAL,FIBRA,LINK DOWN,CABLE BROKEN BACKBONE,network_002,branch_005,CLOSED,15.0,9.0,fiber_cable,0
inc_03476,incident_tx_ip,TXNOC,2026,1,1,2,CRITICAL,FIBRA,LINK DOWN,CABLE BROKEN BACKBONE,network_002,branch_016,CLOSED,14.0,7.0,fiber_cable,0
inc_03477,incident_tx_ip,TXNOC,2026,1,1,2,CRITICAL,FIBRA,LINK DOWN,CABLE BROKEN BACKBONE,network_002,branch_006,CLOSED,13.0,6.0,fiber_cable,0
inc_03478,incident_tx_ip,TXNOC,2026,1,1,2,CRITICAL,FIBRA,LINK DOWN,CABLE BROKEN BACKBONE,network_002,branch_019,CLOSED,15.0,9.0,fiber_cable,0
inc_03479,incident_tx_ip,TXNOC,2026,1,1,2,CRITICAL,FIBRA,LINK DOWN,CABLE BROKEN BACKBONE,network_002,branch_012,CLOSED,15.0,15.5,fiber_cable,1
inc_03480,incident_tx_ip,TXNOC,2026,1,1,2,CRITICAL,FIBRA,LINK DOWN,CABLE BROKEN BACKBONE,network_002,branch_018,CLOSED,21.0,6.0,fiber_cable,0
inc_03481,incident_tx_ip,TXNOC,2026,1,1,2,CRITICAL,MICROWAVE,LINK DOWN,IN SITE,network_001,branch_021,CLOSED,15.0,34.0,equipment_module,1
inc_03482,incident_tx_ip,TXNOC,2026,1,1,2,CRITICAL,FIBRA,LINK DOWN,CABLE BROKEN BACKBONE,network_001,branch_012,CLOSED,15.0,5.0,fiber_cable,0
inc_03483,incident_tx_ip,TXNOC,2026,1,1,2,CRITICAL,FIBRA,LINK DOWN,CABLE BROKEN BACKBONE,network_002,branch_005,CLOSED,15.0,34.0,attenuation,1
inc_03484,incident_tx_ip,TXNOC,2026,1,1,2,CRITICAL,FIBRA,ATTENUATION,CABLE BROKEN BACKBONE,network_002,branch_005,CLOSED,15.0,51.5,attenuation,1
inc_03485,incident_tx_ip,TXNOC,2026,1,1,2,CRITICAL,FIBRA,LINK DOWN,CABLE BROKEN BACKBONE,network_002,branch_018,CLOSED,21.0,39.0,fiber_cable,1
inc_03486,incident_tx_ip,TXNOC,2026,1,1,2,CRITICAL,FIBRA,LINK DOWN,CABLE BROKEN BACKBONE,network_002,branch_011,CLOSED,15.0,4.5,fiber_cable,0
inc_03487,incident_tx_ip,TXNOC,2026,1,1,2,CRITICAL,MICROWAVE,BAD PERFORMANCE,IN SITE,network_001,branch_014,CLOSED,15.0,20.0,equipment_module,1
inc_03488,incident_tx_ip,TXNOC,2026,1,1,2,CRITICAL,FIBRA,LINK DOWN,CABLE BROKEN BACKBONE,network_002,branch_029,CLOSED,15.0,7.0,fiber_cable,0
inc_03489,incident_tx_ip,TXNOC,2026,1,1,3,CRITICAL,FIBRA,ATTENUATION,CABLE BROKEN BACKBONE,network_002,branch_008,CLOSED,15.0,95.5,attenuation,1
inc_03490,incident_tx_ip,TXNOC,2026,1,1,3,CRITICAL,FIBRA,LINK DOWN,CABLE BROKEN BACKBONE,network_002,branch_008,CLOSED,15.0,36.5,fiber_cable,1
inc_03491,incident_tx_ip,TXNOC,2026,1,1,3,CRITICAL,FIBRA,BAD PERFORMANCE,CABLE BROKEN BACKBONE,network_002,branch_019,CLOSED,7.0,74.5,fiber_cable,1
inc_03492,incident_tx_ip,TXNOC,2026,1,1,3,CRITICAL,MICROWAVE,BAD PERFORMANCE,IN SITE,network_001,branch_024,CLOSED,15.0,317.0,equipment_module,1
inc_03493,incident_tx_ip,TXNOC,2026,1,1,3,CRITICAL,MICROWAVE,BAD PERFORMANCE,IN SITE,network_001,branch_014,CLOSED,15.0,8.5,equipment_module,0
inc_03494,incident_tx_ip,TXNOC,2026,1,1,3,CRITICAL,FIBRA,LINK DOWN,CABLE BROKEN BACKBONE,network_002,branch_014,CLOSED,15.0,3.5,fiber_cable,0
inc_03495,incident_tx_ip,TXNOC,2026,1,1,3,CRITICAL,FIBRA,LINK DOWN,CABLE BROKEN BACKBONE,network_002,branch_003,CLOSED,15.0,0.0,fiber_cable,0
inc_03496,incident_tx_ip,TXNOC,2026,1,1,3,CRITICAL,FIBRA,LINK DOWN,CABLE BROKEN BACKBONE,network_002,branch_003,CLOSED,15.0,6.83,fiber_cable,0
inc_03497,incident_tx_ip,TXNOC,2026,1,1,3,CRITICAL,FIBRA,LINK DOWN,CABLE BROKEN BACKBONE,network_002,branch_018,CLOSED,21.0,38.5,fiber_cable,1
inc_03498,incident_tx_ip,TXNOC,2026,1,1,3,CRITICAL,MICROWAVE,BAD PERFORMANCE,IN SITE,network_001,branch_021,CLOSED,15.0,31.5,equipment_module,1
inc_03499,incident_tx_ip,TXNOC,2026,1,1,3,CRITICAL,FIBRA,LINK DOWN,CABLE BROKEN BACKBONE,network_002,branch_003,CLOSED,15.0,28.5,fiber_cable,1
inc_03500,incident_tx_ip,TXNOC,2026,1,1,3,CRITICAL,FIBRA,LINK DOWN,CABLE BROKEN BACKBONE,network_002,branch_018,CLOSED,21.0,9.62,fiber_cable,0
inc_03501,incident_tx_ip,TXNOC,2026,1,1,3,CRITICAL,FIBRA,LINK DOWN,CABLE BROKEN BACKBONE,network_002,branch_017,CLOSED,15.0,6.92,fiber_cable,0
inc_03502,incident_tx_ip,TXNOC,2026,1,1,3,CRITICAL,FIBRA,LINK DOWN,CABLE BROKEN BACKBONE,network_002,branch_029,CLOSED,15.0,4.0,fiber_cable,0
inc_03503,incident_tx_ip,TXNOC,2026,1,1,3,CRITICAL,FIBRA,LINK DOWN,CABLE BROKEN BACKBONE,network_002,branch_020,CLOSED,15.0,6.05,fiber_cable,0
inc_03504,incident_tx_ip,TXNOC,2026,1,1,3,CRITICAL,FIBRA,LINK DOWN,CABLE BROKEN BACKBONE,network_002,branch_008,CLOSED,15.0,1.05,fiber_cable,0
inc_03505,incident_tx_ip,TXNOC,2026,1,1,3,CRITICAL,MICROWAVE,BAD PERFORMANCE,IN SITE,network_001,branch_021,CLOSED,15.0,23.0,equipment_module,1
inc_03506,incident_tx_ip,TXNOC,2026,1,1,3,CRITICAL,FIBRA,LINK DOWN,CABLE BROKEN BACKBONE,network_002,branch_035,CLOSED,14.0,5.0,fiber_cable,0
inc_03507,incident_tx_ip,TXNOC,2026,1,1,3,CRITICAL,FIBRA,LINK DOWN,CABLE BROKEN BACKBONE,network_002,branch_003,CLOSED,15.0,3.0,fiber_cable,0
inc_03508,incident_tx_ip,TXNOC,2026,1,1,3,CRITICAL,FIBRA,LINK DOWN,CABLE BROKEN BACKBONE,network_002,branch_002,CLOSED,15.0,7.0,fiber_cable,0
inc_03509,incident_tx_ip,TXNOC,2026,1,1,3,MAJOR,MICROWAVE,BAD PERFORMANCE,IN SITE,network_001,branch_017,CLOSED,15.0,340.0,logical_config,1
inc_03510,incident_tx_ip,TXNOC,2026,1,1,3,MAJOR,MICROWAVE,LINK DOWN,IN SITE,network_001,branch_002,CLOSED,15.0,14.5,equipment_module,0
inc_03511,incident_tx_ip,TXNOC,2026,1,1,3,CRITICAL,FIBRA,LINK DOWN,CABLE BROKEN BACKBONE,network_002,branch_003,CLOSED,15.0,3.0,fiber_cable,0
inc_03512,incident_tx_ip,TXNOC,2026,1,1,3,CRITICAL,FIBRA,LINK DOWN,CABLE BROKEN BACKBONE,network_002,branch_005,CLOSED,15.0,4.5,fiber_cable,0
inc_03513,incident_tx_ip,TXNOC,2026,1,1,3,CRITICAL,FIBRA,LINK DOWN,CABLE BROKEN BACKBONE,network_002,branch_018,CLOSED,21.0,3.5,fiber_cable,0
inc_03514,incident_tx_ip,TXNOC,2026,1,1,3,CRITICAL,FIBRA,BAD PERFORMANCE,ATTENUATION NEAR TO THRESHOLD,network_002,branch_003,CLOSED,15.0,80.0,fiber_cable,1
inc_03515,incident_tx_ip,TXNOC,2026,1,1,3,CRITICAL,FIBRA,BAD PERFORMANCE,ATTENUATION NEAR TO THRESHOLD,network_002,branch_008,CLOSED,15.0,12.0,fiber_cable,0
inc_03516,incident_tx_ip,TXNOC,2026,1,1,3,CRITICAL,FIBRA,BAD PERFORMANCE,ATTENUATION NEAR TO THRESHOLD,network_002,branch_016,CLOSED,15.0,80.0,fiber_cable,1
inc_03517,incident_tx_ip,TXNOC,2026,1,1,3,CRITICAL,FIBRA,LINK DOWN,CABLE BROKEN BACKBONE,network_002,branch_001,CLOSED,15.0,2.42,fiber_cable,0
inc_03518,incident_tx_ip,TXNOC,2026,1,1,3,CRITICAL,MICROWAVE,LINK DOWN,ATTENUATION NEAR TO THRESHOLD,network_001,branch_008,CLOSED,15.0,31.58,equipment_module,1
inc_03519,incident_tx_ip,TXNOC,2026,1,1,3,CRITICAL,MICROWAVE,BAD PERFORMANCE,ATTENUATION NEAR TO THRESHOLD,network_001,branch_024,CLOSED,15.0,0.12,equipment_module,0
inc_03520,incident_tx_ip,TXNOC,2026,1,1,3,CRITICAL,FIBRA,LINK DOWN,CABLE BROKEN BACKBONE,network_002,branch_012,CLOSED,15.0,26.0,fiber_cable,1
inc_03521,incident_tx_ip,TXNOC,2026,1,1,3,CRITICAL,FIBRA,LINK DOWN,CABLE BROKEN BACKBONE,network_002,branch_018,CLOSED,21.0,2.5,fiber_cable,0
inc_03522,incident_tx_ip,TXNOC,2026,1,1,3,CRITICAL,FIBRA,LINK DOWN,CABLE BROKEN BACKBONE,network_002,branch_003,CLOSED,15.0,10.0,fiber_cable,0
inc_03523,incident_tx_ip,TXNOC,2026,1,1,3,CRITICAL,FIBRA,LINK DOWN,CABLE BROKEN BACKBONE,network_002,branch_003,CLOSED,15.0,3.5,fiber_cable,0
inc_03524,incident_tx_ip,TXNOC,2026,1,1,3,CRITICAL,FIBRA,LINK DOWN,CABLE BROKEN BACKBONE,network_002,branch_018,CLOSED,21.0,5.67,fiber_cable,0
inc_03525,incident_tx_ip,TXNOC,2026,1,1,3,CRITICAL,MICROWAVE,LINK DOWN,IN SITE,network_001,branch_014,CLOSED,15.0,10.0,equipment_module,0
inc_03526,incident_tx_ip,TXNOC,2026,1,1,3,CRITICAL,FIBRA,LINK DOWN,CABLE BROKEN BACKBONE,network_002,branch_001,CLOSED,15.0,3.5,fiber_cable,0
inc_03527,incident_tx_ip,TXNOC,2026,1,1,3,CRITICAL,FIBRA,LINK DOWN,CABLE BROKEN BACKBONE,network_002,branch_005,CLOSED,15.0,6.5,fiber_cable,0
inc_03528,incident_tx_ip,TXNOC,2026,1,1,3,CRITICAL,FIBRA,LINK DOWN,CABLE BROKEN BACKBONE,network_002,branch_014,CLOSED,15.0,4.17,fiber_cable,0
inc_03529,incident_tx_ip,TXNOC,2026,1,1,3,CRITICAL,MICROWAVE,LINK DOWN,ATTENUATION NEAR TO THRESHOLD,network_001,branch_022,CLOSED,15.0,24.5,equipment_module,1
inc_03530,incident_tx_ip,TXNOC,2026,1,1,3,CRITICAL,FIBRA,LINK DOWN,CABLE BROKEN BACKBONE,network_002,branch_006,CLOSED,15.0,10.0,fiber_cable,0
inc_03531,incident_tx_ip,TXNOC,2026,1,1,4,CRITICAL,FIBRA,LINK DOWN,CABLE BROKEN BACKBONE,network_002,branch_018,CLOSED,21.0,9.0,fiber_cable,0
inc_03532,incident_tx_ip,TXNOC,2026,1,1,4,CRITICAL,FIBRA,LINK DOWN,CABLE BROKEN BACKBONE,network_002,branch_018,CLOSED,21.0,25.17,fiber_cable,1
inc_03533,incident_tx_ip,TXNOC,2026,1,1,4,CRITICAL,FIBRA,LINK DOWN,CABLE BROKEN BACKBONE,network_002,branch_018,CLOSED,21.0,3.5,fiber_cable,0
inc_03534,incident_tx_ip,TXNOC,2026,1,1,4,CRITICAL,FIBRA,LINK DOWN,CABLE BROKEN BACKBONE,network_002,branch_020,CLOSED,15.0,2.5,fiber_cable,0
inc_03535,incident_tx_ip,TXNOC,2026,1,1,4,CRITICAL,FIBRA,LINK DOWN,CABLE BROKEN BACKBONE,network_002,branch_034,CLOSED,15.0,1.5,fiber_cable,0
inc_03536,incident_tx_ip,TXNOC,2026,1,1,4,CRITICAL,FIBRA,LINK DOWN,CABLE BROKEN BACKBONE,network_002,branch_008,CLOSED,15.0,0.0,fiber_cable,0
inc_03537,incident_tx_ip,TXNOC,2026,1,1,4,CRITICAL,FIBRA,LINK DOWN,CABLE BROKEN BACKBONE,network_002,branch_012,CLOSED,15.0,7.5,fiber_cable,0
inc_03538,incident_tx_ip,TXNOC,2026,1,1,4,CRITICAL,MICROWAVE,LINK DOWN,ATTENUATION NEAR TO THRESHOLD,network_001,branch_011,CLOSED,15.0,15.0,link_down,0
inc_03539,incident_tx_ip,TXNOC,2026,1,1,4,CRITICAL,FIBRA,BAD PERFORMANCE,ATTENUATION NEAR TO THRESHOLD,network_002,branch_001,CLOSED,15.0,50.0,fiber_cable,1
inc_03540,incident_tx_ip,TXNOC,2026,1,1,4,CRITICAL,FIBRA,LINK DOWN,CABLE BROKEN BACKBONE,network_002,branch_003,CLOSED,15.0,3.0,fiber_cable,0
inc_03541,incident_tx_ip,TXNOC,2026,1,1,4,CRITICAL,FIBRA,LINK DOWN,IN SITE,network_002,branch_012,CLOSED,15.0,28.0,fiber_cable,1
inc_03542,incident_tx_ip,TXNOC,2026,1,1,4,CRITICAL,MICROWAVE,LINK DOWN,IN SITE,network_001,branch_012,CLOSED,15.0,10.0,equipment_module,0
inc_03543,incident_tx_ip,TXNOC,2026,1,1,4,CRITICAL,FIBRA,ATTENUATION,CABLE BROKEN BACKBONE,network_002,branch_010,CLOSED,15.0,3.0,attenuation,0
inc_03544,incident_tx_ip,TXNOC,2026,1,1,4,CRITICAL,FIBRA,LINK DOWN,CABLE BROKEN BACKBONE,network_002,branch_017,CLOSED,15.0,2.5,fiber_cable,0
inc_03545,incident_tx_ip,TXNOC,2026,1,2,4,CRITICAL,FIBRA,LINK DOWN,CABLE BROKEN BACKBONE,network_002,branch_018,CLOSED,20.0,4.83,fiber_cable,0
inc_03546,incident_tx_ip,TXNOC,2026,1,2,4,CRITICAL,FIBRA,LINK DOWN,CABLE BROKEN BACKBONE,network_002,branch_008,CLOSED,15.0,7.32,fiber_cable,0
inc_03547,incident_tx_ip,TXNOC,2026,1,2,4,CRITICAL,FIBRA,LINK DOWN,CABLE BROKEN BACKBONE,network_002,branch_021,CLOSED,15.0,7.25,fiber_cable,0
inc_03548,incident_tx_ip,TXNOC,2026,1,2,4,CRITICAL,FIBRA,LINK DOWN,CABLE BROKEN BACKBONE,network_002,branch_014,CLOSED,15.0,5.27,fiber_cable,0
inc_03549,incident_tx_ip,TXNOC,2026,1,2,4,CRITICAL,FIBRA,LINK DOWN,CABLE BROKEN BACKBONE,network_002,branch_001,CLOSED,15.0,2.17,fiber_cable,0
inc_03550,incident_tx_ip,TXNOC,2026,1,2,4,CRITICAL,FIBRA,LINK DOWN,CABLE BROKEN BACKBONE,network_002,branch_010,CLOSED,15.0,8.0,fiber_cable,0
inc_03551,incident_tx_ip,TXNOC,2026,1,2,4,CRITICAL,FIBRA,LINK DOWN,CABLE BROKEN BACKBONE,network_002,branch_017,CLOSED,15.0,4.0,fiber_cable,0
inc_03552,incident_tx_ip,TXNOC,2026,1,2,4,CRITICAL,FIBRA,LINK DOWN,CABLE BROKEN BACKBONE,network_002,branch_003,CLOSED,15.0,5.0,fiber_cable,0
inc_03553,incident_tx_ip,TXNOC,2026,1,2,4,CRITICAL,FIBRA,LINK DOWN,CABLE BROKEN BACKBONE,network_002,branch_003,CLOSED,15.0,0.0,fiber_cable,0
inc_03554,incident_tx_ip,TXNOC,2026,1,2,4,CRITICAL,FIBRA,LINK DOWN,CABLE BROKEN BACKBONE,network_002,branch_032,CLOSED,22.0,7.0,fiber_cable,0
inc_03555,incident_tx_ip,TXNOC,2026,1,2,4,CRITICAL,FIBRA,LINK DOWN,CABLE BROKEN BACKBONE,network_002,branch_003,CLOSED,15.0,3.0,fiber_cable,0
inc_03556,incident_tx_ip,TXNOC,2026,1,2,4,CRITICAL,FIBRA,LINK DOWN,CABLE BROKEN BACKBONE,network_002,branch_003,CLOSED,15.0,0.0,fiber_cable,0
inc_03557,incident_tx_ip,TXNOC,2026,1,2,4,CRITICAL,FIBRA,LINK DOWN,CABLE BROKEN BACKBONE,network_002,branch_017,CLOSED,7.0,0.0,fiber_cable,0
inc_03558,incident_tx_ip,TXNOC,2026,1,2,4,CRITICAL,FIBRA,LINK DOWN,CABLE BROKEN BACKBONE,network_002,branch_001,CLOSED,15.0,4.0,fiber_cable,0
inc_03559,incident_tx_ip,TXNOC,2026,1,2,4,CRITICAL,FIBRA,LINK DOWN,IN SITE,network_002,branch_010,CLOSED,15.0,5.67,fiber_cable,0
inc_03560,incident_tx_ip,TXNOC,2026,1,2,4,CRITICAL,FIBRA,LINK DOWN,ATTENUATION NEAR TO THRESHOLD,network_002,branch_018,CLOSED,21.0,150.0,attenuation,1
inc_03561,incident_tx_ip,TXNOC,2026,1,2,4,CRITICAL,FIBRA,LINK DOWN,CABLE BROKEN BACKBONE,network_002,branch_018,CLOSED,20.0,9.37,fiber_cable,0
inc_03562,incident_tx_ip,TXNOC,2026,1,2,4,CRITICAL,FIBRA,LINK DOWN,CABLE BROKEN BACKBONE,network_002,branch_002,CLOSED,15.0,6.25,fiber_cable,0
inc_03563,incident_tx_ip,TXNOC,2026,1,2,4,CRITICAL,FIBRA,BAD PERFORMANCE,ATTENUATION NEAR TO THRESHOLD,network_002,branch_002,CLOSED,7.0,3.67,temperature_environment,0
inc_03564,incident_tx_ip,TXNOC,2026,1,2,4,CRITICAL,FIBRA,BAD PERFORMANCE,ATTENUATION NEAR TO THRESHOLD,network_002,branch_014,CLOSED,7.0,0.0,temperature_environment,0
inc_03565,incident_tx_ip,TXNOC,2026,1,2,5,CRITICAL,FIBRA,LINK DOWN,CABLE BROKEN BACKBONE,network_002,branch_018,CLOSED,20.0,3.0,fiber_cable,0
inc_03566,incident_tx_ip,TXNOC,2026,1,2,5,CRITICAL,FIBRA,LINK DOWN,CABLE BROKEN BACKBONE,network_002,branch_015,CLOSED,15.0,9.0,fiber_cable,0
inc_03567,incident_tx_ip,TXNOC,2026,1,2,5,CRITICAL,FIBRA,LINK DOWN,CABLE BROKEN BACKBONE,network_002,branch_012,CLOSED,15.0,3.0,fiber_cable,0
inc_03568,incident_tx_ip,TXNOC,2026,1,2,5,CRITICAL,FIBRA,LINK DOWN,CABLE BROKEN BACKBONE,network_002,branch_015,CLOSED,15.0,5.0,fiber_cable,0
inc_03569,incident_tx_ip,TXNOC,2026,1,2,5,MAJOR,MICROWAVE,BAD PERFORMANCE,IN SITE,network_001,branch_020,CLOSED,15.0,44.0,equipment_module,1
inc_03570,incident_tx_ip,TXNOC,2026,1,2,5,CRITICAL,FIBRA,LINK DOWN,CABLE BROKEN BACKBONE,network_002,branch_032,CLOSED,22.0,1.4,fiber_cable,0
inc_03571,incident_tx_ip,TXNOC,2026,1,2,5,MAJOR,MICROWAVE,BAD PERFORMANCE,IN SITE,network_001,branch_017,CLOSED,15.0,28.5,equipment_module,1
inc_03572,incident_tx_ip,TXNOC,2026,1,2,5,MAJOR,MICROWAVE,BAD PERFORMANCE,IN SITE,network_001,branch_007,CLOSED,15.0,28.0,equipment_module,1
inc_03573,incident_tx_ip,TXNOC,2026,1,2,5,MAJOR,MICROWAVE,BAD PERFORMANCE,IN SITE,network_001,branch_012,CLOSED,15.0,253.0,equipment_module,1
inc_03574,incident_tx_ip,TXNOC,2026,1,2,5,MAJOR,MICROWAVE,BAD PERFORMANCE,IN SITE,network_001,branch_004,CLOSED,15.0,206.5,other,1
inc_03575,incident_tx_ip,TXNOC,2026,1,2,5,CRITICAL,FIBRA,LINK DOWN,CABLE BROKEN BACKBONE,network_002,branch_003,CLOSED,15.0,6.5,fiber_cable,0
inc_03576,incident_tx_ip,TXNOC,2026,1,2,5,CRITICAL,FIBRA,LINK DOWN,CABLE BROKEN BACKBONE,network_002,branch_004,CLOSED,15.0,6.5,fiber_cable,0
inc_03577,incident_tx_ip,TXNOC,2026,1,2,5,CRITICAL,FIBRA,LINK DOWN,CABLE BROKEN BACKBONE,network_002,branch_010,CLOSED,15.0,4.5,fiber_cable,0
inc_03578,incident_tx_ip,TXNOC,2026,1,2,5,CRITICAL,FIBRA,LINK DOWN,IN SITE,network_002,branch_006,CLOSED,13.0,14.5,fiber_cable,1
inc_03579,incident_tx_ip,TXNOC,2026,1,2,5,CRITICAL,FIBRA,LINK DOWN,CABLE BROKEN BACKBONE,network_002,branch_008,CLOSED,15.0,3.0,fiber_cable,0
inc_03580,incident_tx_ip,TXNOC,2026,1,2,5,CRITICAL,FIBRA,LINK DOWN,IN SITE,network_002,branch_012,CLOSED,15.0,2.0,fiber_cable,0
inc_03581,incident_tx_ip,TXNOC,2026,1,2,5,CRITICAL,FIBRA,LINK DOWN,CABLE BROKEN BACKBONE,network_002,branch_020,CLOSED,15.0,7.24,fiber_cable,0
inc_03582,incident_tx_ip,TXNOC,2026,1,2,5,CRITICAL,FIBRA,LINK DOWN,CABLE BROKEN BACKBONE,network_002,branch_004,CLOSED,15.0,6.27,fiber_cable,0
inc_03583,incident_tx_ip,TXNOC,2026,1,2,5,CRITICAL,FIBRA,LINK DOWN,CABLE BROKEN BACKBONE,network_002,branch_025,CLOSED,18.0,5.33,fiber_cable,0
inc_03584,incident_tx_ip,TXNOC,2026,1,2,5,CRITICAL,FIBRA,LINK DOWN,CABLE BROKEN BACKBONE,network_002,branch_001,CLOSED,15.0,1.37,fiber_cable,0
inc_03585,incident_tx_ip,TXNOC,2026,1,2,5,CRITICAL,FIBRA,LINK DOWN,CABLE BROKEN BACKBONE,network_002,branch_034,CLOSED,14.0,0.0,fiber_cable,0
inc_03586,incident_tx_ip,TXNOC,2026,1,2,5,CRITICAL,FIBRA,LINK DOWN,CABLE BROKEN BACKBONE,network_002,branch_020,CLOSED,15.0,3.33,fiber_cable,0
inc_03587,incident_tx_ip,TXNOC,2026,1,2,5,CRITICAL,MICROWAVE,LINK DOWN,IN SITE,network_001,branch_003,CLOSED,15.0,20.0,equipment_module,1
inc_03588,incident_tx_ip,TXNOC,2026,1,2,5,CRITICAL,FIBRA,LINK DOWN,CABLE BROKEN BACKBONE,network_002,branch_018,CLOSED,21.0,10.0,fiber_cable,0
inc_03589,incident_tx_ip,TXNOC,2026,1,2,5,CRITICAL,FIBRA,LINK DOWN,CABLE BROKEN BACKBONE,network_002,branch_018,CLOSED,20.0,1.33,fiber_cable,0
inc_03590,incident_tx_ip,TXNOC,2026,1,2,5,CRITICAL,FIBRA,ATTENUATION,CABLE BROKEN BACKBONE,network_002,branch_032,CLOSED,22.0,45.35,attenuation,1
inc_03591,incident_tx_ip,TXNOC,2026,1,2,5,CRITICAL,FIBRA,LINK DOWN,CABLE BROKEN BACKBONE,network_002,branch_009,CLOSED,15.0,7.33,fiber_cable,0
inc_03592,incident_tx_ip,TXNOC,2026,1,2,5,CRITICAL,FIBRA,LINK DOWN,CABLE BROKEN BACKBONE,network_002,branch_001,CLOSED,15.0,4.83,fiber_cable,0
inc_03593,incident_tx_ip,TXNOC,2026,1,2,5,CRITICAL,FIBRA,ATTENUATION,ATTENUATION NEAR TO THRESHOLD,network_001,branch_010,CLOSED,14.0,10.0,attenuation,0
inc_03594,incident_tx_ip,TXNOC,2026,1,2,5,CRITICAL,FIBRA,ATTENUATION,ATTENUATION NEAR TO THRESHOLD,network_001,branch_030,CLOSED,14.0,0.0,attenuation,0
inc_03595,incident_tx_ip,TXNOC,2026,1,2,5,CRITICAL,FIBRA,LINK DOWN,CABLE BROKEN BACKBONE,network_002,branch_003,CLOSED,15.0,10.0,fiber_cable,0
inc_03596,incident_tx_ip,TXNOC,2026,1,2,5,CRITICAL,FIBRA,LINK DOWN,CABLE BROKEN BACKBONE,network_002,branch_018,CLOSED,20.0,16.5,attenuation,0
inc_03597,incident_tx_ip,TXNOC,2026,1,2,5,CRITICAL,FIBRA,LINK DOWN,CABLE BROKEN BACKBONE,network_002,branch_001,CLOSED,15.0,7.0,fiber_cable,0
inc_03598,incident_tx_ip,TXNOC,2026,1,2,5,CRITICAL,FIBRA,LINK DOWN,CABLE BROKEN BACKBONE,network_002,branch_012,CLOSED,15.0,36.5,fiber_cable,1
inc_03599,incident_tx_ip,TXNOC,2026,1,2,5,CRITICAL,FIBRA,LINK DOWN,CABLE BROKEN BACKBONE,network_002,branch_016,CLOSED,15.0,2.0,fiber_cable,0
inc_03600,incident_tx_ip,TXNOC,2026,1,2,5,CRITICAL,FIBRA,LINK DOWN,CABLE BROKEN BACKBONE,network_002,branch_010,CLOSED,14.0,2.0,fiber_cable,0
inc_03601,incident_tx_ip,TXNOC,2026,1,2,5,CRITICAL,FIBRA,LINK DOWN,CABLE BROKEN BACKBONE,network_002,branch_018,CLOSED,21.0,3.0,fiber_cable,0
inc_03602,incident_tx_ip,TXNOC,2026,1,2,5,CRITICAL,FIBRA,ATTENUATION,CABLE BROKEN BACKBONE,network_002,branch_003,CLOSED,15.0,25.63,attenuation,1
inc_03603,incident_tx_ip,TXNOC,2026,1,2,5,CRITICAL,FIBRA,ATTENUATION,CABLE BROKEN BACKBONE,network_002,branch_018,CLOSED,21.0,109.0,attenuation,1
inc_03604,incident_tx_ip,TXNOC,2026,1,2,5,MAJOR,MICROWAVE,BAD PERFORMANCE,IN SITE,network_001,branch_021,CLOSED,15.0,21.0,equipment_module,1
inc_03605,incident_tx_ip,TXNOC,2026,1,2,5,CRITICAL,FIBRA,ATTENUATION,CABLE BROKEN BACKBONE,network_002,branch_005,CLOSED,15.0,2.0,attenuation,0
inc_03606,incident_tx_ip,TXNOC,2026,1,2,5,CRITICAL,FIBRA,ATTENUATION,CABLE BROKEN BACKBONE,network_002,branch_002,CLOSED,15.0,2.5,attenuation,0
inc_03607,incident_tx_ip,TXNOC,2026,1,2,5,CRITICAL,FIBRA,LINK DOWN,CABLE BROKEN BACKBONE,network_002,branch_010,CLOSED,14.0,59.67,attenuation,1
inc_03608,incident_tx_ip,TXNOC,2026,1,2,5,MAJOR,MICROWAVE,BAD PERFORMANCE,IN SITE,network_001,branch_021,CLOSED,15.0,21.0,equipment_module,1
inc_03609,incident_tx_ip,TXNOC,2026,1,2,5,MAJOR,MICROWAVE,BAD PERFORMANCE,IN SITE,network_001,branch_020,CLOSED,15.0,158.5,link_down,1
inc_03610,incident_tx_ip,TXNOC,2026,1,2,5,CRITICAL,FIBRA,LINK DOWN,CABLE BROKEN BACKBONE,network_002,branch_016,CLOSED,14.0,20.0,attenuation,1
inc_03611,incident_tx_ip,TXNOC,2026,1,2,5,MAJOR,MICROWAVE,BAD PERFORMANCE,IN SITE,network_001,branch_008,CLOSED,15.0,116.5,other,1
inc_03612,incident_tx_ip,TXNOC,2026,1,2,5,MAJOR,MICROWAVE,BAD PERFORMANCE,IN SITE,network_001,branch_021,CLOSED,15.0,9.5,equipment_module,0
inc_03613,incident_tx_ip,TXNOC,2026,1,2,5,CRITICAL,FIBRA,LINK DOWN,CABLE BROKEN BACKBONE,network_002,branch_004,CLOSED,15.0,0.57,fiber_cable,0
inc_03614,incident_tx_ip,TXNOC,2026,1,2,5,CRITICAL,FIBRA,LINK DOWN,CABLE BROKEN BACKBONE,network_002,branch_018,CLOSED,19.0,0.0,fiber_cable,0
inc_03615,incident_tx_ip,TXNOC,2026,1,2,6,CRITICAL,FIBRA,ATTENUATION,CABLE BROKEN BACKBONE,network_002,branch_018,CLOSED,21.0,10.0,attenuation,0
inc_03616,incident_tx_ip,TXNOC,2026,1,2,6,CRITICAL,FIBRA,LINK DOWN,CABLE BROKEN BACKBONE,network_002,branch_005,CLOSED,15.0,6.7,fiber_cable,0
inc_03617,incident_tx_ip,TXNOC,2026,1,2,6,CRITICAL,FIBRA,LINK DOWN,CABLE BROKEN BACKBONE,network_002,branch_004,CLOSED,15.0,4.5,fiber_cable,0
inc_03618,incident_tx_ip,TXNOC,2026,1,2,6,CRITICAL,FIBRA,LINK DOWN,CABLE BROKEN BACKBONE,network_002,branch_014,CLOSED,15.0,3.58,fiber_cable,0
inc_03619,incident_tx_ip,TXNOC,2026,1,2,6,CRITICAL,MICROWAVE,LINK DOWN,IN SITE,network_001,branch_024,CLOSED,15.0,7.0,equipment_module,0
inc_03620,incident_tx_ip,TXNOC,2026,1,2,6,CRITICAL,FIBRA,LINK DOWN,CABLE BROKEN BACKBONE,network_002,branch_017,CLOSED,15.0,6.5,fiber_cable,0
inc_03621,incident_tx_ip,TXNOC,2026,1,2,6,CRITICAL,MICROWAVE,LINK DOWN,IN SITE,network_002,branch_013,CLOSED,7.0,8.0,equipment_module,1
inc_03622,incident_tx_ip,TXNOC,2026,1,2,6,CRITICAL,MICROWAVE,LINK DOWN,IN SITE,network_002,branch_030,CLOSED,14.0,3.5,link_down,0
inc_03623,incident_tx_ip,TXNOC,2026,1,2,6,CRITICAL,MICROWAVE,LINK DOWN,IN SITE,network_001,branch_017,CLOSED,15.0,15.0,equipment_module,0
inc_03624,incident_tx_ip,TXNOC,2026,1,2,6,CRITICAL,MICROWAVE,LINK DOWN,IN SITE,network_001,branch_003,CLOSED,15.0,4.0,power_energy,0
inc_03625,incident_tx_ip,TXNOC,2026,1,2,6,CRITICAL,MICROWAVE,LINK DOWN,IN SITE,network_001,branch_007,CONTINUE,15.0,0.0,link_down,0
inc_03626,incident_tx_ip,TXNOC,2026,1,2,6,CRITICAL,MICROWAVE,LINK DOWN,IN SITE,network_002,branch_013,CLOSED,14.0,10.0,link_down,0
inc_03627,incident_tx_ip,TXNOC,2026,1,2,6,CRITICAL,MICROWAVE,LINK DOWN,IN SITE,network_001,branch_012,CLOSED,15.0,10.0,attenuation,0
inc_03628,incident_tx_ip,TXNOC,2026,1,2,6,CRITICAL,FIBRA,ATTENUATION,IN SITE,network_002,branch_003,CLOSED,15.0,10.0,attenuation,0
inc_03629,incident_tx_ip,TXNOC,2026,1,2,6,CRITICAL,FIBRA,LINK DOWN,IN SITE,network_002,branch_004,CLOSED,15.0,8.5,fiber_cable,0
inc_03630,incident_tx_ip,TXNOC,2026,1,2,6,CRITICAL,FIBRA,LINK DOWN,IN SITE,network_002,branch_035,CLOSED,15.0,4.0,fiber_cable,0
inc_03631,incident_tx_ip,TXNOC,2026,1,2,6,CRITICAL,MICROWAVE,BAD PERFORMANCE,IN SITE,network_001,branch_024,CLOSED,15.0,130.0,other,1
inc_03632,incident_tx_ip,TXNOC,2026,1,2,6,CRITICAL,MICROWAVE,BAD PERFORMANCE,IN SITE,network_001,branch_008,CLOSED,15.0,206.0,equipment_module,1
inc_03633,incident_tx_ip,TXNOC,2026,1,2,6,CRITICAL,FIBRA,LINK DOWN,IN SITE,network_002,branch_011,CLOSED,17.0,1.5,fiber_cable,0
inc_03634,incident_tx_ip,TXNOC,2026,1,2,6,CRITICAL,FIBRA,LINK DOWN,IN SITE,network_002,branch_001,CLOSED,21.0,3.0,fiber_cable,0
inc_03635,incident_tx_ip,TXNOC,2026,1,2,6,CRITICAL,MICROWAVE,LINK DOWN,IN SITE,network_001,branch_019,CLOSED,7.0,536.0,equipment_module,1
inc_03636,incident_tx_ip,TXNOC,2026,1,2,6,CRITICAL,FIBRA,LINK DOWN,IN SITE,network_002,branch_006,CLOSED,13.0,2.0,fiber_cable,0
inc_03637,incident_tx_ip,TXNOC,2026,1,2,6,CRITICAL,FIBRA,LINK DOWN,CABLE BROKEN BACKBONE,network_002,branch_018,CLOSED,21.0,5.12,fiber_cable,0
inc_03638,incident_tx_ip,TXNOC,2026,1,2,6,CRITICAL,FIBRA,LINK DOWN,CABLE BROKEN BACKBONE,network_002,branch_035,CLOSED,14.0,5.75,fiber_cable,0
inc_03639,incident_tx_ip,TXNOC,2026,1,2,6,CRITICAL,FIBRA,LINK DOWN,CABLE BROKEN BACKBONE,network_002,branch_008,CLOSED,15.0,4.32,fiber_cable,0
inc_03640,incident_tx_ip,TXNOC,2026,1,2,6,CRITICAL,FIBRA,LINK DOWN,CABLE BROKEN BACKBONE,network_002,branch_002,CLOSED,15.0,4.0,fiber_cable,0
inc_03641,incident_tx_ip,TXNOC,2026,1,2,6,CRITICAL,FIBRA,LINK DOWN,ATTENUATION NEAR TO THRESHOLD,network_002,branch_007,CLOSED,15.0,1.65,fiber_cable,0
inc_03642,incident_tx_ip,TXNOC,2026,1,2,6,CRITICAL,FIBRA,LINK DOWN,CABLE BROKEN BACKBONE,network_002,branch_018,CLOSED,20.0,1.83,fiber_cable,0
inc_03643,incident_tx_ip,TXNOC,2026,1,2,6,CRITICAL,FIBRA,LINK DOWN,CABLE BROKEN BACKBONE,network_002,branch_010,CLOSED,15.0,7.33,fiber_cable,0
inc_03644,incident_tx_ip,TXNOC,2026,1,2,6,CRITICAL,MICROWAVE,LINK DOWN,IN SITE,network_001,branch_003,CLOSED,15.0,57.0,link_down,1
inc_03645,incident_tx_ip,TXNOC,2026,1,2,6,CRITICAL,MICROWAVE,LINK DOWN,CABLE BROKEN BACKBONE,network_001,branch_029,CLOSED,15.0,19.5,equipment_module,1
inc_03646,incident_tx_ip,TXNOC,2026,1,2,6,CRITICAL,FIBRA,LINK DOWN,CABLE BROKEN BACKBONE,network_002,branch_003,CLOSED,15.0,1.0,fiber_cable,0
inc_03647,incident_tx_ip,TXNOC,2026,1,2,6,CRITICAL,MICROWAVE,LINK DOWN,IN SITE,network_001,branch_014,CLOSED,15.0,7.67,equipment_module,0
inc_03648,incident_tx_ip,TXNOC,2026,1,2,6,CRITICAL,FIBRA,LINK DOWN,CABLE BROKEN BACKBONE,network_002,branch_010,CLOSED,15.0,4.67,fiber_cable,0
inc_03649,incident_tx_ip,TXNOC,2026,1,2,6,CRITICAL,FIBRA,LINK DOWN,CABLE BROKEN BACKBONE,network_002,branch_018,CLOSED,21.0,6.67,fiber_cable,0
inc_03650,incident_tx_ip,TXNOC,2026,1,2,6,CRITICAL,FIBRA,LINK DOWN,CABLE BROKEN BACKBONE,network_002,branch_018,CLOSED,21.0,7.67,fiber_cable,0
inc_03651,incident_tx_ip,TXNOC,2026,1,2,6,CRITICAL,FIBRA,LINK DOWN,IN SITE,network_001,branch_030,CLOSED,15.0,7.67,fiber_cable,0
inc_03652,incident_tx_ip,TXNOC,2026,1,2,6,CRITICAL,FIBRA,LINK DOWN,CABLE BROKEN BACKBONE,network_002,branch_004,CLOSED,15.0,6.5,fiber_cable,0
inc_03653,incident_tx_ip,TXNOC,2026,1,2,6,CRITICAL,FIBRA,LINK DOWN,CABLE BROKEN BACKBONE,network_002,branch_011,CLOSED,14.0,0.0,fiber_cable,0
inc_03654,incident_tx_ip,TXNOC,2026,1,2,6,CRITICAL,FIBRA,ATTENUATION,IN SITE,network_002,branch_011,CLOSED,14.0,5.0,attenuation,0
inc_03655,incident_tx_ip,TXNOC,2026,1,2,6,CRITICAL,FIBRA,LINK DOWN,CABLE BROKEN BACKBONE,network_002,branch_012,CLOSED,15.0,6.5,fiber_cable,0
inc_03656,incident_tx_ip,TXNOC,2026,1,2,6,CRITICAL,MICROWAVE,LINK DOWN,CABLE BROKEN BACKBONE,network_001,branch_007,CLOSED,15.0,10.0,equipment_module,0
inc_03657,incident_tx_ip,TXNOC,2026,1,2,6,CRITICAL,MICROWAVE,LINK DOWN,CABLE BROKEN BACKBONE,network_001,branch_021,CLOSED,15.0,55.5,equipment_module,1
inc_03658,incident_tx_ip,TXNOC,2026,1,2,7,CRITICAL,FIBRA,BAD PERFORMANCE,ATTENUATION NEAR TO THRESHOLD,network_002,branch_018,CLOSED,21.0,10.0,fiber_cable,0
inc_03659,incident_tx_ip,TXNOC,2026,1,2,7,CRITICAL,FIBRA,LINK DOWN,ATTENUATION NEAR TO THRESHOLD,network_002,branch_018,CLOSED,21.0,6.5,fiber_cable,0
inc_03660,incident_tx_ip,TXNOC,2026,1,2,7,CRITICAL,FIBRA,BAD PERFORMANCE,ATTENUATION NEAR TO THRESHOLD,network_002,branch_030,CLOSED,14.0,4.0,fiber_cable,0
inc_03661,incident_tx_ip,TXNOC,2026,1,2,7,MAJOR,MICROWAVE,LINK DOWN,IN SITE,network_001,branch_035,CLOSED,15.0,16.0,equipment_module,1
inc_03662,incident_tx_ip,TXNOC,2026,1,2,7,MAJOR,MICROWAVE,LINK DOWN,IN SITE,network_001,branch_008,CLOSED,15.0,69.5,equipment_module,1
inc_03663,incident_tx_ip,TXNOC,2026,1,2,7,CRITICAL,FIBRA,LINK DOWN,CABLE BROKEN BACKBONE,network_002,branch_015,CLOSED,15.0,1.0,fiber_cable,0
inc_03664,incident_tx_ip,TXNOC,2026,1,2,7,CRITICAL,FIBRA,LINK DOWN,IN SITE,network_002,branch_030,CLOSED,14.0,273.0,fiber_cable,1
inc_03665,incident_tx_ip,TXNOC,2026,1,2,7,CRITICAL,FIBRA,LINK DOWN,IN SITE,network_002,branch_018,CLOSED,21.0,3.17,fiber_cable,0
inc_03666,incident_tx_ip,TXNOC,2026,1,2,7,CRITICAL,FIBRA,LINK DOWN,IN SITE,network_002,branch_018,CLOSED,21.0,5.0,fiber_cable,0
inc_03667,incident_tx_ip,TXNOC,2026,1,2,7,CRITICAL,FIBRA,LINK DOWN,IN SITE,network_002,branch_008,CLOSED,15.0,1.67,fiber_cable,0
inc_03668,incident_tx_ip,TXNOC,2026,1,2,7,CRITICAL,FIBRA,LINK DOWN,CABLE BROKEN BACKBONE,network_002,branch_012,CLOSED,15.0,10.0,fiber_cable,0
inc_03669,incident_tx_ip,TXNOC,2026,1,2,7,CRITICAL,FIBRA,LINK DOWN,CABLE BROKEN BACKBONE,network_002,branch_016,CLOSED,15.0,10.0,fiber_cable,0
inc_03670,incident_tx_ip,TXNOC,2026,1,2,7,MAJOR,MICROWAVE,LINK DOWN,IN SITE,network_001,branch_005,CLOSED,15.0,14.17,equipment_module,0
inc_03671,incident_tx_ip,TXNOC,2026,1,2,7,MAJOR,FIBRA,BAD PERFORMANCE,IN SITE,network_002,branch_008,CLOSED,7.0,10.0,temperature_environment,1
inc_03672,incident_tx_ip,TXNOC,2026,1,2,7,MAJOR,FIBRA,ATTENUATION,ATTENUATION OVER THRESHOLD,network_002,branch_022,CLOSED,15.0,20.0,attenuation,1
inc_03673,incident_tx_ip,TXNOC,2026,1,2,7,MAJOR,FIBRA,LINK DOWN,CABLE BROKEN BACKBONE,network_002,branch_001,CLOSED,15.0,2.0,fiber_cable,0
inc_03674,incident_tx_ip,TXNOC,2026,1,2,7,MAJOR,FIBRA,LINK DOWN,CABLE BROKEN BACKBONE,network_002,branch_004,CLOSED,15.0,8.0,fiber_cable,0
inc_03675,incident_tx_ip,TXNOC,2026,1,2,7,MAJOR,FIBRA,LINK DOWN,CABLE BROKEN BACKBONE,network_002,branch_035,CLOSED,15.0,4.17,fiber_cable,0
inc_03676,incident_tx_ip,TXNOC,2026,1,2,7,MAJOR,FIBRA,LINK DOWN,CABLE BROKEN BACKBONE,network_002,branch_008,CLOSED,15.0,6.0,fiber_cable,0
inc_03677,incident_tx_ip,TXNOC,2026,1,2,7,MAJOR,FIBRA,LINK DOWN,CABLE BROKEN BACKBONE,network_002,branch_025,CLOSED,18.0,9.0,fiber_cable,0
inc_03678,incident_tx_ip,TXNOC,2026,1,2,7,MAJOR,FIBRA,LINK DOWN,CABLE BROKEN BACKBONE,network_002,branch_015,CLOSED,15.0,3.0,attenuation,0
inc_03679,incident_tx_ip,TXNOC,2026,1,2,7,MAJOR,FIBRA,LINK DOWN,CABLE BROKEN BACKBONE,network_002,branch_035,CLOSED,15.0,4.0,fiber_cable,0
inc_03680,incident_tx_ip,TXNOC,2026,1,2,7,MAJOR,FIBRA,LINK DOWN,CABLE BROKEN BACKBONE,network_002,branch_018,CLOSED,21.0,0.0,fiber_cable,0
inc_03681,incident_tx_ip,TXNOC,2026,1,2,7,MAJOR,MICROWAVE,BAD PERFORMANCE,IN SITE,network_001,branch_017,CLOSED,15.0,17.0,other,1
inc_03682,incident_tx_ip,TXNOC,2026,1,2,7,CRITICAL,MICROWAVE,ATTENUATION,ATTENUATION OVER THRESHOLD,network_001,branch_012,CLOSED,15.0,17.0,attenuation,1
inc_03683,incident_tx_ip,TXNOC,2026,1,2,7,MAJOR,FIBRA,LINK DOWN,CABLE BROKEN BACKBONE,network_002,branch_018,CLOSED,21.0,6.5,fiber_cable,0
inc_03684,incident_tx_ip,TXNOC,2026,1,2,7,MAJOR,FIBRA,LINK DOWN,CABLE BROKEN BACKBONE,network_002,branch_018,CLOSED,21.0,3.0,fiber_cable,0
inc_03685,incident_tx_ip,TXNOC,2026,1,2,7,MAJOR,FIBRA,LINK DOWN,CABLE BROKEN BACKBONE,network_002,branch_009,CLOSED,15.0,7.5,attenuation,0
inc_03686,incident_tx_ip,TXNOC,2026,1,2,7,CRITICAL,MICROWAVE,ATTENUATION,ATTENUATION OVER THRESHOLD,network_001,branch_003,CLOSED,15.0,0.0,attenuation,0
inc_03687,incident_tx_ip,TXNOC,2026,1,2,7,MAJOR,FIBRA,LINK DOWN,CABLE BROKEN BACKBONE,network_002,branch_001,CLOSED,15.0,4.5,fiber_cable,0
inc_03688,incident_tx_ip,TXNOC,2026,1,2,7,MAJOR,FIBRA,ATTENUATION,ATTENUATION OVER THRESHOLD,network_002,branch_022,CLOSED,15.0,0.0,attenuation,0
inc_03689,incident_tx_ip,TXNOC,2026,1,2,7,CRITICAL,MICROWAVE,ATTENUATION,ATTENUATION OVER THRESHOLD,network_002,branch_003,CLOSED,15.0,9.5,attenuation,0
inc_03690,incident_tx_ip,TXNOC,2026,1,2,7,CRITICAL,FIBRA,LINK DOWN,CABLE BROKEN BACKBONE,network_002,branch_003,CLOSED,15.0,2.37,fiber_cable,0
inc_03691,incident_tx_ip,TXNOC,2026,1,2,7,CRITICAL,FIBRA,LINK DOWN,CABLE BROKEN BACKBONE,network_002,branch_014,CLOSED,15.0,0.0,fiber_cable,0
inc_03692,incident_tx_ip,TXNOC,2026,1,2,7,CRITICAL,FIBRA,LINK DOWN,CABLE BROKEN BACKBONE,network_002,branch_012,CLOSED,15.0,6.0,attenuation,0
inc_03693,incident_tx_ip,TXNOC,2026,1,2,7,MAJOR,MICROWAVE,LINK DOWN,IN SITE,network_001,branch_028,CLOSED,15.0,4.0,power_energy,0
inc_03694,incident_tx_ip,TXNOC,2026,1,2,7,CRITICAL,FIBRA,LINK DOWN,CABLE BROKEN BACKBONE,network_002,branch_014,CLOSED,15.0,1.5,fiber_cable,0
inc_03695,incident_tx_ip,TXNOC,2026,1,2,7,CRITICAL,FIBRA,LINK DOWN,CABLE BROKEN BACKBONE,network_002,branch_029,CLOSED,15.0,3.83,fiber_cable,0
inc_03696,incident_tx_ip,TXNOC,2026,1,2,7,CRITICAL,FIBRA,LINK DOWN,CABLE BROKEN BACKBONE,network_002,branch_011,CLOSED,15.0,7.0,fiber_cable,0
inc_03697,incident_tx_ip,TXNOC,2026,1,2,7,CRITICAL,FIBRA,LINK DOWN,CABLE BROKEN BACKBONE,network_002,branch_001,CLOSED,15.0,1.5,fiber_cable,0
inc_03698,incident_tx_ip,TXNOC,2026,1,2,7,CRITICAL,FIBRA,LINK DOWN,CABLE BROKEN BACKBONE,network_002,branch_018,CLOSED,21.0,4.67,fiber_cable,0
inc_03699,incident_tx_ip,TXNOC,2026,1,2,7,CRITICAL,FIBRA,LINK DOWN,CABLE BROKEN BACKBONE,network_002,branch_035,CLOSED,15.0,2.67,fiber_cable,0
inc_03700,incident_tx_ip,TXNOC,2026,1,2,7,CRITICAL,FIBRA,LINK DOWN,CABLE BROKEN BACKBONE,network_002,branch_004,CLOSED,15.0,9.5,fiber_cable,0
inc_03701,incident_tx_ip,TXNOC,2026,1,2,7,CRITICAL,FIBRA,BAD PERFORMANCE,CABLE BROKEN BACKBONE,network_002,branch_004,CLOSED,15.0,400.0,fiber_cable,1
inc_03702,incident_tx_ip,TXNOC,2026,1,2,8,CRITICAL,FIBRA,LINK DOWN,CABLE BROKEN BACKBONE,network_002,branch_018,CLOSED,21.0,5.78,fiber_cable,0
inc_03703,incident_tx_ip,TXNOC,2026,1,2,8,CRITICAL,FIBRA,LINK DOWN,CABLE BROKEN BACKBONE,network_002,branch_018,CLOSED,21.0,8.87,fiber_cable,0
inc_03704,incident_tx_ip,TXNOC,2026,1,2,8,CRITICAL,FIBRA,LINK DOWN,CABLE BROKEN BACKBONE,network_002,branch_029,CLOSED,15.0,6.5,fiber_cable,0
inc_03705,incident_tx_ip,TXNOC,2026,1,2,8,CRITICAL,FIBRA,LINK DOWN,CABLE BROKEN BACKBONE,network_002,branch_022,CLOSED,15.0,6.5,fiber_cable,0
inc_03706,incident_tx_ip,TXNOC,2026,1,2,8,CRITICAL,FIBRA,LINK DOWN,CABLE BROKEN BACKBONE,network_002,branch_018,CLOSED,21.0,7.5,fiber_cable,0
inc_03707,incident_tx_ip,TXNOC,2026,1,2,8,MAJOR,MICROWAVE,LINK DOWN,IN SITE,network_001,branch_014,CLOSED,15.0,9.83,equipment_module,0
inc_03708,incident_tx_ip,TXNOC,2026,1,2,8,CRITICAL,FIBRA,LINK DOWN,CABLE BROKEN BACKBONE,network_002,branch_004,CLOSED,15.0,12.5,fiber_cable,0
inc_03709,incident_tx_ip,TXNOC,2026,1,2,8,CRITICAL,FIBRA,LINK DOWN,CABLE BROKEN BACKBONE,network_002,branch_001,CLOSED,15.0,8.35,fiber_cable,0
inc_03710,incident_tx_ip,TXNOC,2026,1,2,8,CRITICAL,FIBRA,LINK DOWN,CABLE BROKEN BACKBONE,network_002,branch_012,CLOSED,15.0,6.17,fiber_cable,0
inc_03711,incident_tx_ip,TXNOC,2026,1,2,8,CRITICAL,FIBRA,LINK DOWN,CABLE BROKEN BACKBONE,network_002,branch_029,CLOSED,15.0,6.42,fiber_cable,0
inc_03712,incident_tx_ip,TXNOC,2026,1,2,8,CRITICAL,FIBRA,LINK DOWN,CABLE BROKEN BACKBONE,network_002,branch_012,CLOSED,15.0,6.0,fiber_cable,0
inc_03713,incident_tx_ip,TXNOC,2026,1,2,8,MAJOR,FIBRA,ATTENUATION,CABLE BROKEN BACKBONE,network_002,branch_035,CLOSED,14.0,5.0,attenuation,0
inc_03714,incident_tx_ip,TXNOC,2026,1,2,8,MINOR,FIBRA,ATTENUATION,CABLE BROKEN BACKBONE,network_002,branch_004,CLOSED,15.0,7.0,attenuation,0
inc_03715,incident_tx_ip,TXNOC,2026,1,2,8,CRITICAL,FIBRA,LINK DOWN,CABLE BROKEN BACKBONE,network_002,branch_012,CLOSED,15.0,8.5,fiber_cable,0
inc_03716,incident_tx_ip,TXNOC,2026,1,2,8,MINOR,FIBRA,ATTENUATION,CABLE BROKEN BACKBONE,network_002,branch_035,CLOSED,15.0,8.5,attenuation,0
inc_03717,incident_tx_ip,TXNOC,2026,1,2,8,CRITICAL,MICROWAVE,ATTENUATION,ATTENUATION OVER THRESHOLD,network_001,branch_029,CLOSED,15.0,16.0,attenuation,1
inc_03718,incident_tx_ip,TXNOC,2026,1,2,8,CRITICAL,FIBRA,BAD PERFORMANCE,IN SITE,network_002,branch_019,CLOSED,7.0,52.0,fiber_cable,1
inc_03719,incident_tx_ip,TXNOC,2026,1,2,8,CRITICAL,FIBRA,LINK DOWN,CABLE BROKEN BACKBONE,network_002,branch_002,CLOSED,15.0,1.5,fiber_cable,0
inc_03720,incident_tx_ip,TXNOC,2026,1,2,8,CRITICAL,MICROWAVE,ATTENUATION,ATTENUATION OVER THRESHOLD,network_001,branch_019,CLOSED,15.0,10.0,attenuation,0
inc_03721,incident_tx_ip,TXNOC,2026,1,2,8,CRITICAL,MICROWAVE,ATTENUATION,ATTENUATION NEAR TO THRESHOLD,network_001,branch_001,CLOSED,15.0,50.0,attenuation,1
inc_03722,incident_tx_ip,TXNOC,2026,1,2,8,CRITICAL,MICROWAVE,ATTENUATION,ATTENUATION NEAR TO THRESHOLD,network_001,branch_001,CLOSED,15.0,340.0,attenuation,1
inc_03723,incident_tx_ip,TXNOC,2026,1,2,8,CRITICAL,FIBRA,BAD PERFORMANCE,IN SITE,network_002,branch_001,CLOSED,7.0,0.0,temperature_environment,0
inc_03724,incident_tx_ip,TXNOC,2026,1,2,8,CRITICAL,FIBRA,LINK DOWN,CABLE BROKEN BACKBONE,network_002,branch_004,CLOSED,15.0,16.5,fiber_cable,1
inc_03725,incident_tx_ip,TXNOC,2026,1,2,8,CRITICAL,FIBRA,BAD PERFORMANCE,IN SITE,network_002,branch_002,CLOSED,14.0,8.5,fiber_cable,0
inc_03726,incident_tx_ip,TXNOC,2026,1,2,8,CRITICAL,FIBRA,LINK DOWN,CABLE BROKEN BACKBONE,network_002,branch_003,CLOSED,15.0,5.5,fiber_cable,0
inc_03727,incident_tx_ip,TXNOC,2026,1,2,8,CRITICAL,MICROWAVE,LINK DOWN,IN SITE,network_001,branch_001,CLOSED,15.0,6.5,equipment_module,0
inc_03728,incident_tx_ip,TXNOC,2026,1,2,8,MAJOR,MICROWAVE,BAD PERFORMANCE,IN SITE,network_001,branch_001,CLOSED,15.0,186.5,other,1
inc_03729,incident_tx_ip,TXNOC,2026,1,2,8,CRITICAL,FIBRA,LINK DOWN,CABLE BROKEN BACKBONE,network_002,branch_018,CLOSED,21.0,4.5,fiber_cable,0
inc_03730,incident_tx_ip,TXNOC,2026,1,2,8,CRITICAL,FIBRA,ATTENUATION,CABLE BROKEN BACKBONE,network_002,branch_029,CLOSED,15.0,43.67,attenuation,1
inc_03731,incident_tx_ip,TXNOC,2026,1,2,8,CRITICAL,FIBRA,LINK DOWN,CABLE BROKEN BACKBONE,network_002,branch_003,CLOSED,15.0,0.5,fiber_cable,0
inc_03732,incident_tx_ip,TXNOC,2026,1,3,8,MAJOR,MICROWAVE,LINK DOWN,IN SITE,network_001,branch_024,CLOSED,15.0,10.0,equipment_module,0
inc_03733,incident_tx_ip,TXNOC,2026,1,3,8,CRITICAL,FIBRA,LINK DOWN,CABLE BROKEN BACKBONE,network_002,branch_003,CLOSED,15.0,10.0,fiber_cable,0
inc_03734,incident_tx_ip,TXNOC,2026,1,3,8,CRITICAL,FIBRA,LINK DOWN,CABLE BROKEN BACKBONE,network_002,branch_022,CLOSED,15.0,10.0,fiber_cable,0
inc_03735,incident_tx_ip,TXNOC,2026,1,3,8,CRITICAL,FIBRA,LINK DOWN,CABLE BROKEN BACKBONE,network_002,branch_010,CLOSED,14.0,2.0,fiber_cable,0
inc_03736,incident_tx_ip,TXNOC,2026,1,3,8,CRITICAL,FIBRA,LINK DOWN,CABLE BROKEN BACKBONE,network_002,branch_029,CLOSED,15.0,8.08,fiber_cable,0
inc_03737,incident_tx_ip,TXNOC,2026,1,3,8,CRITICAL,FIBRA,LINK DOWN,CABLE BROKEN BACKBONE,network_002,branch_012,CLOSED,15.0,4.25,fiber_cable,0
inc_03738,incident_tx_ip,TXNOC,2026,1,3,8,CRITICAL,FIBRA,LINK DOWN,CABLE BROKEN BACKBONE,network_002,branch_014,CLOSED,15.0,5.67,fiber_cable,0
inc_03739,incident_tx_ip,TXNOC,2026,1,3,8,CRITICAL,FIBRA,ATTENUATION,IN SITE,network_002,branch_007,CLOSED,15.0,23.0,attenuation,1
inc_03740,incident_tx_ip,TXNOC,2026,1,3,8,CRITICAL,FIBRA,BAD PERFORMANCE,IN SITE,network_002,branch_021,CLOSED,7.0,0.0,fiber_cable,0
inc_03741,incident_tx_ip,TXNOC,2026,1,3,9,CRITICAL,MICROWAVE,BAD PERFORMANCE,IN SITE,network_001,branch_024,CLOSED,15.0,10.0,equipment_module,0
inc_03742,incident_tx_ip,TXNOC,2026,1,3,9,CRITICAL,FIBRA,BAD PERFORMANCE,IN SITE,network_002,branch_012,CLOSED,15.0,5.5,fiber_cable,0
inc_03743,incident_tx_ip,TXNOC,2026,1,3,9,CRITICAL,FIBRA,BAD PERFORMANCE,IN SITE,network_002,branch_004,CLOSED,15.0,7.0,fiber_cable,0
inc_03744,incident_tx_ip,TXNOC,2026,1,3,9,CRITICAL,MICROWAVE,BAD PERFORMANCE,IN SITE,network_001,branch_021,CLOSED,15.0,17.0,equipment_module,1
inc_03745,incident_tx_ip,TXNOC,2026,1,3,9,CRITICAL,FIBRA,LINK DOWN,IN SITE,network_002,branch_018,CLOSED,21.0,0.0,fiber_cable,0
inc_03746,incident_tx_ip,TXNOC,2026,1,3,9,CRITICAL,MICROWAVE,BAD PERFORMANCE,IN SITE,network_001,branch_024,CLOSED,15.0,0.0,power_energy,0
inc_03747,incident_tx_ip,TXNOC,2026,1,3,9,CRITICAL,FIBRA,LINK DOWN,IN SITE,network_002,branch_015,CLOSED,15.0,8.5,fiber_cable,0
inc_03748,incident_tx_ip,TXNOC,2026,1,3,9,CRITICAL,FIBRA,LINK DOWN,IN SITE,network_002,branch_015,CLOSED,15.0,1.88,fiber_cable,0
inc_03749,incident_tx_ip,TXNOC,2026,1,3,9,CRITICAL,FIBRA,LINK DOWN,IN SITE,network_002,branch_011,CLOSED,15.0,7.5,fiber_cable,0
inc_03750,incident_tx_ip,TXNOC,2026,1,3,9,CRITICAL,FIBRA,LINK DOWN,IN SITE,network_002,branch_029,CLOSED,15.0,5.0,fiber_cable,0
inc_03751,incident_tx_ip,TXNOC,2026,1,3,9,CRITICAL,FIBRA,LINK DOWN,CABLE BROKEN BACKBONE,network_002,branch_007,CLOSED,15.0,17.0,fiber_cable,1
inc_03752,incident_tx_ip,TXNOC,2026,1,3,9,CRITICAL,FIBRA,LINK DOWN,IN SITE,network_002,branch_009,CLOSED,15.0,7.5,fiber_cable,0
inc_03753,incident_tx_ip,TXNOC,2026,1,3,9,CRITICAL,FIBRA,LINK DOWN,IN SITE,network_002,branch_015,CLOSED,15.0,3.5,fiber_cable,0
inc_03754,incident_tx_ip,TXNOC,2026,1,3,9,CRITICAL,FIBRA,LINK DOWN,IN SITE,network_002,branch_035,CLOSED,15.0,7.0,fiber_cable,0
inc_03755,incident_tx_ip,TXNOC,2026,1,3,9,CRITICAL,FIBRA,BAD PERFORMANCE,IN SITE,network_002,branch_021,CLOSED,15.0,80.5,attenuation,1
inc_03756,incident_tx_ip,TXNOC,2026,1,3,9,CRITICAL,FIBRA,ATTENUATION,IN SITE,network_002,branch_015,CLOSED,15.0,28.0,attenuation,1
inc_03757,incident_tx_ip,TXNOC,2026,1,3,9,CRITICAL,FIBRA,LINK DOWN,CABLE BROKEN BACKBONE,network_002,branch_009,CLOSED,15.0,5.0,fiber_cable,0
inc_03758,incident_tx_ip,TXNOC,2026,1,3,9,CRITICAL,FIBRA,LINK DOWN,CABLE BROKEN BACKBONE,network_002,branch_002,CLOSED,15.0,1.5,fiber_cable,0
inc_03759,incident_tx_ip,TXNOC,2026,1,3,9,MAJOR,MICROWAVE,LINK DOWN,IN SITE,network_001,branch_022,CLOSED,15.0,131.0,equipment_module,1
inc_03760,incident_tx_ip,TXNOC,2026,1,3,9,CRITICAL,FIBRA,LINK DOWN,CABLE BROKEN BACKBONE,network_002,branch_005,CLOSED,15.0,2.78,fiber_cable,0
inc_03761,incident_tx_ip,TXNOC,2026,1,3,9,CRITICAL,FIBRA,ATTENUATION,IN SITE,network_002,branch_018,CLOSED,21.0,18.62,attenuation,0
inc_03762,incident_tx_ip,TXNOC,2026,1,3,9,CRITICAL,FIBRA,LINK DOWN,CABLE BROKEN BACKBONE,network_002,branch_015,CLOSED,15.0,8.0,fiber_cable,0
inc_03763,incident_tx_ip,TXNOC,2026,1,3,9,CRITICAL,FIBRA,LINK DOWN,CABLE BROKEN BACKBONE,network_002,branch_021,CLOSED,15.0,2.28,temperature_environment,0
inc_03764,incident_tx_ip,TXNOC,2026,1,3,9,MINOR,FIBRA,ATTENUATION,CABLE BROKEN BACKBONE,network_002,branch_007,CLOSED,15.0,32.0,attenuation,1
inc_03765,incident_tx_ip,TXNOC,2026,1,3,9,CRITICAL,FIBRA,LINK DOWN,CABLE BROKEN BACKBONE,network_002,branch_001,CLOSED,15.0,5.08,fiber_cable,0
inc_03766,incident_tx_ip,TXNOC,2026,1,3,9,CRITICAL,FIBRA,LINK DOWN,CABLE BROKEN BACKBONE,network_002,branch_034,CLOSED,15.0,5.3,fiber_cable,0
inc_03767,incident_tx_ip,TXNOC,2026,1,3,9,CRITICAL,FIBRA,LINK DOWN,CABLE BROKEN BACKBONE,network_002,branch_018,CLOSED,21.0,6.33,fiber_cable,0
inc_03768,incident_tx_ip,TXNOC,2026,1,3,9,CRITICAL,FIBRA,LINK DOWN,CABLE BROKEN BACKBONE,network_002,branch_018,CLOSED,21.0,5.27,fiber_cable,0
inc_03769,incident_tx_ip,TXNOC,2026,1,3,9,CRITICAL,FIBRA,LINK DOWN,CABLE BROKEN BACKBONE,network_002,branch_001,CLOSED,15.0,2.5,fiber_cable,0
inc_03770,incident_tx_ip,TXNOC,2026,1,3,9,CRITICAL,FIBRA,LINK DOWN,CABLE BROKEN BACKBONE,network_002,branch_035,CLOSED,15.0,17.5,fiber_cable,1
inc_03771,incident_tx_ip,TXNOC,2026,1,3,9,CRITICAL,FIBRA,LINK DOWN,CABLE BROKEN BACKBONE,network_002,branch_006,CLOSED,15.0,4.0,fiber_cable,0
inc_03772,incident_tx_ip,TXNOC,2026,1,3,9,CRITICAL,FIBRA,LINK DOWN,CABLE BROKEN BACKBONE,network_002,branch_012,CLOSED,15.0,12.5,fiber_cable,0
inc_03773,incident_tx_ip,TXNOC,2026,1,3,9,CRITICAL,FIBRA,LINK DOWN,CABLE BROKEN BACKBONE,network_002,branch_010,CLOSED,15.0,4.67,fiber_cable,0
inc_03774,incident_tx_ip,TXNOC,2026,1,3,9,CRITICAL,FIBRA,LINK DOWN,CABLE BROKEN BACKBONE,network_002,branch_004,CLOSED,15.0,7.83,fiber_cable,0
inc_03775,incident_tx_ip,TXNOC,2026,1,3,9,CRITICAL,FIBRA,LINK DOWN,CABLE BROKEN BACKBONE,network_002,branch_014,CLOSED,15.0,5.0,fiber_cable,0
inc_03776,incident_tx_ip,TXNOC,2026,1,3,9,CRITICAL,MICROWAVE,LINK DOWN,IN SITE,network_001,branch_014,CLOSED,15.0,30.0,equipment_module,1
inc_03777,incident_tx_ip,TXNOC,2026,1,3,9,CRITICAL,FIBRA,BAD PERFORMANCE,IN SITE,network_002,branch_014,CLOSED,15.0,3.0,fiber_cable,0
inc_03778,incident_tx_ip,TXNOC,2026,1,3,9,CRITICAL,FIBRA,LINK DOWN,CABLE BROKEN BACKBONE,network_002,branch_018,CLOSED,21.0,8.0,fiber_cable,0
inc_03779,incident_tx_ip,TXNOC,2026,1,3,9,CRITICAL,FIBRA,LINK DOWN,CABLE BROKEN BACKBONE,network_002,branch_008,CLOSED,15.0,5.42,fiber_cable,0
inc_03780,incident_tx_ip,TXNOC,2026,1,3,9,CRITICAL,FIBRA,LINK DOWN,CABLE BROKEN BACKBONE,network_002,branch_029,CLOSED,15.0,3.25,fiber_cable,0
inc_03781,incident_tx_ip,TXNOC,2026,1,3,9,CRITICAL,FIBRA,LINK DOWN,CABLE BROKEN BACKBONE,network_002,branch_003,CLOSED,15.0,0.0,fiber_cable,0
inc_03782,incident_tx_ip,TXNOC,2026,1,3,10,CRITICAL,FIBRA,LINK DOWN,CABLE BROKEN BACKBONE,network_002,branch_007,CLOSED,15.0,4.0,fiber_cable,0
inc_03783,incident_tx_ip,TXNOC,2026,1,3,10,CRITICAL,FIBRA,BAD PERFORMANCE,IN SITE,network_002,branch_001,CLOSED,15.0,1.0,fiber_cable,0
inc_03784,incident_tx_ip,TXNOC,2026,1,3,10,CRITICAL,FIBRA,BAD PERFORMANCE,IN SITE,network_002,branch_001,CLOSED,15.0,3.0,temperature_environment,0
inc_03785,incident_tx_ip,TXNOC,2026,1,3,10,CRITICAL,MICROWAVE,LINK DOWN,IN SITE,network_001,branch_022,CLOSED,15.0,89.0,equipment_module,1
inc_03786,incident_tx_ip,TXNOC,2026,1,3,10,CRITICAL,FIBRA,BAD PERFORMANCE,CABLE BROKEN BACKBONE,network_002,branch_001,CLOSED,15.0,8.0,fiber_cable,0
inc_03787,incident_tx_ip,TXNOC,2026,1,3,10,CRITICAL,FIBRA,BAD PERFORMANCE,CABLE BROKEN BACKBONE,network_002,branch_020,CLOSED,15.0,2.5,fiber_cable,0
inc_03788,incident_tx_ip,TXNOC,2026,1,3,10,CRITICAL,FIBRA,BAD PERFORMANCE,CABLE BROKEN BACKBONE,network_002,branch_003,CLOSED,15.0,3.17,fiber_cable,0
inc_03789,incident_tx_ip,TXNOC,2026,1,3,10,CRITICAL,FIBRA,BAD PERFORMANCE,CABLE BROKEN BACKBONE,network_002,branch_011,CLOSED,15.0,5.5,fiber_cable,0
inc_03790,incident_tx_ip,TXNOC,2026,1,3,10,CRITICAL,MICROWAVE,LINK DOWN,IN SITE,network_001,branch_001,CLOSED,15.0,1.0,equipment_module,0
inc_03791,incident_tx_ip,TXNOC,2026,1,3,10,CRITICAL,FIBRA,BAD PERFORMANCE,CABLE BROKEN BACKBONE,network_002,branch_018,CLOSED,21.0,3.67,fiber_cable,0
inc_03792,incident_tx_ip,TXNOC,2026,1,3,10,CRITICAL,MICROWAVE,LINK DOWN,IN SITE,network_001,branch_021,CLOSED,15.0,63.67,equipment_module,1
inc_03793,incident_tx_ip,TXNOC,2026,1,3,10,CRITICAL,FIBRA,BAD PERFORMANCE,CABLE BROKEN BACKBONE,network_002,branch_015,CLOSED,15.0,0.0,fiber_cable,0
inc_03794,incident_tx_ip,TXNOC,2026,1,3,10,CRITICAL,MICROWAVE,LINK DOWN,IN SITE,network_001,branch_007,CLOSED,15.0,135.33,link_down,1
inc_03795,incident_tx_ip,TXNOC,2026,1,3,10,CRITICAL,MICROWAVE,LINK DOWN,IN SITE,network_001,branch_012,CLOSED,15.0,10.0,equipment_module,0
inc_03796,incident_tx_ip,TXNOC,2026,1,3,10,CRITICAL,MICROWAVE,LINK DOWN,IN SITE,network_001,branch_009,CLOSED,15.0,58.5,link_down,1
inc_03797,incident_tx_ip,TXNOC,2026,1,3,10,CRITICAL,FIBRA,LINK DOWN,CABLE BROKEN BACKBONE,network_002,branch_002,CLOSED,15.0,7.92,fiber_cable,0
inc_03798,incident_tx_ip,TXNOC,2026,1,3,10,CRITICAL,FIBRA,LINK DOWN,CABLE BROKEN BACKBONE,network_002,branch_019,CLOSED,15.0,4.42,fiber_cable,0
inc_03799,incident_tx_ip,TXNOC,2026,1,3,10,CRITICAL,FIBRA,LINK DOWN,CABLE BROKEN BACKBONE,network_002,branch_004,CLOSED,15.0,5.83,fiber_cable,0
inc_03800,incident_tx_ip,TXNOC,2026,1,3,10,CRITICAL,FIBRA,LINK DOWN,CABLE BROKEN BACKBONE,network_002,branch_005,CLOSED,15.0,0.0,fiber_cable,0
inc_03801,incident_tx_ip,TXNOC,2026,1,3,10,CRITICAL,FIBRA,LINK DOWN,CABLE BROKEN BACKBONE,network_002,branch_021,CLOSED,15.0,11.65,fiber_cable,0
inc_03802,incident_tx_ip,TXNOC,2026,1,3,10,CRITICAL,FIBRA,LINK DOWN,CABLE BROKEN BACKBONE,network_002,branch_017,CLOSED,15.0,8.5,fiber_cable,0
inc_03803,incident_tx_ip,TXNOC,2026,1,3,10,CRITICAL,FIBRA,LINK DOWN,CABLE BROKEN BACKBONE,network_002,branch_004,CLOSED,15.0,6.9,fiber_cable,0
inc_03804,incident_tx_ip,TXNOC,2026,1,3,10,CRITICAL,FIBRA,LINK DOWN,CABLE BROKEN BACKBONE,network_002,branch_007,CLOSED,15.0,6.62,fiber_cable,0
inc_03805,incident_tx_ip,TXNOC,2026,1,3,10,CRITICAL,FIBRA,LINK DOWN,CABLE BROKEN BACKBONE,network_002,branch_003,CLOSED,15.0,4.48,fiber_cable,0
inc_03806,incident_tx_ip,TXNOC,2026,1,3,10,CRITICAL,FIBRA,LINK DOWN,CABLE BROKEN BACKBONE,network_002,branch_017,CLOSED,15.0,2.5,fiber_cable,0
inc_03807,incident_tx_ip,TXNOC,2026,1,3,10,CRITICAL,FIBRA,LINK DOWN,CABLE BROKEN BACKBONE,network_002,branch_002,CLOSED,15.0,2.5,fiber_cable,0
inc_03808,incident_tx_ip,TXNOC,2026,1,3,10,CRITICAL,FIBRA,LINK DOWN,CABLE BROKEN BACKBONE,network_002,branch_018,CLOSED,21.0,4.67,fiber_cable,0
inc_03809,incident_tx_ip,TXNOC,2026,1,3,10,CRITICAL,FIBRA,ATTENUATION,IN SITE,network_002,branch_004,CLOSED,15.0,50.0,attenuation,1
inc_03810,incident_tx_ip,TXNOC,2026,1,3,10,CRITICAL,FIBRA,LINK DOWN,CABLE BROKEN BACKBONE,network_002,branch_015,CLOSED,15.0,5.92,fiber_cable,0
inc_03811,incident_tx_ip,TXNOC,2026,1,3,10,CRITICAL,FIBRA,LINK DOWN,CABLE BROKEN BACKBONE,network_002,branch_004,CLOSED,15.0,8.0,fiber_cable,0
inc_03812,incident_tx_ip,TXNOC,2026,1,3,10,CRITICAL,FIBRA,LINK DOWN,CABLE BROKEN BACKBONE,network_002,branch_018,CLOSED,21.0,7.67,fiber_cable,0
inc_03813,incident_tx_ip,TXNOC,2026,1,3,10,CRITICAL,MICROWAVE,LINK DOWN,IN SITE,network_001,branch_020,CLOSED,15.0,34.98,link_down,1
inc_03814,incident_tx_ip,TXNOC,2026,1,3,10,CRITICAL,FIBRA,LINK DOWN,CABLE BROKEN BACKBONE,network_002,branch_013,CLOSED,7.0,0.67,fiber_cable,0
inc_03815,incident_tx_ip,TXNOC,2026,1,3,10,MAJOR,FIBRA,ATTENUATION,CABLE BROKEN BACKBONE,network_002,branch_018,CLOSED,21.0,224.67,attenuation,1
inc_03816,incident_tx_ip,TXNOC,2026,1,3,10,CRITICAL,FIBRA,LINK DOWN,CABLE BROKEN BACKBONE,network_002,branch_007,CLOSED,15.0,95.5,attenuation,1
inc_03817,incident_tx_ip,TXNOC,2026,1,3,10,CRITICAL,FIBRA,LINK DOWN,CABLE BROKEN BACKBONE,network_002,branch_014,CLOSED,15.0,0.67,fiber_cable,0
inc_03818,incident_tx_ip,TXNOC,2026,1,3,10,CRITICAL,FIBRA,ATTENUATION,IN SITE,network_002,branch_015,CLOSED,15.0,10.0,attenuation,0
inc_03819,incident_tx_ip,TXNOC,2026,1,3,10,CRITICAL,FIBRA,LINK DOWN,CABLE BROKEN BACKBONE,network_002,branch_008,CLOSED,15.0,1.25,fiber_cable,0
inc_03820,incident_tx_ip,TXNOC,2026,1,3,11,MAJOR,MICROWAVE,LINK DOWN,IN SITE,network_001,branch_008,CLOSED,15.0,46.0,equipment_module,1
inc_03821,incident_tx_ip,TXNOC,2026,1,3,11,CRITICAL,FIBRA,LINK DOWN,CABLE BROKEN BACKBONE,network_002,branch_018,CLOSED,21.0,4.65,fiber_cable,0
inc_03822,incident_tx_ip,TXNOC,2026,1,3,11,MAJOR,MICROWAVE,LINK DOWN,IN SITE,network_001,branch_023,CLOSED,15.0,29.33,equipment_module,1
inc_03823,incident_tx_ip,TXNOC,2026,1,3,11,CRITICAL,MICROWAVE,LINK DOWN,CABLE BROKEN BACKBONE,network_002,branch_002,CLOSED,15.0,8.33,link_down,0
inc_03824,incident_tx_ip,TXNOC,2026,1,3,11,CRITICAL,MICROWAVE,LINK DOWN,CABLE BROKEN BACKBONE,network_002,branch_018,CLOSED,20.0,8.25,link_down,0
inc_03825,incident_tx_ip,TXNOC,2026,1,3,11,CRITICAL,FIBRA,LINK DOWN,CABLE BROKEN BACKBONE,network_002,branch_011,CLOSED,15.0,5.83,fiber_cable,0
inc_03826,incident_tx_ip,TXNOC,2026,1,3,11,CRITICAL,FIBRA,LINK DOWN,CABLE BROKEN BACKBONE,network_002,branch_001,CLOSED,15.0,3.72,fiber_cable,0
inc_03827,incident_tx_ip,TXNOC,2026,1,3,11,CRITICAL,FIBRA,LINK DOWN,CABLE BROKEN BACKBONE,network_002,branch_016,CLOSED,23.0,7.0,fiber_cable,0
inc_03828,incident_tx_ip,TXNOC,2026,1,3,11,CRITICAL,FIBRA,LINK DOWN,CABLE BROKEN BACKBONE,network_002,branch_017,CLOSED,15.0,18.87,fiber_cable,1
inc_03829,incident_tx_ip,TXNOC,2026,1,3,11,CRITICAL,FIBRA,LINK DOWN,CABLE BROKEN BACKBONE,network_002,branch_014,CLOSED,15.0,17.23,fiber_cable,1
inc_03830,incident_tx_ip,TXNOC,2026,1,3,11,CRITICAL,FIBRA,LINK DOWN,CABLE BROKEN BACKBONE,network_002,branch_018,CLOSED,20.0,4.25,fiber_cable,0
inc_03831,incident_tx_ip,TXNOC,2026,1,3,11,CRITICAL,FIBRA,LINK DOWN,CABLE BROKEN BACKBONE,network_002,branch_017,CLOSED,15.0,3.58,fiber_cable,0
inc_03832,incident_tx_ip,TXNOC,2026,1,3,11,CRITICAL,FIBRA,LINK DOWN,CABLE BROKEN BACKBONE,network_002,branch_020,CLOSED,15.0,2.5,fiber_cable,0
inc_03833,incident_tx_ip,TXNOC,2026,1,3,11,CRITICAL,FIBRA,LINK DOWN,CABLE BROKEN BACKBONE,network_002,branch_009,CLOSED,15.0,0.78,fiber_cable,0
inc_03834,incident_tx_ip,TXNOC,2026,1,3,11,CRITICAL,FIBRA,LINK DOWN,CABLE BROKEN BACKBONE,network_002,branch_022,CLOSED,15.0,0.0,fiber_cable,0
inc_03835,incident_tx_ip,TXNOC,2026,1,3,11,MAJOR,MICROWAVE,BAD PERFORMANCE,IN SITE,network_001,branch_001,CLOSED,15.0,4.5,logical_config,0
inc_03836,incident_tx_ip,TXNOC,2026,1,3,11,MAJOR,MICROWAVE,ATTENUATION,IN SITE,network_001,branch_021,CLOSED,15.0,188.0,attenuation,1
inc_03837,incident_tx_ip,TXNOC,2026,1,3,11,MAJOR,MICROWAVE,BAD PERFORMANCE,IN SITE,network_001,branch_020,CLOSED,15.0,10.0,equipment_module,0
inc_03838,incident_tx_ip,TXNOC,2026,1,3,11,MAJOR,MICROWAVE,BAD PERFORMANCE,IN SITE,network_001,branch_014,CLOSED,15.0,8.5,logical_config,0
inc_03839,incident_tx_ip,TXNOC,2026,1,3,11,CRITICAL,FIBRA,LINK DOWN,CABLE BROKEN BACKBONE,network_002,branch_011,CLOSED,14.0,7.0,fiber_cable,0
inc_03840,incident_tx_ip,TXNOC,2026,1,3,11,CRITICAL,FIBRA,LINK DOWN,CABLE BROKEN BACKBONE,network_002,branch_003,CLOSED,15.0,4.0,fiber_cable,0
inc_03841,incident_tx_ip,TXNOC,2026,1,3,11,CRITICAL,FIBRA,LINK DOWN,CABLE BROKEN BACKBONE,network_002,branch_029,CLOSED,15.0,4.0,fiber_cable,0
inc_03842,incident_tx_ip,TXNOC,2026,1,3,11,CRITICAL,FIBRA,LINK DOWN,CABLE BROKEN BACKBONE,network_002,branch_018,CLOSED,21.0,2.5,fiber_cable,0
inc_03843,incident_tx_ip,TXNOC,2026,1,3,11,CRITICAL,FIBRA,LINK DOWN,CABLE BROKEN BACKBONE,network_002,branch_015,CLOSED,15.0,0.0,fiber_cable,0
inc_03844,incident_tx_ip,TXNOC,2026,1,3,11,CRITICAL,FIBRA,LINK DOWN,CABLE BROKEN BACKBONE,network_002,branch_029,CLOSED,15.0,6.0,fiber_cable,0
inc_03845,incident_tx_ip,TXNOC,2026,1,3,11,CRITICAL,FIBRA,LINK DOWN,CABLE BROKEN BACKBONE,network_002,branch_014,CLOSED,15.0,8.5,fiber_cable,0
inc_03846,incident_tx_ip,TXNOC,2026,1,3,11,CRITICAL,FIBRA,LINK DOWN,CABLE BROKEN BACKBONE,network_002,branch_008,CLOSED,15.0,10.0,fiber_cable,0
inc_03847,incident_tx_ip,TXNOC,2026,1,3,11,CRITICAL,FIBRA,LINK DOWN,CABLE BROKEN BACKBONE,network_002,branch_001,CLOSED,15.0,9.17,fiber_cable,0
inc_03848,incident_tx_ip,TXNOC,2026,1,3,11,CRITICAL,FIBRA,LINK DOWN,CABLE BROKEN BACKBONE,network_002,branch_003,CLOSED,15.0,8.0,fiber_cable,0
inc_03849,incident_tx_ip,TXNOC,2026,1,3,11,CRITICAL,FIBRA,LINK DOWN,CABLE BROKEN BACKBONE,network_002,branch_018,CLOSED,21.0,4.57,fiber_cable,0
inc_03850,incident_tx_ip,TXNOC,2026,1,3,11,CRITICAL,FIBRA,LINK DOWN,IN SITE,network_002,branch_004,CLOSED,7.0,0.5,fiber_cable,0
inc_03851,incident_tx_ip,TXNOC,2026,1,3,11,MAJOR,FIBRA,BAD PERFORMANCE,IN SITE,network_001,branch_001,CLOSED,15.0,42.33,fiber_cable,1
inc_03852,incident_tx_ip,TXNOC,2026,1,3,11,CRITICAL,MICROWAVE,LINK DOWN,IN SITE,network_001,branch_021,CLOSED,15.0,0.0,link_down,0
inc_03853,incident_tx_ip,TXNOC,2026,1,3,11,MINOR,FIBRA,BAD PERFORMANCE,CABLE BROKEN BACKBONE,network_002,branch_014,CLOSED,7.0,22.0,fiber_cable,1
inc_03854,incident_tx_ip,TXNOC,2026,1,3,11,CRITICAL,FIBRA,LINK DOWN,CABLE BROKEN BACKBONE,network_002,branch_008,CLOSED,15.0,0.0,fiber_cable,0
inc_03855,incident_tx_ip,TXNOC,2026,1,3,11,CRITICAL,FIBRA,LINK DOWN,CABLE BROKEN BACKBONE,network_002,branch_029,CLOSED,15.0,0.0,fiber_cable,0
inc_03856,incident_tx_ip,TXNOC,2026,1,3,11,CRITICAL,FIBRA,ATTENUATION,IN SITE,network_002,branch_008,CLOSED,15.0,40.0,attenuation,1
inc_03857,incident_tx_ip,TXNOC,2026,1,3,11,CRITICAL,FIBRA,LINK DOWN,CABLE BROKEN BACKBONE,network_002,branch_011,CLOSED,14.0,20.0,fiber_cable,1
inc_03858,incident_tx_ip,TXNOC,2026,1,3,11,CRITICAL,FIBRA,LINK DOWN,CABLE BROKEN BACKBONE,network_002,branch_003,CLOSED,15.0,9.0,fiber_cable,0
inc_03859,incident_tx_ip,TXNOC,2026,1,3,11,CRITICAL,FIBRA,LINK DOWN,CABLE BROKEN BACKBONE,network_002,branch_018,CLOSED,21.0,0.0,fiber_cable,0
inc_03860,incident_tx_ip,TXNOC,2026,1,3,11,CRITICAL,FIBRA,LINK DOWN,CABLE BROKEN BACKBONE,network_002,branch_030,CLOSED,15.0,5.5,fiber_cable,0
inc_03861,incident_tx_ip,TXNOC,2026,1,3,12,CRITICAL,FIBRA,LINK DOWN,CABLE BROKEN BACKBONE,network_002,branch_021,CLOSED,15.0,3.75,fiber_cable,0
inc_03862,incident_tx_ip,TXNOC,2026,1,3,12,CRITICAL,FIBRA,LINK DOWN,CABLE BROKEN BACKBONE,network_002,branch_018,CLOSED,21.0,3.25,fiber_cable,0
inc_03863,incident_tx_ip,TXNOC,2026,1,3,12,CRITICAL,FIBRA,LINK DOWN,CABLE BROKEN BACKBONE,network_002,branch_005,CLOSED,15.0,5.5,fiber_cable,0
inc_03864,incident_tx_ip,TXNOC,2026,1,3,12,CRITICAL,FIBRA,ATTENUATION,CABLE BROKEN BACKBONE,network_002,branch_005,CLOSED,15.0,39.5,attenuation,1
inc_03865,incident_tx_ip,TXNOC,2026,1,3,12,CRITICAL,FIBRA,LINK DOWN,IN SITE,network_002,branch_004,CLOSED,7.0,9.0,temperature_environment,1
inc_03866,incident_tx_ip,TXNOC,2026,1,3,12,CRITICAL,FIBRA,LINK DOWN,CABLE BROKEN ACCESS,network_002,branch_018,CLOSED,21.0,10.25,fiber_cable,0
inc_03867,incident_tx_ip,TXNOC,2026,1,3,12,CRITICAL,FIBRA,LINK DOWN,CABLE BROKEN ACCESS,network_002,branch_008,CLOSED,15.0,5.33,fiber_cable,0
inc_03868,incident_tx_ip,TXNOC,2026,1,3,12,CRITICAL,MICROWAVE,BAD PERFORMANCE,IN SITE,network_001,branch_004,CLOSED,15.0,24.0,equipment_module,1
inc_03869,incident_tx_ip,TXNOC,2026,1,3,12,CRITICAL,FIBRA,LINK DOWN,CABLE BROKEN ACCESS,network_002,branch_003,CLOSED,15.0,3.5,fiber_cable,0
inc_03870,incident_tx_ip,TXNOC,2026,1,3,12,CRITICAL,FIBRA,LINK DOWN,CABLE BROKEN ACCESS,network_002,branch_016,CLOSED,14.0,3.0,fiber_cable,0
inc_03871,incident_tx_ip,TXNOC,2026,1,3,12,CRITICAL,FIBRA,LINK DOWN,CABLE BROKEN ACCESS,network_002,branch_003,CLOSED,15.0,2.0,fiber_cable,0
inc_03872,incident_tx_ip,TXNOC,2026,1,3,12,CRITICAL,FIBRA,LINK DOWN,CABLE BROKEN ACCESS,network_002,branch_008,CLOSED,15.0,1.37,fiber_cable,0
inc_03873,incident_tx_ip,TXNOC,2026,1,3,12,CRITICAL,FIBRA,LINK DOWN,CABLE BROKEN ACCESS,network_002,branch_017,CLOSED,15.0,1.33,fiber_cable,0
inc_03874,incident_tx_ip,TXNOC,2026,1,3,12,CRITICAL,FIBRA,LINK DOWN,CABLE BROKEN ACCESS,network_002,branch_018,CLOSED,21.0,19.5,attenuation,0
inc_03875,incident_tx_ip,TXNOC,2026,1,3,12,CRITICAL,FIBRA,LINK DOWN,CABLE BROKEN BACKBONE,network_002,branch_006,CLOSED,15.0,6.0,fiber_cable,0
inc_03876,incident_tx_ip,TXNOC,2026,1,3,12,CRITICAL,FIBRA,LINK DOWN,CABLE BROKEN BACKBONE,network_002,branch_005,CLOSED,15.0,5.58,fiber_cable,0
inc_03877,incident_tx_ip,TXNOC,2026,1,3,12,CRITICAL,MICROWAVE,LINK DOWN,IN SITE,network_001,branch_024,CLOSED,15.0,8.5,equipment_module,0
inc_03878,incident_tx_ip,TXNOC,2026,1,3,12,CRITICAL,FIBRA,LINK DOWN,CABLE BROKEN BACKBONE,network_002,branch_001,CLOSED,15.0,0.45,fiber_cable,0
inc_03879,incident_tx_ip,TXNOC,2026,1,3,12,CRITICAL,MICROWAVE,LINK DOWN,IN SITE,network_001,branch_004,CLOSED,15.0,8.83,power_energy,0
inc_03880,incident_tx_ip,TXNOC,2026,1,3,12,CRITICAL,FIBRA,LINK DOWN,CABLE BROKEN ACCESS,network_002,branch_018,CLOSED,20.0,2.0,fiber_cable,0
inc_03881,incident_tx_ip,TXNOC,2026,1,3,12,CRITICAL,MICROWAVE,LINK DOWN,IN SITE,network_001,branch_013,CLOSED,7.0,3.5,link_down,0
inc_03882,incident_tx_ip,TXNOC,2026,1,3,12,CRITICAL,MICROWAVE,BAD PERFORMANCE,IN SITE,network_001,branch_013,CLOSED,7.0,1.0,other,0
inc_03883,incident_tx_ip,TXNOC,2026,1,3,12,CRITICAL,MICROWAVE,LINK DOWN,IN SITE,network_001,branch_008,CLOSED,15.0,10.0,equipment_module,0
inc_03884,incident_tx_ip,TXNOC,2026,1,3,12,CRITICAL,FIBRA,LINK DOWN,CABLE BROKEN BACKBONE,network_002,branch_003,CLOSED,7.0,5.5,fiber_cable,0
inc_03885,incident_tx_ip,TXNOC,2026,1,3,12,CRITICAL,FIBRA,LINK DOWN,CABLE BROKEN BACKBONE,network_002,branch_001,CLOSED,15.0,1.5,fiber_cable,0
inc_03886,incident_tx_ip,TXNOC,2026,1,3,12,CRITICAL,FIBRA,LINK DOWN,CABLE BROKEN BACKBONE,network_002,branch_018,CLOSED,20.0,2.5,fiber_cable,0
inc_03887,incident_tx_ip,TXNOC,2026,1,3,12,CRITICAL,FIBRA,LINK DOWN,CABLE BROKEN BACKBONE,network_002,branch_004,CLOSED,15.0,12.3,fiber_cable,0
inc_03888,incident_tx_ip,TXNOC,2026,1,3,12,CRITICAL,FIBRA,LINK DOWN,CABLE BROKEN BACKBONE,network_002,branch_035,CLOSED,15.0,12.75,fiber_cable,0
inc_03889,incident_tx_ip,TXNOC,2026,1,3,12,CRITICAL,FIBRA,LINK DOWN,CABLE BROKEN BACKBONE,network_002,branch_018,CLOSED,21.0,1.08,fiber_cable,0
inc_03890,incident_tx_ip,TXNOC,2026,1,3,12,MAJOR,MICROWAVE,LINK DOWN,IN SITE,network_001,branch_009,CLOSED,15.0,4.0,power_energy,0
inc_03891,incident_tx_ip,TXNOC,2026,1,3,12,CRITICAL,FIBRA,LINK DOWN,CABLE BROKEN BACKBONE,network_002,branch_017,CLOSED,15.0,15.5,fiber_cable,1
inc_03892,incident_tx_ip,TXNOC,2026,1,3,12,CRITICAL,FIBRA,LINK DOWN,CABLE BROKEN BACKBONE,network_002,branch_012,CLOSED,15.0,5.0,fiber_cable,0
inc_03893,incident_tx_ip,TXNOC,2026,2,4,12,CRITICAL,FIBRA,LINK DOWN,CABLE BROKEN BACKBONE,network_002,branch_022,CLOSED,15.0,7.0,fiber_cable,0
inc_03894,incident_tx_ip,TXNOC,2026,2,4,12,CRITICAL,FIBRA,LINK DOWN,CABLE BROKEN BACKBONE,network_002,branch_005,CLOSED,15.0,6.0,fiber_cable,0
inc_03895,incident_tx_ip,TXNOC,2026,2,4,12,CRITICAL,FIBRA,LINK DOWN,CABLE BROKEN BACKBONE,network_002,branch_011,CLOSED,15.0,7.25,fiber_cable,0
inc_03896,incident_tx_ip,TXNOC,2026,2,4,12,CRITICAL,FIBRA,LINK DOWN,CABLE BROKEN BACKBONE,network_002,branch_010,CLOSED,14.0,4.88,fiber_cable,0
inc_03897,incident_tx_ip,TXNOC,2026,2,4,12,CRITICAL,FIBRA,LINK DOWN,ATTENUATION NEAR TO THRESHOLD,network_002,branch_004,CLOSED,15.0,1.63,fiber_cable,0
inc_03898,incident_tx_ip,TXNOC,2026,2,4,12,CRITICAL,FIBRA,LINK DOWN,CABLE BROKEN BACKBONE,network_002,branch_017,CLOSED,15.0,0.82,fiber_cable,0
inc_03899,incident_tx_ip,TXNOC,2026,2,4,12,MAJOR,MICROWAVE,LINK DOWN,IN SITE,network_001,branch_020,CLOSED,15.0,31.5,equipment_module,1
inc_03900,incident_tx_ip,TXNOC,2026,2,4,12,CRITICAL,FIBRA,LINK DOWN,CABLE BROKEN BACKBONE,network_002,branch_012,CLOSED,15.0,1.5,fiber_cable,0
inc_03901,incident_tx_ip,TXNOC,2026,2,4,12,CRITICAL,FIBRA,LINK DOWN,CABLE BROKEN BACKBONE,network_002,branch_005,CLOSED,15.0,5.83,fiber_cable,0
inc_03902,incident_tx_ip,TXNOC,2026,2,4,12,CRITICAL,FIBRA,LINK DOWN,CABLE BROKEN BACKBONE,network_002,branch_019,CLOSED,15.0,5.35,fiber_cable,0
inc_03903,incident_tx_ip,TXNOC,2026,2,4,12,CRITICAL,FIBRA,LINK DOWN,CABLE BROKEN BACKBONE,network_002,branch_011,CLOSED,15.0,2.53,fiber_cable,0
inc_03904,incident_tx_ip,TXNOC,2026,2,4,12,CRITICAL,FIBRA,LINK DOWN,CABLE BROKEN BACKBONE,network_002,branch_002,CLOSED,15.0,4.5,fiber_cable,0
inc_03905,incident_tx_ip,TXNOC,2026,2,4,12,CRITICAL,FIBRA,BAD PERFORMANCE,IN SITE,network_002,branch_008,CLOSED,7.0,3.4,temperature_environment,0
inc_03906,incident_tx_ip,TXNOC,2026,2,4,13,CRITICAL,FIBRA,LINK DOWN,CABLE BROKEN BACKBONE,network_002,branch_003,CLOSED,15.0,3.08,fiber_cable,0
inc_03907,incident_tx_ip,TXNOC,2026,2,4,13,CRITICAL,FIBRA,ATTENUATION,ATTENUATION NEAR TO THRESHOLD,network_002,branch_011,CLOSED,15.0,20.0,attenuation,1
inc_03908,incident_tx_ip,TXNOC,2026,2,4,13,CRITICAL,FIBRA,LINK DOWN,CABLE BROKEN BACKBONE,network_002,branch_018,CLOSED,21.0,8.75,fiber_cable,0
inc_03909,incident_tx_ip,TXNOC,2026,2,4,13,CRITICAL,FIBRA,LINK DOWN,CABLE BROKEN BACKBONE,network_002,branch_017,CLOSED,15.0,3.8,fiber_cable,0
inc_03910,incident_tx_ip,TXNOC,2026,2,4,13,CRITICAL,FIBRA,LINK DOWN,CABLE BROKEN BACKBONE,network_002,branch_002,CLOSED,15.0,2.5,fiber_cable,0
inc_03911,incident_tx_ip,TXNOC,2026,2,4,13,CRITICAL,FIBRA,LINK DOWN,CABLE BROKEN BACKBONE,network_002,branch_020,CLOSED,15.0,0.5,fiber_cable,0
inc_03912,incident_tx_ip,TXNOC,2026,2,4,13,CRITICAL,FIBRA,LINK DOWN,CABLE BROKEN BACKBONE,network_002,branch_018,CLOSED,21.0,0.0,fiber_cable,0
inc_03913,incident_tx_ip,TXNOC,2026,2,4,13,MAJOR,MICROWAVE,BAD PERFORMANCE,IN SITE,network_001,branch_003,CLOSED,15.0,14.5,other,0
inc_03914,incident_tx_ip,TXNOC,2026,2,4,13,CRITICAL,FIBRA,ATTENUATION,IN SITE,network_002,branch_022,CLOSED,15.0,10.0,attenuation,0
inc_03915,incident_tx_ip,TXNOC,2026,2,4,13,CRITICAL,FIBRA,LINK DOWN,IN SITE,network_002,branch_014,CLOSED,7.0,20.0,fiber_cable,1
inc_03916,incident_tx_ip,TXNOC,2026,2,4,13,MAJOR,FIBRA,ATTENUATION,IN SITE,network_002,branch_017,CLOSED,15.0,50.0,attenuation,1
inc_03917,incident_tx_ip,TXNOC,2026,2,4,13,CRITICAL,FIBRA,LINK DOWN,CABLE BROKEN BACKBONE,network_002,branch_003,CLOSED,15.0,5.17,fiber_cable,0
inc_03918,incident_tx_ip,TXNOC,2026,2,4,13,CRITICAL,FIBRA,LINK DOWN,CABLE BROKEN BACKBONE,network_002,branch_014,CLOSED,15.0,4.33,fiber_cable,0
inc_03919,incident_tx_ip,TXNOC,2026,2,4,13,CRITICAL,FIBRA,LINK DOWN,CABLE BROKEN BACKBONE,network_002,branch_003,CLOSED,15.0,3.83,fiber_cable,0
inc_03920,incident_tx_ip,TXNOC,2026,2,4,13,CRITICAL,FIBRA,LINK DOWN,CABLE BROKEN BACKBONE,network_002,branch_003,CLOSED,15.0,6.0,attenuation,0
inc_03921,incident_tx_ip,TXNOC,2026,2,4,13,MAJOR,MICROWAVE,BAD PERFORMANCE,IN SITE,network_001,branch_005,CLOSED,15.0,77.5,equipment_module,1
inc_03922,incident_tx_ip,TXNOC,2026,2,4,13,CRITICAL,FIBRA,LINK DOWN,CABLE BROKEN BACKBONE,network_002,branch_018,CLOSED,21.0,4.95,fiber_cable,0
inc_03923,incident_tx_ip,TXNOC,2026,2,4,13,CRITICAL,FIBRA,LINK DOWN,CABLE BROKEN BACKBONE,network_002,branch_012,CLOSED,15.0,17.5,attenuation,1
inc_03924,incident_tx_ip,TXNOC,2026,2,4,13,MINOR,FIBRA,BAD PERFORMANCE,CABLE BROKEN BACKBONE,network_002,branch_002,CLOSED,15.0,5.0,fiber_cable,0
inc_03925,incident_tx_ip,TXNOC,2026,2,4,13,MAJOR,MICROWAVE,BAD PERFORMANCE,IN SITE,network_001,branch_014,CLOSED,15.0,13.5,other,0
inc_03926,incident_tx_ip,TXNOC,2026,2,4,13,MAJOR,FIBRA,LINK DOWN,ATTENUATION OVER THRESHOLD,network_002,branch_004,CLOSED,15.0,10.0,attenuation,0
inc_03927,incident_tx_ip,TXNOC,2026,2,4,13,MAJOR,FIBRA,ATTENUATION,ATTENUATION OVER THRESHOLD,network_002,branch_018,CONTINUE,21.0,10.0,attenuation,0
inc_03928,incident_tx_ip,TXNOC,2026,2,4,13,MAJOR,FIBRA,ATTENUATION,ATTENUATION OVER THRESHOLD,network_002,branch_002,CLOSED,15.0,10.0,attenuation,0
inc_03929,incident_tx_ip,TXNOC,2026,2,4,13,CRITICAL,FIBRA,LINK DOWN,CABLE BROKEN BACKBONE,network_002,branch_003,CLOSED,15.0,5.98,fiber_cable,0
inc_03930,incident_tx_ip,TXNOC,2026,2,4,13,MAJOR,MICROWAVE,LINK DOWN,IN SITE,network_001,branch_029,CLOSED,15.0,344.83,equipment_module,1
inc_03931,incident_tx_ip,TXNOC,2026,2,4,13,CRITICAL,FIBRA,LINK DOWN,CABLE BROKEN BACKBONE,network_002,branch_005,CLOSED,15.0,0.0,fiber_cable,0
inc_03932,incident_tx_ip,TXNOC,2026,2,4,13,MAJOR,MICROWAVE,BAD PERFORMANCE,IN SITE,network_001,branch_009,CLOSED,15.0,120.0,other,1
inc_03933,incident_tx_ip,TXNOC,2026,2,4,13,MAJOR,FIBRA,ATTENUATION,CABLE BROKEN BACKBONE,network_002,branch_013,CLOSED,7.0,270.0,attenuation,1
inc_03934,incident_tx_ip,TXNOC,2026,2,4,13,MAJOR,FIBRA,ATTENUATION,CABLE BROKEN BACKBONE,network_002,branch_018,CLOSED,21.0,6.0,attenuation,0
inc_03935,incident_tx_ip,TXNOC,2026,2,4,13,MAJOR,FIBRA,LINK DOWN,IN SITE,network_001,branch_005,CLOSED,15.0,36.5,fiber_cable,1
inc_03936,incident_tx_ip,TXNOC,2026,2,4,13,MAJOR,FIBRA,ATTENUATION,CABLE BROKEN BACKBONE,network_002,branch_018,CLOSED,21.0,3.5,attenuation,0
inc_03937,incident_tx_ip,TXNOC,2026,2,4,13,CRITICAL,FIBRA,LINK DOWN,CABLE BROKEN BACKBONE,network_002,branch_008,CLOSED,15.0,6.0,fiber_cable,0
inc_03938,incident_tx_ip,TXNOC,2026,2,4,13,MAJOR,MICROWAVE,BAD PERFORMANCE,IN SITE,network_001,branch_017,CLOSED,15.0,7.0,other,0
inc_03939,incident_tx_ip,TXNOC,2026,2,4,13,CRITICAL,FIBRA,LINK DOWN,CABLE BROKEN BACKBONE,network_002,branch_001,CLOSED,15.0,7.5,fiber_cable,0
inc_03940,incident_tx_ip,TXNOC,2026,2,4,13,CRITICAL,FIBRA,LINK DOWN,CABLE BROKEN BACKBONE,network_002,branch_002,CLOSED,15.0,0.0,fiber_cable,0
inc_03941,incident_tx_ip,TXNOC,2026,2,4,13,CRITICAL,FIBRA,LINK DOWN,CABLE BROKEN BACKBONE,network_002,branch_011,CLOSED,17.0,8.5,fiber_cable,0
inc_03942,incident_tx_ip,TXNOC,2026,2,4,13,MAJOR,MICROWAVE,BAD PERFORMANCE,IN SITE,network_001,branch_005,CLOSED,19.0,35.0,power_energy,1
inc_03943,incident_tx_ip,TXNOC,2026,2,4,13,MAJOR,MICROWAVE,BAD PERFORMANCE,IN SITE,network_001,branch_021,CLOSED,15.0,35.0,link_down,1
inc_03944,incident_tx_ip,TXNOC,2026,2,4,13,MAJOR,MICROWAVE,BAD PERFORMANCE,IN SITE,network_001,branch_021,CONTINUE,15.0,10.0,equipment_module,0
inc_03945,incident_tx_ip,TXNOC,2026,2,4,13,MAJOR,MICROWAVE,BAD PERFORMANCE,IN SITE,network_001,branch_020,CONTINUE,15.0,10.0,link_down,0
inc_03946,incident_tx_ip,TXNOC,2026,2,4,13,MAJOR,MICROWAVE,BAD PERFORMANCE,IN SITE,network_001,branch_009,CONTINUE,15.0,10.0,link_down,0
inc_03947,incident_tx_ip,TXNOC,2026,2,4,13,MAJOR,MICROWAVE,BAD PERFORMANCE,IN SITE,network_001,branch_009,CONTINUE,15.0,10.0,link_down,0
inc_03948,incident_tx_ip,TXNOC,2026,2,4,13,CRITICAL,FIBRA,LINK DOWN,CABLE BROKEN BACKBONE,network_002,branch_004,CLOSED,15.0,8.42,fiber_cable,0
inc_03949,incident_tx_ip,TXNOC,2026,2,4,13,CRITICAL,FIBRA,LINK DOWN,CABLE BROKEN BACKBONE,network_002,branch_002,CLOSED,15.0,6.28,fiber_cable,0
inc_03950,incident_tx_ip,TXNOC,2026,2,4,13,CRITICAL,FIBRA,LINK DOWN,CABLE BROKEN BACKBONE,network_002,branch_015,CLOSED,15.0,2.25,fiber_cable,0
inc_03951,incident_tx_ip,TXNOC,2026,2,4,14,CRITICAL,FIBRA,LINK DOWN,CABLE BROKEN BACKBONE,network_002,branch_003,CLOSED,15.0,3.0,fiber_cable,0
inc_03952,incident_tx_ip,TXNOC,2026,2,4,14,MAJOR,MICROWAVE,LINK DOWN,IN SITE,network_001,branch_023,CONTINUE,15.0,10.0,link_down,0
inc_03953,incident_tx_ip,TXNOC,2026,2,4,14,MAJOR,MICROWAVE,LINK DOWN,IN SITE,network_001,branch_021,CLOSED,15.0,6.0,power_energy,0
inc_03954,incident_tx_ip,TXNOC,2026,2,4,14,MAJOR,MICROWAVE,LINK DOWN,IN SITE,network_001,branch_022,CLOSED,15.0,0.0,link_down,0
inc_03955,incident_tx_ip,TXNOC,2026,2,4,14,MAJOR,MICROWAVE,LINK DOWN,IN SITE,network_001,branch_010,CONTINUE,15.0,10.0,link_down,0
inc_03956,incident_tx_ip,TXNOC,2026,2,4,14,MAJOR,MICROWAVE,LINK DOWN,IN SITE,network_001,branch_011,CLOSED,15.0,3.0,link_down,0
inc_03957,incident_tx_ip,TXNOC,2026,2,4,14,MAJOR,MICROWAVE,LINK DOWN,IN SITE,network_001,branch_035,CLOSED,15.0,315.5,equipment_module,1
inc_03958,incident_tx_ip,TXNOC,2026,2,4,14,MAJOR,MICROWAVE,LINK DOWN,IN SITE,network_001,branch_024,CLOSED,15.0,8.0,power_energy,0
inc_03959,incident_tx_ip,TXNOC,2026,2,4,14,MAJOR,MICROWAVE,LINK DOWN,IN SITE,network_001,branch_024,CLOSED,15.0,311.33,equipment_module,1
inc_03960,incident_tx_ip,TXNOC,2026,2,4,14,MAJOR,MICROWAVE,LINK DOWN,IN SITE,network_001,branch_029,CONTINUE,15.0,10.0,link_down,0
inc_03961,incident_tx_ip,TXNOC,2026,2,4,14,MAJOR,MICROWAVE,LINK DOWN,IN SITE,network_001,branch_001,CLOSED,21.0,10.0,link_down,0
inc_03962,incident_tx_ip,TXNOC,2026,2,4,14,MAJOR,MICROWAVE,LINK DOWN,IN SITE,network_001,branch_003,CLOSED,15.0,0.0,link_down,0
inc_03963,incident_tx_ip,TXNOC,2026,2,4,14,MAJOR,MICROWAVE,LINK DOWN,IN SITE,network_001,branch_007,CLOSED,15.0,11.67,link_down,0
inc_03964,incident_tx_ip,TXNOC,2026,2,4,14,CRITICAL,FIBRA,LINK DOWN,CABLE BROKEN BACKBONE,network_002,branch_035,CLOSED,15.0,6.17,fiber_cable,0
inc_03965,incident_tx_ip,TXNOC,2026,2,4,14,CRITICAL,FIBRA,LINK DOWN,CABLE BROKEN BACKBONE,network_002,branch_019,CLOSED,15.0,4.5,fiber_cable,0
inc_03966,incident_tx_ip,TXNOC,2026,2,4,14,CRITICAL,FIBRA,LINK DOWN,CABLE BROKEN BACKBONE,network_002,branch_029,CLOSED,15.0,7.78,fiber_cable,0
inc_03967,incident_tx_ip,TXNOC,2026,2,4,14,CRITICAL,FIBRA,LINK DOWN,CABLE BROKEN BACKBONE,network_002,branch_003,CLOSED,15.0,5.13,fiber_cable,0
inc_03968,incident_tx_ip,TXNOC,2026,2,4,14,CRITICAL,FIBRA,LINK DOWN,CABLE BROKEN BACKBONE,network_002,branch_024,CLOSED,15.0,10.0,fiber_cable,0
inc_03969,incident_tx_ip,TXNOC,2026,2,4,14,CRITICAL,FIBRA,LINK DOWN,CABLE BROKEN BACKBONE,network_002,branch_009,CLOSED,15.0,1.08,fiber_cable,0
inc_03970,incident_tx_ip,TXNOC,2026,2,4,14,CRITICAL,FIBRA,LINK DOWN,CABLE BROKEN BACKBONE,network_002,branch_022,CLOSED,15.0,8.0,fiber_cable,0
inc_03971,incident_tx_ip,TXNOC,2026,2,4,14,CRITICAL,FIBRA,LINK DOWN,CABLE BROKEN BACKBONE,network_002,branch_008,CLOSED,15.0,9.0,fiber_cable,0
inc_03972,incident_tx_ip,TXNOC,2026,2,4,14,CRITICAL,FIBRA,LINK DOWN,CABLE BROKEN BACKBONE,network_002,branch_018,CLOSED,21.0,8.0,fiber_cable,0
inc_03973,incident_tx_ip,TXNOC,2026,2,4,14,CRITICAL,FIBRA,LINK DOWN,CABLE BROKEN BACKBONE,network_002,branch_018,CLOSED,21.0,8.0,fiber_cable,0
inc_03974,incident_tx_ip,TXNOC,2026,2,4,14,CRITICAL,FIBRA,LINK DOWN,CABLE BROKEN BACKBONE,network_002,branch_018,CLOSED,20.0,12.67,fiber_cable,0
inc_03975,incident_tx_ip,TXNOC,2026,2,4,14,CRITICAL,FIBRA,LINK DOWN,CABLE BROKEN BACKBONE,network_002,branch_018,CLOSED,21.0,0.0,fiber_cable,0
inc_03976,incident_tx_ip,TXNOC,2026,2,4,14,CRITICAL,FIBRA,LINK DOWN,CABLE BROKEN BACKBONE,network_002,branch_006,CLOSED,13.0,0.0,fiber_cable,0
inc_03977,incident_tx_ip,TXNOC,2026,2,4,14,CRITICAL,FIBRA,LINK DOWN,CABLE BROKEN BACKBONE,network_002,branch_018,CLOSED,21.0,20.0,fiber_cable,0
inc_03978,incident_tx_ip,TXNOC,2026,2,4,14,CRITICAL,FIBRA,LINK DOWN,CABLE BROKEN BACKBONE,network_002,branch_032,CLOSED,22.0,3.8,fiber_cable,0
inc_03979,incident_tx_ip,TXNOC,2026,2,4,14,CRITICAL,FIBRA,LINK DOWN,CABLE BROKEN BACKBONE,network_002,branch_010,CLOSED,15.0,5.67,fiber_cable,0
inc_03980,incident_tx_ip,TXNOC,2026,2,4,14,CRITICAL,FIBRA,LINK DOWN,CABLE BROKEN BACKBONE,network_002,branch_001,CLOSED,15.0,5.93,fiber_cable,0
inc_03981,incident_tx_ip,TXNOC,2026,2,4,14,CRITICAL,FIBRA,LINK DOWN,CABLE BROKEN BACKBONE,network_002,branch_021,CLOSED,15.0,5.43,fiber_cable,0
inc_03982,incident_tx_ip,TXNOC,2026,2,4,14,CRITICAL,FIBRA,LINK DOWN,CABLE BROKEN BACKBONE,network_002,branch_018,CLOSED,21.0,6.97,fiber_cable,0
inc_03983,incident_tx_ip,TXNOC,2026,2,4,14,CRITICAL,FIBRA,LINK DOWN,CABLE BROKEN BACKBONE,network_002,branch_002,CLOSED,15.0,3.78,fiber_cable,0
inc_03984,incident_tx_ip,TXNOC,2026,2,4,14,CRITICAL,FIBRA,LINK DOWN,CABLE BROKEN BACKBONE,network_002,branch_021,CLOSED,15.0,1.83,fiber_cable,0
inc_03985,incident_tx_ip,TXNOC,2026,2,4,14,CRITICAL,FIBRA,LINK DOWN,IN SITE,network_002,branch_006,CLOSED,13.0,41.5,fiber_cable,1
inc_03986,incident_tx_ip,TXNOC,2026,2,4,14,MAJOR,MICROWAVE,LINK DOWN,IN SITE,network_002,branch_016,CLOSED,15.0,81.0,link_down,1
inc_03987,incident_tx_ip,TXNOC,2026,2,4,14,CRITICAL,FIBRA,LINK DOWN,CABLE BROKEN BACKBONE,network_002,branch_010,CLOSED,15.0,9.0,fiber_cable,0
inc_03988,incident_tx_ip,TXNOC,2026,2,4,14,MAJOR,FIBRA,ATTENUATION,ATTENUATION OVER THRESHOLD,network_002,branch_018,CLOSED,20.0,254.8,attenuation,1
inc_03989,incident_tx_ip,TXNOC,2026,2,4,14,CRITICAL,FIBRA,LINK DOWN,CABLE BROKEN BACKBONE,network_002,branch_004,CLOSED,15.0,5.5,fiber_cable,0
inc_03990,incident_tx_ip,TXNOC,2026,2,4,14,CRITICAL,FIBRA,LINK DOWN,CABLE BROKEN BACKBONE,network_002,branch_018,CLOSED,21.0,2.5,fiber_cable,0
inc_03991,incident_tx_ip,TXNOC,2026,2,4,14,CRITICAL,FIBRA,LINK DOWN,CABLE BROKEN BACKBONE,network_002,branch_019,CLOSED,15.0,5.0,fiber_cable,0
inc_03992,incident_tx_ip,TXNOC,2026,2,4,14,CRITICAL,FIBRA,LINK DOWN,CABLE BROKEN BACKBONE,network_002,branch_011,CLOSED,14.0,4.0,fiber_cable,0
inc_03993,incident_tx_ip,TXNOC,2026,2,4,14,CRITICAL,FIBRA,LINK DOWN,CABLE BROKEN BACKBONE,network_002,branch_004,CLOSED,15.0,4.0,fiber_cable,0
inc_03994,incident_tx_ip,TXNOC,2026,2,4,14,CRITICAL,FIBRA,LINK DOWN,CABLE BROKEN BACKBONE,network_002,branch_003,CLOSED,15.0,3.17,fiber_cable,0
inc_03995,incident_tx_ip,TXNOC,2026,2,4,14,CRITICAL,FIBRA,LINK DOWN,CABLE BROKEN BACKBONE,network_002,branch_001,CLOSED,15.0,0.08,fiber_cable,0
inc_03996,incident_tx_ip,TXNOC,2026,2,4,14,CRITICAL,FIBRA,LINK DOWN,IN SITE,network_002,branch_002,CLOSED,7.0,25.08,fiber_cable,1
inc_03997,incident_tx_ip,TXNOC,2026,2,4,14,CRITICAL,FIBRA,LINK DOWN,CABLE BROKEN BACKBONE,network_002,branch_005,CLOSED,15.0,4.0,fiber_cable,0
inc_03998,incident_tx_ip,TXNOC,2026,2,4,14,CRITICAL,FIBRA,LINK DOWN,CABLE BROKEN BACKBONE,network_002,branch_018,CLOSED,21.0,5.0,fiber_cable,0
inc_03999,incident_tx_ip,TXNOC,2026,2,4,15,CRITICAL,FIBRA,LINK DOWN,CABLE BROKEN BACKBONE,network_002,branch_018,CLOSED,21.0,0.0,fiber_cable,0
inc_04000,incident_tx_ip,TXNOC,2026,2,4,14,CRITICAL,FIBRA,LINK DOWN,CABLE BROKEN BACKBONE,network_002,branch_018,CLOSED,20.0,14.5,attenuation,0
inc_04001,incident_tx_ip,TXNOC,2026,2,4,14,MAJOR,MICROWAVE,LINK DOWN,IN SITE,network_001,branch_012,CLOSED,15.0,50.5,equipment_module,1
inc_04002,incident_tx_ip,TXNOC,2026,2,4,14,CRITICAL,FIBRA,LINK DOWN,CABLE BROKEN BACKBONE,network_002,branch_018,CLOSED,20.0,19.67,fiber_cable,0
inc_04003,incident_tx_ip,TXNOC,2026,2,4,14,CRITICAL,FIBRA,LINK DOWN,CABLE BROKEN BACKBONE,network_002,branch_017,CLOSED,15.0,9.67,fiber_cable,0
inc_04004,incident_tx_ip,TXNOC,2026,2,4,14,CRITICAL,FIBRA,LINK DOWN,CABLE BROKEN BACKBONE,network_002,branch_010,CLOSED,14.0,6.5,fiber_cable,0
inc_04005,incident_tx_ip,TXNOC,2026,2,4,14,CRITICAL,FIBRA,LINK DOWN,CABLE BROKEN BACKBONE,network_002,branch_008,CLOSED,15.0,3.5,fiber_cable,0
inc_04006,incident_tx_ip,TXNOC,2026,2,4,14,CRITICAL,FIBRA,ATTENUATION,CABLE BROKEN BACKBONE,network_002,branch_018,CONTINUE,20.0,0.0,attenuation,0
inc_04007,incident_tx_ip,TXNOC,2026,2,4,15,CRITICAL,FIBRA,LINK DOWN,CABLE BROKEN BACKBONE,network_002,branch_010,CLOSED,14.0,2.0,attenuation,0
inc_04008,incident_tx_ip,TXNOC,2026,2,4,15,CRITICAL,FIBRA,LINK DOWN,CABLE BROKEN BACKBONE,network_002,branch_029,CLOSED,15.0,29.0,attenuation,1
inc_04009,incident_tx_ip,TXNOC,2026,2,4,15,CRITICAL,FIBRA,LINK DOWN,CABLE BROKEN BACKBONE,network_002,branch_006,CLOSED,15.0,7.0,attenuation,0
inc_04010,incident_tx_ip,TXNOC,2026,2,4,15,CRITICAL,FIBRA,ATTENUATION,CABLE BROKEN BACKBONE,network_002,branch_010,CONTINUE,15.0,10.0,attenuation,0
inc_04011,incident_tx_ip,TXNOC,2026,2,4,15,CRITICAL,FIBRA,LINK DOWN,CABLE BROKEN BACKBONE,network_002,branch_003,CLOSED,15.0,10.0,fiber_cable,0
inc_04012,incident_tx_ip,TXNOC,2026,2,4,15,MAJOR,MICROWAVE,LINK DOWN,IN SITE,network_001,branch_003,CLOSED,15.0,3.0,equipment_module,0
inc_04013,incident_tx_ip,TXNOC,2026,2,4,15,CRITICAL,FIBRA,LINK DOWN,CABLE BROKEN BACKBONE,network_002,branch_017,CLOSED,15.0,4.4,fiber_cable,0
inc_04014,incident_tx_ip,TXNOC,2026,2,4,15,CRITICAL,FIBRA,LINK DOWN,CABLE BROKEN BACKBONE,network_002,branch_001,CLOSED,15.0,2.27,fiber_cable,0
inc_04015,incident_tx_ip,TXNOC,2026,2,4,15,CRITICAL,FIBRA,LINK DOWN,CABLE BROKEN BACKBONE,network_002,branch_035,CLOSED,15.0,6.35,fiber_cable,0
inc_04016,incident_tx_ip,TXNOC,2026,2,4,15,CRITICAL,FIBRA,LINK DOWN,CABLE BROKEN BACKBONE,network_002,branch_010,CLOSED,15.0,0.0,fiber_cable,0
inc_04017,incident_tx_ip,TXNOC,2026,2,4,15,CRITICAL,FIBRA,LINK DOWN,IN SITE,network_002,branch_015,CLOSED,7.0,7.33,attenuation,1
inc_04018,incident_tx_ip,TXNOC,2026,2,4,15,CRITICAL,FIBRA,LINK DOWN,CABLE BROKEN BACKBONE,network_002,branch_018,CLOSED,21.0,0.0,fiber_cable,0
inc_04019,incident_tx_ip,TXNOC,2026,2,4,15,CRITICAL,FIBRA,LINK DOWN,CABLE BROKEN BACKBONE,network_002,branch_003,CLOSED,15.0,10.0,fiber_cable,0
inc_04020,incident_tx_ip,TXNOC,2026,2,4,15,CRITICAL,FIBRA,LINK DOWN,CABLE BROKEN BACKBONE,network_002,branch_018,CLOSED,20.0,6.92,fiber_cable,0
inc_04021,incident_tx_ip,TXNOC,2026,2,4,15,MAJOR,MICROWAVE,LINK DOWN,IN SITE,network_001,branch_007,CLOSED,15.0,10.0,equipment_module,0
inc_04022,incident_tx_ip,TXNOC,2026,2,4,15,MAJOR,MICROWAVE,LINK DOWN,IN SITE,network_001,branch_001,CONTINUE,19.0,10.0,link_down,0
inc_04023,incident_tx_ip,TXNOC,2026,2,4,15,MAJOR,MICROWAVE,BAD PERFORMANCE,IN SITE,network_001,branch_023,CLOSED,15.0,130.0,other,1
inc_04024,incident_tx_ip,TXNOC,2026,2,4,15,MAJOR,MICROWAVE,LINK DOWN,IN SITE,network_001,branch_001,CLOSED,7.0,160.0,link_down,1
inc_04025,incident_tx_ip,TXNOC,2026,2,4,15,MAJOR,MICROWAVE,LINK DOWN,IN SITE,network_001,branch_024,CONTINUE,7.0,10.0,link_down,1
inc_04026,incident_tx_ip,TXNOC,2026,2,4,15,MAJOR,MICROWAVE,LINK DOWN,IN SITE,network_001,branch_009,CLOSED,7.0,19.5,power_energy,1
inc_04027,incident_tx_ip,TXNOC,2026,2,4,15,CRITICAL,FIBRA,LINK DOWN,CABLE BROKEN BACKBONE,network_002,branch_015,CLOSED,15.0,4.67,fiber_cable,0
inc_04028,incident_tx_ip,TXNOC,2026,2,4,15,CRITICAL,FIBRA,LINK DOWN,CABLE BROKEN BACKBONE,network_002,branch_011,CLOSED,17.0,8.17,fiber_cable,0
inc_04029,incident_tx_ip,TXNOC,2026,2,4,15,CRITICAL,FIBRA,LINK DOWN,CABLE BROKEN BACKBONE,network_002,branch_005,CLOSED,15.0,3.42,fiber_cable,0
inc_04030,incident_tx_ip,TXNOC,2026,2,4,15,CRITICAL,FIBRA,LINK DOWN,CABLE BROKEN BACKBONE,network_002,branch_016,CLOSED,15.0,1.0,fiber_cable,0
inc_04031,incident_tx_ip,TXNOC,2026,2,4,15,MAJOR,MICROWAVE,LINK DOWN,IN SITE,network_001,branch_014,CLOSED,15.0,9.0,power_energy,0
inc_04032,incident_tx_ip,TXNOC,2026,2,4,15,CRITICAL,FIBRA,LINK DOWN,CABLE BROKEN BACKBONE,network_002,branch_008,CLOSED,15.0,7.5,fiber_cable,0
inc_04033,incident_tx_ip,TXNOC,2026,2,4,15,CRITICAL,FIBRA,LINK DOWN,CABLE BROKEN BACKBONE,network_002,branch_018,CLOSED,21.0,7.5,fiber_cable,0
inc_04034,incident_tx_ip,TXNOC,2026,2,4,15,CRITICAL,FIBRA,LINK DOWN,CABLE BROKEN BACKBONE,network_002,branch_029,CLOSED,15.0,4.25,fiber_cable,0
inc_04035,incident_tx_ip,TXNOC,2026,2,4,15,CRITICAL,FIBRA,LINK DOWN,CABLE BROKEN BACKBONE,network_002,branch_003,CLOSED,15.0,6.5,fiber_cable,0
inc_04036,incident_tx_ip,TXNOC,2026,2,4,15,CRITICAL,FIBRA,LINK DOWN,CABLE BROKEN BACKBONE,network_002,branch_013,CLOSED,9.0,5.5,fiber_cable,0
inc_04037,incident_tx_ip,TXNOC,2026,2,4,15,CRITICAL,FIBRA,LINK DOWN,CABLE BROKEN BACKBONE,network_002,branch_004,CLOSED,15.0,4.5,fiber_cable,0
inc_04038,incident_tx_ip,TXNOC,2026,2,4,15,CRITICAL,FIBRA,LINK DOWN,CABLE BROKEN BACKBONE,network_002,branch_018,CLOSED,20.0,44.55,fiber_cable,1
inc_04039,incident_tx_ip,TXNOC,2026,2,4,15,CRITICAL,FIBRA,LINK DOWN,CABLE BROKEN BACKBONE,network_002,branch_003,CLOSED,15.0,6.5,fiber_cable,0
inc_04040,incident_tx_ip,TXNOC,2026,2,4,15,CRITICAL,FIBRA,LINK DOWN,CABLE BROKEN BACKBONE,network_002,branch_018,CLOSED,21.0,20.0,fiber_cable,0
inc_04041,incident_tx_ip,TXNOC,2026,2,4,15,CRITICAL,FIBRA,LINK DOWN,CABLE BROKEN BACKBONE,network_002,branch_012,CLOSED,15.0,2.67,fiber_cable,0
inc_04042,incident_tx_ip,TXNOC,2026,2,4,15,CRITICAL,FIBRA,LINK DOWN,CABLE BROKEN BACKBONE,network_002,branch_018,CLOSED,21.0,16.95,fiber_cable,0
inc_04043,incident_tx_ip,TXNOC,2026,2,4,15,CRITICAL,FIBRA,LINK DOWN,CABLE BROKEN BACKBONE,network_002,branch_029,CLOSED,15.0,4.0,fiber_cable,0
inc_04044,incident_tx_ip,TXNOC,2026,2,4,15,CRITICAL,FIBRA,LINK DOWN,CABLE BROKEN BACKBONE,network_002,branch_020,CLOSED,15.0,2.0,fiber_cable,0
inc_04045,incident_tx_ip,TXNOC,2026,2,4,15,MAJOR,MICROWAVE,BAD PERFORMANCE,IN SITE,network_001,branch_006,CONTINUE,15.0,1.0,other,0
inc_04046,incident_tx_ip,TXNOC,2026,2,4,15,MAJOR,MICROWAVE,BAD PERFORMANCE,IN SITE,network_001,branch_021,CLOSED,15.0,235.67,equipment_module,1
inc_04047,incident_tx_ip,TXNOC,2026,2,4,15,MAJOR,MICROWAVE,LINK DOWN,IN SITE,network_001,branch_008,CONTINUE,15.0,1.0,equipment_module,0
inc_04048,incident_tx_ip,TXNOC,2026,2,4,15,MAJOR,MICROWAVE,LINK DOWN,IN SITE,network_001,branch_022,CLOSED,15.0,1.0,link_down,0
inc_04049,incident_tx_ip,TXNOC,2026,2,4,15,MAJOR,MICROWAVE,LINK DOWN,IN SITE,network_001,branch_024,CLOSED,15.0,133.0,link_down,1
inc_04050,incident_tx_ip,TXNOC,2026,2,4,15,MAJOR,MICROWAVE,BAD PERFORMANCE,IN SITE,network_001,branch_021,CONTINUE,15.0,1.0,other,0
inc_04051,incident_tx_ip,TXNOC,2026,2,4,15,CRITICAL,FIBRA,LINK DOWN,CABLE BROKEN BACKBONE,network_002,branch_001,CLOSED,15.0,8.0,attenuation,0
inc_04052,incident_tx_ip,TXNOC,2026,2,4,15,MAJOR,MICROWAVE,LINK DOWN,IN SITE,network_001,branch_005,CLOSED,15.0,5.0,link_down,0
inc_04053,incident_tx_ip,TXNOC,2026,2,4,15,CRITICAL,FIBRA,LINK DOWN,CABLE BROKEN BACKBONE,network_002,branch_003,CLOSED,15.0,5.75,fiber_cable,0
inc_04054,incident_tx_ip,TXNOC,2026,2,4,15,CRITICAL,FIBRA,LINK DOWN,CABLE BROKEN BACKBONE,network_002,branch_017,CLOSED,15.0,2.23,fiber_cable,0
inc_04055,incident_tx_ip,TXNOC,2026,2,4,15,CRITICAL,FIBRA,LINK DOWN,CABLE BROKEN BACKBONE,network_002,branch_003,CLOSED,15.0,2.58,fiber_cable,0
inc_04056,incident_tx_ip,TXNOC,2026,2,4,15,CRITICAL,FIBRA,LINK DOWN,CABLE BROKEN BACKBONE,network_002,branch_011,CLOSED,15.0,6.4,fiber_cable,0
inc_04057,incident_tx_ip,TXNOC,2026,2,4,15,CRITICAL,FIBRA,LINK DOWN,CABLE BROKEN BACKBONE,network_002,branch_004,CLOSED,15.0,5.32,fiber_cable,0
inc_04058,incident_tx_ip,TXNOC,2026,2,4,15,MAJOR,MICROWAVE,LINK DOWN,IN SITE,network_001,branch_021,CONTINUE,15.0,7.0,link_down,0
inc_04059,incident_tx_ip,TXNOC,2026,2,4,15,CRITICAL,FIBRA,LINK DOWN,CABLE BROKEN BACKBONE,network_002,branch_001,CLOSED,15.0,7.0,fiber_cable,0
inc_04060,incident_tx_ip,TXNOC,2026,2,4,15,MAJOR,MICROWAVE,BAD PERFORMANCE,CABLE BROKEN BACKBONE,network_001,branch_005,CLOSED,15.0,95.0,equipment_module,1
inc_04061,incident_tx_ip,TXNOC,2026,2,4,15,MAJOR,MICROWAVE,BAD PERFORMANCE,CABLE BROKEN BACKBONE,network_001,branch_003,CLOSED,15.0,90.0,other,1
inc_04062,incident_tx_ip,TXNOC,2026,2,4,15,CRITICAL,FIBRA,LINK DOWN,CABLE BROKEN BACKBONE,network_002,branch_011,CLOSED,7.0,0.0,fiber_cable,0
inc_04063,incident_tx_ip,TXNOC,2026,2,4,15,MAJOR,MICROWAVE,BAD PERFORMANCE,CABLE BROKEN BACKBONE,network_001,branch_003,CLOSED,15.0,140.07,link_down,1
inc_04064,incident_tx_ip,TXNOC,2026,2,4,16,CRITICAL,FIBRA,ATTENUATION,ATTENUATION OVER THRESHOLD,network_002,branch_002,CLOSED,15.0,7.0,attenuation,0
inc_04065,incident_tx_ip,TXNOC,2026,2,4,16,CRITICAL,FIBRA,LINK DOWN,CABLE BROKEN BACKBONE,network_002,branch_018,CLOSED,21.0,8.73,fiber_cable,0
inc_04066,incident_tx_ip,TXNOC,2026,2,4,16,CRITICAL,FIBRA,LINK DOWN,CABLE BROKEN BACKBONE,network_002,branch_003,CLOSED,15.0,0.72,fiber_cable,0
inc_04067,incident_tx_ip,TXNOC,2026,2,4,16,MAJOR,MICROWAVE,BAD PERFORMANCE,IN SITE,network_001,branch_004,CONTINUE,15.0,0.0,equipment_module,0
inc_04068,incident_tx_ip,TXNOC,2026,2,4,16,CRITICAL,FIBRA,LINK DOWN,CABLE BROKEN ACCESS,network_002,branch_018,CLOSED,21.0,3.07,fiber_cable,0
inc_04069,incident_tx_ip,TXNOC,2026,2,4,16,CRITICAL,FIBRA,BAD PERFORMANCE,IN SITE,network_002,branch_002,CLOSED,7.0,3.8,temperature_environment,0
inc_04070,incident_tx_ip,TXNOC,2026,2,4,16,CRITICAL,FIBRA,BAD PERFORMANCE,IN SITE,network_002,branch_023,CLOSED,15.0,1.67,attenuation,0
inc_04071,incident_tx_ip,TXNOC,2026,2,4,16,CRITICAL,FIBRA,LINK DOWN,CABLE BROKEN ACCESS,network_002,branch_011,CLOSED,7.0,0.78,fiber_cable,0
inc_04072,incident_tx_ip,TXNOC,2026,2,4,16,MAJOR,MICROWAVE,LINK DOWN,IN SITE,network_001,branch_015,CLOSED,15.0,20.0,equipment_module,1
inc_04073,incident_tx_ip,TXNOC,2026,2,4,16,CRITICAL,FIBRA,LINK DOWN,CABLE BROKEN BACKBONE,network_002,branch_006,CLOSED,13.0,0.0,fiber_cable,0
inc_04074,incident_tx_ip,TXNOC,2026,2,4,16,MAJOR,MICROWAVE,BAD PERFORMANCE,IN SITE,network_001,branch_008,CLOSED,15.0,71.42,equipment_module,1
inc_04075,incident_tx_ip,TXNOC,2026,2,4,16,CRITICAL,FIBRA,ATTENUATION,CABLE BROKEN ACCESS,network_002,branch_011,CLOSED,7.0,150.0,attenuation,1
inc_04076,incident_tx_ip,TXNOC,2026,2,4,16,CRITICAL,FIBRA,LINK DOWN,CABLE BROKEN ACCESS,network_002,branch_001,CLOSED,7.0,40.0,attenuation,1
inc_04077,incident_tx_ip,TXNOC,2026,2,4,16,CRITICAL,FIBRA,LINK DOWN,CABLE BROKEN ACCESS,network_002,branch_018,CLOSED,21.0,8.0,fiber_cable,0
inc_04078,incident_tx_ip,TXNOC,2026,2,4,16,CRITICAL,MICROWAVE,BAD PERFORMANCE,IN SITE,network_001,branch_008,CLOSED,15.0,3.0,other,0
inc_04079,incident_tx_ip,TXNOC,2026,2,4,16,CRITICAL,MICROWAVE,BAD PERFORMANCE,IN SITE,network_001,branch_008,CLOSED,15.0,3.0,other,0
inc_04080,incident_tx_ip,TXNOC,2026,2,4,16,CRITICAL,FIBRA,LINK DOWN,CABLE BROKEN BACKBONE,network_002,branch_018,CLOSED,21.0,3.0,fiber_cable,0
inc_04081,incident_tx_ip,TXNOC,2026,2,4,16,CRITICAL,MICROWAVE,LINK DOWN,IN SITE,network_001,branch_012,CONTINUE,15.0,1.67,link_down,0
inc_04082,incident_tx_ip,TXNOC,2026,2,4,16,CRITICAL,FIBRA,LINK DOWN,CABLE BROKEN BACKBONE,network_002,branch_008,CLOSED,15.0,1.5,fiber_cable,0
inc_04083,incident_tx_ip,TXNOC,2026,2,4,16,MAJOR,MICROWAVE,LINK DOWN,IN SITE,network_001,branch_021,CLOSED,15.0,18.0,equipment_module,1
inc_04084,incident_tx_ip,TXNOC,2026,2,4,16,MINOR,MICROWAVE,BAD PERFORMANCE,IN SITE,network_001,branch_029,CLOSED,15.0,0.0,other,0
inc_04085,incident_tx_ip,TXNOC,2026,2,4,16,CRITICAL,FIBRA,LINK DOWN,CABLE BROKEN BACKBONE,network_002,branch_016,CLOSED,14.0,0.0,fiber_cable,0
inc_04086,incident_tx_ip,TXNOC,2026,2,4,16,CRITICAL,FIBRA,LINK DOWN,CABLE BROKEN BACKBONE,network_002,branch_010,CLOSED,14.0,2.63,fiber_cable,0
inc_04087,incident_tx_ip,TXNOC,2026,2,4,16,CRITICAL,FIBRA,ATTENUATION,CABLE BROKEN BACKBONE,network_002,branch_008,CONTINUE,15.0,10.0,attenuation,0
inc_04088,incident_tx_ip,TXNOC,2026,2,4,16,CRITICAL,FIBRA,ATTENUATION,CABLE BROKEN BACKBONE,network_002,branch_035,CLOSED,14.0,101.0,attenuation,1
inc_04089,incident_tx_ip,TXNOC,2026,2,4,16,CRITICAL,FIBRA,LINK DOWN,CABLE BROKEN BACKBONE,network_002,branch_018,CLOSED,20.0,5.45,fiber_cable,0
inc_04090,incident_tx_ip,TXNOC,2026,2,4,16,CRITICAL,FIBRA,LINK DOWN,CABLE BROKEN BACKBONE,network_002,branch_003,CLOSED,15.0,5.78,fiber_cable,0
inc_04091,incident_tx_ip,TXNOC,2026,2,4,16,CRITICAL,FIBRA,LINK DOWN,CABLE BROKEN BACKBONE,network_002,branch_002,CLOSED,15.0,7.75,fiber_cable,0
inc_04092,incident_tx_ip,TXNOC,2026,2,4,16,CRITICAL,FIBRA,LINK DOWN,CABLE BROKEN BACKBONE,network_002,branch_020,CLOSED,15.0,5.5,fiber_cable,0
inc_04093,incident_tx_ip,TXNOC,2026,2,4,16,CRITICAL,FIBRA,LINK DOWN,CABLE BROKEN BACKBONE,network_002,branch_001,CLOSED,15.0,2.25,fiber_cable,0
inc_04094,incident_tx_ip,TXNOC,2026,2,4,16,CRITICAL,FIBRA,LINK DOWN,CABLE BROKEN BACKBONE,network_002,branch_021,CLOSED,15.0,2.17,fiber_cable,0
inc_04095,incident_tx_ip,TXNOC,2026,2,4,16,CRITICAL,FIBRA,LINK DOWN,CABLE BROKEN BACKBONE,network_002,branch_029,CLOSED,15.0,0.0,fiber_cable,0
inc_04096,incident_tx_ip,TXNOC,2026,2,4,16,CRITICAL,FIBRA,LINK DOWN,CABLE BROKEN BACKBONE,network_002,branch_015,CLOSED,15.0,0.0,fiber_cable,0
inc_04097,incident_tx_ip,TXNOC,2026,2,4,16,CRITICAL,FIBRA,LINK DOWN,CABLE BROKEN BACKBONE,network_002,branch_025,CLOSED,18.0,0.0,fiber_cable,0
inc_04098,incident_tx_ip,TXNOC,2026,2,4,16,CRITICAL,FIBRA,LINK DOWN,CABLE BROKEN BACKBONE,network_002,branch_017,CLOSED,15.0,5.0,fiber_cable,0
inc_04099,incident_tx_ip,TXNOC,2026,2,4,16,CRITICAL,FIBRA,LINK DOWN,CABLE BROKEN BACKBONE,network_002,branch_018,CLOSED,20.0,12.0,fiber_cable,0
inc_04100,incident_tx_ip,TXNOC,2026,2,4,16,MINOR,FIBRA,LINK DOWN,CABLE BROKEN BACKBONE,network_002,branch_015,CLOSED,15.0,13.5,fiber_cable,0
inc_04101,incident_tx_ip,TXNOC,2026,2,4,16,CRITICAL,FIBRA,LINK DOWN,CABLE BROKEN BACKBONE,network_002,branch_003,CLOSED,15.0,7.5,fiber_cable,0
inc_04102,incident_tx_ip,TXNOC,2026,2,4,16,CRITICAL,FIBRA,LINK DOWN,CABLE BROKEN BACKBONE,network_002,branch_003,CLOSED,15.0,5.5,fiber_cable,0
inc_04103,incident_tx_ip,TXNOC,2026,2,4,16,CRITICAL,FIBRA,LINK DOWN,CABLE BROKEN BACKBONE,network_002,branch_018,CLOSED,21.0,8.0,fiber_cable,0
inc_04104,incident_tx_ip,TXNOC,2026,2,4,16,CRITICAL,FIBRA,LINK DOWN,CABLE BROKEN BACKBONE,network_002,branch_001,CLOSED,15.0,6.5,fiber_cable,0
inc_04105,incident_tx_ip,TXNOC,2026,2,4,16,CRITICAL,FIBRA,LINK DOWN,CABLE BROKEN BACKBONE,network_002,branch_008,CLOSED,15.0,3.5,fiber_cable,0
inc_04106,incident_tx_ip,TXNOC,2026,2,4,16,CRITICAL,FIBRA,LINK DOWN,CABLE BROKEN BACKBONE,network_002,branch_015,CLOSED,15.0,2.33,fiber_cable,0
inc_04107,incident_tx_ip,TXNOC,2026,2,4,16,CRITICAL,FIBRA,LINK DOWN,CABLE BROKEN BACKBONE,network_002,branch_006,CLOSED,15.0,0.0,fiber_cable,0
inc_04108,incident_tx_ip,TXNOC,2026,2,4,16,CRITICAL,FIBRA,LINK DOWN,ATTENUATION OVER THRESHOLD,network_002,branch_003,CLOSED,15.0,0.0,fiber_cable,0
inc_04109,incident_tx_ip,TXNOC,2026,2,4,16,CRITICAL,FIBRA,LINK DOWN,CABLE BROKEN BACKBONE,network_002,branch_004,CLOSED,15.0,10.0,fiber_cable,0
inc_04110,incident_tx_ip,TXNOC,2026,2,4,16,CRITICAL,FIBRA,ATTENUATION,ATTENUATION OVER THRESHOLD,network_002,branch_008,CLOSED,15.0,0.5,attenuation,0
inc_04111,incident_tx_ip,TXNOC,2026,2,4,16,CRITICAL,FIBRA,ATTENUATION,ATTENUATION OVER THRESHOLD,network_002,branch_015,CLOSED,15.0,0.5,attenuation,0
inc_04112,incident_tx_ip,TXNOC,2026,2,4,16,CRITICAL,FIBRA,LINK DOWN,IN SITE,network_002,branch_014,CLOSED,15.0,13.0,attenuation,0
inc_04113,incident_tx_ip,TXNOC,2026,2,4,16,CRITICAL,FIBRA,LINK DOWN,CABLE BROKEN ACCESS,network_002,branch_008,CLOSED,15.0,10.0,fiber_cable,0
inc_04114,incident_tx_ip,TXNOC,2026,2,4,16,CRITICAL,FIBRA,LINK DOWN,CABLE BROKEN BACKBONE,network_002,branch_018,CLOSED,21.0,3.05,fiber_cable,0
inc_04115,incident_tx_ip,TXNOC,2026,2,4,16,CRITICAL,FIBRA,LINK DOWN,CABLE BROKEN BACKBONE,network_002,branch_010,CLOSED,15.0,6.38,fiber_cable,0
inc_04116,incident_tx_ip,TXNOC,2026,2,4,16,CRITICAL,FIBRA,LINK DOWN,CABLE BROKEN BACKBONE,network_002,branch_014,CLOSED,15.0,4.28,fiber_cable,0
inc_04117,incident_tx_ip,TXNOC,2026,2,4,16,CRITICAL,FIBRA,LINK DOWN,CABLE BROKEN BACKBONE,network_002,branch_010,CLOSED,15.0,1.5,attenuation,0
inc_04118,incident_tx_ip,TXNOC,2026,2,4,16,CRITICAL,FIBRA,LINK DOWN,CABLE BROKEN BACKBONE,network_002,branch_010,CLOSED,14.0,3.5,fiber_cable,0
inc_04119,incident_tx_ip,TXNOC,2026,2,4,16,CRITICAL,FIBRA,LINK DOWN,CABLE BROKEN BACKBONE,network_002,branch_012,CLOSED,15.0,14.35,attenuation,0
inc_04120,incident_tx_ip,TXNOC,2026,2,4,16,CRITICAL,FIBRA,LINK DOWN,CABLE BROKEN BACKBONE,network_002,branch_001,CLOSED,15.0,4.95,fiber_cable,0
inc_04121,incident_tx_ip,TXNOC,2026,2,4,16,CRITICAL,FIBRA,LINK DOWN,CABLE BROKEN BACKBONE,network_002,branch_018,CLOSED,21.0,23.7,fiber_cable,1
inc_04122,incident_tx_ip,TXNOC,2026,2,4,16,CRITICAL,FIBRA,LINK DOWN,CABLE BROKEN BACKBONE,network_002,branch_034,CLOSED,14.0,7.23,fiber_cable,0
inc_04123,incident_tx_ip,TXNOC,2026,2,4,16,CRITICAL,FIBRA,LINK DOWN,CABLE BROKEN BACKBONE,network_002,branch_011,CLOSED,14.0,8.13,fiber_cable,0
inc_04124,incident_tx_ip,TXNOC,2026,2,4,16,CRITICAL,FIBRA,LINK DOWN,CABLE BROKEN BACKBONE,network_002,branch_018,CLOSED,21.0,37.77,fiber_cable,1
inc_04125,incident_tx_ip,TXNOC,2026,2,4,16,CRITICAL,FIBRA,LINK DOWN,CABLE BROKEN ACCESS,network_002,branch_017,CLOSED,15.0,7.0,fiber_cable,0
inc_04126,incident_tx_ip,TXNOC,2026,2,4,16,CRITICAL,FIBRA,ATTENUATION,ATTENUATION NEAR TO THRESHOLD,network_002,branch_011,CLOSED,14.0,40.0,attenuation,1
inc_04127,incident_tx_ip,TXNOC,2026,2,4,16,CRITICAL,FIBRA,ATTENUATION,ATTENUATION OVER THRESHOLD,network_002,branch_002,CLOSED,15.0,5.5,attenuation,0
inc_04128,incident_tx_ip,TXNOC,2026,2,4,17,CRITICAL,FIBRA,LINK DOWN,CABLE BROKEN BACKBONE,network_002,branch_003,CLOSED,15.0,4.5,fiber_cable,0
inc_04129,incident_tx_ip,TXNOC,2026,2,4,17,CRITICAL,FIBRA,LINK DOWN,CABLE BROKEN BACKBONE,network_002,branch_011,CLOSED,14.0,20.0,fiber_cable,1
inc_04130,incident_tx_ip,TXNOC,2026,2,4,17,CRITICAL,FIBRA,ATTENUATION,ATTENUATION OVER THRESHOLD,network_002,branch_006,CLOSED,13.0,90.0,attenuation,1
inc_04131,incident_tx_ip,TXNOC,2026,2,4,17,CRITICAL,FIBRA,LINK DOWN,CABLE BROKEN BACKBONE,network_002,branch_001,CLOSED,15.0,10.0,fiber_cable,0
inc_04132,incident_tx_ip,TXNOC,2026,2,4,17,CRITICAL,FIBRA,LINK DOWN,CABLE BROKEN BACKBONE,network_002,branch_012,CLOSED,15.0,5.08,attenuation,0
inc_04133,incident_tx_ip,TXNOC,2026,2,4,17,CRITICAL,FIBRA,LINK DOWN,CABLE BROKEN BACKBONE,network_002,branch_012,CLOSED,15.0,17.0,fiber_cable,1
inc_04134,incident_tx_ip,TXNOC,2026,2,4,17,CRITICAL,MICROWAVE,LINK DOWN,IN SITE,network_001,branch_029,CONTINUE,15.0,2.0,link_down,0
inc_04135,incident_tx_ip,TXNOC,2026,2,4,17,CRITICAL,FIBRA,ATTENUATION,CABLE BROKEN BACKBONE,network_002,branch_015,CLOSED,15.0,73.0,attenuation,1
inc_04136,incident_tx_ip,TXNOC,2026,2,4,17,CRITICAL,FIBRA,LINK DOWN,CABLE BROKEN BACKBONE,network_002,branch_001,CLOSED,15.0,10.0,attenuation,0
inc_04137,incident_tx_ip,TXNOC,2026,2,5,17,CRITICAL,FIBRA,LINK DOWN,CABLE BROKEN BACKBONE,network_002,branch_015,CLOSED,15.0,4.5,fiber_cable,0
inc_04138,incident_tx_ip,TXNOC,2026,2,5,17,CRITICAL,FIBRA,LINK DOWN,CABLE BROKEN BACKBONE,network_002,branch_005,CLOSED,15.0,3.0,fiber_cable,0
inc_04139,incident_tx_ip,TXNOC,2026,2,5,17,CRITICAL,FIBRA,LINK DOWN,CABLE BROKEN BACKBONE,network_002,branch_002,CLOSED,15.0,7.5,fiber_cable,0
inc_04140,incident_tx_ip,TXNOC,2026,2,5,17,CRITICAL,FIBRA,LINK DOWN,CABLE BROKEN BACKBONE,network_002,branch_003,CLOSED,15.0,4.55,fiber_cable,0
inc_04141,incident_tx_ip,TXNOC,2026,2,5,17,CRITICAL,FIBRA,LINK DOWN,CABLE BROKEN BACKBONE,network_002,branch_003,CLOSED,15.0,1.02,attenuation,0
inc_04142,incident_tx_ip,TXNOC,2026,2,5,17,CRITICAL,FIBRA,LINK DOWN,CABLE BROKEN BACKBONE,network_002,branch_006,CLOSED,13.0,0.0,fiber_cable,0
inc_04143,incident_tx_ip,TXNOC,2026,2,5,17,CRITICAL,FIBRA,ATTENUATION,ATTENUATION OVER THRESHOLD,network_002,branch_006,CLOSED,13.0,4.0,attenuation,0
inc_04144,incident_tx_ip,TXNOC,2026,2,5,17,CRITICAL,MICROWAVE,BAD PERFORMANCE,IN SITE,network_001,branch_023,CONTINUE,15.0,10.0,other,0
inc_04145,incident_tx_ip,TXNOC,2026,2,5,17,CRITICAL,FIBRA,LINK DOWN,CABLE BROKEN BACKBONE,network_002,branch_010,CLOSED,14.0,2.5,fiber_cable,0
inc_04146,incident_tx_ip,TXNOC,2026,2,5,17,CRITICAL,FIBRA,LINK DOWN,CABLE BROKEN BACKBONE,network_002,branch_020,CLOSED,15.0,2.0,fiber_cable,0
inc_04147,incident_tx_ip,TXNOC,2026,2,5,17,CRITICAL,FIBRA,LINK DOWN,CABLE BROKEN BACKBONE,network_002,branch_018,CLOSED,15.0,0.78,fiber_cable,0
inc_04148,incident_tx_ip,TXNOC,2026,2,5,17,CRITICAL,FIBRA,LINK DOWN,CABLE BROKEN BACKBONE,network_002,branch_007,CLOSED,15.0,5.0,fiber_cable,0
inc_04149,incident_tx_ip,TXNOC,2026,2,5,17,MAJOR,MICROWAVE,BAD PERFORMANCE,IN SITE,network_001,branch_004,CLOSED,16.0,4.0,other,0
inc_04150,incident_tx_ip,TXNOC,2026,2,5,17,MAJOR,MICROWAVE,BAD PERFORMANCE,IN SITE,network_001,branch_012,CLOSED,15.0,30.0,other,1
inc_04151,incident_tx_ip,TXNOC,2026,2,5,17,MAJOR,MICROWAVE,BAD PERFORMANCE,IN SITE,network_001,branch_008,CONTINUE,15.0,10.0,other,0
inc_04152,incident_tx_ip,TXNOC,2026,2,5,17,CRITICAL,FIBRA,LINK DOWN,CABLE BROKEN BACKBONE,network_002,branch_018,CLOSED,21.0,4.5,fiber_cable,0
inc_04153,incident_tx_ip,TXNOC,2026,2,5,17,CRITICAL,FIBRA,LINK DOWN,CABLE BROKEN BACKBONE,network_002,branch_018,CLOSED,21.0,1.47,fiber_cable,0
inc_04154,incident_tx_ip,TXNOC,2026,2,5,17,CRITICAL,FIBRA,LINK DOWN,CABLE BROKEN BACKBONE,network_002,branch_007,CLOSED,15.0,1.75,fiber_cable,0
inc_04155,incident_tx_ip,TXNOC,2026,2,5,17,CRITICAL,FIBRA,LINK DOWN,CABLE BROKEN BACKBONE,network_002,branch_016,CLOSED,20.0,3.0,fiber_cable,0
inc_04156,incident_tx_ip,TXNOC,2026,2,5,17,CRITICAL,FIBRA,ATTENUATION,ATTENUATION OVER THRESHOLD,network_002,branch_003,CONTINUE,15.0,9.5,attenuation,0
inc_04157,incident_tx_ip,TXNOC,2026,2,5,17,CRITICAL,FIBRA,ATTENUATION,ATTENUATION OVER THRESHOLD,network_002,branch_001,CLOSED,16.0,4.5,attenuation,0
inc_04158,incident_tx_ip,TXNOC,2026,2,5,17,CRITICAL,FIBRA,LINK DOWN,ATTENUATION OVER THRESHOLD,network_002,branch_018,CLOSED,15.0,2.5,fiber_cable,0
inc_04159,incident_tx_ip,TXNOC,2026,2,5,17,CRITICAL,FIBRA,LINK DOWN,ATTENUATION OVER THRESHOLD,network_002,branch_018,CLOSED,15.0,7.17,fiber_cable,0
inc_04160,incident_tx_ip,TXNOC,2026,2,5,17,CRITICAL,FIBRA,LINK DOWN,ATTENUATION OVER THRESHOLD,network_002,branch_011,CLOSED,17.0,6.33,fiber_cable,0
inc_04161,incident_tx_ip,TXNOC,2026,2,5,17,CRITICAL,FIBRA,LINK DOWN,ATTENUATION OVER THRESHOLD,network_002,branch_003,CLOSED,15.0,1.33,fiber_cable,0
inc_04162,incident_tx_ip,TXNOC,2026,2,5,17,CRITICAL,FIBRA,LINK DOWN,ATTENUATION OVER THRESHOLD,network_002,branch_002,CLOSED,15.0,1.5,fiber_cable,0
inc_04163,incident_tx_ip,TXNOC,2026,2,5,17,CRITICAL,FIBRA,LINK DOWN,ATTENUATION OVER THRESHOLD,network_002,branch_004,CLOSED,15.0,1.5,fiber_cable,0
inc_04164,incident_tx_ip,TXNOC,2026,2,5,17,CRITICAL,FIBRA,ATTENUATION,IN SITE,network_002,branch_021,CLOSED,7.0,0.0,attenuation,0
inc_04165,incident_tx_ip,TXNOC,2026,2,5,17,CRITICAL,FIBRA,LINK DOWN,CABLE BROKEN BACKBONE,network_002,branch_015,CLOSED,15.0,0.0,fiber_cable,0
inc_04166,incident_tx_ip,TXNOC,2026,2,5,17,CRITICAL,FIBRA,LINK DOWN,CABLE BROKEN BACKBONE,network_002,branch_016,CLOSED,15.0,4.3,fiber_cable,0
inc_04167,incident_tx_ip,TXNOC,2026,2,5,17,CRITICAL,FIBRA,LINK DOWN,CABLE BROKEN BACKBONE,network_002,branch_003,CLOSED,15.0,4.47,fiber_cable,0
inc_04168,incident_tx_ip,TXNOC,2026,2,5,17,CRITICAL,FIBRA,LINK DOWN,CABLE BROKEN BACKBONE,network_002,branch_006,CLOSED,15.0,0.58,fiber_cable,0
inc_04169,incident_tx_ip,TXNOC,2026,2,5,17,CRITICAL,FIBRA,LINK DOWN,CABLE BROKEN BACKBONE,network_002,branch_004,CLOSED,15.0,11.17,fiber_cable,0
inc_04170,incident_tx_ip,TXNOC,2026,2,5,17,CRITICAL,FIBRA,LINK DOWN,CABLE BROKEN BACKBONE,network_002,branch_018,CLOSED,21.0,60.0,fiber_cable,1
inc_04171,incident_tx_ip,TXNOC,2026,2,5,17,CRITICAL,FIBRA,LINK DOWN,CABLE BROKEN BACKBONE,network_002,branch_012,CLOSED,17.0,6.67,fiber_cable,0
inc_04172,incident_tx_ip,TXNOC,2026,2,5,17,CRITICAL,FIBRA,LINK DOWN,CABLE BROKEN BACKBONE,network_002,branch_001,CLOSED,16.0,4.25,fiber_cable,0
inc_04173,incident_tx_ip,TXNOC,2026,2,5,17,CRITICAL,FIBRA,LINK DOWN,CABLE BROKEN BACKBONE,network_002,branch_002,CLOSED,14.0,9.0,fiber_cable,0
inc_04174,incident_tx_ip,TXNOC,2026,2,5,17,CRITICAL,FIBRA,LINK DOWN,CABLE BROKEN BACKBONE,network_002,branch_014,CLOSED,15.0,2.17,fiber_cable,0
inc_04175,incident_tx_ip,TXNOC,2026,2,5,17,CRITICAL,FIBRA,LINK DOWN,CABLE BROKEN BACKBONE,network_002,branch_030,CLOSED,30.0,0.0,fiber_cable,0
inc_04176,incident_tx_ip,TXNOC,2026,2,5,18,CRITICAL,FIBRA,LINK DOWN,CABLE BROKEN BACKBONE,network_002,branch_003,CLOSED,15.0,4.15,fiber_cable,0
inc_04177,incident_tx_ip,TXNOC,2026,2,5,18,CRITICAL,FIBRA,LINK DOWN,CABLE BROKEN BACKBONE,network_002,branch_002,CLOSED,15.0,5.88,fiber_cable,0
inc_04178,incident_tx_ip,TXNOC,2026,2,5,18,CRITICAL,FIBRA,LINK DOWN,CABLE BROKEN BACKBONE,network_002,branch_009,CLOSED,15.0,2.92,fiber_cable,0
inc_04179,incident_tx_ip,TXNOC,2026,2,5,18,CRITICAL,FIBRA,LINK DOWN,CABLE BROKEN BACKBONE,network_002,branch_018,CLOSED,21.0,2.62,fiber_cable,0
inc_04180,incident_tx_ip,TXNOC,2026,2,5,18,CRITICAL,FIBRA,LINK DOWN,CABLE BROKEN BACKBONE,network_002,branch_004,CLOSED,15.0,3.63,fiber_cable,0
inc_04181,incident_tx_ip,TXNOC,2026,2,5,18,CRITICAL,FIBRA,LINK DOWN,CABLE BROKEN BACKBONE,network_002,branch_010,CLOSED,15.0,0.0,fiber_cable,0
inc_04182,incident_tx_ip,TXNOC,2026,2,5,18,CRITICAL,FIBRA,LINK DOWN,CABLE BROKEN BACKBONE,network_002,branch_022,CLOSED,15.0,0.0,fiber_cable,0
inc_04183,incident_tx_ip,TXNOC,2026,2,5,18,CRITICAL,FIBRA,LINK DOWN,CABLE BROKEN BACKBONE,network_002,branch_018,CLOSED,21.0,5.0,fiber_cable,0
inc_04184,incident_tx_ip,TXNOC,2026,2,5,18,CRITICAL,FIBRA,LINK DOWN,CABLE BROKEN BACKBONE,network_002,branch_017,CLOSED,15.0,6.0,attenuation,0
inc_04185,incident_tx_ip,TXNOC,2026,2,5,18,CRITICAL,FIBRA,LINK DOWN,CABLE BROKEN BACKBONE,network_002,branch_005,CLOSED,15.0,6.0,fiber_cable,0
inc_04186,incident_tx_ip,TXNOC,2026,2,5,18,CRITICAL,FIBRA,LINK DOWN,CABLE BROKEN BACKBONE,network_002,branch_018,CLOSED,20.0,2.33,fiber_cable,0
inc_04187,incident_tx_ip,TXNOC,2026,2,5,18,MAJOR,MICROWAVE,BAD PERFORMANCE,IN SITE,network_001,branch_001,CONTINUE,17.0,0.5,link_down,0
inc_04188,incident_tx_ip,TXNOC,2026,2,5,18,MAJOR,MICROWAVE,LINK DOWN,IN SITE,network_001,branch_023,CLOSED,15.0,0.0,link_down,0
inc_04189,incident_tx_ip,TXNOC,2026,2,5,18,CRITICAL,FIBRA,LINK DOWN,IN SITE,network_002,branch_018,CLOSED,21.0,60.88,fiber_cable,1
inc_04190,incident_tx_ip,TXNOC,2026,2,5,18,CRITICAL,FIBRA,LINK DOWN,CABLE BROKEN BACKBONE,network_002,branch_008,CLOSED,15.0,8.97,fiber_cable,0
inc_04191,incident_tx_ip,TXNOC,2026,2,5,18,CRITICAL,FIBRA,LINK DOWN,CABLE BROKEN BACKBONE,network_002,branch_002,CLOSED,15.0,15.0,fiber_cable,0
inc_04192,incident_tx_ip,TXNOC,2026,2,5,18,CRITICAL,FIBRA,LINK DOWN,CABLE BROKEN BACKBONE,network_002,branch_016,CLOSED,18.0,6.67,fiber_cable,0
inc_04193,incident_tx_ip,TXNOC,2026,2,5,18,CRITICAL,FIBRA,LINK DOWN,CABLE BROKEN BACKBONE,network_002,branch_018,CLOSED,21.0,5.27,fiber_cable,0
inc_04194,incident_tx_ip,TXNOC,2026,2,5,18,CRITICAL,FIBRA,LINK DOWN,CABLE BROKEN BACKBONE,network_002,branch_003,CLOSED,15.0,2.77,fiber_cable,0
inc_04195,incident_tx_ip,TXNOC,2026,2,5,18,CRITICAL,FIBRA,ATTENUATION,ATTENUATION OVER THRESHOLD,network_002,branch_001,CLOSED,15.0,8.32,attenuation,0
inc_04196,incident_tx_ip,TXNOC,2026,2,5,18,CRITICAL,FIBRA,ATTENUATION,ATTENUATION OVER THRESHOLD,network_002,branch_003,CONTINUE,15.0,0.0,attenuation,0
inc_04197,incident_tx_ip,TXNOC,2026,2,5,18,CRITICAL,FIBRA,LINK DOWN,CABLE BROKEN BACKBONE,network_002,branch_004,CLOSED,15.0,0.0,fiber_cable,0
inc_04198,incident_tx_ip,TXNOC,2026,2,5,18,CRITICAL,FIBRA,LINK DOWN,CABLE BROKEN BACKBONE,network_002,branch_009,CLOSED,15.0,0.5,fiber_cable,0
inc_04199,incident_tx_ip,TXNOC,2026,2,5,18,CRITICAL,FIBRA,LINK DOWN,CABLE BROKEN BACKBONE,network_002,branch_003,CLOSED,15.0,8.58,fiber_cable,0
inc_04200,incident_tx_ip,TXNOC,2026,2,5,18,CRITICAL,FIBRA,LINK DOWN,CABLE BROKEN BACKBONE,network_002,branch_007,CLOSED,15.0,13.0,fiber_cable,0
inc_04201,incident_tx_ip,TXNOC,2026,2,5,18,CRITICAL,FIBRA,LINK DOWN,CABLE BROKEN BACKBONE,network_002,branch_016,CLOSED,15.0,6.17,fiber_cable,0
inc_04202,incident_tx_ip,TXNOC,2026,2,5,18,CRITICAL,FIBRA,LINK DOWN,CABLE BROKEN ACCESS,network_002,branch_006,CLOSED,17.0,0.0,fiber_cable,0
inc_04203,incident_tx_ip,TXNOC,2026,2,5,18,CRITICAL,FIBRA,ATTENUATION,ATTENUATION NEAR TO THRESHOLD,network_002,branch_003,CONTINUE,15.0,10.0,attenuation,0
inc_04204,incident_tx_ip,TXNOC,2026,2,5,18,CRITICAL,FIBRA,ATTENUATION,ATTENUATION NEAR TO THRESHOLD,network_002,branch_003,CLOSED,16.0,6.5,attenuation,0
inc_04205,incident_tx_ip,TXNOC,2026,2,5,18,CRITICAL,FIBRA,ATTENUATION,ATTENUATION NEAR TO THRESHOLD,network_002,branch_018,CLOSED,16.0,5.5,attenuation,0
inc_04206,incident_tx_ip,TXNOC,2026,2,5,18,CRITICAL,FIBRA,ATTENUATION,CABLE BROKEN BACKBONE,network_002,branch_007,CLOSED,15.0,25.0,attenuation,1
inc_04207,incident_tx_ip,TXNOC,2026,2,5,18,CRITICAL,FIBRA,ATTENUATION,CABLE BROKEN BACKBONE,network_002,branch_002,CONTINUE,15.0,0.0,attenuation,0
inc_04208,incident_tx_ip,TXNOC,2026,2,5,18,CRITICAL,MICROWAVE,LINK DOWN,IN SITE,network_001,branch_008,CLOSED,7.0,0.5,power_energy,0
inc_04209,incident_tx_ip,TXNOC,2026,2,5,18,CRITICAL,FIBRA,LINK DOWN,CABLE BROKEN BACKBONE,network_002,branch_014,CLOSED,15.0,5.28,fiber_cable,0
inc_04210,incident_tx_ip,TXNOC,2026,2,5,18,CRITICAL,FIBRA,ATTENUATION,CABLE BROKEN BACKBONE,network_002,branch_012,CLOSED,15.0,8.58,attenuation,0
inc_04211,incident_tx_ip,TXNOC,2026,2,5,19,CRITICAL,FIBRA,LINK DOWN,CABLE BROKEN BACKBONE,network_002,branch_012,CLOSED,16.0,4.0,fiber_cable,0
inc_04212,incident_tx_ip,TXNOC,2026,2,5,19,CRITICAL,FIBRA,LINK DOWN,CABLE BROKEN BACKBONE,network_002,branch_030,CONTINUE,12.0,10.0,fiber_cable,0
inc_04213,incident_tx_ip,TXNOC,2026,2,5,19,CRITICAL,FIBRA,LINK DOWN,CABLE BROKEN BACKBONE,network_002,branch_018,CLOSED,14.0,8.47,fiber_cable,0
inc_04214,incident_tx_ip,TXNOC,2026,2,5,19,CRITICAL,MICROWAVE,BAD PERFORMANCE,IN SITE,network_001,branch_006,CONTINUE,15.0,10.0,other,0
inc_04215,incident_tx_ip,TXNOC,2026,2,5,19,CRITICAL,MICROWAVE,BAD PERFORMANCE,IN SITE,network_001,branch_012,CONTINUE,15.0,10.0,other,0
